<?xml version="1.0" encoding="UTF-8"?>
<gpx creator="Wikiloc - https://www.wikiloc.com" version="1.1" xmlns="http://www.topografix.com/GPX/1/1" xmlns:xsi="http://www.w3.org/2001/XMLSchema-instance" xsi:schemaLocation="http://www.topografix.com/GPX/1/1 http://www.topografix.com/GPX/1/1/gpx.xsd">
  <metadata>
    <name>Wikiloc - LEGATE (870 m) desde LEKAROZ</name>
    <author>
      <name>RUTAS por el MONTE BLOG</name>
      <link href="https://www.wikiloc.com/wikiloc/user.do?id=4600824">
        <text>RUTAS por el MONTE BLOG on Wikiloc</text>
      </link>
    </author>
    <link href="https://www.wikiloc.com/hiking-trails/legate-870-m-desde-lekaroz-105856169">
      <text>LEGATE (870 m) desde LEKAROZ on Wikiloc</text>
    </link>
    <time>2022-06-19T12:44:42Z</time>
  </metadata>
  <wpt lat="43.145412" lon="-1.539608">
    <ele>246.3</ele>
    <time>2022-06-19T09:59:35Z</time>
    <name>Lekaroz</name>
    <cmt></cmt>
    <desc></desc>
  </wpt>
  <wpt lat="43.145955" lon="-1.539722">
    <ele>248.4</ele>
    <time>2022-06-19T10:00:33Z</time>
    <name>Fuente</name>
    <cmt></cmt>
    <desc></desc>
  </wpt>
  <wpt lat="43.146485" lon="-1.539940">
    <ele>244.5</ele>
    <time>2022-06-19T10:01:33Z</time>
    <name>Recto ligeramente izquierda</name>
    <cmt></cmt>
    <desc></desc>
  </wpt>
  <wpt lat="43.147348" lon="-1.540568">
    <ele>239.2</ele>
    <time>2022-06-19T10:03:02Z</time>
    <name>Recto pista cementada</name>
    <cmt></cmt>
    <desc></desc>
  </wpt>
  <wpt lat="43.151515" lon="-1.542742">
    <ele>211.8</ele>
    <time>2022-06-19T10:10:47Z</time>
    <name>Borda</name>
    <cmt></cmt>
    <desc></desc>
  </wpt>
  <wpt lat="43.152045" lon="-1.543037">
    <ele>229.4</ele>
    <time>2022-06-19T10:11:36Z</time>
    <name>Paso canadiense y luego izquierda</name>
    <cmt></cmt>
    <desc></desc>
  </wpt>
  <wpt lat="43.152217" lon="-1.543828">
    <ele>221.1</ele>
    <time>2022-06-19T10:13:06Z</time>
    <name>Recto ascenso</name>
    <cmt></cmt>
    <desc></desc>
  </wpt>
  <wpt lat="43.152833" lon="-1.545852">
    <ele>250.7</ele>
    <time>2022-06-19T10:16:22Z</time>
    <name>Recto, seguir subiendo</name>
    <cmt></cmt>
    <desc></desc>
  </wpt>
  <wpt lat="43.155228" lon="-1.550975">
    <ele>351.6</ele>
    <time>2022-06-19T10:25:46Z</time>
    <name>Izquierda</name>
    <cmt></cmt>
    <desc></desc>
  </wpt>
  <wpt lat="43.156952" lon="-1.553793">
    <ele>409.5</ele>
    <time>2022-06-19T10:32:23Z</time>
    <name>Derecha</name>
    <cmt></cmt>
    <desc></desc>
  </wpt>
  <wpt lat="43.158523" lon="-1.554648">
    <ele>459.9</ele>
    <time>2022-06-19T10:38:40Z</time>
    <name>Derecha</name>
    <cmt></cmt>
    <desc></desc>
  </wpt>
  <wpt lat="43.160537" lon="-1.554773">
    <ele>527.6</ele>
    <time>2022-06-19T10:46:03Z</time>
    <name>Pequeño llano</name>
    <cmt></cmt>
    <desc></desc>
  </wpt>
  <wpt lat="43.161193" lon="-1.555558">
    <ele>527.8</ele>
    <time>2022-06-19T10:48:07Z</time>
    <name>Seguir pista ascendente</name>
    <cmt></cmt>
    <desc></desc>
  </wpt>
  <wpt lat="43.165335" lon="-1.559480">
    <ele>601.0</ele>
    <time>2022-06-19T10:59:35Z</time>
    <name>Derecha en ascenso</name>
    <cmt></cmt>
    <desc></desc>
  </wpt>
  <wpt lat="43.166138" lon="-1.559883">
    <ele>620.0</ele>
    <time>2022-06-19T11:03:33Z</time>
    <name>Recto sendero estrecho</name>
    <cmt></cmt>
    <desc></desc>
  </wpt>
  <wpt lat="43.169515" lon="-1.564118">
    <ele>711.0</ele>
    <time>2022-06-19T11:17:46Z</time>
    <name>Derecha, 180 grados</name>
    <cmt></cmt>
    <desc></desc>
  </wpt>
  <wpt lat="43.170053" lon="-1.563005">
    <ele>733.0</ele>
    <time>2022-06-19T11:21:03Z</time>
    <name>Izquierda</name>
    <cmt></cmt>
    <desc></desc>
  </wpt>
  <wpt lat="43.170930" lon="-1.564078">
    <ele>770.6</ele>
    <time>2022-06-19T11:26:40Z</time>
    <name>Via crucis</name>
    <cmt></cmt>
    <desc></desc>
  </wpt>
  <wpt lat="43.171192" lon="-1.564322">
    <ele>780.7</ele>
    <time>2022-06-19T11:28:37Z</time>
    <name>Menhir legate</name>
    <cmt></cmt>
    <desc></desc>
  </wpt>
  <wpt lat="43.172743" lon="-1.567460">
    <ele>846.1</ele>
    <time>2022-06-19T11:36:41Z</time>
    <name>Cruz y antena</name>
    <cmt></cmt>
    <desc></desc>
  </wpt>
  <wpt lat="43.173882" lon="-1.567507">
    <ele>871.9</ele>
    <time>2022-06-19T11:39:44Z</time>
    <name>Legate</name>
    <cmt></cmt>
    <desc></desc>
  </wpt>
  <trk>
    <name>LEGATE (870 m) desde LEKAROZ</name>
    <cmt>Bonita y sencilla ruta de senderismo al monte Legate (870 m) desde Lekaroz (Navarra). Estamos ante una ruta de ida y vuelta, con unos 10 km que completamos en alrededor de 3 horas y que discurre mayormente por pista. Sin embargo, nosotros tomamos un pequeño tramo por sendero que en épocas de primavera-verano puede estar algo cerrado por las zarzas, por lo que conviene prestar atención a este punto. En caso de estar muy cerrado se puede rodear este tramo, siguiendo la pista, aunque se alarga ligeramente el trayecto. 
Una vez arriba las vistas son preciosas hacia los montes de la zona, destacando el cercano Aizkolegi.</cmt>
    <desc>Bonita y sencilla ruta de senderismo al monte Legate (870 m) desde Lekaroz (Navarra). Estamos ante una ruta de ida y vuelta, con unos 10 km que completamos en alrededor de 3 horas y que discurre mayormente por pista. Sin embargo, nosotros tomamos un pequeño tramo por sendero que en épocas de primavera-verano puede estar algo cerrado por las zarzas, por lo que conviene prestar atención a este punto. En caso de estar muy cerrado se puede rodear este tramo, siguiendo la pista, aunque se alarga ligeramente el trayecto. 
Una vez arriba las vistas son preciosas hacia los montes de la zona, destacando el cercano Aizkolegi.</desc>
    <trkseg>
      <trkpt lat="43.145428" lon="-1.539663">
        <ele>246.651</ele>
        <time>2022-06-19T09:59:17Z</time>
      </trkpt>
      <trkpt lat="43.145285" lon="-1.539651">
        <ele>246.601</ele>
        <time>2022-06-19T09:59:29Z</time>
      </trkpt>
      <trkpt lat="43.145412" lon="-1.539608">
        <ele>246.611</ele>
        <time>2022-06-19T09:59:31Z</time>
      </trkpt>
      <trkpt lat="43.145369" lon="-1.539710">
        <ele>246.609</ele>
        <time>2022-06-19T09:59:36Z</time>
      </trkpt>
      <trkpt lat="43.145409" lon="-1.539785">
        <ele>246.686</ele>
        <time>2022-06-19T09:59:39Z</time>
      </trkpt>
      <trkpt lat="43.145462" lon="-1.539752">
        <ele>246.685</ele>
        <time>2022-06-19T09:59:42Z</time>
      </trkpt>
      <trkpt lat="43.145505" lon="-1.539729">
        <ele>246.690</ele>
        <time>2022-06-19T09:59:44Z</time>
      </trkpt>
      <trkpt lat="43.145552" lon="-1.539707">
        <ele>246.613</ele>
        <time>2022-06-19T09:59:47Z</time>
      </trkpt>
      <trkpt lat="43.145600" lon="-1.539679">
        <ele>246.690</ele>
        <time>2022-06-19T09:59:52Z</time>
      </trkpt>
      <trkpt lat="43.145652" lon="-1.539667">
        <ele>246.691</ele>
        <time>2022-06-19T09:59:56Z</time>
      </trkpt>
      <trkpt lat="43.145699" lon="-1.539680">
        <ele>246.656</ele>
        <time>2022-06-19T10:00:00Z</time>
      </trkpt>
      <trkpt lat="43.145747" lon="-1.539702">
        <ele>246.691</ele>
        <time>2022-06-19T10:00:05Z</time>
      </trkpt>
      <trkpt lat="43.145800" lon="-1.539692">
        <ele>246.684</ele>
        <time>2022-06-19T10:00:10Z</time>
      </trkpt>
      <trkpt lat="43.145855" lon="-1.539692">
        <ele>246.651</ele>
        <time>2022-06-19T10:00:14Z</time>
      </trkpt>
      <trkpt lat="43.145907" lon="-1.539690">
        <ele>246.601</ele>
        <time>2022-06-19T10:00:18Z</time>
      </trkpt>
      <trkpt lat="43.145955" lon="-1.539722">
        <ele>246.611</ele>
        <time>2022-06-19T10:00:22Z</time>
      </trkpt>
      <trkpt lat="43.146015" lon="-1.539719">
        <ele>246.609</ele>
        <time>2022-06-19T10:00:35Z</time>
      </trkpt>
      <trkpt lat="43.146055" lon="-1.539759">
        <ele>246.616</ele>
        <time>2022-06-19T10:00:39Z</time>
      </trkpt>
      <trkpt lat="43.146097" lon="-1.539801">
        <ele>246.645</ele>
        <time>2022-06-19T10:00:43Z</time>
      </trkpt>
      <trkpt lat="43.146145" lon="-1.539784">
        <ele>246.610</ele>
        <time>2022-06-19T10:00:49Z</time>
      </trkpt>
      <trkpt lat="43.146195" lon="-1.539789">
        <ele>246.673</ele>
        <time>2022-06-19T10:00:52Z</time>
      </trkpt>
      <trkpt lat="43.146247" lon="-1.539794">
        <ele>246.680</ele>
        <time>2022-06-19T10:00:55Z</time>
      </trkpt>
      <trkpt lat="43.146299" lon="-1.539824">
        <ele>246.621</ele>
        <time>2022-06-19T10:01:02Z</time>
      </trkpt>
      <trkpt lat="43.146347" lon="-1.539829">
        <ele>246.696</ele>
        <time>2022-06-19T10:01:07Z</time>
      </trkpt>
      <trkpt lat="43.146399" lon="-1.539876">
        <ele>246.611</ele>
        <time>2022-06-19T10:01:11Z</time>
      </trkpt>
      <trkpt lat="43.146442" lon="-1.539911">
        <ele>246.654</ele>
        <time>2022-06-19T10:01:15Z</time>
      </trkpt>
      <trkpt lat="43.146485" lon="-1.539941">
        <ele>246.635</ele>
        <time>2022-06-19T10:01:21Z</time>
      </trkpt>
      <trkpt lat="43.146542" lon="-1.539941">
        <ele>246.686</ele>
        <time>2022-06-19T10:01:34Z</time>
      </trkpt>
      <trkpt lat="43.146562" lon="-1.540008">
        <ele>241.814</ele>
        <time>2022-06-19T10:01:37Z</time>
      </trkpt>
      <trkpt lat="43.146547" lon="-1.540080">
        <ele>240.809</ele>
        <time>2022-06-19T10:01:42Z</time>
      </trkpt>
      <trkpt lat="43.146560" lon="-1.540143">
        <ele>243.424</ele>
        <time>2022-06-19T10:01:49Z</time>
      </trkpt>
      <trkpt lat="43.146587" lon="-1.540195">
        <ele>246.063</ele>
        <time>2022-06-19T10:01:53Z</time>
      </trkpt>
      <trkpt lat="43.146644" lon="-1.540223">
        <ele>246.018</ele>
        <time>2022-06-19T10:01:56Z</time>
      </trkpt>
      <trkpt lat="43.146704" lon="-1.540198">
        <ele>244.381</ele>
        <time>2022-06-19T10:01:59Z</time>
      </trkpt>
      <trkpt lat="43.146746" lon="-1.540175">
        <ele>243.718</ele>
        <time>2022-06-19T10:02:02Z</time>
      </trkpt>
      <trkpt lat="43.146794" lon="-1.540198">
        <ele>244.249</ele>
        <time>2022-06-19T10:02:06Z</time>
      </trkpt>
      <trkpt lat="43.146837" lon="-1.540246">
        <ele>244.924</ele>
        <time>2022-06-19T10:02:10Z</time>
      </trkpt>
      <trkpt lat="43.146867" lon="-1.540298">
        <ele>245.249</ele>
        <time>2022-06-19T10:02:14Z</time>
      </trkpt>
      <trkpt lat="43.146904" lon="-1.540348">
        <ele>243.612</ele>
        <time>2022-06-19T10:02:19Z</time>
      </trkpt>
      <trkpt lat="43.146931" lon="-1.540418">
        <ele>242.981</ele>
        <time>2022-06-19T10:02:23Z</time>
      </trkpt>
      <trkpt lat="43.146979" lon="-1.540438">
        <ele>244.561</ele>
        <time>2022-06-19T10:02:28Z</time>
      </trkpt>
      <trkpt lat="43.147024" lon="-1.540463">
        <ele>245.017</ele>
        <time>2022-06-19T10:02:32Z</time>
      </trkpt>
      <trkpt lat="43.147062" lon="-1.540501">
        <ele>243.309</ele>
        <time>2022-06-19T10:02:35Z</time>
      </trkpt>
      <trkpt lat="43.147110" lon="-1.540513">
        <ele>243.199</ele>
        <time>2022-06-19T10:02:40Z</time>
      </trkpt>
      <trkpt lat="43.147157" lon="-1.540505">
        <ele>244.418</ele>
        <time>2022-06-19T10:02:44Z</time>
      </trkpt>
      <trkpt lat="43.147204" lon="-1.540488">
        <ele>244.313</ele>
        <time>2022-06-19T10:02:47Z</time>
      </trkpt>
      <trkpt lat="43.147257" lon="-1.540516">
        <ele>241.936</ele>
        <time>2022-06-19T10:02:51Z</time>
      </trkpt>
      <trkpt lat="43.147300" lon="-1.540568">
        <ele>238.813</ele>
        <time>2022-06-19T10:02:55Z</time>
      </trkpt>
      <trkpt lat="43.147348" lon="-1.540570">
        <ele>239.234</ele>
        <time>2022-06-19T10:02:58Z</time>
      </trkpt>
      <trkpt lat="43.147395" lon="-1.540595">
        <ele>235.029</ele>
        <time>2022-06-19T10:03:23Z</time>
      </trkpt>
      <trkpt lat="43.147453" lon="-1.540610">
        <ele>234.824</ele>
        <time>2022-06-19T10:03:27Z</time>
      </trkpt>
      <trkpt lat="43.147505" lon="-1.540623">
        <ele>234.167</ele>
        <time>2022-06-19T10:03:32Z</time>
      </trkpt>
      <trkpt lat="43.147553" lon="-1.540645">
        <ele>234.014</ele>
        <time>2022-06-19T10:03:36Z</time>
      </trkpt>
      <trkpt lat="43.147596" lon="-1.540668">
        <ele>233.654</ele>
        <time>2022-06-19T10:03:39Z</time>
      </trkpt>
      <trkpt lat="43.147651" lon="-1.540691">
        <ele>233.509</ele>
        <time>2022-06-19T10:03:44Z</time>
      </trkpt>
      <trkpt lat="43.147696" lon="-1.540724">
        <ele>234.109</ele>
        <time>2022-06-19T10:03:49Z</time>
      </trkpt>
      <trkpt lat="43.147741" lon="-1.540757">
        <ele>233.682</ele>
        <time>2022-06-19T10:03:53Z</time>
      </trkpt>
      <trkpt lat="43.147779" lon="-1.540800">
        <ele>232.931</ele>
        <time>2022-06-19T10:03:56Z</time>
      </trkpt>
      <trkpt lat="43.147821" lon="-1.540853">
        <ele>232.476</ele>
        <time>2022-06-19T10:03:59Z</time>
      </trkpt>
      <trkpt lat="43.147848" lon="-1.540903">
        <ele>231.899</ele>
        <time>2022-06-19T10:04:03Z</time>
      </trkpt>
      <trkpt lat="43.147853" lon="-1.540968">
        <ele>231.166</ele>
        <time>2022-06-19T10:04:07Z</time>
      </trkpt>
      <trkpt lat="43.147898" lon="-1.541005">
        <ele>231.657</ele>
        <time>2022-06-19T10:04:11Z</time>
      </trkpt>
      <trkpt lat="43.147943" lon="-1.541030">
        <ele>231.492</ele>
        <time>2022-06-19T10:04:14Z</time>
      </trkpt>
      <trkpt lat="43.147976" lon="-1.541080">
        <ele>230.597</ele>
        <time>2022-06-19T10:04:18Z</time>
      </trkpt>
      <trkpt lat="43.148013" lon="-1.541128">
        <ele>230.350</ele>
        <time>2022-06-19T10:04:22Z</time>
      </trkpt>
      <trkpt lat="43.148041" lon="-1.541186">
        <ele>230.126</ele>
        <time>2022-06-19T10:04:26Z</time>
      </trkpt>
      <trkpt lat="43.148068" lon="-1.541244">
        <ele>230.847</ele>
        <time>2022-06-19T10:04:30Z</time>
      </trkpt>
      <trkpt lat="43.148090" lon="-1.541304">
        <ele>230.011</ele>
        <time>2022-06-19T10:04:34Z</time>
      </trkpt>
      <trkpt lat="43.148125" lon="-1.541366">
        <ele>229.609</ele>
        <time>2022-06-19T10:04:38Z</time>
      </trkpt>
      <trkpt lat="43.148158" lon="-1.541423">
        <ele>229.863</ele>
        <time>2022-06-19T10:04:43Z</time>
      </trkpt>
      <trkpt lat="43.148200" lon="-1.541463">
        <ele>228.972</ele>
        <time>2022-06-19T10:04:47Z</time>
      </trkpt>
      <trkpt lat="43.148243" lon="-1.541493">
        <ele>228.357</ele>
        <time>2022-06-19T10:04:51Z</time>
      </trkpt>
      <trkpt lat="43.148290" lon="-1.541506">
        <ele>228.190</ele>
        <time>2022-06-19T10:04:55Z</time>
      </trkpt>
      <trkpt lat="43.148337" lon="-1.541511">
        <ele>227.887</ele>
        <time>2022-06-19T10:04:59Z</time>
      </trkpt>
      <trkpt lat="43.148385" lon="-1.541524">
        <ele>227.728</ele>
        <time>2022-06-19T10:05:04Z</time>
      </trkpt>
      <trkpt lat="43.148432" lon="-1.541547">
        <ele>227.413</ele>
        <time>2022-06-19T10:05:09Z</time>
      </trkpt>
      <trkpt lat="43.148480" lon="-1.541562">
        <ele>228.438</ele>
        <time>2022-06-19T10:05:13Z</time>
      </trkpt>
      <trkpt lat="43.148528" lon="-1.541582">
        <ele>228.491</ele>
        <time>2022-06-19T10:05:16Z</time>
      </trkpt>
      <trkpt lat="43.148568" lon="-1.541610">
        <ele>227.695</ele>
        <time>2022-06-19T10:05:20Z</time>
      </trkpt>
      <trkpt lat="43.148621" lon="-1.541648">
        <ele>227.549</ele>
        <time>2022-06-19T10:05:24Z</time>
      </trkpt>
      <trkpt lat="43.148664" lon="-1.541691">
        <ele>226.023</ele>
        <time>2022-06-19T10:05:29Z</time>
      </trkpt>
      <trkpt lat="43.148707" lon="-1.541721">
        <ele>225.509</ele>
        <time>2022-06-19T10:05:32Z</time>
      </trkpt>
      <trkpt lat="43.148750" lon="-1.541749">
        <ele>224.420</ele>
        <time>2022-06-19T10:05:36Z</time>
      </trkpt>
      <trkpt lat="43.148803" lon="-1.541756">
        <ele>224.729</ele>
        <time>2022-06-19T10:05:39Z</time>
      </trkpt>
      <trkpt lat="43.148848" lon="-1.541784">
        <ele>225.294</ele>
        <time>2022-06-19T10:05:43Z</time>
      </trkpt>
      <trkpt lat="43.148903" lon="-1.541801">
        <ele>223.177</ele>
        <time>2022-06-19T10:05:48Z</time>
      </trkpt>
      <trkpt lat="43.148951" lon="-1.541816">
        <ele>224.484</ele>
        <time>2022-06-19T10:05:53Z</time>
      </trkpt>
      <trkpt lat="43.149001" lon="-1.541843">
        <ele>223.585</ele>
        <time>2022-06-19T10:06:09Z</time>
      </trkpt>
      <trkpt lat="43.149193" lon="-1.541855">
        <ele>216.590</ele>
        <time>2022-06-19T10:06:27Z</time>
      </trkpt>
      <trkpt lat="43.149245" lon="-1.541875">
        <ele>215.625</ele>
        <time>2022-06-19T10:06:32Z</time>
      </trkpt>
      <trkpt lat="43.149293" lon="-1.541885">
        <ele>215.758</ele>
        <time>2022-06-19T10:06:35Z</time>
      </trkpt>
      <trkpt lat="43.149338" lon="-1.541905">
        <ele>216.859</ele>
        <time>2022-06-19T10:06:39Z</time>
      </trkpt>
      <trkpt lat="43.149385" lon="-1.541915">
        <ele>216.303</ele>
        <time>2022-06-19T10:06:43Z</time>
      </trkpt>
      <trkpt lat="43.149435" lon="-1.541925">
        <ele>216.323</ele>
        <time>2022-06-19T10:06:48Z</time>
      </trkpt>
      <trkpt lat="43.149487" lon="-1.541910">
        <ele>216.909</ele>
        <time>2022-06-19T10:06:52Z</time>
      </trkpt>
      <trkpt lat="43.149542" lon="-1.541912">
        <ele>217.166</ele>
        <time>2022-06-19T10:06:56Z</time>
      </trkpt>
      <trkpt lat="43.149594" lon="-1.541932">
        <ele>217.175</ele>
        <time>2022-06-19T10:07:00Z</time>
      </trkpt>
      <trkpt lat="43.149644" lon="-1.541954">
        <ele>218.230</ele>
        <time>2022-06-19T10:07:05Z</time>
      </trkpt>
      <trkpt lat="43.149691" lon="-1.541987">
        <ele>218.593</ele>
        <time>2022-06-19T10:07:09Z</time>
      </trkpt>
      <trkpt lat="43.149738" lon="-1.542000">
        <ele>219.080</ele>
        <time>2022-06-19T10:07:14Z</time>
      </trkpt>
      <trkpt lat="43.149825" lon="-1.542018">
        <ele>220.721</ele>
        <time>2022-06-19T10:07:26Z</time>
      </trkpt>
      <trkpt lat="43.149925" lon="-1.542026">
        <ele>220.366</ele>
        <time>2022-06-19T10:07:35Z</time>
      </trkpt>
      <trkpt lat="43.149970" lon="-1.542061">
        <ele>220.471</ele>
        <time>2022-06-19T10:07:41Z</time>
      </trkpt>
      <trkpt lat="43.150030" lon="-1.542089">
        <ele>219.874</ele>
        <time>2022-06-19T10:07:46Z</time>
      </trkpt>
      <trkpt lat="43.150057" lon="-1.542141">
        <ele>219.482</ele>
        <time>2022-06-19T10:07:51Z</time>
      </trkpt>
      <trkpt lat="43.150100" lon="-1.542193">
        <ele>218.343</ele>
        <time>2022-06-19T10:07:56Z</time>
      </trkpt>
      <trkpt lat="43.150110" lon="-1.542258">
        <ele>218.417</ele>
        <time>2022-06-19T10:08:01Z</time>
      </trkpt>
      <trkpt lat="43.150142" lon="-1.542316">
        <ele>218.409</ele>
        <time>2022-06-19T10:08:05Z</time>
      </trkpt>
      <trkpt lat="43.150179" lon="-1.542363">
        <ele>218.699</ele>
        <time>2022-06-19T10:08:09Z</time>
      </trkpt>
      <trkpt lat="43.150222" lon="-1.542403">
        <ele>219.018</ele>
        <time>2022-06-19T10:08:14Z</time>
      </trkpt>
      <trkpt lat="43.150272" lon="-1.542440">
        <ele>220.093</ele>
        <time>2022-06-19T10:08:19Z</time>
      </trkpt>
      <trkpt lat="43.150319" lon="-1.542472">
        <ele>220.186</ele>
        <time>2022-06-19T10:08:23Z</time>
      </trkpt>
      <trkpt lat="43.150369" lon="-1.542469">
        <ele>220.913</ele>
        <time>2022-06-19T10:08:28Z</time>
      </trkpt>
      <trkpt lat="43.150422" lon="-1.542466">
        <ele>221.644</ele>
        <time>2022-06-19T10:08:32Z</time>
      </trkpt>
      <trkpt lat="43.150475" lon="-1.542498">
        <ele>221.189</ele>
        <time>2022-06-19T10:08:36Z</time>
      </trkpt>
      <trkpt lat="43.150520" lon="-1.542495">
        <ele>222.434</ele>
        <time>2022-06-19T10:08:42Z</time>
      </trkpt>
      <trkpt lat="43.150572" lon="-1.542487">
        <ele>222.417</ele>
        <time>2022-06-19T10:08:46Z</time>
      </trkpt>
      <trkpt lat="43.150737" lon="-1.542454">
        <ele>220.655</ele>
        <time>2022-06-19T10:08:57Z</time>
      </trkpt>
      <trkpt lat="43.150802" lon="-1.542431">
        <ele>219.707</ele>
        <time>2022-06-19T10:09:01Z</time>
      </trkpt>
      <trkpt lat="43.150849" lon="-1.542453">
        <ele>220.317</ele>
        <time>2022-06-19T10:09:04Z</time>
      </trkpt>
      <trkpt lat="43.150899" lon="-1.542471">
        <ele>221.209</ele>
        <time>2022-06-19T10:09:08Z</time>
      </trkpt>
      <trkpt lat="43.150944" lon="-1.542473">
        <ele>221.156</ele>
        <time>2022-06-19T10:09:12Z</time>
      </trkpt>
      <trkpt lat="43.151001" lon="-1.542471">
        <ele>220.685</ele>
        <time>2022-06-19T10:09:16Z</time>
      </trkpt>
      <trkpt lat="43.151053" lon="-1.542504">
        <ele>219.320</ele>
        <time>2022-06-19T10:09:21Z</time>
      </trkpt>
      <trkpt lat="43.151101" lon="-1.542507">
        <ele>219.283</ele>
        <time>2022-06-19T10:09:25Z</time>
      </trkpt>
      <trkpt lat="43.151143" lon="-1.542545">
        <ele>218.470</ele>
        <time>2022-06-19T10:09:29Z</time>
      </trkpt>
      <trkpt lat="43.151190" lon="-1.542563">
        <ele>217.271</ele>
        <time>2022-06-19T10:09:33Z</time>
      </trkpt>
      <trkpt lat="43.151233" lon="-1.542585">
        <ele>214.896</ele>
        <time>2022-06-19T10:09:37Z</time>
      </trkpt>
      <trkpt lat="43.151263" lon="-1.542635">
        <ele>213.641</ele>
        <time>2022-06-19T10:10:15Z</time>
      </trkpt>
      <trkpt lat="43.151323" lon="-1.542657">
        <ele>213.054</ele>
        <time>2022-06-19T10:10:19Z</time>
      </trkpt>
      <trkpt lat="43.151358" lon="-1.542699">
        <ele>214.499</ele>
        <time>2022-06-19T10:10:25Z</time>
      </trkpt>
      <trkpt lat="43.151413" lon="-1.542721">
        <ele>213.607</ele>
        <time>2022-06-19T10:10:30Z</time>
      </trkpt>
      <trkpt lat="43.151470" lon="-1.542726">
        <ele>211.427</ele>
        <time>2022-06-19T10:10:34Z</time>
      </trkpt>
      <trkpt lat="43.151517" lon="-1.542743">
        <ele>211.809</ele>
        <time>2022-06-19T10:10:39Z</time>
      </trkpt>
      <trkpt lat="43.151584" lon="-1.542741">
        <ele>213.430</ele>
        <time>2022-06-19T10:10:49Z</time>
      </trkpt>
      <trkpt lat="43.151629" lon="-1.542744">
        <ele>212.819</ele>
        <time>2022-06-19T10:10:51Z</time>
      </trkpt>
      <trkpt lat="43.151676" lon="-1.542766">
        <ele>215.554</ele>
        <time>2022-06-19T10:10:56Z</time>
      </trkpt>
      <trkpt lat="43.151719" lon="-1.542806">
        <ele>218.967</ele>
        <time>2022-06-19T10:11:01Z</time>
      </trkpt>
      <trkpt lat="43.151764" lon="-1.542854">
        <ele>219.514</ele>
        <time>2022-06-19T10:11:05Z</time>
      </trkpt>
      <trkpt lat="43.151812" lon="-1.542884">
        <ele>220.425</ele>
        <time>2022-06-19T10:11:09Z</time>
      </trkpt>
      <trkpt lat="43.151867" lon="-1.542897">
        <ele>222.770</ele>
        <time>2022-06-19T10:11:14Z</time>
      </trkpt>
      <trkpt lat="43.151914" lon="-1.542932">
        <ele>224.995</ele>
        <time>2022-06-19T10:11:18Z</time>
      </trkpt>
      <trkpt lat="43.151961" lon="-1.542952">
        <ele>226.368</ele>
        <time>2022-06-19T10:11:22Z</time>
      </trkpt>
      <trkpt lat="43.152003" lon="-1.543009">
        <ele>227.623</ele>
        <time>2022-06-19T10:11:26Z</time>
      </trkpt>
      <trkpt lat="43.152048" lon="-1.543037">
        <ele>229.483</ele>
        <time>2022-06-19T10:11:33Z</time>
      </trkpt>
      <trkpt lat="43.152068" lon="-1.543094">
        <ele>227.911</ele>
        <time>2022-06-19T10:11:44Z</time>
      </trkpt>
      <trkpt lat="43.152111" lon="-1.543139">
        <ele>226.309</ele>
        <time>2022-06-19T10:11:58Z</time>
      </trkpt>
      <trkpt lat="43.152156" lon="-1.543156">
        <ele>226.053</ele>
        <time>2022-06-19T10:12:03Z</time>
      </trkpt>
      <trkpt lat="43.152189" lon="-1.543198">
        <ele>225.472</ele>
        <time>2022-06-19T10:12:07Z</time>
      </trkpt>
      <trkpt lat="43.152232" lon="-1.543235">
        <ele>224.857</ele>
        <time>2022-06-19T10:12:13Z</time>
      </trkpt>
      <trkpt lat="43.152240" lon="-1.543302">
        <ele>225.550</ele>
        <time>2022-06-19T10:12:20Z</time>
      </trkpt>
      <trkpt lat="43.152245" lon="-1.543369">
        <ele>224.847</ele>
        <time>2022-06-19T10:12:24Z</time>
      </trkpt>
      <trkpt lat="43.152237" lon="-1.543444">
        <ele>224.878</ele>
        <time>2022-06-19T10:12:28Z</time>
      </trkpt>
      <trkpt lat="43.152210" lon="-1.543494">
        <ele>223.413</ele>
        <time>2022-06-19T10:12:36Z</time>
      </trkpt>
      <trkpt lat="43.152203" lon="-1.543562">
        <ele>219.898</ele>
        <time>2022-06-19T10:12:42Z</time>
      </trkpt>
      <trkpt lat="43.152205" lon="-1.543627">
        <ele>218.351</ele>
        <time>2022-06-19T10:12:46Z</time>
      </trkpt>
      <trkpt lat="43.152210" lon="-1.543697">
        <ele>219.212</ele>
        <time>2022-06-19T10:12:49Z</time>
      </trkpt>
      <trkpt lat="43.152207" lon="-1.543769">
        <ele>219.532</ele>
        <time>2022-06-19T10:12:53Z</time>
      </trkpt>
      <trkpt lat="43.152219" lon="-1.543831">
        <ele>221.105</ele>
        <time>2022-06-19T10:12:57Z</time>
      </trkpt>
      <trkpt lat="43.152211" lon="-1.543899">
        <ele>229.009</ele>
        <time>2022-06-19T10:13:16Z</time>
      </trkpt>
      <trkpt lat="43.152236" lon="-1.543961">
        <ele>227.592</ele>
        <time>2022-06-19T10:13:22Z</time>
      </trkpt>
      <trkpt lat="43.152256" lon="-1.544021">
        <ele>226.211</ele>
        <time>2022-06-19T10:13:26Z</time>
      </trkpt>
      <trkpt lat="43.152256" lon="-1.544101">
        <ele>227.166</ele>
        <time>2022-06-19T10:13:30Z</time>
      </trkpt>
      <trkpt lat="43.152264" lon="-1.544166">
        <ele>229.889</ele>
        <time>2022-06-19T10:13:34Z</time>
      </trkpt>
      <trkpt lat="43.152249" lon="-1.544229">
        <ele>231.466</ele>
        <time>2022-06-19T10:13:38Z</time>
      </trkpt>
      <trkpt lat="43.152251" lon="-1.544301">
        <ele>233.517</ele>
        <time>2022-06-19T10:13:43Z</time>
      </trkpt>
      <trkpt lat="43.152264" lon="-1.544378">
        <ele>235.222</ele>
        <time>2022-06-19T10:13:48Z</time>
      </trkpt>
      <trkpt lat="43.152279" lon="-1.544455">
        <ele>236.277</ele>
        <time>2022-06-19T10:13:53Z</time>
      </trkpt>
      <trkpt lat="43.152297" lon="-1.544520">
        <ele>235.530</ele>
        <time>2022-06-19T10:13:57Z</time>
      </trkpt>
      <trkpt lat="43.152307" lon="-1.544590">
        <ele>234.668</ele>
        <time>2022-06-19T10:14:01Z</time>
      </trkpt>
      <trkpt lat="43.152309" lon="-1.544652">
        <ele>235.142</ele>
        <time>2022-06-19T10:14:05Z</time>
      </trkpt>
      <trkpt lat="43.152349" lon="-1.544695">
        <ele>235.226</ele>
        <time>2022-06-19T10:14:09Z</time>
      </trkpt>
      <trkpt lat="43.152374" lon="-1.544763">
        <ele>233.209</ele>
        <time>2022-06-19T10:14:15Z</time>
      </trkpt>
      <trkpt lat="43.152424" lon="-1.544821">
        <ele>233.717</ele>
        <time>2022-06-19T10:14:22Z</time>
      </trkpt>
      <trkpt lat="43.152434" lon="-1.544883">
        <ele>233.816</ele>
        <time>2022-06-19T10:14:26Z</time>
      </trkpt>
      <trkpt lat="43.152452" lon="-1.544943">
        <ele>233.551</ele>
        <time>2022-06-19T10:14:32Z</time>
      </trkpt>
      <trkpt lat="43.152494" lon="-1.544998">
        <ele>235.644</ele>
        <time>2022-06-19T10:14:37Z</time>
      </trkpt>
      <trkpt lat="43.152531" lon="-1.545051">
        <ele>237.911</ele>
        <time>2022-06-19T10:14:42Z</time>
      </trkpt>
      <trkpt lat="43.152526" lon="-1.545159">
        <ele>245.292</ele>
        <time>2022-06-19T10:15:07Z</time>
      </trkpt>
      <trkpt lat="43.152556" lon="-1.545206">
        <ele>246.517</ele>
        <time>2022-06-19T10:15:22Z</time>
      </trkpt>
      <trkpt lat="43.152584" lon="-1.545268">
        <ele>246.872</ele>
        <time>2022-06-19T10:15:28Z</time>
      </trkpt>
      <trkpt lat="43.152584" lon="-1.545331">
        <ele>248.765</ele>
        <time>2022-06-19T10:15:32Z</time>
      </trkpt>
      <trkpt lat="43.152627" lon="-1.545376">
        <ele>250.222</ele>
        <time>2022-06-19T10:15:37Z</time>
      </trkpt>
      <trkpt lat="43.152662" lon="-1.545426">
        <ele>250.662</ele>
        <time>2022-06-19T10:15:41Z</time>
      </trkpt>
      <trkpt lat="43.152690" lon="-1.545481">
        <ele>249.808</ele>
        <time>2022-06-19T10:15:45Z</time>
      </trkpt>
      <trkpt lat="43.152720" lon="-1.545546">
        <ele>248.209</ele>
        <time>2022-06-19T10:15:50Z</time>
      </trkpt>
      <trkpt lat="43.152743" lon="-1.545604">
        <ele>246.123</ele>
        <time>2022-06-19T10:15:55Z</time>
      </trkpt>
      <trkpt lat="43.152768" lon="-1.545666">
        <ele>245.512</ele>
        <time>2022-06-19T10:15:59Z</time>
      </trkpt>
      <trkpt lat="43.152791" lon="-1.545728">
        <ele>247.937</ele>
        <time>2022-06-19T10:16:03Z</time>
      </trkpt>
      <trkpt lat="43.152816" lon="-1.545793">
        <ele>249.760</ele>
        <time>2022-06-19T10:16:08Z</time>
      </trkpt>
      <trkpt lat="43.152834" lon="-1.545855">
        <ele>250.737</ele>
        <time>2022-06-19T10:16:13Z</time>
      </trkpt>
      <trkpt lat="43.152867" lon="-1.545908">
        <ele>253.798</ele>
        <time>2022-06-19T10:16:28Z</time>
      </trkpt>
      <trkpt lat="43.152894" lon="-1.545970">
        <ele>255.233</ele>
        <time>2022-06-19T10:16:33Z</time>
      </trkpt>
      <trkpt lat="43.152889" lon="-1.546033">
        <ele>258.658</ele>
        <time>2022-06-19T10:16:38Z</time>
      </trkpt>
      <trkpt lat="43.152901" lon="-1.546095">
        <ele>262.061</ele>
        <time>2022-06-19T10:16:44Z</time>
      </trkpt>
      <trkpt lat="43.153106" lon="-1.546577">
        <ele>270.753</ele>
        <time>2022-06-19T10:17:23Z</time>
      </trkpt>
      <trkpt lat="43.153358" lon="-1.547199">
        <ele>266.604</ele>
        <time>2022-06-19T10:18:11Z</time>
      </trkpt>
      <trkpt lat="43.153385" lon="-1.547256">
        <ele>267.814</ele>
        <time>2022-06-19T10:18:14Z</time>
      </trkpt>
      <trkpt lat="43.153398" lon="-1.547318">
        <ele>268.609</ele>
        <time>2022-06-19T10:18:18Z</time>
      </trkpt>
      <trkpt lat="43.153411" lon="-1.547385">
        <ele>270.566</ele>
        <time>2022-06-19T10:18:22Z</time>
      </trkpt>
      <trkpt lat="43.153453" lon="-1.547418">
        <ele>273.085</ele>
        <time>2022-06-19T10:18:28Z</time>
      </trkpt>
      <trkpt lat="43.153571" lon="-1.547685">
        <ele>274.260</ele>
        <time>2022-06-19T10:18:52Z</time>
      </trkpt>
      <trkpt lat="43.153623" lon="-1.547835">
        <ele>277.753</ele>
        <time>2022-06-19T10:19:04Z</time>
      </trkpt>
      <trkpt lat="43.153693" lon="-1.547933">
        <ele>281.640</ele>
        <time>2022-06-19T10:19:16Z</time>
      </trkpt>
      <trkpt lat="43.153723" lon="-1.547983">
        <ele>281.731</ele>
        <time>2022-06-19T10:19:20Z</time>
      </trkpt>
      <trkpt lat="43.153750" lon="-1.548033">
        <ele>281.886</ele>
        <time>2022-06-19T10:19:25Z</time>
      </trkpt>
      <trkpt lat="43.153773" lon="-1.548088">
        <ele>281.631</ele>
        <time>2022-06-19T10:19:28Z</time>
      </trkpt>
      <trkpt lat="43.153790" lon="-1.548153">
        <ele>281.734</ele>
        <time>2022-06-19T10:19:33Z</time>
      </trkpt>
      <trkpt lat="43.153817" lon="-1.548230">
        <ele>284.479</ele>
        <time>2022-06-19T10:19:42Z</time>
      </trkpt>
      <trkpt lat="43.153844" lon="-1.548283">
        <ele>285.305</ele>
        <time>2022-06-19T10:19:47Z</time>
      </trkpt>
      <trkpt lat="43.153852" lon="-1.548363">
        <ele>285.925</ele>
        <time>2022-06-19T10:19:51Z</time>
      </trkpt>
      <trkpt lat="43.153889" lon="-1.548418">
        <ele>284.709</ele>
        <time>2022-06-19T10:19:56Z</time>
      </trkpt>
      <trkpt lat="43.153919" lon="-1.548480">
        <ele>285.178</ele>
        <time>2022-06-19T10:20:01Z</time>
      </trkpt>
      <trkpt lat="43.153939" lon="-1.548538">
        <ele>285.427</ele>
        <time>2022-06-19T10:20:07Z</time>
      </trkpt>
      <trkpt lat="43.153967" lon="-1.548590">
        <ele>286.892</ele>
        <time>2022-06-19T10:20:12Z</time>
      </trkpt>
      <trkpt lat="43.154052" lon="-1.548812">
        <ele>289.495</ele>
        <time>2022-06-19T10:20:26Z</time>
      </trkpt>
      <trkpt lat="43.154072" lon="-1.548880">
        <ele>290.182</ele>
        <time>2022-06-19T10:20:32Z</time>
      </trkpt>
      <trkpt lat="43.154075" lon="-1.548943">
        <ele>291.523</ele>
        <time>2022-06-19T10:20:38Z</time>
      </trkpt>
      <trkpt lat="43.154168" lon="-1.549221">
        <ele>293.668</ele>
        <time>2022-06-19T10:21:01Z</time>
      </trkpt>
      <trkpt lat="43.154180" lon="-1.549354">
        <ele>295.543</ele>
        <time>2022-06-19T10:21:07Z</time>
      </trkpt>
      <trkpt lat="43.154215" lon="-1.549576">
        <ele>299.936</ele>
        <time>2022-06-19T10:21:26Z</time>
      </trkpt>
      <trkpt lat="43.154215" lon="-1.549656">
        <ele>302.572</ele>
        <time>2022-06-19T10:21:34Z</time>
      </trkpt>
      <trkpt lat="43.154218" lon="-1.549721">
        <ele>303.513</ele>
        <time>2022-06-19T10:21:38Z</time>
      </trkpt>
      <trkpt lat="43.154246" lon="-1.549804">
        <ele>303.314</ele>
        <time>2022-06-19T10:21:43Z</time>
      </trkpt>
      <trkpt lat="43.154269" lon="-1.549862">
        <ele>303.709</ele>
        <time>2022-06-19T10:21:47Z</time>
      </trkpt>
      <trkpt lat="43.154261" lon="-1.549932">
        <ele>309.588</ele>
        <time>2022-06-19T10:22:07Z</time>
      </trkpt>
      <trkpt lat="43.154296" lon="-1.549972">
        <ele>309.397</ele>
        <time>2022-06-19T10:22:12Z</time>
      </trkpt>
      <trkpt lat="43.154411" lon="-1.550280">
        <ele>309.532</ele>
        <time>2022-06-19T10:22:35Z</time>
      </trkpt>
      <trkpt lat="43.154524" lon="-1.550542">
        <ele>307.655</ele>
        <time>2022-06-19T10:22:56Z</time>
      </trkpt>
      <trkpt lat="43.154577" lon="-1.550620">
        <ele>307.952</ele>
        <time>2022-06-19T10:23:04Z</time>
      </trkpt>
      <trkpt lat="43.154620" lon="-1.550650">
        <ele>311.333</ele>
        <time>2022-06-19T10:23:08Z</time>
      </trkpt>
      <trkpt lat="43.154667" lon="-1.550637">
        <ele>313.238</ele>
        <time>2022-06-19T10:23:12Z</time>
      </trkpt>
      <trkpt lat="43.154709" lon="-1.550599">
        <ele>316.653</ele>
        <time>2022-06-19T10:23:19Z</time>
      </trkpt>
      <trkpt lat="43.154706" lon="-1.550537">
        <ele>318.456</ele>
        <time>2022-06-19T10:23:23Z</time>
      </trkpt>
      <trkpt lat="43.154688" lon="-1.550479">
        <ele>319.298</ele>
        <time>2022-06-19T10:23:27Z</time>
      </trkpt>
      <trkpt lat="43.154698" lon="-1.550409">
        <ele>320.815</ele>
        <time>2022-06-19T10:23:31Z</time>
      </trkpt>
      <trkpt lat="43.154668" lon="-1.550361">
        <ele>323.926</ele>
        <time>2022-06-19T10:23:35Z</time>
      </trkpt>
      <trkpt lat="43.154665" lon="-1.550293">
        <ele>325.909</ele>
        <time>2022-06-19T10:23:42Z</time>
      </trkpt>
      <trkpt lat="43.154688" lon="-1.550233">
        <ele>325.160</ele>
        <time>2022-06-19T10:23:45Z</time>
      </trkpt>
      <trkpt lat="43.154703" lon="-1.550166">
        <ele>325.049</ele>
        <time>2022-06-19T10:23:49Z</time>
      </trkpt>
      <trkpt lat="43.154738" lon="-1.550123">
        <ele>326.084</ele>
        <time>2022-06-19T10:23:52Z</time>
      </trkpt>
      <trkpt lat="43.154773" lon="-1.550083">
        <ele>329.547</ele>
        <time>2022-06-19T10:23:58Z</time>
      </trkpt>
      <trkpt lat="43.154808" lon="-1.550125">
        <ele>331.264</ele>
        <time>2022-06-19T10:24:02Z</time>
      </trkpt>
      <trkpt lat="43.154833" lon="-1.550182">
        <ele>333.765</ele>
        <time>2022-06-19T10:24:07Z</time>
      </trkpt>
      <trkpt lat="43.154866" lon="-1.550244">
        <ele>335.280</ele>
        <time>2022-06-19T10:24:13Z</time>
      </trkpt>
      <trkpt lat="43.154889" lon="-1.550302">
        <ele>336.535</ele>
        <time>2022-06-19T10:24:18Z</time>
      </trkpt>
      <trkpt lat="43.154914" lon="-1.550357">
        <ele>337.558</ele>
        <time>2022-06-19T10:24:23Z</time>
      </trkpt>
      <trkpt lat="43.154944" lon="-1.550407">
        <ele>338.772</ele>
        <time>2022-06-19T10:24:28Z</time>
      </trkpt>
      <trkpt lat="43.154982" lon="-1.550472">
        <ele>339.913</ele>
        <time>2022-06-19T10:24:36Z</time>
      </trkpt>
      <trkpt lat="43.155012" lon="-1.550534">
        <ele>338.214</ele>
        <time>2022-06-19T10:24:41Z</time>
      </trkpt>
      <trkpt lat="43.155057" lon="-1.550592">
        <ele>336.909</ele>
        <time>2022-06-19T10:24:46Z</time>
      </trkpt>
      <trkpt lat="43.155097" lon="-1.550640">
        <ele>335.858</ele>
        <time>2022-06-19T10:24:52Z</time>
      </trkpt>
      <trkpt lat="43.155097" lon="-1.550705">
        <ele>335.087</ele>
        <time>2022-06-19T10:24:57Z</time>
      </trkpt>
      <trkpt lat="43.155124" lon="-1.550765">
        <ele>337.112</ele>
        <time>2022-06-19T10:25:04Z</time>
      </trkpt>
      <trkpt lat="43.155142" lon="-1.550830">
        <ele>339.375</ele>
        <time>2022-06-19T10:25:10Z</time>
      </trkpt>
      <trkpt lat="43.155164" lon="-1.550888">
        <ele>340.682</ele>
        <time>2022-06-19T10:25:15Z</time>
      </trkpt>
      <trkpt lat="43.155186" lon="-1.550958">
        <ele>342.713</ele>
        <time>2022-06-19T10:25:18Z</time>
      </trkpt>
      <trkpt lat="43.155229" lon="-1.550980">
        <ele>351.658</ele>
        <time>2022-06-19T10:25:46Z</time>
      </trkpt>
      <trkpt lat="43.155191" lon="-1.551015">
        <ele>352.463</ele>
        <time>2022-06-19T10:25:48Z</time>
      </trkpt>
      <trkpt lat="43.155243" lon="-1.551033">
        <ele>352.086</ele>
        <time>2022-06-19T10:26:10Z</time>
      </trkpt>
      <trkpt lat="43.155330" lon="-1.551101">
        <ele>351.647</ele>
        <time>2022-06-19T10:26:20Z</time>
      </trkpt>
      <trkpt lat="43.155340" lon="-1.551166">
        <ele>353.229</ele>
        <time>2022-06-19T10:26:25Z</time>
      </trkpt>
      <trkpt lat="43.155358" lon="-1.551223">
        <ele>353.821</ele>
        <time>2022-06-19T10:26:29Z</time>
      </trkpt>
      <trkpt lat="43.155405" lon="-1.551283">
        <ele>355.409</ele>
        <time>2022-06-19T10:26:33Z</time>
      </trkpt>
      <trkpt lat="43.155442" lon="-1.551321">
        <ele>357.035</ele>
        <time>2022-06-19T10:26:36Z</time>
      </trkpt>
      <trkpt lat="43.155457" lon="-1.551381">
        <ele>360.714</ele>
        <time>2022-06-19T10:26:42Z</time>
      </trkpt>
      <trkpt lat="43.155499" lon="-1.551436">
        <ele>362.949</ele>
        <time>2022-06-19T10:26:47Z</time>
      </trkpt>
      <trkpt lat="43.155534" lon="-1.551494">
        <ele>363.572</ele>
        <time>2022-06-19T10:26:53Z</time>
      </trkpt>
      <trkpt lat="43.155562" lon="-1.551546">
        <ele>364.099</ele>
        <time>2022-06-19T10:26:57Z</time>
      </trkpt>
      <trkpt lat="43.155552" lon="-1.551608">
        <ele>363.930</ele>
        <time>2022-06-19T10:27:03Z</time>
      </trkpt>
      <trkpt lat="43.155554" lon="-1.551691">
        <ele>362.565</ele>
        <time>2022-06-19T10:27:07Z</time>
      </trkpt>
      <trkpt lat="43.155576" lon="-1.551773">
        <ele>361.180</ele>
        <time>2022-06-19T10:27:12Z</time>
      </trkpt>
      <trkpt lat="43.155578" lon="-1.551873">
        <ele>364.073</ele>
        <time>2022-06-19T10:27:20Z</time>
      </trkpt>
      <trkpt lat="43.155586" lon="-1.551935">
        <ele>365.075</ele>
        <time>2022-06-19T10:27:23Z</time>
      </trkpt>
      <trkpt lat="43.155604" lon="-1.552010">
        <ele>367.628</ele>
        <time>2022-06-19T10:27:28Z</time>
      </trkpt>
      <trkpt lat="43.155609" lon="-1.552362">
        <ele>368.420</ele>
        <time>2022-06-19T10:27:58Z</time>
      </trkpt>
      <trkpt lat="43.155634" lon="-1.552439">
        <ele>368.009</ele>
        <time>2022-06-19T10:28:02Z</time>
      </trkpt>
      <trkpt lat="43.155619" lon="-1.552509">
        <ele>366.528</ele>
        <time>2022-06-19T10:28:08Z</time>
      </trkpt>
      <trkpt lat="43.155632" lon="-1.552571">
        <ele>366.817</ele>
        <time>2022-06-19T10:28:13Z</time>
      </trkpt>
      <trkpt lat="43.155644" lon="-1.552638">
        <ele>367.612</ele>
        <time>2022-06-19T10:28:17Z</time>
      </trkpt>
      <trkpt lat="43.155649" lon="-1.552700">
        <ele>368.345</ele>
        <time>2022-06-19T10:28:22Z</time>
      </trkpt>
      <trkpt lat="43.155681" lon="-1.552755">
        <ele>369.842</ele>
        <time>2022-06-19T10:28:28Z</time>
      </trkpt>
      <trkpt lat="43.155751" lon="-1.552852">
        <ele>372.073</ele>
        <time>2022-06-19T10:28:37Z</time>
      </trkpt>
      <trkpt lat="43.155778" lon="-1.552922">
        <ele>374.058</ele>
        <time>2022-06-19T10:28:43Z</time>
      </trkpt>
      <trkpt lat="43.155816" lon="-1.553030">
        <ele>378.083</ele>
        <time>2022-06-19T10:28:53Z</time>
      </trkpt>
      <trkpt lat="43.155833" lon="-1.553093">
        <ele>379.836</ele>
        <time>2022-06-19T10:28:59Z</time>
      </trkpt>
      <trkpt lat="43.155860" lon="-1.553145">
        <ele>379.612</ele>
        <time>2022-06-19T10:29:03Z</time>
      </trkpt>
      <trkpt lat="43.155875" lon="-1.553210">
        <ele>379.632</ele>
        <time>2022-06-19T10:29:07Z</time>
      </trkpt>
      <trkpt lat="43.155893" lon="-1.553272">
        <ele>380.205</ele>
        <time>2022-06-19T10:29:12Z</time>
      </trkpt>
      <trkpt lat="43.155916" lon="-1.553329">
        <ele>381.809</ele>
        <time>2022-06-19T10:29:16Z</time>
      </trkpt>
      <trkpt lat="43.155954" lon="-1.553377">
        <ele>383.272</ele>
        <time>2022-06-19T10:29:21Z</time>
      </trkpt>
      <trkpt lat="43.155999" lon="-1.553374">
        <ele>384.151</ele>
        <time>2022-06-19T10:29:28Z</time>
      </trkpt>
      <trkpt lat="43.156046" lon="-1.553369">
        <ele>386.236</ele>
        <time>2022-06-19T10:29:33Z</time>
      </trkpt>
      <trkpt lat="43.156086" lon="-1.553321">
        <ele>388.839</ele>
        <time>2022-06-19T10:29:39Z</time>
      </trkpt>
      <trkpt lat="43.156118" lon="-1.553274">
        <ele>390.796</ele>
        <time>2022-06-19T10:29:44Z</time>
      </trkpt>
      <trkpt lat="43.156161" lon="-1.553249">
        <ele>392.457</ele>
        <time>2022-06-19T10:29:49Z</time>
      </trkpt>
      <trkpt lat="43.156194" lon="-1.553207">
        <ele>395.422</ele>
        <time>2022-06-19T10:29:54Z</time>
      </trkpt>
      <trkpt lat="43.156224" lon="-1.553154">
        <ele>397.037</ele>
        <time>2022-06-19T10:29:58Z</time>
      </trkpt>
      <trkpt lat="43.156256" lon="-1.553109">
        <ele>398.870</ele>
        <time>2022-06-19T10:30:04Z</time>
      </trkpt>
      <trkpt lat="43.156308" lon="-1.553077">
        <ele>398.469</ele>
        <time>2022-06-19T10:30:09Z</time>
      </trkpt>
      <trkpt lat="43.156358" lon="-1.553045">
        <ele>398.704</ele>
        <time>2022-06-19T10:30:15Z</time>
      </trkpt>
      <trkpt lat="43.156393" lon="-1.552998">
        <ele>399.824</ele>
        <time>2022-06-19T10:30:20Z</time>
      </trkpt>
      <trkpt lat="43.156438" lon="-1.553006">
        <ele>399.709</ele>
        <time>2022-06-19T10:30:24Z</time>
      </trkpt>
      <trkpt lat="43.156471" lon="-1.553054">
        <ele>398.787</ele>
        <time>2022-06-19T10:30:29Z</time>
      </trkpt>
      <trkpt lat="43.156513" lon="-1.553122">
        <ele>397.846</ele>
        <time>2022-06-19T10:30:36Z</time>
      </trkpt>
      <trkpt lat="43.156493" lon="-1.553182">
        <ele>399.561</ele>
        <time>2022-06-19T10:30:42Z</time>
      </trkpt>
      <trkpt lat="43.156493" lon="-1.553245">
        <ele>399.534</ele>
        <time>2022-06-19T10:30:47Z</time>
      </trkpt>
      <trkpt lat="43.156505" lon="-1.553317">
        <ele>401.111</ele>
        <time>2022-06-19T10:30:52Z</time>
      </trkpt>
      <trkpt lat="43.156523" lon="-1.553385">
        <ele>401.782</ele>
        <time>2022-06-19T10:30:57Z</time>
      </trkpt>
      <trkpt lat="43.156541" lon="-1.553447">
        <ele>402.427</ele>
        <time>2022-06-19T10:31:01Z</time>
      </trkpt>
      <trkpt lat="43.156566" lon="-1.553504">
        <ele>403.012</ele>
        <time>2022-06-19T10:31:05Z</time>
      </trkpt>
      <trkpt lat="43.156606" lon="-1.553541">
        <ele>403.945</ele>
        <time>2022-06-19T10:31:09Z</time>
      </trkpt>
      <trkpt lat="43.156648" lon="-1.553578">
        <ele>405.184</ele>
        <time>2022-06-19T10:31:14Z</time>
      </trkpt>
      <trkpt lat="43.156691" lon="-1.553626">
        <ele>407.507</ele>
        <time>2022-06-19T10:31:26Z</time>
      </trkpt>
      <trkpt lat="43.156741" lon="-1.553629">
        <ele>408.917</ele>
        <time>2022-06-19T10:31:32Z</time>
      </trkpt>
      <trkpt lat="43.156811" lon="-1.553679">
        <ele>410.809</ele>
        <time>2022-06-19T10:31:40Z</time>
      </trkpt>
      <trkpt lat="43.156854" lon="-1.553706">
        <ele>412.229</ele>
        <time>2022-06-19T10:31:45Z</time>
      </trkpt>
      <trkpt lat="43.156896" lon="-1.553779">
        <ele>410.648</ele>
        <time>2022-06-19T10:31:52Z</time>
      </trkpt>
      <trkpt lat="43.156954" lon="-1.553799">
        <ele>409.523</ele>
        <time>2022-06-19T10:31:56Z</time>
      </trkpt>
      <trkpt lat="43.156967" lon="-1.553729">
        <ele>423.376</ele>
        <time>2022-06-19T10:32:28Z</time>
      </trkpt>
      <trkpt lat="43.157012" lon="-1.553726">
        <ele>423.093</ele>
        <time>2022-06-19T10:32:36Z</time>
      </trkpt>
      <trkpt lat="43.157035" lon="-1.553668">
        <ele>423.314</ele>
        <time>2022-06-19T10:32:39Z</time>
      </trkpt>
      <trkpt lat="43.157068" lon="-1.553608">
        <ele>420.549</ele>
        <time>2022-06-19T10:32:47Z</time>
      </trkpt>
      <trkpt lat="43.157086" lon="-1.553550">
        <ele>419.214</ele>
        <time>2022-06-19T10:32:53Z</time>
      </trkpt>
      <trkpt lat="43.157101" lon="-1.553485">
        <ele>420.237</ele>
        <time>2022-06-19T10:32:59Z</time>
      </trkpt>
      <trkpt lat="43.157131" lon="-1.553430">
        <ele>420.954</ele>
        <time>2022-06-19T10:33:05Z</time>
      </trkpt>
      <trkpt lat="43.157164" lon="-1.553377">
        <ele>421.656</ele>
        <time>2022-06-19T10:33:10Z</time>
      </trkpt>
      <trkpt lat="43.157201" lon="-1.553330">
        <ele>423.611</ele>
        <time>2022-06-19T10:33:15Z</time>
      </trkpt>
      <trkpt lat="43.157239" lon="-1.553295">
        <ele>424.409</ele>
        <time>2022-06-19T10:33:21Z</time>
      </trkpt>
      <trkpt lat="43.157274" lon="-1.553248">
        <ele>423.326</ele>
        <time>2022-06-19T10:33:27Z</time>
      </trkpt>
      <trkpt lat="43.157311" lon="-1.553198">
        <ele>424.435</ele>
        <time>2022-06-19T10:33:33Z</time>
      </trkpt>
      <trkpt lat="43.157329" lon="-1.553140">
        <ele>425.150</ele>
        <time>2022-06-19T10:33:37Z</time>
      </trkpt>
      <trkpt lat="43.157357" lon="-1.553092">
        <ele>427.653</ele>
        <time>2022-06-19T10:33:41Z</time>
      </trkpt>
      <trkpt lat="43.157394" lon="-1.553054">
        <ele>430.440</ele>
        <time>2022-06-19T10:33:46Z</time>
      </trkpt>
      <trkpt lat="43.157442" lon="-1.553037">
        <ele>434.511</ele>
        <time>2022-06-19T10:33:52Z</time>
      </trkpt>
      <trkpt lat="43.157487" lon="-1.553024">
        <ele>433.226</ele>
        <time>2022-06-19T10:34:04Z</time>
      </trkpt>
      <trkpt lat="43.157524" lon="-1.553087">
        <ele>432.471</ele>
        <time>2022-06-19T10:34:10Z</time>
      </trkpt>
      <trkpt lat="43.157532" lon="-1.553159">
        <ele>431.824</ele>
        <time>2022-06-19T10:34:14Z</time>
      </trkpt>
      <trkpt lat="43.157525" lon="-1.553222">
        <ele>431.179</ele>
        <time>2022-06-19T10:34:21Z</time>
      </trkpt>
      <trkpt lat="43.157533" lon="-1.553289">
        <ele>431.405</ele>
        <time>2022-06-19T10:34:26Z</time>
      </trkpt>
      <trkpt lat="43.157571" lon="-1.553346">
        <ele>431.225</ele>
        <time>2022-06-19T10:34:32Z</time>
      </trkpt>
      <trkpt lat="43.157601" lon="-1.553401">
        <ele>431.309</ele>
        <time>2022-06-19T10:34:36Z</time>
      </trkpt>
      <trkpt lat="43.157639" lon="-1.553449">
        <ele>432.428</ele>
        <time>2022-06-19T10:34:41Z</time>
      </trkpt>
      <trkpt lat="43.157677" lon="-1.553496">
        <ele>433.347</ele>
        <time>2022-06-19T10:34:46Z</time>
      </trkpt>
      <trkpt lat="43.157709" lon="-1.553549">
        <ele>434.962</ele>
        <time>2022-06-19T10:34:52Z</time>
      </trkpt>
      <trkpt lat="43.157751" lon="-1.553607">
        <ele>435.845</ele>
        <time>2022-06-19T10:34:58Z</time>
      </trkpt>
      <trkpt lat="43.157789" lon="-1.553645">
        <ele>436.432</ele>
        <time>2022-06-19T10:35:03Z</time>
      </trkpt>
      <trkpt lat="43.157822" lon="-1.553702">
        <ele>436.623</ele>
        <time>2022-06-19T10:35:09Z</time>
      </trkpt>
      <trkpt lat="43.157862" lon="-1.553749">
        <ele>438.888</ele>
        <time>2022-06-19T10:35:17Z</time>
      </trkpt>
      <trkpt lat="43.157895" lon="-1.553796">
        <ele>440.723</ele>
        <time>2022-06-19T10:35:21Z</time>
      </trkpt>
      <trkpt lat="43.157938" lon="-1.553844">
        <ele>444.126</ele>
        <time>2022-06-19T10:35:28Z</time>
      </trkpt>
      <trkpt lat="43.157963" lon="-1.553906">
        <ele>447.584</ele>
        <time>2022-06-19T10:36:58Z</time>
      </trkpt>
      <trkpt lat="43.158001" lon="-1.553949">
        <ele>446.907</ele>
        <time>2022-06-19T10:37:02Z</time>
      </trkpt>
      <trkpt lat="43.158044" lon="-1.553979">
        <ele>446.717</ele>
        <time>2022-06-19T10:37:06Z</time>
      </trkpt>
      <trkpt lat="43.158082" lon="-1.554019">
        <ele>446.909</ele>
        <time>2022-06-19T10:37:11Z</time>
      </trkpt>
      <trkpt lat="43.158115" lon="-1.554064">
        <ele>446.679</ele>
        <time>2022-06-19T10:37:15Z</time>
      </trkpt>
      <trkpt lat="43.158158" lon="-1.554109">
        <ele>446.928</ele>
        <time>2022-06-19T10:37:20Z</time>
      </trkpt>
      <trkpt lat="43.158196" lon="-1.554147">
        <ele>447.663</ele>
        <time>2022-06-19T10:37:25Z</time>
      </trkpt>
      <trkpt lat="43.158233" lon="-1.554187">
        <ele>447.856</ele>
        <time>2022-06-19T10:37:30Z</time>
      </trkpt>
      <trkpt lat="43.158268" lon="-1.554232">
        <ele>447.913</ele>
        <time>2022-06-19T10:37:35Z</time>
      </trkpt>
      <trkpt lat="43.158301" lon="-1.554287">
        <ele>448.364</ele>
        <time>2022-06-19T10:37:41Z</time>
      </trkpt>
      <trkpt lat="43.158326" lon="-1.554344">
        <ele>449.349</ele>
        <time>2022-06-19T10:37:46Z</time>
      </trkpt>
      <trkpt lat="43.158361" lon="-1.554391">
        <ele>449.324</ele>
        <time>2022-06-19T10:37:52Z</time>
      </trkpt>
      <trkpt lat="43.158389" lon="-1.554456">
        <ele>450.457</ele>
        <time>2022-06-19T10:37:57Z</time>
      </trkpt>
      <trkpt lat="43.158421" lon="-1.554514">
        <ele>451.959</ele>
        <time>2022-06-19T10:38:03Z</time>
      </trkpt>
      <trkpt lat="43.158456" lon="-1.554556">
        <ele>454.103</ele>
        <time>2022-06-19T10:38:09Z</time>
      </trkpt>
      <trkpt lat="43.158478" lon="-1.554618">
        <ele>458.623</ele>
        <time>2022-06-19T10:38:26Z</time>
      </trkpt>
      <trkpt lat="43.158520" lon="-1.554656">
        <ele>459.909</ele>
        <time>2022-06-19T10:38:31Z</time>
      </trkpt>
      <trkpt lat="43.158562" lon="-1.554693">
        <ele>462.516</ele>
        <time>2022-06-19T10:38:44Z</time>
      </trkpt>
      <trkpt lat="43.158604" lon="-1.554668">
        <ele>465.225</ele>
        <time>2022-06-19T10:38:52Z</time>
      </trkpt>
      <trkpt lat="43.158629" lon="-1.554613">
        <ele>466.290</ele>
        <time>2022-06-19T10:38:55Z</time>
      </trkpt>
      <trkpt lat="43.158661" lon="-1.554551">
        <ele>467.093</ele>
        <time>2022-06-19T10:39:00Z</time>
      </trkpt>
      <trkpt lat="43.158693" lon="-1.554504">
        <ele>469.760</ele>
        <time>2022-06-19T10:39:06Z</time>
      </trkpt>
      <trkpt lat="43.158736" lon="-1.554464">
        <ele>471.471</ele>
        <time>2022-06-19T10:39:12Z</time>
      </trkpt>
      <trkpt lat="43.158774" lon="-1.554402">
        <ele>472.766</ele>
        <time>2022-06-19T10:39:21Z</time>
      </trkpt>
      <trkpt lat="43.159019" lon="-1.553544">
        <ele>495.471</ele>
        <time>2022-06-19T10:40:42Z</time>
      </trkpt>
      <trkpt lat="43.159042" lon="-1.553476">
        <ele>496.114</ele>
        <time>2022-06-19T10:40:46Z</time>
      </trkpt>
      <trkpt lat="43.159067" lon="-1.553418">
        <ele>497.081</ele>
        <time>2022-06-19T10:40:50Z</time>
      </trkpt>
      <trkpt lat="43.159110" lon="-1.553383">
        <ele>495.961</ele>
        <time>2022-06-19T10:40:57Z</time>
      </trkpt>
      <trkpt lat="43.159153" lon="-1.553403">
        <ele>496.017</ele>
        <time>2022-06-19T10:41:03Z</time>
      </trkpt>
      <trkpt lat="43.159221" lon="-1.553420">
        <ele>494.009</ele>
        <time>2022-06-19T10:41:16Z</time>
      </trkpt>
      <trkpt lat="43.159324" lon="-1.553522">
        <ele>492.089</ele>
        <time>2022-06-19T10:41:34Z</time>
      </trkpt>
      <trkpt lat="43.159357" lon="-1.553582">
        <ele>491.178</ele>
        <time>2022-06-19T10:41:40Z</time>
      </trkpt>
      <trkpt lat="43.159402" lon="-1.553600">
        <ele>491.173</ele>
        <time>2022-06-19T10:41:44Z</time>
      </trkpt>
      <trkpt lat="43.159440" lon="-1.553635">
        <ele>491.176</ele>
        <time>2022-06-19T10:41:49Z</time>
      </trkpt>
      <trkpt lat="43.159473" lon="-1.553678">
        <ele>491.253</ele>
        <time>2022-06-19T10:41:53Z</time>
      </trkpt>
      <trkpt lat="43.159506" lon="-1.553720">
        <ele>492.284</ele>
        <time>2022-06-19T10:41:57Z</time>
      </trkpt>
      <trkpt lat="43.159558" lon="-1.553725">
        <ele>493.559</ele>
        <time>2022-06-19T10:42:02Z</time>
      </trkpt>
      <trkpt lat="43.159603" lon="-1.553758">
        <ele>495.524</ele>
        <time>2022-06-19T10:42:09Z</time>
      </trkpt>
      <trkpt lat="43.159653" lon="-1.553793">
        <ele>497.457</ele>
        <time>2022-06-19T10:42:16Z</time>
      </trkpt>
      <trkpt lat="43.159685" lon="-1.553846">
        <ele>498.976</ele>
        <time>2022-06-19T10:42:21Z</time>
      </trkpt>
      <trkpt lat="43.159715" lon="-1.553893">
        <ele>499.890</ele>
        <time>2022-06-19T10:42:26Z</time>
      </trkpt>
      <trkpt lat="43.159750" lon="-1.553941">
        <ele>505.719</ele>
        <time>2022-06-19T10:42:58Z</time>
      </trkpt>
      <trkpt lat="43.159795" lon="-1.553979">
        <ele>506.409</ele>
        <time>2022-06-19T10:43:02Z</time>
      </trkpt>
      <trkpt lat="43.159838" lon="-1.554004">
        <ele>506.298</ele>
        <time>2022-06-19T10:43:07Z</time>
      </trkpt>
      <trkpt lat="43.159881" lon="-1.554034">
        <ele>505.147</ele>
        <time>2022-06-19T10:43:13Z</time>
      </trkpt>
      <trkpt lat="43.159911" lon="-1.554087">
        <ele>504.382</ele>
        <time>2022-06-19T10:43:19Z</time>
      </trkpt>
      <trkpt lat="43.159949" lon="-1.554129">
        <ele>504.675</ele>
        <time>2022-06-19T10:43:25Z</time>
      </trkpt>
      <trkpt lat="43.159986" lon="-1.554167">
        <ele>505.382</ele>
        <time>2022-06-19T10:43:29Z</time>
      </trkpt>
      <trkpt lat="43.160024" lon="-1.554205">
        <ele>506.883</ele>
        <time>2022-06-19T10:43:34Z</time>
      </trkpt>
      <trkpt lat="43.160059" lon="-1.554263">
        <ele>506.778</ele>
        <time>2022-06-19T10:43:41Z</time>
      </trkpt>
      <trkpt lat="43.160091" lon="-1.554310">
        <ele>506.693</ele>
        <time>2022-06-19T10:43:45Z</time>
      </trkpt>
      <trkpt lat="43.160116" lon="-1.554368">
        <ele>507.736</ele>
        <time>2022-06-19T10:43:50Z</time>
      </trkpt>
      <trkpt lat="43.160163" lon="-1.554403">
        <ele>509.739</ele>
        <time>2022-06-19T10:43:56Z</time>
      </trkpt>
      <trkpt lat="43.160200" lon="-1.554455">
        <ele>511.801</ele>
        <time>2022-06-19T10:44:02Z</time>
      </trkpt>
      <trkpt lat="43.160228" lon="-1.554507">
        <ele>513.221</ele>
        <time>2022-06-19T10:44:07Z</time>
      </trkpt>
      <trkpt lat="43.160276" lon="-1.554527">
        <ele>514.209</ele>
        <time>2022-06-19T10:44:11Z</time>
      </trkpt>
      <trkpt lat="43.160314" lon="-1.554565">
        <ele>514.914</ele>
        <time>2022-06-19T10:44:15Z</time>
      </trkpt>
      <trkpt lat="43.160352" lon="-1.554608">
        <ele>514.963</ele>
        <time>2022-06-19T10:44:20Z</time>
      </trkpt>
      <trkpt lat="43.160384" lon="-1.554656">
        <ele>516.048</ele>
        <time>2022-06-19T10:44:26Z</time>
      </trkpt>
      <trkpt lat="43.160424" lon="-1.554699">
        <ele>516.321</ele>
        <time>2022-06-19T10:44:31Z</time>
      </trkpt>
      <trkpt lat="43.160466" lon="-1.554722">
        <ele>518.828</ele>
        <time>2022-06-19T10:44:39Z</time>
      </trkpt>
      <trkpt lat="43.160531" lon="-1.554779">
        <ele>527.689</ele>
        <time>2022-06-19T10:45:59Z</time>
      </trkpt>
      <trkpt lat="43.160579" lon="-1.554784">
        <ele>531.184</ele>
        <time>2022-06-19T10:46:14Z</time>
      </trkpt>
      <trkpt lat="43.160626" lon="-1.554807">
        <ele>530.829</ele>
        <time>2022-06-19T10:46:19Z</time>
      </trkpt>
      <trkpt lat="43.160673" lon="-1.554819">
        <ele>529.052</ele>
        <time>2022-06-19T10:46:26Z</time>
      </trkpt>
      <trkpt lat="43.160720" lon="-1.554836">
        <ele>527.547</ele>
        <time>2022-06-19T10:46:32Z</time>
      </trkpt>
      <trkpt lat="43.160767" lon="-1.554863">
        <ele>526.129</ele>
        <time>2022-06-19T10:46:45Z</time>
      </trkpt>
      <trkpt lat="43.160804" lon="-1.554910">
        <ele>525.421</ele>
        <time>2022-06-19T10:46:50Z</time>
      </trkpt>
      <trkpt lat="43.160841" lon="-1.554950">
        <ele>525.109</ele>
        <time>2022-06-19T10:46:55Z</time>
      </trkpt>
      <trkpt lat="43.160889" lon="-1.555008">
        <ele>524.845</ele>
        <time>2022-06-19T10:47:00Z</time>
      </trkpt>
      <trkpt lat="43.160927" lon="-1.555056">
        <ele>524.134</ele>
        <time>2022-06-19T10:47:06Z</time>
      </trkpt>
      <trkpt lat="43.160949" lon="-1.555116">
        <ele>525.389</ele>
        <time>2022-06-19T10:47:10Z</time>
      </trkpt>
      <trkpt lat="43.160967" lon="-1.555173">
        <ele>525.272</ele>
        <time>2022-06-19T10:47:19Z</time>
      </trkpt>
      <trkpt lat="43.161004" lon="-1.555228">
        <ele>525.039</ele>
        <time>2022-06-19T10:47:24Z</time>
      </trkpt>
      <trkpt lat="43.161027" lon="-1.555286">
        <ele>524.520</ele>
        <time>2022-06-19T10:47:28Z</time>
      </trkpt>
      <trkpt lat="43.161045" lon="-1.555353">
        <ele>523.035</ele>
        <time>2022-06-19T10:47:32Z</time>
      </trkpt>
      <trkpt lat="43.161082" lon="-1.555408">
        <ele>523.080</ele>
        <time>2022-06-19T10:47:37Z</time>
      </trkpt>
      <trkpt lat="43.161107" lon="-1.555476">
        <ele>522.813</ele>
        <time>2022-06-19T10:47:41Z</time>
      </trkpt>
      <trkpt lat="43.161147" lon="-1.555534">
        <ele>522.958</ele>
        <time>2022-06-19T10:47:47Z</time>
      </trkpt>
      <trkpt lat="43.161189" lon="-1.555564">
        <ele>527.852</ele>
        <time>2022-06-19T10:47:56Z</time>
      </trkpt>
      <trkpt lat="43.161164" lon="-1.555631">
        <ele>528.817</ele>
        <time>2022-06-19T10:48:13Z</time>
      </trkpt>
      <trkpt lat="43.161186" lon="-1.555694">
        <ele>528.909</ele>
        <time>2022-06-19T10:48:20Z</time>
      </trkpt>
      <trkpt lat="43.161178" lon="-1.555771">
        <ele>528.736</ele>
        <time>2022-06-19T10:48:25Z</time>
      </trkpt>
      <trkpt lat="43.161171" lon="-1.555844">
        <ele>529.485</ele>
        <time>2022-06-19T10:48:31Z</time>
      </trkpt>
      <trkpt lat="43.161193" lon="-1.555907">
        <ele>528.960</ele>
        <time>2022-06-19T10:48:35Z</time>
      </trkpt>
      <trkpt lat="43.161216" lon="-1.555964">
        <ele>529.333</ele>
        <time>2022-06-19T10:48:40Z</time>
      </trkpt>
      <trkpt lat="43.161233" lon="-1.556024">
        <ele>530.660</ele>
        <time>2022-06-19T10:48:45Z</time>
      </trkpt>
      <trkpt lat="43.161255" lon="-1.556081">
        <ele>532.441</ele>
        <time>2022-06-19T10:48:50Z</time>
      </trkpt>
      <trkpt lat="43.161272" lon="-1.556139">
        <ele>532.556</ele>
        <time>2022-06-19T10:48:54Z</time>
      </trkpt>
      <trkpt lat="43.161310" lon="-1.556191">
        <ele>532.361</ele>
        <time>2022-06-19T10:48:59Z</time>
      </trkpt>
      <trkpt lat="43.161340" lon="-1.556241">
        <ele>532.274</ele>
        <time>2022-06-19T10:49:04Z</time>
      </trkpt>
      <trkpt lat="43.161368" lon="-1.556299">
        <ele>533.189</ele>
        <time>2022-06-19T10:49:10Z</time>
      </trkpt>
      <trkpt lat="43.161403" lon="-1.556362">
        <ele>534.106</ele>
        <time>2022-06-19T10:49:15Z</time>
      </trkpt>
      <trkpt lat="43.161433" lon="-1.556409">
        <ele>535.526</ele>
        <time>2022-06-19T10:49:20Z</time>
      </trkpt>
      <trkpt lat="43.161468" lon="-1.556454">
        <ele>536.509</ele>
        <time>2022-06-19T10:49:24Z</time>
      </trkpt>
      <trkpt lat="43.161503" lon="-1.556509">
        <ele>537.299</ele>
        <time>2022-06-19T10:49:31Z</time>
      </trkpt>
      <trkpt lat="43.161543" lon="-1.556551">
        <ele>538.918</ele>
        <time>2022-06-19T10:49:36Z</time>
      </trkpt>
      <trkpt lat="43.161581" lon="-1.556594">
        <ele>539.163</ele>
        <time>2022-06-19T10:49:41Z</time>
      </trkpt>
      <trkpt lat="43.161606" lon="-1.556654">
        <ele>539.646</ele>
        <time>2022-06-19T10:49:46Z</time>
      </trkpt>
      <trkpt lat="43.161639" lon="-1.556711">
        <ele>542.543</ele>
        <time>2022-06-19T10:49:51Z</time>
      </trkpt>
      <trkpt lat="43.161682" lon="-1.556746">
        <ele>545.024</ele>
        <time>2022-06-19T10:49:56Z</time>
      </trkpt>
      <trkpt lat="43.161704" lon="-1.556811">
        <ele>545.169</ele>
        <time>2022-06-19T10:50:03Z</time>
      </trkpt>
      <trkpt lat="43.161721" lon="-1.556874">
        <ele>544.354</ele>
        <time>2022-06-19T10:50:08Z</time>
      </trkpt>
      <trkpt lat="43.161748" lon="-1.556924">
        <ele>543.177</ele>
        <time>2022-06-19T10:50:12Z</time>
      </trkpt>
      <trkpt lat="43.161780" lon="-1.556977">
        <ele>544.342</ele>
        <time>2022-06-19T10:50:17Z</time>
      </trkpt>
      <trkpt lat="43.161818" lon="-1.557027">
        <ele>545.022</ele>
        <time>2022-06-19T10:50:21Z</time>
      </trkpt>
      <trkpt lat="43.161866" lon="-1.557055">
        <ele>545.814</ele>
        <time>2022-06-19T10:50:25Z</time>
      </trkpt>
      <trkpt lat="43.161904" lon="-1.557092">
        <ele>547.109</ele>
        <time>2022-06-19T10:50:29Z</time>
      </trkpt>
      <trkpt lat="43.161937" lon="-1.557140">
        <ele>547.355</ele>
        <time>2022-06-19T10:50:33Z</time>
      </trkpt>
      <trkpt lat="43.161974" lon="-1.557183">
        <ele>547.274</ele>
        <time>2022-06-19T10:50:39Z</time>
      </trkpt>
      <trkpt lat="43.162021" lon="-1.557203">
        <ele>548.069</ele>
        <time>2022-06-19T10:50:44Z</time>
      </trkpt>
      <trkpt lat="43.162056" lon="-1.557253">
        <ele>549.042</ele>
        <time>2022-06-19T10:50:50Z</time>
      </trkpt>
      <trkpt lat="43.162093" lon="-1.557298">
        <ele>550.239</ele>
        <time>2022-06-19T10:50:56Z</time>
      </trkpt>
      <trkpt lat="43.162136" lon="-1.557333">
        <ele>552.060</ele>
        <time>2022-06-19T10:51:01Z</time>
      </trkpt>
      <trkpt lat="43.162176" lon="-1.557378">
        <ele>552.555</ele>
        <time>2022-06-19T10:51:06Z</time>
      </trkpt>
      <trkpt lat="43.162216" lon="-1.557408">
        <ele>553.260</ele>
        <time>2022-06-19T10:51:10Z</time>
      </trkpt>
      <trkpt lat="43.162258" lon="-1.557458">
        <ele>555.083</ele>
        <time>2022-06-19T10:51:16Z</time>
      </trkpt>
      <trkpt lat="43.162301" lon="-1.557503">
        <ele>556.889</ele>
        <time>2022-06-19T10:51:21Z</time>
      </trkpt>
      <trkpt lat="43.162334" lon="-1.557546">
        <ele>557.906</ele>
        <time>2022-06-19T10:51:26Z</time>
      </trkpt>
      <trkpt lat="43.162357" lon="-1.557604">
        <ele>558.426</ele>
        <time>2022-06-19T10:51:32Z</time>
      </trkpt>
      <trkpt lat="43.162387" lon="-1.557651">
        <ele>558.909</ele>
        <time>2022-06-19T10:51:37Z</time>
      </trkpt>
      <trkpt lat="43.162422" lon="-1.557711">
        <ele>559.449</ele>
        <time>2022-06-19T10:51:43Z</time>
      </trkpt>
      <trkpt lat="43.162462" lon="-1.557743">
        <ele>560.458</ele>
        <time>2022-06-19T10:51:47Z</time>
      </trkpt>
      <trkpt lat="43.162505" lon="-1.557785">
        <ele>561.373</ele>
        <time>2022-06-19T10:51:50Z</time>
      </trkpt>
      <trkpt lat="43.162553" lon="-1.557813">
        <ele>563.036</ele>
        <time>2022-06-19T10:51:55Z</time>
      </trkpt>
      <trkpt lat="43.162601" lon="-1.557851">
        <ele>564.473</ele>
        <time>2022-06-19T10:52:00Z</time>
      </trkpt>
      <trkpt lat="43.162641" lon="-1.557884">
        <ele>565.074</ele>
        <time>2022-06-19T10:52:05Z</time>
      </trkpt>
      <trkpt lat="43.162666" lon="-1.557939">
        <ele>565.619</ele>
        <time>2022-06-19T10:52:10Z</time>
      </trkpt>
      <trkpt lat="43.162713" lon="-1.557976">
        <ele>566.394</ele>
        <time>2022-06-19T10:52:14Z</time>
      </trkpt>
      <trkpt lat="43.162756" lon="-1.558008">
        <ele>566.917</ele>
        <time>2022-06-19T10:52:21Z</time>
      </trkpt>
      <trkpt lat="43.162803" lon="-1.558036">
        <ele>566.846</ele>
        <time>2022-06-19T10:52:26Z</time>
      </trkpt>
      <trkpt lat="43.162843" lon="-1.558064">
        <ele>565.688</ele>
        <time>2022-06-19T10:52:43Z</time>
      </trkpt>
      <trkpt lat="43.162890" lon="-1.558089">
        <ele>565.316</ele>
        <time>2022-06-19T10:52:48Z</time>
      </trkpt>
      <trkpt lat="43.162938" lon="-1.558106">
        <ele>565.009</ele>
        <time>2022-06-19T10:52:52Z</time>
      </trkpt>
      <trkpt lat="43.162988" lon="-1.558118">
        <ele>565.375</ele>
        <time>2022-06-19T10:52:58Z</time>
      </trkpt>
      <trkpt lat="43.163031" lon="-1.558141">
        <ele>565.934</ele>
        <time>2022-06-19T10:53:03Z</time>
      </trkpt>
      <trkpt lat="43.163081" lon="-1.558163">
        <ele>566.359</ele>
        <time>2022-06-19T10:53:07Z</time>
      </trkpt>
      <trkpt lat="43.163134" lon="-1.558201">
        <ele>568.512</ele>
        <time>2022-06-19T10:53:38Z</time>
      </trkpt>
      <trkpt lat="43.163166" lon="-1.558261">
        <ele>569.489</ele>
        <time>2022-06-19T10:55:34Z</time>
      </trkpt>
      <trkpt lat="43.163199" lon="-1.558303">
        <ele>569.760</ele>
        <time>2022-06-19T10:55:38Z</time>
      </trkpt>
      <trkpt lat="43.163246" lon="-1.558340">
        <ele>570.135</ele>
        <time>2022-06-19T10:55:42Z</time>
      </trkpt>
      <trkpt lat="43.163298" lon="-1.558373">
        <ele>570.110</ele>
        <time>2022-06-19T10:55:47Z</time>
      </trkpt>
      <trkpt lat="43.163353" lon="-1.558381">
        <ele>569.033</ele>
        <time>2022-06-19T10:55:51Z</time>
      </trkpt>
      <trkpt lat="43.163398" lon="-1.558406">
        <ele>570.125</ele>
        <time>2022-06-19T10:55:55Z</time>
      </trkpt>
      <trkpt lat="43.163443" lon="-1.558436">
        <ele>568.326</ele>
        <time>2022-06-19T10:56:01Z</time>
      </trkpt>
      <trkpt lat="43.163493" lon="-1.558454">
        <ele>566.608</ele>
        <time>2022-06-19T10:56:05Z</time>
      </trkpt>
      <trkpt lat="43.163536" lon="-1.558486">
        <ele>564.309</ele>
        <time>2022-06-19T10:56:09Z</time>
      </trkpt>
      <trkpt lat="43.163584" lon="-1.558511">
        <ele>563.593</ele>
        <time>2022-06-19T10:56:12Z</time>
      </trkpt>
      <trkpt lat="43.163627" lon="-1.558548">
        <ele>562.992</ele>
        <time>2022-06-19T10:56:17Z</time>
      </trkpt>
      <trkpt lat="43.163674" lon="-1.558585">
        <ele>562.517</ele>
        <time>2022-06-19T10:56:21Z</time>
      </trkpt>
      <trkpt lat="43.163702" lon="-1.558638">
        <ele>563.810</ele>
        <time>2022-06-19T10:56:25Z</time>
      </trkpt>
      <trkpt lat="43.163747" lon="-1.558678">
        <ele>565.467</ele>
        <time>2022-06-19T10:56:29Z</time>
      </trkpt>
      <trkpt lat="43.163790" lon="-1.558703">
        <ele>566.448</ele>
        <time>2022-06-19T10:56:34Z</time>
      </trkpt>
      <trkpt lat="43.163823" lon="-1.558761">
        <ele>566.983</ele>
        <time>2022-06-19T10:56:38Z</time>
      </trkpt>
      <trkpt lat="43.163871" lon="-1.558784">
        <ele>567.948</ele>
        <time>2022-06-19T10:56:43Z</time>
      </trkpt>
      <trkpt lat="43.163916" lon="-1.558826">
        <ele>569.451</ele>
        <time>2022-06-19T10:56:49Z</time>
      </trkpt>
      <trkpt lat="43.163949" lon="-1.558873">
        <ele>571.519</ele>
        <time>2022-06-19T10:56:53Z</time>
      </trkpt>
      <trkpt lat="43.163986" lon="-1.558916">
        <ele>574.509</ele>
        <time>2022-06-19T10:56:58Z</time>
      </trkpt>
      <trkpt lat="43.164034" lon="-1.558944">
        <ele>577.019</ele>
        <time>2022-06-19T10:57:03Z</time>
      </trkpt>
      <trkpt lat="43.164089" lon="-1.558972">
        <ele>579.009</ele>
        <time>2022-06-19T10:57:09Z</time>
      </trkpt>
      <trkpt lat="43.164134" lon="-1.558989">
        <ele>580.282</ele>
        <time>2022-06-19T10:57:14Z</time>
      </trkpt>
      <trkpt lat="43.164167" lon="-1.559032">
        <ele>580.041</ele>
        <time>2022-06-19T10:57:19Z</time>
      </trkpt>
      <trkpt lat="43.164215" lon="-1.559039">
        <ele>580.556</ele>
        <time>2022-06-19T10:57:23Z</time>
      </trkpt>
      <trkpt lat="43.164238" lon="-1.559096">
        <ele>581.569</ele>
        <time>2022-06-19T10:57:28Z</time>
      </trkpt>
      <trkpt lat="43.164288" lon="-1.559116">
        <ele>582.756</ele>
        <time>2022-06-19T10:57:32Z</time>
      </trkpt>
      <trkpt lat="43.164333" lon="-1.559143">
        <ele>584.417</ele>
        <time>2022-06-19T10:57:37Z</time>
      </trkpt>
      <trkpt lat="43.164371" lon="-1.559178">
        <ele>586.242</ele>
        <time>2022-06-19T10:57:42Z</time>
      </trkpt>
      <trkpt lat="43.164418" lon="-1.559211">
        <ele>586.267</ele>
        <time>2022-06-19T10:57:46Z</time>
      </trkpt>
      <trkpt lat="43.164468" lon="-1.559241">
        <ele>585.260</ele>
        <time>2022-06-19T10:57:50Z</time>
      </trkpt>
      <trkpt lat="43.164506" lon="-1.559278">
        <ele>584.874</ele>
        <time>2022-06-19T10:57:54Z</time>
      </trkpt>
      <trkpt lat="43.164546" lon="-1.559308">
        <ele>584.256</ele>
        <time>2022-06-19T10:57:58Z</time>
      </trkpt>
      <trkpt lat="43.164599" lon="-1.559328">
        <ele>583.721</ele>
        <time>2022-06-19T10:58:03Z</time>
      </trkpt>
      <trkpt lat="43.164651" lon="-1.559356">
        <ele>586.309</ele>
        <time>2022-06-19T10:58:10Z</time>
      </trkpt>
      <trkpt lat="43.164694" lon="-1.559381">
        <ele>587.948</ele>
        <time>2022-06-19T10:58:14Z</time>
      </trkpt>
      <trkpt lat="43.164742" lon="-1.559371">
        <ele>588.057</ele>
        <time>2022-06-19T10:58:18Z</time>
      </trkpt>
      <trkpt lat="43.164794" lon="-1.559346">
        <ele>588.172</ele>
        <time>2022-06-19T10:58:24Z</time>
      </trkpt>
      <trkpt lat="43.164842" lon="-1.559324">
        <ele>589.275</ele>
        <time>2022-06-19T10:58:27Z</time>
      </trkpt>
      <trkpt lat="43.164894" lon="-1.559301">
        <ele>592.222</ele>
        <time>2022-06-19T10:58:33Z</time>
      </trkpt>
      <trkpt lat="43.164944" lon="-1.559284">
        <ele>594.863</ele>
        <time>2022-06-19T10:58:39Z</time>
      </trkpt>
      <trkpt lat="43.164997" lon="-1.559279">
        <ele>597.218</ele>
        <time>2022-06-19T10:58:44Z</time>
      </trkpt>
      <trkpt lat="43.165044" lon="-1.559291">
        <ele>599.353</ele>
        <time>2022-06-19T10:58:51Z</time>
      </trkpt>
      <trkpt lat="43.165091" lon="-1.559323">
        <ele>600.846</ele>
        <time>2022-06-19T10:58:56Z</time>
      </trkpt>
      <trkpt lat="43.165138" lon="-1.559363">
        <ele>600.874</ele>
        <time>2022-06-19T10:59:00Z</time>
      </trkpt>
      <trkpt lat="43.165188" lon="-1.559393">
        <ele>600.656</ele>
        <time>2022-06-19T10:59:05Z</time>
      </trkpt>
      <trkpt lat="43.165231" lon="-1.559430">
        <ele>600.521</ele>
        <time>2022-06-19T10:59:09Z</time>
      </trkpt>
      <trkpt lat="43.165279" lon="-1.559458">
        <ele>599.909</ele>
        <time>2022-06-19T10:59:13Z</time>
      </trkpt>
      <trkpt lat="43.165326" lon="-1.559485">
        <ele>601.048</ele>
        <time>2022-06-19T10:59:18Z</time>
      </trkpt>
      <trkpt lat="43.165378" lon="-1.559470">
        <ele>601.327</ele>
        <time>2022-06-19T10:59:38Z</time>
      </trkpt>
      <trkpt lat="43.165331" lon="-1.559433">
        <ele>603.962</ele>
        <time>2022-06-19T11:01:40Z</time>
      </trkpt>
      <trkpt lat="43.165381" lon="-1.559453">
        <ele>603.725</ele>
        <time>2022-06-19T11:01:52Z</time>
      </trkpt>
      <trkpt lat="43.165423" lon="-1.559480">
        <ele>603.222</ele>
        <time>2022-06-19T11:01:56Z</time>
      </trkpt>
      <trkpt lat="43.165468" lon="-1.559513">
        <ele>603.893</ele>
        <time>2022-06-19T11:02:02Z</time>
      </trkpt>
      <trkpt lat="43.165511" lon="-1.559573">
        <ele>603.898</ele>
        <time>2022-06-19T11:02:06Z</time>
      </trkpt>
      <trkpt lat="43.165546" lon="-1.559623">
        <ele>604.833</ele>
        <time>2022-06-19T11:02:10Z</time>
      </trkpt>
      <trkpt lat="43.165584" lon="-1.559671">
        <ele>605.666</ele>
        <time>2022-06-19T11:02:14Z</time>
      </trkpt>
      <trkpt lat="43.165632" lon="-1.559714">
        <ele>606.549</ele>
        <time>2022-06-19T11:02:19Z</time>
      </trkpt>
      <trkpt lat="43.165689" lon="-1.559724">
        <ele>606.402</ele>
        <time>2022-06-19T11:02:23Z</time>
      </trkpt>
      <trkpt lat="43.165729" lon="-1.559762">
        <ele>604.922</ele>
        <time>2022-06-19T11:02:28Z</time>
      </trkpt>
      <trkpt lat="43.165772" lon="-1.559782">
        <ele>605.209</ele>
        <time>2022-06-19T11:02:34Z</time>
      </trkpt>
      <trkpt lat="43.165815" lon="-1.559804">
        <ele>606.035</ele>
        <time>2022-06-19T11:02:39Z</time>
      </trkpt>
      <trkpt lat="43.165860" lon="-1.559807">
        <ele>606.324</ele>
        <time>2022-06-19T11:02:43Z</time>
      </trkpt>
      <trkpt lat="43.165908" lon="-1.559817">
        <ele>608.659</ele>
        <time>2022-06-19T11:02:49Z</time>
      </trkpt>
      <trkpt lat="43.165946" lon="-1.559852">
        <ele>611.632</ele>
        <time>2022-06-19T11:02:55Z</time>
      </trkpt>
      <trkpt lat="43.165988" lon="-1.559880">
        <ele>614.559</ele>
        <time>2022-06-19T11:03:00Z</time>
      </trkpt>
      <trkpt lat="43.166033" lon="-1.559897">
        <ele>616.890</ele>
        <time>2022-06-19T11:03:05Z</time>
      </trkpt>
      <trkpt lat="43.166078" lon="-1.559890">
        <ele>619.845</ele>
        <time>2022-06-19T11:03:14Z</time>
      </trkpt>
      <trkpt lat="43.166128" lon="-1.559887">
        <ele>620.090</ele>
        <time>2022-06-19T11:03:29Z</time>
      </trkpt>
      <trkpt lat="43.166178" lon="-1.559899">
        <ele>621.223</ele>
        <time>2022-06-19T11:04:06Z</time>
      </trkpt>
      <trkpt lat="43.166225" lon="-1.559907">
        <ele>622.298</ele>
        <time>2022-06-19T11:04:16Z</time>
      </trkpt>
      <trkpt lat="43.166262" lon="-1.559950">
        <ele>623.615</ele>
        <time>2022-06-19T11:04:21Z</time>
      </trkpt>
      <trkpt lat="43.166340" lon="-1.559970">
        <ele>626.526</ele>
        <time>2022-06-19T11:04:40Z</time>
      </trkpt>
      <trkpt lat="43.166428" lon="-1.560018">
        <ele>628.409</ele>
        <time>2022-06-19T11:05:15Z</time>
      </trkpt>
      <trkpt lat="43.166488" lon="-1.560050">
        <ele>624.930</ele>
        <time>2022-06-19T11:05:30Z</time>
      </trkpt>
      <trkpt lat="43.166531" lon="-1.560072">
        <ele>624.279</ele>
        <time>2022-06-19T11:05:38Z</time>
      </trkpt>
      <trkpt lat="43.166593" lon="-1.560102">
        <ele>626.374</ele>
        <time>2022-06-19T11:05:50Z</time>
      </trkpt>
      <trkpt lat="43.166636" lon="-1.560137">
        <ele>628.557</ele>
        <time>2022-06-19T11:05:59Z</time>
      </trkpt>
      <trkpt lat="43.166683" lon="-1.560169">
        <ele>630.534</ele>
        <time>2022-06-19T11:06:20Z</time>
      </trkpt>
      <trkpt lat="43.166731" lon="-1.560209">
        <ele>630.155</ele>
        <time>2022-06-19T11:06:30Z</time>
      </trkpt>
      <trkpt lat="43.166863" lon="-1.560289">
        <ele>633.360</ele>
        <time>2022-06-19T11:06:49Z</time>
      </trkpt>
      <trkpt lat="43.166908" lon="-1.560299">
        <ele>634.125</ele>
        <time>2022-06-19T11:06:55Z</time>
      </trkpt>
      <trkpt lat="43.166976" lon="-1.560344">
        <ele>636.478</ele>
        <time>2022-06-19T11:07:06Z</time>
      </trkpt>
      <trkpt lat="43.167028" lon="-1.560352">
        <ele>640.177</ele>
        <time>2022-06-19T11:07:15Z</time>
      </trkpt>
      <trkpt lat="43.167101" lon="-1.560390">
        <ele>641.361</ele>
        <time>2022-06-19T11:07:32Z</time>
      </trkpt>
      <trkpt lat="43.167149" lon="-1.560393">
        <ele>642.527</ele>
        <time>2022-06-19T11:07:40Z</time>
      </trkpt>
      <trkpt lat="43.167192" lon="-1.560370">
        <ele>645.009</ele>
        <time>2022-06-19T11:07:48Z</time>
      </trkpt>
      <trkpt lat="43.167240" lon="-1.560378">
        <ele>645.888</ele>
        <time>2022-06-19T11:07:55Z</time>
      </trkpt>
      <trkpt lat="43.167288" lon="-1.560375">
        <ele>646.467</ele>
        <time>2022-06-19T11:08:00Z</time>
      </trkpt>
      <trkpt lat="43.167338" lon="-1.560397">
        <ele>648.132</ele>
        <time>2022-06-19T11:08:05Z</time>
      </trkpt>
      <trkpt lat="43.167381" lon="-1.560424">
        <ele>653.135</ele>
        <time>2022-06-19T11:08:25Z</time>
      </trkpt>
      <trkpt lat="43.167428" lon="-1.560464">
        <ele>654.012</ele>
        <time>2022-06-19T11:08:34Z</time>
      </trkpt>
      <trkpt lat="43.167496" lon="-1.560529">
        <ele>655.313</ele>
        <time>2022-06-19T11:08:45Z</time>
      </trkpt>
      <trkpt lat="43.167553" lon="-1.560546">
        <ele>656.288</ele>
        <time>2022-06-19T11:08:50Z</time>
      </trkpt>
      <trkpt lat="43.167598" lon="-1.560579">
        <ele>656.693</ele>
        <time>2022-06-19T11:08:55Z</time>
      </trkpt>
      <trkpt lat="43.167640" lon="-1.560622">
        <ele>657.096</ele>
        <time>2022-06-19T11:09:03Z</time>
      </trkpt>
      <trkpt lat="43.167677" lon="-1.560665">
        <ele>658.352</ele>
        <time>2022-06-19T11:09:07Z</time>
      </trkpt>
      <trkpt lat="43.167689" lon="-1.560725">
        <ele>659.753</ele>
        <time>2022-06-19T11:09:13Z</time>
      </trkpt>
      <trkpt lat="43.167732" lon="-1.560762">
        <ele>660.108</ele>
        <time>2022-06-19T11:09:19Z</time>
      </trkpt>
      <trkpt lat="43.167774" lon="-1.560790">
        <ele>662.809</ele>
        <time>2022-06-19T11:09:54Z</time>
      </trkpt>
      <trkpt lat="43.167826" lon="-1.560820">
        <ele>666.376</ele>
        <time>2022-06-19T11:10:02Z</time>
      </trkpt>
      <trkpt lat="43.167871" lon="-1.560845">
        <ele>667.195</ele>
        <time>2022-06-19T11:10:08Z</time>
      </trkpt>
      <trkpt lat="43.167911" lon="-1.560875">
        <ele>667.250</ele>
        <time>2022-06-19T11:10:13Z</time>
      </trkpt>
      <trkpt lat="43.167954" lon="-1.560892">
        <ele>668.983</ele>
        <time>2022-06-19T11:10:18Z</time>
      </trkpt>
      <trkpt lat="43.168001" lon="-1.560909">
        <ele>669.550</ele>
        <time>2022-06-19T11:10:22Z</time>
      </trkpt>
      <trkpt lat="43.168038" lon="-1.560966">
        <ele>669.521</ele>
        <time>2022-06-19T11:10:27Z</time>
      </trkpt>
      <trkpt lat="43.168070" lon="-1.561011">
        <ele>671.246</ele>
        <time>2022-06-19T11:10:32Z</time>
      </trkpt>
      <trkpt lat="43.168095" lon="-1.561064">
        <ele>672.991</ele>
        <time>2022-06-19T11:10:38Z</time>
      </trkpt>
      <trkpt lat="43.168132" lon="-1.561106">
        <ele>672.644</ele>
        <time>2022-06-19T11:10:44Z</time>
      </trkpt>
      <trkpt lat="43.168179" lon="-1.561138">
        <ele>673.493</ele>
        <time>2022-06-19T11:10:50Z</time>
      </trkpt>
      <trkpt lat="43.168212" lon="-1.561181">
        <ele>674.365</ele>
        <time>2022-06-19T11:10:55Z</time>
      </trkpt>
      <trkpt lat="43.168227" lon="-1.561246">
        <ele>674.821</ele>
        <time>2022-06-19T11:11:01Z</time>
      </trkpt>
      <trkpt lat="43.168239" lon="-1.561308">
        <ele>676.609</ele>
        <time>2022-06-19T11:11:07Z</time>
      </trkpt>
      <trkpt lat="43.168239" lon="-1.561380">
        <ele>676.730</ele>
        <time>2022-06-19T11:12:40Z</time>
      </trkpt>
      <trkpt lat="43.168269" lon="-1.561430">
        <ele>675.569</ele>
        <time>2022-06-19T11:12:46Z</time>
      </trkpt>
      <trkpt lat="43.168297" lon="-1.561482">
        <ele>674.414</ele>
        <time>2022-06-19T11:12:50Z</time>
      </trkpt>
      <trkpt lat="43.168327" lon="-1.561534">
        <ele>672.387</ele>
        <time>2022-06-19T11:12:54Z</time>
      </trkpt>
      <trkpt lat="43.168357" lon="-1.561581">
        <ele>670.824</ele>
        <time>2022-06-19T11:12:58Z</time>
      </trkpt>
      <trkpt lat="43.168390" lon="-1.561626">
        <ele>670.845</ele>
        <time>2022-06-19T11:13:03Z</time>
      </trkpt>
      <trkpt lat="43.168420" lon="-1.561673">
        <ele>671.320</ele>
        <time>2022-06-19T11:13:07Z</time>
      </trkpt>
      <trkpt lat="43.168448" lon="-1.561728">
        <ele>672.985</ele>
        <time>2022-06-19T11:13:15Z</time>
      </trkpt>
      <trkpt lat="43.168468" lon="-1.561786">
        <ele>673.468</ele>
        <time>2022-06-19T11:13:20Z</time>
      </trkpt>
      <trkpt lat="43.168501" lon="-1.561844">
        <ele>672.126</ele>
        <time>2022-06-19T11:13:25Z</time>
      </trkpt>
      <trkpt lat="43.168539" lon="-1.561884">
        <ele>672.747</ele>
        <time>2022-06-19T11:13:30Z</time>
      </trkpt>
      <trkpt lat="43.168557" lon="-1.561944">
        <ele>674.511</ele>
        <time>2022-06-19T11:13:38Z</time>
      </trkpt>
      <trkpt lat="43.168572" lon="-1.562007">
        <ele>675.409</ele>
        <time>2022-06-19T11:13:44Z</time>
      </trkpt>
      <trkpt lat="43.168587" lon="-1.562065">
        <ele>676.363</ele>
        <time>2022-06-19T11:13:48Z</time>
      </trkpt>
      <trkpt lat="43.168624" lon="-1.562110">
        <ele>677.472</ele>
        <time>2022-06-19T11:13:52Z</time>
      </trkpt>
      <trkpt lat="43.168662" lon="-1.562148">
        <ele>679.377</ele>
        <time>2022-06-19T11:13:56Z</time>
      </trkpt>
      <trkpt lat="43.168680" lon="-1.562211">
        <ele>680.840</ele>
        <time>2022-06-19T11:14:01Z</time>
      </trkpt>
      <trkpt lat="43.168708" lon="-1.562278">
        <ele>681.727</ele>
        <time>2022-06-19T11:14:06Z</time>
      </trkpt>
      <trkpt lat="43.168738" lon="-1.562331">
        <ele>682.578</ele>
        <time>2022-06-19T11:14:11Z</time>
      </trkpt>
      <trkpt lat="43.168765" lon="-1.562391">
        <ele>683.533</ele>
        <time>2022-06-19T11:14:16Z</time>
      </trkpt>
      <trkpt lat="43.168797" lon="-1.562444">
        <ele>684.588</ele>
        <time>2022-06-19T11:14:22Z</time>
      </trkpt>
      <trkpt lat="43.168827" lon="-1.562492">
        <ele>685.151</ele>
        <time>2022-06-19T11:14:29Z</time>
      </trkpt>
      <trkpt lat="43.168852" lon="-1.562557">
        <ele>686.468</ele>
        <time>2022-06-19T11:14:42Z</time>
      </trkpt>
      <trkpt lat="43.168890" lon="-1.562597">
        <ele>686.142</ele>
        <time>2022-06-19T11:14:47Z</time>
      </trkpt>
      <trkpt lat="43.168907" lon="-1.562664">
        <ele>686.526</ele>
        <time>2022-06-19T11:14:52Z</time>
      </trkpt>
      <trkpt lat="43.168924" lon="-1.562722">
        <ele>687.509</ele>
        <time>2022-06-19T11:14:56Z</time>
      </trkpt>
      <trkpt lat="43.168941" lon="-1.562780">
        <ele>688.417</ele>
        <time>2022-06-19T11:15:00Z</time>
      </trkpt>
      <trkpt lat="43.168976" lon="-1.562830">
        <ele>690.976</ele>
        <time>2022-06-19T11:15:06Z</time>
      </trkpt>
      <trkpt lat="43.169004" lon="-1.562885">
        <ele>691.941</ele>
        <time>2022-06-19T11:15:11Z</time>
      </trkpt>
      <trkpt lat="43.169019" lon="-1.562948">
        <ele>691.174</ele>
        <time>2022-06-19T11:15:17Z</time>
      </trkpt>
      <trkpt lat="43.169046" lon="-1.563011">
        <ele>690.961</ele>
        <time>2022-06-19T11:15:24Z</time>
      </trkpt>
      <trkpt lat="43.169076" lon="-1.563068">
        <ele>691.452</ele>
        <time>2022-06-19T11:15:28Z</time>
      </trkpt>
      <trkpt lat="43.169103" lon="-1.563125">
        <ele>692.077</ele>
        <time>2022-06-19T11:15:32Z</time>
      </trkpt>
      <trkpt lat="43.169126" lon="-1.563183">
        <ele>694.952</ele>
        <time>2022-06-19T11:15:37Z</time>
      </trkpt>
      <trkpt lat="43.169138" lon="-1.563248">
        <ele>696.875</ele>
        <time>2022-06-19T11:15:42Z</time>
      </trkpt>
      <trkpt lat="43.169150" lon="-1.563313">
        <ele>695.673</ele>
        <time>2022-06-19T11:15:52Z</time>
      </trkpt>
      <trkpt lat="43.169188" lon="-1.563373">
        <ele>695.985</ele>
        <time>2022-06-19T11:15:57Z</time>
      </trkpt>
      <trkpt lat="43.169218" lon="-1.563426">
        <ele>695.713</ele>
        <time>2022-06-19T11:16:02Z</time>
      </trkpt>
      <trkpt lat="43.169235" lon="-1.563484">
        <ele>695.809</ele>
        <time>2022-06-19T11:16:06Z</time>
      </trkpt>
      <trkpt lat="43.169268" lon="-1.563536">
        <ele>695.878</ele>
        <time>2022-06-19T11:16:11Z</time>
      </trkpt>
      <trkpt lat="43.169285" lon="-1.563603">
        <ele>694.657</ele>
        <time>2022-06-19T11:16:16Z</time>
      </trkpt>
      <trkpt lat="43.169292" lon="-1.563708">
        <ele>695.692</ele>
        <time>2022-06-19T11:16:22Z</time>
      </trkpt>
      <trkpt lat="43.169317" lon="-1.563773">
        <ele>698.255</ele>
        <time>2022-06-19T11:16:29Z</time>
      </trkpt>
      <trkpt lat="43.169370" lon="-1.563848">
        <ele>702.382</ele>
        <time>2022-06-19T11:16:39Z</time>
      </trkpt>
      <trkpt lat="43.169370" lon="-1.563910">
        <ele>707.153</ele>
        <time>2022-06-19T11:17:08Z</time>
      </trkpt>
      <trkpt lat="43.169408" lon="-1.563962">
        <ele>709.728</ele>
        <time>2022-06-19T11:17:14Z</time>
      </trkpt>
      <trkpt lat="43.169450" lon="-1.564009">
        <ele>710.453</ele>
        <time>2022-06-19T11:17:18Z</time>
      </trkpt>
      <trkpt lat="43.169472" lon="-1.564069">
        <ele>710.536</ele>
        <time>2022-06-19T11:17:25Z</time>
      </trkpt>
      <trkpt lat="43.169505" lon="-1.564122">
        <ele>711.019</ele>
        <time>2022-06-19T11:17:31Z</time>
      </trkpt>
      <trkpt lat="43.169545" lon="-1.564089">
        <ele>713.909</ele>
        <time>2022-06-19T11:18:24Z</time>
      </trkpt>
      <trkpt lat="43.169545" lon="-1.564017">
        <ele>715.319</ele>
        <time>2022-06-19T11:18:27Z</time>
      </trkpt>
      <trkpt lat="43.169555" lon="-1.563949">
        <ele>719.009</ele>
        <time>2022-06-19T11:18:33Z</time>
      </trkpt>
      <trkpt lat="43.169577" lon="-1.563891">
        <ele>721.242</ele>
        <time>2022-06-19T11:18:37Z</time>
      </trkpt>
      <trkpt lat="43.169615" lon="-1.563841">
        <ele>717.041</ele>
        <time>2022-06-19T11:18:54Z</time>
      </trkpt>
      <trkpt lat="43.169630" lon="-1.563773">
        <ele>717.466</ele>
        <time>2022-06-19T11:19:00Z</time>
      </trkpt>
      <trkpt lat="43.169655" lon="-1.563698">
        <ele>718.869</ele>
        <time>2022-06-19T11:19:07Z</time>
      </trkpt>
      <trkpt lat="43.169672" lon="-1.563633">
        <ele>718.936</ele>
        <time>2022-06-19T11:19:11Z</time>
      </trkpt>
      <trkpt lat="43.169685" lon="-1.563560">
        <ele>719.437</ele>
        <time>2022-06-19T11:19:18Z</time>
      </trkpt>
      <trkpt lat="43.169718" lon="-1.563502">
        <ele>718.672</ele>
        <time>2022-06-19T11:19:26Z</time>
      </trkpt>
      <trkpt lat="43.169745" lon="-1.563445">
        <ele>719.217</ele>
        <time>2022-06-19T11:19:32Z</time>
      </trkpt>
      <trkpt lat="43.169770" lon="-1.563390">
        <ele>721.480</ele>
        <time>2022-06-19T11:19:40Z</time>
      </trkpt>
      <trkpt lat="43.169788" lon="-1.563330">
        <ele>722.695</ele>
        <time>2022-06-19T11:19:46Z</time>
      </trkpt>
      <trkpt lat="43.169826" lon="-1.563295">
        <ele>724.049</ele>
        <time>2022-06-19T11:19:52Z</time>
      </trkpt>
      <trkpt lat="43.169863" lon="-1.563258">
        <ele>725.923</ele>
        <time>2022-06-19T11:20:02Z</time>
      </trkpt>
      <trkpt lat="43.169888" lon="-1.563191">
        <ele>727.409</ele>
        <time>2022-06-19T11:20:07Z</time>
      </trkpt>
      <trkpt lat="43.169918" lon="-1.563136">
        <ele>729.280</ele>
        <time>2022-06-19T11:20:13Z</time>
      </trkpt>
      <trkpt lat="43.169965" lon="-1.563106">
        <ele>730.469</ele>
        <time>2022-06-19T11:20:20Z</time>
      </trkpt>
      <trkpt lat="43.170005" lon="-1.563048">
        <ele>732.664</ele>
        <time>2022-06-19T11:20:50Z</time>
      </trkpt>
      <trkpt lat="43.170043" lon="-1.563010">
        <ele>733.087</ele>
        <time>2022-06-19T11:20:57Z</time>
      </trkpt>
      <trkpt lat="43.170098" lon="-1.563008">
        <ele>734.094</ele>
        <time>2022-06-19T11:21:35Z</time>
      </trkpt>
      <trkpt lat="43.170143" lon="-1.563011">
        <ele>735.415</ele>
        <time>2022-06-19T11:21:39Z</time>
      </trkpt>
      <trkpt lat="43.170188" lon="-1.563006">
        <ele>738.680</ele>
        <time>2022-06-19T11:21:48Z</time>
      </trkpt>
      <trkpt lat="43.170235" lon="-1.563006">
        <ele>739.325</ele>
        <time>2022-06-19T11:21:57Z</time>
      </trkpt>
      <trkpt lat="43.170287" lon="-1.563053">
        <ele>742.728</ele>
        <time>2022-06-19T11:22:05Z</time>
      </trkpt>
      <trkpt lat="43.170350" lon="-1.563053">
        <ele>745.576</ele>
        <time>2022-06-19T11:22:11Z</time>
      </trkpt>
      <trkpt lat="43.170388" lon="-1.563093">
        <ele>747.590</ele>
        <time>2022-06-19T11:22:21Z</time>
      </trkpt>
      <trkpt lat="43.170396" lon="-1.563158">
        <ele>746.819</ele>
        <time>2022-06-19T11:22:31Z</time>
      </trkpt>
      <trkpt lat="43.170436" lon="-1.563223">
        <ele>747.309</ele>
        <time>2022-06-19T11:22:41Z</time>
      </trkpt>
      <trkpt lat="43.170471" lon="-1.563301">
        <ele>744.548</ele>
        <time>2022-06-19T11:23:10Z</time>
      </trkpt>
      <trkpt lat="43.170491" lon="-1.563359">
        <ele>745.957</ele>
        <time>2022-06-19T11:23:19Z</time>
      </trkpt>
      <trkpt lat="43.170508" lon="-1.563422">
        <ele>748.332</ele>
        <time>2022-06-19T11:23:27Z</time>
      </trkpt>
      <trkpt lat="43.170530" lon="-1.563484">
        <ele>750.285</ele>
        <time>2022-06-19T11:23:34Z</time>
      </trkpt>
      <trkpt lat="43.170560" lon="-1.563531">
        <ele>751.242</ele>
        <time>2022-06-19T11:23:39Z</time>
      </trkpt>
      <trkpt lat="43.170585" lon="-1.563584">
        <ele>753.793</ele>
        <time>2022-06-19T11:23:47Z</time>
      </trkpt>
      <trkpt lat="43.170618" lon="-1.563626">
        <ele>756.098</ele>
        <time>2022-06-19T11:23:52Z</time>
      </trkpt>
      <trkpt lat="43.170648" lon="-1.563673">
        <ele>758.173</ele>
        <time>2022-06-19T11:24:01Z</time>
      </trkpt>
      <trkpt lat="43.170683" lon="-1.563730">
        <ele>757.276</ele>
        <time>2022-06-19T11:25:42Z</time>
      </trkpt>
      <trkpt lat="43.170730" lon="-1.563775">
        <ele>758.815</ele>
        <time>2022-06-19T11:25:47Z</time>
      </trkpt>
      <trkpt lat="43.170767" lon="-1.563828">
        <ele>761.165</ele>
        <time>2022-06-19T11:25:54Z</time>
      </trkpt>
      <trkpt lat="43.170785" lon="-1.563891">
        <ele>765.011</ele>
        <time>2022-06-19T11:26:02Z</time>
      </trkpt>
      <trkpt lat="43.170817" lon="-1.563938">
        <ele>766.809</ele>
        <time>2022-06-19T11:26:10Z</time>
      </trkpt>
      <trkpt lat="43.170852" lon="-1.563986">
        <ele>769.892</ele>
        <time>2022-06-19T11:26:18Z</time>
      </trkpt>
      <trkpt lat="43.170892" lon="-1.564028">
        <ele>770.681</ele>
        <time>2022-06-19T11:26:24Z</time>
      </trkpt>
      <trkpt lat="43.170920" lon="-1.564083">
        <ele>770.676</ele>
        <time>2022-06-19T11:26:28Z</time>
      </trkpt>
      <trkpt lat="43.170965" lon="-1.564093">
        <ele>776.419</ele>
        <time>2022-06-19T11:27:12Z</time>
      </trkpt>
      <trkpt lat="43.170970" lon="-1.564156">
        <ele>774.656</ele>
        <time>2022-06-19T11:27:42Z</time>
      </trkpt>
      <trkpt lat="43.171005" lon="-1.564204">
        <ele>776.057</ele>
        <time>2022-06-19T11:27:47Z</time>
      </trkpt>
      <trkpt lat="43.171045" lon="-1.564247">
        <ele>777.072</ele>
        <time>2022-06-19T11:27:51Z</time>
      </trkpt>
      <trkpt lat="43.171090" lon="-1.564275">
        <ele>778.597</ele>
        <time>2022-06-19T11:27:55Z</time>
      </trkpt>
      <trkpt lat="43.171133" lon="-1.564303">
        <ele>779.370</ele>
        <time>2022-06-19T11:28:01Z</time>
      </trkpt>
      <trkpt lat="43.171181" lon="-1.564325">
        <ele>780.771</ele>
        <time>2022-06-19T11:28:06Z</time>
      </trkpt>
      <trkpt lat="43.171194" lon="-1.564392">
        <ele>778.341</ele>
        <time>2022-06-19T11:29:02Z</time>
      </trkpt>
      <trkpt lat="43.171234" lon="-1.564422">
        <ele>777.015</ele>
        <time>2022-06-19T11:29:05Z</time>
      </trkpt>
      <trkpt lat="43.171241" lon="-1.564490">
        <ele>778.909</ele>
        <time>2022-06-19T11:29:12Z</time>
      </trkpt>
      <trkpt lat="43.171264" lon="-1.564545">
        <ele>779.548</ele>
        <time>2022-06-19T11:29:17Z</time>
      </trkpt>
      <trkpt lat="43.171284" lon="-1.564603">
        <ele>782.537</ele>
        <time>2022-06-19T11:29:25Z</time>
      </trkpt>
      <trkpt lat="43.171324" lon="-1.564650">
        <ele>786.292</ele>
        <time>2022-06-19T11:29:31Z</time>
      </trkpt>
      <trkpt lat="43.171361" lon="-1.564695">
        <ele>791.945</ele>
        <time>2022-06-19T11:29:41Z</time>
      </trkpt>
      <trkpt lat="43.171399" lon="-1.564737">
        <ele>794.322</ele>
        <time>2022-06-19T11:29:47Z</time>
      </trkpt>
      <trkpt lat="43.171414" lon="-1.564799">
        <ele>793.233</ele>
        <time>2022-06-19T11:29:52Z</time>
      </trkpt>
      <trkpt lat="43.171431" lon="-1.564862">
        <ele>792.828</ele>
        <time>2022-06-19T11:29:59Z</time>
      </trkpt>
      <trkpt lat="43.171466" lon="-1.564904">
        <ele>792.413</ele>
        <time>2022-06-19T11:30:04Z</time>
      </trkpt>
      <trkpt lat="43.171481" lon="-1.564967">
        <ele>792.036</ele>
        <time>2022-06-19T11:30:10Z</time>
      </trkpt>
      <trkpt lat="43.171494" lon="-1.565027">
        <ele>790.723</ele>
        <time>2022-06-19T11:30:16Z</time>
      </trkpt>
      <trkpt lat="43.171501" lon="-1.565090">
        <ele>790.483</ele>
        <time>2022-06-19T11:30:22Z</time>
      </trkpt>
      <trkpt lat="43.171516" lon="-1.565152">
        <ele>793.211</ele>
        <time>2022-06-19T11:30:29Z</time>
      </trkpt>
      <trkpt lat="43.171563" lon="-1.565182">
        <ele>795.109</ele>
        <time>2022-06-19T11:30:36Z</time>
      </trkpt>
      <trkpt lat="43.171601" lon="-1.565220">
        <ele>796.673</ele>
        <time>2022-06-19T11:30:41Z</time>
      </trkpt>
      <trkpt lat="43.171628" lon="-1.565270">
        <ele>797.562</ele>
        <time>2022-06-19T11:30:47Z</time>
      </trkpt>
      <trkpt lat="43.171663" lon="-1.565318">
        <ele>799.067</ele>
        <time>2022-06-19T11:30:53Z</time>
      </trkpt>
      <trkpt lat="43.171678" lon="-1.565376">
        <ele>800.370</ele>
        <time>2022-06-19T11:31:00Z</time>
      </trkpt>
      <trkpt lat="43.171718" lon="-1.565413">
        <ele>802.157</ele>
        <time>2022-06-19T11:31:07Z</time>
      </trkpt>
      <trkpt lat="43.171751" lon="-1.565458">
        <ele>803.518</ele>
        <time>2022-06-19T11:31:13Z</time>
      </trkpt>
      <trkpt lat="43.171786" lon="-1.565501">
        <ele>805.273</ele>
        <time>2022-06-19T11:31:19Z</time>
      </trkpt>
      <trkpt lat="43.171806" lon="-1.565566">
        <ele>805.968</ele>
        <time>2022-06-19T11:31:36Z</time>
      </trkpt>
      <trkpt lat="43.171811" lon="-1.565628">
        <ele>804.771</ele>
        <time>2022-06-19T11:31:42Z</time>
      </trkpt>
      <trkpt lat="43.171823" lon="-1.565691">
        <ele>804.099</ele>
        <time>2022-06-19T11:31:48Z</time>
      </trkpt>
      <trkpt lat="43.171848" lon="-1.565753">
        <ele>804.807</ele>
        <time>2022-06-19T11:31:53Z</time>
      </trkpt>
      <trkpt lat="43.171860" lon="-1.565821">
        <ele>806.727</ele>
        <time>2022-06-19T11:32:02Z</time>
      </trkpt>
      <trkpt lat="43.171893" lon="-1.565868">
        <ele>808.409</ele>
        <time>2022-06-19T11:32:07Z</time>
      </trkpt>
      <trkpt lat="43.171938" lon="-1.565898">
        <ele>810.930</ele>
        <time>2022-06-19T11:32:12Z</time>
      </trkpt>
      <trkpt lat="43.171985" lon="-1.565910">
        <ele>813.369</ele>
        <time>2022-06-19T11:32:20Z</time>
      </trkpt>
      <trkpt lat="43.171998" lon="-1.565985">
        <ele>810.234</ele>
        <time>2022-06-19T11:32:48Z</time>
      </trkpt>
      <trkpt lat="43.172045" lon="-1.566017">
        <ele>810.747</ele>
        <time>2022-06-19T11:32:53Z</time>
      </trkpt>
      <trkpt lat="43.172082" lon="-1.566059">
        <ele>811.324</ele>
        <time>2022-06-19T11:32:58Z</time>
      </trkpt>
      <trkpt lat="43.172084" lon="-1.566122">
        <ele>812.665</ele>
        <time>2022-06-19T11:33:04Z</time>
      </trkpt>
      <trkpt lat="43.172111" lon="-1.566180">
        <ele>814.570</ele>
        <time>2022-06-19T11:33:12Z</time>
      </trkpt>
      <trkpt lat="43.172121" lon="-1.566245">
        <ele>814.995</ele>
        <time>2022-06-19T11:33:18Z</time>
      </trkpt>
      <trkpt lat="43.172158" lon="-1.566285">
        <ele>818.958</ele>
        <time>2022-06-19T11:33:26Z</time>
      </trkpt>
      <trkpt lat="43.172185" lon="-1.566337">
        <ele>822.332</ele>
        <time>2022-06-19T11:33:39Z</time>
      </trkpt>
      <trkpt lat="43.172225" lon="-1.566377">
        <ele>824.092</ele>
        <time>2022-06-19T11:33:45Z</time>
      </trkpt>
      <trkpt lat="43.172262" lon="-1.566419">
        <ele>825.811</ele>
        <time>2022-06-19T11:33:52Z</time>
      </trkpt>
      <trkpt lat="43.172285" lon="-1.566472">
        <ele>825.809</ele>
        <time>2022-06-19T11:33:58Z</time>
      </trkpt>
      <trkpt lat="43.172280" lon="-1.566537">
        <ele>827.384</ele>
        <time>2022-06-19T11:34:05Z</time>
      </trkpt>
      <trkpt lat="43.172307" lon="-1.566599">
        <ele>829.843</ele>
        <time>2022-06-19T11:34:16Z</time>
      </trkpt>
      <trkpt lat="43.172340" lon="-1.566646">
        <ele>830.638</ele>
        <time>2022-06-19T11:34:22Z</time>
      </trkpt>
      <trkpt lat="43.172362" lon="-1.566703">
        <ele>832.021</ele>
        <time>2022-06-19T11:34:29Z</time>
      </trkpt>
      <trkpt lat="43.172395" lon="-1.566758">
        <ele>833.788</ele>
        <time>2022-06-19T11:34:35Z</time>
      </trkpt>
      <trkpt lat="43.172410" lon="-1.566816">
        <ele>835.669</ele>
        <time>2022-06-19T11:34:43Z</time>
      </trkpt>
      <trkpt lat="43.172440" lon="-1.566879">
        <ele>836.254</ele>
        <time>2022-06-19T11:35:17Z</time>
      </trkpt>
      <trkpt lat="43.172485" lon="-1.566912">
        <ele>835.799</ele>
        <time>2022-06-19T11:35:21Z</time>
      </trkpt>
      <trkpt lat="43.172513" lon="-1.566962">
        <ele>834.722</ele>
        <time>2022-06-19T11:35:27Z</time>
      </trkpt>
      <trkpt lat="43.172528" lon="-1.567027">
        <ele>835.167</ele>
        <time>2022-06-19T11:35:34Z</time>
      </trkpt>
      <trkpt lat="43.172558" lon="-1.567080">
        <ele>837.581</ele>
        <time>2022-06-19T11:35:40Z</time>
      </trkpt>
      <trkpt lat="43.172588" lon="-1.567130">
        <ele>839.819</ele>
        <time>2022-06-19T11:35:46Z</time>
      </trkpt>
      <trkpt lat="43.172611" lon="-1.567183">
        <ele>841.609</ele>
        <time>2022-06-19T11:35:52Z</time>
      </trkpt>
      <trkpt lat="43.172621" lon="-1.567248">
        <ele>841.657</ele>
        <time>2022-06-19T11:35:59Z</time>
      </trkpt>
      <trkpt lat="43.172641" lon="-1.567311">
        <ele>842.496</ele>
        <time>2022-06-19T11:36:05Z</time>
      </trkpt>
      <trkpt lat="43.172673" lon="-1.567358">
        <ele>843.921</ele>
        <time>2022-06-19T11:36:11Z</time>
      </trkpt>
      <trkpt lat="43.172701" lon="-1.567418">
        <ele>844.444</ele>
        <time>2022-06-19T11:36:16Z</time>
      </trkpt>
      <trkpt lat="43.172734" lon="-1.567463">
        <ele>846.161</ele>
        <time>2022-06-19T11:36:22Z</time>
      </trkpt>
      <trkpt lat="43.172781" lon="-1.567503">
        <ele>851.742</ele>
        <time>2022-06-19T11:37:33Z</time>
      </trkpt>
      <trkpt lat="43.172833" lon="-1.567510">
        <ele>854.617</ele>
        <time>2022-06-19T11:37:38Z</time>
      </trkpt>
      <trkpt lat="43.172881" lon="-1.567513">
        <ele>856.912</ele>
        <time>2022-06-19T11:37:43Z</time>
      </trkpt>
      <trkpt lat="43.172924" lon="-1.567478">
        <ele>860.965</ele>
        <time>2022-06-19T11:37:49Z</time>
      </trkpt>
      <trkpt lat="43.172971" lon="-1.567455">
        <ele>862.381</ele>
        <time>2022-06-19T11:37:54Z</time>
      </trkpt>
      <trkpt lat="43.173016" lon="-1.567435">
        <ele>864.061</ele>
        <time>2022-06-19T11:37:59Z</time>
      </trkpt>
      <trkpt lat="43.173068" lon="-1.567415">
        <ele>864.817</ele>
        <time>2022-06-19T11:38:04Z</time>
      </trkpt>
      <trkpt lat="43.173115" lon="-1.567400">
        <ele>865.309</ele>
        <time>2022-06-19T11:38:08Z</time>
      </trkpt>
      <trkpt lat="43.173168" lon="-1.567393">
        <ele>864.419</ele>
        <time>2022-06-19T11:38:13Z</time>
      </trkpt>
      <trkpt lat="43.173218" lon="-1.567365">
        <ele>864.248</ele>
        <time>2022-06-19T11:38:18Z</time>
      </trkpt>
      <trkpt lat="43.173270" lon="-1.567370">
        <ele>864.853</ele>
        <time>2022-06-19T11:38:24Z</time>
      </trkpt>
      <trkpt lat="43.173320" lon="-1.567360">
        <ele>865.256</ele>
        <time>2022-06-19T11:38:29Z</time>
      </trkpt>
      <trkpt lat="43.173365" lon="-1.567372">
        <ele>866.093</ele>
        <time>2022-06-19T11:38:34Z</time>
      </trkpt>
      <trkpt lat="43.173418" lon="-1.567369">
        <ele>868.374</ele>
        <time>2022-06-19T11:38:40Z</time>
      </trkpt>
      <trkpt lat="43.173463" lon="-1.567366">
        <ele>869.259</ele>
        <time>2022-06-19T11:38:44Z</time>
      </trkpt>
      <trkpt lat="43.173513" lon="-1.567359">
        <ele>871.124</ele>
        <time>2022-06-19T11:38:49Z</time>
      </trkpt>
      <trkpt lat="43.173560" lon="-1.567366">
        <ele>872.157</ele>
        <time>2022-06-19T11:38:54Z</time>
      </trkpt>
      <trkpt lat="43.173613" lon="-1.567373">
        <ele>872.417</ele>
        <time>2022-06-19T11:38:59Z</time>
      </trkpt>
      <trkpt lat="43.173665" lon="-1.567381">
        <ele>872.087</ele>
        <time>2022-06-19T11:39:05Z</time>
      </trkpt>
      <trkpt lat="43.173713" lon="-1.567383">
        <ele>871.115</ele>
        <time>2022-06-19T11:39:10Z</time>
      </trkpt>
      <trkpt lat="43.173756" lon="-1.567400">
        <ele>870.709</ele>
        <time>2022-06-19T11:39:14Z</time>
      </trkpt>
      <trkpt lat="43.173804" lon="-1.567415">
        <ele>870.272</ele>
        <time>2022-06-19T11:39:20Z</time>
      </trkpt>
      <trkpt lat="43.173839" lon="-1.567462">
        <ele>870.421</ele>
        <time>2022-06-19T11:39:26Z</time>
      </trkpt>
      <trkpt lat="43.173872" lon="-1.567512">
        <ele>871.976</ele>
        <time>2022-06-19T11:39:31Z</time>
      </trkpt>
      <trkpt lat="43.173880" lon="-1.567577">
        <ele>867.269</ele>
        <time>2022-06-19T11:41:00Z</time>
      </trkpt>
      <trkpt lat="43.173918" lon="-1.567544">
        <ele>872.526</ele>
        <time>2022-06-19T11:42:20Z</time>
      </trkpt>
      <trkpt lat="43.173860" lon="-1.567569">
        <ele>872.667</ele>
        <time>2022-06-19T11:43:01Z</time>
      </trkpt>
      <trkpt lat="43.173927" lon="-1.567554">
        <ele>874.172</ele>
        <time>2022-06-19T11:44:33Z</time>
      </trkpt>
      <trkpt lat="43.173960" lon="-1.567511">
        <ele>872.627</ele>
        <time>2022-06-19T11:44:39Z</time>
      </trkpt>
      <trkpt lat="43.173973" lon="-1.567441">
        <ele>872.840</ele>
        <time>2022-06-19T11:44:47Z</time>
      </trkpt>
      <trkpt lat="43.173930" lon="-1.567476">
        <ele>868.258</ele>
        <time>2022-06-19T11:45:29Z</time>
      </trkpt>
      <trkpt lat="43.173907" lon="-1.567531">
        <ele>866.952</ele>
        <time>2022-06-19T11:45:35Z</time>
      </trkpt>
      <trkpt lat="43.173927" lon="-1.567461">
        <ele>869.517</ele>
        <time>2022-06-19T11:45:49Z</time>
      </trkpt>
      <trkpt lat="43.173965" lon="-1.567426">
        <ele>874.909</ele>
        <time>2022-06-19T11:46:43Z</time>
      </trkpt>
      <trkpt lat="43.173923" lon="-1.567456">
        <ele>867.116</ele>
        <time>2022-06-19T11:49:22Z</time>
      </trkpt>
      <trkpt lat="43.173880" lon="-1.567484">
        <ele>866.615</ele>
        <time>2022-06-19T11:51:13Z</time>
      </trkpt>
      <trkpt lat="43.173840" lon="-1.567444">
        <ele>867.880</ele>
        <time>2022-06-19T11:52:13Z</time>
      </trkpt>
      <trkpt lat="43.173785" lon="-1.567444">
        <ele>864.593</ele>
        <time>2022-06-19T11:52:18Z</time>
      </trkpt>
      <trkpt lat="43.173738" lon="-1.567462">
        <ele>861.340</ele>
        <time>2022-06-19T11:52:23Z</time>
      </trkpt>
      <trkpt lat="43.173690" lon="-1.567470">
        <ele>856.611</ele>
        <time>2022-06-19T11:52:31Z</time>
      </trkpt>
      <trkpt lat="43.173648" lon="-1.567493">
        <ele>854.956</ele>
        <time>2022-06-19T11:52:36Z</time>
      </trkpt>
      <trkpt lat="43.173591" lon="-1.567501">
        <ele>855.991</ele>
        <time>2022-06-19T11:52:41Z</time>
      </trkpt>
      <trkpt lat="43.173544" lon="-1.567504">
        <ele>858.014</ele>
        <time>2022-06-19T11:52:46Z</time>
      </trkpt>
      <trkpt lat="43.173499" lon="-1.567479">
        <ele>859.474</ele>
        <time>2022-06-19T11:52:51Z</time>
      </trkpt>
      <trkpt lat="43.173461" lon="-1.567417">
        <ele>861.756</ele>
        <time>2022-06-19T11:52:56Z</time>
      </trkpt>
      <trkpt lat="43.173411" lon="-1.567400">
        <ele>861.221</ele>
        <time>2022-06-19T11:53:00Z</time>
      </trkpt>
      <trkpt lat="43.173359" lon="-1.567402">
        <ele>859.909</ele>
        <time>2022-06-19T11:53:04Z</time>
      </trkpt>
      <trkpt lat="43.173307" lon="-1.567405">
        <ele>858.558</ele>
        <time>2022-06-19T11:53:08Z</time>
      </trkpt>
      <trkpt lat="43.173255" lon="-1.567410">
        <ele>857.397</ele>
        <time>2022-06-19T11:53:12Z</time>
      </trkpt>
      <trkpt lat="43.173205" lon="-1.567403">
        <ele>855.912</ele>
        <time>2022-06-19T11:53:16Z</time>
      </trkpt>
      <trkpt lat="43.173162" lon="-1.567426">
        <ele>855.235</ele>
        <time>2022-06-19T11:53:19Z</time>
      </trkpt>
      <trkpt lat="43.173107" lon="-1.567436">
        <ele>855.232</ele>
        <time>2022-06-19T11:53:23Z</time>
      </trkpt>
      <trkpt lat="43.173052" lon="-1.567443">
        <ele>854.963</ele>
        <time>2022-06-19T11:53:27Z</time>
      </trkpt>
      <trkpt lat="43.173000" lon="-1.567470">
        <ele>855.078</ele>
        <time>2022-06-19T11:53:31Z</time>
      </trkpt>
      <trkpt lat="43.172955" lon="-1.567500">
        <ele>855.113</ele>
        <time>2022-06-19T11:53:35Z</time>
      </trkpt>
      <trkpt lat="43.172908" lon="-1.567487">
        <ele>855.886</ele>
        <time>2022-06-19T11:53:38Z</time>
      </trkpt>
      <trkpt lat="43.172866" lon="-1.567460">
        <ele>855.828</ele>
        <time>2022-06-19T11:53:41Z</time>
      </trkpt>
      <trkpt lat="43.172823" lon="-1.567432">
        <ele>856.089</ele>
        <time>2022-06-19T11:53:44Z</time>
      </trkpt>
      <trkpt lat="43.172793" lon="-1.567372">
        <ele>856.517</ele>
        <time>2022-06-19T11:53:47Z</time>
      </trkpt>
      <trkpt lat="43.172761" lon="-1.567297">
        <ele>855.309</ele>
        <time>2022-06-19T11:53:50Z</time>
      </trkpt>
      <trkpt lat="43.172738" lon="-1.567240">
        <ele>854.243</ele>
        <time>2022-06-19T11:53:53Z</time>
      </trkpt>
      <trkpt lat="43.172700" lon="-1.567185">
        <ele>853.042</ele>
        <time>2022-06-19T11:53:56Z</time>
      </trkpt>
      <trkpt lat="43.172655" lon="-1.567133">
        <ele>851.157</ele>
        <time>2022-06-19T11:53:59Z</time>
      </trkpt>
      <trkpt lat="43.172602" lon="-1.567096">
        <ele>849.020</ele>
        <time>2022-06-19T11:54:02Z</time>
      </trkpt>
      <trkpt lat="43.172555" lon="-1.567053">
        <ele>847.137</ele>
        <time>2022-06-19T11:54:05Z</time>
      </trkpt>
      <trkpt lat="43.172520" lon="-1.567005">
        <ele>846.238</ele>
        <time>2022-06-19T11:54:07Z</time>
      </trkpt>
      <trkpt lat="43.172490" lon="-1.566942">
        <ele>844.553</ele>
        <time>2022-06-19T11:54:10Z</time>
      </trkpt>
      <trkpt lat="43.172450" lon="-1.566877">
        <ele>843.268</ele>
        <time>2022-06-19T11:54:13Z</time>
      </trkpt>
      <trkpt lat="43.172405" lon="-1.566810">
        <ele>842.051</ele>
        <time>2022-06-19T11:54:16Z</time>
      </trkpt>
      <trkpt lat="43.172367" lon="-1.566753">
        <ele>840.834</ele>
        <time>2022-06-19T11:54:18Z</time>
      </trkpt>
      <trkpt lat="43.172354" lon="-1.566691">
        <ele>839.955</ele>
        <time>2022-06-19T11:54:20Z</time>
      </trkpt>
      <trkpt lat="43.172327" lon="-1.566611">
        <ele>838.210</ele>
        <time>2022-06-19T11:54:23Z</time>
      </trkpt>
      <trkpt lat="43.172309" lon="-1.566554">
        <ele>837.509</ele>
        <time>2022-06-19T11:54:25Z</time>
      </trkpt>
      <trkpt lat="43.172276" lon="-1.566484">
        <ele>835.984</ele>
        <time>2022-06-19T11:54:28Z</time>
      </trkpt>
      <trkpt lat="43.172256" lon="-1.566417">
        <ele>833.553</ele>
        <time>2022-06-19T11:54:31Z</time>
      </trkpt>
      <trkpt lat="43.172218" lon="-1.566359">
        <ele>831.758</ele>
        <time>2022-06-19T11:54:34Z</time>
      </trkpt>
      <trkpt lat="43.172170" lon="-1.566316">
        <ele>828.191</ele>
        <time>2022-06-19T11:54:38Z</time>
      </trkpt>
      <trkpt lat="43.172137" lon="-1.566258">
        <ele>827.828</ele>
        <time>2022-06-19T11:54:41Z</time>
      </trkpt>
      <trkpt lat="43.172105" lon="-1.566190">
        <ele>826.239</ele>
        <time>2022-06-19T11:54:44Z</time>
      </trkpt>
      <trkpt lat="43.172078" lon="-1.566132">
        <ele>824.134</ele>
        <time>2022-06-19T11:54:47Z</time>
      </trkpt>
      <trkpt lat="43.172048" lon="-1.566054">
        <ele>822.059</ele>
        <time>2022-06-19T11:54:50Z</time>
      </trkpt>
      <trkpt lat="43.172011" lon="-1.565977">
        <ele>819.742</ele>
        <time>2022-06-19T11:54:53Z</time>
      </trkpt>
      <trkpt lat="43.171974" lon="-1.565899">
        <ele>817.394</ele>
        <time>2022-06-19T11:54:56Z</time>
      </trkpt>
      <trkpt lat="43.171961" lon="-1.565836">
        <ele>817.057</ele>
        <time>2022-06-19T11:54:59Z</time>
      </trkpt>
      <trkpt lat="43.171939" lon="-1.565768">
        <ele>815.722</ele>
        <time>2022-06-19T11:55:03Z</time>
      </trkpt>
      <trkpt lat="43.171892" lon="-1.565746">
        <ele>814.309</ele>
        <time>2022-06-19T11:55:06Z</time>
      </trkpt>
      <trkpt lat="43.171865" lon="-1.565679">
        <ele>814.480</ele>
        <time>2022-06-19T11:55:09Z</time>
      </trkpt>
      <trkpt lat="43.171840" lon="-1.565604">
        <ele>813.219</ele>
        <time>2022-06-19T11:55:12Z</time>
      </trkpt>
      <trkpt lat="43.171802" lon="-1.565562">
        <ele>811.784</ele>
        <time>2022-06-19T11:55:15Z</time>
      </trkpt>
      <trkpt lat="43.171785" lon="-1.565500">
        <ele>809.097</ele>
        <time>2022-06-19T11:55:19Z</time>
      </trkpt>
      <trkpt lat="43.171767" lon="-1.565427">
        <ele>807.174</ele>
        <time>2022-06-19T11:55:23Z</time>
      </trkpt>
      <trkpt lat="43.171732" lon="-1.565382">
        <ele>805.715</ele>
        <time>2022-06-19T11:55:27Z</time>
      </trkpt>
      <trkpt lat="43.171704" lon="-1.565330">
        <ele>803.640</ele>
        <time>2022-06-19T11:55:30Z</time>
      </trkpt>
      <trkpt lat="43.171677" lon="-1.565278">
        <ele>801.985</ele>
        <time>2022-06-19T11:55:33Z</time>
      </trkpt>
      <trkpt lat="43.171649" lon="-1.565230">
        <ele>799.868</ele>
        <time>2022-06-19T11:55:37Z</time>
      </trkpt>
      <trkpt lat="43.171611" lon="-1.565177">
        <ele>798.668</ele>
        <time>2022-06-19T11:55:41Z</time>
      </trkpt>
      <trkpt lat="43.171574" lon="-1.565125">
        <ele>797.842</ele>
        <time>2022-06-19T11:55:45Z</time>
      </trkpt>
      <trkpt lat="43.171549" lon="-1.565070">
        <ele>796.226</ele>
        <time>2022-06-19T11:55:48Z</time>
      </trkpt>
      <trkpt lat="43.171511" lon="-1.565008">
        <ele>793.909</ele>
        <time>2022-06-19T11:55:52Z</time>
      </trkpt>
      <trkpt lat="43.171488" lon="-1.564948">
        <ele>791.447</ele>
        <time>2022-06-19T11:55:56Z</time>
      </trkpt>
      <trkpt lat="43.171460" lon="-1.564895">
        <ele>790.956</ele>
        <time>2022-06-19T11:56:01Z</time>
      </trkpt>
      <trkpt lat="43.171427" lon="-1.564840">
        <ele>789.541</ele>
        <time>2022-06-19T11:56:05Z</time>
      </trkpt>
      <trkpt lat="43.171407" lon="-1.564783">
        <ele>788.884</ele>
        <time>2022-06-19T11:56:08Z</time>
      </trkpt>
      <trkpt lat="43.171374" lon="-1.564736">
        <ele>786.851</ele>
        <time>2022-06-19T11:56:11Z</time>
      </trkpt>
      <trkpt lat="43.171334" lon="-1.564686">
        <ele>784.732</ele>
        <time>2022-06-19T11:56:15Z</time>
      </trkpt>
      <trkpt lat="43.171301" lon="-1.564636">
        <ele>783.027</ele>
        <time>2022-06-19T11:56:18Z</time>
      </trkpt>
      <trkpt lat="43.171274" lon="-1.564578">
        <ele>782.112</ele>
        <time>2022-06-19T11:56:21Z</time>
      </trkpt>
      <trkpt lat="43.171246" lon="-1.564518">
        <ele>781.425</ele>
        <time>2022-06-19T11:56:24Z</time>
      </trkpt>
      <trkpt lat="43.171223" lon="-1.564455">
        <ele>780.467</ele>
        <time>2022-06-19T11:56:28Z</time>
      </trkpt>
      <trkpt lat="43.171195" lon="-1.564400">
        <ele>779.881</ele>
        <time>2022-06-19T11:56:32Z</time>
      </trkpt>
      <trkpt lat="43.171160" lon="-1.564342">
        <ele>780.019</ele>
        <time>2022-06-19T11:56:36Z</time>
      </trkpt>
      <trkpt lat="43.171125" lon="-1.564297">
        <ele>779.909</ele>
        <time>2022-06-19T11:56:39Z</time>
      </trkpt>
      <trkpt lat="43.171085" lon="-1.564264">
        <ele>779.737</ele>
        <time>2022-06-19T11:56:43Z</time>
      </trkpt>
      <trkpt lat="43.171060" lon="-1.564211">
        <ele>780.226</ele>
        <time>2022-06-19T11:56:47Z</time>
      </trkpt>
      <trkpt lat="43.171022" lon="-1.564171">
        <ele>780.491</ele>
        <time>2022-06-19T11:56:51Z</time>
      </trkpt>
      <trkpt lat="43.170975" lon="-1.564128">
        <ele>780.814</ele>
        <time>2022-06-19T11:56:55Z</time>
      </trkpt>
      <trkpt lat="43.170938" lon="-1.564086">
        <ele>779.141</ele>
        <time>2022-06-19T11:56:59Z</time>
      </trkpt>
      <trkpt lat="43.170900" lon="-1.564046">
        <ele>777.552</ele>
        <time>2022-06-19T11:57:03Z</time>
      </trkpt>
      <trkpt lat="43.170858" lon="-1.564009">
        <ele>776.487</ele>
        <time>2022-06-19T11:57:08Z</time>
      </trkpt>
      <trkpt lat="43.170825" lon="-1.563947">
        <ele>775.722</ele>
        <time>2022-06-19T11:57:14Z</time>
      </trkpt>
      <trkpt lat="43.170798" lon="-1.563897">
        <ele>773.685</ele>
        <time>2022-06-19T11:57:20Z</time>
      </trkpt>
      <trkpt lat="43.170768" lon="-1.563850">
        <ele>772.315</ele>
        <time>2022-06-19T11:57:24Z</time>
      </trkpt>
      <trkpt lat="43.170736" lon="-1.563802">
        <ele>770.165</ele>
        <time>2022-06-19T11:57:28Z</time>
      </trkpt>
      <trkpt lat="43.170701" lon="-1.563757">
        <ele>768.811</ele>
        <time>2022-06-19T11:57:32Z</time>
      </trkpt>
      <trkpt lat="43.170674" lon="-1.563707">
        <ele>768.309</ele>
        <time>2022-06-19T11:57:36Z</time>
      </trkpt>
      <trkpt lat="43.170634" lon="-1.563650">
        <ele>766.882</ele>
        <time>2022-06-19T11:57:41Z</time>
      </trkpt>
      <trkpt lat="43.170599" lon="-1.563603">
        <ele>766.111</ele>
        <time>2022-06-19T11:57:44Z</time>
      </trkpt>
      <trkpt lat="43.170566" lon="-1.563558">
        <ele>764.796</ele>
        <time>2022-06-19T11:57:48Z</time>
      </trkpt>
      <trkpt lat="43.170533" lon="-1.563508">
        <ele>762.759</ele>
        <time>2022-06-19T11:57:52Z</time>
      </trkpt>
      <trkpt lat="43.170520" lon="-1.563436">
        <ele>761.736</ele>
        <time>2022-06-19T11:57:56Z</time>
      </trkpt>
      <trkpt lat="43.170493" lon="-1.563369">
        <ele>759.967</ele>
        <time>2022-06-19T11:58:01Z</time>
      </trkpt>
      <trkpt lat="43.170460" lon="-1.563307">
        <ele>757.432</ele>
        <time>2022-06-19T11:58:06Z</time>
      </trkpt>
      <trkpt lat="43.170422" lon="-1.563269">
        <ele>755.567</ele>
        <time>2022-06-19T11:58:11Z</time>
      </trkpt>
      <trkpt lat="43.170405" lon="-1.563196">
        <ele>752.890</ele>
        <time>2022-06-19T11:58:17Z</time>
      </trkpt>
      <trkpt lat="43.170385" lon="-1.563124">
        <ele>750.979</ele>
        <time>2022-06-19T11:58:22Z</time>
      </trkpt>
      <trkpt lat="43.170345" lon="-1.563091">
        <ele>749.005</ele>
        <time>2022-06-19T11:58:26Z</time>
      </trkpt>
      <trkpt lat="43.170298" lon="-1.563088">
        <ele>746.525</ele>
        <time>2022-06-19T11:58:32Z</time>
      </trkpt>
      <trkpt lat="43.170253" lon="-1.563076">
        <ele>744.209</ele>
        <time>2022-06-19T11:58:36Z</time>
      </trkpt>
      <trkpt lat="43.170206" lon="-1.563046">
        <ele>741.838</ele>
        <time>2022-06-19T11:58:40Z</time>
      </trkpt>
      <trkpt lat="43.170156" lon="-1.563039">
        <ele>738.757</ele>
        <time>2022-06-19T11:58:44Z</time>
      </trkpt>
      <trkpt lat="43.170101" lon="-1.563027">
        <ele>736.652</ele>
        <time>2022-06-19T11:58:48Z</time>
      </trkpt>
      <trkpt lat="43.170053" lon="-1.563044">
        <ele>734.375</ele>
        <time>2022-06-19T11:58:52Z</time>
      </trkpt>
      <trkpt lat="43.170013" lon="-1.563092">
        <ele>731.032</ele>
        <time>2022-06-19T11:58:58Z</time>
      </trkpt>
      <trkpt lat="43.169971" lon="-1.563132">
        <ele>728.543</ele>
        <time>2022-06-19T11:59:05Z</time>
      </trkpt>
      <trkpt lat="43.169941" lon="-1.563179">
        <ele>726.168</ele>
        <time>2022-06-19T11:59:12Z</time>
      </trkpt>
      <trkpt lat="43.169906" lon="-1.563221">
        <ele>724.373</ele>
        <time>2022-06-19T11:59:17Z</time>
      </trkpt>
      <trkpt lat="43.169899" lon="-1.563293">
        <ele>722.826</ele>
        <time>2022-06-19T11:59:23Z</time>
      </trkpt>
      <trkpt lat="43.169864" lon="-1.563340">
        <ele>722.647</ele>
        <time>2022-06-19T11:59:27Z</time>
      </trkpt>
      <trkpt lat="43.169839" lon="-1.563397">
        <ele>721.129</ele>
        <time>2022-06-19T11:59:32Z</time>
      </trkpt>
      <trkpt lat="43.169804" lon="-1.563440">
        <ele>719.321</ele>
        <time>2022-06-19T11:59:36Z</time>
      </trkpt>
      <trkpt lat="43.169759" lon="-1.563462">
        <ele>718.609</ele>
        <time>2022-06-19T11:59:41Z</time>
      </trkpt>
      <trkpt lat="43.169739" lon="-1.563530">
        <ele>716.185</ele>
        <time>2022-06-19T11:59:46Z</time>
      </trkpt>
      <trkpt lat="43.169716" lon="-1.563592">
        <ele>714.134</ele>
        <time>2022-06-19T11:59:51Z</time>
      </trkpt>
      <trkpt lat="43.169693" lon="-1.563664">
        <ele>712.419</ele>
        <time>2022-06-19T11:59:56Z</time>
      </trkpt>
      <trkpt lat="43.169673" lon="-1.563726">
        <ele>711.422</ele>
        <time>2022-06-19T12:00:01Z</time>
      </trkpt>
      <trkpt lat="43.169645" lon="-1.563801">
        <ele>710.079</ele>
        <time>2022-06-19T12:00:07Z</time>
      </trkpt>
      <trkpt lat="43.169633" lon="-1.563864">
        <ele>709.750</ele>
        <time>2022-06-19T12:00:11Z</time>
      </trkpt>
      <trkpt lat="43.169615" lon="-1.563929">
        <ele>710.095</ele>
        <time>2022-06-19T12:00:15Z</time>
      </trkpt>
      <trkpt lat="43.169603" lon="-1.563996">
        <ele>709.860</ele>
        <time>2022-06-19T12:00:18Z</time>
      </trkpt>
      <trkpt lat="43.169596" lon="-1.564081">
        <ele>709.993</ele>
        <time>2022-06-19T12:00:22Z</time>
      </trkpt>
      <trkpt lat="43.169576" lon="-1.564139">
        <ele>708.591</ele>
        <time>2022-06-19T12:00:26Z</time>
      </trkpt>
      <trkpt lat="43.169531" lon="-1.564161">
        <ele>708.281</ele>
        <time>2022-06-19T12:00:30Z</time>
      </trkpt>
      <trkpt lat="43.169479" lon="-1.564104">
        <ele>707.419</ele>
        <time>2022-06-19T12:00:40Z</time>
      </trkpt>
      <trkpt lat="43.169446" lon="-1.564054">
        <ele>706.109</ele>
        <time>2022-06-19T12:00:44Z</time>
      </trkpt>
      <trkpt lat="43.169416" lon="-1.563989">
        <ele>705.130</ele>
        <time>2022-06-19T12:00:48Z</time>
      </trkpt>
      <trkpt lat="43.169398" lon="-1.563929">
        <ele>705.279</ele>
        <time>2022-06-19T12:00:51Z</time>
      </trkpt>
      <trkpt lat="43.169381" lon="-1.563864">
        <ele>705.664</ele>
        <time>2022-06-19T12:00:56Z</time>
      </trkpt>
      <trkpt lat="43.169358" lon="-1.563802">
        <ele>704.817</ele>
        <time>2022-06-19T12:01:02Z</time>
      </trkpt>
      <trkpt lat="43.169318" lon="-1.563764">
        <ele>703.924</ele>
        <time>2022-06-19T12:01:09Z</time>
      </trkpt>
      <trkpt lat="43.169288" lon="-1.563709">
        <ele>703.945</ele>
        <time>2022-06-19T12:01:12Z</time>
      </trkpt>
      <trkpt lat="43.169265" lon="-1.563649">
        <ele>704.250</ele>
        <time>2022-06-19T12:01:15Z</time>
      </trkpt>
      <trkpt lat="43.169245" lon="-1.563587">
        <ele>702.915</ele>
        <time>2022-06-19T12:01:20Z</time>
      </trkpt>
      <trkpt lat="43.169228" lon="-1.563527">
        <ele>701.998</ele>
        <time>2022-06-19T12:01:23Z</time>
      </trkpt>
      <trkpt lat="43.169205" lon="-1.563462">
        <ele>701.125</ele>
        <time>2022-06-19T12:01:27Z</time>
      </trkpt>
      <trkpt lat="43.169180" lon="-1.563395">
        <ele>701.326</ele>
        <time>2022-06-19T12:01:31Z</time>
      </trkpt>
      <trkpt lat="43.169162" lon="-1.563328">
        <ele>702.108</ele>
        <time>2022-06-19T12:01:34Z</time>
      </trkpt>
      <trkpt lat="43.169147" lon="-1.563268">
        <ele>700.909</ele>
        <time>2022-06-19T12:01:38Z</time>
      </trkpt>
      <trkpt lat="43.169125" lon="-1.563211">
        <ele>699.843</ele>
        <time>2022-06-19T12:01:41Z</time>
      </trkpt>
      <trkpt lat="43.169100" lon="-1.563156">
        <ele>698.262</ele>
        <time>2022-06-19T12:01:44Z</time>
      </trkpt>
      <trkpt lat="43.169073" lon="-1.563101">
        <ele>696.377</ele>
        <time>2022-06-19T12:01:47Z</time>
      </trkpt>
      <trkpt lat="43.169063" lon="-1.563034">
        <ele>697.520</ele>
        <time>2022-06-19T12:01:51Z</time>
      </trkpt>
      <trkpt lat="43.169040" lon="-1.562964">
        <ele>695.237</ele>
        <time>2022-06-19T12:01:57Z</time>
      </trkpt>
      <trkpt lat="43.169015" lon="-1.562896">
        <ele>693.798</ele>
        <time>2022-06-19T12:02:02Z</time>
      </trkpt>
      <trkpt lat="43.168987" lon="-1.562829">
        <ele>691.743</ele>
        <time>2022-06-19T12:02:06Z</time>
      </trkpt>
      <trkpt lat="43.168960" lon="-1.562772">
        <ele>690.418</ele>
        <time>2022-06-19T12:02:11Z</time>
      </trkpt>
      <trkpt lat="43.168933" lon="-1.562702">
        <ele>688.931</ele>
        <time>2022-06-19T12:02:14Z</time>
      </trkpt>
      <trkpt lat="43.168891" lon="-1.562634">
        <ele>687.733</ele>
        <time>2022-06-19T12:02:17Z</time>
      </trkpt>
      <trkpt lat="43.168866" lon="-1.562579">
        <ele>686.223</ele>
        <time>2022-06-19T12:02:20Z</time>
      </trkpt>
      <trkpt lat="43.168841" lon="-1.562522">
        <ele>684.515</ele>
        <time>2022-06-19T12:02:24Z</time>
      </trkpt>
      <trkpt lat="43.168811" lon="-1.562457">
        <ele>681.209</ele>
        <time>2022-06-19T12:02:28Z</time>
      </trkpt>
      <trkpt lat="43.168778" lon="-1.562405">
        <ele>679.694</ele>
        <time>2022-06-19T12:02:32Z</time>
      </trkpt>
      <trkpt lat="43.168750" lon="-1.562348">
        <ele>679.213</ele>
        <time>2022-06-19T12:02:36Z</time>
      </trkpt>
      <trkpt lat="43.168722" lon="-1.562285">
        <ele>677.248</ele>
        <time>2022-06-19T12:02:40Z</time>
      </trkpt>
      <trkpt lat="43.168695" lon="-1.562225">
        <ele>676.261</ele>
        <time>2022-06-19T12:02:45Z</time>
      </trkpt>
      <trkpt lat="43.168667" lon="-1.562173">
        <ele>675.018</ele>
        <time>2022-06-19T12:02:49Z</time>
      </trkpt>
      <trkpt lat="43.168642" lon="-1.562120">
        <ele>674.579</ele>
        <time>2022-06-19T12:02:53Z</time>
      </trkpt>
      <trkpt lat="43.168615" lon="-1.562053">
        <ele>673.064</ele>
        <time>2022-06-19T12:02:59Z</time>
      </trkpt>
      <trkpt lat="43.168588" lon="-1.561991">
        <ele>673.689</ele>
        <time>2022-06-19T12:03:03Z</time>
      </trkpt>
      <trkpt lat="43.168561" lon="-1.561924">
        <ele>674.952</ele>
        <time>2022-06-19T12:03:08Z</time>
      </trkpt>
      <trkpt lat="43.168533" lon="-1.561851">
        <ele>674.689</ele>
        <time>2022-06-19T12:03:12Z</time>
      </trkpt>
      <trkpt lat="43.168505" lon="-1.561799">
        <ele>673.806</ele>
        <time>2022-06-19T12:03:15Z</time>
      </trkpt>
      <trkpt lat="43.168468" lon="-1.561744">
        <ele>673.926</ele>
        <time>2022-06-19T12:03:19Z</time>
      </trkpt>
      <trkpt lat="43.168440" lon="-1.561684">
        <ele>673.409</ele>
        <time>2022-06-19T12:03:23Z</time>
      </trkpt>
      <trkpt lat="43.168413" lon="-1.561631">
        <ele>672.659</ele>
        <time>2022-06-19T12:03:27Z</time>
      </trkpt>
      <trkpt lat="43.168371" lon="-1.561586">
        <ele>671.568</ele>
        <time>2022-06-19T12:03:31Z</time>
      </trkpt>
      <trkpt lat="43.168336" lon="-1.561529">
        <ele>670.673</ele>
        <time>2022-06-19T12:03:35Z</time>
      </trkpt>
      <trkpt lat="43.168308" lon="-1.561472">
        <ele>669.846</ele>
        <time>2022-06-19T12:03:38Z</time>
      </trkpt>
      <trkpt lat="43.168285" lon="-1.561419">
        <ele>668.723</ele>
        <time>2022-06-19T12:03:41Z</time>
      </trkpt>
      <trkpt lat="43.168255" lon="-1.561366">
        <ele>666.044</ele>
        <time>2022-06-19T12:03:47Z</time>
      </trkpt>
      <trkpt lat="43.168232" lon="-1.561308">
        <ele>665.539</ele>
        <time>2022-06-19T12:03:53Z</time>
      </trkpt>
      <trkpt lat="43.168210" lon="-1.561245">
        <ele>666.474</ele>
        <time>2022-06-19T12:03:58Z</time>
      </trkpt>
      <trkpt lat="43.168172" lon="-1.561192">
        <ele>666.717</ele>
        <time>2022-06-19T12:04:04Z</time>
      </trkpt>
      <trkpt lat="43.168125" lon="-1.561145">
        <ele>667.312</ele>
        <time>2022-06-19T12:04:07Z</time>
      </trkpt>
      <trkpt lat="43.168087" lon="-1.561103">
        <ele>665.932</ele>
        <time>2022-06-19T12:04:10Z</time>
      </trkpt>
      <trkpt lat="43.168049" lon="-1.561046">
        <ele>664.105</ele>
        <time>2022-06-19T12:04:14Z</time>
      </trkpt>
      <trkpt lat="43.168011" lon="-1.560996">
        <ele>663.009</ele>
        <time>2022-06-19T12:04:18Z</time>
      </trkpt>
      <trkpt lat="43.167983" lon="-1.560941">
        <ele>661.512</ele>
        <time>2022-06-19T12:04:21Z</time>
      </trkpt>
      <trkpt lat="43.167941" lon="-1.560909">
        <ele>659.311</ele>
        <time>2022-06-19T12:04:25Z</time>
      </trkpt>
      <trkpt lat="43.167899" lon="-1.560879">
        <ele>658.266</ele>
        <time>2022-06-19T12:04:29Z</time>
      </trkpt>
      <trkpt lat="43.167851" lon="-1.560866">
        <ele>656.889</ele>
        <time>2022-06-19T12:04:33Z</time>
      </trkpt>
      <trkpt lat="43.167808" lon="-1.560841">
        <ele>655.746</ele>
        <time>2022-06-19T12:04:36Z</time>
      </trkpt>
      <trkpt lat="43.167765" lon="-1.560803">
        <ele>655.077</ele>
        <time>2022-06-19T12:04:40Z</time>
      </trkpt>
      <trkpt lat="43.167718" lon="-1.560781">
        <ele>655.312</ele>
        <time>2022-06-19T12:04:45Z</time>
      </trkpt>
      <trkpt lat="43.167681" lon="-1.560734">
        <ele>654.697</ele>
        <time>2022-06-19T12:04:51Z</time>
      </trkpt>
      <trkpt lat="43.167651" lon="-1.560686">
        <ele>653.130</ele>
        <time>2022-06-19T12:04:55Z</time>
      </trkpt>
      <trkpt lat="43.167606" lon="-1.560654">
        <ele>653.214</ele>
        <time>2022-06-19T12:04:58Z</time>
      </trkpt>
      <trkpt lat="43.167559" lon="-1.560627">
        <ele>651.354</ele>
        <time>2022-06-19T12:05:03Z</time>
      </trkpt>
      <trkpt lat="43.167519" lon="-1.560589">
        <ele>651.509</ele>
        <time>2022-06-19T12:05:06Z</time>
      </trkpt>
      <trkpt lat="43.167476" lon="-1.560554">
        <ele>651.209</ele>
        <time>2022-06-19T12:05:12Z</time>
      </trkpt>
      <trkpt lat="43.167438" lon="-1.560512">
        <ele>650.412</ele>
        <time>2022-06-19T12:05:17Z</time>
      </trkpt>
      <trkpt lat="43.167398" lon="-1.560479">
        <ele>648.431</ele>
        <time>2022-06-19T12:05:21Z</time>
      </trkpt>
      <trkpt lat="43.167348" lon="-1.560429">
        <ele>648.336</ele>
        <time>2022-06-19T12:05:25Z</time>
      </trkpt>
      <trkpt lat="43.167300" lon="-1.560414">
        <ele>647.899</ele>
        <time>2022-06-19T12:05:28Z</time>
      </trkpt>
      <trkpt lat="43.167257" lon="-1.560396">
        <ele>647.166</ele>
        <time>2022-06-19T12:05:31Z</time>
      </trkpt>
      <trkpt lat="43.167207" lon="-1.560394">
        <ele>646.127</ele>
        <time>2022-06-19T12:05:36Z</time>
      </trkpt>
      <trkpt lat="43.167159" lon="-1.560382">
        <ele>643.972</ele>
        <time>2022-06-19T12:05:41Z</time>
      </trkpt>
      <trkpt lat="43.167114" lon="-1.560385">
        <ele>641.417</ele>
        <time>2022-06-19T12:05:48Z</time>
      </trkpt>
      <trkpt lat="43.167069" lon="-1.560393">
        <ele>639.880</ele>
        <time>2022-06-19T12:05:53Z</time>
      </trkpt>
      <trkpt lat="43.167016" lon="-1.560375">
        <ele>635.475</ele>
        <time>2022-06-19T12:06:03Z</time>
      </trkpt>
      <trkpt lat="43.166966" lon="-1.560363">
        <ele>634.528</ele>
        <time>2022-06-19T12:06:08Z</time>
      </trkpt>
      <trkpt lat="43.166919" lon="-1.560330">
        <ele>633.420</ele>
        <time>2022-06-19T12:06:14Z</time>
      </trkpt>
      <trkpt lat="43.166876" lon="-1.560312">
        <ele>633.809</ele>
        <time>2022-06-19T12:06:18Z</time>
      </trkpt>
      <trkpt lat="43.166831" lon="-1.560277">
        <ele>633.518</ele>
        <time>2022-06-19T12:06:26Z</time>
      </trkpt>
      <trkpt lat="43.166784" lon="-1.560252">
        <ele>632.167</ele>
        <time>2022-06-19T12:06:30Z</time>
      </trkpt>
      <trkpt lat="43.166736" lon="-1.560225">
        <ele>630.282</ele>
        <time>2022-06-19T12:06:34Z</time>
      </trkpt>
      <trkpt lat="43.166693" lon="-1.560198">
        <ele>627.935</ele>
        <time>2022-06-19T12:06:40Z</time>
      </trkpt>
      <trkpt lat="43.166646" lon="-1.560168">
        <ele>627.152</ele>
        <time>2022-06-19T12:06:49Z</time>
      </trkpt>
      <trkpt lat="43.166596" lon="-1.560151">
        <ele>629.273</ele>
        <time>2022-06-19T12:07:11Z</time>
      </trkpt>
      <trkpt lat="43.166551" lon="-1.560118">
        <ele>627.738</ele>
        <time>2022-06-19T12:07:19Z</time>
      </trkpt>
      <trkpt lat="43.166514" lon="-1.560081">
        <ele>626.423</ele>
        <time>2022-06-19T12:07:25Z</time>
      </trkpt>
      <trkpt lat="43.166469" lon="-1.560063">
        <ele>625.876</ele>
        <time>2022-06-19T12:07:32Z</time>
      </trkpt>
      <trkpt lat="43.166426" lon="-1.560011">
        <ele>624.863</ele>
        <time>2022-06-19T12:07:43Z</time>
      </trkpt>
      <trkpt lat="43.166378" lon="-1.560006">
        <ele>624.244</ele>
        <time>2022-06-19T12:07:48Z</time>
      </trkpt>
      <trkpt lat="43.166333" lon="-1.560001">
        <ele>622.818</ele>
        <time>2022-06-19T12:07:59Z</time>
      </trkpt>
      <trkpt lat="43.166295" lon="-1.559951">
        <ele>621.709</ele>
        <time>2022-06-19T12:08:06Z</time>
      </trkpt>
      <trkpt lat="43.166250" lon="-1.559928">
        <ele>620.227</ele>
        <time>2022-06-19T12:08:12Z</time>
      </trkpt>
      <trkpt lat="43.166203" lon="-1.559911">
        <ele>618.886</ele>
        <time>2022-06-19T12:08:15Z</time>
      </trkpt>
      <trkpt lat="43.166156" lon="-1.559904">
        <ele>617.411</ele>
        <time>2022-06-19T12:08:19Z</time>
      </trkpt>
      <trkpt lat="43.166086" lon="-1.559889">
        <ele>616.344</ele>
        <time>2022-06-19T12:08:24Z</time>
      </trkpt>
      <trkpt lat="43.166031" lon="-1.559894">
        <ele>615.041</ele>
        <time>2022-06-19T12:08:28Z</time>
      </trkpt>
      <trkpt lat="43.165971" lon="-1.559877">
        <ele>613.542</ele>
        <time>2022-06-19T12:08:32Z</time>
      </trkpt>
      <trkpt lat="43.165926" lon="-1.559870">
        <ele>612.057</ele>
        <time>2022-06-19T12:08:35Z</time>
      </trkpt>
      <trkpt lat="43.165878" lon="-1.559828">
        <ele>611.122</ele>
        <time>2022-06-19T12:08:39Z</time>
      </trkpt>
      <trkpt lat="43.165830" lon="-1.559821">
        <ele>610.265</ele>
        <time>2022-06-19T12:08:43Z</time>
      </trkpt>
      <trkpt lat="43.165777" lon="-1.559793">
        <ele>609.299</ele>
        <time>2022-06-19T12:08:48Z</time>
      </trkpt>
      <trkpt lat="43.165720" lon="-1.559760">
        <ele>607.107</ele>
        <time>2022-06-19T12:08:52Z</time>
      </trkpt>
      <trkpt lat="43.165677" lon="-1.559708">
        <ele>604.427</ele>
        <time>2022-06-19T12:08:56Z</time>
      </trkpt>
      <trkpt lat="43.165639" lon="-1.559670">
        <ele>603.409</ele>
        <time>2022-06-19T12:09:00Z</time>
      </trkpt>
      <trkpt lat="43.165599" lon="-1.559640">
        <ele>603.060</ele>
        <time>2022-06-19T12:09:03Z</time>
      </trkpt>
      <trkpt lat="43.165554" lon="-1.559602">
        <ele>601.349</ele>
        <time>2022-06-19T12:09:07Z</time>
      </trkpt>
      <trkpt lat="43.165509" lon="-1.559557">
        <ele>600.624</ele>
        <time>2022-06-19T12:09:11Z</time>
      </trkpt>
      <trkpt lat="43.165461" lon="-1.559520">
        <ele>599.377</ele>
        <time>2022-06-19T12:09:15Z</time>
      </trkpt>
      <trkpt lat="43.165421" lon="-1.559492">
        <ele>598.884</ele>
        <time>2022-06-19T12:09:18Z</time>
      </trkpt>
      <trkpt lat="43.165374" lon="-1.559477">
        <ele>599.065</ele>
        <time>2022-06-19T12:09:22Z</time>
      </trkpt>
      <trkpt lat="43.165322" lon="-1.559454">
        <ele>598.790</ele>
        <time>2022-06-19T12:09:27Z</time>
      </trkpt>
      <trkpt lat="43.165277" lon="-1.559434">
        <ele>598.255</ele>
        <time>2022-06-19T12:09:31Z</time>
      </trkpt>
      <trkpt lat="43.165232" lon="-1.559407">
        <ele>597.458</ele>
        <time>2022-06-19T12:09:35Z</time>
      </trkpt>
      <trkpt lat="43.165185" lon="-1.559364">
        <ele>595.246</ele>
        <time>2022-06-19T12:09:40Z</time>
      </trkpt>
      <trkpt lat="43.165135" lon="-1.559342">
        <ele>594.988</ele>
        <time>2022-06-19T12:09:45Z</time>
      </trkpt>
      <trkpt lat="43.165088" lon="-1.559325">
        <ele>595.316</ele>
        <time>2022-06-19T12:09:49Z</time>
      </trkpt>
      <trkpt lat="43.165038" lon="-1.559337">
        <ele>594.309</ele>
        <time>2022-06-19T12:09:58Z</time>
      </trkpt>
      <trkpt lat="43.164993" lon="-1.559327">
        <ele>593.795</ele>
        <time>2022-06-19T12:10:05Z</time>
      </trkpt>
      <trkpt lat="43.164948" lon="-1.559330">
        <ele>594.294</ele>
        <time>2022-06-19T12:10:15Z</time>
      </trkpt>
      <trkpt lat="43.164903" lon="-1.559340">
        <ele>592.859</ele>
        <time>2022-06-19T12:10:21Z</time>
      </trkpt>
      <trkpt lat="43.164855" lon="-1.559358">
        <ele>591.352</ele>
        <time>2022-06-19T12:10:26Z</time>
      </trkpt>
      <trkpt lat="43.164807" lon="-1.559381">
        <ele>589.969</ele>
        <time>2022-06-19T12:10:30Z</time>
      </trkpt>
      <trkpt lat="43.164754" lon="-1.559384">
        <ele>589.010</ele>
        <time>2022-06-19T12:10:41Z</time>
      </trkpt>
      <trkpt lat="43.164711" lon="-1.559404">
        <ele>588.135</ele>
        <time>2022-06-19T12:10:59Z</time>
      </trkpt>
      <trkpt lat="43.164663" lon="-1.559382">
        <ele>588.680</ele>
        <time>2022-06-19T12:11:04Z</time>
      </trkpt>
      <trkpt lat="43.164616" lon="-1.559352">
        <ele>588.383</ele>
        <time>2022-06-19T12:11:08Z</time>
      </trkpt>
      <trkpt lat="43.164563" lon="-1.559314">
        <ele>587.371</ele>
        <time>2022-06-19T12:11:12Z</time>
      </trkpt>
      <trkpt lat="43.164520" lon="-1.559269">
        <ele>586.541</ele>
        <time>2022-06-19T12:11:16Z</time>
      </trkpt>
      <trkpt lat="43.164487" lon="-1.559224">
        <ele>585.015</ele>
        <time>2022-06-19T12:11:19Z</time>
      </trkpt>
      <trkpt lat="43.164435" lon="-1.559206">
        <ele>583.309</ele>
        <time>2022-06-19T12:11:23Z</time>
      </trkpt>
      <trkpt lat="43.164387" lon="-1.559169">
        <ele>582.678</ele>
        <time>2022-06-19T12:11:27Z</time>
      </trkpt>
      <trkpt lat="43.164344" lon="-1.559142">
        <ele>582.287</ele>
        <time>2022-06-19T12:11:30Z</time>
      </trkpt>
      <trkpt lat="43.164301" lon="-1.559122">
        <ele>582.282</ele>
        <time>2022-06-19T12:11:33Z</time>
      </trkpt>
      <trkpt lat="43.164258" lon="-1.559070">
        <ele>581.995</ele>
        <time>2022-06-19T12:11:37Z</time>
      </trkpt>
      <trkpt lat="43.164216" lon="-1.559028">
        <ele>580.852</ele>
        <time>2022-06-19T12:11:41Z</time>
      </trkpt>
      <trkpt lat="43.164164" lon="-1.559023">
        <ele>581.253</ele>
        <time>2022-06-19T12:11:44Z</time>
      </trkpt>
      <trkpt lat="43.164126" lon="-1.558986">
        <ele>579.338</ele>
        <time>2022-06-19T12:11:49Z</time>
      </trkpt>
      <trkpt lat="43.164078" lon="-1.558964">
        <ele>578.433</ele>
        <time>2022-06-19T12:11:53Z</time>
      </trkpt>
      <trkpt lat="43.164035" lon="-1.558946">
        <ele>577.696</ele>
        <time>2022-06-19T12:11:57Z</time>
      </trkpt>
      <trkpt lat="43.163987" lon="-1.558914">
        <ele>576.415</ele>
        <time>2022-06-19T12:12:01Z</time>
      </trkpt>
      <trkpt lat="43.163942" lon="-1.558876">
        <ele>575.465</ele>
        <time>2022-06-19T12:12:04Z</time>
      </trkpt>
      <trkpt lat="43.163900" lon="-1.558834">
        <ele>573.111</ele>
        <time>2022-06-19T12:12:08Z</time>
      </trkpt>
      <trkpt lat="43.163862" lon="-1.558789">
        <ele>571.109</ele>
        <time>2022-06-19T12:12:12Z</time>
      </trkpt>
      <trkpt lat="43.163827" lon="-1.558737">
        <ele>570.032</ele>
        <time>2022-06-19T12:12:16Z</time>
      </trkpt>
      <trkpt lat="43.163782" lon="-1.558700">
        <ele>569.861</ele>
        <time>2022-06-19T12:12:20Z</time>
      </trkpt>
      <trkpt lat="43.163747" lon="-1.558653">
        <ele>569.756</ele>
        <time>2022-06-19T12:12:23Z</time>
      </trkpt>
      <trkpt lat="43.163707" lon="-1.558620">
        <ele>569.589</ele>
        <time>2022-06-19T12:12:25Z</time>
      </trkpt>
      <trkpt lat="43.163659" lon="-1.558585">
        <ele>569.276</ele>
        <time>2022-06-19T12:12:27Z</time>
      </trkpt>
      <trkpt lat="43.163621" lon="-1.558547">
        <ele>568.317</ele>
        <time>2022-06-19T12:12:29Z</time>
      </trkpt>
      <trkpt lat="43.163576" lon="-1.558519">
        <ele>567.682</ele>
        <time>2022-06-19T12:12:31Z</time>
      </trkpt>
      <trkpt lat="43.163531" lon="-1.558497">
        <ele>566.647</ele>
        <time>2022-06-19T12:12:33Z</time>
      </trkpt>
      <trkpt lat="43.163483" lon="-1.558465">
        <ele>566.790</ele>
        <time>2022-06-19T12:12:35Z</time>
      </trkpt>
      <trkpt lat="43.163435" lon="-1.558445">
        <ele>566.949</ele>
        <time>2022-06-19T12:12:37Z</time>
      </trkpt>
      <trkpt lat="43.163390" lon="-1.558408">
        <ele>567.002</ele>
        <time>2022-06-19T12:12:39Z</time>
      </trkpt>
      <trkpt lat="43.163347" lon="-1.558373">
        <ele>566.822</ele>
        <time>2022-06-19T12:12:41Z</time>
      </trkpt>
      <trkpt lat="43.163299" lon="-1.558346">
        <ele>566.509</ele>
        <time>2022-06-19T12:12:43Z</time>
      </trkpt>
      <trkpt lat="43.163256" lon="-1.558301">
        <ele>566.155</ele>
        <time>2022-06-19T12:12:45Z</time>
      </trkpt>
      <trkpt lat="43.163219" lon="-1.558259">
        <ele>566.224</ele>
        <time>2022-06-19T12:12:47Z</time>
      </trkpt>
      <trkpt lat="43.163177" lon="-1.558227">
        <ele>566.299</ele>
        <time>2022-06-19T12:12:49Z</time>
      </trkpt>
      <trkpt lat="43.163135" lon="-1.558195">
        <ele>566.612</ele>
        <time>2022-06-19T12:12:51Z</time>
      </trkpt>
      <trkpt lat="43.163087" lon="-1.558175">
        <ele>567.319</ele>
        <time>2022-06-19T12:12:53Z</time>
      </trkpt>
      <trkpt lat="43.163039" lon="-1.558155">
        <ele>567.560</ele>
        <time>2022-06-19T12:12:55Z</time>
      </trkpt>
      <trkpt lat="43.162987" lon="-1.558142">
        <ele>567.095</ele>
        <time>2022-06-19T12:12:57Z</time>
      </trkpt>
      <trkpt lat="43.162939" lon="-1.558127">
        <ele>566.350</ele>
        <time>2022-06-19T12:12:59Z</time>
      </trkpt>
      <trkpt lat="43.162889" lon="-1.558104">
        <ele>564.933</ele>
        <time>2022-06-19T12:13:01Z</time>
      </trkpt>
      <trkpt lat="43.162837" lon="-1.558082">
        <ele>563.913</ele>
        <time>2022-06-19T12:13:03Z</time>
      </trkpt>
      <trkpt lat="43.162790" lon="-1.558059">
        <ele>562.643</ele>
        <time>2022-06-19T12:13:05Z</time>
      </trkpt>
      <trkpt lat="43.162740" lon="-1.558026">
        <ele>561.407</ele>
        <time>2022-06-19T12:13:07Z</time>
      </trkpt>
      <trkpt lat="43.162698" lon="-1.557991">
        <ele>560.709</ele>
        <time>2022-06-19T12:13:09Z</time>
      </trkpt>
      <trkpt lat="43.162658" lon="-1.557953">
        <ele>559.522</ele>
        <time>2022-06-19T12:13:11Z</time>
      </trkpt>
      <trkpt lat="43.162616" lon="-1.557916">
        <ele>558.471</ele>
        <time>2022-06-19T12:13:13Z</time>
      </trkpt>
      <trkpt lat="43.162571" lon="-1.557881">
        <ele>557.886</ele>
        <time>2022-06-19T12:13:15Z</time>
      </trkpt>
      <trkpt lat="43.162536" lon="-1.557839">
        <ele>557.359</ele>
        <time>2022-06-19T12:13:17Z</time>
      </trkpt>
      <trkpt lat="43.162489" lon="-1.557776">
        <ele>555.856</ele>
        <time>2022-06-19T12:13:20Z</time>
      </trkpt>
      <trkpt lat="43.162452" lon="-1.557736">
        <ele>555.737</ele>
        <time>2022-06-19T12:13:22Z</time>
      </trkpt>
      <trkpt lat="43.162419" lon="-1.557691">
        <ele>554.922</ele>
        <time>2022-06-19T12:13:24Z</time>
      </trkpt>
      <trkpt lat="43.162384" lon="-1.557646">
        <ele>554.527</ele>
        <time>2022-06-19T12:13:26Z</time>
      </trkpt>
      <trkpt lat="43.162351" lon="-1.557588">
        <ele>553.640</ele>
        <time>2022-06-19T12:13:28Z</time>
      </trkpt>
      <trkpt lat="43.162311" lon="-1.557530">
        <ele>552.462</ele>
        <time>2022-06-19T12:13:30Z</time>
      </trkpt>
      <trkpt lat="43.162278" lon="-1.557487">
        <ele>550.683</ele>
        <time>2022-06-19T12:13:32Z</time>
      </trkpt>
      <trkpt lat="43.162243" lon="-1.557444">
        <ele>550.011</ele>
        <time>2022-06-19T12:13:34Z</time>
      </trkpt>
      <trkpt lat="43.162203" lon="-1.557407">
        <ele>549.309</ele>
        <time>2022-06-19T12:13:36Z</time>
      </trkpt>
      <trkpt lat="43.162170" lon="-1.557360">
        <ele>547.847</ele>
        <time>2022-06-19T12:13:38Z</time>
      </trkpt>
      <trkpt lat="43.162135" lon="-1.557320">
        <ele>546.946</ele>
        <time>2022-06-19T12:13:40Z</time>
      </trkpt>
      <trkpt lat="43.162085" lon="-1.557272">
        <ele>546.111</ele>
        <time>2022-06-19T12:13:42Z</time>
      </trkpt>
      <trkpt lat="43.162040" lon="-1.557225">
        <ele>545.284</ele>
        <time>2022-06-19T12:13:44Z</time>
      </trkpt>
      <trkpt lat="43.161987" lon="-1.557187">
        <ele>544.361</ele>
        <time>2022-06-19T12:13:46Z</time>
      </trkpt>
      <trkpt lat="43.161939" lon="-1.557137">
        <ele>542.962</ele>
        <time>2022-06-19T12:13:48Z</time>
      </trkpt>
      <trkpt lat="43.161892" lon="-1.557089">
        <ele>542.267</ele>
        <time>2022-06-19T12:13:50Z</time>
      </trkpt>
      <trkpt lat="43.161849" lon="-1.557052">
        <ele>541.532</ele>
        <time>2022-06-19T12:13:52Z</time>
      </trkpt>
      <trkpt lat="43.161811" lon="-1.557010">
        <ele>542.385</ele>
        <time>2022-06-19T12:13:54Z</time>
      </trkpt>
      <trkpt lat="43.161781" lon="-1.556957">
        <ele>542.692</ele>
        <time>2022-06-19T12:13:56Z</time>
      </trkpt>
      <trkpt lat="43.161756" lon="-1.556905">
        <ele>542.073</ele>
        <time>2022-06-19T12:13:58Z</time>
      </trkpt>
      <trkpt lat="43.161724" lon="-1.556837">
        <ele>541.020</ele>
        <time>2022-06-19T12:14:00Z</time>
      </trkpt>
      <trkpt lat="43.161692" lon="-1.556782">
        <ele>540.409</ele>
        <time>2022-06-19T12:14:02Z</time>
      </trkpt>
      <trkpt lat="43.161654" lon="-1.556727">
        <ele>539.720</ele>
        <time>2022-06-19T12:14:04Z</time>
      </trkpt>
      <trkpt lat="43.161624" lon="-1.556672">
        <ele>539.259</ele>
        <time>2022-06-19T12:14:06Z</time>
      </trkpt>
      <trkpt lat="43.161586" lon="-1.556615">
        <ele>538.744</ele>
        <time>2022-06-19T12:14:08Z</time>
      </trkpt>
      <trkpt lat="43.161543" lon="-1.556542">
        <ele>537.417</ele>
        <time>2022-06-19T12:14:11Z</time>
      </trkpt>
      <trkpt lat="43.161503" lon="-1.556492">
        <ele>536.364</ele>
        <time>2022-06-19T12:14:13Z</time>
      </trkpt>
      <trkpt lat="43.161460" lon="-1.556422">
        <ele>535.375</ele>
        <time>2022-06-19T12:14:15Z</time>
      </trkpt>
      <trkpt lat="43.161427" lon="-1.556370">
        <ele>533.920</ele>
        <time>2022-06-19T12:14:17Z</time>
      </trkpt>
      <trkpt lat="43.161394" lon="-1.556328">
        <ele>529.725</ele>
        <time>2022-06-19T12:14:20Z</time>
      </trkpt>
      <trkpt lat="43.161361" lon="-1.556283">
        <ele>528.378</ele>
        <time>2022-06-19T12:14:23Z</time>
      </trkpt>
      <trkpt lat="43.161333" lon="-1.556220">
        <ele>527.638</ele>
        <time>2022-06-19T12:14:28Z</time>
      </trkpt>
      <trkpt lat="43.161311" lon="-1.556157">
        <ele>527.470</ele>
        <time>2022-06-19T12:14:33Z</time>
      </trkpt>
      <trkpt lat="43.161293" lon="-1.556099">
        <ele>526.717</ele>
        <time>2022-06-19T12:14:36Z</time>
      </trkpt>
      <trkpt lat="43.161261" lon="-1.556027">
        <ele>525.009</ele>
        <time>2022-06-19T12:14:40Z</time>
      </trkpt>
      <trkpt lat="43.161229" lon="-1.555965">
        <ele>523.254</ele>
        <time>2022-06-19T12:14:43Z</time>
      </trkpt>
      <trkpt lat="43.161219" lon="-1.555903">
        <ele>523.243</ele>
        <time>2022-06-19T12:14:45Z</time>
      </trkpt>
      <trkpt lat="43.161221" lon="-1.555821">
        <ele>523.268</ele>
        <time>2022-06-19T12:14:47Z</time>
      </trkpt>
      <trkpt lat="43.161223" lon="-1.555759">
        <ele>522.611</ele>
        <time>2022-06-19T12:14:49Z</time>
      </trkpt>
      <trkpt lat="43.161200" lon="-1.555684">
        <ele>521.188</ele>
        <time>2022-06-19T12:14:51Z</time>
      </trkpt>
      <trkpt lat="43.161183" lon="-1.555607">
        <ele>518.379</ele>
        <time>2022-06-19T12:14:55Z</time>
      </trkpt>
      <trkpt lat="43.161170" lon="-1.555540">
        <ele>517.054</ele>
        <time>2022-06-19T12:14:59Z</time>
      </trkpt>
      <trkpt lat="43.161125" lon="-1.555490">
        <ele>517.559</ele>
        <time>2022-06-19T12:15:03Z</time>
      </trkpt>
      <trkpt lat="43.161088" lon="-1.555432">
        <ele>517.552</ele>
        <time>2022-06-19T12:15:07Z</time>
      </trkpt>
      <trkpt lat="43.161053" lon="-1.555384">
        <ele>516.127</ele>
        <time>2022-06-19T12:15:11Z</time>
      </trkpt>
      <trkpt lat="43.161033" lon="-1.555317">
        <ele>514.368</ele>
        <time>2022-06-19T12:15:16Z</time>
      </trkpt>
      <trkpt lat="43.161011" lon="-1.555257">
        <ele>513.314</ele>
        <time>2022-06-19T12:15:19Z</time>
      </trkpt>
      <trkpt lat="43.160981" lon="-1.555185">
        <ele>511.909</ele>
        <time>2022-06-19T12:15:23Z</time>
      </trkpt>
      <trkpt lat="43.160948" lon="-1.555123">
        <ele>511.813</ele>
        <time>2022-06-19T12:15:27Z</time>
      </trkpt>
      <trkpt lat="43.160910" lon="-1.555066">
        <ele>512.972</ele>
        <time>2022-06-19T12:15:31Z</time>
      </trkpt>
      <trkpt lat="43.160887" lon="-1.555003">
        <ele>513.547</ele>
        <time>2022-06-19T12:15:37Z</time>
      </trkpt>
      <trkpt lat="43.160835" lon="-1.554963">
        <ele>514.130</ele>
        <time>2022-06-19T12:15:41Z</time>
      </trkpt>
      <trkpt lat="43.160793" lon="-1.554938">
        <ele>513.947</ele>
        <time>2022-06-19T12:15:44Z</time>
      </trkpt>
      <trkpt lat="43.160745" lon="-1.554918">
        <ele>513.448</ele>
        <time>2022-06-19T12:15:48Z</time>
      </trkpt>
      <trkpt lat="43.160693" lon="-1.554898">
        <ele>512.433</ele>
        <time>2022-06-19T12:15:52Z</time>
      </trkpt>
      <trkpt lat="43.160650" lon="-1.554876">
        <ele>512.788</ele>
        <time>2022-06-19T12:15:56Z</time>
      </trkpt>
      <trkpt lat="43.160603" lon="-1.554844">
        <ele>513.751</ele>
        <time>2022-06-19T12:16:00Z</time>
      </trkpt>
      <trkpt lat="43.160556" lon="-1.554802">
        <ele>514.051</ele>
        <time>2022-06-19T12:16:04Z</time>
      </trkpt>
      <trkpt lat="43.160504" lon="-1.554762">
        <ele>512.901</ele>
        <time>2022-06-19T12:16:08Z</time>
      </trkpt>
      <trkpt lat="43.160461" lon="-1.554709">
        <ele>513.511</ele>
        <time>2022-06-19T12:16:12Z</time>
      </trkpt>
      <trkpt lat="43.160423" lon="-1.554662">
        <ele>513.909</ele>
        <time>2022-06-19T12:16:16Z</time>
      </trkpt>
      <trkpt lat="43.160385" lon="-1.554624">
        <ele>514.176</ele>
        <time>2022-06-19T12:16:19Z</time>
      </trkpt>
      <trkpt lat="43.160343" lon="-1.554562">
        <ele>514.125</ele>
        <time>2022-06-19T12:16:22Z</time>
      </trkpt>
      <trkpt lat="43.160306" lon="-1.554517">
        <ele>512.910</ele>
        <time>2022-06-19T12:16:24Z</time>
      </trkpt>
      <trkpt lat="43.160271" lon="-1.554475">
        <ele>511.693</ele>
        <time>2022-06-19T12:16:26Z</time>
      </trkpt>
      <trkpt lat="43.160231" lon="-1.554432">
        <ele>510.460</ele>
        <time>2022-06-19T12:16:28Z</time>
      </trkpt>
      <trkpt lat="43.160184" lon="-1.554395">
        <ele>509.541</ele>
        <time>2022-06-19T12:16:30Z</time>
      </trkpt>
      <trkpt lat="43.160149" lon="-1.554345">
        <ele>508.736</ele>
        <time>2022-06-19T12:16:32Z</time>
      </trkpt>
      <trkpt lat="43.160119" lon="-1.554297">
        <ele>508.241</ele>
        <time>2022-06-19T12:16:34Z</time>
      </trkpt>
      <trkpt lat="43.160082" lon="-1.554257">
        <ele>506.484</ele>
        <time>2022-06-19T12:16:36Z</time>
      </trkpt>
      <trkpt lat="43.160050" lon="-1.554207">
        <ele>505.778</ele>
        <time>2022-06-19T12:16:38Z</time>
      </trkpt>
      <trkpt lat="43.160015" lon="-1.554160">
        <ele>504.833</ele>
        <time>2022-06-19T12:16:40Z</time>
      </trkpt>
      <trkpt lat="43.159970" lon="-1.554115">
        <ele>503.026</ele>
        <time>2022-06-19T12:16:43Z</time>
      </trkpt>
      <trkpt lat="43.159922" lon="-1.554058">
        <ele>501.109</ele>
        <time>2022-06-19T12:16:46Z</time>
      </trkpt>
      <trkpt lat="43.159879" lon="-1.554018">
        <ele>500.418</ele>
        <time>2022-06-19T12:16:48Z</time>
      </trkpt>
      <trkpt lat="43.159834" lon="-1.553993">
        <ele>499.327</ele>
        <time>2022-06-19T12:16:50Z</time>
      </trkpt>
      <trkpt lat="43.159792" lon="-1.553946">
        <ele>497.812</ele>
        <time>2022-06-19T12:16:53Z</time>
      </trkpt>
      <trkpt lat="43.159754" lon="-1.553894">
        <ele>496.725</ele>
        <time>2022-06-19T12:16:57Z</time>
      </trkpt>
      <trkpt lat="43.159712" lon="-1.553841">
        <ele>495.292</ele>
        <time>2022-06-19T12:17:00Z</time>
      </trkpt>
      <trkpt lat="43.159675" lon="-1.553801">
        <ele>493.283</ele>
        <time>2022-06-19T12:17:02Z</time>
      </trkpt>
      <trkpt lat="43.159632" lon="-1.553773">
        <ele>491.568</ele>
        <time>2022-06-19T12:17:04Z</time>
      </trkpt>
      <trkpt lat="43.159582" lon="-1.553728">
        <ele>489.183</ele>
        <time>2022-06-19T12:17:07Z</time>
      </trkpt>
      <trkpt lat="43.159539" lon="-1.553706">
        <ele>487.866</ele>
        <time>2022-06-19T12:17:09Z</time>
      </trkpt>
      <trkpt lat="43.159482" lon="-1.553668">
        <ele>487.483</ele>
        <time>2022-06-19T12:17:12Z</time>
      </trkpt>
      <trkpt lat="43.159444" lon="-1.553633">
        <ele>486.725</ele>
        <time>2022-06-19T12:17:15Z</time>
      </trkpt>
      <trkpt lat="43.159409" lon="-1.553573">
        <ele>486.517</ele>
        <time>2022-06-19T12:17:19Z</time>
      </trkpt>
      <trkpt lat="43.159361" lon="-1.553526">
        <ele>485.909</ele>
        <time>2022-06-19T12:17:23Z</time>
      </trkpt>
      <trkpt lat="43.159314" lon="-1.553483">
        <ele>484.259</ele>
        <time>2022-06-19T12:17:26Z</time>
      </trkpt>
      <trkpt lat="43.159256" lon="-1.553455">
        <ele>481.858</ele>
        <time>2022-06-19T12:17:29Z</time>
      </trkpt>
      <trkpt lat="43.159199" lon="-1.553443">
        <ele>479.873</ele>
        <time>2022-06-19T12:17:33Z</time>
      </trkpt>
      <trkpt lat="43.159147" lon="-1.553448">
        <ele>476.716</ele>
        <time>2022-06-19T12:17:37Z</time>
      </trkpt>
      <trkpt lat="43.159095" lon="-1.553471">
        <ele>473.513</ele>
        <time>2022-06-19T12:17:42Z</time>
      </trkpt>
      <trkpt lat="43.159060" lon="-1.553514">
        <ele>471.564</ele>
        <time>2022-06-19T12:17:46Z</time>
      </trkpt>
      <trkpt lat="43.159038" lon="-1.553582">
        <ele>469.499</ele>
        <time>2022-06-19T12:17:50Z</time>
      </trkpt>
      <trkpt lat="43.159023" lon="-1.553649">
        <ele>468.184</ele>
        <time>2022-06-19T12:17:53Z</time>
      </trkpt>
      <trkpt lat="43.159015" lon="-1.553712">
        <ele>466.787</ele>
        <time>2022-06-19T12:17:57Z</time>
      </trkpt>
      <trkpt lat="43.158992" lon="-1.553780">
        <ele>465.795</ele>
        <time>2022-06-19T12:18:01Z</time>
      </trkpt>
      <trkpt lat="43.158969" lon="-1.553840">
        <ele>465.349</ele>
        <time>2022-06-19T12:18:04Z</time>
      </trkpt>
      <trkpt lat="43.158939" lon="-1.553903">
        <ele>463.023</ele>
        <time>2022-06-19T12:18:08Z</time>
      </trkpt>
      <trkpt lat="43.158946" lon="-1.553966">
        <ele>461.109</ele>
        <time>2022-06-19T12:18:11Z</time>
      </trkpt>
      <trkpt lat="43.158954" lon="-1.554033">
        <ele>460.040</ele>
        <time>2022-06-19T12:18:14Z</time>
      </trkpt>
      <trkpt lat="43.158931" lon="-1.554100">
        <ele>457.739</ele>
        <time>2022-06-19T12:18:19Z</time>
      </trkpt>
      <trkpt lat="43.158929" lon="-1.554175">
        <ele>456.694</ele>
        <time>2022-06-19T12:18:23Z</time>
      </trkpt>
      <trkpt lat="43.158902" lon="-1.554232">
        <ele>455.657</ele>
        <time>2022-06-19T12:18:26Z</time>
      </trkpt>
      <trkpt lat="43.158877" lon="-1.554295">
        <ele>455.094</ele>
        <time>2022-06-19T12:18:29Z</time>
      </trkpt>
      <trkpt lat="43.158847" lon="-1.554347">
        <ele>454.295</ele>
        <time>2022-06-19T12:18:32Z</time>
      </trkpt>
      <trkpt lat="43.158804" lon="-1.554402">
        <ele>452.220</ele>
        <time>2022-06-19T12:18:36Z</time>
      </trkpt>
      <trkpt lat="43.158796" lon="-1.554465">
        <ele>451.555</ele>
        <time>2022-06-19T12:18:39Z</time>
      </trkpt>
      <trkpt lat="43.158769" lon="-1.554527">
        <ele>451.258</ele>
        <time>2022-06-19T12:18:42Z</time>
      </trkpt>
      <trkpt lat="43.158734" lon="-1.554589">
        <ele>450.784</ele>
        <time>2022-06-19T12:18:45Z</time>
      </trkpt>
      <trkpt lat="43.158697" lon="-1.554626">
        <ele>448.607</ele>
        <time>2022-06-19T12:18:49Z</time>
      </trkpt>
      <trkpt lat="43.158647" lon="-1.554671">
        <ele>447.917</ele>
        <time>2022-06-19T12:18:53Z</time>
      </trkpt>
      <trkpt lat="43.158585" lon="-1.554671">
        <ele>449.409</ele>
        <time>2022-06-19T12:18:57Z</time>
      </trkpt>
      <trkpt lat="43.158543" lon="-1.554631">
        <ele>448.769</ele>
        <time>2022-06-19T12:19:00Z</time>
      </trkpt>
      <trkpt lat="43.158506" lon="-1.554586">
        <ele>448.688</ele>
        <time>2022-06-19T12:19:03Z</time>
      </trkpt>
      <trkpt lat="43.158478" lon="-1.554529">
        <ele>449.373</ele>
        <time>2022-06-19T12:19:07Z</time>
      </trkpt>
      <trkpt lat="43.158445" lon="-1.554484">
        <ele>450.156</ele>
        <time>2022-06-19T12:19:10Z</time>
      </trkpt>
      <trkpt lat="43.158413" lon="-1.554432">
        <ele>450.663</ele>
        <time>2022-06-19T12:19:13Z</time>
      </trkpt>
      <trkpt lat="43.158378" lon="-1.554377">
        <ele>450.924</ele>
        <time>2022-06-19T12:19:17Z</time>
      </trkpt>
      <trkpt lat="43.158345" lon="-1.554327">
        <ele>450.469</ele>
        <time>2022-06-19T12:19:21Z</time>
      </trkpt>
      <trkpt lat="43.158320" lon="-1.554259">
        <ele>449.774</ele>
        <time>2022-06-19T12:19:25Z</time>
      </trkpt>
      <trkpt lat="43.158282" lon="-1.554212">
        <ele>448.967</ele>
        <time>2022-06-19T12:19:28Z</time>
      </trkpt>
      <trkpt lat="43.158245" lon="-1.554162">
        <ele>448.157</ele>
        <time>2022-06-19T12:19:31Z</time>
      </trkpt>
      <trkpt lat="43.158212" lon="-1.554120">
        <ele>447.600</ele>
        <time>2022-06-19T12:19:34Z</time>
      </trkpt>
      <trkpt lat="43.158165" lon="-1.554067">
        <ele>447.620</ele>
        <time>2022-06-19T12:19:38Z</time>
      </trkpt>
      <trkpt lat="43.158125" lon="-1.554034">
        <ele>447.109</ele>
        <time>2022-06-19T12:19:41Z</time>
      </trkpt>
      <trkpt lat="43.158065" lon="-1.553976">
        <ele>445.776</ele>
        <time>2022-06-19T12:19:44Z</time>
      </trkpt>
      <trkpt lat="43.158020" lon="-1.553933">
        <ele>444.295</ele>
        <time>2022-06-19T12:19:46Z</time>
      </trkpt>
      <trkpt lat="43.157987" lon="-1.553890">
        <ele>443.740</ele>
        <time>2022-06-19T12:19:48Z</time>
      </trkpt>
      <trkpt lat="43.157954" lon="-1.553835">
        <ele>443.223</ele>
        <time>2022-06-19T12:19:50Z</time>
      </trkpt>
      <trkpt lat="43.157912" lon="-1.553755">
        <ele>442.760</ele>
        <time>2022-06-19T12:19:53Z</time>
      </trkpt>
      <trkpt lat="43.157882" lon="-1.553700">
        <ele>441.821</ele>
        <time>2022-06-19T12:19:55Z</time>
      </trkpt>
      <trkpt lat="43.157852" lon="-1.553647">
        <ele>441.326</ele>
        <time>2022-06-19T12:19:57Z</time>
      </trkpt>
      <trkpt lat="43.157814" lon="-1.553605">
        <ele>440.331</ele>
        <time>2022-06-19T12:19:59Z</time>
      </trkpt>
      <trkpt lat="43.157779" lon="-1.553562">
        <ele>438.754</ele>
        <time>2022-06-19T12:20:01Z</time>
      </trkpt>
      <trkpt lat="43.157751" lon="-1.553509">
        <ele>437.234</ele>
        <time>2022-06-19T12:20:03Z</time>
      </trkpt>
      <trkpt lat="43.157726" lon="-1.553454">
        <ele>437.055</ele>
        <time>2022-06-19T12:20:05Z</time>
      </trkpt>
      <trkpt lat="43.157693" lon="-1.553407">
        <ele>437.210</ele>
        <time>2022-06-19T12:20:07Z</time>
      </trkpt>
      <trkpt lat="43.157653" lon="-1.553360">
        <ele>436.309</ele>
        <time>2022-06-19T12:20:09Z</time>
      </trkpt>
      <trkpt lat="43.157613" lon="-1.553320">
        <ele>434.254</ele>
        <time>2022-06-19T12:20:12Z</time>
      </trkpt>
      <trkpt lat="43.157578" lon="-1.553268">
        <ele>431.423</ele>
        <time>2022-06-19T12:20:16Z</time>
      </trkpt>
      <trkpt lat="43.157546" lon="-1.553223">
        <ele>430.038</ele>
        <time>2022-06-19T12:20:19Z</time>
      </trkpt>
      <trkpt lat="43.157529" lon="-1.553158">
        <ele>428.771</ele>
        <time>2022-06-19T12:20:22Z</time>
      </trkpt>
      <trkpt lat="43.157532" lon="-1.553081">
        <ele>427.638</ele>
        <time>2022-06-19T12:20:25Z</time>
      </trkpt>
      <trkpt lat="43.157494" lon="-1.553043">
        <ele>425.669</ele>
        <time>2022-06-19T12:20:28Z</time>
      </trkpt>
      <trkpt lat="43.157441" lon="-1.553043">
        <ele>422.744</ele>
        <time>2022-06-19T12:20:32Z</time>
      </trkpt>
      <trkpt lat="43.157408" lon="-1.553096">
        <ele>422.719</ele>
        <time>2022-06-19T12:20:37Z</time>
      </trkpt>
      <trkpt lat="43.157360" lon="-1.553118">
        <ele>419.462</ele>
        <time>2022-06-19T12:20:41Z</time>
      </trkpt>
      <trkpt lat="43.157327" lon="-1.553168">
        <ele>415.849</ele>
        <time>2022-06-19T12:20:47Z</time>
      </trkpt>
      <trkpt lat="43.157295" lon="-1.553218">
        <ele>413.702</ele>
        <time>2022-06-19T12:20:50Z</time>
      </trkpt>
      <trkpt lat="43.157260" lon="-1.553273">
        <ele>412.922</ele>
        <time>2022-06-19T12:20:54Z</time>
      </trkpt>
      <trkpt lat="43.157223" lon="-1.553315">
        <ele>412.009</ele>
        <time>2022-06-19T12:20:57Z</time>
      </trkpt>
      <trkpt lat="43.157196" lon="-1.553377">
        <ele>409.265</ele>
        <time>2022-06-19T12:21:01Z</time>
      </trkpt>
      <trkpt lat="43.157164" lon="-1.553425">
        <ele>407.634</ele>
        <time>2022-06-19T12:21:04Z</time>
      </trkpt>
      <trkpt lat="43.157139" lon="-1.553482">
        <ele>406.369</ele>
        <time>2022-06-19T12:21:08Z</time>
      </trkpt>
      <trkpt lat="43.157119" lon="-1.553539">
        <ele>405.912</ele>
        <time>2022-06-19T12:21:12Z</time>
      </trkpt>
      <trkpt lat="43.157104" lon="-1.553619">
        <ele>405.119</ele>
        <time>2022-06-19T12:21:18Z</time>
      </trkpt>
      <trkpt lat="43.157077" lon="-1.553674">
        <ele>403.620</ele>
        <time>2022-06-19T12:21:21Z</time>
      </trkpt>
      <trkpt lat="43.157045" lon="-1.553732">
        <ele>401.495</ele>
        <time>2022-06-19T12:21:26Z</time>
      </trkpt>
      <trkpt lat="43.156990" lon="-1.553750">
        <ele>400.210</ele>
        <time>2022-06-19T12:21:30Z</time>
      </trkpt>
      <trkpt lat="43.156938" lon="-1.553750">
        <ele>400.883</ele>
        <time>2022-06-19T12:21:34Z</time>
      </trkpt>
      <trkpt lat="43.156895" lon="-1.553723">
        <ele>401.392</ele>
        <time>2022-06-19T12:21:38Z</time>
      </trkpt>
      <trkpt lat="43.156855" lon="-1.553683">
        <ele>400.873</ele>
        <time>2022-06-19T12:21:41Z</time>
      </trkpt>
      <trkpt lat="43.156808" lon="-1.553656">
        <ele>400.220</ele>
        <time>2022-06-19T12:21:44Z</time>
      </trkpt>
      <trkpt lat="43.156756" lon="-1.553633">
        <ele>399.609</ele>
        <time>2022-06-19T12:21:47Z</time>
      </trkpt>
      <trkpt lat="43.156714" lon="-1.553583">
        <ele>402.980</ele>
        <time>2022-06-19T12:21:52Z</time>
      </trkpt>
      <trkpt lat="43.156667" lon="-1.553558">
        <ele>403.859</ele>
        <time>2022-06-19T12:21:56Z</time>
      </trkpt>
      <trkpt lat="43.156620" lon="-1.553561">
        <ele>403.564</ele>
        <time>2022-06-19T12:22:00Z</time>
      </trkpt>
      <trkpt lat="43.156592" lon="-1.553494">
        <ele>403.077</ele>
        <time>2022-06-19T12:22:04Z</time>
      </trkpt>
      <trkpt lat="43.156562" lon="-1.553427">
        <ele>402.994</ele>
        <time>2022-06-19T12:22:08Z</time>
      </trkpt>
      <trkpt lat="43.156542" lon="-1.553367">
        <ele>402.925</ele>
        <time>2022-06-19T12:22:12Z</time>
      </trkpt>
      <trkpt lat="43.156539" lon="-1.553305">
        <ele>401.540</ele>
        <time>2022-06-19T12:22:16Z</time>
      </trkpt>
      <trkpt lat="43.156542" lon="-1.553238">
        <ele>398.935</ele>
        <time>2022-06-19T12:22:21Z</time>
      </trkpt>
      <trkpt lat="43.156540" lon="-1.553168">
        <ele>396.028</ele>
        <time>2022-06-19T12:22:25Z</time>
      </trkpt>
      <trkpt lat="43.156537" lon="-1.553101">
        <ele>394.133</ele>
        <time>2022-06-19T12:22:28Z</time>
      </trkpt>
      <trkpt lat="43.156510" lon="-1.553048">
        <ele>392.423</ele>
        <time>2022-06-19T12:22:31Z</time>
      </trkpt>
      <trkpt lat="43.156462" lon="-1.553018">
        <ele>390.415</ele>
        <time>2022-06-19T12:22:34Z</time>
      </trkpt>
      <trkpt lat="43.156407" lon="-1.553006">
        <ele>388.809</ele>
        <time>2022-06-19T12:22:38Z</time>
      </trkpt>
      <trkpt lat="43.156354" lon="-1.553028">
        <ele>387.184</ele>
        <time>2022-06-19T12:22:43Z</time>
      </trkpt>
      <trkpt lat="43.156307" lon="-1.553061">
        <ele>384.783</ele>
        <time>2022-06-19T12:22:48Z</time>
      </trkpt>
      <trkpt lat="43.156260" lon="-1.553113">
        <ele>381.698</ele>
        <time>2022-06-19T12:22:55Z</time>
      </trkpt>
      <trkpt lat="43.156215" lon="-1.553171">
        <ele>379.961</ele>
        <time>2022-06-19T12:22:59Z</time>
      </trkpt>
      <trkpt lat="43.156182" lon="-1.553218">
        <ele>378.788</ele>
        <time>2022-06-19T12:23:02Z</time>
      </trkpt>
      <trkpt lat="43.156142" lon="-1.553260">
        <ele>376.939</ele>
        <time>2022-06-19T12:23:06Z</time>
      </trkpt>
      <trkpt lat="43.156094" lon="-1.553313">
        <ele>376.364</ele>
        <time>2022-06-19T12:23:09Z</time>
      </trkpt>
      <trkpt lat="43.156047" lon="-1.553348">
        <ele>375.629</ele>
        <time>2022-06-19T12:23:12Z</time>
      </trkpt>
      <trkpt lat="43.155999" lon="-1.553373">
        <ele>376.672</ele>
        <time>2022-06-19T12:23:16Z</time>
      </trkpt>
      <trkpt lat="43.155944" lon="-1.553335">
        <ele>380.127</ele>
        <time>2022-06-19T12:23:22Z</time>
      </trkpt>
      <trkpt lat="43.155907" lon="-1.553272">
        <ele>380.168</ele>
        <time>2022-06-19T12:23:26Z</time>
      </trkpt>
      <trkpt lat="43.155887" lon="-1.553207">
        <ele>380.314</ele>
        <time>2022-06-19T12:23:30Z</time>
      </trkpt>
      <trkpt lat="43.155857" lon="-1.553159">
        <ele>380.209</ele>
        <time>2022-06-19T12:23:33Z</time>
      </trkpt>
      <trkpt lat="43.155832" lon="-1.553106">
        <ele>379.233</ele>
        <time>2022-06-19T12:23:37Z</time>
      </trkpt>
      <trkpt lat="43.155819" lon="-1.553029">
        <ele>378.052</ele>
        <time>2022-06-19T12:23:41Z</time>
      </trkpt>
      <trkpt lat="43.155812" lon="-1.552967">
        <ele>376.337</ele>
        <time>2022-06-19T12:23:44Z</time>
      </trkpt>
      <trkpt lat="43.155789" lon="-1.552899">
        <ele>375.840</ele>
        <time>2022-06-19T12:23:47Z</time>
      </trkpt>
      <trkpt lat="43.155761" lon="-1.552839">
        <ele>374.847</ele>
        <time>2022-06-19T12:23:51Z</time>
      </trkpt>
      <trkpt lat="43.155731" lon="-1.552782">
        <ele>373.768</ele>
        <time>2022-06-19T12:23:54Z</time>
      </trkpt>
      <trkpt lat="43.155719" lon="-1.552719">
        <ele>372.473</ele>
        <time>2022-06-19T12:23:57Z</time>
      </trkpt>
      <trkpt lat="43.155707" lon="-1.552652">
        <ele>370.448</ele>
        <time>2022-06-19T12:24:02Z</time>
      </trkpt>
      <trkpt lat="43.155687" lon="-1.552570">
        <ele>369.241</ele>
        <time>2022-06-19T12:24:06Z</time>
      </trkpt>
      <trkpt lat="43.155662" lon="-1.552505">
        <ele>368.674</ele>
        <time>2022-06-19T12:24:08Z</time>
      </trkpt>
      <trkpt lat="43.155642" lon="-1.552443">
        <ele>368.556</ele>
        <time>2022-06-19T12:24:10Z</time>
      </trkpt>
      <trkpt lat="43.155657" lon="-1.552375">
        <ele>368.421</ele>
        <time>2022-06-19T12:24:13Z</time>
      </trkpt>
      <trkpt lat="43.155660" lon="-1.552303">
        <ele>367.009</ele>
        <time>2022-06-19T12:24:17Z</time>
      </trkpt>
      <trkpt lat="43.155655" lon="-1.552236">
        <ele>366.278</ele>
        <time>2022-06-19T12:24:21Z</time>
      </trkpt>
      <trkpt lat="43.155645" lon="-1.552171">
        <ele>364.417</ele>
        <time>2022-06-19T12:24:26Z</time>
      </trkpt>
      <trkpt lat="43.155633" lon="-1.552104">
        <ele>364.332</ele>
        <time>2022-06-19T12:24:29Z</time>
      </trkpt>
      <trkpt lat="43.155623" lon="-1.552031">
        <ele>363.945</ele>
        <time>2022-06-19T12:24:32Z</time>
      </trkpt>
      <trkpt lat="43.155623" lon="-1.551966">
        <ele>363.452</ele>
        <time>2022-06-19T12:24:35Z</time>
      </trkpt>
      <trkpt lat="43.155616" lon="-1.551898">
        <ele>362.293</ele>
        <time>2022-06-19T12:24:39Z</time>
      </trkpt>
      <trkpt lat="43.155601" lon="-1.551825">
        <ele>361.228</ele>
        <time>2022-06-19T12:24:43Z</time>
      </trkpt>
      <trkpt lat="43.155594" lon="-1.551760">
        <ele>360.413</ele>
        <time>2022-06-19T12:24:47Z</time>
      </trkpt>
      <trkpt lat="43.155582" lon="-1.551683">
        <ele>359.216</ele>
        <time>2022-06-19T12:24:51Z</time>
      </trkpt>
      <trkpt lat="43.155562" lon="-1.551605">
        <ele>357.411</ele>
        <time>2022-06-19T12:24:54Z</time>
      </trkpt>
      <trkpt lat="43.155544" lon="-1.551545">
        <ele>355.921</ele>
        <time>2022-06-19T12:24:58Z</time>
      </trkpt>
      <trkpt lat="43.155526" lon="-1.551480">
        <ele>353.703</ele>
        <time>2022-06-19T12:25:03Z</time>
      </trkpt>
      <trkpt lat="43.155501" lon="-1.551413">
        <ele>351.709</ele>
        <time>2022-06-19T12:25:07Z</time>
      </trkpt>
      <trkpt lat="43.155466" lon="-1.551358">
        <ele>350.752</ele>
        <time>2022-06-19T12:25:12Z</time>
      </trkpt>
      <trkpt lat="43.155431" lon="-1.551290">
        <ele>349.991</ele>
        <time>2022-06-19T12:25:16Z</time>
      </trkpt>
      <trkpt lat="43.155393" lon="-1.551233">
        <ele>348.316</ele>
        <time>2022-06-19T12:25:19Z</time>
      </trkpt>
      <trkpt lat="43.155358" lon="-1.551186">
        <ele>346.239</ele>
        <time>2022-06-19T12:25:23Z</time>
      </trkpt>
      <trkpt lat="43.155326" lon="-1.551133">
        <ele>345.096</ele>
        <time>2022-06-19T12:25:26Z</time>
      </trkpt>
      <trkpt lat="43.155296" lon="-1.551065">
        <ele>344.137</ele>
        <time>2022-06-19T12:25:29Z</time>
      </trkpt>
      <trkpt lat="43.155269" lon="-1.551003">
        <ele>342.782</ele>
        <time>2022-06-19T12:25:32Z</time>
      </trkpt>
      <trkpt lat="43.155241" lon="-1.550940">
        <ele>341.037</ele>
        <time>2022-06-19T12:25:36Z</time>
      </trkpt>
      <trkpt lat="43.155214" lon="-1.550890">
        <ele>339.620</ele>
        <time>2022-06-19T12:25:39Z</time>
      </trkpt>
      <trkpt lat="43.155186" lon="-1.550813">
        <ele>338.486</ele>
        <time>2022-06-19T12:25:42Z</time>
      </trkpt>
      <trkpt lat="43.155158" lon="-1.550746">
        <ele>338.060</ele>
        <time>2022-06-19T12:25:45Z</time>
      </trkpt>
      <trkpt lat="43.155131" lon="-1.550694">
        <ele>337.126</ele>
        <time>2022-06-19T12:25:49Z</time>
      </trkpt>
      <trkpt lat="43.155099" lon="-1.550637">
        <ele>336.909</ele>
        <time>2022-06-19T12:25:54Z</time>
      </trkpt>
      <trkpt lat="43.155079" lon="-1.550575">
        <ele>336.799</ele>
        <time>2022-06-19T12:25:58Z</time>
      </trkpt>
      <trkpt lat="43.155051" lon="-1.550522">
        <ele>336.088</ele>
        <time>2022-06-19T12:26:01Z</time>
      </trkpt>
      <trkpt lat="43.155009" lon="-1.550469">
        <ele>335.793</ele>
        <time>2022-06-19T12:26:05Z</time>
      </trkpt>
      <trkpt lat="43.154974" lon="-1.550419">
        <ele>335.526</ele>
        <time>2022-06-19T12:26:08Z</time>
      </trkpt>
      <trkpt lat="43.154942" lon="-1.550364">
        <ele>335.053</ele>
        <time>2022-06-19T12:26:11Z</time>
      </trkpt>
      <trkpt lat="43.154904" lon="-1.550319">
        <ele>334.874</ele>
        <time>2022-06-19T12:26:13Z</time>
      </trkpt>
      <trkpt lat="43.154886" lon="-1.550259">
        <ele>333.839</ele>
        <time>2022-06-19T12:26:15Z</time>
      </trkpt>
      <trkpt lat="43.154886" lon="-1.550172">
        <ele>333.044</ele>
        <time>2022-06-19T12:26:18Z</time>
      </trkpt>
      <trkpt lat="43.154853" lon="-1.550109">
        <ele>331.897</ele>
        <time>2022-06-19T12:26:22Z</time>
      </trkpt>
      <trkpt lat="43.154811" lon="-1.550059">
        <ele>331.186</ele>
        <time>2022-06-19T12:26:24Z</time>
      </trkpt>
      <trkpt lat="43.154756" lon="-1.550039">
        <ele>330.460</ele>
        <time>2022-06-19T12:26:27Z</time>
      </trkpt>
      <trkpt lat="43.154719" lon="-1.550092">
        <ele>329.926</ele>
        <time>2022-06-19T12:26:31Z</time>
      </trkpt>
      <trkpt lat="43.154722" lon="-1.550155">
        <ele>328.109</ele>
        <time>2022-06-19T12:26:36Z</time>
      </trkpt>
      <trkpt lat="43.154724" lon="-1.550233">
        <ele>325.589</ele>
        <time>2022-06-19T12:26:40Z</time>
      </trkpt>
      <trkpt lat="43.154722" lon="-1.550311">
        <ele>322.778</ele>
        <time>2022-06-19T12:26:44Z</time>
      </trkpt>
      <trkpt lat="43.154737" lon="-1.550388">
        <ele>321.383</ele>
        <time>2022-06-19T12:26:47Z</time>
      </trkpt>
      <trkpt lat="43.154752" lon="-1.550451">
        <ele>320.146</ele>
        <time>2022-06-19T12:26:50Z</time>
      </trkpt>
      <trkpt lat="43.154749" lon="-1.550528">
        <ele>317.963</ele>
        <time>2022-06-19T12:26:54Z</time>
      </trkpt>
      <trkpt lat="43.154712" lon="-1.550576">
        <ele>316.684</ele>
        <time>2022-06-19T12:26:58Z</time>
      </trkpt>
      <trkpt lat="43.154662" lon="-1.550611">
        <ele>315.879</ele>
        <time>2022-06-19T12:27:02Z</time>
      </trkpt>
      <trkpt lat="43.154615" lon="-1.550581">
        <ele>314.754</ele>
        <time>2022-06-19T12:27:07Z</time>
      </trkpt>
      <trkpt lat="43.154577" lon="-1.550498">
        <ele>312.567</ele>
        <time>2022-06-19T12:27:12Z</time>
      </trkpt>
      <trkpt lat="43.154534" lon="-1.550428">
        <ele>311.277</ele>
        <time>2022-06-19T12:27:15Z</time>
      </trkpt>
      <trkpt lat="43.154501" lon="-1.550351">
        <ele>309.961</ele>
        <time>2022-06-19T12:27:18Z</time>
      </trkpt>
      <trkpt lat="43.154483" lon="-1.550294">
        <ele>309.027</ele>
        <time>2022-06-19T12:27:20Z</time>
      </trkpt>
      <trkpt lat="43.154470" lon="-1.550226">
        <ele>308.509</ele>
        <time>2022-06-19T12:27:22Z</time>
      </trkpt>
      <trkpt lat="43.154448" lon="-1.550163">
        <ele>307.918</ele>
        <time>2022-06-19T12:27:24Z</time>
      </trkpt>
      <trkpt lat="43.154418" lon="-1.550100">
        <ele>306.737</ele>
        <time>2022-06-19T12:27:26Z</time>
      </trkpt>
      <trkpt lat="43.154383" lon="-1.550035">
        <ele>305.542</ele>
        <time>2022-06-19T12:27:28Z</time>
      </trkpt>
      <trkpt lat="43.154360" lon="-1.549957">
        <ele>304.385</ele>
        <time>2022-06-19T12:27:30Z</time>
      </trkpt>
      <trkpt lat="43.154335" lon="-1.549879">
        <ele>302.622</ele>
        <time>2022-06-19T12:27:32Z</time>
      </trkpt>
      <trkpt lat="43.154308" lon="-1.549811">
        <ele>301.753</ele>
        <time>2022-06-19T12:27:34Z</time>
      </trkpt>
      <trkpt lat="43.154283" lon="-1.549734">
        <ele>301.388</ele>
        <time>2022-06-19T12:27:37Z</time>
      </trkpt>
      <trkpt lat="43.154258" lon="-1.549669">
        <ele>301.293</ele>
        <time>2022-06-19T12:27:40Z</time>
      </trkpt>
      <trkpt lat="43.154240" lon="-1.549607">
        <ele>300.246</ele>
        <time>2022-06-19T12:27:43Z</time>
      </trkpt>
      <trkpt lat="43.154227" lon="-1.549530">
        <ele>298.673</ele>
        <time>2022-06-19T12:27:47Z</time>
      </trkpt>
      <trkpt lat="43.154199" lon="-1.549467">
        <ele>298.285</ele>
        <time>2022-06-19T12:27:51Z</time>
      </trkpt>
      <trkpt lat="43.154187" lon="-1.549392">
        <ele>297.013</ele>
        <time>2022-06-19T12:27:55Z</time>
      </trkpt>
      <trkpt lat="43.154180" lon="-1.549330">
        <ele>296.009</ele>
        <time>2022-06-19T12:27:58Z</time>
      </trkpt>
      <trkpt lat="43.154168" lon="-1.549265">
        <ele>295.228</ele>
        <time>2022-06-19T12:28:03Z</time>
      </trkpt>
      <trkpt lat="43.154170" lon="-1.549203">
        <ele>293.847</ele>
        <time>2022-06-19T12:28:08Z</time>
      </trkpt>
      <trkpt lat="43.154173" lon="-1.549141">
        <ele>293.042</ele>
        <time>2022-06-19T12:28:13Z</time>
      </trkpt>
      <trkpt lat="43.154150" lon="-1.549039">
        <ele>292.485</ele>
        <time>2022-06-19T12:28:18Z</time>
      </trkpt>
      <trkpt lat="43.154148" lon="-1.548976">
        <ele>291.642</ele>
        <time>2022-06-19T12:28:21Z</time>
      </trkpt>
      <trkpt lat="43.154130" lon="-1.548913">
        <ele>291.363</ele>
        <time>2022-06-19T12:28:25Z</time>
      </trkpt>
      <trkpt lat="43.154102" lon="-1.548853">
        <ele>291.268</ele>
        <time>2022-06-19T12:28:28Z</time>
      </trkpt>
      <trkpt lat="43.154097" lon="-1.548788">
        <ele>290.073</ele>
        <time>2022-06-19T12:28:31Z</time>
      </trkpt>
      <trkpt lat="43.154069" lon="-1.548726">
        <ele>289.496</ele>
        <time>2022-06-19T12:28:35Z</time>
      </trkpt>
      <trkpt lat="43.154034" lon="-1.548658">
        <ele>288.712</ele>
        <time>2022-06-19T12:28:38Z</time>
      </trkpt>
      <trkpt lat="43.153996" lon="-1.548605">
        <ele>288.332</ele>
        <time>2022-06-19T12:28:41Z</time>
      </trkpt>
      <trkpt lat="43.153964" lon="-1.548557">
        <ele>288.105</ele>
        <time>2022-06-19T12:28:44Z</time>
      </trkpt>
      <trkpt lat="43.153934" lon="-1.548505">
        <ele>287.409</ele>
        <time>2022-06-19T12:28:47Z</time>
      </trkpt>
      <trkpt lat="43.153914" lon="-1.548445">
        <ele>285.742</ele>
        <time>2022-06-19T12:28:50Z</time>
      </trkpt>
      <trkpt lat="43.153894" lon="-1.548383">
        <ele>284.531</ele>
        <time>2022-06-19T12:28:53Z</time>
      </trkpt>
      <trkpt lat="43.153877" lon="-1.548313">
        <ele>283.516</ele>
        <time>2022-06-19T12:28:56Z</time>
      </trkpt>
      <trkpt lat="43.153869" lon="-1.548251">
        <ele>282.059</ele>
        <time>2022-06-19T12:29:00Z</time>
      </trkpt>
      <trkpt lat="43.153869" lon="-1.548186">
        <ele>281.146</ele>
        <time>2022-06-19T12:29:04Z</time>
      </trkpt>
      <trkpt lat="43.153847" lon="-1.548119">
        <ele>280.057</ele>
        <time>2022-06-19T12:29:07Z</time>
      </trkpt>
      <trkpt lat="43.153822" lon="-1.548061">
        <ele>279.112</ele>
        <time>2022-06-19T12:29:10Z</time>
      </trkpt>
      <trkpt lat="43.153794" lon="-1.547999">
        <ele>278.177</ele>
        <time>2022-06-19T12:29:14Z</time>
      </trkpt>
      <trkpt lat="43.153749" lon="-1.547924">
        <ele>276.920</ele>
        <time>2022-06-19T12:29:19Z</time>
      </trkpt>
      <trkpt lat="43.153737" lon="-1.547856">
        <ele>274.343</ele>
        <time>2022-06-19T12:29:23Z</time>
      </trkpt>
      <trkpt lat="43.153690" lon="-1.547801">
        <ele>270.264</ele>
        <time>2022-06-19T12:29:27Z</time>
      </trkpt>
      <trkpt lat="43.153662" lon="-1.547744">
        <ele>268.610</ele>
        <time>2022-06-19T12:29:30Z</time>
      </trkpt>
      <trkpt lat="43.153622" lon="-1.547697">
        <ele>268.109</ele>
        <time>2022-06-19T12:29:33Z</time>
      </trkpt>
      <trkpt lat="43.153595" lon="-1.547637">
        <ele>267.825</ele>
        <time>2022-06-19T12:29:36Z</time>
      </trkpt>
      <trkpt lat="43.153560" lon="-1.547575">
        <ele>269.834</ele>
        <time>2022-06-19T12:29:42Z</time>
      </trkpt>
      <trkpt lat="43.153517" lon="-1.547535">
        <ele>270.949</ele>
        <time>2022-06-19T12:29:46Z</time>
      </trkpt>
      <trkpt lat="43.153485" lon="-1.547472">
        <ele>271.042</ele>
        <time>2022-06-19T12:29:50Z</time>
      </trkpt>
      <trkpt lat="43.153463" lon="-1.547410">
        <ele>269.819</ele>
        <time>2022-06-19T12:29:53Z</time>
      </trkpt>
      <trkpt lat="43.153420" lon="-1.547352">
        <ele>268.250</ele>
        <time>2022-06-19T12:29:56Z</time>
      </trkpt>
      <trkpt lat="43.153385" lon="-1.547300">
        <ele>267.515</ele>
        <time>2022-06-19T12:29:59Z</time>
      </trkpt>
      <trkpt lat="43.153355" lon="-1.547237">
        <ele>265.940</ele>
        <time>2022-06-19T12:30:03Z</time>
      </trkpt>
      <trkpt lat="43.153333" lon="-1.547164">
        <ele>265.073</ele>
        <time>2022-06-19T12:30:06Z</time>
      </trkpt>
      <trkpt lat="43.153300" lon="-1.547091">
        <ele>263.697</ele>
        <time>2022-06-19T12:30:09Z</time>
      </trkpt>
      <trkpt lat="43.153270" lon="-1.547028">
        <ele>262.723</ele>
        <time>2022-06-19T12:30:12Z</time>
      </trkpt>
      <trkpt lat="43.153242" lon="-1.546980">
        <ele>262.225</ele>
        <time>2022-06-19T12:30:14Z</time>
      </trkpt>
      <trkpt lat="43.153209" lon="-1.546907">
        <ele>261.309</ele>
        <time>2022-06-19T12:30:17Z</time>
      </trkpt>
      <trkpt lat="43.153189" lon="-1.546832">
        <ele>260.290</ele>
        <time>2022-06-19T12:30:20Z</time>
      </trkpt>
      <trkpt lat="43.153167" lon="-1.546765">
        <ele>259.229</ele>
        <time>2022-06-19T12:30:22Z</time>
      </trkpt>
      <trkpt lat="43.153155" lon="-1.546703">
        <ele>257.594</ele>
        <time>2022-06-19T12:30:24Z</time>
      </trkpt>
      <trkpt lat="43.153142" lon="-1.546616">
        <ele>254.937</ele>
        <time>2022-06-19T12:30:27Z</time>
      </trkpt>
      <trkpt lat="43.153127" lon="-1.546539">
        <ele>253.714</ele>
        <time>2022-06-19T12:30:29Z</time>
      </trkpt>
      <trkpt lat="43.153097" lon="-1.546456">
        <ele>252.365</ele>
        <time>2022-06-19T12:30:31Z</time>
      </trkpt>
      <trkpt lat="43.153067" lon="-1.546371">
        <ele>250.360</ele>
        <time>2022-06-19T12:30:33Z</time>
      </trkpt>
      <trkpt lat="43.153044" lon="-1.546293">
        <ele>249.495</ele>
        <time>2022-06-19T12:30:35Z</time>
      </trkpt>
      <trkpt lat="43.153016" lon="-1.546226">
        <ele>248.328</ele>
        <time>2022-06-19T12:30:37Z</time>
      </trkpt>
      <trkpt lat="43.152988" lon="-1.546153">
        <ele>247.731</ele>
        <time>2022-06-19T12:30:39Z</time>
      </trkpt>
      <trkpt lat="43.152963" lon="-1.546078">
        <ele>247.761</ele>
        <time>2022-06-19T12:30:41Z</time>
      </trkpt>
      <trkpt lat="43.152960" lon="-1.546005">
        <ele>245.507</ele>
        <time>2022-06-19T12:30:44Z</time>
      </trkpt>
      <trkpt lat="43.152937" lon="-1.545952">
        <ele>244.609</ele>
        <time>2022-06-19T12:30:46Z</time>
      </trkpt>
      <trkpt lat="43.152907" lon="-1.545897">
        <ele>243.374</ele>
        <time>2022-06-19T12:30:49Z</time>
      </trkpt>
      <trkpt lat="43.152880" lon="-1.545837">
        <ele>241.683</ele>
        <time>2022-06-19T12:30:53Z</time>
      </trkpt>
      <trkpt lat="43.152858" lon="-1.545775">
        <ele>240.898</ele>
        <time>2022-06-19T12:30:56Z</time>
      </trkpt>
      <trkpt lat="43.152845" lon="-1.545703">
        <ele>240.881</ele>
        <time>2022-06-19T12:30:59Z</time>
      </trkpt>
      <trkpt lat="43.152828" lon="-1.545643">
        <ele>240.028</ele>
        <time>2022-06-19T12:31:03Z</time>
      </trkpt>
      <trkpt lat="43.152803" lon="-1.545575">
        <ele>239.599</ele>
        <time>2022-06-19T12:31:07Z</time>
      </trkpt>
      <trkpt lat="43.152791" lon="-1.545507">
        <ele>239.094</ele>
        <time>2022-06-19T12:31:11Z</time>
      </trkpt>
      <trkpt lat="43.152761" lon="-1.545444">
        <ele>236.159</ele>
        <time>2022-06-19T12:31:17Z</time>
      </trkpt>
      <trkpt lat="43.152733" lon="-1.545394">
        <ele>233.872</ele>
        <time>2022-06-19T12:31:20Z</time>
      </trkpt>
      <trkpt lat="43.152705" lon="-1.545336">
        <ele>233.695</ele>
        <time>2022-06-19T12:31:23Z</time>
      </trkpt>
      <trkpt lat="43.152667" lon="-1.545271">
        <ele>234.049</ele>
        <time>2022-06-19T12:31:27Z</time>
      </trkpt>
      <trkpt lat="43.152635" lon="-1.545226">
        <ele>234.423</ele>
        <time>2022-06-19T12:31:30Z</time>
      </trkpt>
      <trkpt lat="43.152622" lon="-1.545151">
        <ele>230.209</ele>
        <time>2022-06-19T12:31:34Z</time>
      </trkpt>
      <trkpt lat="43.152599" lon="-1.545093">
        <ele>225.610</ele>
        <time>2022-06-19T12:31:38Z</time>
      </trkpt>
      <trkpt lat="43.152567" lon="-1.545041">
        <ele>223.919</ele>
        <time>2022-06-19T12:31:41Z</time>
      </trkpt>
      <trkpt lat="43.152534" lon="-1.544999">
        <ele>222.834</ele>
        <time>2022-06-19T12:31:44Z</time>
      </trkpt>
      <trkpt lat="43.152496" lon="-1.544947">
        <ele>220.557</ele>
        <time>2022-06-19T12:31:48Z</time>
      </trkpt>
      <trkpt lat="43.152459" lon="-1.544887">
        <ele>217.434</ele>
        <time>2022-06-19T12:31:52Z</time>
      </trkpt>
      <trkpt lat="43.152439" lon="-1.544810">
        <ele>215.055</ele>
        <time>2022-06-19T12:31:56Z</time>
      </trkpt>
      <trkpt lat="43.152416" lon="-1.544750">
        <ele>213.620</ele>
        <time>2022-06-19T12:31:59Z</time>
      </trkpt>
      <trkpt lat="43.152384" lon="-1.544683">
        <ele>213.365</ele>
        <time>2022-06-19T12:32:03Z</time>
      </trkpt>
      <trkpt lat="43.152372" lon="-1.544623">
        <ele>214.218</ele>
        <time>2022-06-19T12:32:06Z</time>
      </trkpt>
      <trkpt lat="43.152347" lon="-1.544558">
        <ele>215.148</ele>
        <time>2022-06-19T12:32:10Z</time>
      </trkpt>
      <trkpt lat="43.152335" lon="-1.544475">
        <ele>214.161</ele>
        <time>2022-06-19T12:32:14Z</time>
      </trkpt>
      <trkpt lat="43.152320" lon="-1.544397">
        <ele>213.717</ele>
        <time>2022-06-19T12:32:16Z</time>
      </trkpt>
      <trkpt lat="43.152307" lon="-1.544314">
        <ele>213.609</ele>
        <time>2022-06-19T12:32:18Z</time>
      </trkpt>
      <trkpt lat="43.152302" lon="-1.544234">
        <ele>212.755</ele>
        <time>2022-06-19T12:32:20Z</time>
      </trkpt>
      <trkpt lat="43.152294" lon="-1.544159">
        <ele>212.394</ele>
        <time>2022-06-19T12:32:22Z</time>
      </trkpt>
      <trkpt lat="43.152301" lon="-1.544067">
        <ele>212.029</ele>
        <time>2022-06-19T12:32:25Z</time>
      </trkpt>
      <trkpt lat="43.152288" lon="-1.543994">
        <ele>211.992</ele>
        <time>2022-06-19T12:32:28Z</time>
      </trkpt>
      <trkpt lat="43.152250" lon="-1.543947">
        <ele>213.319</ele>
        <time>2022-06-19T12:32:31Z</time>
      </trkpt>
      <trkpt lat="43.152192" lon="-1.543932">
        <ele>212.390</ele>
        <time>2022-06-19T12:32:35Z</time>
      </trkpt>
      <trkpt lat="43.152139" lon="-1.543932">
        <ele>211.545</ele>
        <time>2022-06-19T12:32:39Z</time>
      </trkpt>
      <trkpt lat="43.152094" lon="-1.543934">
        <ele>209.880</ele>
        <time>2022-06-19T12:32:42Z</time>
      </trkpt>
      <trkpt lat="43.152042" lon="-1.543924">
        <ele>207.313</ele>
        <time>2022-06-19T12:32:46Z</time>
      </trkpt>
      <trkpt lat="43.151999" lon="-1.543896">
        <ele>207.783</ele>
        <time>2022-06-19T12:32:52Z</time>
      </trkpt>
      <trkpt lat="43.152044" lon="-1.543898">
        <ele>208.025</ele>
        <time>2022-06-19T12:32:57Z</time>
      </trkpt>
      <trkpt lat="43.152094" lon="-1.543915">
        <ele>209.417</ele>
        <time>2022-06-19T12:33:00Z</time>
      </trkpt>
      <trkpt lat="43.152146" lon="-1.543925">
        <ele>213.709</ele>
        <time>2022-06-19T12:33:04Z</time>
      </trkpt>
      <trkpt lat="43.152193" lon="-1.543903">
        <ele>216.399</ele>
        <time>2022-06-19T12:33:09Z</time>
      </trkpt>
      <trkpt lat="43.152213" lon="-1.543845">
        <ele>216.888</ele>
        <time>2022-06-19T12:33:13Z</time>
      </trkpt>
      <trkpt lat="43.152233" lon="-1.543775">
        <ele>215.823</ele>
        <time>2022-06-19T12:33:17Z</time>
      </trkpt>
      <trkpt lat="43.152245" lon="-1.543705">
        <ele>214.836</ele>
        <time>2022-06-19T12:33:21Z</time>
      </trkpt>
      <trkpt lat="43.152240" lon="-1.543635">
        <ele>214.993</ele>
        <time>2022-06-19T12:33:25Z</time>
      </trkpt>
      <trkpt lat="43.152235" lon="-1.543573">
        <ele>215.254</ele>
        <time>2022-06-19T12:33:29Z</time>
      </trkpt>
      <trkpt lat="43.152237" lon="-1.543495">
        <ele>215.749</ele>
        <time>2022-06-19T12:33:33Z</time>
      </trkpt>
      <trkpt lat="43.152267" lon="-1.543438">
        <ele>214.364</ele>
        <time>2022-06-19T12:33:37Z</time>
      </trkpt>
      <trkpt lat="43.152285" lon="-1.543378">
        <ele>213.557</ele>
        <time>2022-06-19T12:33:40Z</time>
      </trkpt>
      <trkpt lat="43.152292" lon="-1.543310">
        <ele>213.463</ele>
        <time>2022-06-19T12:33:43Z</time>
      </trkpt>
      <trkpt lat="43.152297" lon="-1.543240">
        <ele>213.344</ele>
        <time>2022-06-19T12:33:47Z</time>
      </trkpt>
      <trkpt lat="43.152272" lon="-1.543183">
        <ele>213.018</ele>
        <time>2022-06-19T12:33:51Z</time>
      </trkpt>
      <trkpt lat="43.152322" lon="-1.543191">
        <ele>217.409</ele>
        <time>2022-06-19T12:34:11Z</time>
      </trkpt>
      <trkpt lat="43.152275" lon="-1.543134">
        <ele>217.457</ele>
        <time>2022-06-19T12:34:14Z</time>
      </trkpt>
      <trkpt lat="43.152217" lon="-1.543109">
        <ele>216.816</ele>
        <time>2022-06-19T12:34:16Z</time>
      </trkpt>
      <trkpt lat="43.152164" lon="-1.543099">
        <ele>215.561</ele>
        <time>2022-06-19T12:34:19Z</time>
      </trkpt>
      <trkpt lat="43.152112" lon="-1.543092">
        <ele>213.844</ele>
        <time>2022-06-19T12:34:22Z</time>
      </trkpt>
      <trkpt lat="43.152072" lon="-1.543060">
        <ele>212.861</ele>
        <time>2022-06-19T12:34:26Z</time>
      </trkpt>
      <trkpt lat="43.152024" lon="-1.543018">
        <ele>212.772</ele>
        <time>2022-06-19T12:34:29Z</time>
      </trkpt>
      <trkpt lat="43.151976" lon="-1.542978">
        <ele>212.477</ele>
        <time>2022-06-19T12:34:33Z</time>
      </trkpt>
      <trkpt lat="43.151933" lon="-1.542936">
        <ele>212.572</ele>
        <time>2022-06-19T12:34:37Z</time>
      </trkpt>
      <trkpt lat="43.151886" lon="-1.542921">
        <ele>211.135</ele>
        <time>2022-06-19T12:34:41Z</time>
      </trkpt>
      <trkpt lat="43.151849" lon="-1.542868">
        <ele>214.554</ele>
        <time>2022-06-19T12:35:42Z</time>
      </trkpt>
      <trkpt lat="43.151802" lon="-1.542836">
        <ele>216.256</ele>
        <time>2022-06-19T12:35:46Z</time>
      </trkpt>
      <trkpt lat="43.151757" lon="-1.542831">
        <ele>215.811</ele>
        <time>2022-06-19T12:35:49Z</time>
      </trkpt>
      <trkpt lat="43.151709" lon="-1.542819">
        <ele>214.309</ele>
        <time>2022-06-19T12:35:53Z</time>
      </trkpt>
      <trkpt lat="43.151667" lon="-1.542792">
        <ele>212.936</ele>
        <time>2022-06-19T12:35:57Z</time>
      </trkpt>
      <trkpt lat="43.151632" lon="-1.542744">
        <ele>210.915</ele>
        <time>2022-06-19T12:36:01Z</time>
      </trkpt>
      <trkpt lat="43.151582" lon="-1.542716">
        <ele>210.450</ele>
        <time>2022-06-19T12:36:05Z</time>
      </trkpt>
      <trkpt lat="43.151535" lon="-1.542701">
        <ele>209.913</ele>
        <time>2022-06-19T12:36:08Z</time>
      </trkpt>
      <trkpt lat="43.151482" lon="-1.542673">
        <ele>207.980</ele>
        <time>2022-06-19T12:36:13Z</time>
      </trkpt>
      <trkpt lat="43.151447" lon="-1.542626">
        <ele>205.451</ele>
        <time>2022-06-19T12:36:17Z</time>
      </trkpt>
      <trkpt lat="43.151400" lon="-1.542619">
        <ele>203.466</ele>
        <time>2022-06-19T12:36:21Z</time>
      </trkpt>
      <trkpt lat="43.151352" lon="-1.542597">
        <ele>201.891</ele>
        <time>2022-06-19T12:36:24Z</time>
      </trkpt>
      <trkpt lat="43.151305" lon="-1.542582">
        <ele>201.054</ele>
        <time>2022-06-19T12:36:27Z</time>
      </trkpt>
      <trkpt lat="43.151257" lon="-1.542547">
        <ele>202.134</ele>
        <time>2022-06-19T12:36:31Z</time>
      </trkpt>
      <trkpt lat="43.151202" lon="-1.542557">
        <ele>203.455</ele>
        <time>2022-06-19T12:36:36Z</time>
      </trkpt>
      <trkpt lat="43.151149" lon="-1.542555">
        <ele>203.310</ele>
        <time>2022-06-19T12:36:41Z</time>
      </trkpt>
      <trkpt lat="43.151104" lon="-1.542532">
        <ele>204.309</ele>
        <time>2022-06-19T12:36:44Z</time>
      </trkpt>
      <trkpt lat="43.151047" lon="-1.542522">
        <ele>204.884</ele>
        <time>2022-06-19T12:36:48Z</time>
      </trkpt>
      <trkpt lat="43.151002" lon="-1.542504">
        <ele>204.813</ele>
        <time>2022-06-19T12:36:52Z</time>
      </trkpt>
      <trkpt lat="43.150955" lon="-1.542484">
        <ele>206.158</ele>
        <time>2022-06-19T12:36:57Z</time>
      </trkpt>
      <trkpt lat="43.150908" lon="-1.542469">
        <ele>207.691</ele>
        <time>2022-06-19T12:37:01Z</time>
      </trkpt>
      <trkpt lat="43.150855" lon="-1.542461">
        <ele>208.138</ele>
        <time>2022-06-19T12:37:04Z</time>
      </trkpt>
      <trkpt lat="43.150808" lon="-1.542449">
        <ele>208.159</ele>
        <time>2022-06-19T12:37:07Z</time>
      </trkpt>
      <trkpt lat="43.150763" lon="-1.542457">
        <ele>209.144</ele>
        <time>2022-06-19T12:37:11Z</time>
      </trkpt>
      <trkpt lat="43.150703" lon="-1.542434">
        <ele>209.919</ele>
        <time>2022-06-19T12:37:20Z</time>
      </trkpt>
      <trkpt lat="43.150655" lon="-1.542419">
        <ele>208.852</ele>
        <time>2022-06-19T12:37:24Z</time>
      </trkpt>
      <trkpt lat="43.150603" lon="-1.542422">
        <ele>208.979</ele>
        <time>2022-06-19T12:37:27Z</time>
      </trkpt>
      <trkpt lat="43.150558" lon="-1.542430">
        <ele>209.505</ele>
        <time>2022-06-19T12:37:30Z</time>
      </trkpt>
      <trkpt lat="43.150496" lon="-1.542427">
        <ele>210.325</ele>
        <time>2022-06-19T12:37:35Z</time>
      </trkpt>
      <trkpt lat="43.150438" lon="-1.542459">
        <ele>211.309</ele>
        <time>2022-06-19T12:37:38Z</time>
      </trkpt>
      <trkpt lat="43.150388" lon="-1.542462">
        <ele>212.058</ele>
        <time>2022-06-19T12:37:42Z</time>
      </trkpt>
      <trkpt lat="43.150336" lon="-1.542457">
        <ele>212.347</ele>
        <time>2022-06-19T12:37:46Z</time>
      </trkpt>
      <trkpt lat="43.150286" lon="-1.542432">
        <ele>212.372</ele>
        <time>2022-06-19T12:37:49Z</time>
      </trkpt>
      <trkpt lat="43.150243" lon="-1.542395">
        <ele>212.845</ele>
        <time>2022-06-19T12:37:52Z</time>
      </trkpt>
      <trkpt lat="43.150198" lon="-1.542350">
        <ele>214.212</ele>
        <time>2022-06-19T12:37:56Z</time>
      </trkpt>
      <trkpt lat="43.150161" lon="-1.542288">
        <ele>215.653</ele>
        <time>2022-06-19T12:38:00Z</time>
      </trkpt>
      <trkpt lat="43.150128" lon="-1.542226">
        <ele>215.918</ele>
        <time>2022-06-19T12:38:04Z</time>
      </trkpt>
      <trkpt lat="43.150091" lon="-1.542171">
        <ele>217.253</ele>
        <time>2022-06-19T12:38:09Z</time>
      </trkpt>
      <trkpt lat="43.150059" lon="-1.542126">
        <ele>218.046</ele>
        <time>2022-06-19T12:38:12Z</time>
      </trkpt>
      <trkpt lat="43.150024" lon="-1.542079">
        <ele>218.057</ele>
        <time>2022-06-19T12:38:15Z</time>
      </trkpt>
      <trkpt lat="43.149989" lon="-1.542037">
        <ele>219.200</ele>
        <time>2022-06-19T12:38:18Z</time>
      </trkpt>
      <trkpt lat="43.149951" lon="-1.542002">
        <ele>218.420</ele>
        <time>2022-06-19T12:38:22Z</time>
      </trkpt>
      <trkpt lat="43.149901" lon="-1.542000">
        <ele>218.209</ele>
        <time>2022-06-19T12:38:26Z</time>
      </trkpt>
      <trkpt lat="43.149854" lon="-1.542005">
        <ele>218.046</ele>
        <time>2022-06-19T12:38:29Z</time>
      </trkpt>
      <trkpt lat="43.149801" lon="-1.541988">
        <ele>218.275</ele>
        <time>2022-06-19T12:38:33Z</time>
      </trkpt>
      <trkpt lat="43.149754" lon="-1.541973">
        <ele>218.640</ele>
        <time>2022-06-19T12:38:37Z</time>
      </trkpt>
      <trkpt lat="43.149709" lon="-1.541971">
        <ele>217.833</ele>
        <time>2022-06-19T12:38:40Z</time>
      </trkpt>
      <trkpt lat="43.149662" lon="-1.541968">
        <ele>217.870</ele>
        <time>2022-06-19T12:38:43Z</time>
      </trkpt>
      <trkpt lat="43.149604" lon="-1.541958">
        <ele>216.961</ele>
        <time>2022-06-19T12:38:47Z</time>
      </trkpt>
      <trkpt lat="43.149557" lon="-1.541943">
        <ele>216.636</ele>
        <time>2022-06-19T12:38:51Z</time>
      </trkpt>
      <trkpt lat="43.149505" lon="-1.541916">
        <ele>216.151</ele>
        <time>2022-06-19T12:38:55Z</time>
      </trkpt>
      <trkpt lat="43.149463" lon="-1.541888">
        <ele>216.024</ele>
        <time>2022-06-19T12:38:59Z</time>
      </trkpt>
      <trkpt lat="43.149410" lon="-1.541876">
        <ele>215.688</ele>
        <time>2022-06-19T12:39:03Z</time>
      </trkpt>
      <trkpt lat="43.149362" lon="-1.541863">
        <ele>216.724</ele>
        <time>2022-06-19T12:39:07Z</time>
      </trkpt>
      <trkpt lat="43.149314" lon="-1.541826">
        <ele>216.726</ele>
        <time>2022-06-19T12:39:11Z</time>
      </trkpt>
      <trkpt lat="43.149257" lon="-1.541816">
        <ele>215.509</ele>
        <time>2022-06-19T12:39:15Z</time>
      </trkpt>
      <trkpt lat="43.149207" lon="-1.541811">
        <ele>215.279</ele>
        <time>2022-06-19T12:39:23Z</time>
      </trkpt>
      <trkpt lat="43.149149" lon="-1.541809">
        <ele>213.678</ele>
        <time>2022-06-19T12:39:27Z</time>
      </trkpt>
      <trkpt lat="43.149096" lon="-1.541806">
        <ele>213.243</ele>
        <time>2022-06-19T12:39:31Z</time>
      </trkpt>
      <trkpt lat="43.149048" lon="-1.541791">
        <ele>213.996</ele>
        <time>2022-06-19T12:39:35Z</time>
      </trkpt>
      <trkpt lat="43.149000" lon="-1.541763">
        <ele>214.273</ele>
        <time>2022-06-19T12:39:39Z</time>
      </trkpt>
      <trkpt lat="43.148952" lon="-1.541741">
        <ele>213.894</ele>
        <time>2022-06-19T12:39:43Z</time>
      </trkpt>
      <trkpt lat="43.148904" lon="-1.541734">
        <ele>213.799</ele>
        <time>2022-06-19T12:39:46Z</time>
      </trkpt>
      <trkpt lat="43.148857" lon="-1.541729">
        <ele>214.934</ele>
        <time>2022-06-19T12:39:50Z</time>
      </trkpt>
      <trkpt lat="43.148809" lon="-1.541714">
        <ele>214.937</ele>
        <time>2022-06-19T12:39:56Z</time>
      </trkpt>
      <trkpt lat="43.148767" lon="-1.541689">
        <ele>215.384</ele>
        <time>2022-06-19T12:40:00Z</time>
      </trkpt>
      <trkpt lat="43.148724" lon="-1.541652">
        <ele>215.507</ele>
        <time>2022-06-19T12:40:04Z</time>
      </trkpt>
      <trkpt lat="43.148679" lon="-1.541619">
        <ele>216.717</ele>
        <time>2022-06-19T12:40:08Z</time>
      </trkpt>
      <trkpt lat="43.148632" lon="-1.541597">
        <ele>217.509</ele>
        <time>2022-06-19T12:40:12Z</time>
      </trkpt>
      <trkpt lat="43.148574" lon="-1.541579">
        <ele>220.359</ele>
        <time>2022-06-19T12:40:17Z</time>
      </trkpt>
      <trkpt lat="43.148521" lon="-1.541559">
        <ele>219.558</ele>
        <time>2022-06-19T12:40:20Z</time>
      </trkpt>
      <trkpt lat="43.148469" lon="-1.541539">
        <ele>218.413</ele>
        <time>2022-06-19T12:40:24Z</time>
      </trkpt>
      <trkpt lat="43.148416" lon="-1.541527">
        <ele>219.036</ele>
        <time>2022-06-19T12:40:28Z</time>
      </trkpt>
      <trkpt lat="43.148364" lon="-1.541522">
        <ele>218.813</ele>
        <time>2022-06-19T12:40:33Z</time>
      </trkpt>
      <trkpt lat="43.148319" lon="-1.541504">
        <ele>218.794</ele>
        <time>2022-06-19T12:40:37Z</time>
      </trkpt>
      <trkpt lat="43.148272" lon="-1.541461">
        <ele>219.329</ele>
        <time>2022-06-19T12:40:41Z</time>
      </trkpt>
      <trkpt lat="43.148235" lon="-1.541421">
        <ele>221.264</ele>
        <time>2022-06-19T12:40:45Z</time>
      </trkpt>
      <trkpt lat="43.148195" lon="-1.541379">
        <ele>223.197</ele>
        <time>2022-06-19T12:40:48Z</time>
      </trkpt>
      <trkpt lat="43.148163" lon="-1.541327">
        <ele>225.184</ele>
        <time>2022-06-19T12:40:53Z</time>
      </trkpt>
      <trkpt lat="43.148130" lon="-1.541274">
        <ele>226.307</ele>
        <time>2022-06-19T12:40:56Z</time>
      </trkpt>
      <trkpt lat="43.148095" lon="-1.541222">
        <ele>225.917</ele>
        <time>2022-06-19T12:41:00Z</time>
      </trkpt>
      <trkpt lat="43.148070" lon="-1.541170">
        <ele>227.709</ele>
        <time>2022-06-19T12:41:04Z</time>
      </trkpt>
      <trkpt lat="43.148038" lon="-1.541125">
        <ele>228.949</ele>
        <time>2022-06-19T12:41:07Z</time>
      </trkpt>
      <trkpt lat="43.148008" lon="-1.541077">
        <ele>229.558</ele>
        <time>2022-06-19T12:41:10Z</time>
      </trkpt>
      <trkpt lat="43.147966" lon="-1.541034">
        <ele>228.153</ele>
        <time>2022-06-19T12:41:14Z</time>
      </trkpt>
      <trkpt lat="43.147933" lon="-1.540989">
        <ele>228.586</ele>
        <time>2022-06-19T12:41:18Z</time>
      </trkpt>
      <trkpt lat="43.147895" lon="-1.540931">
        <ele>229.833</ele>
        <time>2022-06-19T12:41:22Z</time>
      </trkpt>
      <trkpt lat="43.147850" lon="-1.540888">
        <ele>229.794</ele>
        <time>2022-06-19T12:41:26Z</time>
      </trkpt>
      <trkpt lat="43.147815" lon="-1.540841">
        <ele>229.579</ele>
        <time>2022-06-19T12:41:30Z</time>
      </trkpt>
      <trkpt lat="43.147788" lon="-1.540774">
        <ele>230.754</ele>
        <time>2022-06-19T12:41:35Z</time>
      </trkpt>
      <trkpt lat="43.147736" lon="-1.540727">
        <ele>232.337</ele>
        <time>2022-06-19T12:41:39Z</time>
      </trkpt>
      <trkpt lat="43.147693" lon="-1.540710">
        <ele>231.911</ele>
        <time>2022-06-19T12:41:42Z</time>
      </trkpt>
      <trkpt lat="43.147653" lon="-1.540678">
        <ele>231.221</ele>
        <time>2022-06-19T12:41:45Z</time>
      </trkpt>
      <trkpt lat="43.147606" lon="-1.540656">
        <ele>229.503</ele>
        <time>2022-06-19T12:41:48Z</time>
      </trkpt>
      <trkpt lat="43.147561" lon="-1.540634">
        <ele>227.909</ele>
        <time>2022-06-19T12:41:51Z</time>
      </trkpt>
      <trkpt lat="43.147519" lon="-1.540609">
        <ele>227.982</ele>
        <time>2022-06-19T12:41:55Z</time>
      </trkpt>
      <trkpt lat="43.147472" lon="-1.540591">
        <ele>230.031</ele>
        <time>2022-06-19T12:41:59Z</time>
      </trkpt>
      <trkpt lat="43.147425" lon="-1.540563">
        <ele>231.026</ele>
        <time>2022-06-19T12:42:03Z</time>
      </trkpt>
      <trkpt lat="43.147375" lon="-1.540556">
        <ele>230.379</ele>
        <time>2022-06-19T12:42:06Z</time>
      </trkpt>
      <trkpt lat="43.147322" lon="-1.540543">
        <ele>229.176</ele>
        <time>2022-06-19T12:42:09Z</time>
      </trkpt>
      <trkpt lat="43.147267" lon="-1.540546">
        <ele>227.777</ele>
        <time>2022-06-19T12:42:14Z</time>
      </trkpt>
      <trkpt lat="43.147220" lon="-1.540524">
        <ele>227.952</ele>
        <time>2022-06-19T12:42:17Z</time>
      </trkpt>
      <trkpt lat="43.147175" lon="-1.540499">
        <ele>228.147</ele>
        <time>2022-06-19T12:42:20Z</time>
      </trkpt>
      <trkpt lat="43.147125" lon="-1.540494">
        <ele>228.150</ele>
        <time>2022-06-19T12:42:24Z</time>
      </trkpt>
      <trkpt lat="43.147070" lon="-1.540496">
        <ele>228.357</ele>
        <time>2022-06-19T12:42:30Z</time>
      </trkpt>
      <trkpt lat="43.147027" lon="-1.540473">
        <ele>228.200</ele>
        <time>2022-06-19T12:42:33Z</time>
      </trkpt>
      <trkpt lat="43.146989" lon="-1.540428">
        <ele>228.320</ele>
        <time>2022-06-19T12:42:37Z</time>
      </trkpt>
      <trkpt lat="43.146957" lon="-1.540381">
        <ele>228.509</ele>
        <time>2022-06-19T12:42:41Z</time>
      </trkpt>
      <trkpt lat="43.146919" lon="-1.540326">
        <ele>230.426</ele>
        <time>2022-06-19T12:42:45Z</time>
      </trkpt>
      <trkpt lat="43.146884" lon="-1.540274">
        <ele>231.865</ele>
        <time>2022-06-19T12:42:48Z</time>
      </trkpt>
      <trkpt lat="43.146841" lon="-1.540227">
        <ele>232.650</ele>
        <time>2022-06-19T12:42:52Z</time>
      </trkpt>
      <trkpt lat="43.146809" lon="-1.540179">
        <ele>233.013</ele>
        <time>2022-06-19T12:42:56Z</time>
      </trkpt>
      <trkpt lat="43.146751" lon="-1.540147">
        <ele>230.940</ele>
        <time>2022-06-19T12:43:00Z</time>
      </trkpt>
      <trkpt lat="43.146706" lon="-1.540134">
        <ele>229.791</ele>
        <time>2022-06-19T12:43:05Z</time>
      </trkpt>
      <trkpt lat="43.146668" lon="-1.540087">
        <ele>228.816</ele>
        <time>2022-06-19T12:43:09Z</time>
      </trkpt>
      <trkpt lat="43.146636" lon="-1.540030">
        <ele>227.711</ele>
        <time>2022-06-19T12:43:13Z</time>
      </trkpt>
      <trkpt lat="43.146593" lon="-1.539992">
        <ele>229.064</ele>
        <time>2022-06-19T12:43:17Z</time>
      </trkpt>
      <trkpt lat="43.146555" lon="-1.539957">
        <ele>230.064</ele>
        <time>2022-06-19T12:43:20Z</time>
      </trkpt>
      <trkpt lat="43.146505" lon="-1.539925">
        <ele>231.206</ele>
        <time>2022-06-19T12:43:23Z</time>
      </trkpt>
      <trkpt lat="43.146450" lon="-1.539907">
        <ele>231.516</ele>
        <time>2022-06-19T12:43:30Z</time>
      </trkpt>
      <trkpt lat="43.146390" lon="-1.539904">
        <ele>232.609</ele>
        <time>2022-06-19T12:43:35Z</time>
      </trkpt>
      <trkpt lat="43.146175" lon="-1.539807">
        <ele>233.557</ele>
        <time>2022-06-19T12:43:51Z</time>
      </trkpt>
      <trkpt lat="43.146147" lon="-1.539752">
        <ele>233.956</ele>
        <time>2022-06-19T12:43:54Z</time>
      </trkpt>
      <trkpt lat="43.146089" lon="-1.539712">
        <ele>234.621</ele>
        <time>2022-06-19T12:43:57Z</time>
      </trkpt>
      <trkpt lat="43.146042" lon="-1.539710">
        <ele>234.814</ele>
        <time>2022-06-19T12:44:01Z</time>
      </trkpt>
      <trkpt lat="43.145989" lon="-1.539702">
        <ele>235.681</ele>
        <time>2022-06-19T12:44:05Z</time>
      </trkpt>
      <trkpt lat="43.145931" lon="-1.539690">
        <ele>235.752</ele>
        <time>2022-06-19T12:44:09Z</time>
      </trkpt>
      <trkpt lat="43.145873" lon="-1.539680">
        <ele>233.927</ele>
        <time>2022-06-19T12:44:13Z</time>
      </trkpt>
      <trkpt lat="43.145821" lon="-1.539637">
        <ele>236.192</ele>
        <time>2022-06-19T12:44:15Z</time>
      </trkpt>
      <trkpt lat="43.145774" lon="-1.539625">
        <ele>239.485</ele>
        <time>2022-06-19T12:44:18Z</time>
      </trkpt>
      <trkpt lat="43.145727" lon="-1.539622">
        <ele>239.687</ele>
        <time>2022-06-19T12:44:23Z</time>
      </trkpt>
      <trkpt lat="43.145682" lon="-1.539622">
        <ele>239.742</ele>
        <time>2022-06-19T12:44:27Z</time>
      </trkpt>
      <trkpt lat="43.145617" lon="-1.539617">
        <ele>239.326</ele>
        <time>2022-06-19T12:44:32Z</time>
      </trkpt>
      <trkpt lat="43.145557" lon="-1.539619">
        <ele>239.509</ele>
        <time>2022-06-19T12:44:35Z</time>
      </trkpt>
      <trkpt lat="43.145510" lon="-1.539634">
        <ele>240.369</ele>
        <time>2022-06-19T12:44:37Z</time>
      </trkpt>
      <trkpt lat="43.145458" lon="-1.539617">
        <ele>238.948</ele>
        <time>2022-06-19T12:44:42Z</time>
      </trkpt>
    </trkseg>
  </trk></gpx>