<?xml version="1.0" encoding="UTF-8"?>
<gpx creator="Wikiloc - https://www.wikiloc.com" version="1.1" xmlns="http://www.topografix.com/GPX/1/1" xmlns:xsi="http://www.w3.org/2001/XMLSchema-instance" xsi:schemaLocation="http://www.topografix.com/GPX/1/1 http://www.topografix.com/GPX/1/1/gpx.xsd">
  <metadata>
    <name>Wikiloc - UNBOTO (802 m) desde LEKAROZ</name>
    <author>
      <name>RUTAS por el MONTE BLOG</name>
      <link href="https://www.wikiloc.com/wikiloc/user.do?id=4600824">
        <text>RUTAS por el MONTE BLOG on Wikiloc</text>
      </link>
    </author>
    <link href="https://www.wikiloc.com/hiking-trails/unboto-802-m-desde-lekaroz-107745539">
      <text>UNBOTO (802 m) desde LEKAROZ on Wikiloc</text>
    </link>
    <time>2022-07-12T11:41:55Z</time>
  </metadata>
  <wpt lat="43.145582" lon="-1.539733">
    <ele>248.4</ele>
    <time>2022-07-12T09:08:07Z</time>
    <name>Lekaroz</name>
    <cmt>Aparcamos a la entrada del pueblo</cmt>
    <desc>Aparcamos a la entrada del pueblo</desc>
  </wpt>
  <wpt lat="43.146137" lon="-1.539557">
    <ele>230.8</ele>
    <time>2022-07-12T09:09:37Z</time>
    <name>Girar a la derecha junto a la iglesia</name>
    <cmt></cmt>
    <desc></desc>
  </wpt>
  <wpt lat="43.147610" lon="-1.538485">
    <ele>212.0</ele>
    <time>2022-07-12T09:12:11Z</time>
    <name>Derecha dirección sidrería</name>
    <cmt></cmt>
    <desc></desc>
  </wpt>
  <wpt lat="43.150415" lon="-1.537500">
    <ele>198.2</ele>
    <time>2022-07-12T09:16:55Z</time>
    <name>Izquierda seguir pista cementada</name>
    <cmt></cmt>
    <desc></desc>
  </wpt>
  <wpt lat="43.152615" lon="-1.537083">
    <ele>216.7</ele>
    <time>2022-07-12T09:21:00Z</time>
    <name>Recto por pista cementada</name>
    <cmt></cmt>
    <desc></desc>
  </wpt>
  <wpt lat="43.153867" lon="-1.536707">
    <ele>229.7</ele>
    <time>2022-07-12T09:23:01Z</time>
    <name>Seguir pista cementada</name>
    <cmt></cmt>
    <desc></desc>
  </wpt>
  <wpt lat="43.156170" lon="-1.535745">
    <ele>284.1</ele>
    <time>2022-07-12T09:29:01Z</time>
    <name>Marca azul y blanca</name>
    <cmt></cmt>
    <desc></desc>
  </wpt>
  <wpt lat="43.157140" lon="-1.535620">
    <ele>307.9</ele>
    <time>2022-07-12T09:30:46Z</time>
    <name>Sidrería larraldea</name>
    <cmt></cmt>
    <desc></desc>
  </wpt>
  <wpt lat="43.161940" lon="-1.538638">
    <ele>386.3</ele>
    <time>2022-07-12T09:43:02Z</time>
    <name>Derecha abandonar pista cementada, seguir pista de tierra ascendente</name>
    <cmt></cmt>
    <desc></desc>
  </wpt>
  <wpt lat="43.168757" lon="-1.536773">
    <ele>508.1</ele>
    <time>2022-07-12T09:58:23Z</time>
    <name>Pequeño tramo llano</name>
    <cmt></cmt>
    <desc></desc>
  </wpt>
  <wpt lat="43.172403" lon="-1.537615">
    <ele>576.8</ele>
    <time>2022-07-12T10:09:23Z</time>
    <name>Izquierda giro 180 grados</name>
    <cmt></cmt>
    <desc></desc>
  </wpt>
  <wpt lat="43.172562" lon="-1.537848">
    <ele>584.0</ele>
    <time>2022-07-12T10:13:51Z</time>
    <name>Derecha hacia asfalto</name>
    <cmt></cmt>
    <desc></desc>
  </wpt>
  <wpt lat="43.172655" lon="-1.537748">
    <ele>584.2</ele>
    <time>2022-07-12T10:14:27Z</time>
    <name>Subir por asfalto</name>
    <cmt></cmt>
    <desc></desc>
  </wpt>
  <wpt lat="43.173137" lon="-1.538240">
    <ele>592.8</ele>
    <time>2022-07-12T10:15:46Z</time>
    <name>Casa rural Istarbey</name>
    <cmt></cmt>
    <desc></desc>
  </wpt>
  <wpt lat="43.173383" lon="-1.538568">
    <ele>592.1</ele>
    <time>2022-07-12T10:16:58Z</time>
    <name>Derecha abandonar asfalto y luego ligeramente izquierda por sendero ascendente</name>
    <cmt></cmt>
    <desc></desc>
  </wpt>
  <wpt lat="43.174587" lon="-1.538722">
    <ele>621.7</ele>
    <time>2022-07-12T10:24:01Z</time>
    <name>Izquierda seguir subiendo por sendero</name>
    <cmt></cmt>
    <desc></desc>
  </wpt>
  <wpt lat="43.179677" lon="-1.540808">
    <ele>780.5</ele>
    <time>2022-07-12T10:42:18Z</time>
    <name>Unboto</name>
    <cmt></cmt>
    <desc></desc>
  </wpt>
  <wpt lat="43.161355" lon="-1.538343">
    <ele>378.2</ele>
    <time>2022-07-12T11:17:12Z</time>
    <name>Izquierda pequeño atajo a la bajada</name>
    <cmt></cmt>
    <desc></desc>
  </wpt>
  <wpt lat="43.146010" lon="-1.539607">
    <ele>229.1</ele>
    <time>2022-07-12T11:41:09Z</time>
    <name>Fuente</name>
    <cmt></cmt>
    <desc></desc>
  </wpt>
  <trk>
    <name>UNBOTO (802 m) desde LEKAROZ</name>
    <cmt>Ruta de ida y vuelta al monte Unboto (802 m) desde Lekaroz. 
 
&lt;iframe height="315" src="https://www.youtube.com/embed/lfuCffpBu6Y"&gt;&lt;/iframe&gt; 
 
Comenzamos la ruta caminando hacia la iglesia de Lekaroz, donde giramos a la derecha. Desde aquí, entramos en un tramo de pista cementada en dirección hacia la sidrería Larraldea. Tras pasar la sidrería, seguimos por pista cementada hasta un gran cruce de caminos. 
 
En dicho cruce, abandonamos la pista cementada por la derecha, tomando la pista de tierra ascendente. 
 
Una vez superado este tramo de ascenso y con un pequeño giro de 180º hacia la izquierda, conectaremos con un camino asfaltado. Caminaremos muy brevemente por asfalto, pasando junto a la Casa Rural Istarbey. 
 
Justo después de pasar la casa rural, abandonamos el asfalto por nuestra derecha, tomando un sendero de tierra ascendente, con pendiente moderada y que nosotros encontramos algo cerrado por las zarzas, aunque no representa obstáculo alguno para avanzar. 
 
Tras esta rampa final llegamos a la cima de Unboto, desde donde tenemos bonitas vistas, especialmente hacia el monte Legate y hacia la zona del monte Abartan. 
 
El descenso lo realizamos siguiendo el mismo camino que utilizamos para subir, salvo un mínimo atajo que tomamos para acortar una curva.</cmt>
    <desc>Ruta de ida y vuelta al monte Unboto (802 m) desde Lekaroz. 
 
&lt;iframe height="315" src="https://www.youtube.com/embed/lfuCffpBu6Y"&gt;&lt;/iframe&gt; 
 
Comenzamos la ruta caminando hacia la iglesia de Lekaroz, donde giramos a la derecha. Desde aquí, entramos en un tramo de pista cementada en dirección hacia la sidrería Larraldea. Tras pasar la sidrería, seguimos por pista cementada hasta un gran cruce de caminos. 
 
En dicho cruce, abandonamos la pista cementada por la derecha, tomando la pista de tierra ascendente. 
 
Una vez superado este tramo de ascenso y con un pequeño giro de 180º hacia la izquierda, conectaremos con un camino asfaltado. Caminaremos muy brevemente por asfalto, pasando junto a la Casa Rural Istarbey. 
 
Justo después de pasar la casa rural, abandonamos el asfalto por nuestra derecha, tomando un sendero de tierra ascendente, con pendiente moderada y que nosotros encontramos algo cerrado por las zarzas, aunque no representa obstáculo alguno para avanzar. 
 
Tras esta rampa final llegamos a la cima de Unboto, desde donde tenemos bonitas vistas, especialmente hacia el monte Legate y hacia la zona del monte Abartan. 
 
El descenso lo realizamos siguiendo el mismo camino que utilizamos para subir, salvo un mínimo atajo que tomamos para acortar una curva.</desc>
    <trkseg>
      <trkpt lat="43.145667" lon="-1.539677">
        <ele>237.615</ele>
        <time>2022-07-12T09:07:52Z</time>
      </trkpt>
      <trkpt lat="43.145495" lon="-1.539760">
        <ele>237.665</ele>
        <time>2022-07-12T09:07:55Z</time>
      </trkpt>
      <trkpt lat="43.145518" lon="-1.539707">
        <ele>237.611</ele>
        <time>2022-07-12T09:08:00Z</time>
      </trkpt>
      <trkpt lat="43.145501" lon="-1.539610">
        <ele>237.609</ele>
        <time>2022-07-12T09:08:03Z</time>
      </trkpt>
      <trkpt lat="43.145536" lon="-1.539727">
        <ele>237.642</ele>
        <time>2022-07-12T09:08:05Z</time>
      </trkpt>
      <trkpt lat="43.145581" lon="-1.539734">
        <ele>237.631</ele>
        <time>2022-07-12T09:08:07Z</time>
      </trkpt>
      <trkpt lat="43.145573" lon="-1.539666">
        <ele>237.678</ele>
        <time>2022-07-12T09:08:18Z</time>
      </trkpt>
      <trkpt lat="43.145541" lon="-1.539609">
        <ele>237.858</ele>
        <time>2022-07-12T09:08:22Z</time>
      </trkpt>
      <trkpt lat="43.145588" lon="-1.539641">
        <ele>238.085</ele>
        <time>2022-07-12T09:08:38Z</time>
      </trkpt>
      <trkpt lat="43.145623" lon="-1.539691">
        <ele>238.136</ele>
        <time>2022-07-12T09:08:43Z</time>
      </trkpt>
      <trkpt lat="43.145671" lon="-1.539706">
        <ele>238.026</ele>
        <time>2022-07-12T09:08:48Z</time>
      </trkpt>
      <trkpt lat="43.145716" lon="-1.539684">
        <ele>238.034</ele>
        <time>2022-07-12T09:08:52Z</time>
      </trkpt>
      <trkpt lat="43.145753" lon="-1.539637">
        <ele>237.820</ele>
        <time>2022-07-12T09:08:56Z</time>
      </trkpt>
      <trkpt lat="43.145800" lon="-1.539612">
        <ele>237.382</ele>
        <time>2022-07-12T09:08:59Z</time>
      </trkpt>
      <trkpt lat="43.145838" lon="-1.539574">
        <ele>234.743</ele>
        <time>2022-07-12T09:09:05Z</time>
      </trkpt>
      <trkpt lat="43.145890" lon="-1.539562">
        <ele>232.117</ele>
        <time>2022-07-12T09:09:09Z</time>
      </trkpt>
      <trkpt lat="43.145935" lon="-1.539579">
        <ele>230.909</ele>
        <time>2022-07-12T09:09:13Z</time>
      </trkpt>
      <trkpt lat="43.145985" lon="-1.539577">
        <ele>230.699</ele>
        <time>2022-07-12T09:09:18Z</time>
      </trkpt>
      <trkpt lat="43.146027" lon="-1.539604">
        <ele>230.698</ele>
        <time>2022-07-12T09:09:22Z</time>
      </trkpt>
      <trkpt lat="43.146080" lon="-1.539584">
        <ele>230.635</ele>
        <time>2022-07-12T09:09:26Z</time>
      </trkpt>
      <trkpt lat="43.146137" lon="-1.539557">
        <ele>230.865</ele>
        <time>2022-07-12T09:09:29Z</time>
      </trkpt>
      <trkpt lat="43.146147" lon="-1.539495">
        <ele>231.882</ele>
        <time>2022-07-12T09:09:42Z</time>
      </trkpt>
      <trkpt lat="43.146184" lon="-1.539438">
        <ele>232.313</ele>
        <time>2022-07-12T09:09:46Z</time>
      </trkpt>
      <trkpt lat="43.146217" lon="-1.539386">
        <ele>231.653</ele>
        <time>2022-07-12T09:09:52Z</time>
      </trkpt>
      <trkpt lat="43.146237" lon="-1.539326">
        <ele>231.711</ele>
        <time>2022-07-12T09:09:56Z</time>
      </trkpt>
      <trkpt lat="43.146249" lon="-1.539264">
        <ele>231.727</ele>
        <time>2022-07-12T09:10:00Z</time>
      </trkpt>
      <trkpt lat="43.146281" lon="-1.539212">
        <ele>232.179</ele>
        <time>2022-07-12T09:10:04Z</time>
      </trkpt>
      <trkpt lat="43.146298" lon="-1.539142">
        <ele>232.805</ele>
        <time>2022-07-12T09:10:09Z</time>
      </trkpt>
      <trkpt lat="43.146321" lon="-1.539089">
        <ele>232.825</ele>
        <time>2022-07-12T09:10:13Z</time>
      </trkpt>
      <trkpt lat="43.146363" lon="-1.539044">
        <ele>232.909</ele>
        <time>2022-07-12T09:10:18Z</time>
      </trkpt>
      <trkpt lat="43.146411" lon="-1.539031">
        <ele>232.768</ele>
        <time>2022-07-12T09:10:22Z</time>
      </trkpt>
      <trkpt lat="43.146454" lon="-1.539014">
        <ele>232.197</ele>
        <time>2022-07-12T09:10:28Z</time>
      </trkpt>
      <trkpt lat="43.146504" lon="-1.539002">
        <ele>230.654</ele>
        <time>2022-07-12T09:10:33Z</time>
      </trkpt>
      <trkpt lat="43.146559" lon="-1.538970">
        <ele>230.514</ele>
        <time>2022-07-12T09:10:38Z</time>
      </trkpt>
      <trkpt lat="43.146616" lon="-1.538943">
        <ele>230.361</ele>
        <time>2022-07-12T09:10:42Z</time>
      </trkpt>
      <trkpt lat="43.146663" lon="-1.538921">
        <ele>230.112</ele>
        <time>2022-07-12T09:10:45Z</time>
      </trkpt>
      <trkpt lat="43.146710" lon="-1.538886">
        <ele>230.232</ele>
        <time>2022-07-12T09:10:48Z</time>
      </trkpt>
      <trkpt lat="43.146755" lon="-1.538841">
        <ele>230.080</ele>
        <time>2022-07-12T09:10:53Z</time>
      </trkpt>
      <trkpt lat="43.146798" lon="-1.538819">
        <ele>229.836</ele>
        <time>2022-07-12T09:10:57Z</time>
      </trkpt>
      <trkpt lat="43.146853" lon="-1.538794">
        <ele>229.577</ele>
        <time>2022-07-12T09:11:01Z</time>
      </trkpt>
      <trkpt lat="43.146898" lon="-1.538762">
        <ele>228.161</ele>
        <time>2022-07-12T09:11:05Z</time>
      </trkpt>
      <trkpt lat="43.146948" lon="-1.538735">
        <ele>226.527</ele>
        <time>2022-07-12T09:11:08Z</time>
      </trkpt>
      <trkpt lat="43.146991" lon="-1.538692">
        <ele>224.709</ele>
        <time>2022-07-12T09:11:12Z</time>
      </trkpt>
      <trkpt lat="43.147029" lon="-1.538655">
        <ele>224.478</ele>
        <time>2022-07-12T09:11:16Z</time>
      </trkpt>
      <trkpt lat="43.147079" lon="-1.538622">
        <ele>223.577</ele>
        <time>2022-07-12T09:11:22Z</time>
      </trkpt>
      <trkpt lat="43.147122" lon="-1.538587">
        <ele>221.544</ele>
        <time>2022-07-12T09:11:26Z</time>
      </trkpt>
      <trkpt lat="43.147172" lon="-1.538567">
        <ele>218.924</ele>
        <time>2022-07-12T09:11:30Z</time>
      </trkpt>
      <trkpt lat="43.147229" lon="-1.538559">
        <ele>217.451</ele>
        <time>2022-07-12T09:11:35Z</time>
      </trkpt>
      <trkpt lat="43.147282" lon="-1.538557">
        <ele>216.932</ele>
        <time>2022-07-12T09:11:39Z</time>
      </trkpt>
      <trkpt lat="43.147330" lon="-1.538567">
        <ele>216.852</ele>
        <time>2022-07-12T09:11:43Z</time>
      </trkpt>
      <trkpt lat="43.147382" lon="-1.538557">
        <ele>216.710</ele>
        <time>2022-07-12T09:11:48Z</time>
      </trkpt>
      <trkpt lat="43.147429" lon="-1.538555">
        <ele>215.846</ele>
        <time>2022-07-12T09:11:52Z</time>
      </trkpt>
      <trkpt lat="43.147476" lon="-1.538550">
        <ele>215.382</ele>
        <time>2022-07-12T09:11:55Z</time>
      </trkpt>
      <trkpt lat="43.147521" lon="-1.538553">
        <ele>213.843</ele>
        <time>2022-07-12T09:11:58Z</time>
      </trkpt>
      <trkpt lat="43.147569" lon="-1.538526">
        <ele>213.217</ele>
        <time>2022-07-12T09:12:02Z</time>
      </trkpt>
      <trkpt lat="43.147611" lon="-1.538481">
        <ele>211.909</ele>
        <time>2022-07-12T09:12:08Z</time>
      </trkpt>
      <trkpt lat="43.147656" lon="-1.538464">
        <ele>211.769</ele>
        <time>2022-07-12T09:12:13Z</time>
      </trkpt>
      <trkpt lat="43.147686" lon="-1.538411">
        <ele>210.848</ele>
        <time>2022-07-12T09:12:19Z</time>
      </trkpt>
      <trkpt lat="43.147719" lon="-1.538359">
        <ele>210.095</ele>
        <time>2022-07-12T09:12:23Z</time>
      </trkpt>
      <trkpt lat="43.147754" lon="-1.538317">
        <ele>210.115</ele>
        <time>2022-07-12T09:12:27Z</time>
      </trkpt>
      <trkpt lat="43.147799" lon="-1.538284">
        <ele>210.122</ele>
        <time>2022-07-12T09:12:31Z</time>
      </trkpt>
      <trkpt lat="43.147841" lon="-1.538249">
        <ele>209.933</ele>
        <time>2022-07-12T09:12:35Z</time>
      </trkpt>
      <trkpt lat="43.147894" lon="-1.538217">
        <ele>209.973</ele>
        <time>2022-07-12T09:12:40Z</time>
      </trkpt>
      <trkpt lat="43.147939" lon="-1.538199">
        <ele>210.091</ele>
        <time>2022-07-12T09:12:45Z</time>
      </trkpt>
      <trkpt lat="43.147986" lon="-1.538164">
        <ele>210.177</ele>
        <time>2022-07-12T09:12:50Z</time>
      </trkpt>
      <trkpt lat="43.148038" lon="-1.538131">
        <ele>210.189</ele>
        <time>2022-07-12T09:12:55Z</time>
      </trkpt>
      <trkpt lat="43.148090" lon="-1.538104">
        <ele>210.406</ele>
        <time>2022-07-12T09:13:00Z</time>
      </trkpt>
      <trkpt lat="43.148135" lon="-1.538067">
        <ele>210.826</ele>
        <time>2022-07-12T09:13:05Z</time>
      </trkpt>
      <trkpt lat="43.148182" lon="-1.538052">
        <ele>210.909</ele>
        <time>2022-07-12T09:13:09Z</time>
      </trkpt>
      <trkpt lat="43.148230" lon="-1.538035">
        <ele>211.289</ele>
        <time>2022-07-12T09:13:13Z</time>
      </trkpt>
      <trkpt lat="43.148287" lon="-1.538015">
        <ele>211.488</ele>
        <time>2022-07-12T09:13:17Z</time>
      </trkpt>
      <trkpt lat="43.148339" lon="-1.538008">
        <ele>211.455</ele>
        <time>2022-07-12T09:13:21Z</time>
      </trkpt>
      <trkpt lat="43.148391" lon="-1.537995">
        <ele>211.445</ele>
        <time>2022-07-12T09:13:25Z</time>
      </trkpt>
      <trkpt lat="43.148439" lon="-1.537985">
        <ele>211.122</ele>
        <time>2022-07-12T09:13:30Z</time>
      </trkpt>
      <trkpt lat="43.148496" lon="-1.537977">
        <ele>209.883</ele>
        <time>2022-07-12T09:13:34Z</time>
      </trkpt>
      <trkpt lat="43.148543" lon="-1.537989">
        <ele>209.263</ele>
        <time>2022-07-12T09:13:37Z</time>
      </trkpt>
      <trkpt lat="43.148591" lon="-1.538002">
        <ele>208.161</ele>
        <time>2022-07-12T09:13:40Z</time>
      </trkpt>
      <trkpt lat="43.148646" lon="-1.537994">
        <ele>207.677</ele>
        <time>2022-07-12T09:13:44Z</time>
      </trkpt>
      <trkpt lat="43.148694" lon="-1.537986">
        <ele>207.432</ele>
        <time>2022-07-12T09:13:48Z</time>
      </trkpt>
      <trkpt lat="43.148746" lon="-1.537979">
        <ele>207.492</ele>
        <time>2022-07-12T09:13:52Z</time>
      </trkpt>
      <trkpt lat="43.148793" lon="-1.537989">
        <ele>207.511</ele>
        <time>2022-07-12T09:13:55Z</time>
      </trkpt>
      <trkpt lat="43.148838" lon="-1.537991">
        <ele>207.509</ele>
        <time>2022-07-12T09:13:59Z</time>
      </trkpt>
      <trkpt lat="43.148886" lon="-1.537974">
        <ele>207.494</ele>
        <time>2022-07-12T09:14:03Z</time>
      </trkpt>
      <trkpt lat="43.148946" lon="-1.537979">
        <ele>207.413</ele>
        <time>2022-07-12T09:14:07Z</time>
      </trkpt>
      <trkpt lat="43.148991" lon="-1.537986">
        <ele>207.420</ele>
        <time>2022-07-12T09:14:11Z</time>
      </trkpt>
      <trkpt lat="43.149046" lon="-1.537973">
        <ele>207.530</ele>
        <time>2022-07-12T09:14:15Z</time>
      </trkpt>
      <trkpt lat="43.149091" lon="-1.537980">
        <ele>207.637</ele>
        <time>2022-07-12T09:14:19Z</time>
      </trkpt>
      <trkpt lat="43.149144" lon="-1.537965">
        <ele>207.868</ele>
        <time>2022-07-12T09:14:23Z</time>
      </trkpt>
      <trkpt lat="43.149189" lon="-1.537957">
        <ele>208.078</ele>
        <time>2022-07-12T09:14:27Z</time>
      </trkpt>
      <trkpt lat="43.149242" lon="-1.537957">
        <ele>207.916</ele>
        <time>2022-07-12T09:14:33Z</time>
      </trkpt>
      <trkpt lat="43.149297" lon="-1.537935">
        <ele>207.912</ele>
        <time>2022-07-12T09:14:37Z</time>
      </trkpt>
      <trkpt lat="43.149345" lon="-1.537920">
        <ele>206.267</ele>
        <time>2022-07-12T09:14:42Z</time>
      </trkpt>
      <trkpt lat="43.149392" lon="-1.537920">
        <ele>204.881</ele>
        <time>2022-07-12T09:14:46Z</time>
      </trkpt>
      <trkpt lat="43.149442" lon="-1.537912">
        <ele>204.119</ele>
        <time>2022-07-12T09:14:51Z</time>
      </trkpt>
      <trkpt lat="43.149497" lon="-1.537909">
        <ele>203.109</ele>
        <time>2022-07-12T09:14:55Z</time>
      </trkpt>
      <trkpt lat="43.149547" lon="-1.537907">
        <ele>202.977</ele>
        <time>2022-07-12T09:14:59Z</time>
      </trkpt>
      <trkpt lat="43.149602" lon="-1.537887">
        <ele>202.066</ele>
        <time>2022-07-12T09:15:32Z</time>
      </trkpt>
      <trkpt lat="43.149650" lon="-1.537869">
        <ele>202.073</ele>
        <time>2022-07-12T09:15:37Z</time>
      </trkpt>
      <trkpt lat="43.149705" lon="-1.537867">
        <ele>202.123</ele>
        <time>2022-07-12T09:15:41Z</time>
      </trkpt>
      <trkpt lat="43.149750" lon="-1.537859">
        <ele>202.170</ele>
        <time>2022-07-12T09:15:45Z</time>
      </trkpt>
      <trkpt lat="43.149793" lon="-1.537837">
        <ele>202.081</ele>
        <time>2022-07-12T09:15:49Z</time>
      </trkpt>
      <trkpt lat="43.149848" lon="-1.537830">
        <ele>202.521</ele>
        <time>2022-07-12T09:15:53Z</time>
      </trkpt>
      <trkpt lat="43.149900" lon="-1.537818">
        <ele>201.859</ele>
        <time>2022-07-12T09:15:57Z</time>
      </trkpt>
      <trkpt lat="43.149947" lon="-1.537816">
        <ele>199.875</ele>
        <time>2022-07-12T09:16:00Z</time>
      </trkpt>
      <trkpt lat="43.149989" lon="-1.537788">
        <ele>198.377</ele>
        <time>2022-07-12T09:16:04Z</time>
      </trkpt>
      <trkpt lat="43.150044" lon="-1.537790">
        <ele>196.961</ele>
        <time>2022-07-12T09:16:13Z</time>
      </trkpt>
      <trkpt lat="43.150102" lon="-1.537775">
        <ele>196.927</ele>
        <time>2022-07-12T09:16:17Z</time>
      </trkpt>
      <trkpt lat="43.150152" lon="-1.537767">
        <ele>196.909</ele>
        <time>2022-07-12T09:16:22Z</time>
      </trkpt>
      <trkpt lat="43.150204" lon="-1.537767">
        <ele>198.068</ele>
        <time>2022-07-12T09:16:27Z</time>
      </trkpt>
      <trkpt lat="43.150257" lon="-1.537734">
        <ele>198.917</ele>
        <time>2022-07-12T09:16:31Z</time>
      </trkpt>
      <trkpt lat="43.150310" lon="-1.537722">
        <ele>199.074</ele>
        <time>2022-07-12T09:16:34Z</time>
      </trkpt>
      <trkpt lat="43.150343" lon="-1.537667">
        <ele>199.074</ele>
        <time>2022-07-12T09:16:38Z</time>
      </trkpt>
      <trkpt lat="43.150355" lon="-1.537605">
        <ele>198.521</ele>
        <time>2022-07-12T09:16:43Z</time>
      </trkpt>
      <trkpt lat="43.150398" lon="-1.537568">
        <ele>198.262</ele>
        <time>2022-07-12T09:16:48Z</time>
      </trkpt>
      <trkpt lat="43.150416" lon="-1.537496">
        <ele>198.292</ele>
        <time>2022-07-12T09:16:51Z</time>
      </trkpt>
      <trkpt lat="43.150371" lon="-1.537506">
        <ele>198.590</ele>
        <time>2022-07-12T09:17:01Z</time>
      </trkpt>
      <trkpt lat="43.150429" lon="-1.537479">
        <ele>200.316</ele>
        <time>2022-07-12T09:17:19Z</time>
      </trkpt>
      <trkpt lat="43.150482" lon="-1.537446">
        <ele>199.626</ele>
        <time>2022-07-12T09:17:29Z</time>
      </trkpt>
      <trkpt lat="43.150494" lon="-1.537506">
        <ele>199.447</ele>
        <time>2022-07-12T09:17:50Z</time>
      </trkpt>
      <trkpt lat="43.150536" lon="-1.537479">
        <ele>199.211</ele>
        <time>2022-07-12T09:17:55Z</time>
      </trkpt>
      <trkpt lat="43.150568" lon="-1.537432">
        <ele>198.809</ele>
        <time>2022-07-12T09:18:02Z</time>
      </trkpt>
      <trkpt lat="43.150620" lon="-1.537449">
        <ele>198.823</ele>
        <time>2022-07-12T09:18:07Z</time>
      </trkpt>
      <trkpt lat="43.150673" lon="-1.537449">
        <ele>199.072</ele>
        <time>2022-07-12T09:18:11Z</time>
      </trkpt>
      <trkpt lat="43.150720" lon="-1.537439">
        <ele>198.839</ele>
        <time>2022-07-12T09:18:16Z</time>
      </trkpt>
      <trkpt lat="43.150773" lon="-1.537449">
        <ele>200.859</ele>
        <time>2022-07-12T09:18:22Z</time>
      </trkpt>
      <trkpt lat="43.150826" lon="-1.537457">
        <ele>203.966</ele>
        <time>2022-07-12T09:18:26Z</time>
      </trkpt>
      <trkpt lat="43.150879" lon="-1.537454">
        <ele>206.177</ele>
        <time>2022-07-12T09:18:30Z</time>
      </trkpt>
      <trkpt lat="43.150927" lon="-1.537454">
        <ele>206.977</ele>
        <time>2022-07-12T09:18:34Z</time>
      </trkpt>
      <trkpt lat="43.150972" lon="-1.537451">
        <ele>207.915</ele>
        <time>2022-07-12T09:18:37Z</time>
      </trkpt>
      <trkpt lat="43.151019" lon="-1.537461">
        <ele>209.171</ele>
        <time>2022-07-12T09:18:41Z</time>
      </trkpt>
      <trkpt lat="43.151071" lon="-1.537451">
        <ele>210.027</ele>
        <time>2022-07-12T09:18:45Z</time>
      </trkpt>
      <trkpt lat="43.151116" lon="-1.537449">
        <ele>210.768</ele>
        <time>2022-07-12T09:18:49Z</time>
      </trkpt>
      <trkpt lat="43.151163" lon="-1.537432">
        <ele>210.814</ele>
        <time>2022-07-12T09:18:54Z</time>
      </trkpt>
      <trkpt lat="43.151213" lon="-1.537419">
        <ele>210.809</ele>
        <time>2022-07-12T09:18:58Z</time>
      </trkpt>
      <trkpt lat="43.151265" lon="-1.537389">
        <ele>210.753</ele>
        <time>2022-07-12T09:19:03Z</time>
      </trkpt>
      <trkpt lat="43.151318" lon="-1.537377">
        <ele>210.442</ele>
        <time>2022-07-12T09:19:07Z</time>
      </trkpt>
      <trkpt lat="43.151373" lon="-1.537372">
        <ele>208.689</ele>
        <time>2022-07-12T09:19:11Z</time>
      </trkpt>
      <trkpt lat="43.151421" lon="-1.537369">
        <ele>207.969</ele>
        <time>2022-07-12T09:19:15Z</time>
      </trkpt>
      <trkpt lat="43.151466" lon="-1.537359">
        <ele>208.156</ele>
        <time>2022-07-12T09:19:19Z</time>
      </trkpt>
      <trkpt lat="43.151519" lon="-1.537346">
        <ele>208.037</ele>
        <time>2022-07-12T09:19:23Z</time>
      </trkpt>
      <trkpt lat="43.151569" lon="-1.537351">
        <ele>208.927</ele>
        <time>2022-07-12T09:19:27Z</time>
      </trkpt>
      <trkpt lat="43.151627" lon="-1.537346">
        <ele>209.225</ele>
        <time>2022-07-12T09:19:31Z</time>
      </trkpt>
      <trkpt lat="43.151675" lon="-1.537343">
        <ele>209.491</ele>
        <time>2022-07-12T09:19:36Z</time>
      </trkpt>
      <trkpt lat="43.151718" lon="-1.537326">
        <ele>210.631</ele>
        <time>2022-07-12T09:19:41Z</time>
      </trkpt>
      <trkpt lat="43.151766" lon="-1.537331">
        <ele>210.661</ele>
        <time>2022-07-12T09:19:44Z</time>
      </trkpt>
      <trkpt lat="43.151813" lon="-1.537321">
        <ele>210.607</ele>
        <time>2022-07-12T09:19:48Z</time>
      </trkpt>
      <trkpt lat="43.151858" lon="-1.537309">
        <ele>210.709</ele>
        <time>2022-07-12T09:19:51Z</time>
      </trkpt>
      <trkpt lat="43.151906" lon="-1.537287">
        <ele>210.764</ele>
        <time>2022-07-12T09:19:56Z</time>
      </trkpt>
      <trkpt lat="43.151958" lon="-1.537280">
        <ele>210.753</ele>
        <time>2022-07-12T09:20:00Z</time>
      </trkpt>
      <trkpt lat="43.152010" lon="-1.537265">
        <ele>210.930</ele>
        <time>2022-07-12T09:20:05Z</time>
      </trkpt>
      <trkpt lat="43.152058" lon="-1.537252">
        <ele>211.250</ele>
        <time>2022-07-12T09:20:09Z</time>
      </trkpt>
      <trkpt lat="43.152106" lon="-1.537247">
        <ele>211.487</ele>
        <time>2022-07-12T09:20:13Z</time>
      </trkpt>
      <trkpt lat="43.152151" lon="-1.537225">
        <ele>211.888</ele>
        <time>2022-07-12T09:20:17Z</time>
      </trkpt>
      <trkpt lat="43.152198" lon="-1.537213">
        <ele>212.218</ele>
        <time>2022-07-12T09:20:21Z</time>
      </trkpt>
      <trkpt lat="43.152243" lon="-1.537201">
        <ele>212.566</ele>
        <time>2022-07-12T09:20:24Z</time>
      </trkpt>
      <trkpt lat="43.152288" lon="-1.537189">
        <ele>213.942</ele>
        <time>2022-07-12T09:20:28Z</time>
      </trkpt>
      <trkpt lat="43.152340" lon="-1.537169">
        <ele>214.592</ele>
        <time>2022-07-12T09:20:32Z</time>
      </trkpt>
      <trkpt lat="43.152385" lon="-1.537159">
        <ele>214.773</ele>
        <time>2022-07-12T09:20:36Z</time>
      </trkpt>
      <trkpt lat="43.152433" lon="-1.537149">
        <ele>215.220</ele>
        <time>2022-07-12T09:20:40Z</time>
      </trkpt>
      <trkpt lat="43.152483" lon="-1.537137">
        <ele>215.609</ele>
        <time>2022-07-12T09:20:44Z</time>
      </trkpt>
      <trkpt lat="43.152528" lon="-1.537115">
        <ele>216.160</ele>
        <time>2022-07-12T09:20:48Z</time>
      </trkpt>
      <trkpt lat="43.152576" lon="-1.537113">
        <ele>216.529</ele>
        <time>2022-07-12T09:20:53Z</time>
      </trkpt>
      <trkpt lat="43.152614" lon="-1.537076">
        <ele>216.766</ele>
        <time>2022-07-12T09:20:57Z</time>
      </trkpt>
      <trkpt lat="43.152662" lon="-1.537093">
        <ele>217.336</ele>
        <time>2022-07-12T09:21:02Z</time>
      </trkpt>
      <trkpt lat="43.152712" lon="-1.537096">
        <ele>218.213</ele>
        <time>2022-07-12T09:21:06Z</time>
      </trkpt>
      <trkpt lat="43.152767" lon="-1.537098">
        <ele>221.714</ele>
        <time>2022-07-12T09:21:11Z</time>
      </trkpt>
      <trkpt lat="43.152820" lon="-1.537096">
        <ele>222.694</ele>
        <time>2022-07-12T09:21:16Z</time>
      </trkpt>
      <trkpt lat="43.152865" lon="-1.537094">
        <ele>223.372</ele>
        <time>2022-07-12T09:21:20Z</time>
      </trkpt>
      <trkpt lat="43.152915" lon="-1.537079">
        <ele>223.848</ele>
        <time>2022-07-12T09:21:24Z</time>
      </trkpt>
      <trkpt lat="43.152962" lon="-1.537062">
        <ele>224.818</ele>
        <time>2022-07-12T09:21:28Z</time>
      </trkpt>
      <trkpt lat="43.153022" lon="-1.537059">
        <ele>225.398</ele>
        <time>2022-07-12T09:21:32Z</time>
      </trkpt>
      <trkpt lat="43.153072" lon="-1.537057">
        <ele>225.417</ele>
        <time>2022-07-12T09:21:37Z</time>
      </trkpt>
      <trkpt lat="43.153124" lon="-1.537070">
        <ele>225.409</ele>
        <time>2022-07-12T09:21:41Z</time>
      </trkpt>
      <trkpt lat="43.153171" lon="-1.537062">
        <ele>225.242</ele>
        <time>2022-07-12T09:21:45Z</time>
      </trkpt>
      <trkpt lat="43.153219" lon="-1.537042">
        <ele>225.231</ele>
        <time>2022-07-12T09:21:53Z</time>
      </trkpt>
      <trkpt lat="43.153266" lon="-1.537034">
        <ele>225.238</ele>
        <time>2022-07-12T09:21:57Z</time>
      </trkpt>
      <trkpt lat="43.153316" lon="-1.537037">
        <ele>225.448</ele>
        <time>2022-07-12T09:22:00Z</time>
      </trkpt>
      <trkpt lat="43.153374" lon="-1.537045">
        <ele>225.965</ele>
        <time>2022-07-12T09:22:04Z</time>
      </trkpt>
      <trkpt lat="43.153421" lon="-1.537047">
        <ele>226.086</ele>
        <time>2022-07-12T09:22:08Z</time>
      </trkpt>
      <trkpt lat="43.153476" lon="-1.537049">
        <ele>226.416</ele>
        <time>2022-07-12T09:22:13Z</time>
      </trkpt>
      <trkpt lat="43.153531" lon="-1.537029">
        <ele>226.654</ele>
        <time>2022-07-12T09:22:18Z</time>
      </trkpt>
      <trkpt lat="43.153579" lon="-1.536987">
        <ele>226.950</ele>
        <time>2022-07-12T09:22:22Z</time>
      </trkpt>
      <trkpt lat="43.153622" lon="-1.536945">
        <ele>227.411</ele>
        <time>2022-07-12T09:22:26Z</time>
      </trkpt>
      <trkpt lat="43.153669" lon="-1.536920">
        <ele>227.721</ele>
        <time>2022-07-12T09:22:30Z</time>
      </trkpt>
      <trkpt lat="43.153719" lon="-1.536893">
        <ele>227.803</ele>
        <time>2022-07-12T09:22:34Z</time>
      </trkpt>
      <trkpt lat="43.153764" lon="-1.536861">
        <ele>228.209</ele>
        <time>2022-07-12T09:22:39Z</time>
      </trkpt>
      <trkpt lat="43.153806" lon="-1.536813">
        <ele>229.582</ele>
        <time>2022-07-12T09:22:43Z</time>
      </trkpt>
      <trkpt lat="43.153841" lon="-1.536755">
        <ele>229.611</ele>
        <time>2022-07-12T09:22:47Z</time>
      </trkpt>
      <trkpt lat="43.153866" lon="-1.536698">
        <ele>229.698</ele>
        <time>2022-07-12T09:22:52Z</time>
      </trkpt>
      <trkpt lat="43.153891" lon="-1.536640">
        <ele>229.528</ele>
        <time>2022-07-12T09:23:05Z</time>
      </trkpt>
      <trkpt lat="43.153936" lon="-1.536593">
        <ele>229.555</ele>
        <time>2022-07-12T09:23:09Z</time>
      </trkpt>
      <trkpt lat="43.153969" lon="-1.536548">
        <ele>230.116</ele>
        <time>2022-07-12T09:23:12Z</time>
      </trkpt>
      <trkpt lat="43.153989" lon="-1.536481">
        <ele>230.516</ele>
        <time>2022-07-12T09:23:19Z</time>
      </trkpt>
      <trkpt lat="43.153992" lon="-1.536414">
        <ele>231.074</ele>
        <time>2022-07-12T09:23:23Z</time>
      </trkpt>
      <trkpt lat="43.153997" lon="-1.536344">
        <ele>231.070</ele>
        <time>2022-07-12T09:23:27Z</time>
      </trkpt>
      <trkpt lat="43.154014" lon="-1.536286">
        <ele>231.011</ele>
        <time>2022-07-12T09:23:31Z</time>
      </trkpt>
      <trkpt lat="43.154019" lon="-1.536211">
        <ele>231.821</ele>
        <time>2022-07-12T09:23:35Z</time>
      </trkpt>
      <trkpt lat="43.154011" lon="-1.536146">
        <ele>233.703</ele>
        <time>2022-07-12T09:23:40Z</time>
      </trkpt>
      <trkpt lat="43.153983" lon="-1.536074">
        <ele>235.909</ele>
        <time>2022-07-12T09:23:47Z</time>
      </trkpt>
      <trkpt lat="43.153946" lon="-1.536011">
        <ele>237.342</ele>
        <time>2022-07-12T09:23:51Z</time>
      </trkpt>
      <trkpt lat="43.153926" lon="-1.535946">
        <ele>238.991</ele>
        <time>2022-07-12T09:23:57Z</time>
      </trkpt>
      <trkpt lat="43.153913" lon="-1.535876">
        <ele>239.138</ele>
        <time>2022-07-12T09:24:01Z</time>
      </trkpt>
      <trkpt lat="43.153891" lon="-1.535816">
        <ele>239.388</ele>
        <time>2022-07-12T09:24:04Z</time>
      </trkpt>
      <trkpt lat="43.153889" lon="-1.535748">
        <ele>240.145</ele>
        <time>2022-07-12T09:24:09Z</time>
      </trkpt>
      <trkpt lat="43.153917" lon="-1.535691">
        <ele>240.326</ele>
        <time>2022-07-12T09:24:13Z</time>
      </trkpt>
      <trkpt lat="43.153947" lon="-1.535638">
        <ele>240.326</ele>
        <time>2022-07-12T09:24:18Z</time>
      </trkpt>
      <trkpt lat="43.153985" lon="-1.535603">
        <ele>240.544</ele>
        <time>2022-07-12T09:24:23Z</time>
      </trkpt>
      <trkpt lat="43.154028" lon="-1.535586">
        <ele>240.740</ele>
        <time>2022-07-12T09:24:28Z</time>
      </trkpt>
      <trkpt lat="43.154085" lon="-1.535578">
        <ele>241.198</ele>
        <time>2022-07-12T09:24:33Z</time>
      </trkpt>
      <trkpt lat="43.154130" lon="-1.535565">
        <ele>242.615</ele>
        <time>2022-07-12T09:24:38Z</time>
      </trkpt>
      <trkpt lat="43.154180" lon="-1.535565">
        <ele>244.126</ele>
        <time>2022-07-12T09:24:43Z</time>
      </trkpt>
      <trkpt lat="43.154233" lon="-1.535560">
        <ele>247.409</ele>
        <time>2022-07-12T09:24:48Z</time>
      </trkpt>
      <trkpt lat="43.154285" lon="-1.535545">
        <ele>248.140</ele>
        <time>2022-07-12T09:24:53Z</time>
      </trkpt>
      <trkpt lat="43.154337" lon="-1.535517">
        <ele>248.769</ele>
        <time>2022-07-12T09:24:58Z</time>
      </trkpt>
      <trkpt lat="43.154382" lon="-1.535524">
        <ele>249.226</ele>
        <time>2022-07-12T09:25:03Z</time>
      </trkpt>
      <trkpt lat="43.154425" lon="-1.535502">
        <ele>249.826</ele>
        <time>2022-07-12T09:25:07Z</time>
      </trkpt>
      <trkpt lat="43.154480" lon="-1.535500">
        <ele>251.613</ele>
        <time>2022-07-12T09:25:12Z</time>
      </trkpt>
      <trkpt lat="43.154530" lon="-1.535498">
        <ele>252.884</ele>
        <time>2022-07-12T09:25:17Z</time>
      </trkpt>
      <trkpt lat="43.154580" lon="-1.535481">
        <ele>253.514</ele>
        <time>2022-07-12T09:25:22Z</time>
      </trkpt>
      <trkpt lat="43.154615" lon="-1.535521">
        <ele>253.712</ele>
        <time>2022-07-12T09:25:26Z</time>
      </trkpt>
      <trkpt lat="43.154662" lon="-1.535549">
        <ele>254.648</ele>
        <time>2022-07-12T09:25:32Z</time>
      </trkpt>
      <trkpt lat="43.154705" lon="-1.535599">
        <ele>256.236</ele>
        <time>2022-07-12T09:25:37Z</time>
      </trkpt>
      <trkpt lat="43.154747" lon="-1.535631">
        <ele>257.317</ele>
        <time>2022-07-12T09:25:42Z</time>
      </trkpt>
      <trkpt lat="43.154797" lon="-1.535664">
        <ele>258.318</ele>
        <time>2022-07-12T09:25:47Z</time>
      </trkpt>
      <trkpt lat="43.154842" lon="-1.535711">
        <ele>259.909</ele>
        <time>2022-07-12T09:25:51Z</time>
      </trkpt>
      <trkpt lat="43.154885" lon="-1.535744">
        <ele>259.944</ele>
        <time>2022-07-12T09:25:56Z</time>
      </trkpt>
      <trkpt lat="43.154933" lon="-1.535776">
        <ele>260.473</ele>
        <time>2022-07-12T09:26:01Z</time>
      </trkpt>
      <trkpt lat="43.154988" lon="-1.535809">
        <ele>260.540</ele>
        <time>2022-07-12T09:26:08Z</time>
      </trkpt>
      <trkpt lat="43.155023" lon="-1.535856">
        <ele>260.750</ele>
        <time>2022-07-12T09:26:12Z</time>
      </trkpt>
      <trkpt lat="43.155066" lon="-1.535889">
        <ele>262.447</ele>
        <time>2022-07-12T09:26:16Z</time>
      </trkpt>
      <trkpt lat="43.155109" lon="-1.535919">
        <ele>262.658</ele>
        <time>2022-07-12T09:26:21Z</time>
      </trkpt>
      <trkpt lat="43.155154" lon="-1.535901">
        <ele>263.018</ele>
        <time>2022-07-12T09:26:28Z</time>
      </trkpt>
      <trkpt lat="43.155207" lon="-1.535928">
        <ele>263.546</ele>
        <time>2022-07-12T09:26:33Z</time>
      </trkpt>
      <trkpt lat="43.155262" lon="-1.535926">
        <ele>268.152</ele>
        <time>2022-07-12T09:26:39Z</time>
      </trkpt>
      <trkpt lat="43.155310" lon="-1.535948">
        <ele>272.514</ele>
        <time>2022-07-12T09:26:43Z</time>
      </trkpt>
      <trkpt lat="43.155355" lon="-1.535965">
        <ele>273.554</ele>
        <time>2022-07-12T09:26:46Z</time>
      </trkpt>
      <trkpt lat="43.155410" lon="-1.535982">
        <ele>273.809</ele>
        <time>2022-07-12T09:26:51Z</time>
      </trkpt>
      <trkpt lat="43.155458" lon="-1.535989">
        <ele>274.009</ele>
        <time>2022-07-12T09:26:56Z</time>
      </trkpt>
      <trkpt lat="43.155510" lon="-1.535971">
        <ele>271.812</ele>
        <time>2022-07-12T09:27:01Z</time>
      </trkpt>
      <trkpt lat="43.155557" lon="-1.535948">
        <ele>271.721</ele>
        <time>2022-07-12T09:27:06Z</time>
      </trkpt>
      <trkpt lat="43.155604" lon="-1.535936">
        <ele>271.868</ele>
        <time>2022-07-12T09:27:10Z</time>
      </trkpt>
      <trkpt lat="43.155651" lon="-1.535909">
        <ele>271.838</ele>
        <time>2022-07-12T09:27:17Z</time>
      </trkpt>
      <trkpt lat="43.155694" lon="-1.535877">
        <ele>272.555</ele>
        <time>2022-07-12T09:27:23Z</time>
      </trkpt>
      <trkpt lat="43.155739" lon="-1.535852">
        <ele>274.286</ele>
        <time>2022-07-12T09:27:28Z</time>
      </trkpt>
      <trkpt lat="43.155781" lon="-1.535817">
        <ele>276.136</ele>
        <time>2022-07-12T09:27:33Z</time>
      </trkpt>
      <trkpt lat="43.155826" lon="-1.535805">
        <ele>277.384</ele>
        <time>2022-07-12T09:27:37Z</time>
      </trkpt>
      <trkpt lat="43.155868" lon="-1.535778">
        <ele>278.110</ele>
        <time>2022-07-12T09:27:41Z</time>
      </trkpt>
      <trkpt lat="43.155921" lon="-1.535763">
        <ele>278.693</ele>
        <time>2022-07-12T09:27:46Z</time>
      </trkpt>
      <trkpt lat="43.155978" lon="-1.535761">
        <ele>279.065</ele>
        <time>2022-07-12T09:27:51Z</time>
      </trkpt>
      <trkpt lat="43.156023" lon="-1.535756">
        <ele>279.621</ele>
        <time>2022-07-12T09:27:55Z</time>
      </trkpt>
      <trkpt lat="43.156070" lon="-1.535743">
        <ele>280.009</ele>
        <time>2022-07-12T09:28:00Z</time>
      </trkpt>
      <trkpt lat="43.156120" lon="-1.535743">
        <ele>280.770</ele>
        <time>2022-07-12T09:28:05Z</time>
      </trkpt>
      <trkpt lat="43.156165" lon="-1.535745">
        <ele>281.649</ele>
        <time>2022-07-12T09:28:09Z</time>
      </trkpt>
      <trkpt lat="43.156218" lon="-1.535728">
        <ele>284.056</ele>
        <time>2022-07-12T09:28:53Z</time>
      </trkpt>
      <trkpt lat="43.156168" lon="-1.535736">
        <ele>284.026</ele>
        <time>2022-07-12T09:29:01Z</time>
      </trkpt>
      <trkpt lat="43.156213" lon="-1.535744">
        <ele>284.043</ele>
        <time>2022-07-12T09:29:05Z</time>
      </trkpt>
      <trkpt lat="43.156266" lon="-1.535741">
        <ele>284.064</ele>
        <time>2022-07-12T09:29:08Z</time>
      </trkpt>
      <trkpt lat="43.156323" lon="-1.535749">
        <ele>291.614</ele>
        <time>2022-07-12T09:29:13Z</time>
      </trkpt>
      <trkpt lat="43.156376" lon="-1.535742">
        <ele>292.292</ele>
        <time>2022-07-12T09:29:17Z</time>
      </trkpt>
      <trkpt lat="43.156424" lon="-1.535730">
        <ele>292.178</ele>
        <time>2022-07-12T09:29:21Z</time>
      </trkpt>
      <trkpt lat="43.156472" lon="-1.535725">
        <ele>291.284</ele>
        <time>2022-07-12T09:29:26Z</time>
      </trkpt>
      <trkpt lat="43.156517" lon="-1.535723">
        <ele>289.807</ele>
        <time>2022-07-12T09:29:31Z</time>
      </trkpt>
      <trkpt lat="43.156562" lon="-1.535703">
        <ele>289.717</ele>
        <time>2022-07-12T09:29:36Z</time>
      </trkpt>
      <trkpt lat="43.156610" lon="-1.535685">
        <ele>289.709</ele>
        <time>2022-07-12T09:29:41Z</time>
      </trkpt>
      <trkpt lat="43.156657" lon="-1.535678">
        <ele>289.729</ele>
        <time>2022-07-12T09:29:45Z</time>
      </trkpt>
      <trkpt lat="43.156700" lon="-1.535658">
        <ele>290.638</ele>
        <time>2022-07-12T09:29:51Z</time>
      </trkpt>
      <trkpt lat="43.156743" lon="-1.535633">
        <ele>291.335</ele>
        <time>2022-07-12T09:29:55Z</time>
      </trkpt>
      <trkpt lat="43.156790" lon="-1.535625">
        <ele>292.555</ele>
        <time>2022-07-12T09:30:00Z</time>
      </trkpt>
      <trkpt lat="43.156838" lon="-1.535628">
        <ele>295.342</ele>
        <time>2022-07-12T09:30:07Z</time>
      </trkpt>
      <trkpt lat="43.156891" lon="-1.535613">
        <ele>298.483</ele>
        <time>2022-07-12T09:30:12Z</time>
      </trkpt>
      <trkpt lat="43.156939" lon="-1.535621">
        <ele>302.533</ele>
        <time>2022-07-12T09:30:17Z</time>
      </trkpt>
      <trkpt lat="43.156991" lon="-1.535638">
        <ele>305.341</ele>
        <time>2022-07-12T09:30:22Z</time>
      </trkpt>
      <trkpt lat="43.157036" lon="-1.535640">
        <ele>305.897</ele>
        <time>2022-07-12T09:30:25Z</time>
      </trkpt>
      <trkpt lat="43.157091" lon="-1.535627">
        <ele>307.852</ele>
        <time>2022-07-12T09:30:30Z</time>
      </trkpt>
      <trkpt lat="43.157136" lon="-1.535610">
        <ele>307.953</ele>
        <time>2022-07-12T09:30:35Z</time>
      </trkpt>
      <trkpt lat="43.157133" lon="-1.535543">
        <ele>307.708</ele>
        <time>2022-07-12T09:30:48Z</time>
      </trkpt>
      <trkpt lat="43.157190" lon="-1.535536">
        <ele>307.409</ele>
        <time>2022-07-12T09:30:52Z</time>
      </trkpt>
      <trkpt lat="43.157237" lon="-1.535561">
        <ele>307.326</ele>
        <time>2022-07-12T09:30:56Z</time>
      </trkpt>
      <trkpt lat="43.157287" lon="-1.535554">
        <ele>307.145</ele>
        <time>2022-07-12T09:31:03Z</time>
      </trkpt>
      <trkpt lat="43.157334" lon="-1.535542">
        <ele>307.432</ele>
        <time>2022-07-12T09:31:08Z</time>
      </trkpt>
      <trkpt lat="43.157391" lon="-1.535542">
        <ele>307.272</ele>
        <time>2022-07-12T09:31:13Z</time>
      </trkpt>
      <trkpt lat="43.157436" lon="-1.535527">
        <ele>307.159</ele>
        <time>2022-07-12T09:31:17Z</time>
      </trkpt>
      <trkpt lat="43.157481" lon="-1.535512">
        <ele>307.050</ele>
        <time>2022-07-12T09:31:22Z</time>
      </trkpt>
      <trkpt lat="43.157536" lon="-1.535515">
        <ele>306.490</ele>
        <time>2022-07-12T09:31:27Z</time>
      </trkpt>
      <trkpt lat="43.157586" lon="-1.535492">
        <ele>305.128</ele>
        <time>2022-07-12T09:31:31Z</time>
      </trkpt>
      <trkpt lat="43.157638" lon="-1.535469">
        <ele>304.644</ele>
        <time>2022-07-12T09:31:35Z</time>
      </trkpt>
      <trkpt lat="43.157681" lon="-1.535451">
        <ele>304.532</ele>
        <time>2022-07-12T09:31:38Z</time>
      </trkpt>
      <trkpt lat="43.157726" lon="-1.535448">
        <ele>304.592</ele>
        <time>2022-07-12T09:31:46Z</time>
      </trkpt>
      <trkpt lat="43.157774" lon="-1.535448">
        <ele>304.511</ele>
        <time>2022-07-12T09:31:49Z</time>
      </trkpt>
      <trkpt lat="43.157824" lon="-1.535480">
        <ele>305.509</ele>
        <time>2022-07-12T09:31:54Z</time>
      </trkpt>
      <trkpt lat="43.157859" lon="-1.535523">
        <ele>306.574</ele>
        <time>2022-07-12T09:31:57Z</time>
      </trkpt>
      <trkpt lat="43.157891" lon="-1.535580">
        <ele>307.753</ele>
        <time>2022-07-12T09:32:02Z</time>
      </trkpt>
      <trkpt lat="43.157933" lon="-1.535615">
        <ele>310.030</ele>
        <time>2022-07-12T09:32:06Z</time>
      </trkpt>
      <trkpt lat="43.157978" lon="-1.535647">
        <ele>311.710</ele>
        <time>2022-07-12T09:32:10Z</time>
      </trkpt>
      <trkpt lat="43.158013" lon="-1.535704">
        <ele>311.837</ele>
        <time>2022-07-12T09:32:14Z</time>
      </trkpt>
      <trkpt lat="43.158055" lon="-1.535759">
        <ele>311.818</ele>
        <time>2022-07-12T09:32:18Z</time>
      </trkpt>
      <trkpt lat="43.158088" lon="-1.535807">
        <ele>311.118</ele>
        <time>2022-07-12T09:32:23Z</time>
      </trkpt>
      <trkpt lat="43.158123" lon="-1.535849">
        <ele>310.826</ele>
        <time>2022-07-12T09:32:28Z</time>
      </trkpt>
      <trkpt lat="43.158168" lon="-1.535887">
        <ele>310.812</ele>
        <time>2022-07-12T09:32:32Z</time>
      </trkpt>
      <trkpt lat="43.158206" lon="-1.535932">
        <ele>310.926</ele>
        <time>2022-07-12T09:32:39Z</time>
      </trkpt>
      <trkpt lat="43.158239" lon="-1.535980">
        <ele>312.747</ele>
        <time>2022-07-12T09:32:44Z</time>
      </trkpt>
      <trkpt lat="43.158272" lon="-1.536023">
        <ele>314.111</ele>
        <time>2022-07-12T09:32:49Z</time>
      </trkpt>
      <trkpt lat="43.158310" lon="-1.536066">
        <ele>315.009</ele>
        <time>2022-07-12T09:32:53Z</time>
      </trkpt>
      <trkpt lat="43.158350" lon="-1.536099">
        <ele>315.953</ele>
        <time>2022-07-12T09:32:57Z</time>
      </trkpt>
      <trkpt lat="43.158402" lon="-1.536121">
        <ele>317.942</ele>
        <time>2022-07-12T09:33:01Z</time>
      </trkpt>
      <trkpt lat="43.158465" lon="-1.536111">
        <ele>322.249</ele>
        <time>2022-07-12T09:33:07Z</time>
      </trkpt>
      <trkpt lat="43.158518" lon="-1.536123">
        <ele>323.799</ele>
        <time>2022-07-12T09:33:12Z</time>
      </trkpt>
      <trkpt lat="43.158571" lon="-1.536156">
        <ele>325.786</ele>
        <time>2022-07-12T09:33:17Z</time>
      </trkpt>
      <trkpt lat="43.158621" lon="-1.536176">
        <ele>326.767</ele>
        <time>2022-07-12T09:33:21Z</time>
      </trkpt>
      <trkpt lat="43.158671" lon="-1.536206">
        <ele>327.687</ele>
        <time>2022-07-12T09:33:26Z</time>
      </trkpt>
      <trkpt lat="43.158719" lon="-1.536228">
        <ele>328.295</ele>
        <time>2022-07-12T09:33:30Z</time>
      </trkpt>
      <trkpt lat="43.158764" lon="-1.536251">
        <ele>328.681</ele>
        <time>2022-07-12T09:33:35Z</time>
      </trkpt>
      <trkpt lat="43.158809" lon="-1.536269">
        <ele>330.258</ele>
        <time>2022-07-12T09:33:40Z</time>
      </trkpt>
      <trkpt lat="43.158859" lon="-1.536292">
        <ele>331.652</ele>
        <time>2022-07-12T09:33:44Z</time>
      </trkpt>
      <trkpt lat="43.158901" lon="-1.536322">
        <ele>333.717</ele>
        <time>2022-07-12T09:33:50Z</time>
      </trkpt>
      <trkpt lat="43.158943" lon="-1.536354">
        <ele>335.009</ele>
        <time>2022-07-12T09:33:53Z</time>
      </trkpt>
      <trkpt lat="43.158990" lon="-1.536364">
        <ele>337.256</ele>
        <time>2022-07-12T09:33:57Z</time>
      </trkpt>
      <trkpt lat="43.159035" lon="-1.536394">
        <ele>338.885</ele>
        <time>2022-07-12T09:34:04Z</time>
      </trkpt>
      <trkpt lat="43.159077" lon="-1.536431">
        <ele>340.462</ele>
        <time>2022-07-12T09:34:08Z</time>
      </trkpt>
      <trkpt lat="43.159135" lon="-1.536439">
        <ele>341.862</ele>
        <time>2022-07-12T09:34:14Z</time>
      </trkpt>
      <trkpt lat="43.159182" lon="-1.536444">
        <ele>342.639</ele>
        <time>2022-07-12T09:34:18Z</time>
      </trkpt>
      <trkpt lat="43.159225" lon="-1.536476">
        <ele>343.920</ele>
        <time>2022-07-12T09:34:22Z</time>
      </trkpt>
      <trkpt lat="43.159277" lon="-1.536481">
        <ele>345.450</ele>
        <time>2022-07-12T09:34:26Z</time>
      </trkpt>
      <trkpt lat="43.159327" lon="-1.536511">
        <ele>345.568</ele>
        <time>2022-07-12T09:34:30Z</time>
      </trkpt>
      <trkpt lat="43.159369" lon="-1.536536">
        <ele>345.534</ele>
        <time>2022-07-12T09:34:34Z</time>
      </trkpt>
      <trkpt lat="43.159421" lon="-1.536564">
        <ele>344.931</ele>
        <time>2022-07-12T09:34:40Z</time>
      </trkpt>
      <trkpt lat="43.159476" lon="-1.536574">
        <ele>344.661</ele>
        <time>2022-07-12T09:34:44Z</time>
      </trkpt>
      <trkpt lat="43.159519" lon="-1.536601">
        <ele>344.307</ele>
        <time>2022-07-12T09:34:47Z</time>
      </trkpt>
      <trkpt lat="43.159566" lon="-1.536606">
        <ele>344.209</ele>
        <time>2022-07-12T09:34:53Z</time>
      </trkpt>
      <trkpt lat="43.159618" lon="-1.536644">
        <ele>343.924</ele>
        <time>2022-07-12T09:34:57Z</time>
      </trkpt>
      <trkpt lat="43.159663" lon="-1.536647">
        <ele>343.543</ele>
        <time>2022-07-12T09:35:02Z</time>
      </trkpt>
      <trkpt lat="43.159703" lon="-1.536684">
        <ele>340.930</ele>
        <time>2022-07-12T09:35:40Z</time>
      </trkpt>
      <trkpt lat="43.159763" lon="-1.536691">
        <ele>340.960</ele>
        <time>2022-07-12T09:35:44Z</time>
      </trkpt>
      <trkpt lat="43.159805" lon="-1.536664">
        <ele>340.827</ele>
        <time>2022-07-12T09:35:48Z</time>
      </trkpt>
      <trkpt lat="43.159853" lon="-1.536701">
        <ele>340.838</ele>
        <time>2022-07-12T09:35:53Z</time>
      </trkpt>
      <trkpt lat="43.159913" lon="-1.536718">
        <ele>344.258</ele>
        <time>2022-07-12T09:35:59Z</time>
      </trkpt>
      <trkpt lat="43.159965" lon="-1.536718">
        <ele>346.036</ele>
        <time>2022-07-12T09:36:03Z</time>
      </trkpt>
      <trkpt lat="43.160012" lon="-1.536738">
        <ele>348.822</ele>
        <time>2022-07-12T09:36:08Z</time>
      </trkpt>
      <trkpt lat="43.160070" lon="-1.536735">
        <ele>350.882</ele>
        <time>2022-07-12T09:36:12Z</time>
      </trkpt>
      <trkpt lat="43.160118" lon="-1.536723">
        <ele>352.343</ele>
        <time>2022-07-12T09:36:15Z</time>
      </trkpt>
      <trkpt lat="43.160170" lon="-1.536706">
        <ele>352.517</ele>
        <time>2022-07-12T09:36:18Z</time>
      </trkpt>
      <trkpt lat="43.160223" lon="-1.536693">
        <ele>352.509</ele>
        <time>2022-07-12T09:36:22Z</time>
      </trkpt>
      <trkpt lat="43.160275" lon="-1.536663">
        <ele>351.649</ele>
        <time>2022-07-12T09:36:26Z</time>
      </trkpt>
      <trkpt lat="43.160322" lon="-1.536658">
        <ele>348.878</ele>
        <time>2022-07-12T09:36:30Z</time>
      </trkpt>
      <trkpt lat="43.160364" lon="-1.536635">
        <ele>348.495</ele>
        <time>2022-07-12T09:36:33Z</time>
      </trkpt>
      <trkpt lat="43.160417" lon="-1.536630">
        <ele>346.485</ele>
        <time>2022-07-12T09:36:38Z</time>
      </trkpt>
      <trkpt lat="43.160472" lon="-1.536627">
        <ele>344.242</ele>
        <time>2022-07-12T09:36:42Z</time>
      </trkpt>
      <trkpt lat="43.160527" lon="-1.536639">
        <ele>341.373</ele>
        <time>2022-07-12T09:36:46Z</time>
      </trkpt>
      <trkpt lat="43.160570" lon="-1.536687">
        <ele>340.553</ele>
        <time>2022-07-12T09:36:50Z</time>
      </trkpt>
      <trkpt lat="43.160608" lon="-1.536734">
        <ele>339.981</ele>
        <time>2022-07-12T09:36:54Z</time>
      </trkpt>
      <trkpt lat="43.160636" lon="-1.536782">
        <ele>340.057</ele>
        <time>2022-07-12T09:36:58Z</time>
      </trkpt>
      <trkpt lat="43.160664" lon="-1.536830">
        <ele>340.052</ele>
        <time>2022-07-12T09:37:02Z</time>
      </trkpt>
      <trkpt lat="43.160701" lon="-1.536880">
        <ele>341.353</ele>
        <time>2022-07-12T09:37:07Z</time>
      </trkpt>
      <trkpt lat="43.160739" lon="-1.536928">
        <ele>342.208</ele>
        <time>2022-07-12T09:37:12Z</time>
      </trkpt>
      <trkpt lat="43.160787" lon="-1.536948">
        <ele>343.909</ele>
        <time>2022-07-12T09:37:17Z</time>
      </trkpt>
      <trkpt lat="43.160834" lon="-1.536981">
        <ele>346.466</ele>
        <time>2022-07-12T09:37:22Z</time>
      </trkpt>
      <trkpt lat="43.160877" lon="-1.537023">
        <ele>347.425</ele>
        <time>2022-07-12T09:37:27Z</time>
      </trkpt>
      <trkpt lat="43.160924" lon="-1.537038">
        <ele>347.572</ele>
        <time>2022-07-12T09:37:30Z</time>
      </trkpt>
      <trkpt lat="43.160971" lon="-1.537085">
        <ele>348.022</ele>
        <time>2022-07-12T09:37:36Z</time>
      </trkpt>
      <trkpt lat="43.161018" lon="-1.537100">
        <ele>348.429</ele>
        <time>2022-07-12T09:37:41Z</time>
      </trkpt>
      <trkpt lat="43.161068" lon="-1.537137">
        <ele>349.170</ele>
        <time>2022-07-12T09:37:44Z</time>
      </trkpt>
      <trkpt lat="43.161095" lon="-1.537202">
        <ele>350.380</ele>
        <time>2022-07-12T09:37:48Z</time>
      </trkpt>
      <trkpt lat="43.161128" lon="-1.537255">
        <ele>350.668</ele>
        <time>2022-07-12T09:37:53Z</time>
      </trkpt>
      <trkpt lat="43.161161" lon="-1.537297">
        <ele>351.164</ele>
        <time>2022-07-12T09:37:58Z</time>
      </trkpt>
      <trkpt lat="43.161174" lon="-1.537367">
        <ele>353.062</ele>
        <time>2022-07-12T09:38:03Z</time>
      </trkpt>
      <trkpt lat="43.161207" lon="-1.537419">
        <ele>355.183</ele>
        <time>2022-07-12T09:38:07Z</time>
      </trkpt>
      <trkpt lat="43.161242" lon="-1.537467">
        <ele>356.011</ele>
        <time>2022-07-12T09:38:12Z</time>
      </trkpt>
      <trkpt lat="43.161254" lon="-1.537535">
        <ele>357.509</ele>
        <time>2022-07-12T09:38:18Z</time>
      </trkpt>
      <trkpt lat="43.161251" lon="-1.537605">
        <ele>359.087</ele>
        <time>2022-07-12T09:38:23Z</time>
      </trkpt>
      <trkpt lat="43.161234" lon="-1.537672">
        <ele>360.186</ele>
        <time>2022-07-12T09:38:28Z</time>
      </trkpt>
      <trkpt lat="43.161192" lon="-1.537709">
        <ele>361.233</ele>
        <time>2022-07-12T09:38:33Z</time>
      </trkpt>
      <trkpt lat="43.161144" lon="-1.537742">
        <ele>364.393</ele>
        <time>2022-07-12T09:38:40Z</time>
      </trkpt>
      <trkpt lat="43.161104" lon="-1.537785">
        <ele>367.270</ele>
        <time>2022-07-12T09:38:44Z</time>
      </trkpt>
      <trkpt lat="43.161056" lon="-1.537792">
        <ele>370.391</ele>
        <time>2022-07-12T09:38:49Z</time>
      </trkpt>
      <trkpt lat="43.161011" lon="-1.537779">
        <ele>370.351</ele>
        <time>2022-07-12T09:38:54Z</time>
      </trkpt>
      <trkpt lat="43.160963" lon="-1.537792">
        <ele>370.419</ele>
        <time>2022-07-12T09:38:57Z</time>
      </trkpt>
      <trkpt lat="43.160913" lon="-1.537810">
        <ele>370.135</ele>
        <time>2022-07-12T09:39:01Z</time>
      </trkpt>
      <trkpt lat="43.160873" lon="-1.537843">
        <ele>369.973</ele>
        <time>2022-07-12T09:39:04Z</time>
      </trkpt>
      <trkpt lat="43.160828" lon="-1.537886">
        <ele>369.485</ele>
        <time>2022-07-12T09:39:07Z</time>
      </trkpt>
      <trkpt lat="43.160786" lon="-1.537911">
        <ele>366.313</ele>
        <time>2022-07-12T09:39:13Z</time>
      </trkpt>
      <trkpt lat="43.160759" lon="-1.537964">
        <ele>364.109</ele>
        <time>2022-07-12T09:39:16Z</time>
      </trkpt>
      <trkpt lat="43.160721" lon="-1.538002">
        <ele>362.138</ele>
        <time>2022-07-12T09:39:20Z</time>
      </trkpt>
      <trkpt lat="43.160689" lon="-1.538047">
        <ele>361.887</ele>
        <time>2022-07-12T09:39:24Z</time>
      </trkpt>
      <trkpt lat="43.160654" lon="-1.538104">
        <ele>361.474</ele>
        <time>2022-07-12T09:39:28Z</time>
      </trkpt>
      <trkpt lat="43.160621" lon="-1.538167">
        <ele>359.144</ele>
        <time>2022-07-12T09:39:34Z</time>
      </trkpt>
      <trkpt lat="43.160574" lon="-1.538194">
        <ele>358.181</ele>
        <time>2022-07-12T09:39:37Z</time>
      </trkpt>
      <trkpt lat="43.160539" lon="-1.538246">
        <ele>358.152</ele>
        <time>2022-07-12T09:39:41Z</time>
      </trkpt>
      <trkpt lat="43.160501" lon="-1.538283">
        <ele>358.182</ele>
        <time>2022-07-12T09:39:44Z</time>
      </trkpt>
      <trkpt lat="43.160476" lon="-1.538338">
        <ele>358.440</ele>
        <time>2022-07-12T09:39:49Z</time>
      </trkpt>
      <trkpt lat="43.160451" lon="-1.538390">
        <ele>358.996</ele>
        <time>2022-07-12T09:39:52Z</time>
      </trkpt>
      <trkpt lat="43.160426" lon="-1.538458">
        <ele>359.057</ele>
        <time>2022-07-12T09:39:56Z</time>
      </trkpt>
      <trkpt lat="43.160428" lon="-1.538525">
        <ele>359.100</ele>
        <time>2022-07-12T09:39:59Z</time>
      </trkpt>
      <trkpt lat="43.160438" lon="-1.538587">
        <ele>359.620</ele>
        <time>2022-07-12T09:40:03Z</time>
      </trkpt>
      <trkpt lat="43.160483" lon="-1.538607">
        <ele>359.709</ele>
        <time>2022-07-12T09:40:06Z</time>
      </trkpt>
      <trkpt lat="43.160528" lon="-1.538594">
        <ele>360.346</ele>
        <time>2022-07-12T09:40:12Z</time>
      </trkpt>
      <trkpt lat="43.160581" lon="-1.538576">
        <ele>360.485</ele>
        <time>2022-07-12T09:40:18Z</time>
      </trkpt>
      <trkpt lat="43.160633" lon="-1.538586">
        <ele>361.082</ele>
        <time>2022-07-12T09:40:22Z</time>
      </trkpt>
      <trkpt lat="43.160680" lon="-1.538583">
        <ele>362.512</ele>
        <time>2022-07-12T09:40:26Z</time>
      </trkpt>
      <trkpt lat="43.160728" lon="-1.538618">
        <ele>364.439</ele>
        <time>2022-07-12T09:40:34Z</time>
      </trkpt>
      <trkpt lat="43.160793" lon="-1.538643">
        <ele>365.360</ele>
        <time>2022-07-12T09:40:39Z</time>
      </trkpt>
      <trkpt lat="43.160908" lon="-1.538675">
        <ele>365.650</ele>
        <time>2022-07-12T09:40:45Z</time>
      </trkpt>
      <trkpt lat="43.160960" lon="-1.538658">
        <ele>365.788</ele>
        <time>2022-07-12T09:40:48Z</time>
      </trkpt>
      <trkpt lat="43.161007" lon="-1.538618">
        <ele>369.344</ele>
        <time>2022-07-12T09:40:52Z</time>
      </trkpt>
      <trkpt lat="43.161042" lon="-1.538570">
        <ele>371.691</ele>
        <time>2022-07-12T09:40:55Z</time>
      </trkpt>
      <trkpt lat="43.161069" lon="-1.538507">
        <ele>374.981</ele>
        <time>2022-07-12T09:40:59Z</time>
      </trkpt>
      <trkpt lat="43.161107" lon="-1.538447">
        <ele>377.119</ele>
        <time>2022-07-12T09:41:03Z</time>
      </trkpt>
      <trkpt lat="43.161132" lon="-1.538382">
        <ele>379.109</ele>
        <time>2022-07-12T09:41:09Z</time>
      </trkpt>
      <trkpt lat="43.161165" lon="-1.538330">
        <ele>380.210</ele>
        <time>2022-07-12T09:41:15Z</time>
      </trkpt>
      <trkpt lat="43.161213" lon="-1.538347">
        <ele>381.249</ele>
        <time>2022-07-12T09:41:20Z</time>
      </trkpt>
      <trkpt lat="43.161266" lon="-1.538337">
        <ele>381.786</ele>
        <time>2022-07-12T09:41:29Z</time>
      </trkpt>
      <trkpt lat="43.161321" lon="-1.538345">
        <ele>381.746</ele>
        <time>2022-07-12T09:41:34Z</time>
      </trkpt>
      <trkpt lat="43.161371" lon="-1.538357">
        <ele>381.743</ele>
        <time>2022-07-12T09:41:38Z</time>
      </trkpt>
      <trkpt lat="43.161426" lon="-1.538349">
        <ele>381.614</ele>
        <time>2022-07-12T09:41:43Z</time>
      </trkpt>
      <trkpt lat="43.161484" lon="-1.538354">
        <ele>379.274</ele>
        <time>2022-07-12T09:41:48Z</time>
      </trkpt>
      <trkpt lat="43.161526" lon="-1.538381">
        <ele>378.972</ele>
        <time>2022-07-12T09:41:53Z</time>
      </trkpt>
      <trkpt lat="43.161571" lon="-1.538423">
        <ele>378.968</ele>
        <time>2022-07-12T09:41:58Z</time>
      </trkpt>
      <trkpt lat="43.161618" lon="-1.538450">
        <ele>379.397</ele>
        <time>2022-07-12T09:42:03Z</time>
      </trkpt>
      <trkpt lat="43.161668" lon="-1.538467">
        <ele>382.023</ele>
        <time>2022-07-12T09:42:07Z</time>
      </trkpt>
      <trkpt lat="43.161716" lon="-1.538479">
        <ele>383.125</ele>
        <time>2022-07-12T09:42:11Z</time>
      </trkpt>
      <trkpt lat="43.161761" lon="-1.538506">
        <ele>383.109</ele>
        <time>2022-07-12T09:42:16Z</time>
      </trkpt>
      <trkpt lat="43.161813" lon="-1.538541">
        <ele>383.160</ele>
        <time>2022-07-12T09:42:22Z</time>
      </trkpt>
      <trkpt lat="43.161851" lon="-1.538586">
        <ele>383.399</ele>
        <time>2022-07-12T09:42:27Z</time>
      </trkpt>
      <trkpt lat="43.161894" lon="-1.538616">
        <ele>384.136</ele>
        <time>2022-07-12T09:42:31Z</time>
      </trkpt>
      <trkpt lat="43.161937" lon="-1.538633">
        <ele>386.176</ele>
        <time>2022-07-12T09:42:37Z</time>
      </trkpt>
      <trkpt lat="43.161979" lon="-1.538670">
        <ele>393.273</ele>
        <time>2022-07-12T09:44:02Z</time>
      </trkpt>
      <trkpt lat="43.162024" lon="-1.538658">
        <ele>393.264</ele>
        <time>2022-07-12T09:44:07Z</time>
      </trkpt>
      <trkpt lat="43.162069" lon="-1.538631">
        <ele>393.264</ele>
        <time>2022-07-12T09:44:11Z</time>
      </trkpt>
      <trkpt lat="43.162114" lon="-1.538599">
        <ele>390.852</ele>
        <time>2022-07-12T09:44:15Z</time>
      </trkpt>
      <trkpt lat="43.162164" lon="-1.538579">
        <ele>390.788</ele>
        <time>2022-07-12T09:44:20Z</time>
      </trkpt>
      <trkpt lat="43.162209" lon="-1.538547">
        <ele>386.197</ele>
        <time>2022-07-12T09:44:23Z</time>
      </trkpt>
      <trkpt lat="43.162259" lon="-1.538524">
        <ele>385.023</ele>
        <time>2022-07-12T09:44:28Z</time>
      </trkpt>
      <trkpt lat="43.162307" lon="-1.538496">
        <ele>384.125</ele>
        <time>2022-07-12T09:44:32Z</time>
      </trkpt>
      <trkpt lat="43.162360" lon="-1.538491">
        <ele>383.909</ele>
        <time>2022-07-12T09:44:36Z</time>
      </trkpt>
      <trkpt lat="43.162407" lon="-1.538491">
        <ele>383.730</ele>
        <time>2022-07-12T09:44:42Z</time>
      </trkpt>
      <trkpt lat="43.162464" lon="-1.538494">
        <ele>383.849</ele>
        <time>2022-07-12T09:44:47Z</time>
      </trkpt>
      <trkpt lat="43.162512" lon="-1.538464">
        <ele>384.636</ele>
        <time>2022-07-12T09:44:53Z</time>
      </trkpt>
      <trkpt lat="43.162564" lon="-1.538467">
        <ele>385.266</ele>
        <time>2022-07-12T09:44:57Z</time>
      </trkpt>
      <trkpt lat="43.162616" lon="-1.538440">
        <ele>386.093</ele>
        <time>2022-07-12T09:45:02Z</time>
      </trkpt>
      <trkpt lat="43.162673" lon="-1.538433">
        <ele>386.234</ele>
        <time>2022-07-12T09:45:08Z</time>
      </trkpt>
      <trkpt lat="43.162720" lon="-1.538421">
        <ele>386.454</ele>
        <time>2022-07-12T09:45:12Z</time>
      </trkpt>
      <trkpt lat="43.162765" lon="-1.538401">
        <ele>386.762</ele>
        <time>2022-07-12T09:45:17Z</time>
      </trkpt>
      <trkpt lat="43.162803" lon="-1.538366">
        <ele>387.198</ele>
        <time>2022-07-12T09:45:23Z</time>
      </trkpt>
      <trkpt lat="43.162850" lon="-1.538343">
        <ele>388.341</ele>
        <time>2022-07-12T09:45:29Z</time>
      </trkpt>
      <trkpt lat="43.162903" lon="-1.538333">
        <ele>393.181</ele>
        <time>2022-07-12T09:45:35Z</time>
      </trkpt>
      <trkpt lat="43.162960" lon="-1.538331">
        <ele>395.409</ele>
        <time>2022-07-12T09:45:40Z</time>
      </trkpt>
      <trkpt lat="43.163012" lon="-1.538314">
        <ele>397.109</ele>
        <time>2022-07-12T09:45:45Z</time>
      </trkpt>
      <trkpt lat="43.163067" lon="-1.538317">
        <ele>397.995</ele>
        <time>2022-07-12T09:45:51Z</time>
      </trkpt>
      <trkpt lat="43.163112" lon="-1.538317">
        <ele>399.034</ele>
        <time>2022-07-12T09:45:56Z</time>
      </trkpt>
      <trkpt lat="43.163164" lon="-1.538300">
        <ele>401.111</ele>
        <time>2022-07-12T09:46:02Z</time>
      </trkpt>
      <trkpt lat="43.163207" lon="-1.538278">
        <ele>402.271</ele>
        <time>2022-07-12T09:46:07Z</time>
      </trkpt>
      <trkpt lat="43.163254" lon="-1.538276">
        <ele>403.098</ele>
        <time>2022-07-12T09:46:13Z</time>
      </trkpt>
      <trkpt lat="43.163299" lon="-1.538266">
        <ele>403.969</ele>
        <time>2022-07-12T09:46:18Z</time>
      </trkpt>
      <trkpt lat="43.163346" lon="-1.538266">
        <ele>404.889</ele>
        <time>2022-07-12T09:46:23Z</time>
      </trkpt>
      <trkpt lat="43.163391" lon="-1.538236">
        <ele>405.787</ele>
        <time>2022-07-12T09:46:29Z</time>
      </trkpt>
      <trkpt lat="43.163443" lon="-1.538228">
        <ele>407.013</ele>
        <time>2022-07-12T09:46:35Z</time>
      </trkpt>
      <trkpt lat="43.163496" lon="-1.538213">
        <ele>408.887</ele>
        <time>2022-07-12T09:46:41Z</time>
      </trkpt>
      <trkpt lat="43.163538" lon="-1.538176">
        <ele>409.042</ele>
        <time>2022-07-12T09:46:46Z</time>
      </trkpt>
      <trkpt lat="43.163585" lon="-1.538168">
        <ele>409.326</ele>
        <time>2022-07-12T09:46:51Z</time>
      </trkpt>
      <trkpt lat="43.163628" lon="-1.538145">
        <ele>409.809</ele>
        <time>2022-07-12T09:46:57Z</time>
      </trkpt>
      <trkpt lat="43.163671" lon="-1.538123">
        <ele>411.239</ele>
        <time>2022-07-12T09:47:02Z</time>
      </trkpt>
      <trkpt lat="43.163719" lon="-1.538105">
        <ele>412.248</ele>
        <time>2022-07-12T09:47:07Z</time>
      </trkpt>
      <trkpt lat="43.163771" lon="-1.538078">
        <ele>413.275</ele>
        <time>2022-07-12T09:47:11Z</time>
      </trkpt>
      <trkpt lat="43.163816" lon="-1.538058">
        <ele>414.255</ele>
        <time>2022-07-12T09:47:18Z</time>
      </trkpt>
      <trkpt lat="43.163869" lon="-1.538046">
        <ele>415.272</ele>
        <time>2022-07-12T09:47:23Z</time>
      </trkpt>
      <trkpt lat="43.163921" lon="-1.538029">
        <ele>415.873</ele>
        <time>2022-07-12T09:47:28Z</time>
      </trkpt>
      <trkpt lat="43.163971" lon="-1.538014">
        <ele>416.863</ele>
        <time>2022-07-12T09:47:33Z</time>
      </trkpt>
      <trkpt lat="43.164019" lon="-1.538009">
        <ele>417.261</ele>
        <time>2022-07-12T09:47:38Z</time>
      </trkpt>
      <trkpt lat="43.164066" lon="-1.537994">
        <ele>417.987</ele>
        <time>2022-07-12T09:47:44Z</time>
      </trkpt>
      <trkpt lat="43.164118" lon="-1.537986">
        <ele>418.795</ele>
        <time>2022-07-12T09:47:49Z</time>
      </trkpt>
      <trkpt lat="43.164168" lon="-1.537966">
        <ele>419.549</ele>
        <time>2022-07-12T09:47:56Z</time>
      </trkpt>
      <trkpt lat="43.164220" lon="-1.537969">
        <ele>422.523</ele>
        <time>2022-07-12T09:48:02Z</time>
      </trkpt>
      <trkpt lat="43.164275" lon="-1.537949">
        <ele>424.209</ele>
        <time>2022-07-12T09:48:08Z</time>
      </trkpt>
      <trkpt lat="43.164328" lon="-1.537936">
        <ele>425.070</ele>
        <time>2022-07-12T09:48:15Z</time>
      </trkpt>
      <trkpt lat="43.164378" lon="-1.537919">
        <ele>426.489</ele>
        <time>2022-07-12T09:48:21Z</time>
      </trkpt>
      <trkpt lat="43.164425" lon="-1.537936">
        <ele>428.256</ele>
        <time>2022-07-12T09:48:27Z</time>
      </trkpt>
      <trkpt lat="43.164478" lon="-1.537946">
        <ele>430.296</ele>
        <time>2022-07-12T09:48:32Z</time>
      </trkpt>
      <trkpt lat="43.164526" lon="-1.537954">
        <ele>432.063</ele>
        <time>2022-07-12T09:48:38Z</time>
      </trkpt>
      <trkpt lat="43.164571" lon="-1.537924">
        <ele>432.414</ele>
        <time>2022-07-12T09:48:42Z</time>
      </trkpt>
      <trkpt lat="43.164611" lon="-1.537889">
        <ele>433.564</ele>
        <time>2022-07-12T09:48:46Z</time>
      </trkpt>
      <trkpt lat="43.164664" lon="-1.537867">
        <ele>435.262</ele>
        <time>2022-07-12T09:48:52Z</time>
      </trkpt>
      <trkpt lat="43.164712" lon="-1.537855">
        <ele>435.638</ele>
        <time>2022-07-12T09:48:57Z</time>
      </trkpt>
      <trkpt lat="43.164762" lon="-1.537837">
        <ele>436.783</ele>
        <time>2022-07-12T09:49:02Z</time>
      </trkpt>
      <trkpt lat="43.164814" lon="-1.537812">
        <ele>436.725</ele>
        <time>2022-07-12T09:49:08Z</time>
      </trkpt>
      <trkpt lat="43.164867" lon="-1.537824">
        <ele>434.617</ele>
        <time>2022-07-12T09:50:14Z</time>
      </trkpt>
      <trkpt lat="43.164914" lon="-1.537816">
        <ele>434.609</ele>
        <time>2022-07-12T09:50:19Z</time>
      </trkpt>
      <trkpt lat="43.164966" lon="-1.537828">
        <ele>434.689</ele>
        <time>2022-07-12T09:50:25Z</time>
      </trkpt>
      <trkpt lat="43.165018" lon="-1.537811">
        <ele>434.648</ele>
        <time>2022-07-12T09:50:31Z</time>
      </trkpt>
      <trkpt lat="43.165070" lon="-1.537804">
        <ele>434.615</ele>
        <time>2022-07-12T09:50:37Z</time>
      </trkpt>
      <trkpt lat="43.165115" lon="-1.537776">
        <ele>436.295</ele>
        <time>2022-07-12T09:50:42Z</time>
      </trkpt>
      <trkpt lat="43.165165" lon="-1.537753">
        <ele>440.292</ele>
        <time>2022-07-12T09:50:48Z</time>
      </trkpt>
      <trkpt lat="43.165213" lon="-1.537748">
        <ele>441.423</ele>
        <time>2022-07-12T09:50:53Z</time>
      </trkpt>
      <trkpt lat="43.165258" lon="-1.537735">
        <ele>441.543</ele>
        <time>2022-07-12T09:50:57Z</time>
      </trkpt>
      <trkpt lat="43.165305" lon="-1.537718">
        <ele>441.541</ele>
        <time>2022-07-12T09:51:01Z</time>
      </trkpt>
      <trkpt lat="43.165348" lon="-1.537690">
        <ele>441.677</ele>
        <time>2022-07-12T09:51:06Z</time>
      </trkpt>
      <trkpt lat="43.165391" lon="-1.537672">
        <ele>441.648</ele>
        <time>2022-07-12T09:51:11Z</time>
      </trkpt>
      <trkpt lat="43.165443" lon="-1.537662">
        <ele>442.161</ele>
        <time>2022-07-12T09:51:17Z</time>
      </trkpt>
      <trkpt lat="43.165500" lon="-1.537650">
        <ele>445.917</ele>
        <time>2022-07-12T09:51:23Z</time>
      </trkpt>
      <trkpt lat="43.165553" lon="-1.537642">
        <ele>449.009</ele>
        <time>2022-07-12T09:51:29Z</time>
      </trkpt>
      <trkpt lat="43.165601" lon="-1.537655">
        <ele>450.445</ele>
        <time>2022-07-12T09:51:33Z</time>
      </trkpt>
      <trkpt lat="43.165648" lon="-1.537648">
        <ele>453.284</ele>
        <time>2022-07-12T09:51:37Z</time>
      </trkpt>
      <trkpt lat="43.165693" lon="-1.537610">
        <ele>454.771</ele>
        <time>2022-07-12T09:51:42Z</time>
      </trkpt>
      <trkpt lat="43.165746" lon="-1.537580">
        <ele>455.031</ele>
        <time>2022-07-12T09:51:47Z</time>
      </trkpt>
      <trkpt lat="43.165791" lon="-1.537565">
        <ele>455.278</ele>
        <time>2022-07-12T09:51:51Z</time>
      </trkpt>
      <trkpt lat="43.165836" lon="-1.537560">
        <ele>455.319</ele>
        <time>2022-07-12T09:51:56Z</time>
      </trkpt>
      <trkpt lat="43.165884" lon="-1.537567">
        <ele>455.339</ele>
        <time>2022-07-12T09:52:00Z</time>
      </trkpt>
      <trkpt lat="43.165942" lon="-1.537592">
        <ele>455.487</ele>
        <time>2022-07-12T09:52:05Z</time>
      </trkpt>
      <trkpt lat="43.165989" lon="-1.537602">
        <ele>455.893</ele>
        <time>2022-07-12T09:52:09Z</time>
      </trkpt>
      <trkpt lat="43.166042" lon="-1.537614">
        <ele>457.219</ele>
        <time>2022-07-12T09:52:14Z</time>
      </trkpt>
      <trkpt lat="43.166087" lon="-1.537631">
        <ele>457.709</ele>
        <time>2022-07-12T09:52:18Z</time>
      </trkpt>
      <trkpt lat="43.166150" lon="-1.537634">
        <ele>458.219</ele>
        <time>2022-07-12T09:52:21Z</time>
      </trkpt>
      <trkpt lat="43.166197" lon="-1.537616">
        <ele>458.609</ele>
        <time>2022-07-12T09:52:26Z</time>
      </trkpt>
      <trkpt lat="43.166242" lon="-1.537596">
        <ele>459.442</ele>
        <time>2022-07-12T09:52:30Z</time>
      </trkpt>
      <trkpt lat="43.166295" lon="-1.537578">
        <ele>461.711</ele>
        <time>2022-07-12T09:52:36Z</time>
      </trkpt>
      <trkpt lat="43.166352" lon="-1.537580">
        <ele>463.288</ele>
        <time>2022-07-12T09:52:41Z</time>
      </trkpt>
      <trkpt lat="43.166397" lon="-1.537592">
        <ele>465.778</ele>
        <time>2022-07-12T09:52:47Z</time>
      </trkpt>
      <trkpt lat="43.166447" lon="-1.537627">
        <ele>465.945</ele>
        <time>2022-07-12T09:52:53Z</time>
      </trkpt>
      <trkpt lat="43.166492" lon="-1.537664">
        <ele>466.076</ele>
        <time>2022-07-12T09:52:59Z</time>
      </trkpt>
      <trkpt lat="43.166535" lon="-1.537687">
        <ele>466.496</ele>
        <time>2022-07-12T09:53:05Z</time>
      </trkpt>
      <trkpt lat="43.166580" lon="-1.537689">
        <ele>467.414</ele>
        <time>2022-07-12T09:53:09Z</time>
      </trkpt>
      <trkpt lat="43.166627" lon="-1.537697">
        <ele>469.490</ele>
        <time>2022-07-12T09:53:14Z</time>
      </trkpt>
      <trkpt lat="43.166674" lon="-1.537699">
        <ele>471.522</ele>
        <time>2022-07-12T09:53:19Z</time>
      </trkpt>
      <trkpt lat="43.166726" lon="-1.537699">
        <ele>472.362</ele>
        <time>2022-07-12T09:53:23Z</time>
      </trkpt>
      <trkpt lat="43.166771" lon="-1.537721">
        <ele>473.208</ele>
        <time>2022-07-12T09:53:28Z</time>
      </trkpt>
      <trkpt lat="43.166818" lon="-1.537713">
        <ele>474.209</ele>
        <time>2022-07-12T09:53:33Z</time>
      </trkpt>
      <trkpt lat="43.166870" lon="-1.537725">
        <ele>476.883</ele>
        <time>2022-07-12T09:53:39Z</time>
      </trkpt>
      <trkpt lat="43.166917" lon="-1.537717">
        <ele>478.982</ele>
        <time>2022-07-12T09:53:44Z</time>
      </trkpt>
      <trkpt lat="43.166964" lon="-1.537717">
        <ele>480.399</ele>
        <time>2022-07-12T09:53:49Z</time>
      </trkpt>
      <trkpt lat="43.167006" lon="-1.537689">
        <ele>482.169</ele>
        <time>2022-07-12T09:53:54Z</time>
      </trkpt>
      <trkpt lat="43.167058" lon="-1.537679">
        <ele>483.586</ele>
        <time>2022-07-12T09:54:00Z</time>
      </trkpt>
      <trkpt lat="43.167106" lon="-1.537666">
        <ele>484.337</ele>
        <time>2022-07-12T09:54:05Z</time>
      </trkpt>
      <trkpt lat="43.167156" lon="-1.537651">
        <ele>484.347</ele>
        <time>2022-07-12T09:54:11Z</time>
      </trkpt>
      <trkpt lat="43.167204" lon="-1.537633">
        <ele>484.375</ele>
        <time>2022-07-12T09:54:15Z</time>
      </trkpt>
      <trkpt lat="43.167256" lon="-1.537608">
        <ele>484.261</ele>
        <time>2022-07-12T09:54:21Z</time>
      </trkpt>
      <trkpt lat="43.167301" lon="-1.537586">
        <ele>484.233</ele>
        <time>2022-07-12T09:54:27Z</time>
      </trkpt>
      <trkpt lat="43.167351" lon="-1.537573">
        <ele>484.123</ele>
        <time>2022-07-12T09:54:33Z</time>
      </trkpt>
      <trkpt lat="43.167404" lon="-1.537545">
        <ele>484.115</ele>
        <time>2022-07-12T09:54:39Z</time>
      </trkpt>
      <trkpt lat="43.167447" lon="-1.537528">
        <ele>484.109</ele>
        <time>2022-07-12T09:54:43Z</time>
      </trkpt>
      <trkpt lat="43.167489" lon="-1.537505">
        <ele>485.854</ele>
        <time>2022-07-12T09:55:11Z</time>
      </trkpt>
      <trkpt lat="43.167531" lon="-1.537475">
        <ele>486.873</ele>
        <time>2022-07-12T09:55:16Z</time>
      </trkpt>
      <trkpt lat="43.167578" lon="-1.537452">
        <ele>487.190</ele>
        <time>2022-07-12T09:55:21Z</time>
      </trkpt>
      <trkpt lat="43.167621" lon="-1.537434">
        <ele>487.130</ele>
        <time>2022-07-12T09:55:26Z</time>
      </trkpt>
      <trkpt lat="43.167663" lon="-1.537399">
        <ele>487.817</ele>
        <time>2022-07-12T09:55:31Z</time>
      </trkpt>
      <trkpt lat="43.167711" lon="-1.537364">
        <ele>489.098</ele>
        <time>2022-07-12T09:55:36Z</time>
      </trkpt>
      <trkpt lat="43.167758" lon="-1.537351">
        <ele>489.948</ele>
        <time>2022-07-12T09:55:41Z</time>
      </trkpt>
      <trkpt lat="43.167800" lon="-1.537323">
        <ele>491.256</ele>
        <time>2022-07-12T09:55:46Z</time>
      </trkpt>
      <trkpt lat="43.167833" lon="-1.537276">
        <ele>492.112</ele>
        <time>2022-07-12T09:55:51Z</time>
      </trkpt>
      <trkpt lat="43.167871" lon="-1.537243">
        <ele>492.992</ele>
        <time>2022-07-12T09:55:56Z</time>
      </trkpt>
      <trkpt lat="43.167913" lon="-1.537220">
        <ele>493.173</ele>
        <time>2022-07-12T09:56:00Z</time>
      </trkpt>
      <trkpt lat="43.167941" lon="-1.537172">
        <ele>493.320</ele>
        <time>2022-07-12T09:56:05Z</time>
      </trkpt>
      <trkpt lat="43.167991" lon="-1.537122">
        <ele>493.809</ele>
        <time>2022-07-12T09:56:10Z</time>
      </trkpt>
      <trkpt lat="43.168038" lon="-1.537107">
        <ele>498.190</ele>
        <time>2022-07-12T09:56:38Z</time>
      </trkpt>
      <trkpt lat="43.168083" lon="-1.537065">
        <ele>498.479</ele>
        <time>2022-07-12T09:56:42Z</time>
      </trkpt>
      <trkpt lat="43.168126" lon="-1.537035">
        <ele>498.536</ele>
        <time>2022-07-12T09:56:47Z</time>
      </trkpt>
      <trkpt lat="43.168179" lon="-1.537022">
        <ele>498.566</ele>
        <time>2022-07-12T09:56:52Z</time>
      </trkpt>
      <trkpt lat="43.168217" lon="-1.536980">
        <ele>499.863</ele>
        <time>2022-07-12T09:56:58Z</time>
      </trkpt>
      <trkpt lat="43.168260" lon="-1.536952">
        <ele>500.694</ele>
        <time>2022-07-12T09:57:02Z</time>
      </trkpt>
      <trkpt lat="43.168302" lon="-1.536920">
        <ele>501.514</ele>
        <time>2022-07-12T09:57:06Z</time>
      </trkpt>
      <trkpt lat="43.168349" lon="-1.536905">
        <ele>502.252</ele>
        <time>2022-07-12T09:57:10Z</time>
      </trkpt>
      <trkpt lat="43.168396" lon="-1.536888">
        <ele>503.658</ele>
        <time>2022-07-12T09:57:15Z</time>
      </trkpt>
      <trkpt lat="43.168438" lon="-1.536861">
        <ele>504.352</ele>
        <time>2022-07-12T09:57:20Z</time>
      </trkpt>
      <trkpt lat="43.168481" lon="-1.536834">
        <ele>506.253</ele>
        <time>2022-07-12T09:57:25Z</time>
      </trkpt>
      <trkpt lat="43.168523" lon="-1.536802">
        <ele>507.708</ele>
        <time>2022-07-12T09:57:30Z</time>
      </trkpt>
      <trkpt lat="43.168570" lon="-1.536775">
        <ele>508.009</ele>
        <time>2022-07-12T09:57:34Z</time>
      </trkpt>
      <trkpt lat="43.168612" lon="-1.536727">
        <ele>508.236</ele>
        <time>2022-07-12T09:57:39Z</time>
      </trkpt>
      <trkpt lat="43.168654" lon="-1.536702">
        <ele>508.275</ele>
        <time>2022-07-12T09:57:44Z</time>
      </trkpt>
      <trkpt lat="43.168694" lon="-1.536669">
        <ele>507.952</ele>
        <time>2022-07-12T09:57:48Z</time>
      </trkpt>
      <trkpt lat="43.168741" lon="-1.536661">
        <ele>507.882</ele>
        <time>2022-07-12T09:57:52Z</time>
      </trkpt>
      <trkpt lat="43.168794" lon="-1.536686">
        <ele>507.729</ele>
        <time>2022-07-12T09:57:57Z</time>
      </trkpt>
      <trkpt lat="43.168807" lon="-1.536751">
        <ele>508.110</ele>
        <time>2022-07-12T09:58:21Z</time>
      </trkpt>
      <trkpt lat="43.168759" lon="-1.536771">
        <ele>508.870</ele>
        <time>2022-07-12T09:58:23Z</time>
      </trkpt>
      <trkpt lat="43.168706" lon="-1.536771">
        <ele>509.288</ele>
        <time>2022-07-12T09:58:25Z</time>
      </trkpt>
      <trkpt lat="43.168751" lon="-1.536754">
        <ele>509.854</ele>
        <time>2022-07-12T09:58:28Z</time>
      </trkpt>
      <trkpt lat="43.168798" lon="-1.536746">
        <ele>509.892</ele>
        <time>2022-07-12T09:58:29Z</time>
      </trkpt>
      <trkpt lat="43.168831" lon="-1.536793">
        <ele>517.973</ele>
        <time>2022-07-12T09:59:20Z</time>
      </trkpt>
      <trkpt lat="43.168878" lon="-1.536840">
        <ele>517.920</ele>
        <time>2022-07-12T09:59:24Z</time>
      </trkpt>
      <trkpt lat="43.168911" lon="-1.536898">
        <ele>517.909</ele>
        <time>2022-07-12T09:59:27Z</time>
      </trkpt>
      <trkpt lat="43.168943" lon="-1.536960">
        <ele>519.070</ele>
        <time>2022-07-12T09:59:31Z</time>
      </trkpt>
      <trkpt lat="43.168985" lon="-1.537010">
        <ele>513.719</ele>
        <time>2022-07-12T09:59:38Z</time>
      </trkpt>
      <trkpt lat="43.169018" lon="-1.537072">
        <ele>513.726</ele>
        <time>2022-07-12T09:59:41Z</time>
      </trkpt>
      <trkpt lat="43.169046" lon="-1.537127">
        <ele>513.716</ele>
        <time>2022-07-12T09:59:44Z</time>
      </trkpt>
      <trkpt lat="43.169076" lon="-1.537190">
        <ele>513.963</ele>
        <time>2022-07-12T09:59:50Z</time>
      </trkpt>
      <trkpt lat="43.169114" lon="-1.537235">
        <ele>514.294</ele>
        <time>2022-07-12T09:59:54Z</time>
      </trkpt>
      <trkpt lat="43.169149" lon="-1.537297">
        <ele>514.654</ele>
        <time>2022-07-12T09:59:58Z</time>
      </trkpt>
      <trkpt lat="43.169177" lon="-1.537365">
        <ele>515.052</ele>
        <time>2022-07-12T10:00:02Z</time>
      </trkpt>
      <trkpt lat="43.169217" lon="-1.537412">
        <ele>515.068</ele>
        <time>2022-07-12T10:00:06Z</time>
      </trkpt>
      <trkpt lat="43.169252" lon="-1.537460">
        <ele>514.876</ele>
        <time>2022-07-12T10:00:10Z</time>
      </trkpt>
      <trkpt lat="43.169280" lon="-1.537515">
        <ele>514.590</ele>
        <time>2022-07-12T10:00:14Z</time>
      </trkpt>
      <trkpt lat="43.169313" lon="-1.537580">
        <ele>513.619</ele>
        <time>2022-07-12T10:00:19Z</time>
      </trkpt>
      <trkpt lat="43.169336" lon="-1.537642">
        <ele>513.509</ele>
        <time>2022-07-12T10:00:23Z</time>
      </trkpt>
      <trkpt lat="43.169358" lon="-1.537709">
        <ele>513.328</ele>
        <time>2022-07-12T10:00:27Z</time>
      </trkpt>
      <trkpt lat="43.169396" lon="-1.537751">
        <ele>513.217</ele>
        <time>2022-07-12T10:00:31Z</time>
      </trkpt>
      <trkpt lat="43.169443" lon="-1.537789">
        <ele>512.944</ele>
        <time>2022-07-12T10:00:37Z</time>
      </trkpt>
      <trkpt lat="43.169476" lon="-1.537836">
        <ele>513.184</ele>
        <time>2022-07-12T10:00:42Z</time>
      </trkpt>
      <trkpt lat="43.169524" lon="-1.537853">
        <ele>513.111</ele>
        <time>2022-07-12T10:00:46Z</time>
      </trkpt>
      <trkpt lat="43.169577" lon="-1.537871">
        <ele>513.152</ele>
        <time>2022-07-12T10:00:50Z</time>
      </trkpt>
      <trkpt lat="43.169617" lon="-1.537916">
        <ele>514.142</ele>
        <time>2022-07-12T10:00:54Z</time>
      </trkpt>
      <trkpt lat="43.169675" lon="-1.537939">
        <ele>515.490</ele>
        <time>2022-07-12T10:00:58Z</time>
      </trkpt>
      <trkpt lat="43.169722" lon="-1.537977">
        <ele>517.266</ele>
        <time>2022-07-12T10:01:03Z</time>
      </trkpt>
      <trkpt lat="43.169767" lon="-1.537995">
        <ele>517.585</ele>
        <time>2022-07-12T10:01:06Z</time>
      </trkpt>
      <trkpt lat="43.169810" lon="-1.538017">
        <ele>518.989</ele>
        <time>2022-07-12T10:01:11Z</time>
      </trkpt>
      <trkpt lat="43.169858" lon="-1.538030">
        <ele>520.317</ele>
        <time>2022-07-12T10:01:15Z</time>
      </trkpt>
      <trkpt lat="43.169905" lon="-1.538050">
        <ele>520.909</ele>
        <time>2022-07-12T10:01:19Z</time>
      </trkpt>
      <trkpt lat="43.169958" lon="-1.538073">
        <ele>522.499</ele>
        <time>2022-07-12T10:01:25Z</time>
      </trkpt>
      <trkpt lat="43.170010" lon="-1.538083">
        <ele>523.818</ele>
        <time>2022-07-12T10:01:31Z</time>
      </trkpt>
      <trkpt lat="43.170053" lon="-1.538100">
        <ele>524.335</ele>
        <time>2022-07-12T10:01:34Z</time>
      </trkpt>
      <trkpt lat="43.170103" lon="-1.538113">
        <ele>524.435</ele>
        <time>2022-07-12T10:01:39Z</time>
      </trkpt>
      <trkpt lat="43.170158" lon="-1.538128">
        <ele>524.542</ele>
        <time>2022-07-12T10:01:45Z</time>
      </trkpt>
      <trkpt lat="43.170206" lon="-1.538123">
        <ele>524.943</ele>
        <time>2022-07-12T10:01:50Z</time>
      </trkpt>
      <trkpt lat="43.170259" lon="-1.538111">
        <ele>526.593</ele>
        <time>2022-07-12T10:01:55Z</time>
      </trkpt>
      <trkpt lat="43.170304" lon="-1.538101">
        <ele>526.621</ele>
        <time>2022-07-12T10:02:00Z</time>
      </trkpt>
      <trkpt lat="43.170361" lon="-1.538088">
        <ele>526.827</ele>
        <time>2022-07-12T10:02:06Z</time>
      </trkpt>
      <trkpt lat="43.170413" lon="-1.538086">
        <ele>526.969</ele>
        <time>2022-07-12T10:02:11Z</time>
      </trkpt>
      <trkpt lat="43.170461" lon="-1.538089">
        <ele>527.004</ele>
        <time>2022-07-12T10:02:16Z</time>
      </trkpt>
      <trkpt lat="43.170513" lon="-1.538067">
        <ele>527.324</ele>
        <time>2022-07-12T10:02:23Z</time>
      </trkpt>
      <trkpt lat="43.170563" lon="-1.538054">
        <ele>527.309</ele>
        <time>2022-07-12T10:02:28Z</time>
      </trkpt>
      <trkpt lat="43.170611" lon="-1.538031">
        <ele>529.067</ele>
        <time>2022-07-12T10:02:32Z</time>
      </trkpt>
      <trkpt lat="43.170658" lon="-1.538003">
        <ele>529.596</ele>
        <time>2022-07-12T10:02:37Z</time>
      </trkpt>
      <trkpt lat="43.170710" lon="-1.537991">
        <ele>529.743</ele>
        <time>2022-07-12T10:02:43Z</time>
      </trkpt>
      <trkpt lat="43.170755" lon="-1.537969">
        <ele>529.993</ele>
        <time>2022-07-12T10:02:48Z</time>
      </trkpt>
      <trkpt lat="43.170807" lon="-1.537954">
        <ele>531.590</ele>
        <time>2022-07-12T10:02:55Z</time>
      </trkpt>
      <trkpt lat="43.170862" lon="-1.537939">
        <ele>533.451</ele>
        <time>2022-07-12T10:03:02Z</time>
      </trkpt>
      <trkpt lat="43.170910" lon="-1.537921">
        <ele>535.831</ele>
        <time>2022-07-12T10:03:07Z</time>
      </trkpt>
      <trkpt lat="43.170965" lon="-1.537933">
        <ele>536.359</ele>
        <time>2022-07-12T10:03:12Z</time>
      </trkpt>
      <trkpt lat="43.171015" lon="-1.537923">
        <ele>536.845</ele>
        <time>2022-07-12T10:03:17Z</time>
      </trkpt>
      <trkpt lat="43.171062" lon="-1.537911">
        <ele>537.278</ele>
        <time>2022-07-12T10:03:23Z</time>
      </trkpt>
      <trkpt lat="43.171030" lon="-1.537961">
        <ele>541.033</ele>
        <time>2022-07-12T10:03:49Z</time>
      </trkpt>
      <trkpt lat="43.171045" lon="-1.537901">
        <ele>541.426</ele>
        <time>2022-07-12T10:04:01Z</time>
      </trkpt>
      <trkpt lat="43.171097" lon="-1.537859">
        <ele>546.909</ele>
        <time>2022-07-12T10:04:41Z</time>
      </trkpt>
      <trkpt lat="43.171142" lon="-1.537887">
        <ele>539.898</ele>
        <time>2022-07-12T10:05:16Z</time>
      </trkpt>
      <trkpt lat="43.171187" lon="-1.537877">
        <ele>539.757</ele>
        <time>2022-07-12T10:05:22Z</time>
      </trkpt>
      <trkpt lat="43.171234" lon="-1.537870">
        <ele>539.664</ele>
        <time>2022-07-12T10:05:28Z</time>
      </trkpt>
      <trkpt lat="43.171279" lon="-1.537862">
        <ele>538.884</ele>
        <time>2022-07-12T10:05:33Z</time>
      </trkpt>
      <trkpt lat="43.171326" lon="-1.537847">
        <ele>540.011</ele>
        <time>2022-07-12T10:05:39Z</time>
      </trkpt>
      <trkpt lat="43.171373" lon="-1.537835">
        <ele>545.212</ele>
        <time>2022-07-12T10:05:44Z</time>
      </trkpt>
      <trkpt lat="43.171426" lon="-1.537825">
        <ele>547.152</ele>
        <time>2022-07-12T10:05:49Z</time>
      </trkpt>
      <trkpt lat="43.171474" lon="-1.537813">
        <ele>550.530</ele>
        <time>2022-07-12T10:05:55Z</time>
      </trkpt>
      <trkpt lat="43.171519" lon="-1.537813">
        <ele>551.936</ele>
        <time>2022-07-12T10:06:00Z</time>
      </trkpt>
      <trkpt lat="43.171574" lon="-1.537803">
        <ele>552.441</ele>
        <time>2022-07-12T10:06:05Z</time>
      </trkpt>
      <trkpt lat="43.171624" lon="-1.537775">
        <ele>552.581</ele>
        <time>2022-07-12T10:06:12Z</time>
      </trkpt>
      <trkpt lat="43.171687" lon="-1.537775">
        <ele>552.709</ele>
        <time>2022-07-12T10:06:18Z</time>
      </trkpt>
      <trkpt lat="43.171732" lon="-1.537753">
        <ele>553.809</ele>
        <time>2022-07-12T10:06:23Z</time>
      </trkpt>
      <trkpt lat="43.171782" lon="-1.537750">
        <ele>554.395</ele>
        <time>2022-07-12T10:06:27Z</time>
      </trkpt>
      <trkpt lat="43.171829" lon="-1.537753">
        <ele>555.354</ele>
        <time>2022-07-12T10:06:31Z</time>
      </trkpt>
      <trkpt lat="43.171877" lon="-1.537753">
        <ele>555.791</ele>
        <time>2022-07-12T10:06:35Z</time>
      </trkpt>
      <trkpt lat="43.171932" lon="-1.537751">
        <ele>556.021</ele>
        <time>2022-07-12T10:06:40Z</time>
      </trkpt>
      <trkpt lat="43.171977" lon="-1.537768">
        <ele>557.668</ele>
        <time>2022-07-12T10:06:45Z</time>
      </trkpt>
      <trkpt lat="43.172027" lon="-1.537770">
        <ele>558.749</ele>
        <time>2022-07-12T10:06:50Z</time>
      </trkpt>
      <trkpt lat="43.172065" lon="-1.537803">
        <ele>559.879</ele>
        <time>2022-07-12T10:06:55Z</time>
      </trkpt>
      <trkpt lat="43.172107" lon="-1.537835">
        <ele>560.087</ele>
        <time>2022-07-12T10:07:00Z</time>
      </trkpt>
      <trkpt lat="43.172134" lon="-1.537893">
        <ele>560.193</ele>
        <time>2022-07-12T10:07:05Z</time>
      </trkpt>
      <trkpt lat="43.172176" lon="-1.537926">
        <ele>561.824</ele>
        <time>2022-07-12T10:07:15Z</time>
      </trkpt>
      <trkpt lat="43.172209" lon="-1.537971">
        <ele>564.004</ele>
        <time>2022-07-12T10:07:33Z</time>
      </trkpt>
      <trkpt lat="43.172212" lon="-1.538041">
        <ele>564.314</ele>
        <time>2022-07-12T10:07:39Z</time>
      </trkpt>
      <trkpt lat="43.172204" lon="-1.538121">
        <ele>564.409</ele>
        <time>2022-07-12T10:07:45Z</time>
      </trkpt>
      <trkpt lat="43.172217" lon="-1.538184">
        <ele>566.373</ele>
        <time>2022-07-12T10:07:50Z</time>
      </trkpt>
      <trkpt lat="43.172230" lon="-1.538262">
        <ele>566.652</ele>
        <time>2022-07-12T10:07:55Z</time>
      </trkpt>
      <trkpt lat="43.172230" lon="-1.538327">
        <ele>566.639</ele>
        <time>2022-07-12T10:07:59Z</time>
      </trkpt>
      <trkpt lat="43.172232" lon="-1.538397">
        <ele>566.839</ele>
        <time>2022-07-12T10:08:05Z</time>
      </trkpt>
      <trkpt lat="43.172282" lon="-1.538375">
        <ele>567.856</ele>
        <time>2022-07-12T10:08:12Z</time>
      </trkpt>
      <trkpt lat="43.172307" lon="-1.538313">
        <ele>570.227</ele>
        <time>2022-07-12T10:08:18Z</time>
      </trkpt>
      <trkpt lat="43.172325" lon="-1.538255">
        <ele>570.427</ele>
        <time>2022-07-12T10:08:21Z</time>
      </trkpt>
      <trkpt lat="43.172335" lon="-1.538183">
        <ele>570.665</ele>
        <time>2022-07-12T10:08:26Z</time>
      </trkpt>
      <trkpt lat="43.172342" lon="-1.538113">
        <ele>570.931</ele>
        <time>2022-07-12T10:08:31Z</time>
      </trkpt>
      <trkpt lat="43.172349" lon="-1.538035">
        <ele>572.357</ele>
        <time>2022-07-12T10:08:35Z</time>
      </trkpt>
      <trkpt lat="43.172367" lon="-1.537962">
        <ele>573.700</ele>
        <time>2022-07-12T10:08:41Z</time>
      </trkpt>
      <trkpt lat="43.172380" lon="-1.537889">
        <ele>575.620</ele>
        <time>2022-07-12T10:08:45Z</time>
      </trkpt>
      <trkpt lat="43.172393" lon="-1.537817">
        <ele>576.809</ele>
        <time>2022-07-12T10:08:51Z</time>
      </trkpt>
      <trkpt lat="43.172405" lon="-1.537752">
        <ele>577.176</ele>
        <time>2022-07-12T10:08:56Z</time>
      </trkpt>
      <trkpt lat="43.172403" lon="-1.537680">
        <ele>577.255</ele>
        <time>2022-07-12T10:09:00Z</time>
      </trkpt>
      <trkpt lat="43.172403" lon="-1.537610">
        <ele>577.412</ele>
        <time>2022-07-12T10:09:06Z</time>
      </trkpt>
      <trkpt lat="43.172378" lon="-1.537557">
        <ele>580.712</ele>
        <time>2022-07-12T10:09:52Z</time>
      </trkpt>
      <trkpt lat="43.172431" lon="-1.537562">
        <ele>580.739</ele>
        <time>2022-07-12T10:10:06Z</time>
      </trkpt>
      <trkpt lat="43.172583" lon="-1.537787">
        <ele>584.780</ele>
        <time>2022-07-12T10:13:55Z</time>
      </trkpt>
      <trkpt lat="43.172608" lon="-1.537735">
        <ele>584.260</ele>
        <time>2022-07-12T10:14:01Z</time>
      </trkpt>
      <trkpt lat="43.172655" lon="-1.537747">
        <ele>585.148</ele>
        <time>2022-07-12T10:14:22Z</time>
      </trkpt>
      <trkpt lat="43.172705" lon="-1.537777">
        <ele>586.844</ele>
        <time>2022-07-12T10:14:45Z</time>
      </trkpt>
      <trkpt lat="43.172738" lon="-1.537820">
        <ele>587.344</ele>
        <time>2022-07-12T10:14:49Z</time>
      </trkpt>
      <trkpt lat="43.172786" lon="-1.537838">
        <ele>588.005</ele>
        <time>2022-07-12T10:14:53Z</time>
      </trkpt>
      <trkpt lat="43.172824" lon="-1.537871">
        <ele>588.115</ele>
        <time>2022-07-12T10:14:59Z</time>
      </trkpt>
      <trkpt lat="43.172866" lon="-1.537913">
        <ele>588.509</ele>
        <time>2022-07-12T10:15:03Z</time>
      </trkpt>
      <trkpt lat="43.172911" lon="-1.537943">
        <ele>590.045</ele>
        <time>2022-07-12T10:15:09Z</time>
      </trkpt>
      <trkpt lat="43.172958" lon="-1.537980">
        <ele>590.284</ele>
        <time>2022-07-12T10:15:13Z</time>
      </trkpt>
      <trkpt lat="43.173003" lon="-1.538022">
        <ele>591.581</ele>
        <time>2022-07-12T10:15:19Z</time>
      </trkpt>
      <trkpt lat="43.173035" lon="-1.538075">
        <ele>592.071</ele>
        <time>2022-07-12T10:15:24Z</time>
      </trkpt>
      <trkpt lat="43.173075" lon="-1.538132">
        <ele>592.238</ele>
        <time>2022-07-12T10:15:29Z</time>
      </trkpt>
      <trkpt lat="43.173113" lon="-1.538184">
        <ele>593.099</ele>
        <time>2022-07-12T10:15:34Z</time>
      </trkpt>
      <trkpt lat="43.173136" lon="-1.538239">
        <ele>593.719</ele>
        <time>2022-07-12T10:15:41Z</time>
      </trkpt>
      <trkpt lat="43.173178" lon="-1.538271">
        <ele>594.827</ele>
        <time>2022-07-12T10:16:10Z</time>
      </trkpt>
      <trkpt lat="43.173206" lon="-1.538334">
        <ele>594.853</ele>
        <time>2022-07-12T10:16:23Z</time>
      </trkpt>
      <trkpt lat="43.173231" lon="-1.538389">
        <ele>594.884</ele>
        <time>2022-07-12T10:16:28Z</time>
      </trkpt>
      <trkpt lat="43.173261" lon="-1.538449">
        <ele>594.807</ele>
        <time>2022-07-12T10:16:32Z</time>
      </trkpt>
      <trkpt lat="43.173299" lon="-1.538516">
        <ele>593.417</ele>
        <time>2022-07-12T10:16:37Z</time>
      </trkpt>
      <trkpt lat="43.173341" lon="-1.538544">
        <ele>592.109</ele>
        <time>2022-07-12T10:16:43Z</time>
      </trkpt>
      <trkpt lat="43.173383" lon="-1.538567">
        <ele>593.039</ele>
        <time>2022-07-12T10:16:51Z</time>
      </trkpt>
      <trkpt lat="43.173531" lon="-1.538633">
        <ele>598.538</ele>
        <time>2022-07-12T10:20:38Z</time>
      </trkpt>
      <trkpt lat="43.173566" lon="-1.538680">
        <ele>598.375</ele>
        <time>2022-07-12T10:20:42Z</time>
      </trkpt>
      <trkpt lat="43.173616" lon="-1.538695">
        <ele>598.315</ele>
        <time>2022-07-12T10:20:49Z</time>
      </trkpt>
      <trkpt lat="43.173661" lon="-1.538687">
        <ele>598.522</ele>
        <time>2022-07-12T10:21:01Z</time>
      </trkpt>
      <trkpt lat="43.173711" lon="-1.538672">
        <ele>599.723</ele>
        <time>2022-07-12T10:21:08Z</time>
      </trkpt>
      <trkpt lat="43.173754" lon="-1.538647">
        <ele>602.483</ele>
        <time>2022-07-12T10:21:13Z</time>
      </trkpt>
      <trkpt lat="43.173804" lon="-1.538632">
        <ele>604.041</ele>
        <time>2022-07-12T10:21:19Z</time>
      </trkpt>
      <trkpt lat="43.173847" lon="-1.538605">
        <ele>604.387</ele>
        <time>2022-07-12T10:21:25Z</time>
      </trkpt>
      <trkpt lat="43.173902" lon="-1.538597">
        <ele>605.292</ele>
        <time>2022-07-12T10:21:31Z</time>
      </trkpt>
      <trkpt lat="43.173945" lon="-1.538579">
        <ele>606.473</ele>
        <time>2022-07-12T10:21:36Z</time>
      </trkpt>
      <trkpt lat="43.173992" lon="-1.538594">
        <ele>606.620</ele>
        <time>2022-07-12T10:21:42Z</time>
      </trkpt>
      <trkpt lat="43.174042" lon="-1.538601">
        <ele>608.209</ele>
        <time>2022-07-12T10:21:48Z</time>
      </trkpt>
      <trkpt lat="43.174089" lon="-1.538596">
        <ele>609.290</ele>
        <time>2022-07-12T10:21:58Z</time>
      </trkpt>
      <trkpt lat="43.174131" lon="-1.538621">
        <ele>609.799</ele>
        <time>2022-07-12T10:22:07Z</time>
      </trkpt>
      <trkpt lat="43.174171" lon="-1.538653">
        <ele>612.756</ele>
        <time>2022-07-12T10:22:15Z</time>
      </trkpt>
      <trkpt lat="43.174209" lon="-1.538686">
        <ele>614.866</ele>
        <time>2022-07-12T10:22:22Z</time>
      </trkpt>
      <trkpt lat="43.174252" lon="-1.538714">
        <ele>616.063</ele>
        <time>2022-07-12T10:22:28Z</time>
      </trkpt>
      <trkpt lat="43.174300" lon="-1.538726">
        <ele>616.154</ele>
        <time>2022-07-12T10:22:35Z</time>
      </trkpt>
      <trkpt lat="43.174350" lon="-1.538709">
        <ele>619.364</ele>
        <time>2022-07-12T10:23:08Z</time>
      </trkpt>
      <trkpt lat="43.174400" lon="-1.538727">
        <ele>620.562</ele>
        <time>2022-07-12T10:23:16Z</time>
      </trkpt>
      <trkpt lat="43.174445" lon="-1.538725">
        <ele>620.788</ele>
        <time>2022-07-12T10:23:21Z</time>
      </trkpt>
      <trkpt lat="43.174492" lon="-1.538733">
        <ele>621.199</ele>
        <time>2022-07-12T10:23:28Z</time>
      </trkpt>
      <trkpt lat="43.174537" lon="-1.538725">
        <ele>621.107</ele>
        <time>2022-07-12T10:23:34Z</time>
      </trkpt>
      <trkpt lat="43.174585" lon="-1.538720">
        <ele>622.827</ele>
        <time>2022-07-12T10:23:42Z</time>
      </trkpt>
      <trkpt lat="43.174637" lon="-1.538710">
        <ele>627.309</ele>
        <time>2022-07-12T10:24:29Z</time>
      </trkpt>
      <trkpt lat="43.174682" lon="-1.538768">
        <ele>630.180</ele>
        <time>2022-07-12T10:25:21Z</time>
      </trkpt>
      <trkpt lat="43.174735" lon="-1.538790">
        <ele>631.029</ele>
        <time>2022-07-12T10:25:27Z</time>
      </trkpt>
      <trkpt lat="43.174777" lon="-1.538822">
        <ele>631.816</ele>
        <time>2022-07-12T10:25:34Z</time>
      </trkpt>
      <trkpt lat="43.174822" lon="-1.538832">
        <ele>632.226</ele>
        <time>2022-07-12T10:25:40Z</time>
      </trkpt>
      <trkpt lat="43.174862" lon="-1.538862">
        <ele>632.213</ele>
        <time>2022-07-12T10:25:44Z</time>
      </trkpt>
      <trkpt lat="43.174910" lon="-1.538900">
        <ele>632.274</ele>
        <time>2022-07-12T10:25:54Z</time>
      </trkpt>
      <trkpt lat="43.174953" lon="-1.538920">
        <ele>632.354</ele>
        <time>2022-07-12T10:25:58Z</time>
      </trkpt>
      <trkpt lat="43.175003" lon="-1.538943">
        <ele>635.432</ele>
        <time>2022-07-12T10:26:03Z</time>
      </trkpt>
      <trkpt lat="43.175053" lon="-1.538958">
        <ele>636.718</ele>
        <time>2022-07-12T10:26:12Z</time>
      </trkpt>
      <trkpt lat="43.175098" lon="-1.538956">
        <ele>636.997</ele>
        <time>2022-07-12T10:26:18Z</time>
      </trkpt>
      <trkpt lat="43.175145" lon="-1.538948">
        <ele>637.623</ele>
        <time>2022-07-12T10:26:23Z</time>
      </trkpt>
      <trkpt lat="43.175197" lon="-1.538945">
        <ele>638.725</ele>
        <time>2022-07-12T10:26:31Z</time>
      </trkpt>
      <trkpt lat="43.175242" lon="-1.538965">
        <ele>639.609</ele>
        <time>2022-07-12T10:26:37Z</time>
      </trkpt>
      <trkpt lat="43.175290" lon="-1.538953">
        <ele>640.390</ele>
        <time>2022-07-12T10:26:46Z</time>
      </trkpt>
      <trkpt lat="43.175335" lon="-1.538955">
        <ele>640.989</ele>
        <time>2022-07-12T10:26:52Z</time>
      </trkpt>
      <trkpt lat="43.175382" lon="-1.538943">
        <ele>642.126</ele>
        <time>2022-07-12T10:26:58Z</time>
      </trkpt>
      <trkpt lat="43.175427" lon="-1.538936">
        <ele>643.016</ele>
        <time>2022-07-12T10:27:05Z</time>
      </trkpt>
      <trkpt lat="43.175477" lon="-1.538944">
        <ele>645.133</ele>
        <time>2022-07-12T10:27:12Z</time>
      </trkpt>
      <trkpt lat="43.175524" lon="-1.538956">
        <ele>648.014</ele>
        <time>2022-07-12T10:27:20Z</time>
      </trkpt>
      <trkpt lat="43.175567" lon="-1.538976">
        <ele>654.774</ele>
        <time>2022-07-12T10:27:57Z</time>
      </trkpt>
      <trkpt lat="43.175615" lon="-1.538974">
        <ele>654.882</ele>
        <time>2022-07-12T10:28:03Z</time>
      </trkpt>
      <trkpt lat="43.175660" lon="-1.538972">
        <ele>654.858</ele>
        <time>2022-07-12T10:28:10Z</time>
      </trkpt>
      <trkpt lat="43.175707" lon="-1.538969">
        <ele>654.941</ele>
        <time>2022-07-12T10:28:16Z</time>
      </trkpt>
      <trkpt lat="43.175754" lon="-1.538954">
        <ele>654.981</ele>
        <time>2022-07-12T10:28:21Z</time>
      </trkpt>
      <trkpt lat="43.175804" lon="-1.538959">
        <ele>654.609</ele>
        <time>2022-07-12T10:28:27Z</time>
      </trkpt>
      <trkpt lat="43.175849" lon="-1.538964">
        <ele>654.709</ele>
        <time>2022-07-12T10:28:33Z</time>
      </trkpt>
      <trkpt lat="43.175897" lon="-1.538984">
        <ele>655.145</ele>
        <time>2022-07-12T10:28:38Z</time>
      </trkpt>
      <trkpt lat="43.175947" lon="-1.538991">
        <ele>657.464</ele>
        <time>2022-07-12T10:28:46Z</time>
      </trkpt>
      <trkpt lat="43.175997" lon="-1.539001">
        <ele>659.561</ele>
        <time>2022-07-12T10:28:52Z</time>
      </trkpt>
      <trkpt lat="43.176049" lon="-1.539004">
        <ele>662.861</ele>
        <time>2022-07-12T10:28:59Z</time>
      </trkpt>
      <trkpt lat="43.176094" lon="-1.539017">
        <ele>665.358</ele>
        <time>2022-07-12T10:29:04Z</time>
      </trkpt>
      <trkpt lat="43.176144" lon="-1.539030">
        <ele>666.829</ele>
        <time>2022-07-12T10:29:09Z</time>
      </trkpt>
      <trkpt lat="43.176189" lon="-1.539055">
        <ele>672.819</ele>
        <time>2022-07-12T10:29:55Z</time>
      </trkpt>
      <trkpt lat="43.176236" lon="-1.539062">
        <ele>672.877</ele>
        <time>2022-07-12T10:30:00Z</time>
      </trkpt>
      <trkpt lat="43.176288" lon="-1.539079">
        <ele>672.983</ele>
        <time>2022-07-12T10:30:05Z</time>
      </trkpt>
      <trkpt lat="43.176325" lon="-1.539119">
        <ele>672.983</ele>
        <time>2022-07-12T10:30:10Z</time>
      </trkpt>
      <trkpt lat="43.176355" lon="-1.539167">
        <ele>672.925</ele>
        <time>2022-07-12T10:30:16Z</time>
      </trkpt>
      <trkpt lat="43.176398" lon="-1.539189">
        <ele>672.917</ele>
        <time>2022-07-12T10:30:24Z</time>
      </trkpt>
      <trkpt lat="43.176438" lon="-1.539224">
        <ele>674.609</ele>
        <time>2022-07-12T10:30:30Z</time>
      </trkpt>
      <trkpt lat="43.176480" lon="-1.539249">
        <ele>676.389</ele>
        <time>2022-07-12T10:30:35Z</time>
      </trkpt>
      <trkpt lat="43.176525" lon="-1.539277">
        <ele>677.698</ele>
        <time>2022-07-12T10:30:40Z</time>
      </trkpt>
      <trkpt lat="43.176570" lon="-1.539299">
        <ele>679.795</ele>
        <time>2022-07-12T10:30:45Z</time>
      </trkpt>
      <trkpt lat="43.176620" lon="-1.539324">
        <ele>680.525</ele>
        <time>2022-07-12T10:30:51Z</time>
      </trkpt>
      <trkpt lat="43.176667" lon="-1.539356">
        <ele>681.522</ele>
        <time>2022-07-12T10:30:56Z</time>
      </trkpt>
      <trkpt lat="43.176710" lon="-1.539391">
        <ele>681.963</ele>
        <time>2022-07-12T10:31:01Z</time>
      </trkpt>
      <trkpt lat="43.176762" lon="-1.539414">
        <ele>682.693</ele>
        <time>2022-07-12T10:31:07Z</time>
      </trkpt>
      <trkpt lat="43.176809" lon="-1.539429">
        <ele>684.471</ele>
        <time>2022-07-12T10:31:12Z</time>
      </trkpt>
      <trkpt lat="43.176852" lon="-1.539451">
        <ele>686.317</ele>
        <time>2022-07-12T10:31:18Z</time>
      </trkpt>
      <trkpt lat="43.176899" lon="-1.539458">
        <ele>687.155</ele>
        <time>2022-07-12T10:31:24Z</time>
      </trkpt>
      <trkpt lat="43.176951" lon="-1.539476">
        <ele>687.407</ele>
        <time>2022-07-12T10:31:30Z</time>
      </trkpt>
      <trkpt lat="43.176999" lon="-1.539501">
        <ele>688.117</ele>
        <time>2022-07-12T10:31:35Z</time>
      </trkpt>
      <trkpt lat="43.177047" lon="-1.539491">
        <ele>694.009</ele>
        <time>2022-07-12T10:32:14Z</time>
      </trkpt>
      <trkpt lat="43.177092" lon="-1.539499">
        <ele>694.086</ele>
        <time>2022-07-12T10:32:19Z</time>
      </trkpt>
      <trkpt lat="43.177140" lon="-1.539511">
        <ele>694.035</ele>
        <time>2022-07-12T10:32:24Z</time>
      </trkpt>
      <trkpt lat="43.177178" lon="-1.539551">
        <ele>694.042</ele>
        <time>2022-07-12T10:32:30Z</time>
      </trkpt>
      <trkpt lat="43.177225" lon="-1.539576">
        <ele>694.442</ele>
        <time>2022-07-12T10:32:37Z</time>
      </trkpt>
      <trkpt lat="43.177277" lon="-1.539591">
        <ele>694.049</ele>
        <time>2022-07-12T10:32:43Z</time>
      </trkpt>
      <trkpt lat="43.177324" lon="-1.539591">
        <ele>697.360</ele>
        <time>2022-07-12T10:32:49Z</time>
      </trkpt>
      <trkpt lat="43.177369" lon="-1.539609">
        <ele>699.940</ele>
        <time>2022-07-12T10:32:55Z</time>
      </trkpt>
      <trkpt lat="43.177417" lon="-1.539641">
        <ele>704.158</ele>
        <time>2022-07-12T10:33:32Z</time>
      </trkpt>
      <trkpt lat="43.177460" lon="-1.539658">
        <ele>704.184</ele>
        <time>2022-07-12T10:33:39Z</time>
      </trkpt>
      <trkpt lat="43.177505" lon="-1.539663">
        <ele>704.225</ele>
        <time>2022-07-12T10:33:45Z</time>
      </trkpt>
      <trkpt lat="43.177555" lon="-1.539670">
        <ele>704.426</ele>
        <time>2022-07-12T10:33:52Z</time>
      </trkpt>
      <trkpt lat="43.177603" lon="-1.539677">
        <ele>704.608</ele>
        <time>2022-07-12T10:33:59Z</time>
      </trkpt>
      <trkpt lat="43.177646" lon="-1.539705">
        <ele>704.409</ele>
        <time>2022-07-12T10:34:05Z</time>
      </trkpt>
      <trkpt lat="43.177693" lon="-1.539705">
        <ele>705.613</ele>
        <time>2022-07-12T10:34:11Z</time>
      </trkpt>
      <trkpt lat="43.177746" lon="-1.539700">
        <ele>707.992</ele>
        <time>2022-07-12T10:34:18Z</time>
      </trkpt>
      <trkpt lat="43.177796" lon="-1.539720">
        <ele>709.179</ele>
        <time>2022-07-12T10:34:24Z</time>
      </trkpt>
      <trkpt lat="43.177838" lon="-1.539745">
        <ele>711.659</ele>
        <time>2022-07-12T10:34:32Z</time>
      </trkpt>
      <trkpt lat="43.177876" lon="-1.539778">
        <ele>719.376</ele>
        <time>2022-07-12T10:35:07Z</time>
      </trkpt>
      <trkpt lat="43.177928" lon="-1.539781">
        <ele>719.387</ele>
        <time>2022-07-12T10:35:14Z</time>
      </trkpt>
      <trkpt lat="43.177968" lon="-1.539814">
        <ele>719.387</ele>
        <time>2022-07-12T10:35:19Z</time>
      </trkpt>
      <trkpt lat="43.178015" lon="-1.539841">
        <ele>719.325</ele>
        <time>2022-07-12T10:35:26Z</time>
      </trkpt>
      <trkpt lat="43.178057" lon="-1.539869">
        <ele>719.531</ele>
        <time>2022-07-12T10:35:32Z</time>
      </trkpt>
      <trkpt lat="43.178107" lon="-1.539877">
        <ele>721.651</ele>
        <time>2022-07-12T10:35:39Z</time>
      </trkpt>
      <trkpt lat="43.178155" lon="-1.539890">
        <ele>727.701</ele>
        <time>2022-07-12T10:36:31Z</time>
      </trkpt>
      <trkpt lat="43.178202" lon="-1.539892">
        <ele>727.711</ele>
        <time>2022-07-12T10:36:37Z</time>
      </trkpt>
      <trkpt lat="43.178247" lon="-1.539909">
        <ele>727.709</ele>
        <time>2022-07-12T10:36:44Z</time>
      </trkpt>
      <trkpt lat="43.178292" lon="-1.539922">
        <ele>727.786</ele>
        <time>2022-07-12T10:36:51Z</time>
      </trkpt>
      <trkpt lat="43.178337" lon="-1.539944">
        <ele>727.915</ele>
        <time>2022-07-12T10:36:58Z</time>
      </trkpt>
      <trkpt lat="43.178380" lon="-1.539971">
        <ele>728.222</ele>
        <time>2022-07-12T10:37:04Z</time>
      </trkpt>
      <trkpt lat="43.178420" lon="-1.539999">
        <ele>733.342</ele>
        <time>2022-07-12T10:37:10Z</time>
      </trkpt>
      <trkpt lat="43.178457" lon="-1.540041">
        <ele>735.449</ele>
        <time>2022-07-12T10:37:16Z</time>
      </trkpt>
      <trkpt lat="43.178502" lon="-1.540053">
        <ele>736.920</ele>
        <time>2022-07-12T10:37:23Z</time>
      </trkpt>
      <trkpt lat="43.178549" lon="-1.540081">
        <ele>738.470</ele>
        <time>2022-07-12T10:37:30Z</time>
      </trkpt>
      <trkpt lat="43.178594" lon="-1.540084">
        <ele>742.328</ele>
        <time>2022-07-12T10:38:04Z</time>
      </trkpt>
      <trkpt lat="43.178639" lon="-1.540099">
        <ele>742.824</ele>
        <time>2022-07-12T10:38:10Z</time>
      </trkpt>
      <trkpt lat="43.178681" lon="-1.540124">
        <ele>743.611</ele>
        <time>2022-07-12T10:38:15Z</time>
      </trkpt>
      <trkpt lat="43.178724" lon="-1.540151">
        <ele>743.721</ele>
        <time>2022-07-12T10:38:21Z</time>
      </trkpt>
      <trkpt lat="43.178771" lon="-1.540149">
        <ele>743.703</ele>
        <time>2022-07-12T10:38:29Z</time>
      </trkpt>
      <trkpt lat="43.178819" lon="-1.540151">
        <ele>745.609</ele>
        <time>2022-07-12T10:38:35Z</time>
      </trkpt>
      <trkpt lat="43.178869" lon="-1.540191">
        <ele>750.982</ele>
        <time>2022-07-12T10:38:55Z</time>
      </trkpt>
      <trkpt lat="43.178914" lon="-1.540214">
        <ele>752.841</ele>
        <time>2022-07-12T10:39:03Z</time>
      </trkpt>
      <trkpt lat="43.178952" lon="-1.540249">
        <ele>753.648</ele>
        <time>2022-07-12T10:39:13Z</time>
      </trkpt>
      <trkpt lat="43.178999" lon="-1.540267">
        <ele>756.838</ele>
        <time>2022-07-12T10:39:42Z</time>
      </trkpt>
      <trkpt lat="43.179039" lon="-1.540295">
        <ele>757.075</ele>
        <time>2022-07-12T10:39:49Z</time>
      </trkpt>
      <trkpt lat="43.179072" lon="-1.540347">
        <ele>757.696</ele>
        <time>2022-07-12T10:39:57Z</time>
      </trkpt>
      <trkpt lat="43.179114" lon="-1.540372">
        <ele>757.686</ele>
        <time>2022-07-12T10:40:03Z</time>
      </trkpt>
      <trkpt lat="43.179157" lon="-1.540410">
        <ele>757.664</ele>
        <time>2022-07-12T10:40:11Z</time>
      </trkpt>
      <trkpt lat="43.179192" lon="-1.540452">
        <ele>757.910</ele>
        <time>2022-07-12T10:40:18Z</time>
      </trkpt>
      <trkpt lat="43.179247" lon="-1.540470">
        <ele>764.348</ele>
        <time>2022-07-12T10:40:57Z</time>
      </trkpt>
      <trkpt lat="43.179285" lon="-1.540515">
        <ele>765.461</ele>
        <time>2022-07-12T10:41:04Z</time>
      </trkpt>
      <trkpt lat="43.179330" lon="-1.540547">
        <ele>765.417</ele>
        <time>2022-07-12T10:41:11Z</time>
      </trkpt>
      <trkpt lat="43.179370" lon="-1.540580">
        <ele>765.409</ele>
        <time>2022-07-12T10:41:19Z</time>
      </trkpt>
      <trkpt lat="43.179413" lon="-1.540612">
        <ele>765.425</ele>
        <time>2022-07-12T10:41:26Z</time>
      </trkpt>
      <trkpt lat="43.179463" lon="-1.540637">
        <ele>767.754</ele>
        <time>2022-07-12T10:41:33Z</time>
      </trkpt>
      <trkpt lat="43.179503" lon="-1.540672">
        <ele>773.481</ele>
        <time>2022-07-12T10:41:40Z</time>
      </trkpt>
      <trkpt lat="43.179543" lon="-1.540720">
        <ele>775.881</ele>
        <time>2022-07-12T10:41:47Z</time>
      </trkpt>
      <trkpt lat="43.179591" lon="-1.540733">
        <ele>777.088</ele>
        <time>2022-07-12T10:41:52Z</time>
      </trkpt>
      <trkpt lat="43.179629" lon="-1.540766">
        <ele>781.129</ele>
        <time>2022-07-12T10:42:04Z</time>
      </trkpt>
      <trkpt lat="43.179676" lon="-1.540804">
        <ele>781.889</ele>
        <time>2022-07-12T10:42:12Z</time>
      </trkpt>
      <trkpt lat="43.179626" lon="-1.540797">
        <ele>782.647</ele>
        <time>2022-07-12T10:42:22Z</time>
      </trkpt>
      <trkpt lat="43.179594" lon="-1.540752">
        <ele>782.253</ele>
        <time>2022-07-12T10:42:29Z</time>
      </trkpt>
      <trkpt lat="43.179556" lon="-1.540785">
        <ele>781.813</ele>
        <time>2022-07-12T10:43:36Z</time>
      </trkpt>
      <trkpt lat="43.179606" lon="-1.540770">
        <ele>779.943</ele>
        <time>2022-07-12T10:44:55Z</time>
      </trkpt>
      <trkpt lat="43.179579" lon="-1.540718">
        <ele>780.007</ele>
        <time>2022-07-12T10:45:17Z</time>
      </trkpt>
      <trkpt lat="43.179536" lon="-1.540686">
        <ele>782.209</ele>
        <time>2022-07-12T10:50:14Z</time>
      </trkpt>
      <trkpt lat="43.179489" lon="-1.540649">
        <ele>782.742</ele>
        <time>2022-07-12T10:50:19Z</time>
      </trkpt>
      <trkpt lat="43.179439" lon="-1.540626">
        <ele>782.281</ele>
        <time>2022-07-12T10:50:25Z</time>
      </trkpt>
      <trkpt lat="43.179394" lon="-1.540598">
        <ele>782.228</ele>
        <time>2022-07-12T10:50:30Z</time>
      </trkpt>
      <trkpt lat="43.179349" lon="-1.540588">
        <ele>784.958</ele>
        <time>2022-07-12T10:50:34Z</time>
      </trkpt>
      <trkpt lat="43.179309" lon="-1.540541">
        <ele>778.425</ele>
        <time>2022-07-12T10:50:40Z</time>
      </trkpt>
      <trkpt lat="43.179267" lon="-1.540498">
        <ele>777.426</ele>
        <time>2022-07-12T10:50:44Z</time>
      </trkpt>
      <trkpt lat="43.179225" lon="-1.540460">
        <ele>775.996</ele>
        <time>2022-07-12T10:50:48Z</time>
      </trkpt>
      <trkpt lat="43.179178" lon="-1.540420">
        <ele>773.034</ele>
        <time>2022-07-12T10:50:54Z</time>
      </trkpt>
      <trkpt lat="43.179131" lon="-1.540402">
        <ele>772.170</ele>
        <time>2022-07-12T10:50:58Z</time>
      </trkpt>
      <trkpt lat="43.179086" lon="-1.540364">
        <ele>770.781</ele>
        <time>2022-07-12T10:51:04Z</time>
      </trkpt>
      <trkpt lat="43.179043" lon="-1.540337">
        <ele>768.861</ele>
        <time>2022-07-12T10:51:11Z</time>
      </trkpt>
      <trkpt lat="43.179015" lon="-1.540282">
        <ele>767.417</ele>
        <time>2022-07-12T10:51:19Z</time>
      </trkpt>
      <trkpt lat="43.178978" lon="-1.540227">
        <ele>766.909</ele>
        <time>2022-07-12T10:51:23Z</time>
      </trkpt>
      <trkpt lat="43.178935" lon="-1.540194">
        <ele>765.569</ele>
        <time>2022-07-12T10:51:27Z</time>
      </trkpt>
      <trkpt lat="43.178890" lon="-1.540171">
        <ele>762.558</ele>
        <time>2022-07-12T10:51:31Z</time>
      </trkpt>
      <trkpt lat="43.178843" lon="-1.540156">
        <ele>760.835</ele>
        <time>2022-07-12T10:51:35Z</time>
      </trkpt>
      <trkpt lat="43.178795" lon="-1.540139">
        <ele>758.995</ele>
        <time>2022-07-12T10:51:38Z</time>
      </trkpt>
      <trkpt lat="43.178743" lon="-1.540146">
        <ele>756.572</ele>
        <time>2022-07-12T10:51:42Z</time>
      </trkpt>
      <trkpt lat="43.178690" lon="-1.540133">
        <ele>754.953</ele>
        <time>2022-07-12T10:51:46Z</time>
      </trkpt>
      <trkpt lat="43.178633" lon="-1.540121">
        <ele>753.483</ele>
        <time>2022-07-12T10:51:49Z</time>
      </trkpt>
      <trkpt lat="43.178580" lon="-1.540094">
        <ele>751.211</ele>
        <time>2022-07-12T10:51:52Z</time>
      </trkpt>
      <trkpt lat="43.178535" lon="-1.540071">
        <ele>749.757</ele>
        <time>2022-07-12T10:51:58Z</time>
      </trkpt>
      <trkpt lat="43.178483" lon="-1.540066">
        <ele>748.473</ele>
        <time>2022-07-12T10:52:02Z</time>
      </trkpt>
      <trkpt lat="43.178436" lon="-1.540039">
        <ele>746.285</ele>
        <time>2022-07-12T10:52:06Z</time>
      </trkpt>
      <trkpt lat="43.178388" lon="-1.539997">
        <ele>745.413</ele>
        <time>2022-07-12T10:52:09Z</time>
      </trkpt>
      <trkpt lat="43.178340" lon="-1.539964">
        <ele>743.809</ele>
        <time>2022-07-12T10:52:12Z</time>
      </trkpt>
      <trkpt lat="43.178290" lon="-1.539944">
        <ele>740.958</ele>
        <time>2022-07-12T10:52:16Z</time>
      </trkpt>
      <trkpt lat="43.178245" lon="-1.539929">
        <ele>738.747</ele>
        <time>2022-07-12T10:52:19Z</time>
      </trkpt>
      <trkpt lat="43.178192" lon="-1.539907">
        <ele>736.154</ele>
        <time>2022-07-12T10:52:24Z</time>
      </trkpt>
      <trkpt lat="43.178135" lon="-1.539889">
        <ele>735.234</ele>
        <time>2022-07-12T10:52:27Z</time>
      </trkpt>
      <trkpt lat="43.178093" lon="-1.539859">
        <ele>734.451</ele>
        <time>2022-07-12T10:52:32Z</time>
      </trkpt>
      <trkpt lat="43.178045" lon="-1.539851">
        <ele>733.532</ele>
        <time>2022-07-12T10:52:37Z</time>
      </trkpt>
      <trkpt lat="43.177990" lon="-1.539834">
        <ele>732.152</ele>
        <time>2022-07-12T10:52:41Z</time>
      </trkpt>
      <trkpt lat="43.177938" lon="-1.539802">
        <ele>731.320</ele>
        <time>2022-07-12T10:52:45Z</time>
      </trkpt>
      <trkpt lat="43.177890" lon="-1.539787">
        <ele>730.746</ele>
        <time>2022-07-12T10:52:50Z</time>
      </trkpt>
      <trkpt lat="43.177843" lon="-1.539765">
        <ele>730.038</ele>
        <time>2022-07-12T10:52:54Z</time>
      </trkpt>
      <trkpt lat="43.177796" lon="-1.539740">
        <ele>729.770</ele>
        <time>2022-07-12T10:52:57Z</time>
      </trkpt>
      <trkpt lat="43.177746" lon="-1.539700">
        <ele>728.817</ele>
        <time>2022-07-12T10:53:01Z</time>
      </trkpt>
      <trkpt lat="43.177698" lon="-1.539713">
        <ele>727.209</ele>
        <time>2022-07-12T10:53:06Z</time>
      </trkpt>
      <trkpt lat="43.177640" lon="-1.539716">
        <ele>724.854</ele>
        <time>2022-07-12T10:53:11Z</time>
      </trkpt>
      <trkpt lat="43.177595" lon="-1.539711">
        <ele>722.783</ele>
        <time>2022-07-12T10:53:14Z</time>
      </trkpt>
      <trkpt lat="43.177545" lon="-1.539689">
        <ele>719.160</ele>
        <time>2022-07-12T10:53:27Z</time>
      </trkpt>
      <trkpt lat="43.177493" lon="-1.539674">
        <ele>717.690</ele>
        <time>2022-07-12T10:53:31Z</time>
      </trkpt>
      <trkpt lat="43.177441" lon="-1.539647">
        <ele>716.917</ele>
        <time>2022-07-12T10:53:35Z</time>
      </trkpt>
      <trkpt lat="43.177394" lon="-1.539639">
        <ele>716.648</ele>
        <time>2022-07-12T10:53:38Z</time>
      </trkpt>
      <trkpt lat="43.177351" lon="-1.539616">
        <ele>715.758</ele>
        <time>2022-07-12T10:53:43Z</time>
      </trkpt>
      <trkpt lat="43.177304" lon="-1.539598">
        <ele>713.636</ele>
        <time>2022-07-12T10:53:47Z</time>
      </trkpt>
      <trkpt lat="43.177249" lon="-1.539586">
        <ele>709.222</ele>
        <time>2022-07-12T10:53:52Z</time>
      </trkpt>
      <trkpt lat="43.177197" lon="-1.539568">
        <ele>707.578</ele>
        <time>2022-07-12T10:53:56Z</time>
      </trkpt>
      <trkpt lat="43.177147" lon="-1.539545">
        <ele>705.233</ele>
        <time>2022-07-12T10:54:00Z</time>
      </trkpt>
      <trkpt lat="43.177094" lon="-1.539538">
        <ele>702.626</ele>
        <time>2022-07-12T10:54:04Z</time>
      </trkpt>
      <trkpt lat="43.177046" lon="-1.539520">
        <ele>700.909</ele>
        <time>2022-07-12T10:54:07Z</time>
      </trkpt>
      <trkpt lat="43.176996" lon="-1.539495">
        <ele>699.178</ele>
        <time>2022-07-12T10:54:12Z</time>
      </trkpt>
      <trkpt lat="43.176938" lon="-1.539493">
        <ele>697.577</ele>
        <time>2022-07-12T10:54:16Z</time>
      </trkpt>
      <trkpt lat="43.176878" lon="-1.539488">
        <ele>695.424</ele>
        <time>2022-07-12T10:54:19Z</time>
      </trkpt>
      <trkpt lat="43.176826" lon="-1.539468">
        <ele>693.614</ele>
        <time>2022-07-12T10:54:23Z</time>
      </trkpt>
      <trkpt lat="43.176779" lon="-1.539438">
        <ele>692.741</ele>
        <time>2022-07-12T10:54:27Z</time>
      </trkpt>
      <trkpt lat="43.176729" lon="-1.539403">
        <ele>692.282</ele>
        <time>2022-07-12T10:54:31Z</time>
      </trkpt>
      <trkpt lat="43.176686" lon="-1.539378">
        <ele>691.142</ele>
        <time>2022-07-12T10:54:34Z</time>
      </trkpt>
      <trkpt lat="43.176641" lon="-1.539351">
        <ele>690.080</ele>
        <time>2022-07-12T10:54:38Z</time>
      </trkpt>
      <trkpt lat="43.176591" lon="-1.539333">
        <ele>688.886</ele>
        <time>2022-07-12T10:54:44Z</time>
      </trkpt>
      <trkpt lat="43.176543" lon="-1.539303">
        <ele>687.945</ele>
        <time>2022-07-12T10:54:48Z</time>
      </trkpt>
      <trkpt lat="43.176496" lon="-1.539273">
        <ele>686.947</ele>
        <time>2022-07-12T10:54:52Z</time>
      </trkpt>
      <trkpt lat="43.176454" lon="-1.539235">
        <ele>686.011</ele>
        <time>2022-07-12T10:54:55Z</time>
      </trkpt>
      <trkpt lat="43.176409" lon="-1.539217">
        <ele>685.609</ele>
        <time>2022-07-12T10:54:58Z</time>
      </trkpt>
      <trkpt lat="43.176354" lon="-1.539180">
        <ele>684.115</ele>
        <time>2022-07-12T10:55:03Z</time>
      </trkpt>
      <trkpt lat="43.176311" lon="-1.539148">
        <ele>683.754</ele>
        <time>2022-07-12T10:55:07Z</time>
      </trkpt>
      <trkpt lat="43.176269" lon="-1.539118">
        <ele>682.961</ele>
        <time>2022-07-12T10:55:11Z</time>
      </trkpt>
      <trkpt lat="43.176227" lon="-1.539095">
        <ele>682.071</ele>
        <time>2022-07-12T10:55:14Z</time>
      </trkpt>
      <trkpt lat="43.176180" lon="-1.539058">
        <ele>681.348</ele>
        <time>2022-07-12T10:55:18Z</time>
      </trkpt>
      <trkpt lat="43.176137" lon="-1.539031">
        <ele>679.989</ele>
        <time>2022-07-12T10:55:21Z</time>
      </trkpt>
      <trkpt lat="43.176090" lon="-1.539026">
        <ele>678.349</ele>
        <time>2022-07-12T10:55:25Z</time>
      </trkpt>
      <trkpt lat="43.176042" lon="-1.539014">
        <ele>677.757</ele>
        <time>2022-07-12T10:55:29Z</time>
      </trkpt>
      <trkpt lat="43.175999" lon="-1.538992">
        <ele>677.653</ele>
        <time>2022-07-12T10:55:33Z</time>
      </trkpt>
      <trkpt lat="43.175941" lon="-1.538995">
        <ele>677.161</ele>
        <time>2022-07-12T10:55:38Z</time>
      </trkpt>
      <trkpt lat="43.175881" lon="-1.538987">
        <ele>676.021</ele>
        <time>2022-07-12T10:55:42Z</time>
      </trkpt>
      <trkpt lat="43.175824" lon="-1.538979">
        <ele>673.813</ele>
        <time>2022-07-12T10:55:46Z</time>
      </trkpt>
      <trkpt lat="43.175777" lon="-1.538974">
        <ele>672.509</ele>
        <time>2022-07-12T10:55:50Z</time>
      </trkpt>
      <trkpt lat="43.175724" lon="-1.538981">
        <ele>671.247</ele>
        <time>2022-07-12T10:55:54Z</time>
      </trkpt>
      <trkpt lat="43.175674" lon="-1.538984">
        <ele>669.026</ele>
        <time>2022-07-12T10:55:58Z</time>
      </trkpt>
      <trkpt lat="43.175622" lon="-1.538989">
        <ele>667.643</ele>
        <time>2022-07-12T10:56:03Z</time>
      </trkpt>
      <trkpt lat="43.175565" lon="-1.538981">
        <ele>665.743</ele>
        <time>2022-07-12T10:56:08Z</time>
      </trkpt>
      <trkpt lat="43.175518" lon="-1.538983">
        <ele>663.650</ele>
        <time>2022-07-12T10:56:12Z</time>
      </trkpt>
      <trkpt lat="43.175466" lon="-1.538985">
        <ele>661.581</ele>
        <time>2022-07-12T10:56:16Z</time>
      </trkpt>
      <trkpt lat="43.175411" lon="-1.538963">
        <ele>660.581</ele>
        <time>2022-07-12T10:56:20Z</time>
      </trkpt>
      <trkpt lat="43.175363" lon="-1.538975">
        <ele>660.079</ele>
        <time>2022-07-12T10:56:23Z</time>
      </trkpt>
      <trkpt lat="43.175310" lon="-1.538977">
        <ele>658.345</ele>
        <time>2022-07-12T10:56:28Z</time>
      </trkpt>
      <trkpt lat="43.175255" lon="-1.538982">
        <ele>657.567</ele>
        <time>2022-07-12T10:56:32Z</time>
      </trkpt>
      <trkpt lat="43.175203" lon="-1.538994">
        <ele>655.881</ele>
        <time>2022-07-12T10:56:36Z</time>
      </trkpt>
      <trkpt lat="43.175153" lon="-1.538991">
        <ele>653.319</ele>
        <time>2022-07-12T10:56:40Z</time>
      </trkpt>
      <trkpt lat="43.175108" lon="-1.538989">
        <ele>651.409</ele>
        <time>2022-07-12T10:56:44Z</time>
      </trkpt>
      <trkpt lat="43.175060" lon="-1.538964">
        <ele>649.267</ele>
        <time>2022-07-12T10:56:49Z</time>
      </trkpt>
      <trkpt lat="43.175003" lon="-1.538942">
        <ele>648.096</ele>
        <time>2022-07-12T10:56:53Z</time>
      </trkpt>
      <trkpt lat="43.174950" lon="-1.538929">
        <ele>647.383</ele>
        <time>2022-07-12T10:56:58Z</time>
      </trkpt>
      <trkpt lat="43.174897" lon="-1.538911">
        <ele>645.463</ele>
        <time>2022-07-12T10:57:02Z</time>
      </trkpt>
      <trkpt lat="43.174839" lon="-1.538884">
        <ele>644.490</ele>
        <time>2022-07-12T10:57:05Z</time>
      </trkpt>
      <trkpt lat="43.174799" lon="-1.538856">
        <ele>642.051</ele>
        <time>2022-07-12T10:57:09Z</time>
      </trkpt>
      <trkpt lat="43.174757" lon="-1.538821">
        <ele>639.911</ele>
        <time>2022-07-12T10:57:13Z</time>
      </trkpt>
      <trkpt lat="43.174710" lon="-1.538773">
        <ele>637.549</ele>
        <time>2022-07-12T10:57:17Z</time>
      </trkpt>
      <trkpt lat="43.174657" lon="-1.538741">
        <ele>635.965</ele>
        <time>2022-07-12T10:57:20Z</time>
      </trkpt>
      <trkpt lat="43.174604" lon="-1.538729">
        <ele>634.274</ele>
        <time>2022-07-12T10:57:23Z</time>
      </trkpt>
      <trkpt lat="43.174547" lon="-1.538736">
        <ele>631.556</ele>
        <time>2022-07-12T10:57:27Z</time>
      </trkpt>
      <trkpt lat="43.174495" lon="-1.538746">
        <ele>630.621</ele>
        <time>2022-07-12T10:57:32Z</time>
      </trkpt>
      <trkpt lat="43.174450" lon="-1.538744">
        <ele>630.009</ele>
        <time>2022-07-12T10:57:36Z</time>
      </trkpt>
      <trkpt lat="43.174398" lon="-1.538746">
        <ele>628.848</ele>
        <time>2022-07-12T10:57:41Z</time>
      </trkpt>
      <trkpt lat="43.174350" lon="-1.538736">
        <ele>627.797</ele>
        <time>2022-07-12T10:57:45Z</time>
      </trkpt>
      <trkpt lat="43.174297" lon="-1.538713">
        <ele>626.624</ele>
        <time>2022-07-12T10:57:49Z</time>
      </trkpt>
      <trkpt lat="43.174249" lon="-1.538698">
        <ele>624.644</ele>
        <time>2022-07-12T10:57:53Z</time>
      </trkpt>
      <trkpt lat="43.174201" lon="-1.538678">
        <ele>622.561</ele>
        <time>2022-07-12T10:57:57Z</time>
      </trkpt>
      <trkpt lat="43.174161" lon="-1.538635">
        <ele>621.192</ele>
        <time>2022-07-12T10:58:01Z</time>
      </trkpt>
      <trkpt lat="43.174114" lon="-1.538597">
        <ele>618.572</ele>
        <time>2022-07-12T10:58:05Z</time>
      </trkpt>
      <trkpt lat="43.174061" lon="-1.538569">
        <ele>616.730</ele>
        <time>2022-07-12T10:58:09Z</time>
      </trkpt>
      <trkpt lat="43.174011" lon="-1.538586">
        <ele>613.426</ele>
        <time>2022-07-12T10:58:14Z</time>
      </trkpt>
      <trkpt lat="43.173966" lon="-1.538596">
        <ele>611.747</ele>
        <time>2022-07-12T10:58:18Z</time>
      </trkpt>
      <trkpt lat="43.173911" lon="-1.538603">
        <ele>609.729</ele>
        <time>2022-07-12T10:58:23Z</time>
      </trkpt>
      <trkpt lat="43.173866" lon="-1.538616">
        <ele>608.721</ele>
        <time>2022-07-12T10:58:26Z</time>
      </trkpt>
      <trkpt lat="43.173816" lon="-1.538643">
        <ele>607.109</ele>
        <time>2022-07-12T10:58:31Z</time>
      </trkpt>
      <trkpt lat="43.173773" lon="-1.538663">
        <ele>606.545</ele>
        <time>2022-07-12T10:58:34Z</time>
      </trkpt>
      <trkpt lat="43.173721" lon="-1.538695">
        <ele>604.174</ele>
        <time>2022-07-12T10:58:38Z</time>
      </trkpt>
      <trkpt lat="43.173674" lon="-1.538702">
        <ele>603.121</ele>
        <time>2022-07-12T10:58:42Z</time>
      </trkpt>
      <trkpt lat="43.173619" lon="-1.538700">
        <ele>602.321</ele>
        <time>2022-07-12T10:58:46Z</time>
      </trkpt>
      <trkpt lat="43.173567" lon="-1.538667">
        <ele>601.938</ele>
        <time>2022-07-12T10:58:50Z</time>
      </trkpt>
      <trkpt lat="43.173532" lon="-1.538622">
        <ele>601.859</ele>
        <time>2022-07-12T10:58:53Z</time>
      </trkpt>
      <trkpt lat="43.173484" lon="-1.538590">
        <ele>601.689</ele>
        <time>2022-07-12T10:58:57Z</time>
      </trkpt>
      <trkpt lat="43.173441" lon="-1.538567">
        <ele>601.647</ele>
        <time>2022-07-12T10:59:01Z</time>
      </trkpt>
      <trkpt lat="43.173389" lon="-1.538544">
        <ele>600.113</ele>
        <time>2022-07-12T10:59:05Z</time>
      </trkpt>
      <trkpt lat="43.173346" lon="-1.538504">
        <ele>598.892</ele>
        <time>2022-07-12T10:59:10Z</time>
      </trkpt>
      <trkpt lat="43.173313" lon="-1.538451">
        <ele>597.973</ele>
        <time>2022-07-12T10:59:15Z</time>
      </trkpt>
      <trkpt lat="43.173278" lon="-1.538404">
        <ele>597.320</ele>
        <time>2022-07-12T10:59:20Z</time>
      </trkpt>
      <trkpt lat="43.173241" lon="-1.538351">
        <ele>597.009</ele>
        <time>2022-07-12T10:59:24Z</time>
      </trkpt>
      <trkpt lat="43.173214" lon="-1.538301">
        <ele>596.830</ele>
        <time>2022-07-12T10:59:27Z</time>
      </trkpt>
      <trkpt lat="43.173186" lon="-1.538253">
        <ele>596.079</ele>
        <time>2022-07-12T10:59:30Z</time>
      </trkpt>
      <trkpt lat="43.173144" lon="-1.538210">
        <ele>594.686</ele>
        <time>2022-07-12T10:59:33Z</time>
      </trkpt>
      <trkpt lat="43.173109" lon="-1.538170">
        <ele>593.726</ele>
        <time>2022-07-12T10:59:37Z</time>
      </trkpt>
      <trkpt lat="43.173076" lon="-1.538122">
        <ele>593.033</ele>
        <time>2022-07-12T10:59:41Z</time>
      </trkpt>
      <trkpt lat="43.173039" lon="-1.538080">
        <ele>592.114</ele>
        <time>2022-07-12T10:59:45Z</time>
      </trkpt>
      <trkpt lat="43.172999" lon="-1.538038">
        <ele>591.464</ele>
        <time>2022-07-12T10:59:49Z</time>
      </trkpt>
      <trkpt lat="43.172962" lon="-1.537991">
        <ele>591.272</ele>
        <time>2022-07-12T10:59:52Z</time>
      </trkpt>
      <trkpt lat="43.172920" lon="-1.537943">
        <ele>590.368</ele>
        <time>2022-07-12T10:59:56Z</time>
      </trkpt>
      <trkpt lat="43.172868" lon="-1.537905">
        <ele>589.511</ele>
        <time>2022-07-12T11:00:00Z</time>
      </trkpt>
      <trkpt lat="43.172815" lon="-1.537868">
        <ele>588.821</ele>
        <time>2022-07-12T11:00:04Z</time>
      </trkpt>
      <trkpt lat="43.172767" lon="-1.537833">
        <ele>587.603</ele>
        <time>2022-07-12T11:00:08Z</time>
      </trkpt>
      <trkpt lat="43.172717" lon="-1.537806">
        <ele>586.409</ele>
        <time>2022-07-12T11:00:12Z</time>
      </trkpt>
      <trkpt lat="43.172669" lon="-1.537789">
        <ele>585.222</ele>
        <time>2022-07-12T11:00:17Z</time>
      </trkpt>
      <trkpt lat="43.172624" lon="-1.537807">
        <ele>584.021</ele>
        <time>2022-07-12T11:00:22Z</time>
      </trkpt>
      <trkpt lat="43.172594" lon="-1.537862">
        <ele>581.838</ele>
        <time>2022-07-12T11:00:27Z</time>
      </trkpt>
      <trkpt lat="43.172572" lon="-1.537799">
        <ele>581.378</ele>
        <time>2022-07-12T11:00:34Z</time>
      </trkpt>
      <trkpt lat="43.172542" lon="-1.537736">
        <ele>580.155</ele>
        <time>2022-07-12T11:00:38Z</time>
      </trkpt>
      <trkpt lat="43.172514" lon="-1.537679">
        <ele>579.486</ele>
        <time>2022-07-12T11:00:42Z</time>
      </trkpt>
      <trkpt lat="43.172477" lon="-1.537617">
        <ele>578.966</ele>
        <time>2022-07-12T11:00:46Z</time>
      </trkpt>
      <trkpt lat="43.172440" lon="-1.537562">
        <ele>578.854</ele>
        <time>2022-07-12T11:00:49Z</time>
      </trkpt>
      <trkpt lat="43.172422" lon="-1.537625">
        <ele>578.870</ele>
        <time>2022-07-12T11:00:54Z</time>
      </trkpt>
      <trkpt lat="43.172425" lon="-1.537688">
        <ele>578.571</ele>
        <time>2022-07-12T11:00:58Z</time>
      </trkpt>
      <trkpt lat="43.172398" lon="-1.537755">
        <ele>578.541</ele>
        <time>2022-07-12T11:01:02Z</time>
      </trkpt>
      <trkpt lat="43.172383" lon="-1.537813">
        <ele>578.515</ele>
        <time>2022-07-12T11:01:05Z</time>
      </trkpt>
      <trkpt lat="43.172373" lon="-1.537875">
        <ele>576.509</ele>
        <time>2022-07-12T11:01:09Z</time>
      </trkpt>
      <trkpt lat="43.172368" lon="-1.537937">
        <ele>574.458</ele>
        <time>2022-07-12T11:01:13Z</time>
      </trkpt>
      <trkpt lat="43.172356" lon="-1.538014">
        <ele>572.627</ele>
        <time>2022-07-12T11:01:18Z</time>
      </trkpt>
      <trkpt lat="43.172349" lon="-1.538079">
        <ele>572.474</ele>
        <time>2022-07-12T11:01:21Z</time>
      </trkpt>
      <trkpt lat="43.172334" lon="-1.538151">
        <ele>572.314</ele>
        <time>2022-07-12T11:01:24Z</time>
      </trkpt>
      <trkpt lat="43.172314" lon="-1.538218">
        <ele>572.371</ele>
        <time>2022-07-12T11:01:28Z</time>
      </trkpt>
      <trkpt lat="43.172312" lon="-1.538281">
        <ele>572.952</ele>
        <time>2022-07-12T11:01:33Z</time>
      </trkpt>
      <trkpt lat="43.172307" lon="-1.538356">
        <ele>573.532</ele>
        <time>2022-07-12T11:01:38Z</time>
      </trkpt>
      <trkpt lat="43.172277" lon="-1.538428">
        <ele>573.570</ele>
        <time>2022-07-12T11:01:42Z</time>
      </trkpt>
      <trkpt lat="43.172234" lon="-1.538381">
        <ele>573.596</ele>
        <time>2022-07-12T11:01:46Z</time>
      </trkpt>
      <trkpt lat="43.172224" lon="-1.538319">
        <ele>572.645</ele>
        <time>2022-07-12T11:01:49Z</time>
      </trkpt>
      <trkpt lat="43.172216" lon="-1.538247">
        <ele>572.247</ele>
        <time>2022-07-12T11:01:53Z</time>
      </trkpt>
      <trkpt lat="43.172209" lon="-1.538177">
        <ele>571.411</ele>
        <time>2022-07-12T11:01:57Z</time>
      </trkpt>
      <trkpt lat="43.172207" lon="-1.538104">
        <ele>571.209</ele>
        <time>2022-07-12T11:02:02Z</time>
      </trkpt>
      <trkpt lat="43.172205" lon="-1.538042">
        <ele>571.165</ele>
        <time>2022-07-12T11:02:06Z</time>
      </trkpt>
      <trkpt lat="43.172198" lon="-1.537979">
        <ele>570.974</ele>
        <time>2022-07-12T11:02:09Z</time>
      </trkpt>
      <trkpt lat="43.172195" lon="-1.537907">
        <ele>570.851</ele>
        <time>2022-07-12T11:02:13Z</time>
      </trkpt>
      <trkpt lat="43.172165" lon="-1.537852">
        <ele>570.831</ele>
        <time>2022-07-12T11:02:17Z</time>
      </trkpt>
      <trkpt lat="43.172125" lon="-1.537822">
        <ele>570.438</ele>
        <time>2022-07-12T11:02:21Z</time>
      </trkpt>
      <trkpt lat="43.172083" lon="-1.537785">
        <ele>569.019</ele>
        <time>2022-07-12T11:02:24Z</time>
      </trkpt>
      <trkpt lat="43.172035" lon="-1.537775">
        <ele>567.779</ele>
        <time>2022-07-12T11:02:28Z</time>
      </trkpt>
      <trkpt lat="43.171973" lon="-1.537758">
        <ele>566.567</ele>
        <time>2022-07-12T11:02:32Z</time>
      </trkpt>
      <trkpt lat="43.171923" lon="-1.537751">
        <ele>565.613</ele>
        <time>2022-07-12T11:02:35Z</time>
      </trkpt>
      <trkpt lat="43.171871" lon="-1.537746">
        <ele>564.962</ele>
        <time>2022-07-12T11:02:40Z</time>
      </trkpt>
      <trkpt lat="43.171823" lon="-1.537729">
        <ele>564.283</ele>
        <time>2022-07-12T11:02:44Z</time>
      </trkpt>
      <trkpt lat="43.171755" lon="-1.537729">
        <ele>563.611</ele>
        <time>2022-07-12T11:02:50Z</time>
      </trkpt>
      <trkpt lat="43.171695" lon="-1.537746">
        <ele>563.209</ele>
        <time>2022-07-12T11:02:54Z</time>
      </trkpt>
      <trkpt lat="43.171648" lon="-1.537759">
        <ele>562.167</ele>
        <time>2022-07-12T11:02:57Z</time>
      </trkpt>
      <trkpt lat="43.171596" lon="-1.537781">
        <ele>560.616</ele>
        <time>2022-07-12T11:03:00Z</time>
      </trkpt>
      <trkpt lat="43.171546" lon="-1.537781">
        <ele>559.243</ele>
        <time>2022-07-12T11:03:03Z</time>
      </trkpt>
      <trkpt lat="43.171491" lon="-1.537783">
        <ele>558.053</ele>
        <time>2022-07-12T11:03:07Z</time>
      </trkpt>
      <trkpt lat="43.171431" lon="-1.537788">
        <ele>556.940</ele>
        <time>2022-07-12T11:03:11Z</time>
      </trkpt>
      <trkpt lat="43.171373" lon="-1.537805">
        <ele>555.871</ele>
        <time>2022-07-12T11:03:15Z</time>
      </trkpt>
      <trkpt lat="43.171325" lon="-1.537810">
        <ele>554.491</ele>
        <time>2022-07-12T11:03:18Z</time>
      </trkpt>
      <trkpt lat="43.171273" lon="-1.537827">
        <ele>552.819</ele>
        <time>2022-07-12T11:03:22Z</time>
      </trkpt>
      <trkpt lat="43.171228" lon="-1.537829">
        <ele>551.395</ele>
        <time>2022-07-12T11:03:26Z</time>
      </trkpt>
      <trkpt lat="43.171183" lon="-1.537837">
        <ele>550.389</ele>
        <time>2022-07-12T11:03:30Z</time>
      </trkpt>
      <trkpt lat="43.171133" lon="-1.537864">
        <ele>548.606</ele>
        <time>2022-07-12T11:03:34Z</time>
      </trkpt>
      <trkpt lat="43.171090" lon="-1.537884">
        <ele>547.426</ele>
        <time>2022-07-12T11:03:37Z</time>
      </trkpt>
      <trkpt lat="43.171038" lon="-1.537892">
        <ele>546.209</ele>
        <time>2022-07-12T11:03:40Z</time>
      </trkpt>
      <trkpt lat="43.170993" lon="-1.537912">
        <ele>545.049</ele>
        <time>2022-07-12T11:03:43Z</time>
      </trkpt>
      <trkpt lat="43.170940" lon="-1.537927">
        <ele>543.238</ele>
        <time>2022-07-12T11:03:47Z</time>
      </trkpt>
      <trkpt lat="43.170895" lon="-1.537929">
        <ele>541.635</ele>
        <time>2022-07-12T11:03:50Z</time>
      </trkpt>
      <trkpt lat="43.170845" lon="-1.537944">
        <ele>540.165</ele>
        <time>2022-07-12T11:03:53Z</time>
      </trkpt>
      <trkpt lat="43.170797" lon="-1.537937">
        <ele>538.522</ele>
        <time>2022-07-12T11:03:57Z</time>
      </trkpt>
      <trkpt lat="43.170745" lon="-1.537955">
        <ele>537.063</ele>
        <time>2022-07-12T11:04:02Z</time>
      </trkpt>
      <trkpt lat="43.170703" lon="-1.537987">
        <ele>536.443</ele>
        <time>2022-07-12T11:04:07Z</time>
      </trkpt>
      <trkpt lat="43.170658" lon="-1.537997">
        <ele>536.271</ele>
        <time>2022-07-12T11:04:11Z</time>
      </trkpt>
      <trkpt lat="43.170606" lon="-1.538022">
        <ele>535.187</ele>
        <time>2022-07-12T11:04:15Z</time>
      </trkpt>
      <trkpt lat="43.170551" lon="-1.538045">
        <ele>533.014</ele>
        <time>2022-07-12T11:04:19Z</time>
      </trkpt>
      <trkpt lat="43.170496" lon="-1.538068">
        <ele>531.754</ele>
        <time>2022-07-12T11:04:23Z</time>
      </trkpt>
      <trkpt lat="43.170444" lon="-1.538080">
        <ele>530.309</ele>
        <time>2022-07-12T11:04:27Z</time>
      </trkpt>
      <trkpt lat="43.170391" lon="-1.538093">
        <ele>528.709</ele>
        <time>2022-07-12T11:04:31Z</time>
      </trkpt>
      <trkpt lat="43.170333" lon="-1.538110">
        <ele>527.432</ele>
        <time>2022-07-12T11:04:35Z</time>
      </trkpt>
      <trkpt lat="43.170276" lon="-1.538120">
        <ele>526.231</ele>
        <time>2022-07-12T11:04:39Z</time>
      </trkpt>
      <trkpt lat="43.170223" lon="-1.538112">
        <ele>524.748</ele>
        <time>2022-07-12T11:04:43Z</time>
      </trkpt>
      <trkpt lat="43.170161" lon="-1.538097">
        <ele>522.598</ele>
        <time>2022-07-12T11:04:47Z</time>
      </trkpt>
      <trkpt lat="43.170103" lon="-1.538094">
        <ele>521.395</ele>
        <time>2022-07-12T11:04:51Z</time>
      </trkpt>
      <trkpt lat="43.170050" lon="-1.538077">
        <ele>521.036</ele>
        <time>2022-07-12T11:04:55Z</time>
      </trkpt>
      <trkpt lat="43.170003" lon="-1.538062">
        <ele>521.046</ele>
        <time>2022-07-12T11:04:59Z</time>
      </trkpt>
      <trkpt lat="43.169955" lon="-1.538047">
        <ele>521.054</ele>
        <time>2022-07-12T11:05:03Z</time>
      </trkpt>
      <trkpt lat="43.169908" lon="-1.538029">
        <ele>520.950</ele>
        <time>2022-07-12T11:05:07Z</time>
      </trkpt>
      <trkpt lat="43.169858" lon="-1.538016">
        <ele>520.886</ele>
        <time>2022-07-12T11:05:11Z</time>
      </trkpt>
      <trkpt lat="43.169806" lon="-1.538001">
        <ele>520.760</ele>
        <time>2022-07-12T11:05:15Z</time>
      </trkpt>
      <trkpt lat="43.169759" lon="-1.537966">
        <ele>520.526</ele>
        <time>2022-07-12T11:05:19Z</time>
      </trkpt>
      <trkpt lat="43.169711" lon="-1.537941">
        <ele>519.809</ele>
        <time>2022-07-12T11:05:24Z</time>
      </trkpt>
      <trkpt lat="43.169658" lon="-1.537923">
        <ele>518.959</ele>
        <time>2022-07-12T11:05:29Z</time>
      </trkpt>
      <trkpt lat="43.169603" lon="-1.537885">
        <ele>517.888</ele>
        <time>2022-07-12T11:05:33Z</time>
      </trkpt>
      <trkpt lat="43.169555" lon="-1.537865">
        <ele>516.015</ele>
        <time>2022-07-12T11:05:37Z</time>
      </trkpt>
      <trkpt lat="43.169503" lon="-1.537852">
        <ele>515.365</ele>
        <time>2022-07-12T11:05:41Z</time>
      </trkpt>
      <trkpt lat="43.169458" lon="-1.537835">
        <ele>515.292</ele>
        <time>2022-07-12T11:05:44Z</time>
      </trkpt>
      <trkpt lat="43.169423" lon="-1.537792">
        <ele>514.673</ele>
        <time>2022-07-12T11:05:47Z</time>
      </trkpt>
      <trkpt lat="43.169385" lon="-1.537744">
        <ele>513.553</ele>
        <time>2022-07-12T11:05:52Z</time>
      </trkpt>
      <trkpt lat="43.169352" lon="-1.537682">
        <ele>512.961</ele>
        <time>2022-07-12T11:05:56Z</time>
      </trkpt>
      <trkpt lat="43.169337" lon="-1.537614">
        <ele>512.537</ele>
        <time>2022-07-12T11:06:00Z</time>
      </trkpt>
      <trkpt lat="43.169304" lon="-1.537556">
        <ele>512.638</ele>
        <time>2022-07-12T11:06:04Z</time>
      </trkpt>
      <trkpt lat="43.169272" lon="-1.537501">
        <ele>512.670</ele>
        <time>2022-07-12T11:06:08Z</time>
      </trkpt>
      <trkpt lat="43.169247" lon="-1.537446">
        <ele>513.817</ele>
        <time>2022-07-12T11:06:13Z</time>
      </trkpt>
      <trkpt lat="43.169220" lon="-1.537384">
        <ele>515.109</ele>
        <time>2022-07-12T11:06:17Z</time>
      </trkpt>
      <trkpt lat="43.169192" lon="-1.537319">
        <ele>515.234</ele>
        <time>2022-07-12T11:06:21Z</time>
      </trkpt>
      <trkpt lat="43.169152" lon="-1.537256">
        <ele>515.723</ele>
        <time>2022-07-12T11:06:25Z</time>
      </trkpt>
      <trkpt lat="43.169104" lon="-1.537218">
        <ele>515.870</ele>
        <time>2022-07-12T11:06:29Z</time>
      </trkpt>
      <trkpt lat="43.169071" lon="-1.537153">
        <ele>516.970</ele>
        <time>2022-07-12T11:06:33Z</time>
      </trkpt>
      <trkpt lat="43.169041" lon="-1.537098">
        <ele>516.967</ele>
        <time>2022-07-12T11:06:37Z</time>
      </trkpt>
      <trkpt lat="43.169023" lon="-1.537031">
        <ele>516.948</ele>
        <time>2022-07-12T11:06:41Z</time>
      </trkpt>
      <trkpt lat="43.168990" lon="-1.536989">
        <ele>516.758</ele>
        <time>2022-07-12T11:06:44Z</time>
      </trkpt>
      <trkpt lat="43.168952" lon="-1.536947">
        <ele>516.186</ele>
        <time>2022-07-12T11:06:47Z</time>
      </trkpt>
      <trkpt lat="43.168920" lon="-1.536895">
        <ele>515.612</ele>
        <time>2022-07-12T11:06:50Z</time>
      </trkpt>
      <trkpt lat="43.168893" lon="-1.536827">
        <ele>515.536</ele>
        <time>2022-07-12T11:06:54Z</time>
      </trkpt>
      <trkpt lat="43.168865" lon="-1.536777">
        <ele>515.617</ele>
        <time>2022-07-12T11:06:59Z</time>
      </trkpt>
      <trkpt lat="43.168832" lon="-1.536734">
        <ele>515.818</ele>
        <time>2022-07-12T11:07:03Z</time>
      </trkpt>
      <trkpt lat="43.168784" lon="-1.536712">
        <ele>516.009</ele>
        <time>2022-07-12T11:07:06Z</time>
      </trkpt>
      <trkpt lat="43.168739" lon="-1.536699">
        <ele>516.144</ele>
        <time>2022-07-12T11:07:08Z</time>
      </trkpt>
      <trkpt lat="43.168682" lon="-1.536711">
        <ele>516.393</ele>
        <time>2022-07-12T11:07:11Z</time>
      </trkpt>
      <trkpt lat="43.168639" lon="-1.536736">
        <ele>516.250</ele>
        <time>2022-07-12T11:07:14Z</time>
      </trkpt>
      <trkpt lat="43.168602" lon="-1.536786">
        <ele>516.190</ele>
        <time>2022-07-12T11:07:18Z</time>
      </trkpt>
      <trkpt lat="43.168565" lon="-1.536826">
        <ele>515.537</ele>
        <time>2022-07-12T11:07:21Z</time>
      </trkpt>
      <trkpt lat="43.168515" lon="-1.536844">
        <ele>515.318</ele>
        <time>2022-07-12T11:07:25Z</time>
      </trkpt>
      <trkpt lat="43.168465" lon="-1.536864">
        <ele>514.528</ele>
        <time>2022-07-12T11:07:29Z</time>
      </trkpt>
      <trkpt lat="43.168417" lon="-1.536891">
        <ele>513.156</ele>
        <time>2022-07-12T11:07:36Z</time>
      </trkpt>
      <trkpt lat="43.168372" lon="-1.536908">
        <ele>511.782</ele>
        <time>2022-07-12T11:07:40Z</time>
      </trkpt>
      <trkpt lat="43.168322" lon="-1.536931">
        <ele>509.912</ele>
        <time>2022-07-12T11:07:43Z</time>
      </trkpt>
      <trkpt lat="43.168274" lon="-1.536963">
        <ele>508.432</ele>
        <time>2022-07-12T11:07:46Z</time>
      </trkpt>
      <trkpt lat="43.168224" lon="-1.536998">
        <ele>506.905</ele>
        <time>2022-07-12T11:07:50Z</time>
      </trkpt>
      <trkpt lat="43.168176" lon="-1.537036">
        <ele>505.909</ele>
        <time>2022-07-12T11:07:54Z</time>
      </trkpt>
      <trkpt lat="43.168129" lon="-1.537069">
        <ele>505.372</ele>
        <time>2022-07-12T11:07:58Z</time>
      </trkpt>
      <trkpt lat="43.168079" lon="-1.537097">
        <ele>505.111</ele>
        <time>2022-07-12T11:08:02Z</time>
      </trkpt>
      <trkpt lat="43.168041" lon="-1.537142">
        <ele>505.198</ele>
        <time>2022-07-12T11:08:06Z</time>
      </trkpt>
      <trkpt lat="43.167999" lon="-1.537182">
        <ele>504.878</ele>
        <time>2022-07-12T11:08:11Z</time>
      </trkpt>
      <trkpt lat="43.167957" lon="-1.537222">
        <ele>503.785</ele>
        <time>2022-07-12T11:08:15Z</time>
      </trkpt>
      <trkpt lat="43.167907" lon="-1.537257">
        <ele>503.186</ele>
        <time>2022-07-12T11:08:19Z</time>
      </trkpt>
      <trkpt lat="43.167867" lon="-1.537285">
        <ele>501.736</ele>
        <time>2022-07-12T11:08:22Z</time>
      </trkpt>
      <trkpt lat="43.167829" lon="-1.537328">
        <ele>500.674</ele>
        <time>2022-07-12T11:08:25Z</time>
      </trkpt>
      <trkpt lat="43.167777" lon="-1.537366">
        <ele>499.770</ele>
        <time>2022-07-12T11:08:29Z</time>
      </trkpt>
      <trkpt lat="43.167737" lon="-1.537399">
        <ele>499.488</ele>
        <time>2022-07-12T11:08:32Z</time>
      </trkpt>
      <trkpt lat="43.167684" lon="-1.537421">
        <ele>499.124</ele>
        <time>2022-07-12T11:08:36Z</time>
      </trkpt>
      <trkpt lat="43.167639" lon="-1.537451">
        <ele>498.626</ele>
        <time>2022-07-12T11:08:40Z</time>
      </trkpt>
      <trkpt lat="43.167599" lon="-1.537498">
        <ele>498.009</ele>
        <time>2022-07-12T11:08:44Z</time>
      </trkpt>
      <trkpt lat="43.167544" lon="-1.537508">
        <ele>497.169</ele>
        <time>2022-07-12T11:08:48Z</time>
      </trkpt>
      <trkpt lat="43.167489" lon="-1.537528">
        <ele>495.188</ele>
        <time>2022-07-12T11:08:53Z</time>
      </trkpt>
      <trkpt lat="43.167441" lon="-1.537545">
        <ele>494.225</ele>
        <time>2022-07-12T11:08:57Z</time>
      </trkpt>
      <trkpt lat="43.167396" lon="-1.537563">
        <ele>492.755</ele>
        <time>2022-07-12T11:09:00Z</time>
      </trkpt>
      <trkpt lat="43.167341" lon="-1.537595">
        <ele>492.162</ele>
        <time>2022-07-12T11:09:04Z</time>
      </trkpt>
      <trkpt lat="43.167294" lon="-1.537617">
        <ele>491.553</ele>
        <time>2022-07-12T11:09:07Z</time>
      </trkpt>
      <trkpt lat="43.167241" lon="-1.537644">
        <ele>491.163</ele>
        <time>2022-07-12T11:09:11Z</time>
      </trkpt>
      <trkpt lat="43.167191" lon="-1.537661">
        <ele>489.571</ele>
        <time>2022-07-12T11:09:15Z</time>
      </trkpt>
      <trkpt lat="43.167138" lon="-1.537676">
        <ele>488.147</ele>
        <time>2022-07-12T11:09:20Z</time>
      </trkpt>
      <trkpt lat="43.167090" lon="-1.537669">
        <ele>486.816</ele>
        <time>2022-07-12T11:09:24Z</time>
      </trkpt>
      <trkpt lat="43.167043" lon="-1.537682">
        <ele>484.876</ele>
        <time>2022-07-12T11:09:28Z</time>
      </trkpt>
      <trkpt lat="43.166993" lon="-1.537694">
        <ele>483.213</ele>
        <time>2022-07-12T11:09:32Z</time>
      </trkpt>
      <trkpt lat="43.166945" lon="-1.537701">
        <ele>481.309</ele>
        <time>2022-07-12T11:09:37Z</time>
      </trkpt>
      <trkpt lat="43.166897" lon="-1.537708">
        <ele>480.352</ele>
        <time>2022-07-12T11:09:41Z</time>
      </trkpt>
      <trkpt lat="43.166835" lon="-1.537713">
        <ele>478.921</ele>
        <time>2022-07-12T11:09:45Z</time>
      </trkpt>
      <trkpt lat="43.166785" lon="-1.537716">
        <ele>477.248</ele>
        <time>2022-07-12T11:09:48Z</time>
      </trkpt>
      <trkpt lat="43.166733" lon="-1.537718">
        <ele>476.288</ele>
        <time>2022-07-12T11:09:52Z</time>
      </trkpt>
      <trkpt lat="43.166688" lon="-1.537720">
        <ele>474.755</ele>
        <time>2022-07-12T11:09:55Z</time>
      </trkpt>
      <trkpt lat="43.166635" lon="-1.537702">
        <ele>473.956</ele>
        <time>2022-07-12T11:09:59Z</time>
      </trkpt>
      <trkpt lat="43.166590" lon="-1.537690">
        <ele>473.586</ele>
        <time>2022-07-12T11:10:03Z</time>
      </trkpt>
      <trkpt lat="43.166538" lon="-1.537672">
        <ele>472.424</ele>
        <time>2022-07-12T11:10:07Z</time>
      </trkpt>
      <trkpt lat="43.166490" lon="-1.537634">
        <ele>471.410</ele>
        <time>2022-07-12T11:10:10Z</time>
      </trkpt>
      <trkpt lat="43.166440" lon="-1.537596">
        <ele>469.242</ele>
        <time>2022-07-12T11:10:13Z</time>
      </trkpt>
      <trkpt lat="43.166397" lon="-1.537573">
        <ele>467.322</ele>
        <time>2022-07-12T11:10:16Z</time>
      </trkpt>
      <trkpt lat="43.166345" lon="-1.537568">
        <ele>465.514</ele>
        <time>2022-07-12T11:10:20Z</time>
      </trkpt>
      <trkpt lat="43.166295" lon="-1.537583">
        <ele>462.309</ele>
        <time>2022-07-12T11:10:25Z</time>
      </trkpt>
      <trkpt lat="43.166248" lon="-1.537598">
        <ele>461.135</ele>
        <time>2022-07-12T11:10:29Z</time>
      </trkpt>
      <trkpt lat="43.166195" lon="-1.537601">
        <ele>460.774</ele>
        <time>2022-07-12T11:10:33Z</time>
      </trkpt>
      <trkpt lat="43.166137" lon="-1.537621">
        <ele>460.761</ele>
        <time>2022-07-12T11:10:37Z</time>
      </trkpt>
      <trkpt lat="43.166087" lon="-1.537626">
        <ele>460.321</ele>
        <time>2022-07-12T11:10:41Z</time>
      </trkpt>
      <trkpt lat="43.166040" lon="-1.537618">
        <ele>459.928</ele>
        <time>2022-07-12T11:10:44Z</time>
      </trkpt>
      <trkpt lat="43.165988" lon="-1.537601">
        <ele>458.639</ele>
        <time>2022-07-12T11:10:49Z</time>
      </trkpt>
      <trkpt lat="43.165941" lon="-1.537596">
        <ele>458.389</ele>
        <time>2022-07-12T11:10:52Z</time>
      </trkpt>
      <trkpt lat="43.165891" lon="-1.537581">
        <ele>457.387</ele>
        <time>2022-07-12T11:10:56Z</time>
      </trkpt>
      <trkpt lat="43.165843" lon="-1.537589">
        <ele>455.653</ele>
        <time>2022-07-12T11:10:59Z</time>
      </trkpt>
      <trkpt lat="43.165795" lon="-1.537619">
        <ele>453.451</ele>
        <time>2022-07-12T11:11:03Z</time>
      </trkpt>
      <trkpt lat="43.165745" lon="-1.537654">
        <ele>451.801</ele>
        <time>2022-07-12T11:11:07Z</time>
      </trkpt>
      <trkpt lat="43.165692" lon="-1.537684">
        <ele>450.411</ele>
        <time>2022-07-12T11:11:11Z</time>
      </trkpt>
      <trkpt lat="43.165635" lon="-1.537689">
        <ele>450.209</ele>
        <time>2022-07-12T11:11:15Z</time>
      </trkpt>
      <trkpt lat="43.165583" lon="-1.537694">
        <ele>448.936</ele>
        <time>2022-07-12T11:11:18Z</time>
      </trkpt>
      <trkpt lat="43.165533" lon="-1.537711">
        <ele>447.775</ele>
        <time>2022-07-12T11:11:21Z</time>
      </trkpt>
      <trkpt lat="43.165476" lon="-1.537726">
        <ele>446.682</ele>
        <time>2022-07-12T11:11:25Z</time>
      </trkpt>
      <trkpt lat="43.165423" lon="-1.537731">
        <ele>446.572</ele>
        <time>2022-07-12T11:11:28Z</time>
      </trkpt>
      <trkpt lat="43.165371" lon="-1.537738">
        <ele>446.589</ele>
        <time>2022-07-12T11:11:32Z</time>
      </trkpt>
      <trkpt lat="43.165316" lon="-1.537746">
        <ele>446.570</ele>
        <time>2022-07-12T11:11:36Z</time>
      </trkpt>
      <trkpt lat="43.165271" lon="-1.537763">
        <ele>446.470</ele>
        <time>2022-07-12T11:11:40Z</time>
      </trkpt>
      <trkpt lat="43.165226" lon="-1.537768">
        <ele>446.528</ele>
        <time>2022-07-12T11:11:43Z</time>
      </trkpt>
      <trkpt lat="43.165181" lon="-1.537773">
        <ele>445.594</ele>
        <time>2022-07-12T11:11:48Z</time>
      </trkpt>
      <trkpt lat="43.165138" lon="-1.537801">
        <ele>445.331</ele>
        <time>2022-07-12T11:11:52Z</time>
      </trkpt>
      <trkpt lat="43.165095" lon="-1.537828">
        <ele>445.161</ele>
        <time>2022-07-12T11:11:55Z</time>
      </trkpt>
      <trkpt lat="43.165042" lon="-1.537838">
        <ele>445.007</ele>
        <time>2022-07-12T11:11:58Z</time>
      </trkpt>
      <trkpt lat="43.164987" lon="-1.537851">
        <ele>444.009</ele>
        <time>2022-07-12T11:12:02Z</time>
      </trkpt>
      <trkpt lat="43.164940" lon="-1.537853">
        <ele>443.844</ele>
        <time>2022-07-12T11:12:07Z</time>
      </trkpt>
      <trkpt lat="43.164892" lon="-1.537870">
        <ele>443.673</ele>
        <time>2022-07-12T11:12:11Z</time>
      </trkpt>
      <trkpt lat="43.164842" lon="-1.537873">
        <ele>443.660</ele>
        <time>2022-07-12T11:12:15Z</time>
      </trkpt>
      <trkpt lat="43.164790" lon="-1.537876">
        <ele>443.060</ele>
        <time>2022-07-12T11:12:19Z</time>
      </trkpt>
      <trkpt lat="43.164738" lon="-1.537893">
        <ele>442.717</ele>
        <time>2022-07-12T11:12:23Z</time>
      </trkpt>
      <trkpt lat="43.164688" lon="-1.537886">
        <ele>442.048</ele>
        <time>2022-07-12T11:12:27Z</time>
      </trkpt>
      <trkpt lat="43.164636" lon="-1.537879">
        <ele>440.458</ele>
        <time>2022-07-12T11:12:30Z</time>
      </trkpt>
      <trkpt lat="43.164581" lon="-1.537884">
        <ele>439.786</ele>
        <time>2022-07-12T11:12:34Z</time>
      </trkpt>
      <trkpt lat="43.164528" lon="-1.537911">
        <ele>438.552</ele>
        <time>2022-07-12T11:12:39Z</time>
      </trkpt>
      <trkpt lat="43.164481" lon="-1.537938">
        <ele>437.312</ele>
        <time>2022-07-12T11:12:42Z</time>
      </trkpt>
      <trkpt lat="43.164431" lon="-1.537955">
        <ele>436.632</ele>
        <time>2022-07-12T11:12:45Z</time>
      </trkpt>
      <trkpt lat="43.164379" lon="-1.537973">
        <ele>435.305</ele>
        <time>2022-07-12T11:12:50Z</time>
      </trkpt>
      <trkpt lat="43.164324" lon="-1.537970">
        <ele>433.909</ele>
        <time>2022-07-12T11:12:55Z</time>
      </trkpt>
      <trkpt lat="43.164269" lon="-1.537970">
        <ele>431.732</ele>
        <time>2022-07-12T11:12:59Z</time>
      </trkpt>
      <trkpt lat="43.164221" lon="-1.537987">
        <ele>430.361</ele>
        <time>2022-07-12T11:13:02Z</time>
      </trkpt>
      <trkpt lat="43.164171" lon="-1.538019">
        <ele>428.278</ele>
        <time>2022-07-12T11:13:05Z</time>
      </trkpt>
      <trkpt lat="43.164111" lon="-1.538031">
        <ele>426.058</ele>
        <time>2022-07-12T11:13:08Z</time>
      </trkpt>
      <trkpt lat="43.164064" lon="-1.538028">
        <ele>424.585</ele>
        <time>2022-07-12T11:13:11Z</time>
      </trkpt>
      <trkpt lat="43.164009" lon="-1.538038">
        <ele>423.646</ele>
        <time>2022-07-12T11:13:15Z</time>
      </trkpt>
      <trkpt lat="43.163959" lon="-1.538046">
        <ele>422.936</ele>
        <time>2022-07-12T11:13:18Z</time>
      </trkpt>
      <trkpt lat="43.163914" lon="-1.538066">
        <ele>422.924</ele>
        <time>2022-07-12T11:13:21Z</time>
      </trkpt>
      <trkpt lat="43.163871" lon="-1.538083">
        <ele>423.050</ele>
        <time>2022-07-12T11:13:25Z</time>
      </trkpt>
      <trkpt lat="43.163816" lon="-1.538096">
        <ele>422.852</ele>
        <time>2022-07-12T11:13:31Z</time>
      </trkpt>
      <trkpt lat="43.163769" lon="-1.538123">
        <ele>422.753</ele>
        <time>2022-07-12T11:13:37Z</time>
      </trkpt>
      <trkpt lat="43.163722" lon="-1.538151">
        <ele>422.508</ele>
        <time>2022-07-12T11:13:41Z</time>
      </trkpt>
      <trkpt lat="43.163672" lon="-1.538181">
        <ele>420.109</ele>
        <time>2022-07-12T11:13:45Z</time>
      </trkpt>
      <trkpt lat="43.163629" lon="-1.538208">
        <ele>418.476</ele>
        <time>2022-07-12T11:13:48Z</time>
      </trkpt>
      <trkpt lat="43.163579" lon="-1.538233">
        <ele>416.545</ele>
        <time>2022-07-12T11:13:51Z</time>
      </trkpt>
      <trkpt lat="43.163536" lon="-1.538253">
        <ele>415.162</ele>
        <time>2022-07-12T11:13:54Z</time>
      </trkpt>
      <trkpt lat="43.163484" lon="-1.538275">
        <ele>413.472</ele>
        <time>2022-07-12T11:13:58Z</time>
      </trkpt>
      <trkpt lat="43.163429" lon="-1.538285">
        <ele>412.979</ele>
        <time>2022-07-12T11:14:03Z</time>
      </trkpt>
      <trkpt lat="43.163377" lon="-1.538295">
        <ele>412.730</ele>
        <time>2022-07-12T11:14:08Z</time>
      </trkpt>
      <trkpt lat="43.163320" lon="-1.538308">
        <ele>412.270</ele>
        <time>2022-07-12T11:14:12Z</time>
      </trkpt>
      <trkpt lat="43.163265" lon="-1.538313">
        <ele>411.218</ele>
        <time>2022-07-12T11:14:18Z</time>
      </trkpt>
      <trkpt lat="43.163213" lon="-1.538320">
        <ele>410.454</ele>
        <time>2022-07-12T11:14:23Z</time>
      </trkpt>
      <trkpt lat="43.163166" lon="-1.538328">
        <ele>409.866</ele>
        <time>2022-07-12T11:14:27Z</time>
      </trkpt>
      <trkpt lat="43.163118" lon="-1.538333">
        <ele>408.929</ele>
        <time>2022-07-12T11:14:31Z</time>
      </trkpt>
      <trkpt lat="43.163071" lon="-1.538353">
        <ele>407.821</ele>
        <time>2022-07-12T11:14:35Z</time>
      </trkpt>
      <trkpt lat="43.163026" lon="-1.538361">
        <ele>406.309</ele>
        <time>2022-07-12T11:14:39Z</time>
      </trkpt>
      <trkpt lat="43.162976" lon="-1.538373">
        <ele>404.737</ele>
        <time>2022-07-12T11:14:43Z</time>
      </trkpt>
      <trkpt lat="43.162936" lon="-1.538401">
        <ele>404.146</ele>
        <time>2022-07-12T11:14:46Z</time>
      </trkpt>
      <trkpt lat="43.162878" lon="-1.538418">
        <ele>402.443</ele>
        <time>2022-07-12T11:14:50Z</time>
      </trkpt>
      <trkpt lat="43.162831" lon="-1.538435">
        <ele>400.553</ele>
        <time>2022-07-12T11:14:53Z</time>
      </trkpt>
      <trkpt lat="43.162779" lon="-1.538453">
        <ele>398.990</ele>
        <time>2022-07-12T11:14:57Z</time>
      </trkpt>
      <trkpt lat="43.162727" lon="-1.538481">
        <ele>397.091</ele>
        <time>2022-07-12T11:15:01Z</time>
      </trkpt>
      <trkpt lat="43.162675" lon="-1.538494">
        <ele>395.951</ele>
        <time>2022-07-12T11:15:05Z</time>
      </trkpt>
      <trkpt lat="43.162628" lon="-1.538516">
        <ele>395.599</ele>
        <time>2022-07-12T11:15:08Z</time>
      </trkpt>
      <trkpt lat="43.162570" lon="-1.538513">
        <ele>394.375</ele>
        <time>2022-07-12T11:15:12Z</time>
      </trkpt>
      <trkpt lat="43.162518" lon="-1.538533">
        <ele>392.726</ele>
        <time>2022-07-12T11:15:17Z</time>
      </trkpt>
      <trkpt lat="43.162468" lon="-1.538545">
        <ele>392.247</ele>
        <time>2022-07-12T11:15:21Z</time>
      </trkpt>
      <trkpt lat="43.162426" lon="-1.538517">
        <ele>391.511</ele>
        <time>2022-07-12T11:15:26Z</time>
      </trkpt>
      <trkpt lat="43.162374" lon="-1.538529">
        <ele>391.109</ele>
        <time>2022-07-12T11:15:31Z</time>
      </trkpt>
      <trkpt lat="43.162317" lon="-1.538541">
        <ele>389.253</ele>
        <time>2022-07-12T11:15:35Z</time>
      </trkpt>
      <trkpt lat="43.162265" lon="-1.538568">
        <ele>386.192</ele>
        <time>2022-07-12T11:15:39Z</time>
      </trkpt>
      <trkpt lat="43.162218" lon="-1.538591">
        <ele>385.119</ele>
        <time>2022-07-12T11:15:42Z</time>
      </trkpt>
      <trkpt lat="43.162168" lon="-1.538614">
        <ele>384.959</ele>
        <time>2022-07-12T11:15:45Z</time>
      </trkpt>
      <trkpt lat="43.162113" lon="-1.538644">
        <ele>384.966</ele>
        <time>2022-07-12T11:15:50Z</time>
      </trkpt>
      <trkpt lat="43.162068" lon="-1.538657">
        <ele>385.987</ele>
        <time>2022-07-12T11:15:55Z</time>
      </trkpt>
      <trkpt lat="43.162018" lon="-1.538655">
        <ele>385.837</ele>
        <time>2022-07-12T11:16:00Z</time>
      </trkpt>
      <trkpt lat="43.161966" lon="-1.538640">
        <ele>385.845</ele>
        <time>2022-07-12T11:16:03Z</time>
      </trkpt>
      <trkpt lat="43.161918" lon="-1.538615">
        <ele>385.951</ele>
        <time>2022-07-12T11:16:08Z</time>
      </trkpt>
      <trkpt lat="43.161871" lon="-1.538570">
        <ele>385.955</ele>
        <time>2022-07-12T11:16:12Z</time>
      </trkpt>
      <trkpt lat="43.161831" lon="-1.538522">
        <ele>385.907</ele>
        <time>2022-07-12T11:16:17Z</time>
      </trkpt>
      <trkpt lat="43.161784" lon="-1.538495">
        <ele>387.017</ele>
        <time>2022-07-12T11:16:22Z</time>
      </trkpt>
      <trkpt lat="43.161737" lon="-1.538467">
        <ele>387.109</ele>
        <time>2022-07-12T11:16:27Z</time>
      </trkpt>
      <trkpt lat="43.161689" lon="-1.538435">
        <ele>387.126</ele>
        <time>2022-07-12T11:16:31Z</time>
      </trkpt>
      <trkpt lat="43.161634" lon="-1.538430">
        <ele>387.175</ele>
        <time>2022-07-12T11:16:34Z</time>
      </trkpt>
      <trkpt lat="43.161581" lon="-1.538415">
        <ele>386.642</ele>
        <time>2022-07-12T11:16:37Z</time>
      </trkpt>
      <trkpt lat="43.161541" lon="-1.538378">
        <ele>384.742</ele>
        <time>2022-07-12T11:16:41Z</time>
      </trkpt>
      <trkpt lat="43.161491" lon="-1.538353">
        <ele>383.179</ele>
        <time>2022-07-12T11:16:46Z</time>
      </trkpt>
      <trkpt lat="43.161438" lon="-1.538351">
        <ele>380.730</ele>
        <time>2022-07-12T11:16:52Z</time>
      </trkpt>
      <trkpt lat="43.161393" lon="-1.538349">
        <ele>380.940</ele>
        <time>2022-07-12T11:16:56Z</time>
      </trkpt>
      <trkpt lat="43.161348" lon="-1.538347">
        <ele>380.818</ele>
        <time>2022-07-12T11:17:00Z</time>
      </trkpt>
      <trkpt lat="43.161276" lon="-1.538309">
        <ele>381.284</ele>
        <time>2022-07-12T11:17:17Z</time>
      </trkpt>
      <trkpt lat="43.161231" lon="-1.538287">
        <ele>381.721</ele>
        <time>2022-07-12T11:17:22Z</time>
      </trkpt>
      <trkpt lat="43.161221" lon="-1.538210">
        <ele>386.141</ele>
        <time>2022-07-12T11:17:36Z</time>
      </trkpt>
      <trkpt lat="43.161254" lon="-1.538167">
        <ele>386.105</ele>
        <time>2022-07-12T11:17:41Z</time>
      </trkpt>
      <trkpt lat="43.161276" lon="-1.538097">
        <ele>386.109</ele>
        <time>2022-07-12T11:17:47Z</time>
      </trkpt>
      <trkpt lat="43.161296" lon="-1.538032">
        <ele>386.033</ele>
        <time>2022-07-12T11:17:51Z</time>
      </trkpt>
      <trkpt lat="43.161331" lon="-1.537960">
        <ele>384.532</ele>
        <time>2022-07-12T11:17:57Z</time>
      </trkpt>
      <trkpt lat="43.161333" lon="-1.537898">
        <ele>382.119</ele>
        <time>2022-07-12T11:18:02Z</time>
      </trkpt>
      <trkpt lat="43.161300" lon="-1.537828">
        <ele>380.329</ele>
        <time>2022-07-12T11:18:08Z</time>
      </trkpt>
      <trkpt lat="43.161280" lon="-1.537718">
        <ele>379.256</ele>
        <time>2022-07-12T11:18:14Z</time>
      </trkpt>
      <trkpt lat="43.161290" lon="-1.537653">
        <ele>378.527</ele>
        <time>2022-07-12T11:18:21Z</time>
      </trkpt>
      <trkpt lat="43.161208" lon="-1.537403">
        <ele>376.857</ele>
        <time>2022-07-12T11:18:35Z</time>
      </trkpt>
      <trkpt lat="43.161193" lon="-1.537340">
        <ele>376.615</ele>
        <time>2022-07-12T11:18:38Z</time>
      </trkpt>
      <trkpt lat="43.161150" lon="-1.537287">
        <ele>376.541</ele>
        <time>2022-07-12T11:18:41Z</time>
      </trkpt>
      <trkpt lat="43.161105" lon="-1.537265">
        <ele>376.422</ele>
        <time>2022-07-12T11:18:43Z</time>
      </trkpt>
      <trkpt lat="43.161053" lon="-1.537222">
        <ele>376.362</ele>
        <time>2022-07-12T11:18:46Z</time>
      </trkpt>
      <trkpt lat="43.161015" lon="-1.537184">
        <ele>376.408</ele>
        <time>2022-07-12T11:18:49Z</time>
      </trkpt>
      <trkpt lat="43.160977" lon="-1.537146">
        <ele>376.509</ele>
        <time>2022-07-12T11:18:53Z</time>
      </trkpt>
      <trkpt lat="43.160934" lon="-1.537113">
        <ele>376.313</ele>
        <time>2022-07-12T11:18:57Z</time>
      </trkpt>
      <trkpt lat="43.160894" lon="-1.537078">
        <ele>376.172</ele>
        <time>2022-07-12T11:19:01Z</time>
      </trkpt>
      <trkpt lat="43.160864" lon="-1.537016">
        <ele>375.269</ele>
        <time>2022-07-12T11:19:07Z</time>
      </trkpt>
      <trkpt lat="43.160814" lon="-1.536996">
        <ele>374.559</ele>
        <time>2022-07-12T11:19:10Z</time>
      </trkpt>
      <trkpt lat="43.160774" lon="-1.536944">
        <ele>373.656</ele>
        <time>2022-07-12T11:19:14Z</time>
      </trkpt>
      <trkpt lat="43.160731" lon="-1.536897">
        <ele>373.487</ele>
        <time>2022-07-12T11:19:17Z</time>
      </trkpt>
      <trkpt lat="43.160699" lon="-1.536845">
        <ele>373.347</ele>
        <time>2022-07-12T11:19:21Z</time>
      </trkpt>
      <trkpt lat="43.160661" lon="-1.536808">
        <ele>373.085</ele>
        <time>2022-07-12T11:19:25Z</time>
      </trkpt>
      <trkpt lat="43.160616" lon="-1.536781">
        <ele>372.591</ele>
        <time>2022-07-12T11:19:28Z</time>
      </trkpt>
      <trkpt lat="43.160581" lon="-1.536736">
        <ele>372.651</ele>
        <time>2022-07-12T11:19:34Z</time>
      </trkpt>
      <trkpt lat="43.160534" lon="-1.536731">
        <ele>372.601</ele>
        <time>2022-07-12T11:19:39Z</time>
      </trkpt>
      <trkpt lat="43.160466" lon="-1.536701">
        <ele>372.411</ele>
        <time>2022-07-12T11:19:44Z</time>
      </trkpt>
      <trkpt lat="43.160413" lon="-1.536689">
        <ele>372.009</ele>
        <time>2022-07-12T11:19:49Z</time>
      </trkpt>
      <trkpt lat="43.160361" lon="-1.536682">
        <ele>370.716</ele>
        <time>2022-07-12T11:19:53Z</time>
      </trkpt>
      <trkpt lat="43.160316" lon="-1.536674">
        <ele>369.585</ele>
        <time>2022-07-12T11:19:56Z</time>
      </trkpt>
      <trkpt lat="43.160256" lon="-1.536677">
        <ele>369.072</ele>
        <time>2022-07-12T11:19:59Z</time>
      </trkpt>
      <trkpt lat="43.160208" lon="-1.536687">
        <ele>368.792</ele>
        <time>2022-07-12T11:20:02Z</time>
      </trkpt>
      <trkpt lat="43.160158" lon="-1.536705">
        <ele>367.789</ele>
        <time>2022-07-12T11:20:06Z</time>
      </trkpt>
      <trkpt lat="43.160111" lon="-1.536735">
        <ele>363.910</ele>
        <time>2022-07-12T11:20:10Z</time>
      </trkpt>
      <trkpt lat="43.160063" lon="-1.536747">
        <ele>360.340</ele>
        <time>2022-07-12T11:20:16Z</time>
      </trkpt>
      <trkpt lat="43.160011" lon="-1.536724">
        <ele>358.468</ele>
        <time>2022-07-12T11:20:21Z</time>
      </trkpt>
      <trkpt lat="43.159958" lon="-1.536727">
        <ele>357.454</ele>
        <time>2022-07-12T11:20:25Z</time>
      </trkpt>
      <trkpt lat="43.159908" lon="-1.536732">
        <ele>355.325</ele>
        <time>2022-07-12T11:20:28Z</time>
      </trkpt>
      <trkpt lat="43.159858" lon="-1.536727">
        <ele>352.926</ele>
        <time>2022-07-12T11:20:32Z</time>
      </trkpt>
      <trkpt lat="43.159806" lon="-1.536735">
        <ele>350.108</ele>
        <time>2022-07-12T11:20:36Z</time>
      </trkpt>
      <trkpt lat="43.159756" lon="-1.536727">
        <ele>349.909</ele>
        <time>2022-07-12T11:20:40Z</time>
      </trkpt>
      <trkpt lat="43.159709" lon="-1.536694">
        <ele>349.113</ele>
        <time>2022-07-12T11:20:44Z</time>
      </trkpt>
      <trkpt lat="43.159661" lon="-1.536671">
        <ele>348.312</ele>
        <time>2022-07-12T11:20:48Z</time>
      </trkpt>
      <trkpt lat="43.159618" lon="-1.536651">
        <ele>347.119</ele>
        <time>2022-07-12T11:20:51Z</time>
      </trkpt>
      <trkpt lat="43.159568" lon="-1.536633">
        <ele>346.039</ele>
        <time>2022-07-12T11:20:54Z</time>
      </trkpt>
      <trkpt lat="43.159518" lon="-1.536626">
        <ele>344.566</ele>
        <time>2022-07-12T11:20:57Z</time>
      </trkpt>
      <trkpt lat="43.159466" lon="-1.536593">
        <ele>342.967</ele>
        <time>2022-07-12T11:21:01Z</time>
      </trkpt>
      <trkpt lat="43.159424" lon="-1.536568">
        <ele>342.557</ele>
        <time>2022-07-12T11:21:04Z</time>
      </trkpt>
      <trkpt lat="43.159387" lon="-1.536530">
        <ele>340.565</ele>
        <time>2022-07-12T11:21:07Z</time>
      </trkpt>
      <trkpt lat="43.159340" lon="-1.536503">
        <ele>338.171</ele>
        <time>2022-07-12T11:21:12Z</time>
      </trkpt>
      <trkpt lat="43.159293" lon="-1.536478">
        <ele>337.091</ele>
        <time>2022-07-12T11:21:16Z</time>
      </trkpt>
      <trkpt lat="43.159245" lon="-1.536465">
        <ele>336.081</ele>
        <time>2022-07-12T11:21:20Z</time>
      </trkpt>
      <trkpt lat="43.159178" lon="-1.536447">
        <ele>335.519</ele>
        <time>2022-07-12T11:21:26Z</time>
      </trkpt>
      <trkpt lat="43.159133" lon="-1.536427">
        <ele>334.609</ele>
        <time>2022-07-12T11:21:31Z</time>
      </trkpt>
      <trkpt lat="43.159083" lon="-1.536427">
        <ele>334.210</ele>
        <time>2022-07-12T11:21:35Z</time>
      </trkpt>
      <trkpt lat="43.159036" lon="-1.536409">
        <ele>333.749</ele>
        <time>2022-07-12T11:21:39Z</time>
      </trkpt>
      <trkpt lat="43.158958" lon="-1.536367">
        <ele>330.196</ele>
        <time>2022-07-12T11:21:46Z</time>
      </trkpt>
      <trkpt lat="43.158913" lon="-1.536342">
        <ele>329.066</ele>
        <time>2022-07-12T11:21:49Z</time>
      </trkpt>
      <trkpt lat="43.158846" lon="-1.536327">
        <ele>328.063</ele>
        <time>2022-07-12T11:21:53Z</time>
      </trkpt>
      <trkpt lat="43.158788" lon="-1.536309">
        <ele>327.954</ele>
        <time>2022-07-12T11:21:57Z</time>
      </trkpt>
      <trkpt lat="43.158736" lon="-1.536294">
        <ele>327.344</ele>
        <time>2022-07-12T11:22:01Z</time>
      </trkpt>
      <trkpt lat="43.158688" lon="-1.536254">
        <ele>327.282</ele>
        <time>2022-07-12T11:22:08Z</time>
      </trkpt>
      <trkpt lat="43.158623" lon="-1.536222">
        <ele>327.068</ele>
        <time>2022-07-12T11:22:14Z</time>
      </trkpt>
      <trkpt lat="43.158563" lon="-1.536192">
        <ele>326.436</ele>
        <time>2022-07-12T11:22:17Z</time>
      </trkpt>
      <trkpt lat="43.158486" lon="-1.536157">
        <ele>325.217</ele>
        <time>2022-07-12T11:22:22Z</time>
      </trkpt>
      <trkpt lat="43.158446" lon="-1.536127">
        <ele>325.118</ele>
        <time>2022-07-12T11:22:27Z</time>
      </trkpt>
      <trkpt lat="43.158401" lon="-1.536119">
        <ele>324.009</ele>
        <time>2022-07-12T11:22:31Z</time>
      </trkpt>
      <trkpt lat="43.158268" lon="-1.536014">
        <ele>319.664</ele>
        <time>2022-07-12T11:22:42Z</time>
      </trkpt>
      <trkpt lat="43.158233" lon="-1.535957">
        <ele>318.633</ele>
        <time>2022-07-12T11:22:47Z</time>
      </trkpt>
      <trkpt lat="43.158173" lon="-1.535904">
        <ele>316.740</ele>
        <time>2022-07-12T11:22:53Z</time>
      </trkpt>
      <trkpt lat="43.158098" lon="-1.535801">
        <ele>315.930</ele>
        <time>2022-07-12T11:23:00Z</time>
      </trkpt>
      <trkpt lat="43.158066" lon="-1.535748">
        <ele>315.667</ele>
        <time>2022-07-12T11:23:04Z</time>
      </trkpt>
      <trkpt lat="43.158031" lon="-1.535693">
        <ele>315.258</ele>
        <time>2022-07-12T11:23:08Z</time>
      </trkpt>
      <trkpt lat="43.157994" lon="-1.535645">
        <ele>315.288</ele>
        <time>2022-07-12T11:23:12Z</time>
      </trkpt>
      <trkpt lat="43.157954" lon="-1.535590">
        <ele>315.486</ele>
        <time>2022-07-12T11:23:16Z</time>
      </trkpt>
      <trkpt lat="43.157904" lon="-1.535558">
        <ele>317.082</ele>
        <time>2022-07-12T11:23:19Z</time>
      </trkpt>
      <trkpt lat="43.157851" lon="-1.535526">
        <ele>318.393</ele>
        <time>2022-07-12T11:23:23Z</time>
      </trkpt>
      <trkpt lat="43.157799" lon="-1.535531">
        <ele>318.465</ele>
        <time>2022-07-12T11:23:26Z</time>
      </trkpt>
      <trkpt lat="43.157754" lon="-1.535523">
        <ele>318.221</ele>
        <time>2022-07-12T11:23:32Z</time>
      </trkpt>
      <trkpt lat="43.157697" lon="-1.535530">
        <ele>316.609</ele>
        <time>2022-07-12T11:23:35Z</time>
      </trkpt>
      <trkpt lat="43.157649" lon="-1.535525">
        <ele>315.860</ele>
        <time>2022-07-12T11:23:38Z</time>
      </trkpt>
      <trkpt lat="43.157596" lon="-1.535533">
        <ele>315.439</ele>
        <time>2022-07-12T11:23:41Z</time>
      </trkpt>
      <trkpt lat="43.157553" lon="-1.535558">
        <ele>315.256</ele>
        <time>2022-07-12T11:23:45Z</time>
      </trkpt>
      <trkpt lat="43.157508" lon="-1.535573">
        <ele>313.946</ele>
        <time>2022-07-12T11:23:49Z</time>
      </trkpt>
      <trkpt lat="43.157451" lon="-1.535590">
        <ele>312.083</ele>
        <time>2022-07-12T11:23:54Z</time>
      </trkpt>
      <trkpt lat="43.157393" lon="-1.535580">
        <ele>308.944</ele>
        <time>2022-07-12T11:23:58Z</time>
      </trkpt>
      <trkpt lat="43.157343" lon="-1.535583">
        <ele>306.634</ele>
        <time>2022-07-12T11:24:03Z</time>
      </trkpt>
      <trkpt lat="43.157298" lon="-1.535596">
        <ele>305.142</ele>
        <time>2022-07-12T11:24:06Z</time>
      </trkpt>
      <trkpt lat="43.157250" lon="-1.535599">
        <ele>303.848</ele>
        <time>2022-07-12T11:24:10Z</time>
      </trkpt>
      <trkpt lat="43.157198" lon="-1.535606">
        <ele>302.427</ele>
        <time>2022-07-12T11:24:14Z</time>
      </trkpt>
      <trkpt lat="43.157150" lon="-1.535628">
        <ele>301.868</ele>
        <time>2022-07-12T11:24:19Z</time>
      </trkpt>
      <trkpt lat="43.157097" lon="-1.535645">
        <ele>301.114</ele>
        <time>2022-07-12T11:24:33Z</time>
      </trkpt>
      <trkpt lat="43.157045" lon="-1.535665">
        <ele>301.109</ele>
        <time>2022-07-12T11:24:37Z</time>
      </trkpt>
      <trkpt lat="43.156993" lon="-1.535687">
        <ele>301.153</ele>
        <time>2022-07-12T11:24:42Z</time>
      </trkpt>
      <trkpt lat="43.156948" lon="-1.535712">
        <ele>301.172</ele>
        <time>2022-07-12T11:24:47Z</time>
      </trkpt>
      <trkpt lat="43.156900" lon="-1.535715">
        <ele>301.149</ele>
        <time>2022-07-12T11:24:53Z</time>
      </trkpt>
      <trkpt lat="43.156855" lon="-1.535723">
        <ele>301.529</ele>
        <time>2022-07-12T11:24:59Z</time>
      </trkpt>
      <trkpt lat="43.156800" lon="-1.535751">
        <ele>300.826</ele>
        <time>2022-07-12T11:25:03Z</time>
      </trkpt>
      <trkpt lat="43.156755" lon="-1.535756">
        <ele>300.537</ele>
        <time>2022-07-12T11:25:06Z</time>
      </trkpt>
      <trkpt lat="43.156702" lon="-1.535763">
        <ele>300.317</ele>
        <time>2022-07-12T11:25:10Z</time>
      </trkpt>
      <trkpt lat="43.156647" lon="-1.535766">
        <ele>299.355</ele>
        <time>2022-07-12T11:25:14Z</time>
      </trkpt>
      <trkpt lat="43.156597" lon="-1.535764">
        <ele>296.941</ele>
        <time>2022-07-12T11:25:17Z</time>
      </trkpt>
      <trkpt lat="43.156552" lon="-1.535764">
        <ele>294.842</ele>
        <time>2022-07-12T11:25:20Z</time>
      </trkpt>
      <trkpt lat="43.156495" lon="-1.535769">
        <ele>292.122</ele>
        <time>2022-07-12T11:25:24Z</time>
      </trkpt>
      <trkpt lat="43.156448" lon="-1.535772">
        <ele>290.514</ele>
        <time>2022-07-12T11:25:28Z</time>
      </trkpt>
      <trkpt lat="43.156396" lon="-1.535777">
        <ele>288.809</ele>
        <time>2022-07-12T11:25:33Z</time>
      </trkpt>
      <trkpt lat="43.156346" lon="-1.535775">
        <ele>287.235</ele>
        <time>2022-07-12T11:25:37Z</time>
      </trkpt>
      <trkpt lat="43.156293" lon="-1.535777">
        <ele>285.154</ele>
        <time>2022-07-12T11:25:41Z</time>
      </trkpt>
      <trkpt lat="43.156243" lon="-1.535775">
        <ele>283.761</ele>
        <time>2022-07-12T11:25:45Z</time>
      </trkpt>
      <trkpt lat="43.156195" lon="-1.535783">
        <ele>283.431</ele>
        <time>2022-07-12T11:25:50Z</time>
      </trkpt>
      <trkpt lat="43.156135" lon="-1.535793">
        <ele>283.268</ele>
        <time>2022-07-12T11:25:54Z</time>
      </trkpt>
      <trkpt lat="43.156083" lon="-1.535795">
        <ele>282.919</ele>
        <time>2022-07-12T11:25:58Z</time>
      </trkpt>
      <trkpt lat="43.156033" lon="-1.535807">
        <ele>281.359</ele>
        <time>2022-07-12T11:26:03Z</time>
      </trkpt>
      <trkpt lat="43.155983" lon="-1.535827">
        <ele>279.797</ele>
        <time>2022-07-12T11:26:07Z</time>
      </trkpt>
      <trkpt lat="43.155931" lon="-1.535840">
        <ele>277.673</ele>
        <time>2022-07-12T11:26:12Z</time>
      </trkpt>
      <trkpt lat="43.155874" lon="-1.535863">
        <ele>276.833</ele>
        <time>2022-07-12T11:26:16Z</time>
      </trkpt>
      <trkpt lat="43.155822" lon="-1.535886">
        <ele>276.423</ele>
        <time>2022-07-12T11:26:21Z</time>
      </trkpt>
      <trkpt lat="43.155775" lon="-1.535913">
        <ele>276.215</ele>
        <time>2022-07-12T11:26:25Z</time>
      </trkpt>
      <trkpt lat="43.155728" lon="-1.535920">
        <ele>276.109</ele>
        <time>2022-07-12T11:26:30Z</time>
      </trkpt>
      <trkpt lat="43.155678" lon="-1.535938">
        <ele>275.874</ele>
        <time>2022-07-12T11:26:34Z</time>
      </trkpt>
      <trkpt lat="43.155636" lon="-1.535971">
        <ele>274.153</ele>
        <time>2022-07-12T11:26:38Z</time>
      </trkpt>
      <trkpt lat="43.155584" lon="-1.535994">
        <ele>273.390</ele>
        <time>2022-07-12T11:26:42Z</time>
      </trkpt>
      <trkpt lat="43.155532" lon="-1.536017">
        <ele>272.780</ele>
        <time>2022-07-12T11:26:46Z</time>
      </trkpt>
      <trkpt lat="43.155482" lon="-1.536035">
        <ele>271.917</ele>
        <time>2022-07-12T11:26:50Z</time>
      </trkpt>
      <trkpt lat="43.155434" lon="-1.536035">
        <ele>271.298</ele>
        <time>2022-07-12T11:26:55Z</time>
      </trkpt>
      <trkpt lat="43.155382" lon="-1.536025">
        <ele>269.718</ele>
        <time>2022-07-12T11:27:02Z</time>
      </trkpt>
      <trkpt lat="43.155329" lon="-1.536007">
        <ele>268.346</ele>
        <time>2022-07-12T11:27:06Z</time>
      </trkpt>
      <trkpt lat="43.155279" lon="-1.536002">
        <ele>266.062</ele>
        <time>2022-07-12T11:27:10Z</time>
      </trkpt>
      <trkpt lat="43.155236" lon="-1.535980">
        <ele>264.765</ele>
        <time>2022-07-12T11:27:14Z</time>
      </trkpt>
      <trkpt lat="43.155193" lon="-1.535958">
        <ele>263.768</ele>
        <time>2022-07-12T11:27:17Z</time>
      </trkpt>
      <trkpt lat="43.155135" lon="-1.535945">
        <ele>263.314</ele>
        <time>2022-07-12T11:27:20Z</time>
      </trkpt>
      <trkpt lat="43.155090" lon="-1.535920">
        <ele>262.709</ele>
        <time>2022-07-12T11:27:23Z</time>
      </trkpt>
      <trkpt lat="43.155048" lon="-1.535877">
        <ele>262.187</ele>
        <time>2022-07-12T11:27:27Z</time>
      </trkpt>
      <trkpt lat="43.155006" lon="-1.535834">
        <ele>261.566</ele>
        <time>2022-07-12T11:27:31Z</time>
      </trkpt>
      <trkpt lat="43.154966" lon="-1.535799">
        <ele>260.173</ele>
        <time>2022-07-12T11:27:35Z</time>
      </trkpt>
      <trkpt lat="43.154918" lon="-1.535764">
        <ele>259.433</ele>
        <time>2022-07-12T11:27:38Z</time>
      </trkpt>
      <trkpt lat="43.154876" lon="-1.535737">
        <ele>258.830</ele>
        <time>2022-07-12T11:27:42Z</time>
      </trkpt>
      <trkpt lat="43.154834" lon="-1.535710">
        <ele>257.441</ele>
        <time>2022-07-12T11:27:47Z</time>
      </trkpt>
      <trkpt lat="43.154794" lon="-1.535672">
        <ele>255.791</ele>
        <time>2022-07-12T11:27:52Z</time>
      </trkpt>
      <trkpt lat="43.154756" lon="-1.535630">
        <ele>254.419</ele>
        <time>2022-07-12T11:27:56Z</time>
      </trkpt>
      <trkpt lat="43.154708" lon="-1.535583">
        <ele>254.285</ele>
        <time>2022-07-12T11:28:00Z</time>
      </trkpt>
      <trkpt lat="43.154661" lon="-1.535573">
        <ele>253.464</ele>
        <time>2022-07-12T11:28:03Z</time>
      </trkpt>
      <trkpt lat="43.154613" lon="-1.535566">
        <ele>252.606</ele>
        <time>2022-07-12T11:28:06Z</time>
      </trkpt>
      <trkpt lat="43.154560" lon="-1.535563">
        <ele>250.016</ele>
        <time>2022-07-12T11:28:10Z</time>
      </trkpt>
      <trkpt lat="43.154505" lon="-1.535558">
        <ele>246.309</ele>
        <time>2022-07-12T11:28:14Z</time>
      </trkpt>
      <trkpt lat="43.154453" lon="-1.535585">
        <ele>244.227</ele>
        <time>2022-07-12T11:28:18Z</time>
      </trkpt>
      <trkpt lat="43.154401" lon="-1.535600">
        <ele>243.846</ele>
        <time>2022-07-12T11:28:22Z</time>
      </trkpt>
      <trkpt lat="43.154346" lon="-1.535618">
        <ele>243.643</ele>
        <time>2022-07-12T11:28:25Z</time>
      </trkpt>
      <trkpt lat="43.154304" lon="-1.535643">
        <ele>242.533</ele>
        <time>2022-07-12T11:28:28Z</time>
      </trkpt>
      <trkpt lat="43.154257" lon="-1.535661">
        <ele>241.360</ele>
        <time>2022-07-12T11:28:31Z</time>
      </trkpt>
      <trkpt lat="43.154204" lon="-1.535658">
        <ele>240.471</ele>
        <time>2022-07-12T11:28:34Z</time>
      </trkpt>
      <trkpt lat="43.154157" lon="-1.535663">
        <ele>237.581</ele>
        <time>2022-07-12T11:28:37Z</time>
      </trkpt>
      <trkpt lat="43.154102" lon="-1.535665">
        <ele>236.969</ele>
        <time>2022-07-12T11:28:40Z</time>
      </trkpt>
      <trkpt lat="43.154052" lon="-1.535685">
        <ele>237.125</ele>
        <time>2022-07-12T11:28:44Z</time>
      </trkpt>
      <trkpt lat="43.153994" lon="-1.535682">
        <ele>237.324</ele>
        <time>2022-07-12T11:28:48Z</time>
      </trkpt>
      <trkpt lat="43.153954" lon="-1.535710">
        <ele>237.704</ele>
        <time>2022-07-12T11:28:51Z</time>
      </trkpt>
      <trkpt lat="43.153914" lon="-1.535760">
        <ele>238.614</ele>
        <time>2022-07-12T11:28:55Z</time>
      </trkpt>
      <trkpt lat="43.153887" lon="-1.535812">
        <ele>239.209</ele>
        <time>2022-07-12T11:28:58Z</time>
      </trkpt>
      <trkpt lat="43.153910" lon="-1.535869">
        <ele>239.293</ele>
        <time>2022-07-12T11:29:01Z</time>
      </trkpt>
      <trkpt lat="43.153945" lon="-1.535909">
        <ele>239.222</ele>
        <time>2022-07-12T11:29:05Z</time>
      </trkpt>
      <trkpt lat="43.153975" lon="-1.535962">
        <ele>239.079</ele>
        <time>2022-07-12T11:29:09Z</time>
      </trkpt>
      <trkpt lat="43.154022" lon="-1.536012">
        <ele>238.659</ele>
        <time>2022-07-12T11:29:13Z</time>
      </trkpt>
      <trkpt lat="43.154059" lon="-1.536062">
        <ele>238.216</ele>
        <time>2022-07-12T11:29:17Z</time>
      </trkpt>
      <trkpt lat="43.154071" lon="-1.536124">
        <ele>236.937</ele>
        <time>2022-07-12T11:29:20Z</time>
      </trkpt>
      <trkpt lat="43.154064" lon="-1.536206">
        <ele>235.777</ele>
        <time>2022-07-12T11:29:23Z</time>
      </trkpt>
      <trkpt lat="43.154054" lon="-1.536276">
        <ele>235.485</ele>
        <time>2022-07-12T11:29:27Z</time>
      </trkpt>
      <trkpt lat="43.154046" lon="-1.536348">
        <ele>235.441</ele>
        <time>2022-07-12T11:29:33Z</time>
      </trkpt>
      <trkpt lat="43.154038" lon="-1.536416">
        <ele>235.359</ele>
        <time>2022-07-12T11:29:36Z</time>
      </trkpt>
      <trkpt lat="43.154021" lon="-1.536476">
        <ele>235.403</ele>
        <time>2022-07-12T11:29:39Z</time>
      </trkpt>
      <trkpt lat="43.153989" lon="-1.536534">
        <ele>235.323</ele>
        <time>2022-07-12T11:29:42Z</time>
      </trkpt>
      <trkpt lat="43.153971" lon="-1.536592">
        <ele>233.709</ele>
        <time>2022-07-12T11:29:46Z</time>
      </trkpt>
      <trkpt lat="43.153946" lon="-1.536649">
        <ele>231.336</ele>
        <time>2022-07-12T11:29:51Z</time>
      </trkpt>
      <trkpt lat="43.153916" lon="-1.536711">
        <ele>229.635</ele>
        <time>2022-07-12T11:29:55Z</time>
      </trkpt>
      <trkpt lat="43.153883" lon="-1.536761">
        <ele>227.482</ele>
        <time>2022-07-12T11:29:58Z</time>
      </trkpt>
      <trkpt lat="43.153848" lon="-1.536813">
        <ele>226.352</ele>
        <time>2022-07-12T11:30:03Z</time>
      </trkpt>
      <trkpt lat="43.153815" lon="-1.536863">
        <ele>226.699</ele>
        <time>2022-07-12T11:30:07Z</time>
      </trkpt>
      <trkpt lat="43.153785" lon="-1.536926">
        <ele>226.350</ele>
        <time>2022-07-12T11:30:11Z</time>
      </trkpt>
      <trkpt lat="43.153742" lon="-1.536964">
        <ele>228.020</ele>
        <time>2022-07-12T11:30:14Z</time>
      </trkpt>
      <trkpt lat="43.153700" lon="-1.536996">
        <ele>228.388</ele>
        <time>2022-07-12T11:30:17Z</time>
      </trkpt>
      <trkpt lat="43.153660" lon="-1.537036">
        <ele>228.414</ele>
        <time>2022-07-12T11:30:20Z</time>
      </trkpt>
      <trkpt lat="43.153615" lon="-1.537068">
        <ele>228.587</ele>
        <time>2022-07-12T11:30:24Z</time>
      </trkpt>
      <trkpt lat="43.153568" lon="-1.537096">
        <ele>228.342</ele>
        <time>2022-07-12T11:30:29Z</time>
      </trkpt>
      <trkpt lat="43.153523" lon="-1.537111">
        <ele>228.126</ele>
        <time>2022-07-12T11:30:34Z</time>
      </trkpt>
      <trkpt lat="43.153478" lon="-1.537108">
        <ele>228.009</ele>
        <time>2022-07-12T11:30:38Z</time>
      </trkpt>
      <trkpt lat="43.153418" lon="-1.537095">
        <ele>227.889</ele>
        <time>2022-07-12T11:30:42Z</time>
      </trkpt>
      <trkpt lat="43.153365" lon="-1.537087">
        <ele>227.768</ele>
        <time>2022-07-12T11:30:45Z</time>
      </trkpt>
      <trkpt lat="43.153308" lon="-1.537087">
        <ele>227.495</ele>
        <time>2022-07-12T11:30:48Z</time>
      </trkpt>
      <trkpt lat="43.153260" lon="-1.537090">
        <ele>226.655</ele>
        <time>2022-07-12T11:30:51Z</time>
      </trkpt>
      <trkpt lat="43.153210" lon="-1.537088">
        <ele>224.212</ele>
        <time>2022-07-12T11:30:54Z</time>
      </trkpt>
      <trkpt lat="43.153165" lon="-1.537093">
        <ele>223.383</ele>
        <time>2022-07-12T11:30:57Z</time>
      </trkpt>
      <trkpt lat="43.153108" lon="-1.537088">
        <ele>222.773</ele>
        <time>2022-07-12T11:31:01Z</time>
      </trkpt>
      <trkpt lat="43.153050" lon="-1.537085">
        <ele>222.361</ele>
        <time>2022-07-12T11:31:05Z</time>
      </trkpt>
      <trkpt lat="43.152997" lon="-1.537080">
        <ele>220.767</ele>
        <time>2022-07-12T11:31:10Z</time>
      </trkpt>
      <trkpt lat="43.152944" lon="-1.537090">
        <ele>219.438</ele>
        <time>2022-07-12T11:31:15Z</time>
      </trkpt>
      <trkpt lat="43.152899" lon="-1.537097">
        <ele>218.070</ele>
        <time>2022-07-12T11:31:18Z</time>
      </trkpt>
      <trkpt lat="43.152851" lon="-1.537112">
        <ele>216.617</ele>
        <time>2022-07-12T11:31:21Z</time>
      </trkpt>
      <trkpt lat="43.152796" lon="-1.537112">
        <ele>215.909</ele>
        <time>2022-07-12T11:31:24Z</time>
      </trkpt>
      <trkpt lat="43.152734" lon="-1.537127">
        <ele>215.794</ele>
        <time>2022-07-12T11:31:28Z</time>
      </trkpt>
      <trkpt lat="43.152682" lon="-1.537125">
        <ele>215.823</ele>
        <time>2022-07-12T11:31:32Z</time>
      </trkpt>
      <trkpt lat="43.152630" lon="-1.537140">
        <ele>216.050</ele>
        <time>2022-07-12T11:31:36Z</time>
      </trkpt>
      <trkpt lat="43.152575" lon="-1.537150">
        <ele>215.890</ele>
        <time>2022-07-12T11:31:42Z</time>
      </trkpt>
      <trkpt lat="43.152525" lon="-1.537163">
        <ele>215.887</ele>
        <time>2022-07-12T11:31:46Z</time>
      </trkpt>
      <trkpt lat="43.152475" lon="-1.537173">
        <ele>215.998</ele>
        <time>2022-07-12T11:31:49Z</time>
      </trkpt>
      <trkpt lat="43.152420" lon="-1.537195">
        <ele>216.118</ele>
        <time>2022-07-12T11:31:53Z</time>
      </trkpt>
      <trkpt lat="43.152365" lon="-1.537212">
        <ele>216.026</ele>
        <time>2022-07-12T11:31:57Z</time>
      </trkpt>
      <trkpt lat="43.152312" lon="-1.537220">
        <ele>217.252</ele>
        <time>2022-07-12T11:32:02Z</time>
      </trkpt>
      <trkpt lat="43.152265" lon="-1.537245">
        <ele>217.666</ele>
        <time>2022-07-12T11:32:06Z</time>
      </trkpt>
      <trkpt lat="43.152207" lon="-1.537265">
        <ele>217.829</ele>
        <time>2022-07-12T11:32:10Z</time>
      </trkpt>
      <trkpt lat="43.152162" lon="-1.537282">
        <ele>217.921</ele>
        <time>2022-07-12T11:32:13Z</time>
      </trkpt>
      <trkpt lat="43.152115" lon="-1.537310">
        <ele>217.809</ele>
        <time>2022-07-12T11:32:17Z</time>
      </trkpt>
      <trkpt lat="43.152065" lon="-1.537315">
        <ele>217.617</ele>
        <time>2022-07-12T11:32:21Z</time>
      </trkpt>
      <trkpt lat="43.152012" lon="-1.537322">
        <ele>216.836</ele>
        <time>2022-07-12T11:32:26Z</time>
      </trkpt>
      <trkpt lat="43.151964" lon="-1.537325">
        <ele>216.883</ele>
        <time>2022-07-12T11:32:29Z</time>
      </trkpt>
      <trkpt lat="43.151909" lon="-1.537333">
        <ele>216.833</ele>
        <time>2022-07-12T11:32:33Z</time>
      </trkpt>
      <trkpt lat="43.151857" lon="-1.537350">
        <ele>216.610</ele>
        <time>2022-07-12T11:32:37Z</time>
      </trkpt>
      <trkpt lat="43.151800" lon="-1.537355">
        <ele>216.651</ele>
        <time>2022-07-12T11:32:41Z</time>
      </trkpt>
      <trkpt lat="43.151752" lon="-1.537358">
        <ele>216.571</ele>
        <time>2022-07-12T11:32:46Z</time>
      </trkpt>
      <trkpt lat="43.151702" lon="-1.537365">
        <ele>215.489</ele>
        <time>2022-07-12T11:32:50Z</time>
      </trkpt>
      <trkpt lat="43.151645" lon="-1.537370">
        <ele>214.125</ele>
        <time>2022-07-12T11:32:54Z</time>
      </trkpt>
      <trkpt lat="43.151585" lon="-1.537370">
        <ele>212.395</ele>
        <time>2022-07-12T11:32:58Z</time>
      </trkpt>
      <trkpt lat="43.151540" lon="-1.537370">
        <ele>211.549</ele>
        <time>2022-07-12T11:33:01Z</time>
      </trkpt>
      <trkpt lat="43.151487" lon="-1.537378">
        <ele>211.423</ele>
        <time>2022-07-12T11:33:05Z</time>
      </trkpt>
      <trkpt lat="43.151437" lon="-1.537393">
        <ele>211.309</ele>
        <time>2022-07-12T11:33:09Z</time>
      </trkpt>
      <trkpt lat="43.151390" lon="-1.537396">
        <ele>211.230</ele>
        <time>2022-07-12T11:33:13Z</time>
      </trkpt>
      <trkpt lat="43.151338" lon="-1.537393">
        <ele>211.029</ele>
        <time>2022-07-12T11:33:18Z</time>
      </trkpt>
      <trkpt lat="43.151281" lon="-1.537393">
        <ele>209.836</ele>
        <time>2022-07-12T11:33:22Z</time>
      </trkpt>
      <trkpt lat="43.151236" lon="-1.537400">
        <ele>209.826</ele>
        <time>2022-07-12T11:33:25Z</time>
      </trkpt>
      <trkpt lat="43.151181" lon="-1.537417">
        <ele>209.823</ele>
        <time>2022-07-12T11:33:29Z</time>
      </trkpt>
      <trkpt lat="43.151131" lon="-1.537435">
        <ele>209.714</ele>
        <time>2022-07-12T11:33:34Z</time>
      </trkpt>
      <trkpt lat="43.151081" lon="-1.537430">
        <ele>209.884</ele>
        <time>2022-07-12T11:33:38Z</time>
      </trkpt>
      <trkpt lat="43.151021" lon="-1.537428">
        <ele>209.882</ele>
        <time>2022-07-12T11:33:42Z</time>
      </trkpt>
      <trkpt lat="43.150968" lon="-1.537420">
        <ele>209.738</ele>
        <time>2022-07-12T11:33:46Z</time>
      </trkpt>
      <trkpt lat="43.150916" lon="-1.537433">
        <ele>209.711</ele>
        <time>2022-07-12T11:33:50Z</time>
      </trkpt>
      <trkpt lat="43.150863" lon="-1.537448">
        <ele>209.721</ele>
        <time>2022-07-12T11:33:54Z</time>
      </trkpt>
      <trkpt lat="43.150810" lon="-1.537456">
        <ele>210.803</ele>
        <time>2022-07-12T11:33:59Z</time>
      </trkpt>
      <trkpt lat="43.150760" lon="-1.537459">
        <ele>210.809</ele>
        <time>2022-07-12T11:34:03Z</time>
      </trkpt>
      <trkpt lat="43.150705" lon="-1.537466">
        <ele>210.742</ele>
        <time>2022-07-12T11:34:07Z</time>
      </trkpt>
      <trkpt lat="43.150657" lon="-1.537468">
        <ele>209.361</ele>
        <time>2022-07-12T11:34:11Z</time>
      </trkpt>
      <trkpt lat="43.150607" lon="-1.537458">
        <ele>208.238</ele>
        <time>2022-07-12T11:34:15Z</time>
      </trkpt>
      <trkpt lat="43.150549" lon="-1.537478">
        <ele>205.548</ele>
        <time>2022-07-12T11:34:19Z</time>
      </trkpt>
      <trkpt lat="43.150499" lon="-1.537498">
        <ele>202.495</ele>
        <time>2022-07-12T11:34:22Z</time>
      </trkpt>
      <trkpt lat="43.150459" lon="-1.537531">
        <ele>201.546</ele>
        <time>2022-07-12T11:34:25Z</time>
      </trkpt>
      <trkpt lat="43.150414" lon="-1.537568">
        <ele>200.546</ele>
        <time>2022-07-12T11:34:29Z</time>
      </trkpt>
      <trkpt lat="43.150377" lon="-1.537625">
        <ele>200.294</ele>
        <time>2022-07-12T11:34:32Z</time>
      </trkpt>
      <trkpt lat="43.150359" lon="-1.537685">
        <ele>200.290</ele>
        <time>2022-07-12T11:34:36Z</time>
      </trkpt>
      <trkpt lat="43.150314" lon="-1.537730">
        <ele>200.399</ele>
        <time>2022-07-12T11:34:40Z</time>
      </trkpt>
      <trkpt lat="43.150256" lon="-1.537757">
        <ele>200.607</ele>
        <time>2022-07-12T11:34:44Z</time>
      </trkpt>
      <trkpt lat="43.150198" lon="-1.537774">
        <ele>200.927</ele>
        <time>2022-07-12T11:34:47Z</time>
      </trkpt>
      <trkpt lat="43.150151" lon="-1.537784">
        <ele>201.209</ele>
        <time>2022-07-12T11:34:51Z</time>
      </trkpt>
      <trkpt lat="43.150098" lon="-1.537806">
        <ele>201.360</ele>
        <time>2022-07-12T11:34:56Z</time>
      </trkpt>
      <trkpt lat="43.150046" lon="-1.537818">
        <ele>201.369</ele>
        <time>2022-07-12T11:34:59Z</time>
      </trkpt>
      <trkpt lat="43.149998" lon="-1.537843">
        <ele>201.226</ele>
        <time>2022-07-12T11:35:03Z</time>
      </trkpt>
      <trkpt lat="43.149945" lon="-1.537860">
        <ele>200.176</ele>
        <time>2022-07-12T11:35:08Z</time>
      </trkpt>
      <trkpt lat="43.149895" lon="-1.537860">
        <ele>199.323</ele>
        <time>2022-07-12T11:35:13Z</time>
      </trkpt>
      <trkpt lat="43.149833" lon="-1.537868">
        <ele>199.134</ele>
        <time>2022-07-12T11:35:17Z</time>
      </trkpt>
      <trkpt lat="43.149791" lon="-1.537895">
        <ele>198.884</ele>
        <time>2022-07-12T11:35:20Z</time>
      </trkpt>
      <trkpt lat="43.149743" lon="-1.537922">
        <ele>198.732</ele>
        <time>2022-07-12T11:35:23Z</time>
      </trkpt>
      <trkpt lat="43.149691" lon="-1.537932">
        <ele>198.868</ele>
        <time>2022-07-12T11:35:26Z</time>
      </trkpt>
      <trkpt lat="43.149648" lon="-1.537954">
        <ele>198.655</ele>
        <time>2022-07-12T11:35:29Z</time>
      </trkpt>
      <trkpt lat="43.149600" lon="-1.537952">
        <ele>198.407</ele>
        <time>2022-07-12T11:35:34Z</time>
      </trkpt>
      <trkpt lat="43.149553" lon="-1.537944">
        <ele>198.417</ele>
        <time>2022-07-12T11:35:37Z</time>
      </trkpt>
      <trkpt lat="43.149503" lon="-1.537951">
        <ele>198.709</ele>
        <time>2022-07-12T11:35:40Z</time>
      </trkpt>
      <trkpt lat="43.149458" lon="-1.537966">
        <ele>199.336</ele>
        <time>2022-07-12T11:35:43Z</time>
      </trkpt>
      <trkpt lat="43.149406" lon="-1.537973">
        <ele>200.755</ele>
        <time>2022-07-12T11:35:48Z</time>
      </trkpt>
      <trkpt lat="43.149346" lon="-1.537983">
        <ele>201.112</ele>
        <time>2022-07-12T11:35:52Z</time>
      </trkpt>
      <trkpt lat="43.149299" lon="-1.537993">
        <ele>201.712</ele>
        <time>2022-07-12T11:35:56Z</time>
      </trkpt>
      <trkpt lat="43.149239" lon="-1.538010">
        <ele>203.469</ele>
        <time>2022-07-12T11:36:01Z</time>
      </trkpt>
      <trkpt lat="43.149189" lon="-1.538038">
        <ele>203.680</ele>
        <time>2022-07-12T11:36:05Z</time>
      </trkpt>
      <trkpt lat="43.149157" lon="-1.538085">
        <ele>204.080</ele>
        <time>2022-07-12T11:36:09Z</time>
      </trkpt>
      <trkpt lat="43.149114" lon="-1.538102">
        <ele>205.348</ele>
        <time>2022-07-12T11:36:13Z</time>
      </trkpt>
      <trkpt lat="43.149054" lon="-1.538099">
        <ele>205.694</ele>
        <time>2022-07-12T11:36:20Z</time>
      </trkpt>
      <trkpt lat="43.148999" lon="-1.538086">
        <ele>205.739</ele>
        <time>2022-07-12T11:36:24Z</time>
      </trkpt>
      <trkpt lat="43.148941" lon="-1.538063">
        <ele>205.801</ele>
        <time>2022-07-12T11:36:28Z</time>
      </trkpt>
      <trkpt lat="43.148891" lon="-1.538055">
        <ele>205.921</ele>
        <time>2022-07-12T11:36:31Z</time>
      </trkpt>
      <trkpt lat="43.148846" lon="-1.538075">
        <ele>205.909</ele>
        <time>2022-07-12T11:36:34Z</time>
      </trkpt>
      <trkpt lat="43.148799" lon="-1.538078">
        <ele>207.224</ele>
        <time>2022-07-12T11:36:37Z</time>
      </trkpt>
      <trkpt lat="43.148741" lon="-1.538066">
        <ele>208.073</ele>
        <time>2022-07-12T11:36:43Z</time>
      </trkpt>
      <trkpt lat="43.148696" lon="-1.538046">
        <ele>208.010</ele>
        <time>2022-07-12T11:36:46Z</time>
      </trkpt>
      <trkpt lat="43.148638" lon="-1.538048">
        <ele>208.380</ele>
        <time>2022-07-12T11:36:50Z</time>
      </trkpt>
      <trkpt lat="43.148591" lon="-1.538078">
        <ele>208.087</ele>
        <time>2022-07-12T11:36:54Z</time>
      </trkpt>
      <trkpt lat="43.148536" lon="-1.538096">
        <ele>207.688</ele>
        <time>2022-07-12T11:36:59Z</time>
      </trkpt>
      <trkpt lat="43.148489" lon="-1.538104">
        <ele>207.568</ele>
        <time>2022-07-12T11:37:02Z</time>
      </trkpt>
      <trkpt lat="43.148444" lon="-1.538112">
        <ele>207.596</ele>
        <time>2022-07-12T11:37:05Z</time>
      </trkpt>
      <trkpt lat="43.148392" lon="-1.538099">
        <ele>207.562</ele>
        <time>2022-07-12T11:37:10Z</time>
      </trkpt>
      <trkpt lat="43.148335" lon="-1.538097">
        <ele>207.565</ele>
        <time>2022-07-12T11:37:14Z</time>
      </trkpt>
      <trkpt lat="43.148288" lon="-1.538089">
        <ele>207.668</ele>
        <time>2022-07-12T11:37:17Z</time>
      </trkpt>
      <trkpt lat="43.148238" lon="-1.538074">
        <ele>208.514</ele>
        <time>2022-07-12T11:37:21Z</time>
      </trkpt>
      <trkpt lat="43.148193" lon="-1.538084">
        <ele>209.309</ele>
        <time>2022-07-12T11:37:24Z</time>
      </trkpt>
      <trkpt lat="43.148143" lon="-1.538087">
        <ele>209.727</ele>
        <time>2022-07-12T11:37:27Z</time>
      </trkpt>
      <trkpt lat="43.148093" lon="-1.538117">
        <ele>209.846</ele>
        <time>2022-07-12T11:37:32Z</time>
      </trkpt>
      <trkpt lat="43.148056" lon="-1.538159">
        <ele>210.173</ele>
        <time>2022-07-12T11:37:35Z</time>
      </trkpt>
      <trkpt lat="43.148013" lon="-1.538187">
        <ele>210.443</ele>
        <time>2022-07-12T11:37:39Z</time>
      </trkpt>
      <trkpt lat="43.147971" lon="-1.538217">
        <ele>210.390</ele>
        <time>2022-07-12T11:37:44Z</time>
      </trkpt>
      <trkpt lat="43.147921" lon="-1.538257">
        <ele>209.851</ele>
        <time>2022-07-12T11:37:48Z</time>
      </trkpt>
      <trkpt lat="43.147881" lon="-1.538287">
        <ele>209.821</ele>
        <time>2022-07-12T11:37:51Z</time>
      </trkpt>
      <trkpt lat="43.147843" lon="-1.538320">
        <ele>209.719</ele>
        <time>2022-07-12T11:37:55Z</time>
      </trkpt>
      <trkpt lat="43.147788" lon="-1.538350">
        <ele>209.725</ele>
        <time>2022-07-12T11:38:00Z</time>
      </trkpt>
      <trkpt lat="43.147738" lon="-1.538380">
        <ele>209.899</ele>
        <time>2022-07-12T11:38:04Z</time>
      </trkpt>
      <trkpt lat="43.147698" lon="-1.538430">
        <ele>210.907</ele>
        <time>2022-07-12T11:38:09Z</time>
      </trkpt>
      <trkpt lat="43.147666" lon="-1.538488">
        <ele>212.027</ele>
        <time>2022-07-12T11:38:13Z</time>
      </trkpt>
      <trkpt lat="43.147629" lon="-1.538536">
        <ele>213.009</ele>
        <time>2022-07-12T11:38:18Z</time>
      </trkpt>
      <trkpt lat="43.147574" lon="-1.538563">
        <ele>214.480</ele>
        <time>2022-07-12T11:38:22Z</time>
      </trkpt>
      <trkpt lat="43.147529" lon="-1.538583">
        <ele>214.589</ele>
        <time>2022-07-12T11:38:25Z</time>
      </trkpt>
      <trkpt lat="43.147477" lon="-1.538580">
        <ele>214.656</ele>
        <time>2022-07-12T11:38:30Z</time>
      </trkpt>
      <trkpt lat="43.147424" lon="-1.538583">
        <ele>214.776</ele>
        <time>2022-07-12T11:38:33Z</time>
      </trkpt>
      <trkpt lat="43.147372" lon="-1.538596">
        <ele>214.883</ele>
        <time>2022-07-12T11:38:36Z</time>
      </trkpt>
      <trkpt lat="43.147327" lon="-1.538598">
        <ele>214.684</ele>
        <time>2022-07-12T11:38:41Z</time>
      </trkpt>
      <trkpt lat="43.147280" lon="-1.538600">
        <ele>214.844</ele>
        <time>2022-07-12T11:38:44Z</time>
      </trkpt>
      <trkpt lat="43.147228" lon="-1.538632">
        <ele>215.322</ele>
        <time>2022-07-12T11:38:48Z</time>
      </trkpt>
      <trkpt lat="43.147176" lon="-1.538642">
        <ele>215.348</ele>
        <time>2022-07-12T11:38:53Z</time>
      </trkpt>
      <trkpt lat="43.147129" lon="-1.538655">
        <ele>215.564</ele>
        <time>2022-07-12T11:38:57Z</time>
      </trkpt>
      <trkpt lat="43.147084" lon="-1.538682">
        <ele>215.706</ele>
        <time>2022-07-12T11:39:02Z</time>
      </trkpt>
      <trkpt lat="43.147041" lon="-1.538710">
        <ele>217.516</ele>
        <time>2022-07-12T11:39:06Z</time>
      </trkpt>
      <trkpt lat="43.146996" lon="-1.538745">
        <ele>218.909</ele>
        <time>2022-07-12T11:39:10Z</time>
      </trkpt>
      <trkpt lat="43.146948" lon="-1.538768">
        <ele>220.517</ele>
        <time>2022-07-12T11:39:15Z</time>
      </trkpt>
      <trkpt lat="43.146903" lon="-1.538798">
        <ele>222.416</ele>
        <time>2022-07-12T11:39:18Z</time>
      </trkpt>
      <trkpt lat="43.146860" lon="-1.538833">
        <ele>224.353</ele>
        <time>2022-07-12T11:39:23Z</time>
      </trkpt>
      <trkpt lat="43.146805" lon="-1.538863">
        <ele>227.133</ele>
        <time>2022-07-12T11:39:27Z</time>
      </trkpt>
      <trkpt lat="43.146763" lon="-1.538886">
        <ele>227.780</ele>
        <time>2022-07-12T11:39:31Z</time>
      </trkpt>
      <trkpt lat="43.146705" lon="-1.538901">
        <ele>228.951</ele>
        <time>2022-07-12T11:39:35Z</time>
      </trkpt>
      <trkpt lat="43.146660" lon="-1.538933">
        <ele>229.591</ele>
        <time>2022-07-12T11:39:39Z</time>
      </trkpt>
      <trkpt lat="43.146613" lon="-1.538963">
        <ele>230.839</ele>
        <time>2022-07-12T11:39:43Z</time>
      </trkpt>
      <trkpt lat="43.146568" lon="-1.538985">
        <ele>232.125</ele>
        <time>2022-07-12T11:39:46Z</time>
      </trkpt>
      <trkpt lat="43.146528" lon="-1.539052">
        <ele>232.979</ele>
        <time>2022-07-12T11:39:50Z</time>
      </trkpt>
      <trkpt lat="43.146486" lon="-1.539087">
        <ele>232.905</ele>
        <time>2022-07-12T11:39:54Z</time>
      </trkpt>
      <trkpt lat="43.146436" lon="-1.539117">
        <ele>233.025</ele>
        <time>2022-07-12T11:39:58Z</time>
      </trkpt>
      <trkpt lat="43.146396" lon="-1.539152">
        <ele>232.409</ele>
        <time>2022-07-12T11:40:03Z</time>
      </trkpt>
      <trkpt lat="43.146349" lon="-1.539157">
        <ele>232.278</ele>
        <time>2022-07-12T11:40:07Z</time>
      </trkpt>
      <trkpt lat="43.146312" lon="-1.539204">
        <ele>232.027</ele>
        <time>2022-07-12T11:40:11Z</time>
      </trkpt>
      <trkpt lat="43.146285" lon="-1.539261">
        <ele>232.064</ele>
        <time>2022-07-12T11:40:15Z</time>
      </trkpt>
      <trkpt lat="43.146250" lon="-1.539321">
        <ele>232.134</ele>
        <time>2022-07-12T11:40:19Z</time>
      </trkpt>
      <trkpt lat="43.146225" lon="-1.539381">
        <ele>232.841</ele>
        <time>2022-07-12T11:40:22Z</time>
      </trkpt>
      <trkpt lat="43.146213" lon="-1.539443">
        <ele>233.292</ele>
        <time>2022-07-12T11:40:25Z</time>
      </trkpt>
      <trkpt lat="43.146201" lon="-1.539506">
        <ele>233.512</ele>
        <time>2022-07-12T11:40:30Z</time>
      </trkpt>
      <trkpt lat="43.146171" lon="-1.539556">
        <ele>233.470</ele>
        <time>2022-07-12T11:40:43Z</time>
      </trkpt>
      <trkpt lat="43.146121" lon="-1.539563">
        <ele>233.476</ele>
        <time>2022-07-12T11:40:46Z</time>
      </trkpt>
      <trkpt lat="43.146064" lon="-1.539578">
        <ele>233.384</ele>
        <time>2022-07-12T11:40:49Z</time>
      </trkpt>
      <trkpt lat="43.146032" lon="-1.539635">
        <ele>233.107</ele>
        <time>2022-07-12T11:40:53Z</time>
      </trkpt>
      <trkpt lat="43.146009" lon="-1.539690">
        <ele>232.817</ele>
        <time>2022-07-12T11:40:58Z</time>
      </trkpt>
      <trkpt lat="43.145997" lon="-1.539615">
        <ele>232.109</ele>
        <time>2022-07-12T11:41:09Z</time>
      </trkpt>
      <trkpt lat="43.146000" lon="-1.539685">
        <ele>231.859</ele>
        <time>2022-07-12T11:41:13Z</time>
      </trkpt>
      <trkpt lat="43.145957" lon="-1.539705">
        <ele>233.998</ele>
        <time>2022-07-12T11:41:17Z</time>
      </trkpt>
      <trkpt lat="43.145907" lon="-1.539708">
        <ele>250.635</ele>
        <time>2022-07-12T11:41:26Z</time>
      </trkpt>
      <trkpt lat="43.145854" lon="-1.539698">
        <ele>261.435</ele>
        <time>2022-07-12T11:41:30Z</time>
      </trkpt>
      <trkpt lat="43.145809" lon="-1.539695">
        <ele>260.052</ele>
        <time>2022-07-12T11:41:33Z</time>
      </trkpt>
      <trkpt lat="43.145754" lon="-1.539687">
        <ele>258.443</ele>
        <time>2022-07-12T11:41:36Z</time>
      </trkpt>
      <trkpt lat="43.145711" lon="-1.539710">
        <ele>256.013</ele>
        <time>2022-07-12T11:41:41Z</time>
      </trkpt>
      <trkpt lat="43.145654" lon="-1.539693">
        <ele>252.691</ele>
        <time>2022-07-12T11:41:50Z</time>
      </trkpt>
      <trkpt lat="43.145601" lon="-1.539700">
        <ele>248.087</ele>
        <time>2022-07-12T11:41:55Z</time>
      </trkpt>
    </trkseg>
  </trk></gpx>