<?xml version="1.0" encoding="UTF-8"?>
<gpx creator="Wikiloc - https://www.wikiloc.com" version="1.1" xmlns="http://www.topografix.com/GPX/1/1" xmlns:xsi="http://www.w3.org/2001/XMLSchema-instance" xsi:schemaLocation="http://www.topografix.com/GPX/1/1 http://www.topografix.com/GPX/1/1/gpx.xsd">
  <metadata>
    <name>Wikiloc - PICO GILBO dese RIAÑO ruta CLÁSICA al Cervino Leonés</name>
    <author>
      <name>RUTAS por el MONTE BLOG</name>
      <link href="https://www.wikiloc.com/wikiloc/user.do?id=4600824">
        <text>RUTAS por el MONTE BLOG on Wikiloc</text>
      </link>
    </author>
    <link href="https://www.wikiloc.com/hiking-trails/pico-gilbo-dese-riano-ruta-clasica-al-cervino-leones-111845479">
      <text>PICO GILBO dese RIAÑO ruta CLÁSICA al Cervino Leonés on Wikiloc</text>
    </link>
    <time>2022-08-26T12:34:11Z</time>
  </metadata>
  <wpt lat="42.967827" lon="-5.018827">
    <ele>1109.4</ele>
    <time>2022-08-26T09:39:12Z</time>
    <name>Parking</name>
    <cmt></cmt>
    <desc></desc>
  </wpt>
  <wpt lat="42.968312" lon="-5.018955">
    <ele>1113.0</ele>
    <time>2022-08-26T09:40:15Z</time>
    <name>Inicio pista</name>
    <cmt></cmt>
    <desc></desc>
  </wpt>
  <wpt lat="42.964785" lon="-5.026878">
    <ele>1108.2</ele>
    <time>2022-08-26T09:53:37Z</time>
    <name>Seguir Recto a la ida</name>
    <cmt></cmt>
    <desc></desc>
  </wpt>
  <wpt lat="42.968638" lon="-5.025138">
    <ele>1118.7</ele>
    <time>2022-08-26T09:59:00Z</time>
    <name>Seguimos bordeando el pantano</name>
    <cmt></cmt>
    <desc></desc>
  </wpt>
  <wpt lat="42.969633" lon="-5.029037">
    <ele>1117.7</ele>
    <time>2022-08-26T10:03:53Z</time>
    <name>Izquierda hacia Cueva de la Vieja del Monte</name>
    <cmt></cmt>
    <desc></desc>
  </wpt>
  <wpt lat="42.966703" lon="-5.032308">
    <ele>1157.8</ele>
    <time>2022-08-26T10:09:55Z</time>
    <name>Izquierda Cueva de la Vieja del Monte, luego volver y seguir hacia Mirador</name>
    <cmt></cmt>
    <desc></desc>
  </wpt>
  <wpt lat="42.965560" lon="-5.034688">
    <ele>1177.4</ele>
    <time>2022-08-26T10:19:03Z</time>
    <name>Mirador de las Biescas</name>
    <cmt></cmt>
    <desc></desc>
  </wpt>
  <wpt lat="42.964537" lon="-5.035542">
    <ele>1183.1</ele>
    <time>2022-08-26T10:22:52Z</time>
    <name>Izquierda seguir marcas, comienza ascenso exigente</name>
    <cmt></cmt>
    <desc></desc>
  </wpt>
  <wpt lat="42.961072" lon="-5.036177">
    <ele>1327.9</ele>
    <time>2022-08-26T10:35:56Z</time>
    <name>Collado, girar derecha</name>
    <cmt></cmt>
    <desc></desc>
  </wpt>
  <wpt lat="42.960900" lon="-5.036815">
    <ele>1342.5</ele>
    <time>2022-08-26T10:38:11Z</time>
    <name>Derecha</name>
    <cmt></cmt>
    <desc></desc>
  </wpt>
  <wpt lat="42.959853" lon="-5.039785">
    <ele>1384.3</ele>
    <time>2022-08-26T10:44:29Z</time>
    <name>Collado La Pedrera</name>
    <cmt></cmt>
    <desc></desc>
  </wpt>
  <wpt lat="42.959633" lon="-5.041495">
    <ele>1426.6</ele>
    <time>2022-08-26T10:48:38Z</time>
    <name>Zigzag</name>
    <cmt></cmt>
    <desc></desc>
  </wpt>
  <wpt lat="42.959817" lon="-5.042045">
    <ele>1447.1</ele>
    <time>2022-08-26T10:51:33Z</time>
    <name>Vistas</name>
    <cmt></cmt>
    <desc></desc>
  </wpt>
  <wpt lat="42.959287" lon="-5.044578">
    <ele>1531.7</ele>
    <time>2022-08-26T11:08:09Z</time>
    <name>Subida exigente</name>
    <cmt></cmt>
    <desc></desc>
  </wpt>
  <wpt lat="42.958715" lon="-5.046272">
    <ele>1611.1</ele>
    <time>2022-08-26T11:21:07Z</time>
    <name>Rampa final</name>
    <cmt></cmt>
    <desc></desc>
  </wpt>
  <wpt lat="42.958013" lon="-5.046090">
    <ele>1664.1</ele>
    <time>2022-08-26T11:28:11Z</time>
    <name>Pico Gilbo</name>
    <cmt></cmt>
    <desc></desc>
  </wpt>
  <wpt lat="42.959710" lon="-5.040627">
    <ele>1395.0</ele>
    <time>2022-08-26T11:59:20Z</time>
    <name>Sendero herboso a la bajada</name>
    <cmt></cmt>
    <desc></desc>
  </wpt>
  <wpt lat="42.958785" lon="-5.037797">
    <ele>1331.1</ele>
    <time>2022-08-26T12:04:18Z</time>
    <name>Dos opciones válidas, seguir sendero estrecho o bajar por la izquierda</name>
    <cmt></cmt>
    <desc></desc>
  </wpt>
  <wpt lat="42.957952" lon="-5.037027">
    <ele>1320.6</ele>
    <time>2022-08-26T12:06:07Z</time>
    <name>Izquierda y luego derecha</name>
    <cmt></cmt>
    <desc></desc>
  </wpt>
  <trk>
    <name>PICO GILBO dese RIAÑO ruta CLÁSICA al Cervino Leonés</name>
    <cmt>Clásica ruta circular al Pico Gilbo de 1674 m de altura desde el parking que hay al otro lado del puente de Riaño. La haremos de manera circular, subiendo por el sendero de marcas PR (blancas y amarillas) pasando por la Cueva de la Vieja del Monte y el mirador de las Biescas. 
 
La ruta va rodeando el pantano en zona prácticamente llana hasta el mirador, y allí la pendiente aumenta de manera importante. Esta primera parte de subida es por sendero en el bosque. Tendremos un pequeño respiro de camino al collado de la Pedrera, donde la pendiente volverá a aumentar. A partir de aquí el terreno es mucho más rocoso, donde subiremos ayudándonos de las manos en un divertido tramo. 
 
Una vez alcanzada la cima, las vistas son espectaculares. Tras disfrutarlas, bajamos por el mismo camino hasta la zona del collado de la Pedrera, con cuidado, ya que la bajada entre las rocas lo requiere. Desde aquí, en vez de volver por donde subimos, bajamos de manera más directa siguiendo el sendero herboso descendente. Esto nos hará conectar de nuevo con la pista llana junto al pantano. Desde aquí iremos al coche por el mismo recorrido por el que empezamos la ruta. 
 
En definitiva, una ruta preciosa al Cervino Leonés, debido a su prominente y estilizada figura que se alza sobre el pantano de Riaño.</cmt>
    <desc>Clásica ruta circular al Pico Gilbo de 1674 m de altura desde el parking que hay al otro lado del puente de Riaño. La haremos de manera circular, subiendo por el sendero de marcas PR (blancas y amarillas) pasando por la Cueva de la Vieja del Monte y el mirador de las Biescas. 
 
La ruta va rodeando el pantano en zona prácticamente llana hasta el mirador, y allí la pendiente aumenta de manera importante. Esta primera parte de subida es por sendero en el bosque. Tendremos un pequeño respiro de camino al collado de la Pedrera, donde la pendiente volverá a aumentar. A partir de aquí el terreno es mucho más rocoso, donde subiremos ayudándonos de las manos en un divertido tramo. 
 
Una vez alcanzada la cima, las vistas son espectaculares. Tras disfrutarlas, bajamos por el mismo camino hasta la zona del collado de la Pedrera, con cuidado, ya que la bajada entre las rocas lo requiere. Desde aquí, en vez de volver por donde subimos, bajamos de manera más directa siguiendo el sendero herboso descendente. Esto nos hará conectar de nuevo con la pista llana junto al pantano. Desde aquí iremos al coche por el mismo recorrido por el que empezamos la ruta. 
 
En definitiva, una ruta preciosa al Cervino Leonés, debido a su prominente y estilizada figura que se alza sobre el pantano de Riaño.</desc>
    <trkseg>
      <trkpt lat="42.967873" lon="-5.018803">
        <ele>1108.715</ele>
        <time>2022-08-26T09:38:57Z</time>
      </trkpt>
      <trkpt lat="42.967826" lon="-5.018826">
        <ele>1109.465</ele>
        <time>2022-08-26T09:39:02Z</time>
      </trkpt>
      <trkpt lat="42.967876" lon="-5.018821">
        <ele>1109.111</ele>
        <time>2022-08-26T09:39:18Z</time>
      </trkpt>
      <trkpt lat="42.967904" lon="-5.018871">
        <ele>1110.109</ele>
        <time>2022-08-26T09:39:24Z</time>
      </trkpt>
      <trkpt lat="42.967956" lon="-5.018861">
        <ele>1109.792</ele>
        <time>2022-08-26T09:39:30Z</time>
      </trkpt>
      <trkpt lat="42.968013" lon="-5.018846">
        <ele>1109.172</ele>
        <time>2022-08-26T09:39:35Z</time>
      </trkpt>
      <trkpt lat="42.968065" lon="-5.018864">
        <ele>1109.462</ele>
        <time>2022-08-26T09:39:39Z</time>
      </trkpt>
      <trkpt lat="42.968112" lon="-5.018874">
        <ele>1109.589</ele>
        <time>2022-08-26T09:39:44Z</time>
      </trkpt>
      <trkpt lat="42.968165" lon="-5.018904">
        <ele>1110.515</ele>
        <time>2022-08-26T09:39:48Z</time>
      </trkpt>
      <trkpt lat="42.968218" lon="-5.018902">
        <ele>1110.566</ele>
        <time>2022-08-26T09:39:54Z</time>
      </trkpt>
      <trkpt lat="42.968270" lon="-5.018917">
        <ele>1111.265</ele>
        <time>2022-08-26T09:39:58Z</time>
      </trkpt>
      <trkpt lat="42.968312" lon="-5.018954">
        <ele>1113.068</ele>
        <time>2022-08-26T09:40:01Z</time>
      </trkpt>
      <trkpt lat="42.968377" lon="-5.018967">
        <ele>1112.540</ele>
        <time>2022-08-26T09:40:17Z</time>
      </trkpt>
      <trkpt lat="42.968425" lon="-5.018949">
        <ele>1110.259</ele>
        <time>2022-08-26T09:40:23Z</time>
      </trkpt>
      <trkpt lat="42.968478" lon="-5.018959">
        <ele>1109.303</ele>
        <time>2022-08-26T09:40:29Z</time>
      </trkpt>
      <trkpt lat="42.968525" lon="-5.018986">
        <ele>1109.523</ele>
        <time>2022-08-26T09:40:35Z</time>
      </trkpt>
      <trkpt lat="42.968575" lon="-5.018978">
        <ele>1107.709</ele>
        <time>2022-08-26T09:40:44Z</time>
      </trkpt>
      <trkpt lat="42.968625" lon="-5.019016">
        <ele>1108.766</ele>
        <time>2022-08-26T09:40:49Z</time>
      </trkpt>
      <trkpt lat="42.968663" lon="-5.019056">
        <ele>1110.086</ele>
        <time>2022-08-26T09:40:53Z</time>
      </trkpt>
      <trkpt lat="42.968708" lon="-5.019081">
        <ele>1110.126</ele>
        <time>2022-08-26T09:40:57Z</time>
      </trkpt>
      <trkpt lat="42.968758" lon="-5.019096">
        <ele>1109.493</ele>
        <time>2022-08-26T09:41:02Z</time>
      </trkpt>
      <trkpt lat="42.968793" lon="-5.019141">
        <ele>1111.349</ele>
        <time>2022-08-26T09:41:06Z</time>
      </trkpt>
      <trkpt lat="42.968833" lon="-5.019173">
        <ele>1112.160</ele>
        <time>2022-08-26T09:41:10Z</time>
      </trkpt>
      <trkpt lat="42.968881" lon="-5.019211">
        <ele>1112.339</ele>
        <time>2022-08-26T09:41:14Z</time>
      </trkpt>
      <trkpt lat="42.968916" lon="-5.019254">
        <ele>1112.712</ele>
        <time>2022-08-26T09:41:18Z</time>
      </trkpt>
      <trkpt lat="42.968951" lon="-5.019302">
        <ele>1113.044</ele>
        <time>2022-08-26T09:41:23Z</time>
      </trkpt>
      <trkpt lat="42.968969" lon="-5.019369">
        <ele>1114.736</ele>
        <time>2022-08-26T09:41:28Z</time>
      </trkpt>
      <trkpt lat="42.968967" lon="-5.019431">
        <ele>1117.417</ele>
        <time>2022-08-26T09:41:32Z</time>
      </trkpt>
      <trkpt lat="42.968994" lon="-5.019494">
        <ele>1117.418</ele>
        <time>2022-08-26T09:41:37Z</time>
      </trkpt>
      <trkpt lat="42.969021" lon="-5.019557">
        <ele>1117.109</ele>
        <time>2022-08-26T09:41:41Z</time>
      </trkpt>
      <trkpt lat="42.969033" lon="-5.019629">
        <ele>1118.074</ele>
        <time>2022-08-26T09:41:45Z</time>
      </trkpt>
      <trkpt lat="42.969040" lon="-5.019692">
        <ele>1119.034</ele>
        <time>2022-08-26T09:41:50Z</time>
      </trkpt>
      <trkpt lat="42.969070" lon="-5.019757">
        <ele>1118.014</ele>
        <time>2022-08-26T09:41:55Z</time>
      </trkpt>
      <trkpt lat="42.969093" lon="-5.019814">
        <ele>1117.221</ele>
        <time>2022-08-26T09:41:59Z</time>
      </trkpt>
      <trkpt lat="42.969123" lon="-5.019862">
        <ele>1115.837</ele>
        <time>2022-08-26T09:42:03Z</time>
      </trkpt>
      <trkpt lat="42.969135" lon="-5.019927">
        <ele>1115.998</ele>
        <time>2022-08-26T09:42:07Z</time>
      </trkpt>
      <trkpt lat="42.969137" lon="-5.019997">
        <ele>1116.887</ele>
        <time>2022-08-26T09:42:12Z</time>
      </trkpt>
      <trkpt lat="42.969159" lon="-5.020070">
        <ele>1115.240</ele>
        <time>2022-08-26T09:42:18Z</time>
      </trkpt>
      <trkpt lat="42.969196" lon="-5.020127">
        <ele>1113.012</ele>
        <time>2022-08-26T09:42:22Z</time>
      </trkpt>
      <trkpt lat="42.969206" lon="-5.020194">
        <ele>1112.215</ele>
        <time>2022-08-26T09:42:27Z</time>
      </trkpt>
      <trkpt lat="42.969218" lon="-5.020261">
        <ele>1111.565</ele>
        <time>2022-08-26T09:42:32Z</time>
      </trkpt>
      <trkpt lat="42.969226" lon="-5.020331">
        <ele>1111.011</ele>
        <time>2022-08-26T09:42:37Z</time>
      </trkpt>
      <trkpt lat="42.969221" lon="-5.020413">
        <ele>1111.209</ele>
        <time>2022-08-26T09:42:42Z</time>
      </trkpt>
      <trkpt lat="42.969228" lon="-5.020485">
        <ele>1110.712</ele>
        <time>2022-08-26T09:42:45Z</time>
      </trkpt>
      <trkpt lat="42.969223" lon="-5.020552">
        <ele>1111.092</ele>
        <time>2022-08-26T09:42:48Z</time>
      </trkpt>
      <trkpt lat="42.969223" lon="-5.020622">
        <ele>1110.882</ele>
        <time>2022-08-26T09:42:52Z</time>
      </trkpt>
      <trkpt lat="42.969233" lon="-5.020684">
        <ele>1110.139</ele>
        <time>2022-08-26T09:42:56Z</time>
      </trkpt>
      <trkpt lat="42.969235" lon="-5.020756">
        <ele>1109.835</ele>
        <time>2022-08-26T09:43:00Z</time>
      </trkpt>
      <trkpt lat="42.969220" lon="-5.020818">
        <ele>1110.456</ele>
        <time>2022-08-26T09:43:04Z</time>
      </trkpt>
      <trkpt lat="42.969225" lon="-5.020911">
        <ele>1109.375</ele>
        <time>2022-08-26T09:43:09Z</time>
      </trkpt>
      <trkpt lat="42.969207" lon="-5.020976">
        <ele>1109.528</ele>
        <time>2022-08-26T09:43:13Z</time>
      </trkpt>
      <trkpt lat="42.969182" lon="-5.021033">
        <ele>1110.110</ele>
        <time>2022-08-26T09:43:16Z</time>
      </trkpt>
      <trkpt lat="42.969155" lon="-5.021096">
        <ele>1110.855</ele>
        <time>2022-08-26T09:43:21Z</time>
      </trkpt>
      <trkpt lat="42.969138" lon="-5.021173">
        <ele>1110.807</ele>
        <time>2022-08-26T09:43:27Z</time>
      </trkpt>
      <trkpt lat="42.969125" lon="-5.021240">
        <ele>1110.517</ele>
        <time>2022-08-26T09:43:31Z</time>
      </trkpt>
      <trkpt lat="42.969103" lon="-5.021305">
        <ele>1110.909</ele>
        <time>2022-08-26T09:43:35Z</time>
      </trkpt>
      <trkpt lat="42.969081" lon="-5.021368">
        <ele>1111.276</ele>
        <time>2022-08-26T09:43:38Z</time>
      </trkpt>
      <trkpt lat="42.969068" lon="-5.021428">
        <ele>1111.416</ele>
        <time>2022-08-26T09:43:41Z</time>
      </trkpt>
      <trkpt lat="42.969031" lon="-5.021486">
        <ele>1113.136</ele>
        <time>2022-08-26T09:43:45Z</time>
      </trkpt>
      <trkpt lat="42.969024" lon="-5.021556">
        <ele>1113.063</ele>
        <time>2022-08-26T09:43:49Z</time>
      </trkpt>
      <trkpt lat="42.969024" lon="-5.021636">
        <ele>1112.499</ele>
        <time>2022-08-26T09:43:53Z</time>
      </trkpt>
      <trkpt lat="42.969021" lon="-5.021709">
        <ele>1112.120</ele>
        <time>2022-08-26T09:43:58Z</time>
      </trkpt>
      <trkpt lat="42.968998" lon="-5.021766">
        <ele>1113.029</ele>
        <time>2022-08-26T09:44:01Z</time>
      </trkpt>
      <trkpt lat="42.968971" lon="-5.021826">
        <ele>1113.882</ele>
        <time>2022-08-26T09:44:05Z</time>
      </trkpt>
      <trkpt lat="42.968953" lon="-5.021883">
        <ele>1114.174</ele>
        <time>2022-08-26T09:44:09Z</time>
      </trkpt>
      <trkpt lat="42.968925" lon="-5.021938">
        <ele>1114.682</ele>
        <time>2022-08-26T09:44:12Z</time>
      </trkpt>
      <trkpt lat="42.968898" lon="-5.021993">
        <ele>1114.543</ele>
        <time>2022-08-26T09:44:17Z</time>
      </trkpt>
      <trkpt lat="42.968870" lon="-5.022045">
        <ele>1113.917</ele>
        <time>2022-08-26T09:44:21Z</time>
      </trkpt>
      <trkpt lat="42.968825" lon="-5.022083">
        <ele>1113.909</ele>
        <time>2022-08-26T09:44:28Z</time>
      </trkpt>
      <trkpt lat="42.968787" lon="-5.022131">
        <ele>1113.439</ele>
        <time>2022-08-26T09:44:33Z</time>
      </trkpt>
      <trkpt lat="42.968742" lon="-5.022178">
        <ele>1112.969</ele>
        <time>2022-08-26T09:44:36Z</time>
      </trkpt>
      <trkpt lat="42.968699" lon="-5.022213">
        <ele>1112.749</ele>
        <time>2022-08-26T09:44:40Z</time>
      </trkpt>
      <trkpt lat="42.968654" lon="-5.022208">
        <ele>1113.776</ele>
        <time>2022-08-26T09:44:45Z</time>
      </trkpt>
      <trkpt lat="42.968611" lon="-5.022231">
        <ele>1113.632</ele>
        <time>2022-08-26T09:44:48Z</time>
      </trkpt>
      <trkpt lat="42.968551" lon="-5.022251">
        <ele>1114.113</ele>
        <time>2022-08-26T09:44:53Z</time>
      </trkpt>
      <trkpt lat="42.968501" lon="-5.022254">
        <ele>1115.122</ele>
        <time>2022-08-26T09:44:57Z</time>
      </trkpt>
      <trkpt lat="42.968451" lon="-5.022264">
        <ele>1115.885</ele>
        <time>2022-08-26T09:45:01Z</time>
      </trkpt>
      <trkpt lat="42.968423" lon="-5.022312">
        <ele>1114.667</ele>
        <time>2022-08-26T09:45:05Z</time>
      </trkpt>
      <trkpt lat="42.968385" lon="-5.022345">
        <ele>1114.387</ele>
        <time>2022-08-26T09:45:08Z</time>
      </trkpt>
      <trkpt lat="42.968348" lon="-5.022388">
        <ele>1113.742</ele>
        <time>2022-08-26T09:45:14Z</time>
      </trkpt>
      <trkpt lat="42.968290" lon="-5.022426">
        <ele>1113.526</ele>
        <time>2022-08-26T09:45:18Z</time>
      </trkpt>
      <trkpt lat="42.968245" lon="-5.022449">
        <ele>1113.509</ele>
        <time>2022-08-26T09:45:21Z</time>
      </trkpt>
      <trkpt lat="42.968200" lon="-5.022466">
        <ele>1113.749</ele>
        <time>2022-08-26T09:45:26Z</time>
      </trkpt>
      <trkpt lat="42.968155" lon="-5.022501">
        <ele>1113.249</ele>
        <time>2022-08-26T09:45:30Z</time>
      </trkpt>
      <trkpt lat="42.968098" lon="-5.022514">
        <ele>1113.759</ele>
        <time>2022-08-26T09:45:35Z</time>
      </trkpt>
      <trkpt lat="42.968055" lon="-5.022531">
        <ele>1113.866</ele>
        <time>2022-08-26T09:45:39Z</time>
      </trkpt>
      <trkpt lat="42.968005" lon="-5.022559">
        <ele>1113.512</ele>
        <time>2022-08-26T09:45:43Z</time>
      </trkpt>
      <trkpt lat="42.967948" lon="-5.022572">
        <ele>1114.013</ele>
        <time>2022-08-26T09:45:46Z</time>
      </trkpt>
      <trkpt lat="42.967901" lon="-5.022587">
        <ele>1114.232</ele>
        <time>2022-08-26T09:45:51Z</time>
      </trkpt>
      <trkpt lat="42.967848" lon="-5.022612">
        <ele>1114.095</ele>
        <time>2022-08-26T09:45:55Z</time>
      </trkpt>
      <trkpt lat="42.967801" lon="-5.022630">
        <ele>1114.027</ele>
        <time>2022-08-26T09:45:58Z</time>
      </trkpt>
      <trkpt lat="42.967746" lon="-5.022653">
        <ele>1113.887</ele>
        <time>2022-08-26T09:46:02Z</time>
      </trkpt>
      <trkpt lat="42.967703" lon="-5.022671">
        <ele>1113.742</ele>
        <time>2022-08-26T09:46:06Z</time>
      </trkpt>
      <trkpt lat="42.967648" lon="-5.022684">
        <ele>1113.926</ele>
        <time>2022-08-26T09:46:10Z</time>
      </trkpt>
      <trkpt lat="42.967596" lon="-5.022704">
        <ele>1113.809</ele>
        <time>2022-08-26T09:46:13Z</time>
      </trkpt>
      <trkpt lat="42.967546" lon="-5.022732">
        <ele>1113.349</ele>
        <time>2022-08-26T09:46:16Z</time>
      </trkpt>
      <trkpt lat="42.967498" lon="-5.022759">
        <ele>1112.899</ele>
        <time>2022-08-26T09:46:20Z</time>
      </trkpt>
      <trkpt lat="42.967445" lon="-5.022766">
        <ele>1113.539</ele>
        <time>2022-08-26T09:46:24Z</time>
      </trkpt>
      <trkpt lat="42.967402" lon="-5.022788">
        <ele>1113.466</ele>
        <time>2022-08-26T09:46:28Z</time>
      </trkpt>
      <trkpt lat="42.967357" lon="-5.022818">
        <ele>1113.182</ele>
        <time>2022-08-26T09:46:33Z</time>
      </trkpt>
      <trkpt lat="42.967310" lon="-5.022833">
        <ele>1113.393</ele>
        <time>2022-08-26T09:46:37Z</time>
      </trkpt>
      <trkpt lat="42.967255" lon="-5.022863">
        <ele>1113.192</ele>
        <time>2022-08-26T09:46:41Z</time>
      </trkpt>
      <trkpt lat="42.967210" lon="-5.022890">
        <ele>1112.775</ele>
        <time>2022-08-26T09:46:45Z</time>
      </trkpt>
      <trkpt lat="42.967158" lon="-5.022908">
        <ele>1112.647</ele>
        <time>2022-08-26T09:46:49Z</time>
      </trkpt>
      <trkpt lat="42.967101" lon="-5.022928">
        <ele>1112.631</ele>
        <time>2022-08-26T09:46:52Z</time>
      </trkpt>
      <trkpt lat="42.967054" lon="-5.022965">
        <ele>1111.861</ele>
        <time>2022-08-26T09:46:55Z</time>
      </trkpt>
      <trkpt lat="42.967002" lon="-5.022963">
        <ele>1112.607</ele>
        <time>2022-08-26T09:46:59Z</time>
      </trkpt>
      <trkpt lat="42.966952" lon="-5.022973">
        <ele>1112.909</ele>
        <time>2022-08-26T09:47:03Z</time>
      </trkpt>
      <trkpt lat="42.966905" lon="-5.022995">
        <ele>1112.194</ele>
        <time>2022-08-26T09:47:07Z</time>
      </trkpt>
      <trkpt lat="42.966850" lon="-5.022982">
        <ele>1112.494</ele>
        <time>2022-08-26T09:47:11Z</time>
      </trkpt>
      <trkpt lat="42.966800" lon="-5.022965">
        <ele>1113.184</ele>
        <time>2022-08-26T09:47:14Z</time>
      </trkpt>
      <trkpt lat="42.966755" lon="-5.022950">
        <ele>1113.771</ele>
        <time>2022-08-26T09:47:18Z</time>
      </trkpt>
      <trkpt lat="42.966710" lon="-5.022937">
        <ele>1114.447</ele>
        <time>2022-08-26T09:47:22Z</time>
      </trkpt>
      <trkpt lat="42.966658" lon="-5.022929">
        <ele>1114.978</ele>
        <time>2022-08-26T09:47:25Z</time>
      </trkpt>
      <trkpt lat="42.966601" lon="-5.022931">
        <ele>1115.247</ele>
        <time>2022-08-26T09:47:30Z</time>
      </trkpt>
      <trkpt lat="42.966549" lon="-5.022926">
        <ele>1115.750</ele>
        <time>2022-08-26T09:47:33Z</time>
      </trkpt>
      <trkpt lat="42.966504" lon="-5.022914">
        <ele>1116.572</ele>
        <time>2022-08-26T09:47:35Z</time>
      </trkpt>
      <trkpt lat="42.966444" lon="-5.022929">
        <ele>1116.345</ele>
        <time>2022-08-26T09:47:38Z</time>
      </trkpt>
      <trkpt lat="42.966396" lon="-5.022946">
        <ele>1116.147</ele>
        <time>2022-08-26T09:47:41Z</time>
      </trkpt>
      <trkpt lat="42.966359" lon="-5.022989">
        <ele>1116.311</ele>
        <time>2022-08-26T09:47:45Z</time>
      </trkpt>
      <trkpt lat="42.966346" lon="-5.023061">
        <ele>1115.209</ele>
        <time>2022-08-26T09:47:49Z</time>
      </trkpt>
      <trkpt lat="42.966349" lon="-5.023123">
        <ele>1115.165</ele>
        <time>2022-08-26T09:47:52Z</time>
      </trkpt>
      <trkpt lat="42.966356" lon="-5.023193">
        <ele>1114.835</ele>
        <time>2022-08-26T09:47:55Z</time>
      </trkpt>
      <trkpt lat="42.966383" lon="-5.023253">
        <ele>1113.335</ele>
        <time>2022-08-26T09:48:00Z</time>
      </trkpt>
      <trkpt lat="42.966396" lon="-5.023330">
        <ele>1112.662</ele>
        <time>2022-08-26T09:48:04Z</time>
      </trkpt>
      <trkpt lat="42.966398" lon="-5.023397">
        <ele>1112.388</ele>
        <time>2022-08-26T09:48:08Z</time>
      </trkpt>
      <trkpt lat="42.966406" lon="-5.023459">
        <ele>1111.629</ele>
        <time>2022-08-26T09:48:12Z</time>
      </trkpt>
      <trkpt lat="42.966408" lon="-5.023539">
        <ele>1111.258</ele>
        <time>2022-08-26T09:48:17Z</time>
      </trkpt>
      <trkpt lat="42.966393" lon="-5.023616">
        <ele>1111.731</ele>
        <time>2022-08-26T09:48:24Z</time>
      </trkpt>
      <trkpt lat="42.966356" lon="-5.023676">
        <ele>1111.753</ele>
        <time>2022-08-26T09:48:27Z</time>
      </trkpt>
      <trkpt lat="42.966323" lon="-5.023731">
        <ele>1111.685</ele>
        <time>2022-08-26T09:48:31Z</time>
      </trkpt>
      <trkpt lat="42.966290" lon="-5.023784">
        <ele>1111.689</ele>
        <time>2022-08-26T09:48:35Z</time>
      </trkpt>
      <trkpt lat="42.966260" lon="-5.023834">
        <ele>1111.517</ele>
        <time>2022-08-26T09:48:39Z</time>
      </trkpt>
      <trkpt lat="42.966222" lon="-5.023882">
        <ele>1111.809</ele>
        <time>2022-08-26T09:48:43Z</time>
      </trkpt>
      <trkpt lat="42.966187" lon="-5.023929">
        <ele>1112.029</ele>
        <time>2022-08-26T09:48:47Z</time>
      </trkpt>
      <trkpt lat="42.966154" lon="-5.023974">
        <ele>1112.469</ele>
        <time>2022-08-26T09:48:50Z</time>
      </trkpt>
      <trkpt lat="42.966131" lon="-5.024042">
        <ele>1111.869</ele>
        <time>2022-08-26T09:48:54Z</time>
      </trkpt>
      <trkpt lat="42.966116" lon="-5.024102">
        <ele>1111.286</ele>
        <time>2022-08-26T09:48:58Z</time>
      </trkpt>
      <trkpt lat="42.966111" lon="-5.024170">
        <ele>1110.042</ele>
        <time>2022-08-26T09:49:02Z</time>
      </trkpt>
      <trkpt lat="42.966098" lon="-5.024240">
        <ele>1109.693</ele>
        <time>2022-08-26T09:49:06Z</time>
      </trkpt>
      <trkpt lat="42.966086" lon="-5.024318">
        <ele>1109.032</ele>
        <time>2022-08-26T09:49:10Z</time>
      </trkpt>
      <trkpt lat="42.966096" lon="-5.024403">
        <ele>1107.325</ele>
        <time>2022-08-26T09:49:14Z</time>
      </trkpt>
      <trkpt lat="42.966069" lon="-5.024470">
        <ele>1107.127</ele>
        <time>2022-08-26T09:49:18Z</time>
      </trkpt>
      <trkpt lat="42.966029" lon="-5.024517">
        <ele>1107.551</ele>
        <time>2022-08-26T09:49:22Z</time>
      </trkpt>
      <trkpt lat="42.965987" lon="-5.024559">
        <ele>1108.101</ele>
        <time>2022-08-26T09:49:27Z</time>
      </trkpt>
      <trkpt lat="42.965947" lon="-5.024592">
        <ele>1108.811</ele>
        <time>2022-08-26T09:49:30Z</time>
      </trkpt>
      <trkpt lat="42.965919" lon="-5.024640">
        <ele>1108.709</ele>
        <time>2022-08-26T09:49:33Z</time>
      </trkpt>
      <trkpt lat="42.965892" lon="-5.024698">
        <ele>1108.226</ele>
        <time>2022-08-26T09:49:44Z</time>
      </trkpt>
      <trkpt lat="42.965839" lon="-5.024741">
        <ele>1109.136</ele>
        <time>2022-08-26T09:49:49Z</time>
      </trkpt>
      <trkpt lat="42.965792" lon="-5.024779">
        <ele>1109.466</ele>
        <time>2022-08-26T09:49:54Z</time>
      </trkpt>
      <trkpt lat="42.965742" lon="-5.024824">
        <ele>1109.613</ele>
        <time>2022-08-26T09:49:58Z</time>
      </trkpt>
      <trkpt lat="42.965705" lon="-5.024861">
        <ele>1109.619</ele>
        <time>2022-08-26T09:50:01Z</time>
      </trkpt>
      <trkpt lat="42.965678" lon="-5.024916">
        <ele>1108.610</ele>
        <time>2022-08-26T09:50:06Z</time>
      </trkpt>
      <trkpt lat="42.965640" lon="-5.024959">
        <ele>1108.469</ele>
        <time>2022-08-26T09:50:10Z</time>
      </trkpt>
      <trkpt lat="42.965598" lon="-5.024996">
        <ele>1108.642</ele>
        <time>2022-08-26T09:50:14Z</time>
      </trkpt>
      <trkpt lat="42.965558" lon="-5.025034">
        <ele>1108.894</ele>
        <time>2022-08-26T09:50:17Z</time>
      </trkpt>
      <trkpt lat="42.965511" lon="-5.025079">
        <ele>1109.417</ele>
        <time>2022-08-26T09:50:22Z</time>
      </trkpt>
      <trkpt lat="42.965468" lon="-5.025129">
        <ele>1109.787</ele>
        <time>2022-08-26T09:50:26Z</time>
      </trkpt>
      <trkpt lat="42.965438" lon="-5.025177">
        <ele>1109.615</ele>
        <time>2022-08-26T09:50:30Z</time>
      </trkpt>
      <trkpt lat="42.965386" lon="-5.025189">
        <ele>1111.609</ele>
        <time>2022-08-26T09:50:34Z</time>
      </trkpt>
      <trkpt lat="42.965336" lon="-5.025222">
        <ele>1112.942</ele>
        <time>2022-08-26T09:50:38Z</time>
      </trkpt>
      <trkpt lat="42.965288" lon="-5.025260">
        <ele>1114.072</ele>
        <time>2022-08-26T09:50:44Z</time>
      </trkpt>
      <trkpt lat="42.965233" lon="-5.025298">
        <ele>1114.612</ele>
        <time>2022-08-26T09:50:48Z</time>
      </trkpt>
      <trkpt lat="42.965186" lon="-5.025318">
        <ele>1115.319</ele>
        <time>2022-08-26T09:50:51Z</time>
      </trkpt>
      <trkpt lat="42.965136" lon="-5.025343">
        <ele>1116.145</ele>
        <time>2022-08-26T09:50:55Z</time>
      </trkpt>
      <trkpt lat="42.965101" lon="-5.025395">
        <ele>1115.116</ele>
        <time>2022-08-26T09:50:58Z</time>
      </trkpt>
      <trkpt lat="42.965071" lon="-5.025447">
        <ele>1114.125</ele>
        <time>2022-08-26T09:51:02Z</time>
      </trkpt>
      <trkpt lat="42.965058" lon="-5.025507">
        <ele>1112.198</ele>
        <time>2022-08-26T09:51:06Z</time>
      </trkpt>
      <trkpt lat="42.965013" lon="-5.025520">
        <ele>1113.860</ele>
        <time>2022-08-26T09:51:10Z</time>
      </trkpt>
      <trkpt lat="42.964973" lon="-5.025557">
        <ele>1114.093</ele>
        <time>2022-08-26T09:51:16Z</time>
      </trkpt>
      <trkpt lat="42.964941" lon="-5.025602">
        <ele>1113.665</ele>
        <time>2022-08-26T09:51:19Z</time>
      </trkpt>
      <trkpt lat="42.964899" lon="-5.025639">
        <ele>1114.021</ele>
        <time>2022-08-26T09:51:23Z</time>
      </trkpt>
      <trkpt lat="42.964862" lon="-5.025691">
        <ele>1113.809</ele>
        <time>2022-08-26T09:51:27Z</time>
      </trkpt>
      <trkpt lat="42.964835" lon="-5.025744">
        <ele>1113.380</ele>
        <time>2022-08-26T09:51:31Z</time>
      </trkpt>
      <trkpt lat="42.964800" lon="-5.025796">
        <ele>1113.310</ele>
        <time>2022-08-26T09:51:35Z</time>
      </trkpt>
      <trkpt lat="42.964757" lon="-5.025843">
        <ele>1114.090</ele>
        <time>2022-08-26T09:51:40Z</time>
      </trkpt>
      <trkpt lat="42.964732" lon="-5.025901">
        <ele>1113.837</ele>
        <time>2022-08-26T09:51:44Z</time>
      </trkpt>
      <trkpt lat="42.964692" lon="-5.025954">
        <ele>1113.743</ele>
        <time>2022-08-26T09:51:48Z</time>
      </trkpt>
      <trkpt lat="42.964667" lon="-5.026016">
        <ele>1112.924</ele>
        <time>2022-08-26T09:51:53Z</time>
      </trkpt>
      <trkpt lat="42.964640" lon="-5.026076">
        <ele>1112.423</ele>
        <time>2022-08-26T09:51:58Z</time>
      </trkpt>
      <trkpt lat="42.964607" lon="-5.026128">
        <ele>1112.436</ele>
        <time>2022-08-26T09:52:02Z</time>
      </trkpt>
      <trkpt lat="42.964579" lon="-5.026176">
        <ele>1112.268</ele>
        <time>2022-08-26T09:52:05Z</time>
      </trkpt>
      <trkpt lat="42.964556" lon="-5.026239">
        <ele>1111.644</ele>
        <time>2022-08-26T09:52:08Z</time>
      </trkpt>
      <trkpt lat="42.964533" lon="-5.026302">
        <ele>1111.005</ele>
        <time>2022-08-26T09:52:11Z</time>
      </trkpt>
      <trkpt lat="42.964503" lon="-5.026367">
        <ele>1110.615</ele>
        <time>2022-08-26T09:52:15Z</time>
      </trkpt>
      <trkpt lat="42.964475" lon="-5.026415">
        <ele>1110.309</ele>
        <time>2022-08-26T09:52:18Z</time>
      </trkpt>
      <trkpt lat="42.964432" lon="-5.026455">
        <ele>1110.465</ele>
        <time>2022-08-26T09:52:23Z</time>
      </trkpt>
      <trkpt lat="42.964397" lon="-5.026495">
        <ele>1110.245</ele>
        <time>2022-08-26T09:52:27Z</time>
      </trkpt>
      <trkpt lat="42.964355" lon="-5.026532">
        <ele>1110.315</ele>
        <time>2022-08-26T09:52:30Z</time>
      </trkpt>
      <trkpt lat="42.964328" lon="-5.026582">
        <ele>1109.582</ele>
        <time>2022-08-26T09:52:35Z</time>
      </trkpt>
      <trkpt lat="42.964318" lon="-5.026655">
        <ele>1107.588</ele>
        <time>2022-08-26T09:52:40Z</time>
      </trkpt>
      <trkpt lat="42.964313" lon="-5.026735">
        <ele>1107.229</ele>
        <time>2022-08-26T09:52:45Z</time>
      </trkpt>
      <trkpt lat="42.964286" lon="-5.026803">
        <ele>1107.588</ele>
        <time>2022-08-26T09:52:49Z</time>
      </trkpt>
      <trkpt lat="42.964273" lon="-5.026865">
        <ele>1107.431</ele>
        <time>2022-08-26T09:52:54Z</time>
      </trkpt>
      <trkpt lat="42.964295" lon="-5.026925">
        <ele>1107.183</ele>
        <time>2022-08-26T09:52:58Z</time>
      </trkpt>
      <trkpt lat="42.964340" lon="-5.026940">
        <ele>1107.069</ele>
        <time>2022-08-26T09:53:03Z</time>
      </trkpt>
      <trkpt lat="42.964393" lon="-5.026917">
        <ele>1106.804</ele>
        <time>2022-08-26T09:53:07Z</time>
      </trkpt>
      <trkpt lat="42.964440" lon="-5.026915">
        <ele>1106.724</ele>
        <time>2022-08-26T09:53:11Z</time>
      </trkpt>
      <trkpt lat="42.964485" lon="-5.026910">
        <ele>1106.809</ele>
        <time>2022-08-26T09:53:15Z</time>
      </trkpt>
      <trkpt lat="42.964540" lon="-5.026893">
        <ele>1106.977</ele>
        <time>2022-08-26T09:53:19Z</time>
      </trkpt>
      <trkpt lat="42.964590" lon="-5.026878">
        <ele>1106.847</ele>
        <time>2022-08-26T09:53:23Z</time>
      </trkpt>
      <trkpt lat="42.964645" lon="-5.026883">
        <ele>1107.167</ele>
        <time>2022-08-26T09:53:27Z</time>
      </trkpt>
      <trkpt lat="42.964690" lon="-5.026868">
        <ele>1107.034</ele>
        <time>2022-08-26T09:53:31Z</time>
      </trkpt>
      <trkpt lat="42.964745" lon="-5.026851">
        <ele>1107.060</ele>
        <time>2022-08-26T09:53:34Z</time>
      </trkpt>
      <trkpt lat="42.964787" lon="-5.026876">
        <ele>1108.211</ele>
        <time>2022-08-26T09:53:36Z</time>
      </trkpt>
      <trkpt lat="42.964834" lon="-5.026863">
        <ele>1108.680</ele>
        <time>2022-08-26T09:53:39Z</time>
      </trkpt>
      <trkpt lat="42.964882" lon="-5.026836">
        <ele>1108.623</ele>
        <time>2022-08-26T09:53:48Z</time>
      </trkpt>
      <trkpt lat="42.964934" lon="-5.026796">
        <ele>1108.375</ele>
        <time>2022-08-26T09:53:53Z</time>
      </trkpt>
      <trkpt lat="42.964982" lon="-5.026758">
        <ele>1108.027</ele>
        <time>2022-08-26T09:53:57Z</time>
      </trkpt>
      <trkpt lat="42.965029" lon="-5.026726">
        <ele>1108.068</ele>
        <time>2022-08-26T09:54:01Z</time>
      </trkpt>
      <trkpt lat="42.965077" lon="-5.026698">
        <ele>1108.214</ele>
        <time>2022-08-26T09:54:06Z</time>
      </trkpt>
      <trkpt lat="42.965119" lon="-5.026666">
        <ele>1108.109</ele>
        <time>2022-08-26T09:54:10Z</time>
      </trkpt>
      <trkpt lat="42.965161" lon="-5.026641">
        <ele>1108.393</ele>
        <time>2022-08-26T09:54:14Z</time>
      </trkpt>
      <trkpt lat="42.965209" lon="-5.026603">
        <ele>1108.433</ele>
        <time>2022-08-26T09:54:18Z</time>
      </trkpt>
      <trkpt lat="42.965251" lon="-5.026571">
        <ele>1108.543</ele>
        <time>2022-08-26T09:54:22Z</time>
      </trkpt>
      <trkpt lat="42.965303" lon="-5.026556">
        <ele>1108.810</ele>
        <time>2022-08-26T09:54:26Z</time>
      </trkpt>
      <trkpt lat="42.965350" lon="-5.026531">
        <ele>1108.726</ele>
        <time>2022-08-26T09:54:30Z</time>
      </trkpt>
      <trkpt lat="42.965397" lon="-5.026514">
        <ele>1108.857</ele>
        <time>2022-08-26T09:54:34Z</time>
      </trkpt>
      <trkpt lat="42.965444" lon="-5.026504">
        <ele>1108.996</ele>
        <time>2022-08-26T09:54:37Z</time>
      </trkpt>
      <trkpt lat="42.965496" lon="-5.026497">
        <ele>1109.219</ele>
        <time>2022-08-26T09:54:41Z</time>
      </trkpt>
      <trkpt lat="42.965554" lon="-5.026490">
        <ele>1109.561</ele>
        <time>2022-08-26T09:54:45Z</time>
      </trkpt>
      <trkpt lat="42.965602" lon="-5.026468">
        <ele>1109.328</ele>
        <time>2022-08-26T09:54:49Z</time>
      </trkpt>
      <trkpt lat="42.965654" lon="-5.026466">
        <ele>1109.689</ele>
        <time>2022-08-26T09:54:53Z</time>
      </trkpt>
      <trkpt lat="42.965699" lon="-5.026471">
        <ele>1110.017</ele>
        <time>2022-08-26T09:54:56Z</time>
      </trkpt>
      <trkpt lat="42.965754" lon="-5.026461">
        <ele>1110.109</ele>
        <time>2022-08-26T09:55:02Z</time>
      </trkpt>
      <trkpt lat="42.965802" lon="-5.026453">
        <ele>1110.183</ele>
        <time>2022-08-26T09:55:05Z</time>
      </trkpt>
      <trkpt lat="42.965852" lon="-5.026436">
        <ele>1110.093</ele>
        <time>2022-08-26T09:55:08Z</time>
      </trkpt>
      <trkpt lat="42.965897" lon="-5.026408">
        <ele>1109.853</ele>
        <time>2022-08-26T09:55:13Z</time>
      </trkpt>
      <trkpt lat="42.965950" lon="-5.026373">
        <ele>1109.880</ele>
        <time>2022-08-26T09:55:18Z</time>
      </trkpt>
      <trkpt lat="42.965992" lon="-5.026345">
        <ele>1110.026</ele>
        <time>2022-08-26T09:55:21Z</time>
      </trkpt>
      <trkpt lat="42.966039" lon="-5.026312">
        <ele>1110.117</ele>
        <time>2022-08-26T09:55:24Z</time>
      </trkpt>
      <trkpt lat="42.966074" lon="-5.026270">
        <ele>1109.826</ele>
        <time>2022-08-26T09:55:29Z</time>
      </trkpt>
      <trkpt lat="42.966114" lon="-5.026237">
        <ele>1109.839</ele>
        <time>2022-08-26T09:55:33Z</time>
      </trkpt>
      <trkpt lat="42.966164" lon="-5.026202">
        <ele>1109.511</ele>
        <time>2022-08-26T09:55:36Z</time>
      </trkpt>
      <trkpt lat="42.966212" lon="-5.026172">
        <ele>1109.314</ele>
        <time>2022-08-26T09:55:40Z</time>
      </trkpt>
      <trkpt lat="42.966259" lon="-5.026152">
        <ele>1109.254</ele>
        <time>2022-08-26T09:55:45Z</time>
      </trkpt>
      <trkpt lat="42.966321" lon="-5.026157">
        <ele>1109.909</ele>
        <time>2022-08-26T09:55:48Z</time>
      </trkpt>
      <trkpt lat="42.966373" lon="-5.026149">
        <ele>1110.109</ele>
        <time>2022-08-26T09:55:52Z</time>
      </trkpt>
      <trkpt lat="42.966420" lon="-5.026129">
        <ele>1110.682</ele>
        <time>2022-08-26T09:55:57Z</time>
      </trkpt>
      <trkpt lat="42.966470" lon="-5.026097">
        <ele>1111.242</ele>
        <time>2022-08-26T09:56:00Z</time>
      </trkpt>
      <trkpt lat="42.966510" lon="-5.026067">
        <ele>1111.642</ele>
        <time>2022-08-26T09:56:04Z</time>
      </trkpt>
      <trkpt lat="42.966555" lon="-5.026035">
        <ele>1112.069</ele>
        <time>2022-08-26T09:56:08Z</time>
      </trkpt>
      <trkpt lat="42.966603" lon="-5.026007">
        <ele>1112.445</ele>
        <time>2022-08-26T09:56:13Z</time>
      </trkpt>
      <trkpt lat="42.966653" lon="-5.025980">
        <ele>1112.986</ele>
        <time>2022-08-26T09:56:17Z</time>
      </trkpt>
      <trkpt lat="42.966706" lon="-5.025948">
        <ele>1113.045</ele>
        <time>2022-08-26T09:56:22Z</time>
      </trkpt>
      <trkpt lat="42.966754" lon="-5.025921">
        <ele>1113.188</ele>
        <time>2022-08-26T09:56:26Z</time>
      </trkpt>
      <trkpt lat="42.966814" lon="-5.025899">
        <ele>1113.710</ele>
        <time>2022-08-26T09:56:31Z</time>
      </trkpt>
      <trkpt lat="42.966866" lon="-5.025886">
        <ele>1114.339</ele>
        <time>2022-08-26T09:56:34Z</time>
      </trkpt>
      <trkpt lat="42.966909" lon="-5.025868">
        <ele>1114.601</ele>
        <time>2022-08-26T09:56:38Z</time>
      </trkpt>
      <trkpt lat="42.966959" lon="-5.025838">
        <ele>1114.421</ele>
        <time>2022-08-26T09:56:43Z</time>
      </trkpt>
      <trkpt lat="42.967012" lon="-5.025825">
        <ele>1114.709</ele>
        <time>2022-08-26T09:56:46Z</time>
      </trkpt>
      <trkpt lat="42.967059" lon="-5.025815">
        <ele>1115.034</ele>
        <time>2022-08-26T09:56:49Z</time>
      </trkpt>
      <trkpt lat="42.967104" lon="-5.025805">
        <ele>1115.394</ele>
        <time>2022-08-26T09:56:52Z</time>
      </trkpt>
      <trkpt lat="42.967154" lon="-5.025795">
        <ele>1115.754</ele>
        <time>2022-08-26T09:56:56Z</time>
      </trkpt>
      <trkpt lat="42.967199" lon="-5.025793">
        <ele>1116.361</ele>
        <time>2022-08-26T09:57:00Z</time>
      </trkpt>
      <trkpt lat="42.967251" lon="-5.025788">
        <ele>1117.217</ele>
        <time>2022-08-26T09:57:05Z</time>
      </trkpt>
      <trkpt lat="42.967303" lon="-5.025756">
        <ele>1117.248</ele>
        <time>2022-08-26T09:57:10Z</time>
      </trkpt>
      <trkpt lat="42.967358" lon="-5.025734">
        <ele>1117.767</ele>
        <time>2022-08-26T09:57:14Z</time>
      </trkpt>
      <trkpt lat="42.967408" lon="-5.025709">
        <ele>1118.080</ele>
        <time>2022-08-26T09:57:18Z</time>
      </trkpt>
      <trkpt lat="42.967451" lon="-5.025692">
        <ele>1118.462</ele>
        <time>2022-08-26T09:57:22Z</time>
      </trkpt>
      <trkpt lat="42.967501" lon="-5.025662">
        <ele>1118.544</ele>
        <time>2022-08-26T09:57:26Z</time>
      </trkpt>
      <trkpt lat="42.967543" lon="-5.025639">
        <ele>1118.405</ele>
        <time>2022-08-26T09:57:31Z</time>
      </trkpt>
      <trkpt lat="42.967588" lon="-5.025627">
        <ele>1118.715</ele>
        <time>2022-08-26T09:57:34Z</time>
      </trkpt>
      <trkpt lat="42.967645" lon="-5.025604">
        <ele>1118.709</ele>
        <time>2022-08-26T09:57:37Z</time>
      </trkpt>
      <trkpt lat="42.967692" lon="-5.025579">
        <ele>1118.665</ele>
        <time>2022-08-26T09:57:41Z</time>
      </trkpt>
      <trkpt lat="42.967747" lon="-5.025567">
        <ele>1119.095</ele>
        <time>2022-08-26T09:57:45Z</time>
      </trkpt>
      <trkpt lat="42.967792" lon="-5.025585">
        <ele>1120.275</ele>
        <time>2022-08-26T09:57:48Z</time>
      </trkpt>
      <trkpt lat="42.967837" lon="-5.025573">
        <ele>1120.032</ele>
        <time>2022-08-26T09:57:51Z</time>
      </trkpt>
      <trkpt lat="42.967890" lon="-5.025551">
        <ele>1119.748</ele>
        <time>2022-08-26T09:57:56Z</time>
      </trkpt>
      <trkpt lat="42.967933" lon="-5.025528">
        <ele>1119.399</ele>
        <time>2022-08-26T09:58:00Z</time>
      </trkpt>
      <trkpt lat="42.967985" lon="-5.025523">
        <ele>1119.578</ele>
        <time>2022-08-26T09:58:03Z</time>
      </trkpt>
      <trkpt lat="42.968038" lon="-5.025506">
        <ele>1119.491</ele>
        <time>2022-08-26T09:58:07Z</time>
      </trkpt>
      <trkpt lat="42.968080" lon="-5.025473">
        <ele>1119.253</ele>
        <time>2022-08-26T09:58:11Z</time>
      </trkpt>
      <trkpt lat="42.968128" lon="-5.025443">
        <ele>1119.325</ele>
        <time>2022-08-26T09:58:15Z</time>
      </trkpt>
      <trkpt lat="42.968173" lon="-5.025408">
        <ele>1119.326</ele>
        <time>2022-08-26T09:58:19Z</time>
      </trkpt>
      <trkpt lat="42.968215" lon="-5.025371">
        <ele>1119.108</ele>
        <time>2022-08-26T09:58:23Z</time>
      </trkpt>
      <trkpt lat="42.968257" lon="-5.025346">
        <ele>1119.309</ele>
        <time>2022-08-26T09:58:27Z</time>
      </trkpt>
      <trkpt lat="42.968302" lon="-5.025331">
        <ele>1119.993</ele>
        <time>2022-08-26T09:58:31Z</time>
      </trkpt>
      <trkpt lat="42.968354" lon="-5.025294">
        <ele>1119.923</ele>
        <time>2022-08-26T09:58:35Z</time>
      </trkpt>
      <trkpt lat="42.968406" lon="-5.025279">
        <ele>1120.383</ele>
        <time>2022-08-26T09:58:38Z</time>
      </trkpt>
      <trkpt lat="42.968449" lon="-5.025254">
        <ele>1120.270</ele>
        <time>2022-08-26T09:58:42Z</time>
      </trkpt>
      <trkpt lat="42.968489" lon="-5.025206">
        <ele>1119.166</ele>
        <time>2022-08-26T09:58:47Z</time>
      </trkpt>
      <trkpt lat="42.968529" lon="-5.025169">
        <ele>1118.387</ele>
        <time>2022-08-26T09:58:51Z</time>
      </trkpt>
      <trkpt lat="42.968589" lon="-5.025132">
        <ele>1117.976</ele>
        <time>2022-08-26T09:58:55Z</time>
      </trkpt>
      <trkpt lat="42.968644" lon="-5.025132">
        <ele>1118.549</ele>
        <time>2022-08-26T09:58:58Z</time>
      </trkpt>
      <trkpt lat="42.968689" lon="-5.025162">
        <ele>1120.111</ele>
        <time>2022-08-26T09:59:01Z</time>
      </trkpt>
      <trkpt lat="42.968736" lon="-5.025120">
        <ele>1118.968</ele>
        <time>2022-08-26T09:59:09Z</time>
      </trkpt>
      <trkpt lat="42.968791" lon="-5.025092">
        <ele>1118.442</ele>
        <time>2022-08-26T09:59:13Z</time>
      </trkpt>
      <trkpt lat="42.968839" lon="-5.025070">
        <ele>1118.026</ele>
        <time>2022-08-26T09:59:17Z</time>
      </trkpt>
      <trkpt lat="42.968884" lon="-5.025070">
        <ele>1118.509</ele>
        <time>2022-08-26T09:59:20Z</time>
      </trkpt>
      <trkpt lat="42.968937" lon="-5.025067">
        <ele>1117.157</ele>
        <time>2022-08-26T09:59:25Z</time>
      </trkpt>
      <trkpt lat="42.968982" lon="-5.025087">
        <ele>1116.657</ele>
        <time>2022-08-26T09:59:28Z</time>
      </trkpt>
      <trkpt lat="42.969034" lon="-5.025124">
        <ele>1116.587</ele>
        <time>2022-08-26T09:59:31Z</time>
      </trkpt>
      <trkpt lat="42.969084" lon="-5.025142">
        <ele>1115.924</ele>
        <time>2022-08-26T09:59:34Z</time>
      </trkpt>
      <trkpt lat="42.969109" lon="-5.025205">
        <ele>1117.650</ele>
        <time>2022-08-26T09:59:40Z</time>
      </trkpt>
      <trkpt lat="42.969142" lon="-5.025247">
        <ele>1118.451</ele>
        <time>2022-08-26T09:59:43Z</time>
      </trkpt>
      <trkpt lat="42.969184" lon="-5.025285">
        <ele>1118.710</ele>
        <time>2022-08-26T09:59:47Z</time>
      </trkpt>
      <trkpt lat="42.969226" lon="-5.025317">
        <ele>1118.523</ele>
        <time>2022-08-26T09:59:51Z</time>
      </trkpt>
      <trkpt lat="42.969258" lon="-5.025362">
        <ele>1119.055</ele>
        <time>2022-08-26T09:59:55Z</time>
      </trkpt>
      <trkpt lat="42.969298" lon="-5.025395">
        <ele>1118.876</ele>
        <time>2022-08-26T09:59:59Z</time>
      </trkpt>
      <trkpt lat="42.969346" lon="-5.025418">
        <ele>1117.990</ele>
        <time>2022-08-26T10:00:03Z</time>
      </trkpt>
      <trkpt lat="42.969391" lon="-5.025453">
        <ele>1117.519</ele>
        <time>2022-08-26T10:00:07Z</time>
      </trkpt>
      <trkpt lat="42.969438" lon="-5.025495">
        <ele>1117.309</ele>
        <time>2022-08-26T10:00:11Z</time>
      </trkpt>
      <trkpt lat="42.969488" lon="-5.025523">
        <ele>1116.348</ele>
        <time>2022-08-26T10:00:14Z</time>
      </trkpt>
      <trkpt lat="42.969526" lon="-5.025565">
        <ele>1116.058</ele>
        <time>2022-08-26T10:00:17Z</time>
      </trkpt>
      <trkpt lat="42.969559" lon="-5.025622">
        <ele>1115.848</ele>
        <time>2022-08-26T10:00:21Z</time>
      </trkpt>
      <trkpt lat="42.969576" lon="-5.025680">
        <ele>1116.385</ele>
        <time>2022-08-26T10:00:26Z</time>
      </trkpt>
      <trkpt lat="42.969606" lon="-5.025732">
        <ele>1116.041</ele>
        <time>2022-08-26T10:00:29Z</time>
      </trkpt>
      <trkpt lat="42.969641" lon="-5.025789">
        <ele>1115.722</ele>
        <time>2022-08-26T10:00:32Z</time>
      </trkpt>
      <trkpt lat="42.969659" lon="-5.025857">
        <ele>1116.151</ele>
        <time>2022-08-26T10:00:36Z</time>
      </trkpt>
      <trkpt lat="42.969661" lon="-5.025932">
        <ele>1117.294</ele>
        <time>2022-08-26T10:00:40Z</time>
      </trkpt>
      <trkpt lat="42.969694" lon="-5.026000">
        <ele>1116.766</ele>
        <time>2022-08-26T10:00:45Z</time>
      </trkpt>
      <trkpt lat="42.969729" lon="-5.026067">
        <ele>1116.069</ele>
        <time>2022-08-26T10:00:48Z</time>
      </trkpt>
      <trkpt lat="42.969756" lon="-5.026134">
        <ele>1115.604</ele>
        <time>2022-08-26T10:00:52Z</time>
      </trkpt>
      <trkpt lat="42.969763" lon="-5.026197">
        <ele>1116.324</ele>
        <time>2022-08-26T10:00:57Z</time>
      </trkpt>
      <trkpt lat="42.969783" lon="-5.026262">
        <ele>1116.209</ele>
        <time>2022-08-26T10:01:01Z</time>
      </trkpt>
      <trkpt lat="42.969796" lon="-5.026335">
        <ele>1116.657</ele>
        <time>2022-08-26T10:01:04Z</time>
      </trkpt>
      <trkpt lat="42.969821" lon="-5.026407">
        <ele>1116.177</ele>
        <time>2022-08-26T10:01:08Z</time>
      </trkpt>
      <trkpt lat="42.969819" lon="-5.026475">
        <ele>1117.047</ele>
        <time>2022-08-26T10:01:13Z</time>
      </trkpt>
      <trkpt lat="42.969804" lon="-5.026537">
        <ele>1118.764</ele>
        <time>2022-08-26T10:01:16Z</time>
      </trkpt>
      <trkpt lat="42.969817" lon="-5.026610">
        <ele>1118.630</ele>
        <time>2022-08-26T10:01:20Z</time>
      </trkpt>
      <trkpt lat="42.969839" lon="-5.026683">
        <ele>1117.651</ele>
        <time>2022-08-26T10:01:23Z</time>
      </trkpt>
      <trkpt lat="42.969847" lon="-5.026746">
        <ele>1117.170</ele>
        <time>2022-08-26T10:01:26Z</time>
      </trkpt>
      <trkpt lat="42.969867" lon="-5.026818">
        <ele>1115.923</ele>
        <time>2022-08-26T10:01:29Z</time>
      </trkpt>
      <trkpt lat="42.969885" lon="-5.026895">
        <ele>1115.095</ele>
        <time>2022-08-26T10:01:32Z</time>
      </trkpt>
      <trkpt lat="42.969868" lon="-5.026953">
        <ele>1116.187</ele>
        <time>2022-08-26T10:01:38Z</time>
      </trkpt>
      <trkpt lat="42.969865" lon="-5.027036">
        <ele>1115.842</ele>
        <time>2022-08-26T10:01:42Z</time>
      </trkpt>
      <trkpt lat="42.969873" lon="-5.027098">
        <ele>1115.126</ele>
        <time>2022-08-26T10:01:45Z</time>
      </trkpt>
      <trkpt lat="42.969875" lon="-5.027163">
        <ele>1114.709</ele>
        <time>2022-08-26T10:01:49Z</time>
      </trkpt>
      <trkpt lat="42.969863" lon="-5.027223">
        <ele>1114.939</ele>
        <time>2022-08-26T10:01:54Z</time>
      </trkpt>
      <trkpt lat="42.969833" lon="-5.027288">
        <ele>1115.339</ele>
        <time>2022-08-26T10:01:58Z</time>
      </trkpt>
      <trkpt lat="42.969801" lon="-5.027355">
        <ele>1115.639</ele>
        <time>2022-08-26T10:02:01Z</time>
      </trkpt>
      <trkpt lat="42.969774" lon="-5.027412">
        <ele>1115.776</ele>
        <time>2022-08-26T10:02:04Z</time>
      </trkpt>
      <trkpt lat="42.969779" lon="-5.027479">
        <ele>1114.592</ele>
        <time>2022-08-26T10:02:07Z</time>
      </trkpt>
      <trkpt lat="42.969779" lon="-5.027551">
        <ele>1113.943</ele>
        <time>2022-08-26T10:02:10Z</time>
      </trkpt>
      <trkpt lat="42.969782" lon="-5.027616">
        <ele>1113.562</ele>
        <time>2022-08-26T10:02:14Z</time>
      </trkpt>
      <trkpt lat="42.969777" lon="-5.027681">
        <ele>1113.335</ele>
        <time>2022-08-26T10:02:19Z</time>
      </trkpt>
      <trkpt lat="42.969780" lon="-5.027749">
        <ele>1112.937</ele>
        <time>2022-08-26T10:02:23Z</time>
      </trkpt>
      <trkpt lat="42.969790" lon="-5.027814">
        <ele>1112.596</ele>
        <time>2022-08-26T10:02:26Z</time>
      </trkpt>
      <trkpt lat="42.969778" lon="-5.027879">
        <ele>1112.831</ele>
        <time>2022-08-26T10:02:29Z</time>
      </trkpt>
      <trkpt lat="42.969773" lon="-5.027951">
        <ele>1112.924</ele>
        <time>2022-08-26T10:02:32Z</time>
      </trkpt>
      <trkpt lat="42.969771" lon="-5.028031">
        <ele>1112.909</ele>
        <time>2022-08-26T10:02:36Z</time>
      </trkpt>
      <trkpt lat="42.969778" lon="-5.028098">
        <ele>1112.840</ele>
        <time>2022-08-26T10:02:39Z</time>
      </trkpt>
      <trkpt lat="42.969816" lon="-5.028160">
        <ele>1112.080</ele>
        <time>2022-08-26T10:02:42Z</time>
      </trkpt>
      <trkpt lat="42.969786" lon="-5.028215">
        <ele>1112.610</ele>
        <time>2022-08-26T10:02:47Z</time>
      </trkpt>
      <trkpt lat="42.969779" lon="-5.028277">
        <ele>1112.847</ele>
        <time>2022-08-26T10:02:51Z</time>
      </trkpt>
      <trkpt lat="42.969792" lon="-5.028347">
        <ele>1112.623</ele>
        <time>2022-08-26T10:02:54Z</time>
      </trkpt>
      <trkpt lat="42.969794" lon="-5.028412">
        <ele>1112.864</ele>
        <time>2022-08-26T10:02:57Z</time>
      </trkpt>
      <trkpt lat="42.969801" lon="-5.028474">
        <ele>1112.913</ele>
        <time>2022-08-26T10:03:01Z</time>
      </trkpt>
      <trkpt lat="42.969803" lon="-5.028539">
        <ele>1113.216</ele>
        <time>2022-08-26T10:03:05Z</time>
      </trkpt>
      <trkpt lat="42.969788" lon="-5.028639">
        <ele>1113.988</ele>
        <time>2022-08-26T10:03:13Z</time>
      </trkpt>
      <trkpt lat="42.969798" lon="-5.028709">
        <ele>1113.999</ele>
        <time>2022-08-26T10:03:17Z</time>
      </trkpt>
      <trkpt lat="42.969793" lon="-5.028784">
        <ele>1114.207</ele>
        <time>2022-08-26T10:03:22Z</time>
      </trkpt>
      <trkpt lat="42.969748" lon="-5.028824">
        <ele>1114.727</ele>
        <time>2022-08-26T10:03:26Z</time>
      </trkpt>
      <trkpt lat="42.969728" lon="-5.028882">
        <ele>1115.009</ele>
        <time>2022-08-26T10:03:37Z</time>
      </trkpt>
      <trkpt lat="42.969696" lon="-5.028935">
        <ele>1116.010</ele>
        <time>2022-08-26T10:03:42Z</time>
      </trkpt>
      <trkpt lat="42.969676" lon="-5.028995">
        <ele>1116.630</ele>
        <time>2022-08-26T10:03:46Z</time>
      </trkpt>
      <trkpt lat="42.969636" lon="-5.029032">
        <ele>1117.760</ele>
        <time>2022-08-26T10:03:50Z</time>
      </trkpt>
      <trkpt lat="42.969586" lon="-5.029050">
        <ele>1118.987</ele>
        <time>2022-08-26T10:04:03Z</time>
      </trkpt>
      <trkpt lat="42.969544" lon="-5.029090">
        <ele>1119.683</ele>
        <time>2022-08-26T10:04:08Z</time>
      </trkpt>
      <trkpt lat="42.969502" lon="-5.029140">
        <ele>1120.294</ele>
        <time>2022-08-26T10:04:13Z</time>
      </trkpt>
      <trkpt lat="42.969460" lon="-5.029168">
        <ele>1120.753</ele>
        <time>2022-08-26T10:04:17Z</time>
      </trkpt>
      <trkpt lat="42.969418" lon="-5.029216">
        <ele>1121.046</ele>
        <time>2022-08-26T10:04:26Z</time>
      </trkpt>
      <trkpt lat="42.969380" lon="-5.029253">
        <ele>1121.578</ele>
        <time>2022-08-26T10:04:32Z</time>
      </trkpt>
      <trkpt lat="42.969332" lon="-5.029266">
        <ele>1122.524</ele>
        <time>2022-08-26T10:04:39Z</time>
      </trkpt>
      <trkpt lat="42.969289" lon="-5.029288">
        <ele>1123.204</ele>
        <time>2022-08-26T10:04:43Z</time>
      </trkpt>
      <trkpt lat="42.969244" lon="-5.029320">
        <ele>1123.814</ele>
        <time>2022-08-26T10:04:47Z</time>
      </trkpt>
      <trkpt lat="42.969197" lon="-5.029352">
        <ele>1124.309</ele>
        <time>2022-08-26T10:04:51Z</time>
      </trkpt>
      <trkpt lat="42.969155" lon="-5.029397">
        <ele>1124.433</ele>
        <time>2022-08-26T10:04:55Z</time>
      </trkpt>
      <trkpt lat="42.969107" lon="-5.029430">
        <ele>1125.213</ele>
        <time>2022-08-26T10:05:00Z</time>
      </trkpt>
      <trkpt lat="42.969054" lon="-5.029458">
        <ele>1126.443</ele>
        <time>2022-08-26T10:05:05Z</time>
      </trkpt>
      <trkpt lat="42.969009" lon="-5.029498">
        <ele>1127.040</ele>
        <time>2022-08-26T10:05:09Z</time>
      </trkpt>
      <trkpt lat="42.968971" lon="-5.029535">
        <ele>1127.556</ele>
        <time>2022-08-26T10:05:14Z</time>
      </trkpt>
      <trkpt lat="42.968939" lon="-5.029582">
        <ele>1127.537</ele>
        <time>2022-08-26T10:05:19Z</time>
      </trkpt>
      <trkpt lat="42.968891" lon="-5.029610">
        <ele>1128.486</ele>
        <time>2022-08-26T10:05:23Z</time>
      </trkpt>
      <trkpt lat="42.968839" lon="-5.029638">
        <ele>1129.189</ele>
        <time>2022-08-26T10:05:27Z</time>
      </trkpt>
      <trkpt lat="42.968799" lon="-5.029670">
        <ele>1129.571</ele>
        <time>2022-08-26T10:05:31Z</time>
      </trkpt>
      <trkpt lat="42.968749" lon="-5.029690">
        <ele>1130.388</ele>
        <time>2022-08-26T10:05:35Z</time>
      </trkpt>
      <trkpt lat="42.968702" lon="-5.029720">
        <ele>1130.824</ele>
        <time>2022-08-26T10:05:38Z</time>
      </trkpt>
      <trkpt lat="42.968659" lon="-5.029765">
        <ele>1130.926</ele>
        <time>2022-08-26T10:05:44Z</time>
      </trkpt>
      <trkpt lat="42.968617" lon="-5.029802">
        <ele>1131.109</ele>
        <time>2022-08-26T10:05:49Z</time>
      </trkpt>
      <trkpt lat="42.968567" lon="-5.029844">
        <ele>1131.999</ele>
        <time>2022-08-26T10:05:54Z</time>
      </trkpt>
      <trkpt lat="42.968519" lon="-5.029884">
        <ele>1132.779</ele>
        <time>2022-08-26T10:05:59Z</time>
      </trkpt>
      <trkpt lat="42.968487" lon="-5.029937">
        <ele>1132.719</ele>
        <time>2022-08-26T10:06:03Z</time>
      </trkpt>
      <trkpt lat="42.968455" lon="-5.029984">
        <ele>1132.996</ele>
        <time>2022-08-26T10:06:07Z</time>
      </trkpt>
      <trkpt lat="42.968405" lon="-5.030019">
        <ele>1134.092</ele>
        <time>2022-08-26T10:06:12Z</time>
      </trkpt>
      <trkpt lat="42.968375" lon="-5.030067">
        <ele>1134.133</ele>
        <time>2022-08-26T10:06:16Z</time>
      </trkpt>
      <trkpt lat="42.968338" lon="-5.030114">
        <ele>1134.492</ele>
        <time>2022-08-26T10:06:20Z</time>
      </trkpt>
      <trkpt lat="42.968288" lon="-5.030139">
        <ele>1135.255</ele>
        <time>2022-08-26T10:06:25Z</time>
      </trkpt>
      <trkpt lat="42.968248" lon="-5.030189">
        <ele>1135.297</ele>
        <time>2022-08-26T10:06:30Z</time>
      </trkpt>
      <trkpt lat="42.968198" lon="-5.030232">
        <ele>1135.564</ele>
        <time>2022-08-26T10:06:35Z</time>
      </trkpt>
      <trkpt lat="42.968163" lon="-5.030275">
        <ele>1135.406</ele>
        <time>2022-08-26T10:06:38Z</time>
      </trkpt>
      <trkpt lat="42.968118" lon="-5.030297">
        <ele>1136.116</ele>
        <time>2022-08-26T10:06:40Z</time>
      </trkpt>
      <trkpt lat="42.968078" lon="-5.030347">
        <ele>1136.209</ele>
        <time>2022-08-26T10:06:43Z</time>
      </trkpt>
      <trkpt lat="42.968031" lon="-5.030395">
        <ele>1136.817</ele>
        <time>2022-08-26T10:06:46Z</time>
      </trkpt>
      <trkpt lat="42.967996" lon="-5.030447">
        <ele>1137.247</ele>
        <time>2022-08-26T10:06:50Z</time>
      </trkpt>
      <trkpt lat="42.967956" lon="-5.030482">
        <ele>1138.027</ele>
        <time>2022-08-26T10:06:53Z</time>
      </trkpt>
      <trkpt lat="42.967931" lon="-5.030540">
        <ele>1137.824</ele>
        <time>2022-08-26T10:06:57Z</time>
      </trkpt>
      <trkpt lat="42.967904" lon="-5.030618">
        <ele>1137.710</ele>
        <time>2022-08-26T10:07:01Z</time>
      </trkpt>
      <trkpt lat="42.967884" lon="-5.030678">
        <ele>1137.771</ele>
        <time>2022-08-26T10:07:05Z</time>
      </trkpt>
      <trkpt lat="42.967851" lon="-5.030723">
        <ele>1138.410</ele>
        <time>2022-08-26T10:07:09Z</time>
      </trkpt>
      <trkpt lat="42.967816" lon="-5.030778">
        <ele>1139.183</ele>
        <time>2022-08-26T10:07:14Z</time>
      </trkpt>
      <trkpt lat="42.967781" lon="-5.030821">
        <ele>1140.045</ele>
        <time>2022-08-26T10:07:18Z</time>
      </trkpt>
      <trkpt lat="42.967778" lon="-5.030884">
        <ele>1139.622</ele>
        <time>2022-08-26T10:07:22Z</time>
      </trkpt>
      <trkpt lat="42.967768" lon="-5.030949">
        <ele>1139.662</ele>
        <time>2022-08-26T10:07:26Z</time>
      </trkpt>
      <trkpt lat="42.967750" lon="-5.031014">
        <ele>1140.008</ele>
        <time>2022-08-26T10:07:29Z</time>
      </trkpt>
      <trkpt lat="42.967733" lon="-5.031074">
        <ele>1140.209</ele>
        <time>2022-08-26T10:07:33Z</time>
      </trkpt>
      <trkpt lat="42.967713" lon="-5.031139">
        <ele>1140.623</ele>
        <time>2022-08-26T10:07:37Z</time>
      </trkpt>
      <trkpt lat="42.967686" lon="-5.031201">
        <ele>1141.143</ele>
        <time>2022-08-26T10:07:42Z</time>
      </trkpt>
      <trkpt lat="42.967669" lon="-5.031269">
        <ele>1141.153</ele>
        <time>2022-08-26T10:07:46Z</time>
      </trkpt>
      <trkpt lat="42.967639" lon="-5.031321">
        <ele>1141.730</ele>
        <time>2022-08-26T10:07:52Z</time>
      </trkpt>
      <trkpt lat="42.967597" lon="-5.031371">
        <ele>1142.716</ele>
        <time>2022-08-26T10:07:58Z</time>
      </trkpt>
      <trkpt lat="42.967552" lon="-5.031419">
        <ele>1143.687</ele>
        <time>2022-08-26T10:08:03Z</time>
      </trkpt>
      <trkpt lat="42.967520" lon="-5.031466">
        <ele>1143.936</ele>
        <time>2022-08-26T10:08:06Z</time>
      </trkpt>
      <trkpt lat="42.967487" lon="-5.031516">
        <ele>1144.179</ele>
        <time>2022-08-26T10:08:11Z</time>
      </trkpt>
      <trkpt lat="42.967450" lon="-5.031568">
        <ele>1144.331</ele>
        <time>2022-08-26T10:08:14Z</time>
      </trkpt>
      <trkpt lat="42.967413" lon="-5.031611">
        <ele>1144.634</ele>
        <time>2022-08-26T10:08:19Z</time>
      </trkpt>
      <trkpt lat="42.967373" lon="-5.031654">
        <ele>1144.955</ele>
        <time>2022-08-26T10:08:24Z</time>
      </trkpt>
      <trkpt lat="42.967325" lon="-5.031677">
        <ele>1145.810</ele>
        <time>2022-08-26T10:08:29Z</time>
      </trkpt>
      <trkpt lat="42.967280" lon="-5.031717">
        <ele>1146.409</ele>
        <time>2022-08-26T10:08:35Z</time>
      </trkpt>
      <trkpt lat="42.967222" lon="-5.031740">
        <ele>1147.754</ele>
        <time>2022-08-26T10:08:38Z</time>
      </trkpt>
      <trkpt lat="42.967187" lon="-5.031790">
        <ele>1148.094</ele>
        <time>2022-08-26T10:08:42Z</time>
      </trkpt>
      <trkpt lat="42.967147" lon="-5.031848">
        <ele>1148.414</ele>
        <time>2022-08-26T10:08:47Z</time>
      </trkpt>
      <trkpt lat="42.967125" lon="-5.031906">
        <ele>1148.221</ele>
        <time>2022-08-26T10:08:52Z</time>
      </trkpt>
      <trkpt lat="42.967080" lon="-5.031961">
        <ele>1148.927</ele>
        <time>2022-08-26T10:08:56Z</time>
      </trkpt>
      <trkpt lat="42.967038" lon="-5.032009">
        <ele>1149.898</ele>
        <time>2022-08-26T10:09:01Z</time>
      </trkpt>
      <trkpt lat="42.966998" lon="-5.032052">
        <ele>1150.617</ele>
        <time>2022-08-26T10:09:06Z</time>
      </trkpt>
      <trkpt lat="42.966971" lon="-5.032102">
        <ele>1150.830</ele>
        <time>2022-08-26T10:09:11Z</time>
      </trkpt>
      <trkpt lat="42.966929" lon="-5.032129">
        <ele>1152.032</ele>
        <time>2022-08-26T10:09:18Z</time>
      </trkpt>
      <trkpt lat="42.966899" lon="-5.032186">
        <ele>1152.297</ele>
        <time>2022-08-26T10:09:24Z</time>
      </trkpt>
      <trkpt lat="42.966864" lon="-5.032229">
        <ele>1152.823</ele>
        <time>2022-08-26T10:09:29Z</time>
      </trkpt>
      <trkpt lat="42.966822" lon="-5.032272">
        <ele>1153.925</ele>
        <time>2022-08-26T10:09:33Z</time>
      </trkpt>
      <trkpt lat="42.966780" lon="-5.032312">
        <ele>1155.009</ele>
        <time>2022-08-26T10:09:38Z</time>
      </trkpt>
      <trkpt lat="42.966733" lon="-5.032325">
        <ele>1156.550</ele>
        <time>2022-08-26T10:09:42Z</time>
      </trkpt>
      <trkpt lat="42.966698" lon="-5.032367">
        <ele>1157.360</ele>
        <time>2022-08-26T10:09:49Z</time>
      </trkpt>
      <trkpt lat="42.966701" lon="-5.032300">
        <ele>1157.990</ele>
        <time>2022-08-26T10:09:55Z</time>
      </trkpt>
      <trkpt lat="42.966699" lon="-5.032362">
        <ele>1157.387</ele>
        <time>2022-08-26T10:09:59Z</time>
      </trkpt>
      <trkpt lat="42.966664" lon="-5.032405">
        <ele>1158.183</ele>
        <time>2022-08-26T10:10:03Z</time>
      </trkpt>
      <trkpt lat="42.966621" lon="-5.032423">
        <ele>1159.714</ele>
        <time>2022-08-26T10:10:07Z</time>
      </trkpt>
      <trkpt lat="42.966584" lon="-5.032361">
        <ele>1161.983</ele>
        <time>2022-08-26T10:10:40Z</time>
      </trkpt>
      <trkpt lat="42.966551" lon="-5.032318">
        <ele>1163.866</ele>
        <time>2022-08-26T10:10:45Z</time>
      </trkpt>
      <trkpt lat="42.966513" lon="-5.032278">
        <ele>1165.928</ele>
        <time>2022-08-26T10:10:51Z</time>
      </trkpt>
      <trkpt lat="42.966485" lon="-5.032216">
        <ele>1168.036</ele>
        <time>2022-08-26T10:11:00Z</time>
      </trkpt>
      <trkpt lat="42.966438" lon="-5.032201">
        <ele>1170.617</ele>
        <time>2022-08-26T10:11:13Z</time>
      </trkpt>
      <trkpt lat="42.966388" lon="-5.032173">
        <ele>1173.818</ele>
        <time>2022-08-26T10:11:17Z</time>
      </trkpt>
      <trkpt lat="42.966456" lon="-5.032146">
        <ele>1171.609</ele>
        <time>2022-08-26T10:12:52Z</time>
      </trkpt>
      <trkpt lat="42.966489" lon="-5.032103">
        <ele>1171.544</ele>
        <time>2022-08-26T10:13:21Z</time>
      </trkpt>
      <trkpt lat="42.966451" lon="-5.032163">
        <ele>1171.364</ele>
        <time>2022-08-26T10:13:37Z</time>
      </trkpt>
      <trkpt lat="42.966423" lon="-5.032213">
        <ele>1170.874</ele>
        <time>2022-08-26T10:13:43Z</time>
      </trkpt>
      <trkpt lat="42.966481" lon="-5.032203">
        <ele>1168.651</ele>
        <time>2022-08-26T10:13:53Z</time>
      </trkpt>
      <trkpt lat="42.966524" lon="-5.032183">
        <ele>1167.447</ele>
        <time>2022-08-26T10:14:03Z</time>
      </trkpt>
      <trkpt lat="42.966587" lon="-5.032191">
        <ele>1164.378</ele>
        <time>2022-08-26T10:14:51Z</time>
      </trkpt>
      <trkpt lat="42.966515" lon="-5.032223">
        <ele>1166.537</ele>
        <time>2022-08-26T10:15:07Z</time>
      </trkpt>
      <trkpt lat="42.966528" lon="-5.032296">
        <ele>1165.190</ele>
        <time>2022-08-26T10:15:37Z</time>
      </trkpt>
      <trkpt lat="42.966563" lon="-5.032353">
        <ele>1162.992</ele>
        <time>2022-08-26T10:15:44Z</time>
      </trkpt>
      <trkpt lat="42.966586" lon="-5.032408">
        <ele>1161.356</ele>
        <time>2022-08-26T10:15:48Z</time>
      </trkpt>
      <trkpt lat="42.966601" lon="-5.032473">
        <ele>1159.959</ele>
        <time>2022-08-26T10:15:52Z</time>
      </trkpt>
      <trkpt lat="42.966571" lon="-5.032526">
        <ele>1160.614</ele>
        <time>2022-08-26T10:15:58Z</time>
      </trkpt>
      <trkpt lat="42.966549" lon="-5.032599">
        <ele>1161.009</ele>
        <time>2022-08-26T10:16:03Z</time>
      </trkpt>
      <trkpt lat="42.966497" lon="-5.032684">
        <ele>1162.266</ele>
        <time>2022-08-26T10:16:12Z</time>
      </trkpt>
      <trkpt lat="42.966460" lon="-5.032739">
        <ele>1163.026</ele>
        <time>2022-08-26T10:16:17Z</time>
      </trkpt>
      <trkpt lat="42.966430" lon="-5.032801">
        <ele>1163.716</ele>
        <time>2022-08-26T10:16:23Z</time>
      </trkpt>
      <trkpt lat="42.966422" lon="-5.032864">
        <ele>1164.093</ele>
        <time>2022-08-26T10:16:30Z</time>
      </trkpt>
      <trkpt lat="42.966395" lon="-5.032921">
        <ele>1164.839</ele>
        <time>2022-08-26T10:16:36Z</time>
      </trkpt>
      <trkpt lat="42.966363" lon="-5.032966">
        <ele>1166.250</ele>
        <time>2022-08-26T10:16:42Z</time>
      </trkpt>
      <trkpt lat="42.966348" lon="-5.033036">
        <ele>1166.969</ele>
        <time>2022-08-26T10:16:48Z</time>
      </trkpt>
      <trkpt lat="42.966310" lon="-5.033083">
        <ele>1168.912</ele>
        <time>2022-08-26T10:16:51Z</time>
      </trkpt>
      <trkpt lat="42.966287" lon="-5.033146">
        <ele>1170.394</ele>
        <time>2022-08-26T10:16:55Z</time>
      </trkpt>
      <trkpt lat="42.966244" lon="-5.033191">
        <ele>1172.258</ele>
        <time>2022-08-26T10:17:01Z</time>
      </trkpt>
      <trkpt lat="42.966211" lon="-5.033238">
        <ele>1173.652</ele>
        <time>2022-08-26T10:17:06Z</time>
      </trkpt>
      <trkpt lat="42.966184" lon="-5.033305">
        <ele>1174.617</ele>
        <time>2022-08-26T10:17:11Z</time>
      </trkpt>
      <trkpt lat="42.966181" lon="-5.033373">
        <ele>1174.809</ele>
        <time>2022-08-26T10:17:18Z</time>
      </trkpt>
      <trkpt lat="42.966151" lon="-5.033431">
        <ele>1175.886</ele>
        <time>2022-08-26T10:17:23Z</time>
      </trkpt>
      <trkpt lat="42.966134" lon="-5.033491">
        <ele>1176.456</ele>
        <time>2022-08-26T10:17:27Z</time>
      </trkpt>
      <trkpt lat="42.966127" lon="-5.033563">
        <ele>1176.686</ele>
        <time>2022-08-26T10:17:32Z</time>
      </trkpt>
      <trkpt lat="42.966122" lon="-5.033640">
        <ele>1176.913</ele>
        <time>2022-08-26T10:17:37Z</time>
      </trkpt>
      <trkpt lat="42.966109" lon="-5.033700">
        <ele>1177.749</ele>
        <time>2022-08-26T10:17:42Z</time>
      </trkpt>
      <trkpt lat="42.966094" lon="-5.033770">
        <ele>1178.790</ele>
        <time>2022-08-26T10:17:46Z</time>
      </trkpt>
      <trkpt lat="42.966094" lon="-5.033832">
        <ele>1179.139</ele>
        <time>2022-08-26T10:17:51Z</time>
      </trkpt>
      <trkpt lat="42.966066" lon="-5.033899">
        <ele>1180.232</ele>
        <time>2022-08-26T10:17:55Z</time>
      </trkpt>
      <trkpt lat="42.966036" lon="-5.033962">
        <ele>1180.354</ele>
        <time>2022-08-26T10:17:59Z</time>
      </trkpt>
      <trkpt lat="42.966004" lon="-5.034019">
        <ele>1180.574</ele>
        <time>2022-08-26T10:18:02Z</time>
      </trkpt>
      <trkpt lat="42.965966" lon="-5.034072">
        <ele>1180.956</ele>
        <time>2022-08-26T10:18:06Z</time>
      </trkpt>
      <trkpt lat="42.965929" lon="-5.034119">
        <ele>1181.221</ele>
        <time>2022-08-26T10:18:10Z</time>
      </trkpt>
      <trkpt lat="42.965884" lon="-5.034149">
        <ele>1182.009</ele>
        <time>2022-08-26T10:18:13Z</time>
      </trkpt>
      <trkpt lat="42.965851" lon="-5.034204">
        <ele>1181.698</ele>
        <time>2022-08-26T10:18:17Z</time>
      </trkpt>
      <trkpt lat="42.965809" lon="-5.034251">
        <ele>1181.528</ele>
        <time>2022-08-26T10:18:24Z</time>
      </trkpt>
      <trkpt lat="42.965759" lon="-5.034274">
        <ele>1182.188</ele>
        <time>2022-08-26T10:18:28Z</time>
      </trkpt>
      <trkpt lat="42.965714" lon="-5.034289">
        <ele>1182.725</ele>
        <time>2022-08-26T10:18:31Z</time>
      </trkpt>
      <trkpt lat="42.965666" lon="-5.034331">
        <ele>1182.791</ele>
        <time>2022-08-26T10:18:36Z</time>
      </trkpt>
      <trkpt lat="42.965619" lon="-5.034381">
        <ele>1182.442</ele>
        <time>2022-08-26T10:18:40Z</time>
      </trkpt>
      <trkpt lat="42.965574" lon="-5.034426">
        <ele>1182.111</ele>
        <time>2022-08-26T10:18:44Z</time>
      </trkpt>
      <trkpt lat="42.965539" lon="-5.034476">
        <ele>1181.894</ele>
        <time>2022-08-26T10:18:48Z</time>
      </trkpt>
      <trkpt lat="42.965542" lon="-5.034538">
        <ele>1180.676</ele>
        <time>2022-08-26T10:18:52Z</time>
      </trkpt>
      <trkpt lat="42.965535" lon="-5.034611">
        <ele>1179.476</ele>
        <time>2022-08-26T10:18:56Z</time>
      </trkpt>
      <trkpt lat="42.965555" lon="-5.034681">
        <ele>1177.890</ele>
        <time>2022-08-26T10:18:58Z</time>
      </trkpt>
      <trkpt lat="42.965515" lon="-5.034643">
        <ele>1179.119</ele>
        <time>2022-08-26T10:20:55Z</time>
      </trkpt>
      <trkpt lat="42.965483" lon="-5.034583">
        <ele>1180.909</ele>
        <time>2022-08-26T10:21:01Z</time>
      </trkpt>
      <trkpt lat="42.965433" lon="-5.034595">
        <ele>1181.798</ele>
        <time>2022-08-26T10:21:04Z</time>
      </trkpt>
      <trkpt lat="42.965388" lon="-5.034618">
        <ele>1182.078</ele>
        <time>2022-08-26T10:21:08Z</time>
      </trkpt>
      <trkpt lat="42.965343" lon="-5.034646">
        <ele>1182.128</ele>
        <time>2022-08-26T10:21:11Z</time>
      </trkpt>
      <trkpt lat="42.965293" lon="-5.034668">
        <ele>1182.345</ele>
        <time>2022-08-26T10:21:15Z</time>
      </trkpt>
      <trkpt lat="42.965243" lon="-5.034711">
        <ele>1182.511</ele>
        <time>2022-08-26T10:21:18Z</time>
      </trkpt>
      <trkpt lat="42.965200" lon="-5.034744">
        <ele>1182.992</ele>
        <time>2022-08-26T10:21:21Z</time>
      </trkpt>
      <trkpt lat="42.965147" lon="-5.034781">
        <ele>1183.521</ele>
        <time>2022-08-26T10:21:26Z</time>
      </trkpt>
      <trkpt lat="42.965100" lon="-5.034833">
        <ele>1183.754</ele>
        <time>2022-08-26T10:21:30Z</time>
      </trkpt>
      <trkpt lat="42.965055" lon="-5.034880">
        <ele>1184.066</ele>
        <time>2022-08-26T10:21:35Z</time>
      </trkpt>
      <trkpt lat="42.965022" lon="-5.034927">
        <ele>1184.074</ele>
        <time>2022-08-26T10:21:43Z</time>
      </trkpt>
      <trkpt lat="42.964984" lon="-5.034962">
        <ele>1184.656</ele>
        <time>2022-08-26T10:21:47Z</time>
      </trkpt>
      <trkpt lat="42.964951" lon="-5.035014">
        <ele>1184.521</ele>
        <time>2022-08-26T10:21:51Z</time>
      </trkpt>
      <trkpt lat="42.964911" lon="-5.035049">
        <ele>1184.909</ele>
        <time>2022-08-26T10:21:54Z</time>
      </trkpt>
      <trkpt lat="42.964866" lon="-5.035097">
        <ele>1185.298</ele>
        <time>2022-08-26T10:21:57Z</time>
      </trkpt>
      <trkpt lat="42.964833" lon="-5.035150">
        <ele>1184.848</ele>
        <time>2022-08-26T10:22:01Z</time>
      </trkpt>
      <trkpt lat="42.964790" lon="-5.035197">
        <ele>1184.978</ele>
        <time>2022-08-26T10:22:06Z</time>
      </trkpt>
      <trkpt lat="42.964760" lon="-5.035255">
        <ele>1184.235</ele>
        <time>2022-08-26T10:22:12Z</time>
      </trkpt>
      <trkpt lat="42.964725" lon="-5.035298">
        <ele>1184.271</ele>
        <time>2022-08-26T10:22:17Z</time>
      </trkpt>
      <trkpt lat="42.964675" lon="-5.035336">
        <ele>1184.922</ele>
        <time>2022-08-26T10:22:22Z</time>
      </trkpt>
      <trkpt lat="42.964647" lon="-5.035388">
        <ele>1184.311</ele>
        <time>2022-08-26T10:22:26Z</time>
      </trkpt>
      <trkpt lat="42.964622" lon="-5.035443">
        <ele>1183.424</ele>
        <time>2022-08-26T10:22:32Z</time>
      </trkpt>
      <trkpt lat="42.964580" lon="-5.035500">
        <ele>1183.086</ele>
        <time>2022-08-26T10:22:37Z</time>
      </trkpt>
      <trkpt lat="42.964533" lon="-5.035535">
        <ele>1183.528</ele>
        <time>2022-08-26T10:22:43Z</time>
      </trkpt>
      <trkpt lat="42.964418" lon="-5.035637">
        <ele>1184.589</ele>
        <time>2022-08-26T10:22:57Z</time>
      </trkpt>
      <trkpt lat="42.964375" lon="-5.035619">
        <ele>1186.417</ele>
        <time>2022-08-26T10:23:15Z</time>
      </trkpt>
      <trkpt lat="42.964323" lon="-5.035629">
        <ele>1187.809</ele>
        <time>2022-08-26T10:23:19Z</time>
      </trkpt>
      <trkpt lat="42.964276" lon="-5.035639">
        <ele>1189.133</ele>
        <time>2022-08-26T10:23:25Z</time>
      </trkpt>
      <trkpt lat="42.964223" lon="-5.035657">
        <ele>1190.323</ele>
        <time>2022-08-26T10:23:31Z</time>
      </trkpt>
      <trkpt lat="42.964173" lon="-5.035654">
        <ele>1192.033</ele>
        <time>2022-08-26T10:23:42Z</time>
      </trkpt>
      <trkpt lat="42.964126" lon="-5.035677">
        <ele>1193.270</ele>
        <time>2022-08-26T10:23:49Z</time>
      </trkpt>
      <trkpt lat="42.964079" lon="-5.035680">
        <ele>1195.146</ele>
        <time>2022-08-26T10:23:52Z</time>
      </trkpt>
      <trkpt lat="42.964012" lon="-5.035682">
        <ele>1197.837</ele>
        <time>2022-08-26T10:23:56Z</time>
      </trkpt>
      <trkpt lat="42.963972" lon="-5.035712">
        <ele>1198.596</ele>
        <time>2022-08-26T10:23:59Z</time>
      </trkpt>
      <trkpt lat="42.963930" lon="-5.035749">
        <ele>1199.179</ele>
        <time>2022-08-26T10:24:05Z</time>
      </trkpt>
      <trkpt lat="42.963888" lon="-5.035772">
        <ele>1200.031</ele>
        <time>2022-08-26T10:24:11Z</time>
      </trkpt>
      <trkpt lat="42.963843" lon="-5.035785">
        <ele>1201.441</ele>
        <time>2022-08-26T10:24:18Z</time>
      </trkpt>
      <trkpt lat="42.963795" lon="-5.035798">
        <ele>1202.981</ele>
        <time>2022-08-26T10:24:23Z</time>
      </trkpt>
      <trkpt lat="42.963742" lon="-5.035835">
        <ele>1203.809</ele>
        <time>2022-08-26T10:24:32Z</time>
      </trkpt>
      <trkpt lat="42.963712" lon="-5.035917">
        <ele>1203.909</ele>
        <time>2022-08-26T10:24:42Z</time>
      </trkpt>
      <trkpt lat="42.963670" lon="-5.035949">
        <ele>1205.255</ele>
        <time>2022-08-26T10:24:53Z</time>
      </trkpt>
      <trkpt lat="42.963623" lon="-5.035936">
        <ele>1207.495</ele>
        <time>2022-08-26T10:24:59Z</time>
      </trkpt>
      <trkpt lat="42.963576" lon="-5.035904">
        <ele>1209.965</ele>
        <time>2022-08-26T10:25:05Z</time>
      </trkpt>
      <trkpt lat="42.963538" lon="-5.035846">
        <ele>1212.352</ele>
        <time>2022-08-26T10:25:14Z</time>
      </trkpt>
      <trkpt lat="42.963520" lon="-5.035776">
        <ele>1214.918</ele>
        <time>2022-08-26T10:25:21Z</time>
      </trkpt>
      <trkpt lat="42.963477" lon="-5.035726">
        <ele>1218.279</ele>
        <time>2022-08-26T10:25:33Z</time>
      </trkpt>
      <trkpt lat="42.963479" lon="-5.035658">
        <ele>1220.018</ele>
        <time>2022-08-26T10:25:45Z</time>
      </trkpt>
      <trkpt lat="42.963499" lon="-5.035586">
        <ele>1221.221</ele>
        <time>2022-08-26T10:25:50Z</time>
      </trkpt>
      <trkpt lat="42.963451" lon="-5.035569">
        <ele>1223.473</ele>
        <time>2022-08-26T10:25:54Z</time>
      </trkpt>
      <trkpt lat="42.963459" lon="-5.035507">
        <ele>1225.892</ele>
        <time>2022-08-26T10:26:10Z</time>
      </trkpt>
      <trkpt lat="42.963414" lon="-5.035484">
        <ele>1228.573</ele>
        <time>2022-08-26T10:26:26Z</time>
      </trkpt>
      <trkpt lat="42.963371" lon="-5.035467">
        <ele>1230.820</ele>
        <time>2022-08-26T10:26:34Z</time>
      </trkpt>
      <trkpt lat="42.963321" lon="-5.035484">
        <ele>1231.909</ele>
        <time>2022-08-26T10:26:42Z</time>
      </trkpt>
      <trkpt lat="42.963274" lon="-5.035506">
        <ele>1232.940</ele>
        <time>2022-08-26T10:26:57Z</time>
      </trkpt>
      <trkpt lat="42.963227" lon="-5.035528">
        <ele>1233.920</ele>
        <time>2022-08-26T10:27:00Z</time>
      </trkpt>
      <trkpt lat="42.963177" lon="-5.035550">
        <ele>1235.050</ele>
        <time>2022-08-26T10:27:04Z</time>
      </trkpt>
      <trkpt lat="42.963129" lon="-5.035553">
        <ele>1236.997</ele>
        <time>2022-08-26T10:27:14Z</time>
      </trkpt>
      <trkpt lat="42.963086" lon="-5.035598">
        <ele>1238.083</ele>
        <time>2022-08-26T10:27:20Z</time>
      </trkpt>
      <trkpt lat="42.963036" lon="-5.035588">
        <ele>1240.454</ele>
        <time>2022-08-26T10:27:26Z</time>
      </trkpt>
      <trkpt lat="42.962989" lon="-5.035600">
        <ele>1242.223</ele>
        <time>2022-08-26T10:27:35Z</time>
      </trkpt>
      <trkpt lat="42.962947" lon="-5.035630">
        <ele>1243.636</ele>
        <time>2022-08-26T10:27:42Z</time>
      </trkpt>
      <trkpt lat="42.962897" lon="-5.035633">
        <ele>1245.748</ele>
        <time>2022-08-26T10:27:56Z</time>
      </trkpt>
      <trkpt lat="42.962857" lon="-5.035603">
        <ele>1247.974</ele>
        <time>2022-08-26T10:28:07Z</time>
      </trkpt>
      <trkpt lat="42.962807" lon="-5.035606">
        <ele>1250.056</ele>
        <time>2022-08-26T10:28:13Z</time>
      </trkpt>
      <trkpt lat="42.962752" lon="-5.035614">
        <ele>1252.621</ele>
        <time>2022-08-26T10:28:18Z</time>
      </trkpt>
      <trkpt lat="42.962702" lon="-5.035641">
        <ele>1254.909</ele>
        <time>2022-08-26T10:28:23Z</time>
      </trkpt>
      <trkpt lat="42.962672" lon="-5.035689">
        <ele>1255.668</ele>
        <time>2022-08-26T10:28:28Z</time>
      </trkpt>
      <trkpt lat="42.962629" lon="-5.035717">
        <ele>1257.368</ele>
        <time>2022-08-26T10:28:36Z</time>
      </trkpt>
      <trkpt lat="42.962584" lon="-5.035729">
        <ele>1259.438</ele>
        <time>2022-08-26T10:28:42Z</time>
      </trkpt>
      <trkpt lat="42.962464" lon="-5.035839">
        <ele>1263.175</ele>
        <time>2022-08-26T10:29:12Z</time>
      </trkpt>
      <trkpt lat="42.962381" lon="-5.035841">
        <ele>1267.851</ele>
        <time>2022-08-26T10:29:32Z</time>
      </trkpt>
      <trkpt lat="42.962338" lon="-5.035868">
        <ele>1270.282</ele>
        <time>2022-08-26T10:29:39Z</time>
      </trkpt>
      <trkpt lat="42.962293" lon="-5.035881">
        <ele>1272.781</ele>
        <time>2022-08-26T10:29:49Z</time>
      </trkpt>
      <trkpt lat="42.962246" lon="-5.035896">
        <ele>1275.214</ele>
        <time>2022-08-26T10:30:06Z</time>
      </trkpt>
      <trkpt lat="42.962199" lon="-5.035929">
        <ele>1277.536</ele>
        <time>2022-08-26T10:30:11Z</time>
      </trkpt>
      <trkpt lat="42.962142" lon="-5.035927">
        <ele>1280.517</ele>
        <time>2022-08-26T10:30:28Z</time>
      </trkpt>
      <trkpt lat="42.962097" lon="-5.035920">
        <ele>1282.987</ele>
        <time>2022-08-26T10:30:42Z</time>
      </trkpt>
      <trkpt lat="42.962050" lon="-5.035938">
        <ele>1285.115</ele>
        <time>2022-08-26T10:30:53Z</time>
      </trkpt>
      <trkpt lat="42.962010" lon="-5.035971">
        <ele>1286.709</ele>
        <time>2022-08-26T10:30:59Z</time>
      </trkpt>
      <trkpt lat="42.961958" lon="-5.035996">
        <ele>1289.092</ele>
        <time>2022-08-26T10:31:08Z</time>
      </trkpt>
      <trkpt lat="42.961913" lon="-5.036019">
        <ele>1291.192</ele>
        <time>2022-08-26T10:31:14Z</time>
      </trkpt>
      <trkpt lat="42.961863" lon="-5.036031">
        <ele>1293.642</ele>
        <time>2022-08-26T10:31:28Z</time>
      </trkpt>
      <trkpt lat="42.961800" lon="-5.035999">
        <ele>1297.769</ele>
        <time>2022-08-26T10:32:01Z</time>
      </trkpt>
      <trkpt lat="42.961737" lon="-5.036071">
        <ele>1299.575</ele>
        <time>2022-08-26T10:32:14Z</time>
      </trkpt>
      <trkpt lat="42.961690" lon="-5.036106">
        <ele>1301.066</ele>
        <time>2022-08-26T10:32:19Z</time>
      </trkpt>
      <trkpt lat="42.961743" lon="-5.036053">
        <ele>1299.675</ele>
        <time>2022-08-26T10:32:30Z</time>
      </trkpt>
      <trkpt lat="42.961785" lon="-5.036028">
        <ele>1297.948</ele>
        <time>2022-08-26T10:32:37Z</time>
      </trkpt>
      <trkpt lat="42.961827" lon="-5.036000">
        <ele>1296.250</ele>
        <time>2022-08-26T10:32:46Z</time>
      </trkpt>
      <trkpt lat="42.961434" lon="-5.036178">
        <ele>1314.741</ele>
        <time>2022-08-26T10:34:43Z</time>
      </trkpt>
      <trkpt lat="42.961389" lon="-5.036166">
        <ele>1317.081</ele>
        <time>2022-08-26T10:34:57Z</time>
      </trkpt>
      <trkpt lat="42.961344" lon="-5.036128">
        <ele>1318.809</ele>
        <time>2022-08-26T10:35:09Z</time>
      </trkpt>
      <trkpt lat="42.961301" lon="-5.036146">
        <ele>1320.509</ele>
        <time>2022-08-26T10:35:16Z</time>
      </trkpt>
      <trkpt lat="42.961256" lon="-5.036139">
        <ele>1322.395</ele>
        <time>2022-08-26T10:35:23Z</time>
      </trkpt>
      <trkpt lat="42.961213" lon="-5.036169">
        <ele>1324.075</ele>
        <time>2022-08-26T10:35:27Z</time>
      </trkpt>
      <trkpt lat="42.961161" lon="-5.036181">
        <ele>1326.055</ele>
        <time>2022-08-26T10:35:31Z</time>
      </trkpt>
      <trkpt lat="42.961113" lon="-5.036179">
        <ele>1327.922</ele>
        <time>2022-08-26T10:35:38Z</time>
      </trkpt>
      <trkpt lat="42.961068" lon="-5.036169">
        <ele>1327.878</ele>
        <time>2022-08-26T10:35:43Z</time>
      </trkpt>
      <trkpt lat="42.961046" lon="-5.036232">
        <ele>1327.999</ele>
        <time>2022-08-26T10:36:32Z</time>
      </trkpt>
      <trkpt lat="42.961051" lon="-5.036304">
        <ele>1328.218</ele>
        <time>2022-08-26T10:36:37Z</time>
      </trkpt>
      <trkpt lat="42.961029" lon="-5.036399">
        <ele>1328.921</ele>
        <time>2022-08-26T10:37:01Z</time>
      </trkpt>
      <trkpt lat="42.961019" lon="-5.036462">
        <ele>1330.653</ele>
        <time>2022-08-26T10:37:09Z</time>
      </trkpt>
      <trkpt lat="42.960997" lon="-5.036520">
        <ele>1332.311</ele>
        <time>2022-08-26T10:37:19Z</time>
      </trkpt>
      <trkpt lat="42.960995" lon="-5.036582">
        <ele>1334.021</ele>
        <time>2022-08-26T10:37:27Z</time>
      </trkpt>
      <trkpt lat="42.960972" lon="-5.036645">
        <ele>1335.903</ele>
        <time>2022-08-26T10:37:40Z</time>
      </trkpt>
      <trkpt lat="42.960954" lon="-5.036707">
        <ele>1338.109</ele>
        <time>2022-08-26T10:37:47Z</time>
      </trkpt>
      <trkpt lat="42.960926" lon="-5.036760">
        <ele>1340.252</ele>
        <time>2022-08-26T10:37:54Z</time>
      </trkpt>
      <trkpt lat="42.960896" lon="-5.036807">
        <ele>1342.372</ele>
        <time>2022-08-26T10:38:04Z</time>
      </trkpt>
      <trkpt lat="42.960933" lon="-5.036847">
        <ele>1343.292</ele>
        <time>2022-08-26T10:38:12Z</time>
      </trkpt>
      <trkpt lat="42.960946" lon="-5.036907">
        <ele>1345.119</ele>
        <time>2022-08-26T10:38:26Z</time>
      </trkpt>
      <trkpt lat="42.960921" lon="-5.036959">
        <ele>1347.395</ele>
        <time>2022-08-26T10:38:35Z</time>
      </trkpt>
      <trkpt lat="42.960958" lon="-5.037021">
        <ele>1349.396</ele>
        <time>2022-08-26T10:38:43Z</time>
      </trkpt>
      <trkpt lat="42.960918" lon="-5.037063">
        <ele>1351.685</ele>
        <time>2022-08-26T10:38:52Z</time>
      </trkpt>
      <trkpt lat="42.960885" lon="-5.037108">
        <ele>1354.178</ele>
        <time>2022-08-26T10:39:00Z</time>
      </trkpt>
      <trkpt lat="42.960875" lon="-5.037171">
        <ele>1356.930</ele>
        <time>2022-08-26T10:39:06Z</time>
      </trkpt>
      <trkpt lat="42.960842" lon="-5.037221">
        <ele>1359.888</ele>
        <time>2022-08-26T10:39:14Z</time>
      </trkpt>
      <trkpt lat="42.960819" lon="-5.037289">
        <ele>1365.024</ele>
        <time>2022-08-26T10:40:42Z</time>
      </trkpt>
      <trkpt lat="42.960776" lon="-5.037321">
        <ele>1366.326</ele>
        <time>2022-08-26T10:40:48Z</time>
      </trkpt>
      <trkpt lat="42.960741" lon="-5.037383">
        <ele>1369.709</ele>
        <time>2022-08-26T10:40:52Z</time>
      </trkpt>
      <trkpt lat="42.960723" lon="-5.037445">
        <ele>1373.229</ele>
        <time>2022-08-26T10:40:56Z</time>
      </trkpt>
      <trkpt lat="42.960710" lon="-5.037505">
        <ele>1376.999</ele>
        <time>2022-08-26T10:41:00Z</time>
      </trkpt>
      <trkpt lat="42.960663" lon="-5.037543">
        <ele>1379.899</ele>
        <time>2022-08-26T10:41:05Z</time>
      </trkpt>
      <trkpt lat="42.960628" lon="-5.037586">
        <ele>1383.666</ele>
        <time>2022-08-26T10:41:09Z</time>
      </trkpt>
      <trkpt lat="42.960580" lon="-5.037618">
        <ele>1384.972</ele>
        <time>2022-08-26T10:41:15Z</time>
      </trkpt>
      <trkpt lat="42.960528" lon="-5.037623">
        <ele>1382.063</ele>
        <time>2022-08-26T10:41:20Z</time>
      </trkpt>
      <trkpt lat="42.960501" lon="-5.037680">
        <ele>1385.942</ele>
        <time>2022-08-26T10:41:26Z</time>
      </trkpt>
      <trkpt lat="42.960449" lon="-5.037703">
        <ele>1383.245</ele>
        <time>2022-08-26T10:41:32Z</time>
      </trkpt>
      <trkpt lat="42.960409" lon="-5.037743">
        <ele>1382.387</ele>
        <time>2022-08-26T10:41:36Z</time>
      </trkpt>
      <trkpt lat="42.960359" lon="-5.037770">
        <ele>1378.465</ele>
        <time>2022-08-26T10:41:40Z</time>
      </trkpt>
      <trkpt lat="42.960319" lon="-5.037812">
        <ele>1375.368</ele>
        <time>2022-08-26T10:41:47Z</time>
      </trkpt>
      <trkpt lat="42.960291" lon="-5.037874">
        <ele>1374.114</ele>
        <time>2022-08-26T10:41:53Z</time>
      </trkpt>
      <trkpt lat="42.960256" lon="-5.037919">
        <ele>1373.109</ele>
        <time>2022-08-26T10:41:58Z</time>
      </trkpt>
      <trkpt lat="42.960231" lon="-5.037979">
        <ele>1374.067</ele>
        <time>2022-08-26T10:42:03Z</time>
      </trkpt>
      <trkpt lat="42.960203" lon="-5.038034">
        <ele>1374.537</ele>
        <time>2022-08-26T10:42:10Z</time>
      </trkpt>
      <trkpt lat="42.960183" lon="-5.038104">
        <ele>1375.467</ele>
        <time>2022-08-26T10:42:16Z</time>
      </trkpt>
      <trkpt lat="42.960158" lon="-5.038166">
        <ele>1375.624</ele>
        <time>2022-08-26T10:42:22Z</time>
      </trkpt>
      <trkpt lat="42.960143" lon="-5.038229">
        <ele>1376.350</ele>
        <time>2022-08-26T10:42:27Z</time>
      </trkpt>
      <trkpt lat="42.960128" lon="-5.038292">
        <ele>1376.981</ele>
        <time>2022-08-26T10:42:33Z</time>
      </trkpt>
      <trkpt lat="42.960126" lon="-5.038360">
        <ele>1378.370</ele>
        <time>2022-08-26T10:42:39Z</time>
      </trkpt>
      <trkpt lat="42.960103" lon="-5.038432">
        <ele>1378.623</ele>
        <time>2022-08-26T10:42:44Z</time>
      </trkpt>
      <trkpt lat="42.960098" lon="-5.038499">
        <ele>1379.825</ele>
        <time>2022-08-26T10:42:49Z</time>
      </trkpt>
      <trkpt lat="42.960083" lon="-5.038571">
        <ele>1380.594</ele>
        <time>2022-08-26T10:42:56Z</time>
      </trkpt>
      <trkpt lat="42.960065" lon="-5.038628">
        <ele>1380.557</ele>
        <time>2022-08-26T10:42:59Z</time>
      </trkpt>
      <trkpt lat="42.960025" lon="-5.038671">
        <ele>1378.522</ele>
        <time>2022-08-26T10:43:04Z</time>
      </trkpt>
      <trkpt lat="42.960007" lon="-5.038739">
        <ele>1378.309</ele>
        <time>2022-08-26T10:43:09Z</time>
      </trkpt>
      <trkpt lat="42.959984" lon="-5.038794">
        <ele>1377.940</ele>
        <time>2022-08-26T10:43:13Z</time>
      </trkpt>
      <trkpt lat="42.959956" lon="-5.038854">
        <ele>1377.640</ele>
        <time>2022-08-26T10:43:18Z</time>
      </trkpt>
      <trkpt lat="42.959936" lon="-5.038916">
        <ele>1377.580</ele>
        <time>2022-08-26T10:43:22Z</time>
      </trkpt>
      <trkpt lat="42.959924" lon="-5.038978">
        <ele>1377.847</ele>
        <time>2022-08-26T10:43:27Z</time>
      </trkpt>
      <trkpt lat="42.959914" lon="-5.039051">
        <ele>1378.293</ele>
        <time>2022-08-26T10:43:31Z</time>
      </trkpt>
      <trkpt lat="42.959912" lon="-5.039126">
        <ele>1379.084</ele>
        <time>2022-08-26T10:43:37Z</time>
      </trkpt>
      <trkpt lat="42.959914" lon="-5.039194">
        <ele>1379.913</ele>
        <time>2022-08-26T10:43:41Z</time>
      </trkpt>
      <trkpt lat="42.959891" lon="-5.039264">
        <ele>1379.846</ele>
        <time>2022-08-26T10:43:46Z</time>
      </trkpt>
      <trkpt lat="42.959881" lon="-5.039324">
        <ele>1380.168</ele>
        <time>2022-08-26T10:43:50Z</time>
      </trkpt>
      <trkpt lat="42.959873" lon="-5.039387">
        <ele>1380.443</ele>
        <time>2022-08-26T10:43:54Z</time>
      </trkpt>
      <trkpt lat="42.959863" lon="-5.039447">
        <ele>1380.664</ele>
        <time>2022-08-26T10:43:58Z</time>
      </trkpt>
      <trkpt lat="42.959860" lon="-5.039514">
        <ele>1381.310</ele>
        <time>2022-08-26T10:44:03Z</time>
      </trkpt>
      <trkpt lat="42.959855" lon="-5.039579">
        <ele>1381.909</ele>
        <time>2022-08-26T10:44:07Z</time>
      </trkpt>
      <trkpt lat="42.959848" lon="-5.039646">
        <ele>1382.575</ele>
        <time>2022-08-26T10:44:12Z</time>
      </trkpt>
      <trkpt lat="42.959865" lon="-5.039714">
        <ele>1384.135</ele>
        <time>2022-08-26T10:44:18Z</time>
      </trkpt>
      <trkpt lat="42.959853" lon="-5.039779">
        <ele>1384.375</ele>
        <time>2022-08-26T10:44:22Z</time>
      </trkpt>
      <trkpt lat="42.959853" lon="-5.039842">
        <ele>1384.962</ele>
        <time>2022-08-26T10:44:32Z</time>
      </trkpt>
      <trkpt lat="42.959856" lon="-5.039910">
        <ele>1385.858</ele>
        <time>2022-08-26T10:44:37Z</time>
      </trkpt>
      <trkpt lat="42.959849" lon="-5.039972">
        <ele>1386.239</ele>
        <time>2022-08-26T10:44:42Z</time>
      </trkpt>
      <trkpt lat="42.959832" lon="-5.040030">
        <ele>1386.478</ele>
        <time>2022-08-26T10:44:46Z</time>
      </trkpt>
      <trkpt lat="42.959827" lon="-5.040092">
        <ele>1387.651</ele>
        <time>2022-08-26T10:44:51Z</time>
      </trkpt>
      <trkpt lat="42.959844" lon="-5.040165">
        <ele>1390.013</ele>
        <time>2022-08-26T10:44:57Z</time>
      </trkpt>
      <trkpt lat="42.959866" lon="-5.040228">
        <ele>1392.671</ele>
        <time>2022-08-26T10:45:02Z</time>
      </trkpt>
      <trkpt lat="42.959849" lon="-5.040293">
        <ele>1393.341</ele>
        <time>2022-08-26T10:45:09Z</time>
      </trkpt>
      <trkpt lat="42.959844" lon="-5.040365">
        <ele>1395.215</ele>
        <time>2022-08-26T10:45:15Z</time>
      </trkpt>
      <trkpt lat="42.959829" lon="-5.040427">
        <ele>1396.109</ele>
        <time>2022-08-26T10:45:20Z</time>
      </trkpt>
      <trkpt lat="42.959811" lon="-5.040494">
        <ele>1397.028</ele>
        <time>2022-08-26T10:45:26Z</time>
      </trkpt>
      <trkpt lat="42.959784" lon="-5.040546">
        <ele>1396.758</ele>
        <time>2022-08-26T10:45:32Z</time>
      </trkpt>
      <trkpt lat="42.959774" lon="-5.040613">
        <ele>1398.218</ele>
        <time>2022-08-26T10:45:38Z</time>
      </trkpt>
      <trkpt lat="42.959751" lon="-5.040666">
        <ele>1398.485</ele>
        <time>2022-08-26T10:45:46Z</time>
      </trkpt>
      <trkpt lat="42.959769" lon="-5.040759">
        <ele>1402.621</ele>
        <time>2022-08-26T10:46:00Z</time>
      </trkpt>
      <trkpt lat="42.959772" lon="-5.040824">
        <ele>1404.932</ele>
        <time>2022-08-26T10:46:06Z</time>
      </trkpt>
      <trkpt lat="42.959779" lon="-5.040886">
        <ele>1407.341</ele>
        <time>2022-08-26T10:46:16Z</time>
      </trkpt>
      <trkpt lat="42.959764" lon="-5.040948">
        <ele>1408.294</ele>
        <time>2022-08-26T10:46:23Z</time>
      </trkpt>
      <trkpt lat="42.959741" lon="-5.041010">
        <ele>1408.846</ele>
        <time>2022-08-26T10:46:31Z</time>
      </trkpt>
      <trkpt lat="42.959723" lon="-5.041067">
        <ele>1409.673</ele>
        <time>2022-08-26T10:46:38Z</time>
      </trkpt>
      <trkpt lat="42.959723" lon="-5.041139">
        <ele>1412.385</ele>
        <time>2022-08-26T10:46:46Z</time>
      </trkpt>
      <trkpt lat="42.959703" lon="-5.041199">
        <ele>1414.713</ele>
        <time>2022-08-26T10:46:55Z</time>
      </trkpt>
      <trkpt lat="42.959695" lon="-5.041261">
        <ele>1417.409</ele>
        <time>2022-08-26T10:47:04Z</time>
      </trkpt>
      <trkpt lat="42.959670" lon="-5.041321">
        <ele>1419.648</ele>
        <time>2022-08-26T10:47:50Z</time>
      </trkpt>
      <trkpt lat="42.959663" lon="-5.041383">
        <ele>1422.278</ele>
        <time>2022-08-26T10:47:59Z</time>
      </trkpt>
      <trkpt lat="42.959633" lon="-5.041433">
        <ele>1423.898</ele>
        <time>2022-08-26T10:48:08Z</time>
      </trkpt>
      <trkpt lat="42.959651" lon="-5.041490">
        <ele>1426.825</ele>
        <time>2022-08-26T10:48:22Z</time>
      </trkpt>
      <trkpt lat="42.959696" lon="-5.041495">
        <ele>1428.351</ele>
        <time>2022-08-26T10:48:30Z</time>
      </trkpt>
      <trkpt lat="42.959633" lon="-5.041492">
        <ele>1426.512</ele>
        <time>2022-08-26T10:48:36Z</time>
      </trkpt>
      <trkpt lat="42.959585" lon="-5.041544">
        <ele>1427.541</ele>
        <time>2022-08-26T10:48:39Z</time>
      </trkpt>
      <trkpt lat="42.959600" lon="-5.041631">
        <ele>1431.914</ele>
        <time>2022-08-26T10:48:59Z</time>
      </trkpt>
      <trkpt lat="42.959615" lon="-5.041693">
        <ele>1435.086</ele>
        <time>2022-08-26T10:49:11Z</time>
      </trkpt>
      <trkpt lat="42.959595" lon="-5.041751">
        <ele>1437.033</ele>
        <time>2022-08-26T10:49:20Z</time>
      </trkpt>
      <trkpt lat="42.959622" lon="-5.041803">
        <ele>1440.023</ele>
        <time>2022-08-26T10:49:26Z</time>
      </trkpt>
      <trkpt lat="42.959670" lon="-5.041800">
        <ele>1441.315</ele>
        <time>2022-08-26T10:49:35Z</time>
      </trkpt>
      <trkpt lat="42.959722" lon="-5.041822">
        <ele>1443.709</ele>
        <time>2022-08-26T10:49:48Z</time>
      </trkpt>
      <trkpt lat="42.959752" lon="-5.041877">
        <ele>1445.094</ele>
        <time>2022-08-26T10:50:35Z</time>
      </trkpt>
      <trkpt lat="42.959785" lon="-5.041920">
        <ele>1445.264</ele>
        <time>2022-08-26T10:50:46Z</time>
      </trkpt>
      <trkpt lat="42.959815" lon="-5.041978">
        <ele>1445.594</ele>
        <time>2022-08-26T10:51:02Z</time>
      </trkpt>
      <trkpt lat="42.959817" lon="-5.042043">
        <ele>1447.071</ele>
        <time>2022-08-26T10:51:19Z</time>
      </trkpt>
      <trkpt lat="42.959827" lon="-5.042110">
        <ele>1448.157</ele>
        <time>2022-08-26T10:52:36Z</time>
      </trkpt>
      <trkpt lat="42.959815" lon="-5.042180">
        <ele>1450.628</ele>
        <time>2022-08-26T10:53:57Z</time>
      </trkpt>
      <trkpt lat="42.959828" lon="-5.042245">
        <ele>1450.937</ele>
        <time>2022-08-26T10:54:04Z</time>
      </trkpt>
      <trkpt lat="42.959818" lon="-5.042313">
        <ele>1451.950</ele>
        <time>2022-08-26T10:54:10Z</time>
      </trkpt>
      <trkpt lat="42.959803" lon="-5.042376">
        <ele>1453.312</ele>
        <time>2022-08-26T10:54:14Z</time>
      </trkpt>
      <trkpt lat="42.959791" lon="-5.042443">
        <ele>1454.567</ele>
        <time>2022-08-26T10:54:19Z</time>
      </trkpt>
      <trkpt lat="42.959794" lon="-5.042506">
        <ele>1454.681</ele>
        <time>2022-08-26T10:54:25Z</time>
      </trkpt>
      <trkpt lat="42.959821" lon="-5.042559">
        <ele>1452.819</ele>
        <time>2022-08-26T10:54:33Z</time>
      </trkpt>
      <trkpt lat="42.959829" lon="-5.042622">
        <ele>1452.509</ele>
        <time>2022-08-26T10:54:40Z</time>
      </trkpt>
      <trkpt lat="42.959819" lon="-5.042684">
        <ele>1453.517</ele>
        <time>2022-08-26T10:54:45Z</time>
      </trkpt>
      <trkpt lat="42.959792" lon="-5.042746">
        <ele>1456.167</ele>
        <time>2022-08-26T10:54:51Z</time>
      </trkpt>
      <trkpt lat="42.959774" lon="-5.042806">
        <ele>1457.987</ele>
        <time>2022-08-26T10:54:57Z</time>
      </trkpt>
      <trkpt lat="42.959761" lon="-5.042868">
        <ele>1459.334</ele>
        <time>2022-08-26T10:55:01Z</time>
      </trkpt>
      <trkpt lat="42.959741" lon="-5.042925">
        <ele>1461.490</ele>
        <time>2022-08-26T10:55:07Z</time>
      </trkpt>
      <trkpt lat="42.959699" lon="-5.042953">
        <ele>1465.841</ele>
        <time>2022-08-26T10:55:13Z</time>
      </trkpt>
      <trkpt lat="42.959657" lon="-5.042978">
        <ele>1470.870</ele>
        <time>2022-08-26T10:55:17Z</time>
      </trkpt>
      <trkpt lat="42.959632" lon="-5.043030">
        <ele>1474.413</ele>
        <time>2022-08-26T10:55:27Z</time>
      </trkpt>
      <trkpt lat="42.959640" lon="-5.043098">
        <ele>1474.575</ele>
        <time>2022-08-26T10:55:48Z</time>
      </trkpt>
      <trkpt lat="42.959642" lon="-5.043170">
        <ele>1475.699</ele>
        <time>2022-08-26T10:56:13Z</time>
      </trkpt>
      <trkpt lat="42.959594" lon="-5.043238">
        <ele>1481.707</ele>
        <time>2022-08-26T10:56:39Z</time>
      </trkpt>
      <trkpt lat="42.959626" lon="-5.043290">
        <ele>1479.327</ele>
        <time>2022-08-26T10:56:51Z</time>
      </trkpt>
      <trkpt lat="42.959626" lon="-5.043353">
        <ele>1480.309</ele>
        <time>2022-08-26T10:58:48Z</time>
      </trkpt>
      <trkpt lat="42.959599" lon="-5.043403">
        <ele>1483.620</ele>
        <time>2022-08-26T10:58:58Z</time>
      </trkpt>
      <trkpt lat="42.959574" lon="-5.043455">
        <ele>1486.960</ele>
        <time>2022-08-26T10:59:06Z</time>
      </trkpt>
      <trkpt lat="42.959542" lon="-5.043500">
        <ele>1490.710</ele>
        <time>2022-08-26T10:59:16Z</time>
      </trkpt>
      <trkpt lat="42.959514" lon="-5.043557">
        <ele>1494.327</ele>
        <time>2022-08-26T10:59:28Z</time>
      </trkpt>
      <trkpt lat="42.959444" lon="-5.043629">
        <ele>1502.453</ele>
        <time>2022-08-26T10:59:43Z</time>
      </trkpt>
      <trkpt lat="42.959404" lon="-5.043676">
        <ele>1507.614</ele>
        <time>2022-08-26T10:59:49Z</time>
      </trkpt>
      <trkpt lat="42.959432" lon="-5.043728">
        <ele>1505.923</ele>
        <time>2022-08-26T11:00:01Z</time>
      </trkpt>
      <trkpt lat="42.959477" lon="-5.043728">
        <ele>1501.476</ele>
        <time>2022-08-26T11:00:19Z</time>
      </trkpt>
      <trkpt lat="42.959467" lon="-5.043788">
        <ele>1503.738</ele>
        <time>2022-08-26T11:00:31Z</time>
      </trkpt>
      <trkpt lat="42.959435" lon="-5.043840">
        <ele>1508.086</ele>
        <time>2022-08-26T11:01:14Z</time>
      </trkpt>
      <trkpt lat="42.959405" lon="-5.043895">
        <ele>1512.660</ele>
        <time>2022-08-26T11:01:19Z</time>
      </trkpt>
      <trkpt lat="42.959362" lon="-5.043925">
        <ele>1517.826</ele>
        <time>2022-08-26T11:01:24Z</time>
      </trkpt>
      <trkpt lat="42.959374" lon="-5.043990">
        <ele>1517.109</ele>
        <time>2022-08-26T11:01:33Z</time>
      </trkpt>
      <trkpt lat="42.959356" lon="-5.044057">
        <ele>1519.819</ele>
        <time>2022-08-26T11:01:47Z</time>
      </trkpt>
      <trkpt lat="42.959298" lon="-5.044109">
        <ele>1526.859</ele>
        <time>2022-08-26T11:01:55Z</time>
      </trkpt>
      <trkpt lat="42.959253" lon="-5.044154">
        <ele>1532.399</ele>
        <time>2022-08-26T11:02:24Z</time>
      </trkpt>
      <trkpt lat="42.959210" lon="-5.044192">
        <ele>1537.196</ele>
        <time>2022-08-26T11:03:05Z</time>
      </trkpt>
      <trkpt lat="42.959165" lon="-5.044214">
        <ele>1542.142</ele>
        <time>2022-08-26T11:03:17Z</time>
      </trkpt>
      <trkpt lat="42.959168" lon="-5.044281">
        <ele>1541.453</ele>
        <time>2022-08-26T11:03:31Z</time>
      </trkpt>
      <trkpt lat="42.959170" lon="-5.044356">
        <ele>1541.012</ele>
        <time>2022-08-26T11:03:45Z</time>
      </trkpt>
      <trkpt lat="42.959172" lon="-5.044428">
        <ele>1540.575</ele>
        <time>2022-08-26T11:03:53Z</time>
      </trkpt>
      <trkpt lat="42.959214" lon="-5.044451">
        <ele>1536.337</ele>
        <time>2022-08-26T11:04:08Z</time>
      </trkpt>
      <trkpt lat="42.959214" lon="-5.044513">
        <ele>1538.182</ele>
        <time>2022-08-26T11:04:21Z</time>
      </trkpt>
      <trkpt lat="42.959197" lon="-5.044578">
        <ele>1541.943</ele>
        <time>2022-08-26T11:04:32Z</time>
      </trkpt>
      <trkpt lat="42.959247" lon="-5.044603">
        <ele>1536.917</ele>
        <time>2022-08-26T11:04:45Z</time>
      </trkpt>
      <trkpt lat="42.959202" lon="-5.044635">
        <ele>1543.009</ele>
        <time>2022-08-26T11:05:07Z</time>
      </trkpt>
      <trkpt lat="42.959247" lon="-5.044615">
        <ele>1537.369</ele>
        <time>2022-08-26T11:05:45Z</time>
      </trkpt>
      <trkpt lat="42.959287" lon="-5.044580">
        <ele>1531.819</ele>
        <time>2022-08-26T11:07:08Z</time>
      </trkpt>
      <trkpt lat="42.959242" lon="-5.044592">
        <ele>1537.279</ele>
        <time>2022-08-26T11:08:32Z</time>
      </trkpt>
      <trkpt lat="42.959194" lon="-5.044575">
        <ele>1542.136</ele>
        <time>2022-08-26T11:09:16Z</time>
      </trkpt>
      <trkpt lat="42.959167" lon="-5.044627">
        <ele>1546.942</ele>
        <time>2022-08-26T11:09:25Z</time>
      </trkpt>
      <trkpt lat="42.959204" lon="-5.044680">
        <ele>1544.283</ele>
        <time>2022-08-26T11:09:44Z</time>
      </trkpt>
      <trkpt lat="42.959182" lon="-5.044735">
        <ele>1548.692</ele>
        <time>2022-08-26T11:09:51Z</time>
      </trkpt>
      <trkpt lat="42.959169" lon="-5.044795">
        <ele>1552.325</ele>
        <time>2022-08-26T11:10:08Z</time>
      </trkpt>
      <trkpt lat="42.959171" lon="-5.044862">
        <ele>1554.577</ele>
        <time>2022-08-26T11:10:26Z</time>
      </trkpt>
      <trkpt lat="42.959143" lon="-5.044914">
        <ele>1559.791</ele>
        <time>2022-08-26T11:10:32Z</time>
      </trkpt>
      <trkpt lat="42.959195" lon="-5.044927">
        <ele>1553.581</ele>
        <time>2022-08-26T11:10:47Z</time>
      </trkpt>
      <trkpt lat="42.959153" lon="-5.045060">
        <ele>1562.519</ele>
        <time>2022-08-26T11:11:25Z</time>
      </trkpt>
      <trkpt lat="42.959185" lon="-5.045110">
        <ele>1558.909</ele>
        <time>2022-08-26T11:11:32Z</time>
      </trkpt>
      <trkpt lat="42.959183" lon="-5.045182">
        <ele>1560.120</ele>
        <time>2022-08-26T11:11:43Z</time>
      </trkpt>
      <trkpt lat="42.959158" lon="-5.045235">
        <ele>1564.560</ele>
        <time>2022-08-26T11:11:51Z</time>
      </trkpt>
      <trkpt lat="42.959150" lon="-5.045322">
        <ele>1567.980</ele>
        <time>2022-08-26T11:12:29Z</time>
      </trkpt>
      <trkpt lat="42.959178" lon="-5.045372">
        <ele>1565.577</ele>
        <time>2022-08-26T11:12:39Z</time>
      </trkpt>
      <trkpt lat="42.959166" lon="-5.045437">
        <ele>1569.873</ele>
        <time>2022-08-26T11:13:30Z</time>
      </trkpt>
      <trkpt lat="42.959139" lon="-5.045590">
        <ele>1577.984</ele>
        <time>2022-08-26T11:14:03Z</time>
      </trkpt>
      <trkpt lat="42.959109" lon="-5.045645">
        <ele>1582.393</ele>
        <time>2022-08-26T11:15:03Z</time>
      </trkpt>
      <trkpt lat="42.959067" lon="-5.045690">
        <ele>1588.546</ele>
        <time>2022-08-26T11:15:09Z</time>
      </trkpt>
      <trkpt lat="42.959080" lon="-5.045777">
        <ele>1587.378</ele>
        <time>2022-08-26T11:15:27Z</time>
      </trkpt>
      <trkpt lat="42.959068" lon="-5.045844">
        <ele>1589.323</ele>
        <time>2022-08-26T11:15:44Z</time>
      </trkpt>
      <trkpt lat="42.959023" lon="-5.045864">
        <ele>1595.583</ele>
        <time>2022-08-26T11:16:03Z</time>
      </trkpt>
      <trkpt lat="42.959080" lon="-5.045882">
        <ele>1586.611</ele>
        <time>2022-08-26T11:16:12Z</time>
      </trkpt>
      <trkpt lat="42.959048" lon="-5.045940">
        <ele>1589.909</ele>
        <time>2022-08-26T11:16:53Z</time>
      </trkpt>
      <trkpt lat="42.959030" lon="-5.046002">
        <ele>1591.213</ele>
        <time>2022-08-26T11:17:05Z</time>
      </trkpt>
      <trkpt lat="42.959015" lon="-5.046064">
        <ele>1592.153</ele>
        <time>2022-08-26T11:17:12Z</time>
      </trkpt>
      <trkpt lat="42.959000" lon="-5.046126">
        <ele>1592.583</ele>
        <time>2022-08-26T11:17:22Z</time>
      </trkpt>
      <trkpt lat="42.958987" lon="-5.046189">
        <ele>1590.950</ele>
        <time>2022-08-26T11:20:06Z</time>
      </trkpt>
      <trkpt lat="42.958952" lon="-5.046231">
        <ele>1594.156</ele>
        <time>2022-08-26T11:20:15Z</time>
      </trkpt>
      <trkpt lat="42.958902" lon="-5.046246">
        <ele>1601.587</ele>
        <time>2022-08-26T11:20:24Z</time>
      </trkpt>
      <trkpt lat="42.958854" lon="-5.046249">
        <ele>1605.376</ele>
        <time>2022-08-26T11:20:30Z</time>
      </trkpt>
      <trkpt lat="42.958806" lon="-5.046259">
        <ele>1607.229</ele>
        <time>2022-08-26T11:20:37Z</time>
      </trkpt>
      <trkpt lat="42.958761" lon="-5.046272">
        <ele>1608.891</ele>
        <time>2022-08-26T11:20:43Z</time>
      </trkpt>
      <trkpt lat="42.958716" lon="-5.046274">
        <ele>1610.995</ele>
        <time>2022-08-26T11:20:56Z</time>
      </trkpt>
      <trkpt lat="42.958681" lon="-5.046231">
        <ele>1615.049</ele>
        <time>2022-08-26T11:21:26Z</time>
      </trkpt>
      <trkpt lat="42.958643" lon="-5.046183">
        <ele>1619.523</ele>
        <time>2022-08-26T11:21:36Z</time>
      </trkpt>
      <trkpt lat="42.958628" lon="-5.046118">
        <ele>1623.809</ele>
        <time>2022-08-26T11:21:59Z</time>
      </trkpt>
      <trkpt lat="42.958583" lon="-5.046116">
        <ele>1626.510</ele>
        <time>2022-08-26T11:22:09Z</time>
      </trkpt>
      <trkpt lat="42.958540" lon="-5.046081">
        <ele>1631.240</ele>
        <time>2022-08-26T11:22:24Z</time>
      </trkpt>
      <trkpt lat="42.958498" lon="-5.046056">
        <ele>1635.180</ele>
        <time>2022-08-26T11:22:44Z</time>
      </trkpt>
      <trkpt lat="42.958441" lon="-5.045984">
        <ele>1642.197</ele>
        <time>2022-08-26T11:24:13Z</time>
      </trkpt>
      <trkpt lat="42.958354" lon="-5.045827">
        <ele>1653.143</ele>
        <time>2022-08-26T11:25:16Z</time>
      </trkpt>
      <trkpt lat="42.958316" lon="-5.045867">
        <ele>1653.074</ele>
        <time>2022-08-26T11:25:21Z</time>
      </trkpt>
      <trkpt lat="42.958264" lon="-5.045880">
        <ele>1654.113</ele>
        <time>2022-08-26T11:25:35Z</time>
      </trkpt>
      <trkpt lat="42.958219" lon="-5.045875">
        <ele>1655.676</ele>
        <time>2022-08-26T11:26:03Z</time>
      </trkpt>
      <trkpt lat="42.958172" lon="-5.045878">
        <ele>1656.998</ele>
        <time>2022-08-26T11:26:13Z</time>
      </trkpt>
      <trkpt lat="42.958122" lon="-5.045913">
        <ele>1658.963</ele>
        <time>2022-08-26T11:26:40Z</time>
      </trkpt>
      <trkpt lat="42.958119" lon="-5.045976">
        <ele>1660.044</ele>
        <time>2022-08-26T11:26:56Z</time>
      </trkpt>
      <trkpt lat="42.958077" lon="-5.045953">
        <ele>1661.818</ele>
        <time>2022-08-26T11:27:16Z</time>
      </trkpt>
      <trkpt lat="42.958044" lon="-5.046038">
        <ele>1664.709</ele>
        <time>2022-08-26T11:27:37Z</time>
      </trkpt>
      <trkpt lat="42.958014" lon="-5.046091">
        <ele>1664.387</ele>
        <time>2022-08-26T11:27:45Z</time>
      </trkpt>
      <trkpt lat="42.958047" lon="-5.046148">
        <ele>1666.287</ele>
        <time>2022-08-26T11:29:46Z</time>
      </trkpt>
      <trkpt lat="42.958039" lon="-5.046085">
        <ele>1665.987</ele>
        <time>2022-08-26T11:33:48Z</time>
      </trkpt>
      <trkpt lat="42.958019" lon="-5.046018">
        <ele>1662.074</ele>
        <time>2022-08-26T11:36:19Z</time>
      </trkpt>
      <trkpt lat="42.958046" lon="-5.045960">
        <ele>1662.260</ele>
        <time>2022-08-26T11:36:30Z</time>
      </trkpt>
      <trkpt lat="42.958091" lon="-5.045965">
        <ele>1661.411</ele>
        <time>2022-08-26T11:36:42Z</time>
      </trkpt>
      <trkpt lat="42.958209" lon="-5.045892">
        <ele>1655.740</ele>
        <time>2022-08-26T11:37:42Z</time>
      </trkpt>
      <trkpt lat="42.958252" lon="-5.045920">
        <ele>1653.673</ele>
        <time>2022-08-26T11:37:56Z</time>
      </trkpt>
      <trkpt lat="42.958297" lon="-5.045945">
        <ele>1650.975</ele>
        <time>2022-08-26T11:38:22Z</time>
      </trkpt>
      <trkpt lat="42.958342" lon="-5.045975">
        <ele>1647.524</ele>
        <time>2022-08-26T11:39:03Z</time>
      </trkpt>
      <trkpt lat="42.958387" lon="-5.045983">
        <ele>1644.904</ele>
        <time>2022-08-26T11:39:12Z</time>
      </trkpt>
      <trkpt lat="42.958412" lon="-5.046035">
        <ele>1641.014</ele>
        <time>2022-08-26T11:39:27Z</time>
      </trkpt>
      <trkpt lat="42.958482" lon="-5.046073">
        <ele>1635.109</ele>
        <time>2022-08-26T11:39:57Z</time>
      </trkpt>
      <trkpt lat="42.958497" lon="-5.046133">
        <ele>1631.143</ele>
        <time>2022-08-26T11:40:28Z</time>
      </trkpt>
      <trkpt lat="42.958549" lon="-5.046146">
        <ele>1627.213</ele>
        <time>2022-08-26T11:40:56Z</time>
      </trkpt>
      <trkpt lat="42.958592" lon="-5.046179">
        <ele>1622.783</ele>
        <time>2022-08-26T11:41:22Z</time>
      </trkpt>
      <trkpt lat="42.958647" lon="-5.046256">
        <ele>1615.480</ele>
        <time>2022-08-26T11:41:50Z</time>
      </trkpt>
      <trkpt lat="42.958694" lon="-5.046264">
        <ele>1612.686</ele>
        <time>2022-08-26T11:42:07Z</time>
      </trkpt>
      <trkpt lat="42.958744" lon="-5.046264">
        <ele>1610.077</ele>
        <time>2022-08-26T11:42:14Z</time>
      </trkpt>
      <trkpt lat="42.958777" lon="-5.046219">
        <ele>1610.856</ele>
        <time>2022-08-26T11:42:24Z</time>
      </trkpt>
      <trkpt lat="42.958822" lon="-5.046231">
        <ele>1607.969</ele>
        <time>2022-08-26T11:42:29Z</time>
      </trkpt>
      <trkpt lat="42.958877" lon="-5.046238">
        <ele>1604.751</ele>
        <time>2022-08-26T11:42:34Z</time>
      </trkpt>
      <trkpt lat="42.958920" lon="-5.046220">
        <ele>1600.032</ele>
        <time>2022-08-26T11:42:40Z</time>
      </trkpt>
      <trkpt lat="42.958952" lon="-5.046172">
        <ele>1597.592</ele>
        <time>2022-08-26T11:42:46Z</time>
      </trkpt>
      <trkpt lat="42.958987" lon="-5.046129">
        <ele>1594.411</ele>
        <time>2022-08-26T11:42:53Z</time>
      </trkpt>
      <trkpt lat="42.958995" lon="-5.046067">
        <ele>1595.209</ele>
        <time>2022-08-26T11:43:00Z</time>
      </trkpt>
      <trkpt lat="42.959012" lon="-5.046004">
        <ele>1593.954</ele>
        <time>2022-08-26T11:43:06Z</time>
      </trkpt>
      <trkpt lat="42.959039" lon="-5.045949">
        <ele>1591.154</ele>
        <time>2022-08-26T11:43:15Z</time>
      </trkpt>
      <trkpt lat="42.959057" lon="-5.045892">
        <ele>1589.794</ele>
        <time>2022-08-26T11:43:28Z</time>
      </trkpt>
      <trkpt lat="42.959050" lon="-5.045800">
        <ele>1591.941</ele>
        <time>2022-08-26T11:43:53Z</time>
      </trkpt>
      <trkpt lat="42.959072" lon="-5.045742">
        <ele>1588.227</ele>
        <time>2022-08-26T11:44:03Z</time>
      </trkpt>
      <trkpt lat="42.959085" lon="-5.045682">
        <ele>1585.958</ele>
        <time>2022-08-26T11:44:21Z</time>
      </trkpt>
      <trkpt lat="42.959110" lon="-5.045627">
        <ele>1582.067</ele>
        <time>2022-08-26T11:44:37Z</time>
      </trkpt>
      <trkpt lat="42.959150" lon="-5.045567">
        <ele>1576.330</ele>
        <time>2022-08-26T11:45:06Z</time>
      </trkpt>
      <trkpt lat="42.959130" lon="-5.045500">
        <ele>1576.992</ele>
        <time>2022-08-26T11:45:31Z</time>
      </trkpt>
      <trkpt lat="42.959153" lon="-5.045445">
        <ele>1571.987</ele>
        <time>2022-08-26T11:45:42Z</time>
      </trkpt>
      <trkpt lat="42.959135" lon="-5.045388">
        <ele>1572.342</ele>
        <time>2022-08-26T11:45:48Z</time>
      </trkpt>
      <trkpt lat="42.959123" lon="-5.045310">
        <ele>1571.126</ele>
        <time>2022-08-26T11:46:05Z</time>
      </trkpt>
      <trkpt lat="42.959158" lon="-5.045253">
        <ele>1564.809</ele>
        <time>2022-08-26T11:46:10Z</time>
      </trkpt>
      <trkpt lat="42.959175" lon="-5.045195">
        <ele>1561.589</ele>
        <time>2022-08-26T11:46:18Z</time>
      </trkpt>
      <trkpt lat="42.959175" lon="-5.045133">
        <ele>1560.769</ele>
        <time>2022-08-26T11:46:26Z</time>
      </trkpt>
      <trkpt lat="42.959182" lon="-5.045068">
        <ele>1558.799</ele>
        <time>2022-08-26T11:46:35Z</time>
      </trkpt>
      <trkpt lat="42.959180" lon="-5.045003">
        <ele>1558.296</ele>
        <time>2022-08-26T11:46:46Z</time>
      </trkpt>
      <trkpt lat="42.959165" lon="-5.044938">
        <ele>1558.012</ele>
        <time>2022-08-26T11:46:57Z</time>
      </trkpt>
      <trkpt lat="42.959143" lon="-5.044876">
        <ele>1558.433</ele>
        <time>2022-08-26T11:47:10Z</time>
      </trkpt>
      <trkpt lat="42.959155" lon="-5.044816">
        <ele>1554.812</ele>
        <time>2022-08-26T11:47:23Z</time>
      </trkpt>
      <trkpt lat="42.959197" lon="-5.044793">
        <ele>1548.765</ele>
        <time>2022-08-26T11:47:38Z</time>
      </trkpt>
      <trkpt lat="42.959180" lon="-5.044731">
        <ele>1548.797</ele>
        <time>2022-08-26T11:47:51Z</time>
      </trkpt>
      <trkpt lat="42.959160" lon="-5.044674">
        <ele>1549.424</ele>
        <time>2022-08-26T11:47:58Z</time>
      </trkpt>
      <trkpt lat="42.959188" lon="-5.044624">
        <ele>1544.304</ele>
        <time>2022-08-26T11:48:10Z</time>
      </trkpt>
      <trkpt lat="42.959196" lon="-5.044562">
        <ele>1541.514</ele>
        <time>2022-08-26T11:48:27Z</time>
      </trkpt>
      <trkpt lat="42.959219" lon="-5.044467">
        <ele>1536.209</ele>
        <time>2022-08-26T11:48:53Z</time>
      </trkpt>
      <trkpt lat="42.959264" lon="-5.044447">
        <ele>1530.953</ele>
        <time>2022-08-26T11:49:00Z</time>
      </trkpt>
      <trkpt lat="42.959244" lon="-5.044387">
        <ele>1533.043</ele>
        <time>2022-08-26T11:49:10Z</time>
      </trkpt>
      <trkpt lat="42.959244" lon="-5.044319">
        <ele>1533.193</ele>
        <time>2022-08-26T11:49:16Z</time>
      </trkpt>
      <trkpt lat="42.959262" lon="-5.044257">
        <ele>1531.370</ele>
        <time>2022-08-26T11:49:20Z</time>
      </trkpt>
      <trkpt lat="42.959295" lon="-5.044202">
        <ele>1527.766</ele>
        <time>2022-08-26T11:49:26Z</time>
      </trkpt>
      <trkpt lat="42.959322" lon="-5.044140">
        <ele>1524.447</ele>
        <time>2022-08-26T11:49:41Z</time>
      </trkpt>
      <trkpt lat="42.959350" lon="-5.044073">
        <ele>1520.666</ele>
        <time>2022-08-26T11:49:56Z</time>
      </trkpt>
      <trkpt lat="42.959358" lon="-5.044011">
        <ele>1519.169</ele>
        <time>2022-08-26T11:50:02Z</time>
      </trkpt>
      <trkpt lat="42.959366" lon="-5.043944">
        <ele>1517.651</ele>
        <time>2022-08-26T11:50:14Z</time>
      </trkpt>
      <trkpt lat="42.959398" lon="-5.043899">
        <ele>1513.514</ele>
        <time>2022-08-26T11:50:23Z</time>
      </trkpt>
      <trkpt lat="42.959413" lon="-5.043839">
        <ele>1510.554</ele>
        <time>2022-08-26T11:50:35Z</time>
      </trkpt>
      <trkpt lat="42.959425" lon="-5.043779">
        <ele>1507.809</ele>
        <time>2022-08-26T11:50:46Z</time>
      </trkpt>
      <trkpt lat="42.959432" lon="-5.043707">
        <ele>1505.409</ele>
        <time>2022-08-26T11:51:05Z</time>
      </trkpt>
      <trkpt lat="42.959457" lon="-5.043615">
        <ele>1500.912</ele>
        <time>2022-08-26T11:51:32Z</time>
      </trkpt>
      <trkpt lat="42.959485" lon="-5.043565">
        <ele>1497.332</ele>
        <time>2022-08-26T11:51:42Z</time>
      </trkpt>
      <trkpt lat="42.959507" lon="-5.043510">
        <ele>1494.262</ele>
        <time>2022-08-26T11:51:54Z</time>
      </trkpt>
      <trkpt lat="42.959522" lon="-5.043450">
        <ele>1491.799</ele>
        <time>2022-08-26T11:52:06Z</time>
      </trkpt>
      <trkpt lat="42.959555" lon="-5.043403">
        <ele>1487.845</ele>
        <time>2022-08-26T11:52:14Z</time>
      </trkpt>
      <trkpt lat="42.959565" lon="-5.043338">
        <ele>1485.886</ele>
        <time>2022-08-26T11:52:25Z</time>
      </trkpt>
      <trkpt lat="42.959598" lon="-5.043288">
        <ele>1482.085</ele>
        <time>2022-08-26T11:52:37Z</time>
      </trkpt>
      <trkpt lat="42.959621" lon="-5.043146">
        <ele>1477.598</ele>
        <time>2022-08-26T11:53:20Z</time>
      </trkpt>
      <trkpt lat="42.959658" lon="-5.043094">
        <ele>1472.440</ele>
        <time>2022-08-26T11:53:41Z</time>
      </trkpt>
      <trkpt lat="42.959681" lon="-5.043036">
        <ele>1468.793</ele>
        <time>2022-08-26T11:53:54Z</time>
      </trkpt>
      <trkpt lat="42.959694" lon="-5.042976">
        <ele>1466.665</ele>
        <time>2022-08-26T11:54:01Z</time>
      </trkpt>
      <trkpt lat="42.959716" lon="-5.042909">
        <ele>1463.621</ele>
        <time>2022-08-26T11:54:17Z</time>
      </trkpt>
      <trkpt lat="42.959746" lon="-5.042859">
        <ele>1460.509</ele>
        <time>2022-08-26T11:54:26Z</time>
      </trkpt>
      <trkpt lat="42.959739" lon="-5.042797">
        <ele>1460.740</ele>
        <time>2022-08-26T11:54:33Z</time>
      </trkpt>
      <trkpt lat="42.959737" lon="-5.042730">
        <ele>1460.560</ele>
        <time>2022-08-26T11:54:39Z</time>
      </trkpt>
      <trkpt lat="42.959757" lon="-5.042670">
        <ele>1458.490</ele>
        <time>2022-08-26T11:54:44Z</time>
      </trkpt>
      <trkpt lat="42.959754" lon="-5.042598">
        <ele>1458.267</ele>
        <time>2022-08-26T11:54:51Z</time>
      </trkpt>
      <trkpt lat="42.959742" lon="-5.042538">
        <ele>1458.853</ele>
        <time>2022-08-26T11:54:57Z</time>
      </trkpt>
      <trkpt lat="42.959760" lon="-5.042478">
        <ele>1457.074</ele>
        <time>2022-08-26T11:55:05Z</time>
      </trkpt>
      <trkpt lat="42.959773" lon="-5.042416">
        <ele>1455.763</ele>
        <time>2022-08-26T11:55:09Z</time>
      </trkpt>
      <trkpt lat="42.959783" lon="-5.042356">
        <ele>1454.626</ele>
        <time>2022-08-26T11:55:14Z</time>
      </trkpt>
      <trkpt lat="42.959780" lon="-5.042284">
        <ele>1454.488</ele>
        <time>2022-08-26T11:55:19Z</time>
      </trkpt>
      <trkpt lat="42.959785" lon="-5.042207">
        <ele>1453.353</ele>
        <time>2022-08-26T11:55:24Z</time>
      </trkpt>
      <trkpt lat="42.959768" lon="-5.042135">
        <ele>1452.404</ele>
        <time>2022-08-26T11:55:29Z</time>
      </trkpt>
      <trkpt lat="42.959786" lon="-5.042078">
        <ele>1449.714</ele>
        <time>2022-08-26T11:55:34Z</time>
      </trkpt>
      <trkpt lat="42.959788" lon="-5.042016">
        <ele>1447.909</ele>
        <time>2022-08-26T11:55:41Z</time>
      </trkpt>
      <trkpt lat="42.959773" lon="-5.041953">
        <ele>1446.946</ele>
        <time>2022-08-26T11:55:51Z</time>
      </trkpt>
      <trkpt lat="42.959751" lon="-5.041891">
        <ele>1445.646</ele>
        <time>2022-08-26T11:55:59Z</time>
      </trkpt>
      <trkpt lat="42.959736" lon="-5.041808">
        <ele>1442.846</ele>
        <time>2022-08-26T11:56:19Z</time>
      </trkpt>
      <trkpt lat="42.959706" lon="-5.041735">
        <ele>1439.513</ele>
        <time>2022-08-26T11:56:36Z</time>
      </trkpt>
      <trkpt lat="42.959661" lon="-5.041758">
        <ele>1439.229</ele>
        <time>2022-08-26T11:56:47Z</time>
      </trkpt>
      <trkpt lat="42.959613" lon="-5.041761">
        <ele>1437.940</ele>
        <time>2022-08-26T11:56:54Z</time>
      </trkpt>
      <trkpt lat="42.959606" lon="-5.041698">
        <ele>1435.079</ele>
        <time>2022-08-26T11:57:03Z</time>
      </trkpt>
      <trkpt lat="42.959586" lon="-5.041638">
        <ele>1431.822</ele>
        <time>2022-08-26T11:57:08Z</time>
      </trkpt>
      <trkpt lat="42.959583" lon="-5.041576">
        <ele>1428.924</ele>
        <time>2022-08-26T11:57:13Z</time>
      </trkpt>
      <trkpt lat="42.959601" lon="-5.041511">
        <ele>1426.596</ele>
        <time>2022-08-26T11:57:30Z</time>
      </trkpt>
      <trkpt lat="42.959578" lon="-5.041453">
        <ele>1423.231</ele>
        <time>2022-08-26T11:57:46Z</time>
      </trkpt>
      <trkpt lat="42.959581" lon="-5.041386">
        <ele>1420.324</ele>
        <time>2022-08-26T11:57:56Z</time>
      </trkpt>
      <trkpt lat="42.959616" lon="-5.041346">
        <ele>1419.409</ele>
        <time>2022-08-26T11:58:01Z</time>
      </trkpt>
      <trkpt lat="42.959621" lon="-5.041273">
        <ele>1416.290</ele>
        <time>2022-08-26T11:58:08Z</time>
      </trkpt>
      <trkpt lat="42.959621" lon="-5.041210">
        <ele>1413.330</ele>
        <time>2022-08-26T11:58:13Z</time>
      </trkpt>
      <trkpt lat="42.959643" lon="-5.041143">
        <ele>1410.760</ele>
        <time>2022-08-26T11:58:20Z</time>
      </trkpt>
      <trkpt lat="42.959648" lon="-5.041066">
        <ele>1407.947</ele>
        <time>2022-08-26T11:58:27Z</time>
      </trkpt>
      <trkpt lat="42.959673" lon="-5.041008">
        <ele>1406.593</ele>
        <time>2022-08-26T11:58:31Z</time>
      </trkpt>
      <trkpt lat="42.959691" lon="-5.040946">
        <ele>1404.994</ele>
        <time>2022-08-26T11:58:38Z</time>
      </trkpt>
      <trkpt lat="42.959706" lon="-5.040881">
        <ele>1403.153</ele>
        <time>2022-08-26T11:58:45Z</time>
      </trkpt>
      <trkpt lat="42.959721" lon="-5.040809">
        <ele>1401.266</ele>
        <time>2022-08-26T11:58:51Z</time>
      </trkpt>
      <trkpt lat="42.959726" lon="-5.040742">
        <ele>1399.388</ele>
        <time>2022-08-26T11:58:55Z</time>
      </trkpt>
      <trkpt lat="42.959708" lon="-5.040685">
        <ele>1396.834</ele>
        <time>2022-08-26T11:59:01Z</time>
      </trkpt>
      <trkpt lat="42.959706" lon="-5.040620">
        <ele>1394.755</ele>
        <time>2022-08-26T11:59:08Z</time>
      </trkpt>
      <trkpt lat="42.959713" lon="-5.040538">
        <ele>1392.310</ele>
        <time>2022-08-26T11:59:45Z</time>
      </trkpt>
      <trkpt lat="42.959715" lon="-5.040463">
        <ele>1390.509</ele>
        <time>2022-08-26T11:59:49Z</time>
      </trkpt>
      <trkpt lat="42.959705" lon="-5.040393">
        <ele>1388.514</ele>
        <time>2022-08-26T11:59:53Z</time>
      </trkpt>
      <trkpt lat="42.959678" lon="-5.040328">
        <ele>1386.244</ele>
        <time>2022-08-26T11:59:59Z</time>
      </trkpt>
      <trkpt lat="42.959678" lon="-5.040265">
        <ele>1384.694</ele>
        <time>2022-08-26T12:00:03Z</time>
      </trkpt>
      <trkpt lat="42.959673" lon="-5.040192">
        <ele>1383.221</ele>
        <time>2022-08-26T12:00:07Z</time>
      </trkpt>
      <trkpt lat="42.959671" lon="-5.040127">
        <ele>1381.957</ele>
        <time>2022-08-26T12:00:12Z</time>
      </trkpt>
      <trkpt lat="42.959669" lon="-5.040045">
        <ele>1380.358</ele>
        <time>2022-08-26T12:00:16Z</time>
      </trkpt>
      <trkpt lat="42.959651" lon="-5.039982">
        <ele>1378.717</ele>
        <time>2022-08-26T12:00:21Z</time>
      </trkpt>
      <trkpt lat="42.959631" lon="-5.039920">
        <ele>1377.320</ele>
        <time>2022-08-26T12:00:27Z</time>
      </trkpt>
      <trkpt lat="42.959618" lon="-5.039848">
        <ele>1375.962</ele>
        <time>2022-08-26T12:00:32Z</time>
      </trkpt>
      <trkpt lat="42.959581" lon="-5.039778">
        <ele>1373.746</ele>
        <time>2022-08-26T12:00:36Z</time>
      </trkpt>
      <trkpt lat="42.959556" lon="-5.039726">
        <ele>1372.188</ele>
        <time>2022-08-26T12:00:39Z</time>
      </trkpt>
      <trkpt lat="42.959534" lon="-5.039654">
        <ele>1370.416</ele>
        <time>2022-08-26T12:00:43Z</time>
      </trkpt>
      <trkpt lat="42.959502" lon="-5.039607">
        <ele>1368.709</ele>
        <time>2022-08-26T12:00:48Z</time>
      </trkpt>
      <trkpt lat="42.959465" lon="-5.039550">
        <ele>1366.855</ele>
        <time>2022-08-26T12:00:53Z</time>
      </trkpt>
      <trkpt lat="42.959423" lon="-5.039513">
        <ele>1365.565</ele>
        <time>2022-08-26T12:00:56Z</time>
      </trkpt>
      <trkpt lat="42.959376" lon="-5.039493">
        <ele>1364.685</ele>
        <time>2022-08-26T12:00:59Z</time>
      </trkpt>
      <trkpt lat="42.959341" lon="-5.039430">
        <ele>1363.332</ele>
        <time>2022-08-26T12:01:04Z</time>
      </trkpt>
      <trkpt lat="42.959309" lon="-5.039385">
        <ele>1362.118</ele>
        <time>2022-08-26T12:01:07Z</time>
      </trkpt>
      <trkpt lat="42.959287" lon="-5.039328">
        <ele>1360.979</ele>
        <time>2022-08-26T12:01:10Z</time>
      </trkpt>
      <trkpt lat="42.959259" lon="-5.039278">
        <ele>1359.788</ele>
        <time>2022-08-26T12:01:14Z</time>
      </trkpt>
      <trkpt lat="42.959227" lon="-5.039233">
        <ele>1358.761</ele>
        <time>2022-08-26T12:01:17Z</time>
      </trkpt>
      <trkpt lat="42.959199" lon="-5.039183">
        <ele>1357.643</ele>
        <time>2022-08-26T12:01:21Z</time>
      </trkpt>
      <trkpt lat="42.959182" lon="-5.039121">
        <ele>1356.486</ele>
        <time>2022-08-26T12:01:39Z</time>
      </trkpt>
      <trkpt lat="42.959187" lon="-5.039059">
        <ele>1355.360</ele>
        <time>2022-08-26T12:01:48Z</time>
      </trkpt>
      <trkpt lat="42.959145" lon="-5.039012">
        <ele>1354.526</ele>
        <time>2022-08-26T12:02:00Z</time>
      </trkpt>
      <trkpt lat="42.959123" lon="-5.038954">
        <ele>1353.609</ele>
        <time>2022-08-26T12:02:04Z</time>
      </trkpt>
      <trkpt lat="42.959101" lon="-5.038899">
        <ele>1352.929</ele>
        <time>2022-08-26T12:02:08Z</time>
      </trkpt>
      <trkpt lat="42.959098" lon="-5.038829">
        <ele>1351.419</ele>
        <time>2022-08-26T12:02:12Z</time>
      </trkpt>
      <trkpt lat="42.959090" lon="-5.038761">
        <ele>1350.179</ele>
        <time>2022-08-26T12:02:17Z</time>
      </trkpt>
      <trkpt lat="42.959070" lon="-5.038699">
        <ele>1348.946</ele>
        <time>2022-08-26T12:02:21Z</time>
      </trkpt>
      <trkpt lat="42.959035" lon="-5.038657">
        <ele>1348.452</ele>
        <time>2022-08-26T12:02:25Z</time>
      </trkpt>
      <trkpt lat="42.959012" lon="-5.038604">
        <ele>1347.553</ele>
        <time>2022-08-26T12:02:28Z</time>
      </trkpt>
      <trkpt lat="42.958990" lon="-5.038539">
        <ele>1346.632</ele>
        <time>2022-08-26T12:02:33Z</time>
      </trkpt>
      <trkpt lat="42.958993" lon="-5.038472">
        <ele>1345.445</ele>
        <time>2022-08-26T12:02:37Z</time>
      </trkpt>
      <trkpt lat="42.959000" lon="-5.038404">
        <ele>1344.117</ele>
        <time>2022-08-26T12:02:42Z</time>
      </trkpt>
      <trkpt lat="42.958995" lon="-5.038336">
        <ele>1342.918</ele>
        <time>2022-08-26T12:02:46Z</time>
      </trkpt>
      <trkpt lat="42.959008" lon="-5.038271">
        <ele>1341.398</ele>
        <time>2022-08-26T12:02:51Z</time>
      </trkpt>
      <trkpt lat="42.958988" lon="-5.038214">
        <ele>1340.217</ele>
        <time>2022-08-26T12:02:54Z</time>
      </trkpt>
      <trkpt lat="42.958971" lon="-5.038146">
        <ele>1338.809</ele>
        <time>2022-08-26T12:02:58Z</time>
      </trkpt>
      <trkpt lat="42.958971" lon="-5.038084">
        <ele>1337.452</ele>
        <time>2022-08-26T12:03:01Z</time>
      </trkpt>
      <trkpt lat="42.958949" lon="-5.038019">
        <ele>1336.032</ele>
        <time>2022-08-26T12:03:06Z</time>
      </trkpt>
      <trkpt lat="42.958976" lon="-5.037961">
        <ele>1334.812</ele>
        <time>2022-08-26T12:03:13Z</time>
      </trkpt>
      <trkpt lat="42.958943" lon="-5.037919">
        <ele>1334.079</ele>
        <time>2022-08-26T12:03:17Z</time>
      </trkpt>
      <trkpt lat="42.958905" lon="-5.037882">
        <ele>1333.275</ele>
        <time>2022-08-26T12:03:22Z</time>
      </trkpt>
      <trkpt lat="42.958867" lon="-5.037822">
        <ele>1331.966</ele>
        <time>2022-08-26T12:03:28Z</time>
      </trkpt>
      <trkpt lat="42.958825" lon="-5.037789">
        <ele>1331.065</ele>
        <time>2022-08-26T12:03:32Z</time>
      </trkpt>
      <trkpt lat="42.958778" lon="-5.037787">
        <ele>1330.888</ele>
        <time>2022-08-26T12:03:38Z</time>
      </trkpt>
      <trkpt lat="42.958730" lon="-5.037794">
        <ele>1330.850</ele>
        <time>2022-08-26T12:04:25Z</time>
      </trkpt>
      <trkpt lat="42.958690" lon="-5.037766">
        <ele>1330.065</ele>
        <time>2022-08-26T12:04:34Z</time>
      </trkpt>
      <trkpt lat="42.958653" lon="-5.037728">
        <ele>1328.968</ele>
        <time>2022-08-26T12:04:38Z</time>
      </trkpt>
      <trkpt lat="42.958606" lon="-5.037711">
        <ele>1328.414</ele>
        <time>2022-08-26T12:04:43Z</time>
      </trkpt>
      <trkpt lat="42.958563" lon="-5.037684">
        <ele>1328.009</ele>
        <time>2022-08-26T12:04:48Z</time>
      </trkpt>
      <trkpt lat="42.958513" lon="-5.037657">
        <ele>1327.787</ele>
        <time>2022-08-26T12:04:53Z</time>
      </trkpt>
      <trkpt lat="42.958465" lon="-5.037627">
        <ele>1327.237</ele>
        <time>2022-08-26T12:04:58Z</time>
      </trkpt>
      <trkpt lat="42.958418" lon="-5.037622">
        <ele>1327.447</ele>
        <time>2022-08-26T12:05:03Z</time>
      </trkpt>
      <trkpt lat="42.958376" lon="-5.037575">
        <ele>1326.294</ele>
        <time>2022-08-26T12:05:08Z</time>
      </trkpt>
      <trkpt lat="42.958323" lon="-5.037555">
        <ele>1325.970</ele>
        <time>2022-08-26T12:05:12Z</time>
      </trkpt>
      <trkpt lat="42.958283" lon="-5.037522">
        <ele>1325.321</ele>
        <time>2022-08-26T12:05:15Z</time>
      </trkpt>
      <trkpt lat="42.958245" lon="-5.037474">
        <ele>1324.360</ele>
        <time>2022-08-26T12:05:20Z</time>
      </trkpt>
      <trkpt lat="42.958208" lon="-5.037429">
        <ele>1323.783</ele>
        <time>2022-08-26T12:05:24Z</time>
      </trkpt>
      <trkpt lat="42.958170" lon="-5.037384">
        <ele>1323.175</ele>
        <time>2022-08-26T12:05:28Z</time>
      </trkpt>
      <trkpt lat="42.958130" lon="-5.037331">
        <ele>1322.479</ele>
        <time>2022-08-26T12:05:32Z</time>
      </trkpt>
      <trkpt lat="42.958097" lon="-5.037278">
        <ele>1321.605</ele>
        <time>2022-08-26T12:05:37Z</time>
      </trkpt>
      <trkpt lat="42.958047" lon="-5.037255">
        <ele>1321.825</ele>
        <time>2022-08-26T12:05:42Z</time>
      </trkpt>
      <trkpt lat="42.958004" lon="-5.037207">
        <ele>1321.609</ele>
        <time>2022-08-26T12:05:46Z</time>
      </trkpt>
      <trkpt lat="42.957992" lon="-5.037142">
        <ele>1321.188</ele>
        <time>2022-08-26T12:05:52Z</time>
      </trkpt>
      <trkpt lat="42.957959" lon="-5.037089">
        <ele>1321.128</ele>
        <time>2022-08-26T12:05:57Z</time>
      </trkpt>
      <trkpt lat="42.957946" lon="-5.037019">
        <ele>1320.798</ele>
        <time>2022-08-26T12:06:02Z</time>
      </trkpt>
      <trkpt lat="42.957998" lon="-5.037042">
        <ele>1320.035</ele>
        <time>2022-08-26T12:06:33Z</time>
      </trkpt>
      <trkpt lat="42.958043" lon="-5.037019">
        <ele>1319.061</ele>
        <time>2022-08-26T12:06:38Z</time>
      </trkpt>
      <trkpt lat="42.958096" lon="-5.037004">
        <ele>1317.842</ele>
        <time>2022-08-26T12:06:43Z</time>
      </trkpt>
      <trkpt lat="42.958153" lon="-5.036984">
        <ele>1316.421</ele>
        <time>2022-08-26T12:06:47Z</time>
      </trkpt>
      <trkpt lat="42.958201" lon="-5.036977">
        <ele>1315.394</ele>
        <time>2022-08-26T12:06:50Z</time>
      </trkpt>
      <trkpt lat="42.958244" lon="-5.036960">
        <ele>1314.256</ele>
        <time>2022-08-26T12:06:53Z</time>
      </trkpt>
      <trkpt lat="42.958282" lon="-5.036910">
        <ele>1312.969</ele>
        <time>2022-08-26T12:06:57Z</time>
      </trkpt>
      <trkpt lat="42.958332" lon="-5.036868">
        <ele>1311.204</ele>
        <time>2022-08-26T12:07:01Z</time>
      </trkpt>
      <trkpt lat="42.958370" lon="-5.036816">
        <ele>1310.324</ele>
        <time>2022-08-26T12:07:06Z</time>
      </trkpt>
      <trkpt lat="42.958382" lon="-5.036751">
        <ele>1309.409</ele>
        <time>2022-08-26T12:07:10Z</time>
      </trkpt>
      <trkpt lat="42.958400" lon="-5.036684">
        <ele>1308.577</ele>
        <time>2022-08-26T12:07:16Z</time>
      </trkpt>
      <trkpt lat="42.958417" lon="-5.036619">
        <ele>1307.777</ele>
        <time>2022-08-26T12:07:20Z</time>
      </trkpt>
      <trkpt lat="42.958420" lon="-5.036557">
        <ele>1307.277</ele>
        <time>2022-08-26T12:07:24Z</time>
      </trkpt>
      <trkpt lat="42.958447" lon="-5.036489">
        <ele>1306.114</ele>
        <time>2022-08-26T12:07:29Z</time>
      </trkpt>
      <trkpt lat="42.958482" lon="-5.036431">
        <ele>1304.790</ele>
        <time>2022-08-26T12:07:33Z</time>
      </trkpt>
      <trkpt lat="42.958505" lon="-5.036376">
        <ele>1303.551</ele>
        <time>2022-08-26T12:07:36Z</time>
      </trkpt>
      <trkpt lat="42.958520" lon="-5.036313">
        <ele>1302.210</ele>
        <time>2022-08-26T12:07:39Z</time>
      </trkpt>
      <trkpt lat="42.958513" lon="-5.036235">
        <ele>1301.353</ele>
        <time>2022-08-26T12:07:43Z</time>
      </trkpt>
      <trkpt lat="42.958508" lon="-5.036168">
        <ele>1300.535</ele>
        <time>2022-08-26T12:07:47Z</time>
      </trkpt>
      <trkpt lat="42.958480" lon="-5.036108">
        <ele>1300.774</ele>
        <time>2022-08-26T12:07:52Z</time>
      </trkpt>
      <trkpt lat="42.958502" lon="-5.036030">
        <ele>1299.256</ele>
        <time>2022-08-26T12:07:58Z</time>
      </trkpt>
      <trkpt lat="42.958509" lon="-5.035953">
        <ele>1298.221</ele>
        <time>2022-08-26T12:08:02Z</time>
      </trkpt>
      <trkpt lat="42.958522" lon="-5.035890">
        <ele>1297.109</ele>
        <time>2022-08-26T12:08:06Z</time>
      </trkpt>
      <trkpt lat="42.958529" lon="-5.035823">
        <ele>1296.128</ele>
        <time>2022-08-26T12:08:10Z</time>
      </trkpt>
      <trkpt lat="42.958537" lon="-5.035758">
        <ele>1295.038</ele>
        <time>2022-08-26T12:08:14Z</time>
      </trkpt>
      <trkpt lat="42.958527" lon="-5.035696">
        <ele>1294.728</ele>
        <time>2022-08-26T12:08:19Z</time>
      </trkpt>
      <trkpt lat="42.958547" lon="-5.035609">
        <ele>1292.775</ele>
        <time>2022-08-26T12:08:25Z</time>
      </trkpt>
      <trkpt lat="42.958565" lon="-5.035551">
        <ele>1291.171</ele>
        <time>2022-08-26T12:08:29Z</time>
      </trkpt>
      <trkpt lat="42.958612" lon="-5.035431">
        <ele>1288.142</ele>
        <time>2022-08-26T12:08:37Z</time>
      </trkpt>
      <trkpt lat="42.958617" lon="-5.035368">
        <ele>1287.491</ele>
        <time>2022-08-26T12:08:40Z</time>
      </trkpt>
      <trkpt lat="42.958645" lon="-5.035303">
        <ele>1285.974</ele>
        <time>2022-08-26T12:08:44Z</time>
      </trkpt>
      <trkpt lat="42.958655" lon="-5.035240">
        <ele>1285.056</ele>
        <time>2022-08-26T12:08:48Z</time>
      </trkpt>
      <trkpt lat="42.958670" lon="-5.035177">
        <ele>1283.923</ele>
        <time>2022-08-26T12:08:52Z</time>
      </trkpt>
      <trkpt lat="42.958692" lon="-5.035122">
        <ele>1282.583</ele>
        <time>2022-08-26T12:08:56Z</time>
      </trkpt>
      <trkpt lat="42.958720" lon="-5.035069">
        <ele>1280.911</ele>
        <time>2022-08-26T12:09:01Z</time>
      </trkpt>
      <trkpt lat="42.958768" lon="-5.035032">
        <ele>1278.509</ele>
        <time>2022-08-26T12:09:05Z</time>
      </trkpt>
      <trkpt lat="42.958801" lon="-5.034962">
        <ele>1276.373</ele>
        <time>2022-08-26T12:09:09Z</time>
      </trkpt>
      <trkpt lat="42.958824" lon="-5.034907">
        <ele>1274.623</ele>
        <time>2022-08-26T12:09:12Z</time>
      </trkpt>
      <trkpt lat="42.958859" lon="-5.034860">
        <ele>1272.483</ele>
        <time>2022-08-26T12:09:17Z</time>
      </trkpt>
      <trkpt lat="42.958891" lon="-5.034807">
        <ele>1270.280</ele>
        <time>2022-08-26T12:09:21Z</time>
      </trkpt>
      <trkpt lat="42.958921" lon="-5.034737">
        <ele>1268.326</ele>
        <time>2022-08-26T12:09:25Z</time>
      </trkpt>
      <trkpt lat="42.958948" lon="-5.034679">
        <ele>1267.067</ele>
        <time>2022-08-26T12:09:28Z</time>
      </trkpt>
      <trkpt lat="42.958991" lon="-5.034649">
        <ele>1265.426</ele>
        <time>2022-08-26T12:09:32Z</time>
      </trkpt>
      <trkpt lat="42.959038" lon="-5.034677">
        <ele>1264.299</ele>
        <time>2022-08-26T12:09:41Z</time>
      </trkpt>
      <trkpt lat="42.959088" lon="-5.034692">
        <ele>1262.891</ele>
        <time>2022-08-26T12:09:47Z</time>
      </trkpt>
      <trkpt lat="42.959135" lon="-5.034700">
        <ele>1261.526</ele>
        <time>2022-08-26T12:09:51Z</time>
      </trkpt>
      <trkpt lat="42.959182" lon="-5.034690">
        <ele>1260.047</ele>
        <time>2022-08-26T12:09:54Z</time>
      </trkpt>
      <trkpt lat="42.959229" lon="-5.034662">
        <ele>1258.411</ele>
        <time>2022-08-26T12:09:58Z</time>
      </trkpt>
      <trkpt lat="42.959267" lon="-5.034600">
        <ele>1256.609</ele>
        <time>2022-08-26T12:10:03Z</time>
      </trkpt>
      <trkpt lat="42.959304" lon="-5.034555">
        <ele>1255.193</ele>
        <time>2022-08-26T12:10:06Z</time>
      </trkpt>
      <trkpt lat="42.959336" lon="-5.034503">
        <ele>1253.773</ele>
        <time>2022-08-26T12:10:10Z</time>
      </trkpt>
      <trkpt lat="42.959308" lon="-5.034438">
        <ele>1253.353</ele>
        <time>2022-08-26T12:10:15Z</time>
      </trkpt>
      <trkpt lat="42.959263" lon="-5.034395">
        <ele>1253.460</ele>
        <time>2022-08-26T12:10:18Z</time>
      </trkpt>
      <trkpt lat="42.959221" lon="-5.034358">
        <ele>1253.766</ele>
        <time>2022-08-26T12:10:23Z</time>
      </trkpt>
      <trkpt lat="42.959224" lon="-5.034283">
        <ele>1252.467</ele>
        <time>2022-08-26T12:10:29Z</time>
      </trkpt>
      <trkpt lat="42.959212" lon="-5.034215">
        <ele>1251.666</ele>
        <time>2022-08-26T12:10:32Z</time>
      </trkpt>
      <trkpt lat="42.959202" lon="-5.034130">
        <ele>1250.849</ele>
        <time>2022-08-26T12:10:35Z</time>
      </trkpt>
      <trkpt lat="42.959192" lon="-5.034043">
        <ele>1250.341</ele>
        <time>2022-08-26T12:10:38Z</time>
      </trkpt>
      <trkpt lat="42.959210" lon="-5.033958">
        <ele>1249.197</ele>
        <time>2022-08-26T12:10:41Z</time>
      </trkpt>
      <trkpt lat="42.959245" lon="-5.033896">
        <ele>1247.323</ele>
        <time>2022-08-26T12:10:45Z</time>
      </trkpt>
      <trkpt lat="42.959287" lon="-5.033859">
        <ele>1245.625</ele>
        <time>2022-08-26T12:10:49Z</time>
      </trkpt>
      <trkpt lat="42.959319" lon="-5.033807">
        <ele>1244.209</ele>
        <time>2022-08-26T12:10:52Z</time>
      </trkpt>
      <trkpt lat="42.959346" lon="-5.033740">
        <ele>1242.970</ele>
        <time>2022-08-26T12:10:56Z</time>
      </trkpt>
      <trkpt lat="42.959398" lon="-5.033710">
        <ele>1240.620</ele>
        <time>2022-08-26T12:11:00Z</time>
      </trkpt>
      <trkpt lat="42.959446" lon="-5.033688">
        <ele>1238.580</ele>
        <time>2022-08-26T12:11:04Z</time>
      </trkpt>
      <trkpt lat="42.959478" lon="-5.033635">
        <ele>1237.147</ele>
        <time>2022-08-26T12:11:08Z</time>
      </trkpt>
      <trkpt lat="42.959510" lon="-5.033583">
        <ele>1235.983</ele>
        <time>2022-08-26T12:11:12Z</time>
      </trkpt>
      <trkpt lat="42.959527" lon="-5.033508">
        <ele>1235.264</ele>
        <time>2022-08-26T12:11:16Z</time>
      </trkpt>
      <trkpt lat="42.959547" lon="-5.033435">
        <ele>1234.483</ele>
        <time>2022-08-26T12:11:20Z</time>
      </trkpt>
      <trkpt lat="42.959569" lon="-5.033375">
        <ele>1233.656</ele>
        <time>2022-08-26T12:11:24Z</time>
      </trkpt>
      <trkpt lat="42.959601" lon="-5.033323">
        <ele>1232.358</ele>
        <time>2022-08-26T12:11:28Z</time>
      </trkpt>
      <trkpt lat="42.959643" lon="-5.033263">
        <ele>1230.728</ele>
        <time>2022-08-26T12:11:32Z</time>
      </trkpt>
      <trkpt lat="42.959675" lon="-5.033213">
        <ele>1229.389</ele>
        <time>2022-08-26T12:11:35Z</time>
      </trkpt>
      <trkpt lat="42.959725" lon="-5.033253">
        <ele>1227.617</ele>
        <time>2022-08-26T12:11:41Z</time>
      </trkpt>
      <trkpt lat="42.959732" lon="-5.033323">
        <ele>1227.609</ele>
        <time>2022-08-26T12:11:45Z</time>
      </trkpt>
      <trkpt lat="42.959775" lon="-5.033376">
        <ele>1226.473</ele>
        <time>2022-08-26T12:11:49Z</time>
      </trkpt>
      <trkpt lat="42.959813" lon="-5.033414">
        <ele>1225.483</ele>
        <time>2022-08-26T12:11:53Z</time>
      </trkpt>
      <trkpt lat="42.959846" lon="-5.033464">
        <ele>1224.953</ele>
        <time>2022-08-26T12:12:00Z</time>
      </trkpt>
      <trkpt lat="42.959894" lon="-5.033501">
        <ele>1223.940</ele>
        <time>2022-08-26T12:12:05Z</time>
      </trkpt>
      <trkpt lat="42.959941" lon="-5.033538">
        <ele>1223.276</ele>
        <time>2022-08-26T12:12:09Z</time>
      </trkpt>
      <trkpt lat="42.959983" lon="-5.033586">
        <ele>1222.947</ele>
        <time>2022-08-26T12:12:13Z</time>
      </trkpt>
      <trkpt lat="42.960035" lon="-5.033564">
        <ele>1222.126</ele>
        <time>2022-08-26T12:12:18Z</time>
      </trkpt>
      <trkpt lat="42.960075" lon="-5.033509">
        <ele>1221.119</ele>
        <time>2022-08-26T12:12:24Z</time>
      </trkpt>
      <trkpt lat="42.960083" lon="-5.033447">
        <ele>1219.931</ele>
        <time>2022-08-26T12:12:29Z</time>
      </trkpt>
      <trkpt lat="42.960090" lon="-5.033377">
        <ele>1218.559</ele>
        <time>2022-08-26T12:12:32Z</time>
      </trkpt>
      <trkpt lat="42.960122" lon="-5.033305">
        <ele>1217.203</ele>
        <time>2022-08-26T12:12:35Z</time>
      </trkpt>
      <trkpt lat="42.960142" lon="-5.033248">
        <ele>1216.223</ele>
        <time>2022-08-26T12:12:38Z</time>
      </trkpt>
      <trkpt lat="42.960149" lon="-5.033175">
        <ele>1215.109</ele>
        <time>2022-08-26T12:12:42Z</time>
      </trkpt>
      <trkpt lat="42.960164" lon="-5.033098">
        <ele>1213.776</ele>
        <time>2022-08-26T12:12:45Z</time>
      </trkpt>
      <trkpt lat="42.960184" lon="-5.033040">
        <ele>1212.586</ele>
        <time>2022-08-26T12:12:49Z</time>
      </trkpt>
      <trkpt lat="42.960189" lon="-5.032978">
        <ele>1211.616</ele>
        <time>2022-08-26T12:12:52Z</time>
      </trkpt>
      <trkpt lat="42.960222" lon="-5.032935">
        <ele>1210.233</ele>
        <time>2022-08-26T12:12:55Z</time>
      </trkpt>
      <trkpt lat="42.960249" lon="-5.032873">
        <ele>1208.549</ele>
        <time>2022-08-26T12:12:58Z</time>
      </trkpt>
      <trkpt lat="42.960291" lon="-5.032816">
        <ele>1206.710</ele>
        <time>2022-08-26T12:13:01Z</time>
      </trkpt>
      <trkpt lat="42.960324" lon="-5.032758">
        <ele>1205.919</ele>
        <time>2022-08-26T12:13:04Z</time>
      </trkpt>
      <trkpt lat="42.960349" lon="-5.032698">
        <ele>1205.242</ele>
        <time>2022-08-26T12:13:07Z</time>
      </trkpt>
      <trkpt lat="42.960381" lon="-5.032631">
        <ele>1204.264</ele>
        <time>2022-08-26T12:13:11Z</time>
      </trkpt>
      <trkpt lat="42.960411" lon="-5.032571">
        <ele>1203.298</ele>
        <time>2022-08-26T12:13:14Z</time>
      </trkpt>
      <trkpt lat="42.960429" lon="-5.032503">
        <ele>1202.015</ele>
        <time>2022-08-26T12:13:18Z</time>
      </trkpt>
      <trkpt lat="42.960457" lon="-5.032450">
        <ele>1201.126</ele>
        <time>2022-08-26T12:13:23Z</time>
      </trkpt>
      <trkpt lat="42.960464" lon="-5.032383">
        <ele>1200.109</ele>
        <time>2022-08-26T12:13:27Z</time>
      </trkpt>
      <trkpt lat="42.960484" lon="-5.032325">
        <ele>1199.020</ele>
        <time>2022-08-26T12:13:32Z</time>
      </trkpt>
      <trkpt lat="42.960507" lon="-5.032268">
        <ele>1197.890</ele>
        <time>2022-08-26T12:13:35Z</time>
      </trkpt>
      <trkpt lat="42.960535" lon="-5.032195">
        <ele>1196.120</ele>
        <time>2022-08-26T12:13:39Z</time>
      </trkpt>
      <trkpt lat="42.960567" lon="-5.032117">
        <ele>1194.647</ele>
        <time>2022-08-26T12:13:42Z</time>
      </trkpt>
      <trkpt lat="42.960574" lon="-5.032049">
        <ele>1193.673</ele>
        <time>2022-08-26T12:13:45Z</time>
      </trkpt>
      <trkpt lat="42.960586" lon="-5.031981">
        <ele>1192.734</ele>
        <time>2022-08-26T12:13:49Z</time>
      </trkpt>
      <trkpt lat="42.960603" lon="-5.031921">
        <ele>1192.243</ele>
        <time>2022-08-26T12:13:52Z</time>
      </trkpt>
      <trkpt lat="42.960630" lon="-5.031853">
        <ele>1192.196</ele>
        <time>2022-08-26T12:13:57Z</time>
      </trkpt>
      <trkpt lat="42.960663" lon="-5.031803">
        <ele>1191.738</ele>
        <time>2022-08-26T12:14:01Z</time>
      </trkpt>
      <trkpt lat="42.960700" lon="-5.031763">
        <ele>1191.154</ele>
        <time>2022-08-26T12:14:05Z</time>
      </trkpt>
      <trkpt lat="42.960717" lon="-5.031691">
        <ele>1190.356</ele>
        <time>2022-08-26T12:14:10Z</time>
      </trkpt>
      <trkpt lat="42.960742" lon="-5.031634">
        <ele>1189.511</ele>
        <time>2022-08-26T12:14:14Z</time>
      </trkpt>
      <trkpt lat="42.960800" lon="-5.031589">
        <ele>1187.809</ele>
        <time>2022-08-26T12:14:17Z</time>
      </trkpt>
      <trkpt lat="42.960847" lon="-5.031542">
        <ele>1186.366</ele>
        <time>2022-08-26T12:14:20Z</time>
      </trkpt>
      <trkpt lat="42.960877" lon="-5.031495">
        <ele>1185.856</ele>
        <time>2022-08-26T12:14:24Z</time>
      </trkpt>
      <trkpt lat="42.960907" lon="-5.031445">
        <ele>1185.256</ele>
        <time>2022-08-26T12:14:28Z</time>
      </trkpt>
      <trkpt lat="42.960907" lon="-5.031375">
        <ele>1184.273</ele>
        <time>2022-08-26T12:14:32Z</time>
      </trkpt>
      <trkpt lat="42.960935" lon="-5.031305">
        <ele>1184.049</ele>
        <time>2022-08-26T12:14:36Z</time>
      </trkpt>
      <trkpt lat="42.960982" lon="-5.031267">
        <ele>1183.680</ele>
        <time>2022-08-26T12:14:40Z</time>
      </trkpt>
      <trkpt lat="42.961014" lon="-5.031212">
        <ele>1182.889</ele>
        <time>2022-08-26T12:14:44Z</time>
      </trkpt>
      <trkpt lat="42.961049" lon="-5.031155">
        <ele>1181.712</ele>
        <time>2022-08-26T12:14:48Z</time>
      </trkpt>
      <trkpt lat="42.961066" lon="-5.031093">
        <ele>1180.574</ele>
        <time>2022-08-26T12:14:51Z</time>
      </trkpt>
      <trkpt lat="42.961059" lon="-5.031016">
        <ele>1179.545</ele>
        <time>2022-08-26T12:14:55Z</time>
      </trkpt>
      <trkpt lat="42.961049" lon="-5.030946">
        <ele>1178.947</ele>
        <time>2022-08-26T12:14:59Z</time>
      </trkpt>
      <trkpt lat="42.961087" lon="-5.030889">
        <ele>1176.311</ele>
        <time>2022-08-26T12:15:03Z</time>
      </trkpt>
      <trkpt lat="42.961132" lon="-5.030844">
        <ele>1174.209</ele>
        <time>2022-08-26T12:15:07Z</time>
      </trkpt>
      <trkpt lat="42.961177" lon="-5.030789">
        <ele>1174.155</ele>
        <time>2022-08-26T12:15:11Z</time>
      </trkpt>
      <trkpt lat="42.961215" lon="-5.030729">
        <ele>1173.955</ele>
        <time>2022-08-26T12:15:15Z</time>
      </trkpt>
      <trkpt lat="42.961233" lon="-5.030657">
        <ele>1173.445</ele>
        <time>2022-08-26T12:15:21Z</time>
      </trkpt>
      <trkpt lat="42.961276" lon="-5.030624">
        <ele>1172.272</ele>
        <time>2022-08-26T12:15:25Z</time>
      </trkpt>
      <trkpt lat="42.961324" lon="-5.030576">
        <ele>1170.498</ele>
        <time>2022-08-26T12:15:29Z</time>
      </trkpt>
      <trkpt lat="42.961349" lon="-5.030521">
        <ele>1169.279</ele>
        <time>2022-08-26T12:15:34Z</time>
      </trkpt>
      <trkpt lat="42.961386" lon="-5.030469">
        <ele>1167.568</ele>
        <time>2022-08-26T12:15:39Z</time>
      </trkpt>
      <trkpt lat="42.961416" lon="-5.030406">
        <ele>1166.861</ele>
        <time>2022-08-26T12:15:43Z</time>
      </trkpt>
      <trkpt lat="42.961449" lon="-5.030341">
        <ele>1166.173</ele>
        <time>2022-08-26T12:15:46Z</time>
      </trkpt>
      <trkpt lat="42.961462" lon="-5.030268">
        <ele>1165.443</ele>
        <time>2022-08-26T12:15:50Z</time>
      </trkpt>
      <trkpt lat="42.961504" lon="-5.030221">
        <ele>1164.764</ele>
        <time>2022-08-26T12:15:55Z</time>
      </trkpt>
      <trkpt lat="42.961557" lon="-5.030188">
        <ele>1163.910</ele>
        <time>2022-08-26T12:16:00Z</time>
      </trkpt>
      <trkpt lat="42.961600" lon="-5.030165">
        <ele>1163.409</ele>
        <time>2022-08-26T12:16:03Z</time>
      </trkpt>
      <trkpt lat="42.961650" lon="-5.030145">
        <ele>1162.775</ele>
        <time>2022-08-26T12:16:07Z</time>
      </trkpt>
      <trkpt lat="42.961698" lon="-5.030125">
        <ele>1162.415</ele>
        <time>2022-08-26T12:16:11Z</time>
      </trkpt>
      <trkpt lat="42.961746" lon="-5.030090">
        <ele>1162.125</ele>
        <time>2022-08-26T12:16:15Z</time>
      </trkpt>
      <trkpt lat="42.961799" lon="-5.030070">
        <ele>1161.972</ele>
        <time>2022-08-26T12:16:19Z</time>
      </trkpt>
      <trkpt lat="42.961842" lon="-5.030040">
        <ele>1161.578</ele>
        <time>2022-08-26T12:16:23Z</time>
      </trkpt>
      <trkpt lat="42.961879" lon="-5.030000">
        <ele>1161.019</ele>
        <time>2022-08-26T12:16:27Z</time>
      </trkpt>
      <trkpt lat="42.961916" lon="-5.029943">
        <ele>1160.498</ele>
        <time>2022-08-26T12:16:31Z</time>
      </trkpt>
      <trkpt lat="42.961956" lon="-5.029881">
        <ele>1159.761</ele>
        <time>2022-08-26T12:16:35Z</time>
      </trkpt>
      <trkpt lat="42.961996" lon="-5.029821">
        <ele>1159.113</ele>
        <time>2022-08-26T12:16:38Z</time>
      </trkpt>
      <trkpt lat="42.962033" lon="-5.029779">
        <ele>1158.567</ele>
        <time>2022-08-26T12:16:41Z</time>
      </trkpt>
      <trkpt lat="42.962093" lon="-5.029776">
        <ele>1158.481</ele>
        <time>2022-08-26T12:16:45Z</time>
      </trkpt>
      <trkpt lat="42.962140" lon="-5.029763">
        <ele>1158.019</ele>
        <time>2022-08-26T12:16:48Z</time>
      </trkpt>
      <trkpt lat="42.962185" lon="-5.029753">
        <ele>1157.809</ele>
        <time>2022-08-26T12:16:52Z</time>
      </trkpt>
      <trkpt lat="42.962228" lon="-5.029713">
        <ele>1156.997</ele>
        <time>2022-08-26T12:16:55Z</time>
      </trkpt>
      <trkpt lat="42.962270" lon="-5.029663">
        <ele>1156.347</ele>
        <time>2022-08-26T12:16:59Z</time>
      </trkpt>
      <trkpt lat="42.962327" lon="-5.029640">
        <ele>1156.197</ele>
        <time>2022-08-26T12:17:03Z</time>
      </trkpt>
      <trkpt lat="42.962374" lon="-5.029620">
        <ele>1155.974</ele>
        <time>2022-08-26T12:17:06Z</time>
      </trkpt>
      <trkpt lat="42.962417" lon="-5.029588">
        <ele>1155.450</ele>
        <time>2022-08-26T12:17:10Z</time>
      </trkpt>
      <trkpt lat="42.962470" lon="-5.029556">
        <ele>1155.061</ele>
        <time>2022-08-26T12:17:14Z</time>
      </trkpt>
      <trkpt lat="42.962518" lon="-5.029519">
        <ele>1154.440</ele>
        <time>2022-08-26T12:17:18Z</time>
      </trkpt>
      <trkpt lat="42.962570" lon="-5.029502">
        <ele>1154.153</ele>
        <time>2022-08-26T12:17:22Z</time>
      </trkpt>
      <trkpt lat="42.962612" lon="-5.029464">
        <ele>1153.425</ele>
        <time>2022-08-26T12:17:26Z</time>
      </trkpt>
      <trkpt lat="42.962664" lon="-5.029434">
        <ele>1152.891</ele>
        <time>2022-08-26T12:17:30Z</time>
      </trkpt>
      <trkpt lat="42.962712" lon="-5.029387">
        <ele>1151.781</ele>
        <time>2022-08-26T12:17:34Z</time>
      </trkpt>
      <trkpt lat="42.962754" lon="-5.029360">
        <ele>1151.219</ele>
        <time>2022-08-26T12:17:37Z</time>
      </trkpt>
      <trkpt lat="42.962799" lon="-5.029332">
        <ele>1150.609</ele>
        <time>2022-08-26T12:17:40Z</time>
      </trkpt>
      <trkpt lat="42.962836" lon="-5.029285">
        <ele>1149.610</ele>
        <time>2022-08-26T12:17:44Z</time>
      </trkpt>
      <trkpt lat="42.962876" lon="-5.029238">
        <ele>1148.520</ele>
        <time>2022-08-26T12:17:48Z</time>
      </trkpt>
      <trkpt lat="42.962916" lon="-5.029188">
        <ele>1147.540</ele>
        <time>2022-08-26T12:17:53Z</time>
      </trkpt>
      <trkpt lat="42.962953" lon="-5.029146">
        <ele>1146.657</ele>
        <time>2022-08-26T12:17:56Z</time>
      </trkpt>
      <trkpt lat="42.962993" lon="-5.029099">
        <ele>1145.573</ele>
        <time>2022-08-26T12:17:59Z</time>
      </trkpt>
      <trkpt lat="42.963040" lon="-5.029047">
        <ele>1144.484</ele>
        <time>2022-08-26T12:18:03Z</time>
      </trkpt>
      <trkpt lat="42.963072" lon="-5.029002">
        <ele>1143.533</ele>
        <time>2022-08-26T12:18:07Z</time>
      </trkpt>
      <trkpt lat="42.963120" lon="-5.028952">
        <ele>1142.566</ele>
        <time>2022-08-26T12:18:12Z</time>
      </trkpt>
      <trkpt lat="42.963158" lon="-5.028914">
        <ele>1141.888</ele>
        <time>2022-08-26T12:18:15Z</time>
      </trkpt>
      <trkpt lat="42.963201" lon="-5.028869">
        <ele>1141.076</ele>
        <time>2022-08-26T12:18:18Z</time>
      </trkpt>
      <trkpt lat="42.963251" lon="-5.028841">
        <ele>1140.390</ele>
        <time>2022-08-26T12:18:21Z</time>
      </trkpt>
      <trkpt lat="42.963291" lon="-5.028813">
        <ele>1139.719</ele>
        <time>2022-08-26T12:18:25Z</time>
      </trkpt>
      <trkpt lat="42.963343" lon="-5.028775">
        <ele>1138.709</ele>
        <time>2022-08-26T12:18:29Z</time>
      </trkpt>
      <trkpt lat="42.963386" lon="-5.028742">
        <ele>1137.718</ele>
        <time>2022-08-26T12:18:33Z</time>
      </trkpt>
      <trkpt lat="42.963433" lon="-5.028719">
        <ele>1137.038</ele>
        <time>2022-08-26T12:18:37Z</time>
      </trkpt>
      <trkpt lat="42.963491" lon="-5.028711">
        <ele>1136.888</ele>
        <time>2022-08-26T12:18:41Z</time>
      </trkpt>
      <trkpt lat="42.963548" lon="-5.028703">
        <ele>1136.795</ele>
        <time>2022-08-26T12:18:45Z</time>
      </trkpt>
      <trkpt lat="42.963593" lon="-5.028685">
        <ele>1136.371</ele>
        <time>2022-08-26T12:18:48Z</time>
      </trkpt>
      <trkpt lat="42.963646" lon="-5.028680">
        <ele>1136.562</ele>
        <time>2022-08-26T12:18:52Z</time>
      </trkpt>
      <trkpt lat="42.963701" lon="-5.028653">
        <ele>1136.471</ele>
        <time>2022-08-26T12:18:57Z</time>
      </trkpt>
      <trkpt lat="42.963739" lon="-5.028610">
        <ele>1135.974</ele>
        <time>2022-08-26T12:19:00Z</time>
      </trkpt>
      <trkpt lat="42.963771" lon="-5.028562">
        <ele>1135.376</ele>
        <time>2022-08-26T12:19:03Z</time>
      </trkpt>
      <trkpt lat="42.963791" lon="-5.028487">
        <ele>1134.282</ele>
        <time>2022-08-26T12:19:07Z</time>
      </trkpt>
      <trkpt lat="42.963808" lon="-5.028424">
        <ele>1133.343</ele>
        <time>2022-08-26T12:19:11Z</time>
      </trkpt>
      <trkpt lat="42.963821" lon="-5.028347">
        <ele>1132.217</ele>
        <time>2022-08-26T12:19:15Z</time>
      </trkpt>
      <trkpt lat="42.963814" lon="-5.028272">
        <ele>1131.009</ele>
        <time>2022-08-26T12:19:19Z</time>
      </trkpt>
      <trkpt lat="42.963811" lon="-5.028200">
        <ele>1130.059</ele>
        <time>2022-08-26T12:19:23Z</time>
      </trkpt>
      <trkpt lat="42.963829" lon="-5.028130">
        <ele>1129.229</ele>
        <time>2022-08-26T12:19:27Z</time>
      </trkpt>
      <trkpt lat="42.963841" lon="-5.028053">
        <ele>1128.329</ele>
        <time>2022-08-26T12:19:31Z</time>
      </trkpt>
      <trkpt lat="42.963873" lon="-5.027986">
        <ele>1127.836</ele>
        <time>2022-08-26T12:19:35Z</time>
      </trkpt>
      <trkpt lat="42.963908" lon="-5.027941">
        <ele>1127.532</ele>
        <time>2022-08-26T12:19:39Z</time>
      </trkpt>
      <trkpt lat="42.963953" lon="-5.027899">
        <ele>1127.283</ele>
        <time>2022-08-26T12:19:43Z</time>
      </trkpt>
      <trkpt lat="42.963991" lon="-5.027857">
        <ele>1126.762</ele>
        <time>2022-08-26T12:19:47Z</time>
      </trkpt>
      <trkpt lat="42.964039" lon="-5.027829">
        <ele>1126.585</ele>
        <time>2022-08-26T12:19:52Z</time>
      </trkpt>
      <trkpt lat="42.964084" lon="-5.027789">
        <ele>1125.997</ele>
        <time>2022-08-26T12:19:56Z</time>
      </trkpt>
      <trkpt lat="42.964139" lon="-5.027754">
        <ele>1125.484</ele>
        <time>2022-08-26T12:20:00Z</time>
      </trkpt>
      <trkpt lat="42.964186" lon="-5.027719">
        <ele>1125.007</ele>
        <time>2022-08-26T12:20:04Z</time>
      </trkpt>
      <trkpt lat="42.964216" lon="-5.027672">
        <ele>1124.317</ele>
        <time>2022-08-26T12:20:09Z</time>
      </trkpt>
      <trkpt lat="42.964261" lon="-5.027622">
        <ele>1123.609</ele>
        <time>2022-08-26T12:20:14Z</time>
      </trkpt>
      <trkpt lat="42.964303" lon="-5.027575">
        <ele>1122.949</ele>
        <time>2022-08-26T12:20:18Z</time>
      </trkpt>
      <trkpt lat="42.964340" lon="-5.027535">
        <ele>1122.219</ele>
        <time>2022-08-26T12:20:21Z</time>
      </trkpt>
      <trkpt lat="42.964372" lon="-5.027485">
        <ele>1121.099</ele>
        <time>2022-08-26T12:20:24Z</time>
      </trkpt>
      <trkpt lat="42.964407" lon="-5.027432">
        <ele>1119.846</ele>
        <time>2022-08-26T12:20:27Z</time>
      </trkpt>
      <trkpt lat="42.964437" lon="-5.027384">
        <ele>1118.612</ele>
        <time>2022-08-26T12:20:30Z</time>
      </trkpt>
      <trkpt lat="42.964474" lon="-5.027332">
        <ele>1117.493</ele>
        <time>2022-08-26T12:20:34Z</time>
      </trkpt>
      <trkpt lat="42.964519" lon="-5.027290">
        <ele>1116.522</ele>
        <time>2022-08-26T12:20:38Z</time>
      </trkpt>
      <trkpt lat="42.964557" lon="-5.027253">
        <ele>1115.785</ele>
        <time>2022-08-26T12:20:42Z</time>
      </trkpt>
      <trkpt lat="42.964607" lon="-5.027203">
        <ele>1114.727</ele>
        <time>2022-08-26T12:20:46Z</time>
      </trkpt>
      <trkpt lat="42.964635" lon="-5.027155">
        <ele>1113.779</ele>
        <time>2022-08-26T12:20:49Z</time>
      </trkpt>
      <trkpt lat="42.964673" lon="-5.027107">
        <ele>1112.705</ele>
        <time>2022-08-26T12:20:53Z</time>
      </trkpt>
      <trkpt lat="42.964703" lon="-5.027054">
        <ele>1111.625</ele>
        <time>2022-08-26T12:20:57Z</time>
      </trkpt>
      <trkpt lat="42.964740" lon="-5.027009">
        <ele>1110.909</ele>
        <time>2022-08-26T12:21:02Z</time>
      </trkpt>
      <trkpt lat="42.964775" lon="-5.026967">
        <ele>1110.388</ele>
        <time>2022-08-26T12:21:06Z</time>
      </trkpt>
      <trkpt lat="42.964805" lon="-5.026920">
        <ele>1109.688</ele>
        <time>2022-08-26T12:21:10Z</time>
      </trkpt>
      <trkpt lat="42.964780" lon="-5.026860">
        <ele>1107.768</ele>
        <time>2022-08-26T12:21:19Z</time>
      </trkpt>
      <trkpt lat="42.964713" lon="-5.026880">
        <ele>1107.355</ele>
        <time>2022-08-26T12:21:22Z</time>
      </trkpt>
      <trkpt lat="42.964665" lon="-5.026892">
        <ele>1107.491</ele>
        <time>2022-08-26T12:21:25Z</time>
      </trkpt>
      <trkpt lat="42.964617" lon="-5.026902">
        <ele>1107.432</ele>
        <time>2022-08-26T12:21:28Z</time>
      </trkpt>
      <trkpt lat="42.964565" lon="-5.026905">
        <ele>1107.261</ele>
        <time>2022-08-26T12:21:31Z</time>
      </trkpt>
      <trkpt lat="42.964518" lon="-5.026903">
        <ele>1106.964</ele>
        <time>2022-08-26T12:21:34Z</time>
      </trkpt>
      <trkpt lat="42.964473" lon="-5.026911">
        <ele>1106.866</ele>
        <time>2022-08-26T12:21:37Z</time>
      </trkpt>
      <trkpt lat="42.964428" lon="-5.026919">
        <ele>1106.816</ele>
        <time>2022-08-26T12:21:42Z</time>
      </trkpt>
      <trkpt lat="42.964378" lon="-5.026934">
        <ele>1107.076</ele>
        <time>2022-08-26T12:21:46Z</time>
      </trkpt>
      <trkpt lat="42.964333" lon="-5.026949">
        <ele>1107.113</ele>
        <time>2022-08-26T12:21:50Z</time>
      </trkpt>
      <trkpt lat="42.964305" lon="-5.026896">
        <ele>1107.109</ele>
        <time>2022-08-26T12:21:55Z</time>
      </trkpt>
      <trkpt lat="42.964298" lon="-5.026833">
        <ele>1107.362</ele>
        <time>2022-08-26T12:21:58Z</time>
      </trkpt>
      <trkpt lat="42.964300" lon="-5.026761">
        <ele>1107.492</ele>
        <time>2022-08-26T12:22:03Z</time>
      </trkpt>
      <trkpt lat="42.964307" lon="-5.026686">
        <ele>1107.452</ele>
        <time>2022-08-26T12:22:08Z</time>
      </trkpt>
      <trkpt lat="42.964330" lon="-5.026633">
        <ele>1107.929</ele>
        <time>2022-08-26T12:22:12Z</time>
      </trkpt>
      <trkpt lat="42.964365" lon="-5.026593">
        <ele>1108.255</ele>
        <time>2022-08-26T12:22:15Z</time>
      </trkpt>
      <trkpt lat="42.964403" lon="-5.026551">
        <ele>1108.466</ele>
        <time>2022-08-26T12:22:21Z</time>
      </trkpt>
      <trkpt lat="42.964448" lon="-5.026511">
        <ele>1108.475</ele>
        <time>2022-08-26T12:22:25Z</time>
      </trkpt>
      <trkpt lat="42.964485" lon="-5.026474">
        <ele>1108.548</ele>
        <time>2022-08-26T12:22:28Z</time>
      </trkpt>
      <trkpt lat="42.964522" lon="-5.026421">
        <ele>1108.850</ele>
        <time>2022-08-26T12:22:31Z</time>
      </trkpt>
      <trkpt lat="42.964557" lon="-5.026371">
        <ele>1108.767</ele>
        <time>2022-08-26T12:22:35Z</time>
      </trkpt>
      <trkpt lat="42.964587" lon="-5.026319">
        <ele>1108.981</ele>
        <time>2022-08-26T12:22:38Z</time>
      </trkpt>
      <trkpt lat="42.964609" lon="-5.026252">
        <ele>1109.619</ele>
        <time>2022-08-26T12:22:41Z</time>
      </trkpt>
      <trkpt lat="42.964626" lon="-5.026182">
        <ele>1110.609</ele>
        <time>2022-08-26T12:22:45Z</time>
      </trkpt>
      <trkpt lat="42.964634" lon="-5.026119">
        <ele>1111.727</ele>
        <time>2022-08-26T12:22:48Z</time>
      </trkpt>
      <trkpt lat="42.964646" lon="-5.026052">
        <ele>1112.777</ele>
        <time>2022-08-26T12:22:51Z</time>
      </trkpt>
      <trkpt lat="42.964676" lon="-5.026005">
        <ele>1112.917</ele>
        <time>2022-08-26T12:22:56Z</time>
      </trkpt>
      <trkpt lat="42.964721" lon="-5.025973">
        <ele>1112.564</ele>
        <time>2022-08-26T12:22:59Z</time>
      </trkpt>
      <trkpt lat="42.964768" lon="-5.025926">
        <ele>1111.580</ele>
        <time>2022-08-26T12:23:03Z</time>
      </trkpt>
      <trkpt lat="42.964810" lon="-5.025873">
        <ele>1110.761</ele>
        <time>2022-08-26T12:23:08Z</time>
      </trkpt>
      <trkpt lat="42.964845" lon="-5.025826">
        <ele>1110.170</ele>
        <time>2022-08-26T12:23:12Z</time>
      </trkpt>
      <trkpt lat="42.964892" lon="-5.025771">
        <ele>1109.773</ele>
        <time>2022-08-26T12:23:16Z</time>
      </trkpt>
      <trkpt lat="42.964924" lon="-5.025718">
        <ele>1110.165</ele>
        <time>2022-08-26T12:23:20Z</time>
      </trkpt>
      <trkpt lat="42.964957" lon="-5.025675">
        <ele>1110.241</ele>
        <time>2022-08-26T12:23:23Z</time>
      </trkpt>
      <trkpt lat="42.964995" lon="-5.025622">
        <ele>1110.681</ele>
        <time>2022-08-26T12:23:27Z</time>
      </trkpt>
      <trkpt lat="42.965028" lon="-5.025562">
        <ele>1111.309</ele>
        <time>2022-08-26T12:23:32Z</time>
      </trkpt>
      <trkpt lat="42.965051" lon="-5.025495">
        <ele>1113.009</ele>
        <time>2022-08-26T12:23:36Z</time>
      </trkpt>
      <trkpt lat="42.965089" lon="-5.025450">
        <ele>1113.295</ele>
        <time>2022-08-26T12:23:39Z</time>
      </trkpt>
      <trkpt lat="42.965127" lon="-5.025413">
        <ele>1113.215</ele>
        <time>2022-08-26T12:23:43Z</time>
      </trkpt>
      <trkpt lat="42.965164" lon="-5.025358">
        <ele>1114.275</ele>
        <time>2022-08-26T12:23:48Z</time>
      </trkpt>
      <trkpt lat="42.965204" lon="-5.025318">
        <ele>1114.662</ele>
        <time>2022-08-26T12:23:52Z</time>
      </trkpt>
      <trkpt lat="42.965247" lon="-5.025288">
        <ele>1114.628</ele>
        <time>2022-08-26T12:23:56Z</time>
      </trkpt>
      <trkpt lat="42.965295" lon="-5.025250">
        <ele>1114.089</ele>
        <time>2022-08-26T12:24:00Z</time>
      </trkpt>
      <trkpt lat="42.965343" lon="-5.025217">
        <ele>1112.738</ele>
        <time>2022-08-26T12:24:04Z</time>
      </trkpt>
      <trkpt lat="42.965381" lon="-5.025182">
        <ele>1112.191</ele>
        <time>2022-08-26T12:24:07Z</time>
      </trkpt>
      <trkpt lat="42.965419" lon="-5.025139">
        <ele>1111.683</ele>
        <time>2022-08-26T12:24:11Z</time>
      </trkpt>
      <trkpt lat="42.965467" lon="-5.025109">
        <ele>1110.457</ele>
        <time>2022-08-26T12:24:15Z</time>
      </trkpt>
      <trkpt lat="42.965514" lon="-5.025064">
        <ele>1109.800</ele>
        <time>2022-08-26T12:24:19Z</time>
      </trkpt>
      <trkpt lat="42.965569" lon="-5.025032">
        <ele>1108.520</ele>
        <time>2022-08-26T12:24:23Z</time>
      </trkpt>
      <trkpt lat="42.965609" lon="-5.024999">
        <ele>1108.109</ele>
        <time>2022-08-26T12:24:26Z</time>
      </trkpt>
      <trkpt lat="42.965657" lon="-5.024972">
        <ele>1107.446</ele>
        <time>2022-08-26T12:24:29Z</time>
      </trkpt>
      <trkpt lat="42.965702" lon="-5.024917">
        <ele>1107.746</ele>
        <time>2022-08-26T12:24:33Z</time>
      </trkpt>
      <trkpt lat="42.965749" lon="-5.024882">
        <ele>1107.316</ele>
        <time>2022-08-26T12:24:36Z</time>
      </trkpt>
      <trkpt lat="42.965797" lon="-5.024850">
        <ele>1106.763</ele>
        <time>2022-08-26T12:24:39Z</time>
      </trkpt>
      <trkpt lat="42.965839" lon="-5.024820">
        <ele>1106.229</ele>
        <time>2022-08-26T12:24:42Z</time>
      </trkpt>
      <trkpt lat="42.965879" lon="-5.024772">
        <ele>1106.320</ele>
        <time>2022-08-26T12:24:46Z</time>
      </trkpt>
      <trkpt lat="42.965926" lon="-5.024727">
        <ele>1105.849</ele>
        <time>2022-08-26T12:24:50Z</time>
      </trkpt>
      <trkpt lat="42.965963" lon="-5.024679">
        <ele>1105.642</ele>
        <time>2022-08-26T12:24:54Z</time>
      </trkpt>
      <trkpt lat="42.966000" lon="-5.024619">
        <ele>1105.854</ele>
        <time>2022-08-26T12:24:58Z</time>
      </trkpt>
      <trkpt lat="42.966032" lon="-5.024574">
        <ele>1105.738</ele>
        <time>2022-08-26T12:25:01Z</time>
      </trkpt>
      <trkpt lat="42.966067" lon="-5.024521">
        <ele>1105.770</ele>
        <time>2022-08-26T12:25:06Z</time>
      </trkpt>
      <trkpt lat="42.966092" lon="-5.024456">
        <ele>1106.517</ele>
        <time>2022-08-26T12:25:10Z</time>
      </trkpt>
      <trkpt lat="42.966120" lon="-5.024403">
        <ele>1106.209</ele>
        <time>2022-08-26T12:25:13Z</time>
      </trkpt>
      <trkpt lat="42.966142" lon="-5.024340">
        <ele>1106.074</ele>
        <time>2022-08-26T12:25:16Z</time>
      </trkpt>
      <trkpt lat="42.966147" lon="-5.024277">
        <ele>1106.784</ele>
        <time>2022-08-26T12:25:20Z</time>
      </trkpt>
      <trkpt lat="42.966167" lon="-5.024217">
        <ele>1106.684</ele>
        <time>2022-08-26T12:25:24Z</time>
      </trkpt>
      <trkpt lat="42.966182" lon="-5.024150">
        <ele>1107.171</ele>
        <time>2022-08-26T12:25:28Z</time>
      </trkpt>
      <trkpt lat="42.966204" lon="-5.024073">
        <ele>1107.977</ele>
        <time>2022-08-26T12:25:32Z</time>
      </trkpt>
      <trkpt lat="42.966221" lon="-5.023995">
        <ele>1109.178</ele>
        <time>2022-08-26T12:25:36Z</time>
      </trkpt>
      <trkpt lat="42.966238" lon="-5.023932">
        <ele>1109.937</ele>
        <time>2022-08-26T12:25:40Z</time>
      </trkpt>
      <trkpt lat="42.966271" lon="-5.023865">
        <ele>1110.360</ele>
        <time>2022-08-26T12:25:44Z</time>
      </trkpt>
      <trkpt lat="42.966304" lon="-5.023813">
        <ele>1110.362</ele>
        <time>2022-08-26T12:25:48Z</time>
      </trkpt>
      <trkpt lat="42.966327" lon="-5.023753">
        <ele>1110.916</ele>
        <time>2022-08-26T12:25:53Z</time>
      </trkpt>
      <trkpt lat="42.966362" lon="-5.023705">
        <ele>1110.776</ele>
        <time>2022-08-26T12:25:57Z</time>
      </trkpt>
      <trkpt lat="42.966390" lon="-5.023655">
        <ele>1110.813</ele>
        <time>2022-08-26T12:26:00Z</time>
      </trkpt>
      <trkpt lat="42.966422" lon="-5.023583">
        <ele>1110.309</ele>
        <time>2022-08-26T12:26:04Z</time>
      </trkpt>
      <trkpt lat="42.966450" lon="-5.023521">
        <ele>1109.082</ele>
        <time>2022-08-26T12:26:07Z</time>
      </trkpt>
      <trkpt lat="42.966475" lon="-5.023466">
        <ele>1107.972</ele>
        <time>2022-08-26T12:26:11Z</time>
      </trkpt>
      <trkpt lat="42.966477" lon="-5.023399">
        <ele>1108.072</ele>
        <time>2022-08-26T12:26:15Z</time>
      </trkpt>
      <trkpt lat="42.966485" lon="-5.023326">
        <ele>1107.919</ele>
        <time>2022-08-26T12:26:19Z</time>
      </trkpt>
      <trkpt lat="42.966497" lon="-5.023253">
        <ele>1108.365</ele>
        <time>2022-08-26T12:26:24Z</time>
      </trkpt>
      <trkpt lat="42.966487" lon="-5.023173">
        <ele>1109.786</ele>
        <time>2022-08-26T12:26:29Z</time>
      </trkpt>
      <trkpt lat="42.966495" lon="-5.023096">
        <ele>1110.565</ele>
        <time>2022-08-26T12:26:34Z</time>
      </trkpt>
      <trkpt lat="42.966518" lon="-5.023024">
        <ele>1112.098</ele>
        <time>2022-08-26T12:26:38Z</time>
      </trkpt>
      <trkpt lat="42.966541" lon="-5.022971">
        <ele>1113.990</ele>
        <time>2022-08-26T12:26:41Z</time>
      </trkpt>
      <trkpt lat="42.966588" lon="-5.022936">
        <ele>1115.028</ele>
        <time>2022-08-26T12:26:48Z</time>
      </trkpt>
      <trkpt lat="42.966641" lon="-5.022968">
        <ele>1113.089</ele>
        <time>2022-08-26T12:26:53Z</time>
      </trkpt>
      <trkpt lat="42.966686" lon="-5.022975">
        <ele>1112.417</ele>
        <time>2022-08-26T12:26:58Z</time>
      </trkpt>
      <trkpt lat="42.966753" lon="-5.023008">
        <ele>1110.909</ele>
        <time>2022-08-26T12:27:03Z</time>
      </trkpt>
      <trkpt lat="42.966813" lon="-5.023028">
        <ele>1110.313</ele>
        <time>2022-08-26T12:27:08Z</time>
      </trkpt>
      <trkpt lat="42.966861" lon="-5.023043">
        <ele>1109.923</ele>
        <time>2022-08-26T12:27:11Z</time>
      </trkpt>
      <trkpt lat="42.966918" lon="-5.023016">
        <ele>1111.363</ele>
        <time>2022-08-26T12:27:21Z</time>
      </trkpt>
      <trkpt lat="42.966978" lon="-5.022981">
        <ele>1112.220</ele>
        <time>2022-08-26T12:27:24Z</time>
      </trkpt>
      <trkpt lat="42.967030" lon="-5.022958">
        <ele>1112.426</ele>
        <time>2022-08-26T12:27:28Z</time>
      </trkpt>
      <trkpt lat="42.967083" lon="-5.022941">
        <ele>1112.387</ele>
        <time>2022-08-26T12:27:31Z</time>
      </trkpt>
      <trkpt lat="42.967133" lon="-5.022939">
        <ele>1111.886</ele>
        <time>2022-08-26T12:27:34Z</time>
      </trkpt>
      <trkpt lat="42.967181" lon="-5.022924">
        <ele>1111.739</ele>
        <time>2022-08-26T12:27:37Z</time>
      </trkpt>
      <trkpt lat="42.967233" lon="-5.022891">
        <ele>1112.321</ele>
        <time>2022-08-26T12:27:40Z</time>
      </trkpt>
      <trkpt lat="42.967281" lon="-5.022863">
        <ele>1112.658</ele>
        <time>2022-08-26T12:27:43Z</time>
      </trkpt>
      <trkpt lat="42.967321" lon="-5.022835">
        <ele>1113.052</ele>
        <time>2022-08-26T12:27:47Z</time>
      </trkpt>
      <trkpt lat="42.967363" lon="-5.022810">
        <ele>1113.217</ele>
        <time>2022-08-26T12:27:51Z</time>
      </trkpt>
      <trkpt lat="42.967406" lon="-5.022792">
        <ele>1113.209</ele>
        <time>2022-08-26T12:27:54Z</time>
      </trkpt>
      <trkpt lat="42.967449" lon="-5.022762">
        <ele>1113.616</ele>
        <time>2022-08-26T12:27:58Z</time>
      </trkpt>
      <trkpt lat="42.967477" lon="-5.022709">
        <ele>1115.466</ele>
        <time>2022-08-26T12:28:11Z</time>
      </trkpt>
      <trkpt lat="42.967520" lon="-5.022692">
        <ele>1115.486</ele>
        <time>2022-08-26T12:28:14Z</time>
      </trkpt>
      <trkpt lat="42.967568" lon="-5.022667">
        <ele>1115.813</ele>
        <time>2022-08-26T12:28:18Z</time>
      </trkpt>
      <trkpt lat="42.967618" lon="-5.022664">
        <ele>1115.219</ele>
        <time>2022-08-26T12:28:22Z</time>
      </trkpt>
      <trkpt lat="42.967671" lon="-5.022654">
        <ele>1114.990</ele>
        <time>2022-08-26T12:28:25Z</time>
      </trkpt>
      <trkpt lat="42.967728" lon="-5.022637">
        <ele>1114.879</ele>
        <time>2022-08-26T12:28:28Z</time>
      </trkpt>
      <trkpt lat="42.967773" lon="-5.022612">
        <ele>1115.222</ele>
        <time>2022-08-26T12:28:31Z</time>
      </trkpt>
      <trkpt lat="42.967816" lon="-5.022582">
        <ele>1115.894</ele>
        <time>2022-08-26T12:28:34Z</time>
      </trkpt>
      <trkpt lat="42.967861" lon="-5.022577">
        <ele>1115.328</ele>
        <time>2022-08-26T12:28:36Z</time>
      </trkpt>
      <trkpt lat="42.967914" lon="-5.022567">
        <ele>1114.889</ele>
        <time>2022-08-26T12:28:39Z</time>
      </trkpt>
      <trkpt lat="42.967961" lon="-5.022557">
        <ele>1114.417</ele>
        <time>2022-08-26T12:28:41Z</time>
      </trkpt>
      <trkpt lat="42.968011" lon="-5.022545">
        <ele>1114.009</ele>
        <time>2022-08-26T12:28:44Z</time>
      </trkpt>
      <trkpt lat="42.968058" lon="-5.022525">
        <ele>1114.063</ele>
        <time>2022-08-26T12:28:47Z</time>
      </trkpt>
      <trkpt lat="42.968105" lon="-5.022505">
        <ele>1113.933</ele>
        <time>2022-08-26T12:28:52Z</time>
      </trkpt>
      <trkpt lat="42.968153" lon="-5.022492">
        <ele>1113.653</ele>
        <time>2022-08-26T12:28:56Z</time>
      </trkpt>
      <trkpt lat="42.968225" lon="-5.022444">
        <ele>1114.080</ele>
        <time>2022-08-26T12:29:02Z</time>
      </trkpt>
      <trkpt lat="42.968272" lon="-5.022399">
        <ele>1114.826</ele>
        <time>2022-08-26T12:29:08Z</time>
      </trkpt>
      <trkpt lat="42.968314" lon="-5.022364">
        <ele>1115.397</ele>
        <time>2022-08-26T12:29:11Z</time>
      </trkpt>
      <trkpt lat="42.968361" lon="-5.022337">
        <ele>1115.296</ele>
        <time>2022-08-26T12:29:14Z</time>
      </trkpt>
      <trkpt lat="42.968404" lon="-5.022292">
        <ele>1115.839</ele>
        <time>2022-08-26T12:29:18Z</time>
      </trkpt>
      <trkpt lat="42.968444" lon="-5.022254">
        <ele>1116.491</ele>
        <time>2022-08-26T12:29:22Z</time>
      </trkpt>
      <trkpt lat="42.968491" lon="-5.022246">
        <ele>1115.664</ele>
        <time>2022-08-26T12:29:25Z</time>
      </trkpt>
      <trkpt lat="42.968551" lon="-5.022233">
        <ele>1114.806</ele>
        <time>2022-08-26T12:29:29Z</time>
      </trkpt>
      <trkpt lat="42.968603" lon="-5.022216">
        <ele>1114.416</ele>
        <time>2022-08-26T12:29:33Z</time>
      </trkpt>
      <trkpt lat="42.968663" lon="-5.022199">
        <ele>1113.809</ele>
        <time>2022-08-26T12:29:37Z</time>
      </trkpt>
      <trkpt lat="42.968721" lon="-5.022181">
        <ele>1113.277</ele>
        <time>2022-08-26T12:29:40Z</time>
      </trkpt>
      <trkpt lat="42.968776" lon="-5.022168">
        <ele>1112.657</ele>
        <time>2022-08-26T12:29:43Z</time>
      </trkpt>
      <trkpt lat="42.968814" lon="-5.022130">
        <ele>1112.967</ele>
        <time>2022-08-26T12:29:47Z</time>
      </trkpt>
      <trkpt lat="42.968856" lon="-5.022080">
        <ele>1113.344</ele>
        <time>2022-08-26T12:29:51Z</time>
      </trkpt>
      <trkpt lat="42.968909" lon="-5.022043">
        <ele>1112.960</ele>
        <time>2022-08-26T12:29:54Z</time>
      </trkpt>
      <trkpt lat="42.968949" lon="-5.021985">
        <ele>1112.841</ele>
        <time>2022-08-26T12:29:59Z</time>
      </trkpt>
      <trkpt lat="42.968989" lon="-5.021935">
        <ele>1112.190</ele>
        <time>2022-08-26T12:30:03Z</time>
      </trkpt>
      <trkpt lat="42.968976" lon="-5.021860">
        <ele>1113.343</ele>
        <time>2022-08-26T12:30:07Z</time>
      </trkpt>
      <trkpt lat="42.968984" lon="-5.021777">
        <ele>1113.695</ele>
        <time>2022-08-26T12:30:13Z</time>
      </trkpt>
      <trkpt lat="42.969007" lon="-5.021705">
        <ele>1112.992</ele>
        <time>2022-08-26T12:30:19Z</time>
      </trkpt>
      <trkpt lat="42.969070" lon="-5.021313">
        <ele>1112.773</ele>
        <time>2022-08-26T12:30:41Z</time>
      </trkpt>
      <trkpt lat="42.969078" lon="-5.021243">
        <ele>1113.220</ele>
        <time>2022-08-26T12:30:45Z</time>
      </trkpt>
      <trkpt lat="42.969098" lon="-5.021180">
        <ele>1113.009</ele>
        <time>2022-08-26T12:30:48Z</time>
      </trkpt>
      <trkpt lat="42.969135" lon="-5.021112">
        <ele>1111.850</ele>
        <time>2022-08-26T12:30:52Z</time>
      </trkpt>
      <trkpt lat="42.969178" lon="-5.021059">
        <ele>1110.060</ele>
        <time>2022-08-26T12:30:56Z</time>
      </trkpt>
      <trkpt lat="42.969205" lon="-5.021007">
        <ele>1109.310</ele>
        <time>2022-08-26T12:30:59Z</time>
      </trkpt>
      <trkpt lat="42.969207" lon="-5.020924">
        <ele>1110.077</ele>
        <time>2022-08-26T12:31:03Z</time>
      </trkpt>
      <trkpt lat="42.969229" lon="-5.020851">
        <ele>1109.753</ele>
        <time>2022-08-26T12:31:06Z</time>
      </trkpt>
      <trkpt lat="42.969222" lon="-5.020784">
        <ele>1110.484</ele>
        <time>2022-08-26T12:31:10Z</time>
      </trkpt>
      <trkpt lat="42.969227" lon="-5.020714">
        <ele>1110.373</ele>
        <time>2022-08-26T12:31:13Z</time>
      </trkpt>
      <trkpt lat="42.969230" lon="-5.020631">
        <ele>1110.476</ele>
        <time>2022-08-26T12:31:18Z</time>
      </trkpt>
      <trkpt lat="42.969232" lon="-5.020561">
        <ele>1110.568</ele>
        <time>2022-08-26T12:31:22Z</time>
      </trkpt>
      <trkpt lat="42.969235" lon="-5.020491">
        <ele>1110.498</ele>
        <time>2022-08-26T12:31:27Z</time>
      </trkpt>
      <trkpt lat="42.969197" lon="-5.020439">
        <ele>1112.415</ele>
        <time>2022-08-26T12:31:30Z</time>
      </trkpt>
      <trkpt lat="42.969182" lon="-5.020374">
        <ele>1113.226</ele>
        <time>2022-08-26T12:31:33Z</time>
      </trkpt>
      <trkpt lat="42.969164" lon="-5.020311">
        <ele>1114.209</ele>
        <time>2022-08-26T12:31:36Z</time>
      </trkpt>
      <trkpt lat="42.969171" lon="-5.020236">
        <ele>1113.910</ele>
        <time>2022-08-26T12:31:40Z</time>
      </trkpt>
      <trkpt lat="42.969156" lon="-5.020161">
        <ele>1115.150</ele>
        <time>2022-08-26T12:31:43Z</time>
      </trkpt>
      <trkpt lat="42.969156" lon="-5.020096">
        <ele>1115.380</ele>
        <time>2022-08-26T12:31:45Z</time>
      </trkpt>
      <trkpt lat="42.969129" lon="-5.020033">
        <ele>1117.237</ele>
        <time>2022-08-26T12:31:48Z</time>
      </trkpt>
      <trkpt lat="42.969121" lon="-5.019963">
        <ele>1117.353</ele>
        <time>2022-08-26T12:31:52Z</time>
      </trkpt>
      <trkpt lat="42.969099" lon="-5.019891">
        <ele>1117.834</ele>
        <time>2022-08-26T12:31:56Z</time>
      </trkpt>
      <trkpt lat="42.969076" lon="-5.019826">
        <ele>1118.523</ele>
        <time>2022-08-26T12:32:02Z</time>
      </trkpt>
      <trkpt lat="42.969051" lon="-5.019773">
        <ele>1119.596</ele>
        <time>2022-08-26T12:32:08Z</time>
      </trkpt>
      <trkpt lat="42.969009" lon="-5.019726">
        <ele>1121.838</ele>
        <time>2022-08-26T12:32:14Z</time>
      </trkpt>
      <trkpt lat="42.968982" lon="-5.019654">
        <ele>1122.012</ele>
        <time>2022-08-26T12:32:18Z</time>
      </trkpt>
      <trkpt lat="42.968954" lon="-5.019592">
        <ele>1122.432</ele>
        <time>2022-08-26T12:32:22Z</time>
      </trkpt>
      <trkpt lat="42.968956" lon="-5.019517">
        <ele>1120.405</ele>
        <time>2022-08-26T12:32:26Z</time>
      </trkpt>
      <trkpt lat="42.968938" lon="-5.019452">
        <ele>1120.009</ele>
        <time>2022-08-26T12:32:30Z</time>
      </trkpt>
      <trkpt lat="42.968918" lon="-5.019379">
        <ele>1118.232</ele>
        <time>2022-08-26T12:32:35Z</time>
      </trkpt>
      <trkpt lat="42.968885" lon="-5.019297">
        <ele>1116.232</ele>
        <time>2022-08-26T12:32:39Z</time>
      </trkpt>
      <trkpt lat="42.968842" lon="-5.019240">
        <ele>1115.162</ele>
        <time>2022-08-26T12:32:42Z</time>
      </trkpt>
      <trkpt lat="42.968795" lon="-5.019180">
        <ele>1113.779</ele>
        <time>2022-08-26T12:32:46Z</time>
      </trkpt>
      <trkpt lat="42.968762" lon="-5.019130">
        <ele>1111.645</ele>
        <time>2022-08-26T12:32:49Z</time>
      </trkpt>
      <trkpt lat="42.968717" lon="-5.019085">
        <ele>1110.146</ele>
        <time>2022-08-26T12:32:53Z</time>
      </trkpt>
      <trkpt lat="42.968659" lon="-5.019065">
        <ele>1110.775</ele>
        <time>2022-08-26T12:33:01Z</time>
      </trkpt>
      <trkpt lat="42.968621" lon="-5.019023">
        <ele>1109.358</ele>
        <time>2022-08-26T12:33:06Z</time>
      </trkpt>
      <trkpt lat="42.968588" lon="-5.018975">
        <ele>1107.260</ele>
        <time>2022-08-26T12:33:11Z</time>
      </trkpt>
      <trkpt lat="42.968541" lon="-5.018955">
        <ele>1107.337</ele>
        <time>2022-08-26T12:33:17Z</time>
      </trkpt>
      <trkpt lat="42.968491" lon="-5.018933">
        <ele>1107.449</ele>
        <time>2022-08-26T12:33:20Z</time>
      </trkpt>
      <trkpt lat="42.968446" lon="-5.018911">
        <ele>1107.513</ele>
        <time>2022-08-26T12:33:24Z</time>
      </trkpt>
      <trkpt lat="42.968401" lon="-5.018918">
        <ele>1109.309</ele>
        <time>2022-08-26T12:33:30Z</time>
      </trkpt>
      <trkpt lat="42.968351" lon="-5.018923">
        <ele>1111.144</ele>
        <time>2022-08-26T12:33:37Z</time>
      </trkpt>
      <trkpt lat="42.968303" lon="-5.018888">
        <ele>1110.074</ele>
        <time>2022-08-26T12:33:41Z</time>
      </trkpt>
      <trkpt lat="42.968256" lon="-5.018890">
        <ele>1110.064</ele>
        <time>2022-08-26T12:33:46Z</time>
      </trkpt>
      <trkpt lat="42.968198" lon="-5.018863">
        <ele>1109.031</ele>
        <time>2022-08-26T12:33:51Z</time>
      </trkpt>
      <trkpt lat="42.968148" lon="-5.018875">
        <ele>1109.597</ele>
        <time>2022-08-26T12:33:54Z</time>
      </trkpt>
      <trkpt lat="42.968101" lon="-5.018858">
        <ele>1109.178</ele>
        <time>2022-08-26T12:33:57Z</time>
      </trkpt>
      <trkpt lat="42.968053" lon="-5.018853">
        <ele>1109.137</ele>
        <time>2022-08-26T12:34:01Z</time>
      </trkpt>
      <trkpt lat="42.968003" lon="-5.018830">
        <ele>1108.730</ele>
        <time>2022-08-26T12:34:04Z</time>
      </trkpt>
      <trkpt lat="42.967956" lon="-5.018805">
        <ele>1108.422</ele>
        <time>2022-08-26T12:34:11Z</time>
      </trkpt>
    </trkseg>
  </trk></gpx>