<?xml version="1.0" encoding="UTF-8"?>
<gpx creator="Wikiloc - https://www.wikiloc.com" version="1.1" xmlns="http://www.topografix.com/GPX/1/1" xmlns:xsi="http://www.w3.org/2001/XMLSchema-instance" xsi:schemaLocation="http://www.topografix.com/GPX/1/1 http://www.topografix.com/GPX/1/1/gpx.xsd">
  <metadata>
    <name>Wikiloc - BALCÓN de PILATOS y LARREGOIKO ruta circular</name>
    <author>
      <name>RUTAS por el MONTE BLOG</name>
      <link href="https://www.wikiloc.com/wikiloc/user.do?id=4600824">
        <text>RUTAS por el MONTE BLOG on Wikiloc</text>
      </link>
    </author>
    <link href="https://www.wikiloc.com/hiking-trails/balcon-de-pilatos-y-larregoiko-ruta-circular-116322251">
      <text>BALCÓN de PILATOS y LARREGOIKO ruta circular on Wikiloc</text>
    </link>
    <time>2022-10-15T12:45:54Z</time>
  </metadata>
  <wpt lat="42.798873" lon="-2.143717">
    <ele>927.2</ele>
    <time>2022-10-15T09:24:35Z</time>
    <name>Parking</name>
    <cmt></cmt>
    <desc></desc>
  </wpt>
  <wpt lat="42.800700" lon="-2.138620">
    <ele>945.6</ele>
    <time>2022-10-15T09:33:08Z</time>
    <name>Vistas</name>
    <cmt></cmt>
    <desc></desc>
  </wpt>
  <wpt lat="42.801922" lon="-2.139172">
    <ele>948.0</ele>
    <time>2022-10-15T09:35:32Z</time>
    <name>Caminar junto al vallado</name>
    <cmt></cmt>
    <desc></desc>
  </wpt>
  <wpt lat="42.803323" lon="-2.138242">
    <ele>943.1</ele>
    <time>2022-10-15T09:38:40Z</time>
    <name>Cruzar vallado paso habilitado</name>
    <cmt></cmt>
    <desc></desc>
  </wpt>
  <wpt lat="42.804437" lon="-2.137602">
    <ele>897.8</ele>
    <time>2022-10-15T09:41:10Z</time>
    <name>Mirador del Balcón de Pilatos</name>
    <cmt></cmt>
    <desc></desc>
  </wpt>
  <wpt lat="42.798775" lon="-2.143815">
    <ele>926.4</ele>
    <time>2022-10-15T10:00:50Z</time>
    <name>Derecha paralelos a la carretera</name>
    <cmt></cmt>
    <desc></desc>
  </wpt>
  <wpt lat="42.800207" lon="-2.145708">
    <ele>928.3</ele>
    <time>2022-10-15T10:03:35Z</time>
    <name>Izquierda, tomar pista, seguir flechas blancas</name>
    <cmt></cmt>
    <desc></desc>
  </wpt>
  <wpt lat="42.799132" lon="-2.147380">
    <ele>935.7</ele>
    <time>2022-10-15T10:05:48Z</time>
    <name>Pista</name>
    <cmt></cmt>
    <desc></desc>
  </wpt>
  <wpt lat="42.796805" lon="-2.150682">
    <ele>932.8</ele>
    <time>2022-10-15T10:10:11Z</time>
    <name>Flechas blancas</name>
    <cmt></cmt>
    <desc></desc>
  </wpt>
  <wpt lat="42.795450" lon="-2.153890">
    <ele>923.8</ele>
    <time>2022-10-15T10:13:54Z</time>
    <name>Poste indicativo, seguir marcas blancas</name>
    <cmt></cmt>
    <desc></desc>
  </wpt>
  <wpt lat="42.794962" lon="-2.153770">
    <ele>927.1</ele>
    <time>2022-10-15T10:15:17Z</time>
    <name>Izquierda</name>
    <cmt></cmt>
    <desc></desc>
  </wpt>
  <wpt lat="42.792365" lon="-2.150485">
    <ele>933.8</ele>
    <time>2022-10-15T10:22:35Z</time>
    <name>Izquierda</name>
    <cmt></cmt>
    <desc></desc>
  </wpt>
  <wpt lat="42.789898" lon="-2.146907">
    <ele>941.0</ele>
    <time>2022-10-15T10:32:12Z</time>
    <name>Derecha</name>
    <cmt></cmt>
    <desc></desc>
  </wpt>
  <wpt lat="42.788650" lon="-2.145920">
    <ele>945.0</ele>
    <time>2022-10-15T10:34:21Z</time>
    <name>Derecha</name>
    <cmt></cmt>
    <desc></desc>
  </wpt>
  <wpt lat="42.785632" lon="-2.146122">
    <ele>959.0</ele>
    <time>2022-10-15T10:38:29Z</time>
    <name>Izquierda</name>
    <cmt></cmt>
    <desc></desc>
  </wpt>
  <wpt lat="42.783422" lon="-2.144587">
    <ele>972.9</ele>
    <time>2022-10-15T10:42:53Z</time>
    <name>Ezpide derecha sin cruzar el vallado</name>
    <cmt></cmt>
    <desc></desc>
  </wpt>
  <wpt lat="42.782675" lon="-2.145102">
    <ele>976.3</ele>
    <time>2022-10-15T10:44:56Z</time>
    <name>Izquierda</name>
    <cmt></cmt>
    <desc></desc>
  </wpt>
  <wpt lat="42.780857" lon="-2.145407">
    <ele>985.2</ele>
    <time>2022-10-15T10:52:43Z</time>
    <name>Garziaran</name>
    <cmt></cmt>
    <desc></desc>
  </wpt>
  <wpt lat="42.779405" lon="-2.146042">
    <ele>987.3</ele>
    <time>2022-10-15T10:57:04Z</time>
    <name>Cruzar vallado paso habilitado</name>
    <cmt></cmt>
    <desc></desc>
  </wpt>
  <wpt lat="42.776175" lon="-2.150185">
    <ele>1008.5</ele>
    <time>2022-10-15T11:06:46Z</time>
    <name>Mirador</name>
    <cmt></cmt>
    <desc></desc>
  </wpt>
  <wpt lat="42.775997" lon="-2.150377">
    <ele>1007.1</ele>
    <time>2022-10-15T11:12:16Z</time>
    <name>Larregoiko</name>
    <cmt></cmt>
    <desc></desc>
  </wpt>
  <wpt lat="42.776488" lon="-2.151848">
    <ele>1014.9</ele>
    <time>2022-10-15T11:50:39Z</time>
    <name>Caminar junto al muro</name>
    <cmt></cmt>
    <desc></desc>
  </wpt>
  <wpt lat="42.777167" lon="-2.152175">
    <ele>1014.4</ele>
    <time>2022-10-15T11:51:48Z</time>
    <name>Nevera</name>
    <cmt></cmt>
    <desc></desc>
  </wpt>
  <wpt lat="42.777215" lon="-2.152338">
    <ele>1014.1</ele>
    <time>2022-10-15T11:52:52Z</time>
    <name>Nevera</name>
    <cmt></cmt>
    <desc></desc>
  </wpt>
  <wpt lat="42.776385" lon="-2.153182">
    <ele>1010.1</ele>
    <time>2022-10-15T11:55:06Z</time>
    <name>Cruzar portón y seguir pista hacia la derecha</name>
    <cmt></cmt>
    <desc></desc>
  </wpt>
  <wpt lat="42.777137" lon="-2.161148">
    <ele>945.7</ele>
    <time>2022-10-15T12:05:44Z</time>
    <name>Recto</name>
    <cmt></cmt>
    <desc></desc>
  </wpt>
  <trk>
    <name>BALCÓN de PILATOS y LARREGOIKO ruta circular</name>
    <cmt>Ruta circular siguiendo el sendero de las neveras de Larregoiko y visitando también el mirador del Balcón de Pilatos. Aparcaremos en el parking de Ubaba o del mirador del balcón de Pilatos. 
 
En primer lugar decidimos ir hacia el Balcón de Pilatos para disfrutar de la maravillosa vista que ofrece. Está a unos 900 m del parking y no tiene ninguna dificultad llegar a él. En primer lugar caminaremos por sendero hacia el borde del balcón. Posteriormente caminaremos siguiendo paralelos a la forma marcada por la montaña y finalmente cruzaremos el vallado por el paso habilitado para llegar al mirador propiamente dicho. 
 
Tras disfrutar de las vistas volvemos sobre nuestros pasos de vuelta al parking. Una vez allí seguimos paralelos a la carretera hacia la derecha del parking. En el siguiente cruce tomamos la pista a la izquierda de la carretera. 
 
Desde allí empezamos a seguir las flechas blancas que nos guiarán en la circular de las neveras de Larregoiko. En la ida pasaremos por un bosque espectacular. Al salir del bosque caminaremos por un gran llano junto al cortado que dibuja la montaña con unas vistas espectaculares según nos vamos acercando a la cima de Larregoiko. 
 
Desde la cima bajamos hacia la nevera, con un panel informativo que nos cuenta su historia. 
 
El siguiente paso es seguir las flechas blancas hasta llegar a una pista. Seguimos la pista en descenso y volveremos a conectar con el camino de ida, ya cerca de la carretera y del parking donde hemos aparcado.</cmt>
    <desc>Ruta circular siguiendo el sendero de las neveras de Larregoiko y visitando también el mirador del Balcón de Pilatos. Aparcaremos en el parking de Ubaba o del mirador del balcón de Pilatos. 
 
En primer lugar decidimos ir hacia el Balcón de Pilatos para disfrutar de la maravillosa vista que ofrece. Está a unos 900 m del parking y no tiene ninguna dificultad llegar a él. En primer lugar caminaremos por sendero hacia el borde del balcón. Posteriormente caminaremos siguiendo paralelos a la forma marcada por la montaña y finalmente cruzaremos el vallado por el paso habilitado para llegar al mirador propiamente dicho. 
 
Tras disfrutar de las vistas volvemos sobre nuestros pasos de vuelta al parking. Una vez allí seguimos paralelos a la carretera hacia la derecha del parking. En el siguiente cruce tomamos la pista a la izquierda de la carretera. 
 
Desde allí empezamos a seguir las flechas blancas que nos guiarán en la circular de las neveras de Larregoiko. En la ida pasaremos por un bosque espectacular. Al salir del bosque caminaremos por un gran llano junto al cortado que dibuja la montaña con unas vistas espectaculares según nos vamos acercando a la cima de Larregoiko. 
 
Desde la cima bajamos hacia la nevera, con un panel informativo que nos cuenta su historia. 
 
El siguiente paso es seguir las flechas blancas hasta llegar a una pista. Seguimos la pista en descenso y volveremos a conectar con el camino de ida, ya cerca de la carretera y del parking donde hemos aparcado.</desc>
    <trkseg>
      <trkpt lat="42.798872" lon="-2.143785">
        <ele>926.723</ele>
        <time>2022-10-15T09:24:24Z</time>
      </trkpt>
      <trkpt lat="42.798874" lon="-2.143717">
        <ele>927.283</ele>
        <time>2022-10-15T09:24:27Z</time>
      </trkpt>
      <trkpt lat="42.798844" lon="-2.143665">
        <ele>927.511</ele>
        <time>2022-10-15T09:25:34Z</time>
      </trkpt>
      <trkpt lat="42.798811" lon="-2.143615">
        <ele>927.709</ele>
        <time>2022-10-15T09:25:58Z</time>
      </trkpt>
      <trkpt lat="42.798844" lon="-2.143565">
        <ele>928.123</ele>
        <time>2022-10-15T09:26:04Z</time>
      </trkpt>
      <trkpt lat="42.798879" lon="-2.143512">
        <ele>928.753</ele>
        <time>2022-10-15T09:26:09Z</time>
      </trkpt>
      <trkpt lat="42.798927" lon="-2.143485">
        <ele>929.028</ele>
        <time>2022-10-15T09:26:14Z</time>
      </trkpt>
      <trkpt lat="42.798970" lon="-2.143463">
        <ele>929.295</ele>
        <time>2022-10-15T09:26:20Z</time>
      </trkpt>
      <trkpt lat="42.798990" lon="-2.143398">
        <ele>929.644</ele>
        <time>2022-10-15T09:26:27Z</time>
      </trkpt>
      <trkpt lat="42.798972" lon="-2.143330">
        <ele>930.044</ele>
        <time>2022-10-15T09:26:31Z</time>
      </trkpt>
      <trkpt lat="42.798947" lon="-2.143273">
        <ele>930.334</ele>
        <time>2022-10-15T09:26:35Z</time>
      </trkpt>
      <trkpt lat="42.798912" lon="-2.143223">
        <ele>930.497</ele>
        <time>2022-10-15T09:26:43Z</time>
      </trkpt>
      <trkpt lat="42.798867" lon="-2.143196">
        <ele>930.353</ele>
        <time>2022-10-15T09:26:47Z</time>
      </trkpt>
      <trkpt lat="42.798827" lon="-2.143158">
        <ele>930.241</ele>
        <time>2022-10-15T09:26:53Z</time>
      </trkpt>
      <trkpt lat="42.798812" lon="-2.143095">
        <ele>930.381</ele>
        <time>2022-10-15T09:27:01Z</time>
      </trkpt>
      <trkpt lat="42.798807" lon="-2.143033">
        <ele>930.509</ele>
        <time>2022-10-15T09:27:06Z</time>
      </trkpt>
      <trkpt lat="42.798799" lon="-2.142966">
        <ele>930.909</ele>
        <time>2022-10-15T09:27:10Z</time>
      </trkpt>
      <trkpt lat="42.798821" lon="-2.142891">
        <ele>931.645</ele>
        <time>2022-10-15T09:27:15Z</time>
      </trkpt>
      <trkpt lat="42.798834" lon="-2.142823">
        <ele>932.175</ele>
        <time>2022-10-15T09:27:20Z</time>
      </trkpt>
      <trkpt lat="42.798846" lon="-2.142761">
        <ele>932.680</ele>
        <time>2022-10-15T09:27:24Z</time>
      </trkpt>
      <trkpt lat="42.798866" lon="-2.142703">
        <ele>933.087</ele>
        <time>2022-10-15T09:27:29Z</time>
      </trkpt>
      <trkpt lat="42.798886" lon="-2.142633">
        <ele>933.546</ele>
        <time>2022-10-15T09:27:33Z</time>
      </trkpt>
      <trkpt lat="42.798906" lon="-2.142573">
        <ele>933.856</ele>
        <time>2022-10-15T09:27:38Z</time>
      </trkpt>
      <trkpt lat="42.798931" lon="-2.142513">
        <ele>934.266</ele>
        <time>2022-10-15T09:27:43Z</time>
      </trkpt>
      <trkpt lat="42.798943" lon="-2.142445">
        <ele>934.859</ele>
        <time>2022-10-15T09:27:48Z</time>
      </trkpt>
      <trkpt lat="42.798960" lon="-2.142385">
        <ele>935.335</ele>
        <time>2022-10-15T09:27:52Z</time>
      </trkpt>
      <trkpt lat="42.798993" lon="-2.142323">
        <ele>936.053</ele>
        <time>2022-10-15T09:27:57Z</time>
      </trkpt>
      <trkpt lat="42.799021" lon="-2.142273">
        <ele>936.604</ele>
        <time>2022-10-15T09:28:01Z</time>
      </trkpt>
      <trkpt lat="42.799048" lon="-2.142215">
        <ele>937.214</ele>
        <time>2022-10-15T09:28:05Z</time>
      </trkpt>
      <trkpt lat="42.799085" lon="-2.142170">
        <ele>937.809</ele>
        <time>2022-10-15T09:28:09Z</time>
      </trkpt>
      <trkpt lat="42.799107" lon="-2.142103">
        <ele>938.426</ele>
        <time>2022-10-15T09:28:14Z</time>
      </trkpt>
      <trkpt lat="42.799125" lon="-2.142043">
        <ele>939.076</ele>
        <time>2022-10-15T09:28:19Z</time>
      </trkpt>
      <trkpt lat="42.799157" lon="-2.141978">
        <ele>939.741</ele>
        <time>2022-10-15T09:28:23Z</time>
      </trkpt>
      <trkpt lat="42.799207" lon="-2.141943">
        <ele>940.278</ele>
        <time>2022-10-15T09:28:28Z</time>
      </trkpt>
      <trkpt lat="42.799242" lon="-2.141896">
        <ele>940.627</ele>
        <time>2022-10-15T09:28:33Z</time>
      </trkpt>
      <trkpt lat="42.799289" lon="-2.141864">
        <ele>941.047</ele>
        <time>2022-10-15T09:28:38Z</time>
      </trkpt>
      <trkpt lat="42.799334" lon="-2.141834">
        <ele>941.427</ele>
        <time>2022-10-15T09:28:42Z</time>
      </trkpt>
      <trkpt lat="42.799382" lon="-2.141809">
        <ele>941.810</ele>
        <time>2022-10-15T09:28:47Z</time>
      </trkpt>
      <trkpt lat="42.799419" lon="-2.141772">
        <ele>942.116</ele>
        <time>2022-10-15T09:28:51Z</time>
      </trkpt>
      <trkpt lat="42.799456" lon="-2.141729">
        <ele>942.624</ele>
        <time>2022-10-15T09:28:55Z</time>
      </trkpt>
      <trkpt lat="42.799491" lon="-2.141667">
        <ele>943.004</ele>
        <time>2022-10-15T09:28:59Z</time>
      </trkpt>
      <trkpt lat="42.799511" lon="-2.141612">
        <ele>943.414</ele>
        <time>2022-10-15T09:29:03Z</time>
      </trkpt>
      <trkpt lat="42.799529" lon="-2.141550">
        <ele>943.809</ele>
        <time>2022-10-15T09:29:07Z</time>
      </trkpt>
      <trkpt lat="42.799547" lon="-2.141482">
        <ele>944.373</ele>
        <time>2022-10-15T09:29:11Z</time>
      </trkpt>
      <trkpt lat="42.799567" lon="-2.141420">
        <ele>944.893</ele>
        <time>2022-10-15T09:29:14Z</time>
      </trkpt>
      <trkpt lat="42.799549" lon="-2.141350">
        <ele>945.138</ele>
        <time>2022-10-15T09:29:19Z</time>
      </trkpt>
      <trkpt lat="42.799536" lon="-2.141288">
        <ele>945.115</ele>
        <time>2022-10-15T09:29:22Z</time>
      </trkpt>
      <trkpt lat="42.799529" lon="-2.141220">
        <ele>945.274</ele>
        <time>2022-10-15T09:29:27Z</time>
      </trkpt>
      <trkpt lat="42.799509" lon="-2.141152">
        <ele>945.274</ele>
        <time>2022-10-15T09:29:31Z</time>
      </trkpt>
      <trkpt lat="42.799499" lon="-2.141077">
        <ele>945.224</ele>
        <time>2022-10-15T09:29:36Z</time>
      </trkpt>
      <trkpt lat="42.799494" lon="-2.141015">
        <ele>945.267</ele>
        <time>2022-10-15T09:29:39Z</time>
      </trkpt>
      <trkpt lat="42.799489" lon="-2.140947">
        <ele>945.333</ele>
        <time>2022-10-15T09:29:44Z</time>
      </trkpt>
      <trkpt lat="42.799509" lon="-2.140874">
        <ele>945.475</ele>
        <time>2022-10-15T09:29:50Z</time>
      </trkpt>
      <trkpt lat="42.799526" lon="-2.140816">
        <ele>945.528</ele>
        <time>2022-10-15T09:29:54Z</time>
      </trkpt>
      <trkpt lat="42.799546" lon="-2.140756">
        <ele>945.520</ele>
        <time>2022-10-15T09:29:58Z</time>
      </trkpt>
      <trkpt lat="42.799581" lon="-2.140699">
        <ele>945.509</ele>
        <time>2022-10-15T09:30:03Z</time>
      </trkpt>
      <trkpt lat="42.799628" lon="-2.140669">
        <ele>945.748</ele>
        <time>2022-10-15T09:30:07Z</time>
      </trkpt>
      <trkpt lat="42.799675" lon="-2.140654">
        <ele>946.098</ele>
        <time>2022-10-15T09:30:11Z</time>
      </trkpt>
      <trkpt lat="42.799713" lon="-2.140606">
        <ele>946.113</ele>
        <time>2022-10-15T09:30:16Z</time>
      </trkpt>
      <trkpt lat="42.799738" lon="-2.140541">
        <ele>946.040</ele>
        <time>2022-10-15T09:30:20Z</time>
      </trkpt>
      <trkpt lat="42.799756" lon="-2.140483">
        <ele>945.639</ele>
        <time>2022-10-15T09:30:25Z</time>
      </trkpt>
      <trkpt lat="42.799779" lon="-2.140420">
        <ele>945.399</ele>
        <time>2022-10-15T09:30:28Z</time>
      </trkpt>
      <trkpt lat="42.799802" lon="-2.140352">
        <ele>945.069</ele>
        <time>2022-10-15T09:30:32Z</time>
      </trkpt>
      <trkpt lat="42.799832" lon="-2.140297">
        <ele>944.912</ele>
        <time>2022-10-15T09:30:36Z</time>
      </trkpt>
      <trkpt lat="42.799857" lon="-2.140239">
        <ele>944.868</ele>
        <time>2022-10-15T09:30:40Z</time>
      </trkpt>
      <trkpt lat="42.799884" lon="-2.140181">
        <ele>944.742</ele>
        <time>2022-10-15T09:30:43Z</time>
      </trkpt>
      <trkpt lat="42.799909" lon="-2.140121">
        <ele>944.622</ele>
        <time>2022-10-15T09:30:47Z</time>
      </trkpt>
      <trkpt lat="42.799929" lon="-2.140051">
        <ele>944.514</ele>
        <time>2022-10-15T09:30:52Z</time>
      </trkpt>
      <trkpt lat="42.799962" lon="-2.139996">
        <ele>944.509</ele>
        <time>2022-10-15T09:30:56Z</time>
      </trkpt>
      <trkpt lat="42.799987" lon="-2.139936">
        <ele>944.315</ele>
        <time>2022-10-15T09:31:00Z</time>
      </trkpt>
      <trkpt lat="42.800012" lon="-2.139881">
        <ele>944.385</ele>
        <time>2022-10-15T09:31:04Z</time>
      </trkpt>
      <trkpt lat="42.800047" lon="-2.139816">
        <ele>944.240</ele>
        <time>2022-10-15T09:31:10Z</time>
      </trkpt>
      <trkpt lat="42.800074" lon="-2.139753">
        <ele>944.217</ele>
        <time>2022-10-15T09:31:14Z</time>
      </trkpt>
      <trkpt lat="42.800087" lon="-2.139690">
        <ele>943.966</ele>
        <time>2022-10-15T09:31:18Z</time>
      </trkpt>
      <trkpt lat="42.800107" lon="-2.139617">
        <ele>943.646</ele>
        <time>2022-10-15T09:31:22Z</time>
      </trkpt>
      <trkpt lat="42.800135" lon="-2.139559">
        <ele>943.786</ele>
        <time>2022-10-15T09:31:26Z</time>
      </trkpt>
      <trkpt lat="42.800157" lon="-2.139482">
        <ele>943.839</ele>
        <time>2022-10-15T09:31:31Z</time>
      </trkpt>
      <trkpt lat="42.800184" lon="-2.139424">
        <ele>944.255</ele>
        <time>2022-10-15T09:31:36Z</time>
      </trkpt>
      <trkpt lat="42.800194" lon="-2.139362">
        <ele>944.397</ele>
        <time>2022-10-15T09:31:40Z</time>
      </trkpt>
      <trkpt lat="42.800219" lon="-2.139305">
        <ele>945.023</ele>
        <time>2022-10-15T09:31:44Z</time>
      </trkpt>
      <trkpt lat="42.800256" lon="-2.139253">
        <ele>946.225</ele>
        <time>2022-10-15T09:31:49Z</time>
      </trkpt>
      <trkpt lat="42.800279" lon="-2.139186">
        <ele>947.009</ele>
        <time>2022-10-15T09:31:53Z</time>
      </trkpt>
      <trkpt lat="42.800311" lon="-2.139133">
        <ele>946.920</ele>
        <time>2022-10-15T09:31:57Z</time>
      </trkpt>
      <trkpt lat="42.800339" lon="-2.139076">
        <ele>946.720</ele>
        <time>2022-10-15T09:32:01Z</time>
      </trkpt>
      <trkpt lat="42.800371" lon="-2.139031">
        <ele>946.985</ele>
        <time>2022-10-15T09:32:06Z</time>
      </trkpt>
      <trkpt lat="42.800393" lon="-2.138976">
        <ele>946.942</ele>
        <time>2022-10-15T09:32:09Z</time>
      </trkpt>
      <trkpt lat="42.800425" lon="-2.138924">
        <ele>947.351</ele>
        <time>2022-10-15T09:32:13Z</time>
      </trkpt>
      <trkpt lat="42.800453" lon="-2.138862">
        <ele>947.341</ele>
        <time>2022-10-15T09:32:17Z</time>
      </trkpt>
      <trkpt lat="42.800485" lon="-2.138812">
        <ele>947.271</ele>
        <time>2022-10-15T09:32:22Z</time>
      </trkpt>
      <trkpt lat="42.800518" lon="-2.138759">
        <ele>947.234</ele>
        <time>2022-10-15T09:32:27Z</time>
      </trkpt>
      <trkpt lat="42.800561" lon="-2.138711">
        <ele>947.480</ele>
        <time>2022-10-15T09:32:31Z</time>
      </trkpt>
      <trkpt lat="42.800611" lon="-2.138681">
        <ele>946.993</ele>
        <time>2022-10-15T09:32:35Z</time>
      </trkpt>
      <trkpt lat="42.800668" lon="-2.138664">
        <ele>946.565</ele>
        <time>2022-10-15T09:32:40Z</time>
      </trkpt>
      <trkpt lat="42.800703" lon="-2.138621">
        <ele>945.621</ele>
        <time>2022-10-15T09:32:46Z</time>
      </trkpt>
      <trkpt lat="42.800741" lon="-2.138661">
        <ele>946.309</ele>
        <time>2022-10-15T09:33:47Z</time>
      </trkpt>
      <trkpt lat="42.800784" lon="-2.138691">
        <ele>946.860</ele>
        <time>2022-10-15T09:33:51Z</time>
      </trkpt>
      <trkpt lat="42.800834" lon="-2.138698">
        <ele>946.920</ele>
        <time>2022-10-15T09:33:56Z</time>
      </trkpt>
      <trkpt lat="42.800886" lon="-2.138713">
        <ele>946.585</ele>
        <time>2022-10-15T09:34:00Z</time>
      </trkpt>
      <trkpt lat="42.800929" lon="-2.138766">
        <ele>947.432</ele>
        <time>2022-10-15T09:34:05Z</time>
      </trkpt>
      <trkpt lat="42.800972" lon="-2.138804">
        <ele>948.171</ele>
        <time>2022-10-15T09:34:09Z</time>
      </trkpt>
      <trkpt lat="42.801007" lon="-2.138854">
        <ele>949.341</ele>
        <time>2022-10-15T09:34:13Z</time>
      </trkpt>
      <trkpt lat="42.801044" lon="-2.138901">
        <ele>950.241</ele>
        <time>2022-10-15T09:34:16Z</time>
      </trkpt>
      <trkpt lat="42.801082" lon="-2.138951">
        <ele>950.164</ele>
        <time>2022-10-15T09:34:20Z</time>
      </trkpt>
      <trkpt lat="42.801132" lon="-2.138991">
        <ele>949.830</ele>
        <time>2022-10-15T09:34:25Z</time>
      </trkpt>
      <trkpt lat="42.801177" lon="-2.139011">
        <ele>949.463</ele>
        <time>2022-10-15T09:34:29Z</time>
      </trkpt>
      <trkpt lat="42.801225" lon="-2.139026">
        <ele>949.044</ele>
        <time>2022-10-15T09:34:33Z</time>
      </trkpt>
      <trkpt lat="42.801267" lon="-2.139051">
        <ele>948.718</ele>
        <time>2022-10-15T09:34:37Z</time>
      </trkpt>
      <trkpt lat="42.801314" lon="-2.139063">
        <ele>948.509</ele>
        <time>2022-10-15T09:34:42Z</time>
      </trkpt>
      <trkpt lat="42.801362" lon="-2.139085">
        <ele>948.397</ele>
        <time>2022-10-15T09:34:46Z</time>
      </trkpt>
      <trkpt lat="42.801414" lon="-2.139085">
        <ele>948.067</ele>
        <time>2022-10-15T09:34:50Z</time>
      </trkpt>
      <trkpt lat="42.801459" lon="-2.139078">
        <ele>947.832</ele>
        <time>2022-10-15T09:34:54Z</time>
      </trkpt>
      <trkpt lat="42.801511" lon="-2.139113">
        <ele>948.059</ele>
        <time>2022-10-15T09:34:58Z</time>
      </trkpt>
      <trkpt lat="42.801556" lon="-2.139135">
        <ele>948.128</ele>
        <time>2022-10-15T09:35:03Z</time>
      </trkpt>
      <trkpt lat="42.801611" lon="-2.139167">
        <ele>948.288</ele>
        <time>2022-10-15T09:35:06Z</time>
      </trkpt>
      <trkpt lat="42.801656" lon="-2.139170">
        <ele>948.038</ele>
        <time>2022-10-15T09:35:11Z</time>
      </trkpt>
      <trkpt lat="42.801711" lon="-2.139183">
        <ele>947.911</ele>
        <time>2022-10-15T09:35:16Z</time>
      </trkpt>
      <trkpt lat="42.801759" lon="-2.139191">
        <ele>947.927</ele>
        <time>2022-10-15T09:35:22Z</time>
      </trkpt>
      <trkpt lat="42.801812" lon="-2.139193">
        <ele>947.952</ele>
        <time>2022-10-15T09:35:25Z</time>
      </trkpt>
      <trkpt lat="42.801872" lon="-2.139176">
        <ele>948.053</ele>
        <time>2022-10-15T09:35:29Z</time>
      </trkpt>
      <trkpt lat="42.801924" lon="-2.139173">
        <ele>948.008</ele>
        <time>2022-10-15T09:35:32Z</time>
      </trkpt>
      <trkpt lat="42.801969" lon="-2.139180">
        <ele>947.909</ele>
        <time>2022-10-15T09:35:37Z</time>
      </trkpt>
      <trkpt lat="42.802021" lon="-2.139198">
        <ele>947.686</ele>
        <time>2022-10-15T09:35:42Z</time>
      </trkpt>
      <trkpt lat="42.802073" lon="-2.139195">
        <ele>947.416</ele>
        <time>2022-10-15T09:35:46Z</time>
      </trkpt>
      <trkpt lat="42.802121" lon="-2.139177">
        <ele>947.321</ele>
        <time>2022-10-15T09:35:51Z</time>
      </trkpt>
      <trkpt lat="42.802173" lon="-2.139175">
        <ele>947.118</ele>
        <time>2022-10-15T09:35:56Z</time>
      </trkpt>
      <trkpt lat="42.802223" lon="-2.139178">
        <ele>946.987</ele>
        <time>2022-10-15T09:36:02Z</time>
      </trkpt>
      <trkpt lat="42.802275" lon="-2.139163">
        <ele>946.697</ele>
        <time>2022-10-15T09:36:07Z</time>
      </trkpt>
      <trkpt lat="42.802322" lon="-2.139156">
        <ele>946.327</ele>
        <time>2022-10-15T09:36:13Z</time>
      </trkpt>
      <trkpt lat="42.802367" lon="-2.139143">
        <ele>946.070</ele>
        <time>2022-10-15T09:36:17Z</time>
      </trkpt>
      <trkpt lat="42.802414" lon="-2.139116">
        <ele>945.956</ele>
        <time>2022-10-15T09:36:25Z</time>
      </trkpt>
      <trkpt lat="42.802446" lon="-2.139064">
        <ele>946.099</ele>
        <time>2022-10-15T09:36:30Z</time>
      </trkpt>
      <trkpt lat="42.802481" lon="-2.139001">
        <ele>946.207</ele>
        <time>2022-10-15T09:36:35Z</time>
      </trkpt>
      <trkpt lat="42.802518" lon="-2.138946">
        <ele>946.527</ele>
        <time>2022-10-15T09:36:40Z</time>
      </trkpt>
      <trkpt lat="42.802546" lon="-2.138896">
        <ele>946.609</ele>
        <time>2022-10-15T09:36:44Z</time>
      </trkpt>
      <trkpt lat="42.802583" lon="-2.138854">
        <ele>946.220</ele>
        <time>2022-10-15T09:36:49Z</time>
      </trkpt>
      <trkpt lat="42.802616" lon="-2.138791">
        <ele>945.760</ele>
        <time>2022-10-15T09:36:54Z</time>
      </trkpt>
      <trkpt lat="42.802656" lon="-2.138754">
        <ele>945.555</ele>
        <time>2022-10-15T09:36:59Z</time>
      </trkpt>
      <trkpt lat="42.802679" lon="-2.138692">
        <ele>945.442</ele>
        <time>2022-10-15T09:37:03Z</time>
      </trkpt>
      <trkpt lat="42.802716" lon="-2.138642">
        <ele>945.521</ele>
        <time>2022-10-15T09:37:08Z</time>
      </trkpt>
      <trkpt lat="42.802753" lon="-2.138597">
        <ele>945.791</ele>
        <time>2022-10-15T09:37:13Z</time>
      </trkpt>
      <trkpt lat="42.802793" lon="-2.138557">
        <ele>945.841</ele>
        <time>2022-10-15T09:37:19Z</time>
      </trkpt>
      <trkpt lat="42.802846" lon="-2.138560">
        <ele>945.654</ele>
        <time>2022-10-15T09:37:25Z</time>
      </trkpt>
      <trkpt lat="42.802891" lon="-2.138550">
        <ele>945.570</ele>
        <time>2022-10-15T09:37:30Z</time>
      </trkpt>
      <trkpt lat="42.802939" lon="-2.138523">
        <ele>945.352</ele>
        <time>2022-10-15T09:37:35Z</time>
      </trkpt>
      <trkpt lat="42.802981" lon="-2.138496">
        <ele>945.253</ele>
        <time>2022-10-15T09:37:40Z</time>
      </trkpt>
      <trkpt lat="42.803024" lon="-2.138458">
        <ele>945.108</ele>
        <time>2022-10-15T09:37:44Z</time>
      </trkpt>
      <trkpt lat="42.803064" lon="-2.138425">
        <ele>944.909</ele>
        <time>2022-10-15T09:37:48Z</time>
      </trkpt>
      <trkpt lat="42.803102" lon="-2.138382">
        <ele>944.666</ele>
        <time>2022-10-15T09:37:53Z</time>
      </trkpt>
      <trkpt lat="42.803154" lon="-2.138377">
        <ele>944.216</ele>
        <time>2022-10-15T09:37:58Z</time>
      </trkpt>
      <trkpt lat="42.803191" lon="-2.138319">
        <ele>944.111</ele>
        <time>2022-10-15T09:38:04Z</time>
      </trkpt>
      <trkpt lat="42.803239" lon="-2.138294">
        <ele>943.788</ele>
        <time>2022-10-15T09:38:08Z</time>
      </trkpt>
      <trkpt lat="42.803279" lon="-2.138256">
        <ele>943.427</ele>
        <time>2022-10-15T09:38:13Z</time>
      </trkpt>
      <trkpt lat="42.803327" lon="-2.138243">
        <ele>943.167</ele>
        <time>2022-10-15T09:38:16Z</time>
      </trkpt>
      <trkpt lat="42.803324" lon="-2.138170">
        <ele>943.197</ele>
        <time>2022-10-15T09:38:43Z</time>
      </trkpt>
      <trkpt lat="42.803357" lon="-2.138128">
        <ele>942.780</ele>
        <time>2022-10-15T09:39:00Z</time>
      </trkpt>
      <trkpt lat="42.803390" lon="-2.138085">
        <ele>942.246</ele>
        <time>2022-10-15T09:39:04Z</time>
      </trkpt>
      <trkpt lat="42.803423" lon="-2.138042">
        <ele>941.862</ele>
        <time>2022-10-15T09:39:08Z</time>
      </trkpt>
      <trkpt lat="42.803463" lon="-2.137999">
        <ele>941.383</ele>
        <time>2022-10-15T09:39:13Z</time>
      </trkpt>
      <trkpt lat="42.803505" lon="-2.137969">
        <ele>940.811</ele>
        <time>2022-10-15T09:39:17Z</time>
      </trkpt>
      <trkpt lat="42.803555" lon="-2.137949">
        <ele>940.209</ele>
        <time>2022-10-15T09:39:22Z</time>
      </trkpt>
      <trkpt lat="42.803598" lon="-2.137926">
        <ele>939.727</ele>
        <time>2022-10-15T09:39:26Z</time>
      </trkpt>
      <trkpt lat="42.803648" lon="-2.137898">
        <ele>939.057</ele>
        <time>2022-10-15T09:39:30Z</time>
      </trkpt>
      <trkpt lat="42.803693" lon="-2.137860">
        <ele>938.412</ele>
        <time>2022-10-15T09:39:35Z</time>
      </trkpt>
      <trkpt lat="42.803736" lon="-2.137837">
        <ele>937.789</ele>
        <time>2022-10-15T09:39:39Z</time>
      </trkpt>
      <trkpt lat="42.803779" lon="-2.137814">
        <ele>937.038</ele>
        <time>2022-10-15T09:39:43Z</time>
      </trkpt>
      <trkpt lat="42.803829" lon="-2.137811">
        <ele>936.168</ele>
        <time>2022-10-15T09:39:48Z</time>
      </trkpt>
      <trkpt lat="42.803877" lon="-2.137814">
        <ele>935.338</ele>
        <time>2022-10-15T09:39:51Z</time>
      </trkpt>
      <trkpt lat="42.803927" lon="-2.137806">
        <ele>935.061</ele>
        <time>2022-10-15T09:39:56Z</time>
      </trkpt>
      <trkpt lat="42.803975" lon="-2.137816">
        <ele>934.837</ele>
        <time>2022-10-15T09:40:00Z</time>
      </trkpt>
      <trkpt lat="42.804028" lon="-2.137806">
        <ele>934.535</ele>
        <time>2022-10-15T09:40:04Z</time>
      </trkpt>
      <trkpt lat="42.804078" lon="-2.137808">
        <ele>934.486</ele>
        <time>2022-10-15T09:40:08Z</time>
      </trkpt>
      <trkpt lat="42.804126" lon="-2.137773">
        <ele>933.114</ele>
        <time>2022-10-15T09:40:14Z</time>
      </trkpt>
      <trkpt lat="42.804163" lon="-2.137731">
        <ele>923.109</ele>
        <time>2022-10-15T09:40:19Z</time>
      </trkpt>
      <trkpt lat="42.804201" lon="-2.137696">
        <ele>915.254</ele>
        <time>2022-10-15T09:40:24Z</time>
      </trkpt>
      <trkpt lat="42.804244" lon="-2.137678">
        <ele>911.534</ele>
        <time>2022-10-15T09:40:28Z</time>
      </trkpt>
      <trkpt lat="42.804302" lon="-2.137671">
        <ele>910.529</ele>
        <time>2022-10-15T09:40:32Z</time>
      </trkpt>
      <trkpt lat="42.804349" lon="-2.137648">
        <ele>906.126</ele>
        <time>2022-10-15T09:40:36Z</time>
      </trkpt>
      <trkpt lat="42.804392" lon="-2.137623">
        <ele>901.445</ele>
        <time>2022-10-15T09:40:41Z</time>
      </trkpt>
      <trkpt lat="42.804437" lon="-2.137606">
        <ele>898.635</ele>
        <time>2022-10-15T09:40:46Z</time>
      </trkpt>
      <trkpt lat="42.804477" lon="-2.137563">
        <ele>890.775</ele>
        <time>2022-10-15T09:46:06Z</time>
      </trkpt>
      <trkpt lat="42.804465" lon="-2.137686">
        <ele>915.258</ele>
        <time>2022-10-15T09:47:33Z</time>
      </trkpt>
      <trkpt lat="42.804498" lon="-2.137563">
        <ele>891.164</ele>
        <time>2022-10-15T09:47:39Z</time>
      </trkpt>
      <trkpt lat="42.804448" lon="-2.137585">
        <ele>894.564</ele>
        <time>2022-10-15T09:47:53Z</time>
      </trkpt>
      <trkpt lat="42.804388" lon="-2.137627">
        <ele>902.206</ele>
        <time>2022-10-15T09:47:58Z</time>
      </trkpt>
      <trkpt lat="42.804320" lon="-2.137647">
        <ele>905.516</ele>
        <time>2022-10-15T09:48:05Z</time>
      </trkpt>
      <trkpt lat="42.804277" lon="-2.137624">
        <ele>899.809</ele>
        <time>2022-10-15T09:48:11Z</time>
      </trkpt>
      <trkpt lat="42.804125" lon="-2.137672">
        <ele>910.887</ele>
        <time>2022-10-15T09:48:26Z</time>
      </trkpt>
      <trkpt lat="42.804065" lon="-2.137679">
        <ele>914.467</ele>
        <time>2022-10-15T09:48:31Z</time>
      </trkpt>
      <trkpt lat="42.803970" lon="-2.137716">
        <ele>924.092</ele>
        <time>2022-10-15T09:48:40Z</time>
      </trkpt>
      <trkpt lat="42.803925" lon="-2.137738">
        <ele>928.619</ele>
        <time>2022-10-15T09:48:44Z</time>
      </trkpt>
      <trkpt lat="42.803752" lon="-2.137776">
        <ele>937.318</ele>
        <time>2022-10-15T09:49:02Z</time>
      </trkpt>
      <trkpt lat="42.803707" lon="-2.137831">
        <ele>938.268</ele>
        <time>2022-10-15T09:49:08Z</time>
      </trkpt>
      <trkpt lat="42.803670" lon="-2.137874">
        <ele>938.728</ele>
        <time>2022-10-15T09:49:10Z</time>
      </trkpt>
      <trkpt lat="42.803632" lon="-2.137909">
        <ele>939.281</ele>
        <time>2022-10-15T09:49:13Z</time>
      </trkpt>
      <trkpt lat="42.803580" lon="-2.137932">
        <ele>939.937</ele>
        <time>2022-10-15T09:49:17Z</time>
      </trkpt>
      <trkpt lat="42.803532" lon="-2.137967">
        <ele>940.589</ele>
        <time>2022-10-15T09:49:20Z</time>
      </trkpt>
      <trkpt lat="42.803489" lon="-2.137985">
        <ele>941.006</ele>
        <time>2022-10-15T09:49:23Z</time>
      </trkpt>
      <trkpt lat="42.803442" lon="-2.138025">
        <ele>941.526</ele>
        <time>2022-10-15T09:49:27Z</time>
      </trkpt>
      <trkpt lat="42.803205" lon="-2.138315">
        <ele>944.009</ele>
        <time>2022-10-15T09:50:06Z</time>
      </trkpt>
      <trkpt lat="42.803158" lon="-2.138342">
        <ele>944.319</ele>
        <time>2022-10-15T09:50:11Z</time>
      </trkpt>
      <trkpt lat="42.802693" lon="-2.138767">
        <ele>945.589</ele>
        <time>2022-10-15T09:51:09Z</time>
      </trkpt>
      <trkpt lat="42.802635" lon="-2.138817">
        <ele>945.834</ele>
        <time>2022-10-15T09:51:21Z</time>
      </trkpt>
      <trkpt lat="42.802525" lon="-2.138977">
        <ele>946.231</ele>
        <time>2022-10-15T09:51:34Z</time>
      </trkpt>
      <trkpt lat="42.802495" lon="-2.139024">
        <ele>946.040</ele>
        <time>2022-10-15T09:51:38Z</time>
      </trkpt>
      <trkpt lat="42.802460" lon="-2.139066">
        <ele>945.930</ele>
        <time>2022-10-15T09:51:41Z</time>
      </trkpt>
      <trkpt lat="42.802423" lon="-2.139109">
        <ele>945.980</ele>
        <time>2022-10-15T09:51:46Z</time>
      </trkpt>
      <trkpt lat="42.802378" lon="-2.139112">
        <ele>946.153</ele>
        <time>2022-10-15T09:51:51Z</time>
      </trkpt>
      <trkpt lat="42.802333" lon="-2.139109">
        <ele>946.479</ele>
        <time>2022-10-15T09:51:55Z</time>
      </trkpt>
      <trkpt lat="42.802281" lon="-2.139124">
        <ele>946.638</ele>
        <time>2022-10-15T09:52:00Z</time>
      </trkpt>
      <trkpt lat="42.802233" lon="-2.139134">
        <ele>946.970</ele>
        <time>2022-10-15T09:52:05Z</time>
      </trkpt>
      <trkpt lat="42.802186" lon="-2.139129">
        <ele>947.117</ele>
        <time>2022-10-15T09:52:10Z</time>
      </trkpt>
      <trkpt lat="42.802131" lon="-2.139129">
        <ele>947.209</ele>
        <time>2022-10-15T09:52:15Z</time>
      </trkpt>
      <trkpt lat="42.802086" lon="-2.139127">
        <ele>947.354</ele>
        <time>2022-10-15T09:52:19Z</time>
      </trkpt>
      <trkpt lat="42.802039" lon="-2.139144">
        <ele>947.544</ele>
        <time>2022-10-15T09:52:23Z</time>
      </trkpt>
      <trkpt lat="42.801992" lon="-2.139154">
        <ele>947.739</ele>
        <time>2022-10-15T09:52:28Z</time>
      </trkpt>
      <trkpt lat="42.801947" lon="-2.139184">
        <ele>947.926</ele>
        <time>2022-10-15T09:52:33Z</time>
      </trkpt>
      <trkpt lat="42.801894" lon="-2.139202">
        <ele>947.925</ele>
        <time>2022-10-15T09:52:40Z</time>
      </trkpt>
      <trkpt lat="42.801849" lon="-2.139185">
        <ele>947.995</ele>
        <time>2022-10-15T09:52:44Z</time>
      </trkpt>
      <trkpt lat="42.801804" lon="-2.139182">
        <ele>947.935</ele>
        <time>2022-10-15T09:52:47Z</time>
      </trkpt>
      <trkpt lat="42.801754" lon="-2.139187">
        <ele>947.938</ele>
        <time>2022-10-15T09:52:51Z</time>
      </trkpt>
      <trkpt lat="42.801699" lon="-2.139179">
        <ele>948.064</ele>
        <time>2022-10-15T09:52:55Z</time>
      </trkpt>
      <trkpt lat="42.801649" lon="-2.139166">
        <ele>948.195</ele>
        <time>2022-10-15T09:52:59Z</time>
      </trkpt>
      <trkpt lat="42.801604" lon="-2.139141">
        <ele>947.949</ele>
        <time>2022-10-15T09:53:03Z</time>
      </trkpt>
      <trkpt lat="42.801556" lon="-2.139129">
        <ele>948.023</ele>
        <time>2022-10-15T09:53:06Z</time>
      </trkpt>
      <trkpt lat="42.801509" lon="-2.139091">
        <ele>947.809</ele>
        <time>2022-10-15T09:53:11Z</time>
      </trkpt>
      <trkpt lat="42.801461" lon="-2.139076">
        <ele>947.850</ele>
        <time>2022-10-15T09:53:16Z</time>
      </trkpt>
      <trkpt lat="42.801411" lon="-2.139096">
        <ele>948.290</ele>
        <time>2022-10-15T09:53:20Z</time>
      </trkpt>
      <trkpt lat="42.801368" lon="-2.139061">
        <ele>948.025</ele>
        <time>2022-10-15T09:53:24Z</time>
      </trkpt>
      <trkpt lat="42.801315" lon="-2.139044">
        <ele>948.342</ele>
        <time>2022-10-15T09:53:28Z</time>
      </trkpt>
      <trkpt lat="42.801273" lon="-2.139021">
        <ele>948.591</ele>
        <time>2022-10-15T09:53:32Z</time>
      </trkpt>
      <trkpt lat="42.801233" lon="-2.138993">
        <ele>948.751</ele>
        <time>2022-10-15T09:53:35Z</time>
      </trkpt>
      <trkpt lat="42.801188" lon="-2.138978">
        <ele>949.211</ele>
        <time>2022-10-15T09:53:39Z</time>
      </trkpt>
      <trkpt lat="42.801145" lon="-2.138961">
        <ele>949.654</ele>
        <time>2022-10-15T09:53:42Z</time>
      </trkpt>
      <trkpt lat="42.801093" lon="-2.138944">
        <ele>950.120</ele>
        <time>2022-10-15T09:53:47Z</time>
      </trkpt>
      <trkpt lat="42.801050" lon="-2.138916">
        <ele>950.244</ele>
        <time>2022-10-15T09:53:51Z</time>
      </trkpt>
      <trkpt lat="42.801007" lon="-2.138868">
        <ele>949.705</ele>
        <time>2022-10-15T09:53:57Z</time>
      </trkpt>
      <trkpt lat="42.800969" lon="-2.138820">
        <ele>948.515</ele>
        <time>2022-10-15T09:54:00Z</time>
      </trkpt>
      <trkpt lat="42.800924" lon="-2.138788">
        <ele>948.009</ele>
        <time>2022-10-15T09:54:05Z</time>
      </trkpt>
      <trkpt lat="42.800869" lon="-2.138768">
        <ele>948.035</ele>
        <time>2022-10-15T09:54:09Z</time>
      </trkpt>
      <trkpt lat="42.800819" lon="-2.138771">
        <ele>948.465</ele>
        <time>2022-10-15T09:54:13Z</time>
      </trkpt>
      <trkpt lat="42.800766" lon="-2.138798">
        <ele>949.040</ele>
        <time>2022-10-15T09:54:18Z</time>
      </trkpt>
      <trkpt lat="42.800728" lon="-2.138836">
        <ele>949.657</ele>
        <time>2022-10-15T09:54:22Z</time>
      </trkpt>
      <trkpt lat="42.800673" lon="-2.138853">
        <ele>949.816</ele>
        <time>2022-10-15T09:54:27Z</time>
      </trkpt>
      <trkpt lat="42.800628" lon="-2.138870">
        <ele>950.036</ele>
        <time>2022-10-15T09:54:31Z</time>
      </trkpt>
      <trkpt lat="42.800583" lon="-2.138908">
        <ele>950.026</ele>
        <time>2022-10-15T09:54:37Z</time>
      </trkpt>
      <trkpt lat="42.800535" lon="-2.138920">
        <ele>949.569</ele>
        <time>2022-10-15T09:54:41Z</time>
      </trkpt>
      <trkpt lat="42.800485" lon="-2.138947">
        <ele>948.515</ele>
        <time>2022-10-15T09:54:46Z</time>
      </trkpt>
      <trkpt lat="42.800448" lon="-2.139010">
        <ele>947.941</ele>
        <time>2022-10-15T09:54:51Z</time>
      </trkpt>
      <trkpt lat="42.800415" lon="-2.139062">
        <ele>947.681</ele>
        <time>2022-10-15T09:54:56Z</time>
      </trkpt>
      <trkpt lat="42.800383" lon="-2.139117">
        <ele>947.509</ele>
        <time>2022-10-15T09:55:00Z</time>
      </trkpt>
      <trkpt lat="42.800351" lon="-2.139172">
        <ele>947.509</ele>
        <time>2022-10-15T09:55:05Z</time>
      </trkpt>
      <trkpt lat="42.800304" lon="-2.139224">
        <ele>947.265</ele>
        <time>2022-10-15T09:55:11Z</time>
      </trkpt>
      <trkpt lat="42.800259" lon="-2.139246">
        <ele>946.385</ele>
        <time>2022-10-15T09:55:16Z</time>
      </trkpt>
      <trkpt lat="42.800234" lon="-2.139301">
        <ele>945.560</ele>
        <time>2022-10-15T09:55:21Z</time>
      </trkpt>
      <trkpt lat="42.800206" lon="-2.139349">
        <ele>944.797</ele>
        <time>2022-10-15T09:55:24Z</time>
      </trkpt>
      <trkpt lat="42.800178" lon="-2.139399">
        <ele>944.026</ele>
        <time>2022-10-15T09:55:30Z</time>
      </trkpt>
      <trkpt lat="42.800148" lon="-2.139457">
        <ele>943.316</ele>
        <time>2022-10-15T09:55:33Z</time>
      </trkpt>
      <trkpt lat="42.800118" lon="-2.139515">
        <ele>943.016</ele>
        <time>2022-10-15T09:55:39Z</time>
      </trkpt>
      <trkpt lat="42.800098" lon="-2.139575">
        <ele>943.019</ele>
        <time>2022-10-15T09:55:45Z</time>
      </trkpt>
      <trkpt lat="42.800078" lon="-2.139647">
        <ele>943.335</ele>
        <time>2022-10-15T09:55:48Z</time>
      </trkpt>
      <trkpt lat="42.800060" lon="-2.139712">
        <ele>943.711</ele>
        <time>2022-10-15T09:55:53Z</time>
      </trkpt>
      <trkpt lat="42.800042" lon="-2.139769">
        <ele>943.921</ele>
        <time>2022-10-15T09:55:56Z</time>
      </trkpt>
      <trkpt lat="42.800009" lon="-2.139814">
        <ele>943.803</ele>
        <time>2022-10-15T09:55:59Z</time>
      </trkpt>
      <trkpt lat="42.799982" lon="-2.139879">
        <ele>943.809</ele>
        <time>2022-10-15T09:56:05Z</time>
      </trkpt>
      <trkpt lat="42.799960" lon="-2.139936">
        <ele>943.942</ele>
        <time>2022-10-15T09:56:08Z</time>
      </trkpt>
      <trkpt lat="42.799930" lon="-2.140008">
        <ele>944.382</ele>
        <time>2022-10-15T09:56:12Z</time>
      </trkpt>
      <trkpt lat="42.799910" lon="-2.140065">
        <ele>944.337</ele>
        <time>2022-10-15T09:56:16Z</time>
      </trkpt>
      <trkpt lat="42.799887" lon="-2.140122">
        <ele>944.464</ele>
        <time>2022-10-15T09:56:20Z</time>
      </trkpt>
      <trkpt lat="42.799852" lon="-2.140170">
        <ele>944.333</ele>
        <time>2022-10-15T09:56:23Z</time>
      </trkpt>
      <trkpt lat="42.799830" lon="-2.140227">
        <ele>944.523</ele>
        <time>2022-10-15T09:56:28Z</time>
      </trkpt>
      <trkpt lat="42.799810" lon="-2.140289">
        <ele>944.763</ele>
        <time>2022-10-15T09:56:32Z</time>
      </trkpt>
      <trkpt lat="42.799785" lon="-2.140344">
        <ele>944.986</ele>
        <time>2022-10-15T09:56:37Z</time>
      </trkpt>
      <trkpt lat="42.799765" lon="-2.140411">
        <ele>945.222</ele>
        <time>2022-10-15T09:56:40Z</time>
      </trkpt>
      <trkpt lat="42.799748" lon="-2.140483">
        <ele>945.679</ele>
        <time>2022-10-15T09:56:45Z</time>
      </trkpt>
      <trkpt lat="42.799728" lon="-2.140551">
        <ele>946.005</ele>
        <time>2022-10-15T09:56:49Z</time>
      </trkpt>
      <trkpt lat="42.799698" lon="-2.140616">
        <ele>946.025</ele>
        <time>2022-10-15T09:56:54Z</time>
      </trkpt>
      <trkpt lat="42.799681" lon="-2.140678">
        <ele>946.109</ele>
        <time>2022-10-15T09:56:57Z</time>
      </trkpt>
      <trkpt lat="42.799659" lon="-2.140738">
        <ele>946.268</ele>
        <time>2022-10-15T09:57:00Z</time>
      </trkpt>
      <trkpt lat="42.799634" lon="-2.140815">
        <ele>946.378</ele>
        <time>2022-10-15T09:57:07Z</time>
      </trkpt>
      <trkpt lat="42.799621" lon="-2.140880">
        <ele>946.293</ele>
        <time>2022-10-15T09:57:12Z</time>
      </trkpt>
      <trkpt lat="42.799611" lon="-2.140955">
        <ele>945.910</ele>
        <time>2022-10-15T09:57:16Z</time>
      </trkpt>
      <trkpt lat="42.799591" lon="-2.141012">
        <ele>945.729</ele>
        <time>2022-10-15T09:57:19Z</time>
      </trkpt>
      <trkpt lat="42.799558" lon="-2.141057">
        <ele>945.599</ele>
        <time>2022-10-15T09:57:23Z</time>
      </trkpt>
      <trkpt lat="42.799541" lon="-2.141117">
        <ele>945.389</ele>
        <time>2022-10-15T09:57:28Z</time>
      </trkpt>
      <trkpt lat="42.799531" lon="-2.141187">
        <ele>945.222</ele>
        <time>2022-10-15T09:57:31Z</time>
      </trkpt>
      <trkpt lat="42.799528" lon="-2.141262">
        <ele>945.188</ele>
        <time>2022-10-15T09:57:34Z</time>
      </trkpt>
      <trkpt lat="42.799523" lon="-2.141324">
        <ele>945.181</ele>
        <time>2022-10-15T09:57:39Z</time>
      </trkpt>
      <trkpt lat="42.799521" lon="-2.141387">
        <ele>945.061</ele>
        <time>2022-10-15T09:57:43Z</time>
      </trkpt>
      <trkpt lat="42.799519" lon="-2.141455">
        <ele>944.517</ele>
        <time>2022-10-15T09:57:46Z</time>
      </trkpt>
      <trkpt lat="42.799511" lon="-2.141520">
        <ele>944.109</ele>
        <time>2022-10-15T09:57:49Z</time>
      </trkpt>
      <trkpt lat="42.799499" lon="-2.141585">
        <ele>943.639</ele>
        <time>2022-10-15T09:57:56Z</time>
      </trkpt>
      <trkpt lat="42.799499" lon="-2.141673">
        <ele>943.019</ele>
        <time>2022-10-15T09:58:00Z</time>
      </trkpt>
      <trkpt lat="42.799507" lon="-2.141740">
        <ele>942.574</ele>
        <time>2022-10-15T09:58:03Z</time>
      </trkpt>
      <trkpt lat="42.799495" lon="-2.141803">
        <ele>942.041</ele>
        <time>2022-10-15T09:58:07Z</time>
      </trkpt>
      <trkpt lat="42.799510" lon="-2.141878">
        <ele>941.570</ele>
        <time>2022-10-15T09:58:12Z</time>
      </trkpt>
      <trkpt lat="42.799517" lon="-2.141953">
        <ele>940.910</ele>
        <time>2022-10-15T09:58:15Z</time>
      </trkpt>
      <trkpt lat="42.799525" lon="-2.142018">
        <ele>940.590</ele>
        <time>2022-10-15T09:58:20Z</time>
      </trkpt>
      <trkpt lat="42.799515" lon="-2.142081">
        <ele>940.083</ele>
        <time>2022-10-15T09:58:24Z</time>
      </trkpt>
      <trkpt lat="42.799517" lon="-2.142161">
        <ele>939.479</ele>
        <time>2022-10-15T09:58:28Z</time>
      </trkpt>
      <trkpt lat="42.799520" lon="-2.142228">
        <ele>939.081</ele>
        <time>2022-10-15T09:58:34Z</time>
      </trkpt>
      <trkpt lat="42.799515" lon="-2.142293">
        <ele>938.561</ele>
        <time>2022-10-15T09:58:38Z</time>
      </trkpt>
      <trkpt lat="42.799513" lon="-2.142360">
        <ele>938.017</ele>
        <time>2022-10-15T09:58:43Z</time>
      </trkpt>
      <trkpt lat="42.799501" lon="-2.142423">
        <ele>937.609</ele>
        <time>2022-10-15T09:58:47Z</time>
      </trkpt>
      <trkpt lat="42.799491" lon="-2.142485">
        <ele>937.189</ele>
        <time>2022-10-15T09:58:50Z</time>
      </trkpt>
      <trkpt lat="42.799454" lon="-2.142540">
        <ele>936.969</ele>
        <time>2022-10-15T09:58:55Z</time>
      </trkpt>
      <trkpt lat="42.799406" lon="-2.142545">
        <ele>936.734</ele>
        <time>2022-10-15T09:59:00Z</time>
      </trkpt>
      <trkpt lat="42.799359" lon="-2.142562">
        <ele>936.471</ele>
        <time>2022-10-15T09:59:03Z</time>
      </trkpt>
      <trkpt lat="42.799312" lon="-2.142567">
        <ele>936.260</ele>
        <time>2022-10-15T09:59:07Z</time>
      </trkpt>
      <trkpt lat="42.799270" lon="-2.142614">
        <ele>935.710</ele>
        <time>2022-10-15T09:59:12Z</time>
      </trkpt>
      <trkpt lat="42.799237" lon="-2.142667">
        <ele>935.240</ele>
        <time>2022-10-15T09:59:18Z</time>
      </trkpt>
      <trkpt lat="42.799210" lon="-2.142730">
        <ele>934.683</ele>
        <time>2022-10-15T09:59:21Z</time>
      </trkpt>
      <trkpt lat="42.799193" lon="-2.142788">
        <ele>934.149</ele>
        <time>2022-10-15T09:59:25Z</time>
      </trkpt>
      <trkpt lat="42.799165" lon="-2.142846">
        <ele>933.596</ele>
        <time>2022-10-15T09:59:30Z</time>
      </trkpt>
      <trkpt lat="42.799150" lon="-2.142921">
        <ele>932.931</ele>
        <time>2022-10-15T09:59:33Z</time>
      </trkpt>
      <trkpt lat="42.799130" lon="-2.142983">
        <ele>932.424</ele>
        <time>2022-10-15T09:59:38Z</time>
      </trkpt>
      <trkpt lat="42.799092" lon="-2.143036">
        <ele>931.909</ele>
        <time>2022-10-15T09:59:42Z</time>
      </trkpt>
      <trkpt lat="42.799054" lon="-2.143078">
        <ele>931.540</ele>
        <time>2022-10-15T09:59:46Z</time>
      </trkpt>
      <trkpt lat="42.799011" lon="-2.143126">
        <ele>931.120</ele>
        <time>2022-10-15T09:59:52Z</time>
      </trkpt>
      <trkpt lat="42.798974" lon="-2.143174">
        <ele>930.765</ele>
        <time>2022-10-15T09:59:56Z</time>
      </trkpt>
      <trkpt lat="42.798967" lon="-2.143239">
        <ele>930.442</ele>
        <time>2022-10-15T10:00:02Z</time>
      </trkpt>
      <trkpt lat="42.798929" lon="-2.143297">
        <ele>930.141</ele>
        <time>2022-10-15T10:00:07Z</time>
      </trkpt>
      <trkpt lat="42.798892" lon="-2.143342">
        <ele>929.921</ele>
        <time>2022-10-15T10:00:11Z</time>
      </trkpt>
      <trkpt lat="42.798864" lon="-2.143404">
        <ele>929.361</ele>
        <time>2022-10-15T10:00:16Z</time>
      </trkpt>
      <trkpt lat="42.798826" lon="-2.143462">
        <ele>928.744</ele>
        <time>2022-10-15T10:00:20Z</time>
      </trkpt>
      <trkpt lat="42.798788" lon="-2.143515">
        <ele>928.290</ele>
        <time>2022-10-15T10:00:25Z</time>
      </trkpt>
      <trkpt lat="42.798778" lon="-2.143578">
        <ele>927.847</ele>
        <time>2022-10-15T10:00:29Z</time>
      </trkpt>
      <trkpt lat="42.798761" lon="-2.143640">
        <ele>927.429</ele>
        <time>2022-10-15T10:00:33Z</time>
      </trkpt>
      <trkpt lat="42.798748" lon="-2.143702">
        <ele>927.021</ele>
        <time>2022-10-15T10:00:37Z</time>
      </trkpt>
      <trkpt lat="42.798758" lon="-2.143764">
        <ele>926.709</ele>
        <time>2022-10-15T10:00:41Z</time>
      </trkpt>
      <trkpt lat="42.798775" lon="-2.143824">
        <ele>926.425</ele>
        <time>2022-10-15T10:00:46Z</time>
      </trkpt>
      <trkpt lat="42.798818" lon="-2.143861">
        <ele>926.265</ele>
        <time>2022-10-15T10:00:53Z</time>
      </trkpt>
      <trkpt lat="42.798858" lon="-2.143906">
        <ele>925.930</ele>
        <time>2022-10-15T10:00:56Z</time>
      </trkpt>
      <trkpt lat="42.798901" lon="-2.143928">
        <ele>925.927</ele>
        <time>2022-10-15T10:01:00Z</time>
      </trkpt>
      <trkpt lat="42.798949" lon="-2.143955">
        <ele>926.086</ele>
        <time>2022-10-15T10:01:04Z</time>
      </trkpt>
      <trkpt lat="42.798991" lon="-2.143990">
        <ele>926.026</ele>
        <time>2022-10-15T10:01:08Z</time>
      </trkpt>
      <trkpt lat="42.799043" lon="-2.144008">
        <ele>926.126</ele>
        <time>2022-10-15T10:01:12Z</time>
      </trkpt>
      <trkpt lat="42.799093" lon="-2.144028">
        <ele>926.239</ele>
        <time>2022-10-15T10:01:16Z</time>
      </trkpt>
      <trkpt lat="42.799126" lon="-2.144073">
        <ele>926.235</ele>
        <time>2022-10-15T10:01:21Z</time>
      </trkpt>
      <trkpt lat="42.799169" lon="-2.144118">
        <ele>926.253</ele>
        <time>2022-10-15T10:01:25Z</time>
      </trkpt>
      <trkpt lat="42.799216" lon="-2.144163">
        <ele>926.404</ele>
        <time>2022-10-15T10:01:28Z</time>
      </trkpt>
      <trkpt lat="42.799246" lon="-2.144221">
        <ele>926.414</ele>
        <time>2022-10-15T10:01:31Z</time>
      </trkpt>
      <trkpt lat="42.799274" lon="-2.144273">
        <ele>926.409</ele>
        <time>2022-10-15T10:01:34Z</time>
      </trkpt>
      <trkpt lat="42.799292" lon="-2.144331">
        <ele>926.376</ele>
        <time>2022-10-15T10:01:39Z</time>
      </trkpt>
      <trkpt lat="42.799320" lon="-2.144388">
        <ele>926.336</ele>
        <time>2022-10-15T10:01:43Z</time>
      </trkpt>
      <trkpt lat="42.799367" lon="-2.144418">
        <ele>926.561</ele>
        <time>2022-10-15T10:01:48Z</time>
      </trkpt>
      <trkpt lat="42.799407" lon="-2.144463">
        <ele>926.848</ele>
        <time>2022-10-15T10:01:52Z</time>
      </trkpt>
      <trkpt lat="42.799442" lon="-2.144511">
        <ele>927.097</ele>
        <time>2022-10-15T10:01:55Z</time>
      </trkpt>
      <trkpt lat="42.799482" lon="-2.144548">
        <ele>927.037</ele>
        <time>2022-10-15T10:02:00Z</time>
      </trkpt>
      <trkpt lat="42.799524" lon="-2.144600">
        <ele>926.867</ele>
        <time>2022-10-15T10:02:04Z</time>
      </trkpt>
      <trkpt lat="42.799561" lon="-2.144648">
        <ele>926.760</ele>
        <time>2022-10-15T10:02:08Z</time>
      </trkpt>
      <trkpt lat="42.799604" lon="-2.144676">
        <ele>926.586</ele>
        <time>2022-10-15T10:02:12Z</time>
      </trkpt>
      <trkpt lat="42.799639" lon="-2.144724">
        <ele>926.396</ele>
        <time>2022-10-15T10:02:15Z</time>
      </trkpt>
      <trkpt lat="42.799666" lon="-2.144776">
        <ele>926.431</ele>
        <time>2022-10-15T10:02:18Z</time>
      </trkpt>
      <trkpt lat="42.799708" lon="-2.144826">
        <ele>926.424</ele>
        <time>2022-10-15T10:02:23Z</time>
      </trkpt>
      <trkpt lat="42.799741" lon="-2.144874">
        <ele>926.509</ele>
        <time>2022-10-15T10:02:26Z</time>
      </trkpt>
      <trkpt lat="42.799774" lon="-2.144931">
        <ele>926.710</ele>
        <time>2022-10-15T10:02:30Z</time>
      </trkpt>
      <trkpt lat="42.799804" lon="-2.144989">
        <ele>926.710</ele>
        <time>2022-10-15T10:02:34Z</time>
      </trkpt>
      <trkpt lat="42.799844" lon="-2.145026">
        <ele>926.645</ele>
        <time>2022-10-15T10:02:39Z</time>
      </trkpt>
      <trkpt lat="42.799864" lon="-2.145089">
        <ele>926.862</ele>
        <time>2022-10-15T10:02:43Z</time>
      </trkpt>
      <trkpt lat="42.799886" lon="-2.145152">
        <ele>927.151</ele>
        <time>2022-10-15T10:02:48Z</time>
      </trkpt>
      <trkpt lat="42.799911" lon="-2.145212">
        <ele>927.451</ele>
        <time>2022-10-15T10:02:52Z</time>
      </trkpt>
      <trkpt lat="42.799948" lon="-2.145267">
        <ele>927.831</ele>
        <time>2022-10-15T10:02:56Z</time>
      </trkpt>
      <trkpt lat="42.799988" lon="-2.145307">
        <ele>928.134</ele>
        <time>2022-10-15T10:03:00Z</time>
      </trkpt>
      <trkpt lat="42.800035" lon="-2.145330">
        <ele>928.230</ele>
        <time>2022-10-15T10:03:04Z</time>
      </trkpt>
      <trkpt lat="42.800068" lon="-2.145377">
        <ele>928.382</ele>
        <time>2022-10-15T10:03:07Z</time>
      </trkpt>
      <trkpt lat="42.800098" lon="-2.145427">
        <ele>928.343</ele>
        <time>2022-10-15T10:03:10Z</time>
      </trkpt>
      <trkpt lat="42.800135" lon="-2.145487">
        <ele>928.417</ele>
        <time>2022-10-15T10:03:15Z</time>
      </trkpt>
      <trkpt lat="42.800170" lon="-2.145532">
        <ele>928.409</ele>
        <time>2022-10-15T10:03:19Z</time>
      </trkpt>
      <trkpt lat="42.800202" lon="-2.145584">
        <ele>928.379</ele>
        <time>2022-10-15T10:03:23Z</time>
      </trkpt>
      <trkpt lat="42.800215" lon="-2.145654">
        <ele>928.269</ele>
        <time>2022-10-15T10:03:27Z</time>
      </trkpt>
      <trkpt lat="42.800207" lon="-2.145717">
        <ele>928.334</ele>
        <time>2022-10-15T10:03:34Z</time>
      </trkpt>
      <trkpt lat="42.800187" lon="-2.145772">
        <ele>928.341</ele>
        <time>2022-10-15T10:03:40Z</time>
      </trkpt>
      <trkpt lat="42.800155" lon="-2.145817">
        <ele>928.440</ele>
        <time>2022-10-15T10:03:44Z</time>
      </trkpt>
      <trkpt lat="42.800132" lon="-2.145890">
        <ele>928.750</ele>
        <time>2022-10-15T10:03:49Z</time>
      </trkpt>
      <trkpt lat="42.800100" lon="-2.145943">
        <ele>929.020</ele>
        <time>2022-10-15T10:03:52Z</time>
      </trkpt>
      <trkpt lat="42.800067" lon="-2.146011">
        <ele>929.463</ele>
        <time>2022-10-15T10:03:57Z</time>
      </trkpt>
      <trkpt lat="42.800030" lon="-2.146071">
        <ele>929.739</ele>
        <time>2022-10-15T10:04:01Z</time>
      </trkpt>
      <trkpt lat="42.799998" lon="-2.146138">
        <ele>930.079</ele>
        <time>2022-10-15T10:04:06Z</time>
      </trkpt>
      <trkpt lat="42.799975" lon="-2.146198">
        <ele>929.905</ele>
        <time>2022-10-15T10:04:10Z</time>
      </trkpt>
      <trkpt lat="42.799960" lon="-2.146273">
        <ele>929.925</ele>
        <time>2022-10-15T10:04:16Z</time>
      </trkpt>
      <trkpt lat="42.799922" lon="-2.146338">
        <ele>929.909</ele>
        <time>2022-10-15T10:04:19Z</time>
      </trkpt>
      <trkpt lat="42.799887" lon="-2.146388">
        <ele>930.088</ele>
        <time>2022-10-15T10:04:22Z</time>
      </trkpt>
      <trkpt lat="42.799865" lon="-2.146463">
        <ele>930.348</ele>
        <time>2022-10-15T10:04:25Z</time>
      </trkpt>
      <trkpt lat="42.799830" lon="-2.146530">
        <ele>930.563</ele>
        <time>2022-10-15T10:04:31Z</time>
      </trkpt>
      <trkpt lat="42.799795" lon="-2.146578">
        <ele>930.750</ele>
        <time>2022-10-15T10:04:35Z</time>
      </trkpt>
      <trkpt lat="42.799767" lon="-2.146628">
        <ele>930.989</ele>
        <time>2022-10-15T10:04:40Z</time>
      </trkpt>
      <trkpt lat="42.799739" lon="-2.146680">
        <ele>931.039</ele>
        <time>2022-10-15T10:04:44Z</time>
      </trkpt>
      <trkpt lat="42.799691" lon="-2.146727">
        <ele>931.329</ele>
        <time>2022-10-15T10:04:48Z</time>
      </trkpt>
      <trkpt lat="42.799671" lon="-2.146799">
        <ele>931.782</ele>
        <time>2022-10-15T10:04:52Z</time>
      </trkpt>
      <trkpt lat="42.799658" lon="-2.146869">
        <ele>932.048</ele>
        <time>2022-10-15T10:04:55Z</time>
      </trkpt>
      <trkpt lat="42.799623" lon="-2.146926">
        <ele>932.376</ele>
        <time>2022-10-15T10:04:59Z</time>
      </trkpt>
      <trkpt lat="42.799591" lon="-2.146978">
        <ele>932.590</ele>
        <time>2022-10-15T10:05:03Z</time>
      </trkpt>
      <trkpt lat="42.799543" lon="-2.146998">
        <ele>932.719</ele>
        <time>2022-10-15T10:05:07Z</time>
      </trkpt>
      <trkpt lat="42.799501" lon="-2.147041">
        <ele>933.009</ele>
        <time>2022-10-15T10:05:11Z</time>
      </trkpt>
      <trkpt lat="42.799466" lon="-2.147086">
        <ele>933.498</ele>
        <time>2022-10-15T10:05:15Z</time>
      </trkpt>
      <trkpt lat="42.799419" lon="-2.147133">
        <ele>933.838</ele>
        <time>2022-10-15T10:05:20Z</time>
      </trkpt>
      <trkpt lat="42.799377" lon="-2.147183">
        <ele>934.183</ele>
        <time>2022-10-15T10:05:23Z</time>
      </trkpt>
      <trkpt lat="42.799330" lon="-2.147211">
        <ele>934.490</ele>
        <time>2022-10-15T10:05:27Z</time>
      </trkpt>
      <trkpt lat="42.799285" lon="-2.147229">
        <ele>934.689</ele>
        <time>2022-10-15T10:05:31Z</time>
      </trkpt>
      <trkpt lat="42.799243" lon="-2.147259">
        <ele>934.959</ele>
        <time>2022-10-15T10:05:34Z</time>
      </trkpt>
      <trkpt lat="42.799200" lon="-2.147297">
        <ele>935.149</ele>
        <time>2022-10-15T10:05:38Z</time>
      </trkpt>
      <trkpt lat="42.799167" lon="-2.147345">
        <ele>935.452</ele>
        <time>2022-10-15T10:05:42Z</time>
      </trkpt>
      <trkpt lat="42.799132" lon="-2.147388">
        <ele>935.878</ele>
        <time>2022-10-15T10:05:46Z</time>
      </trkpt>
      <trkpt lat="42.799077" lon="-2.147410">
        <ele>936.143</ele>
        <time>2022-10-15T10:05:52Z</time>
      </trkpt>
      <trkpt lat="42.799039" lon="-2.147452">
        <ele>936.464</ele>
        <time>2022-10-15T10:05:55Z</time>
      </trkpt>
      <trkpt lat="42.798999" lon="-2.147497">
        <ele>936.610</ele>
        <time>2022-10-15T10:05:59Z</time>
      </trkpt>
      <trkpt lat="42.798962" lon="-2.147539">
        <ele>936.709</ele>
        <time>2022-10-15T10:06:03Z</time>
      </trkpt>
      <trkpt lat="42.798935" lon="-2.147594">
        <ele>936.635</ele>
        <time>2022-10-15T10:06:08Z</time>
      </trkpt>
      <trkpt lat="42.798920" lon="-2.147664">
        <ele>936.415</ele>
        <time>2022-10-15T10:06:12Z</time>
      </trkpt>
      <trkpt lat="42.798882" lon="-2.147719">
        <ele>936.350</ele>
        <time>2022-10-15T10:06:16Z</time>
      </trkpt>
      <trkpt lat="42.798837" lon="-2.147784">
        <ele>936.417</ele>
        <time>2022-10-15T10:06:21Z</time>
      </trkpt>
      <trkpt lat="42.798802" lon="-2.147842">
        <ele>936.566</ele>
        <time>2022-10-15T10:06:24Z</time>
      </trkpt>
      <trkpt lat="42.798775" lon="-2.147895">
        <ele>936.656</ele>
        <time>2022-10-15T10:06:27Z</time>
      </trkpt>
      <trkpt lat="42.798735" lon="-2.147943">
        <ele>936.866</ele>
        <time>2022-10-15T10:06:31Z</time>
      </trkpt>
      <trkpt lat="42.798697" lon="-2.148006">
        <ele>937.179</ele>
        <time>2022-10-15T10:06:38Z</time>
      </trkpt>
      <trkpt lat="42.798660" lon="-2.148061">
        <ele>937.575</ele>
        <time>2022-10-15T10:06:41Z</time>
      </trkpt>
      <trkpt lat="42.798630" lon="-2.148119">
        <ele>937.853</ele>
        <time>2022-10-15T10:06:45Z</time>
      </trkpt>
      <trkpt lat="42.798610" lon="-2.148182">
        <ele>938.004</ele>
        <time>2022-10-15T10:06:51Z</time>
      </trkpt>
      <trkpt lat="42.798568" lon="-2.148229">
        <ele>937.914</ele>
        <time>2022-10-15T10:06:54Z</time>
      </trkpt>
      <trkpt lat="42.798528" lon="-2.148287">
        <ele>938.009</ele>
        <time>2022-10-15T10:06:57Z</time>
      </trkpt>
      <trkpt lat="42.798500" lon="-2.148339">
        <ele>938.076</ele>
        <time>2022-10-15T10:07:02Z</time>
      </trkpt>
      <trkpt lat="42.798453" lon="-2.148384">
        <ele>938.136</ele>
        <time>2022-10-15T10:07:07Z</time>
      </trkpt>
      <trkpt lat="42.798410" lon="-2.148431">
        <ele>938.331</ele>
        <time>2022-10-15T10:07:11Z</time>
      </trkpt>
      <trkpt lat="42.798375" lon="-2.148479">
        <ele>938.478</ele>
        <time>2022-10-15T10:07:16Z</time>
      </trkpt>
      <trkpt lat="42.798335" lon="-2.148522">
        <ele>938.767</ele>
        <time>2022-10-15T10:07:20Z</time>
      </trkpt>
      <trkpt lat="42.798297" lon="-2.148569">
        <ele>938.817</ele>
        <time>2022-10-15T10:07:25Z</time>
      </trkpt>
      <trkpt lat="42.798255" lon="-2.148624">
        <ele>939.047</ele>
        <time>2022-10-15T10:07:29Z</time>
      </trkpt>
      <trkpt lat="42.798222" lon="-2.148691">
        <ele>938.870</ele>
        <time>2022-10-15T10:07:32Z</time>
      </trkpt>
      <trkpt lat="42.798184" lon="-2.148736">
        <ele>938.816</ele>
        <time>2022-10-15T10:07:36Z</time>
      </trkpt>
      <trkpt lat="42.798142" lon="-2.148774">
        <ele>938.885</ele>
        <time>2022-10-15T10:07:40Z</time>
      </trkpt>
      <trkpt lat="42.798097" lon="-2.148819">
        <ele>938.989</ele>
        <time>2022-10-15T10:07:44Z</time>
      </trkpt>
      <trkpt lat="42.798062" lon="-2.148864">
        <ele>939.017</ele>
        <time>2022-10-15T10:07:47Z</time>
      </trkpt>
      <trkpt lat="42.798032" lon="-2.148916">
        <ele>938.709</ele>
        <time>2022-10-15T10:07:51Z</time>
      </trkpt>
      <trkpt lat="42.798000" lon="-2.148966">
        <ele>938.449</ele>
        <time>2022-10-15T10:07:56Z</time>
      </trkpt>
      <trkpt lat="42.797955" lon="-2.149009">
        <ele>938.149</ele>
        <time>2022-10-15T10:07:59Z</time>
      </trkpt>
      <trkpt lat="42.797907" lon="-2.149067">
        <ele>937.924</ele>
        <time>2022-10-15T10:08:02Z</time>
      </trkpt>
      <trkpt lat="42.797877" lon="-2.149120">
        <ele>937.891</ele>
        <time>2022-10-15T10:08:05Z</time>
      </trkpt>
      <trkpt lat="42.797850" lon="-2.149172">
        <ele>937.720</ele>
        <time>2022-10-15T10:08:10Z</time>
      </trkpt>
      <trkpt lat="42.797820" lon="-2.149232">
        <ele>937.890</ele>
        <time>2022-10-15T10:08:16Z</time>
      </trkpt>
      <trkpt lat="42.797785" lon="-2.149275">
        <ele>938.040</ele>
        <time>2022-10-15T10:08:18Z</time>
      </trkpt>
      <trkpt lat="42.797752" lon="-2.149323">
        <ele>938.083</ele>
        <time>2022-10-15T10:08:21Z</time>
      </trkpt>
      <trkpt lat="42.797720" lon="-2.149378">
        <ele>938.099</ele>
        <time>2022-10-15T10:08:25Z</time>
      </trkpt>
      <trkpt lat="42.797682" lon="-2.149426">
        <ele>938.047</ele>
        <time>2022-10-15T10:08:30Z</time>
      </trkpt>
      <trkpt lat="42.797650" lon="-2.149481">
        <ele>937.929</ele>
        <time>2022-10-15T10:08:33Z</time>
      </trkpt>
      <trkpt lat="42.797622" lon="-2.149546">
        <ele>937.621</ele>
        <time>2022-10-15T10:08:37Z</time>
      </trkpt>
      <trkpt lat="42.797589" lon="-2.149611">
        <ele>937.409</ele>
        <time>2022-10-15T10:08:41Z</time>
      </trkpt>
      <trkpt lat="42.797556" lon="-2.149671">
        <ele>937.225</ele>
        <time>2022-10-15T10:08:45Z</time>
      </trkpt>
      <trkpt lat="42.797526" lon="-2.149718">
        <ele>937.085</ele>
        <time>2022-10-15T10:08:49Z</time>
      </trkpt>
      <trkpt lat="42.797484" lon="-2.149765">
        <ele>936.820</ele>
        <time>2022-10-15T10:08:53Z</time>
      </trkpt>
      <trkpt lat="42.797452" lon="-2.149833">
        <ele>936.527</ele>
        <time>2022-10-15T10:08:57Z</time>
      </trkpt>
      <trkpt lat="42.797399" lon="-2.149873">
        <ele>936.336</ele>
        <time>2022-10-15T10:09:01Z</time>
      </trkpt>
      <trkpt lat="42.797369" lon="-2.149930">
        <ele>936.116</ele>
        <time>2022-10-15T10:09:04Z</time>
      </trkpt>
      <trkpt lat="42.797337" lon="-2.149985">
        <ele>936.076</ele>
        <time>2022-10-15T10:09:09Z</time>
      </trkpt>
      <trkpt lat="42.797307" lon="-2.150040">
        <ele>935.929</ele>
        <time>2022-10-15T10:09:15Z</time>
      </trkpt>
      <trkpt lat="42.797270" lon="-2.150095">
        <ele>935.795</ele>
        <time>2022-10-15T10:09:19Z</time>
      </trkpt>
      <trkpt lat="42.797238" lon="-2.150153">
        <ele>935.449</ele>
        <time>2022-10-15T10:09:23Z</time>
      </trkpt>
      <trkpt lat="42.797201" lon="-2.150208">
        <ele>935.202</ele>
        <time>2022-10-15T10:09:27Z</time>
      </trkpt>
      <trkpt lat="42.797164" lon="-2.150265">
        <ele>935.022</ele>
        <time>2022-10-15T10:09:30Z</time>
      </trkpt>
      <trkpt lat="42.797121" lon="-2.150317">
        <ele>934.909</ele>
        <time>2022-10-15T10:09:33Z</time>
      </trkpt>
      <trkpt lat="42.797078" lon="-2.150360">
        <ele>934.765</ele>
        <time>2022-10-15T10:09:36Z</time>
      </trkpt>
      <trkpt lat="42.797041" lon="-2.150410">
        <ele>934.535</ele>
        <time>2022-10-15T10:09:40Z</time>
      </trkpt>
      <trkpt lat="42.797004" lon="-2.150447">
        <ele>934.470</ele>
        <time>2022-10-15T10:09:44Z</time>
      </trkpt>
      <trkpt lat="42.796964" lon="-2.150487">
        <ele>934.257</ele>
        <time>2022-10-15T10:09:51Z</time>
      </trkpt>
      <trkpt lat="42.796921" lon="-2.150532">
        <ele>934.076</ele>
        <time>2022-10-15T10:09:54Z</time>
      </trkpt>
      <trkpt lat="42.796873" lon="-2.150577">
        <ele>933.646</ele>
        <time>2022-10-15T10:09:58Z</time>
      </trkpt>
      <trkpt lat="42.796838" lon="-2.150620">
        <ele>933.256</ele>
        <time>2022-10-15T10:10:01Z</time>
      </trkpt>
      <trkpt lat="42.796805" lon="-2.150688">
        <ele>932.889</ele>
        <time>2022-10-15T10:10:05Z</time>
      </trkpt>
      <trkpt lat="42.796770" lon="-2.150743">
        <ele>932.495</ele>
        <time>2022-10-15T10:10:12Z</time>
      </trkpt>
      <trkpt lat="42.796737" lon="-2.150790">
        <ele>932.258</ele>
        <time>2022-10-15T10:10:16Z</time>
      </trkpt>
      <trkpt lat="42.796695" lon="-2.150832">
        <ele>932.052</ele>
        <time>2022-10-15T10:10:20Z</time>
      </trkpt>
      <trkpt lat="42.796657" lon="-2.150865">
        <ele>931.717</ele>
        <time>2022-10-15T10:10:24Z</time>
      </trkpt>
      <trkpt lat="42.796627" lon="-2.150915">
        <ele>931.409</ele>
        <time>2022-10-15T10:10:28Z</time>
      </trkpt>
      <trkpt lat="42.796605" lon="-2.150973">
        <ele>931.086</ele>
        <time>2022-10-15T10:10:31Z</time>
      </trkpt>
      <trkpt lat="42.796553" lon="-2.150995">
        <ele>930.996</ele>
        <time>2022-10-15T10:10:35Z</time>
      </trkpt>
      <trkpt lat="42.796518" lon="-2.151040">
        <ele>930.861</ele>
        <time>2022-10-15T10:10:39Z</time>
      </trkpt>
      <trkpt lat="42.796486" lon="-2.151095">
        <ele>930.788</ele>
        <time>2022-10-15T10:10:43Z</time>
      </trkpt>
      <trkpt lat="42.796446" lon="-2.151137">
        <ele>930.727</ele>
        <time>2022-10-15T10:10:47Z</time>
      </trkpt>
      <trkpt lat="42.796414" lon="-2.151192">
        <ele>930.647</ele>
        <time>2022-10-15T10:10:51Z</time>
      </trkpt>
      <trkpt lat="42.796381" lon="-2.151242">
        <ele>930.517</ele>
        <time>2022-10-15T10:10:54Z</time>
      </trkpt>
      <trkpt lat="42.796353" lon="-2.151295">
        <ele>930.120</ele>
        <time>2022-10-15T10:10:57Z</time>
      </trkpt>
      <trkpt lat="42.796335" lon="-2.151352">
        <ele>929.716</ele>
        <time>2022-10-15T10:11:00Z</time>
      </trkpt>
      <trkpt lat="42.796320" lon="-2.151420">
        <ele>929.495</ele>
        <time>2022-10-15T10:11:04Z</time>
      </trkpt>
      <trkpt lat="42.796313" lon="-2.151487">
        <ele>929.149</ele>
        <time>2022-10-15T10:11:07Z</time>
      </trkpt>
      <trkpt lat="42.796310" lon="-2.151560">
        <ele>928.823</ele>
        <time>2022-10-15T10:11:11Z</time>
      </trkpt>
      <trkpt lat="42.796310" lon="-2.151625">
        <ele>928.609</ele>
        <time>2022-10-15T10:11:16Z</time>
      </trkpt>
      <trkpt lat="42.796305" lon="-2.151705">
        <ele>928.280</ele>
        <time>2022-10-15T10:11:22Z</time>
      </trkpt>
      <trkpt lat="42.796295" lon="-2.151775">
        <ele>927.780</ele>
        <time>2022-10-15T10:11:25Z</time>
      </trkpt>
      <trkpt lat="42.796287" lon="-2.151838">
        <ele>927.315</ele>
        <time>2022-10-15T10:11:28Z</time>
      </trkpt>
      <trkpt lat="42.796270" lon="-2.151901">
        <ele>926.892</ele>
        <time>2022-10-15T10:11:32Z</time>
      </trkpt>
      <trkpt lat="42.796252" lon="-2.151976">
        <ele>926.331</ele>
        <time>2022-10-15T10:11:36Z</time>
      </trkpt>
      <trkpt lat="42.796242" lon="-2.152036">
        <ele>925.861</ele>
        <time>2022-10-15T10:11:39Z</time>
      </trkpt>
      <trkpt lat="42.796227" lon="-2.152109">
        <ele>925.221</ele>
        <time>2022-10-15T10:11:43Z</time>
      </trkpt>
      <trkpt lat="42.796222" lon="-2.152182">
        <ele>924.754</ele>
        <time>2022-10-15T10:11:49Z</time>
      </trkpt>
      <trkpt lat="42.796220" lon="-2.152257">
        <ele>924.190</ele>
        <time>2022-10-15T10:11:54Z</time>
      </trkpt>
      <trkpt lat="42.796212" lon="-2.152329">
        <ele>923.629</ele>
        <time>2022-10-15T10:11:58Z</time>
      </trkpt>
      <trkpt lat="42.796220" lon="-2.152404">
        <ele>923.100</ele>
        <time>2022-10-15T10:12:03Z</time>
      </trkpt>
      <trkpt lat="42.796218" lon="-2.152487">
        <ele>922.520</ele>
        <time>2022-10-15T10:12:07Z</time>
      </trkpt>
      <trkpt lat="42.796215" lon="-2.152570">
        <ele>922.209</ele>
        <time>2022-10-15T10:12:10Z</time>
      </trkpt>
      <trkpt lat="42.796210" lon="-2.152650">
        <ele>922.073</ele>
        <time>2022-10-15T10:12:13Z</time>
      </trkpt>
      <trkpt lat="42.796207" lon="-2.152713">
        <ele>921.833</ele>
        <time>2022-10-15T10:12:16Z</time>
      </trkpt>
      <trkpt lat="42.796205" lon="-2.152778">
        <ele>921.728</ele>
        <time>2022-10-15T10:12:24Z</time>
      </trkpt>
      <trkpt lat="42.796183" lon="-2.152838">
        <ele>921.725</ele>
        <time>2022-10-15T10:12:28Z</time>
      </trkpt>
      <trkpt lat="42.796163" lon="-2.152920">
        <ele>921.854</ele>
        <time>2022-10-15T10:12:31Z</time>
      </trkpt>
      <trkpt lat="42.796133" lon="-2.152978">
        <ele>921.924</ele>
        <time>2022-10-15T10:12:34Z</time>
      </trkpt>
      <trkpt lat="42.796103" lon="-2.153030">
        <ele>922.134</ele>
        <time>2022-10-15T10:12:37Z</time>
      </trkpt>
      <trkpt lat="42.796068" lon="-2.153085">
        <ele>922.377</ele>
        <time>2022-10-15T10:12:42Z</time>
      </trkpt>
      <trkpt lat="42.796031" lon="-2.153125">
        <ele>922.693</ele>
        <time>2022-10-15T10:12:46Z</time>
      </trkpt>
      <trkpt lat="42.795996" lon="-2.153167">
        <ele>922.853</ele>
        <time>2022-10-15T10:12:49Z</time>
      </trkpt>
      <trkpt lat="42.795954" lon="-2.153197">
        <ele>923.104</ele>
        <time>2022-10-15T10:12:53Z</time>
      </trkpt>
      <trkpt lat="42.795921" lon="-2.153242">
        <ele>923.414</ele>
        <time>2022-10-15T10:12:57Z</time>
      </trkpt>
      <trkpt lat="42.795878" lon="-2.153277">
        <ele>923.709</ele>
        <time>2022-10-15T10:13:00Z</time>
      </trkpt>
      <trkpt lat="42.795846" lon="-2.153324">
        <ele>923.996</ele>
        <time>2022-10-15T10:13:03Z</time>
      </trkpt>
      <trkpt lat="42.795808" lon="-2.153381">
        <ele>923.886</ele>
        <time>2022-10-15T10:13:08Z</time>
      </trkpt>
      <trkpt lat="42.795768" lon="-2.153428">
        <ele>923.791</ele>
        <time>2022-10-15T10:13:13Z</time>
      </trkpt>
      <trkpt lat="42.795733" lon="-2.153473">
        <ele>923.798</ele>
        <time>2022-10-15T10:13:17Z</time>
      </trkpt>
      <trkpt lat="42.795693" lon="-2.153523">
        <ele>923.877</ele>
        <time>2022-10-15T10:13:21Z</time>
      </trkpt>
      <trkpt lat="42.795646" lon="-2.153570">
        <ele>924.157</ele>
        <time>2022-10-15T10:13:25Z</time>
      </trkpt>
      <trkpt lat="42.795608" lon="-2.153625">
        <ele>924.387</ele>
        <time>2022-10-15T10:13:29Z</time>
      </trkpt>
      <trkpt lat="42.795573" lon="-2.153673">
        <ele>924.470</ele>
        <time>2022-10-15T10:13:33Z</time>
      </trkpt>
      <trkpt lat="42.795535" lon="-2.153716">
        <ele>924.396</ele>
        <time>2022-10-15T10:13:37Z</time>
      </trkpt>
      <trkpt lat="42.795503" lon="-2.153769">
        <ele>924.176</ele>
        <time>2022-10-15T10:13:42Z</time>
      </trkpt>
      <trkpt lat="42.795473" lon="-2.153836">
        <ele>923.990</ele>
        <time>2022-10-15T10:13:46Z</time>
      </trkpt>
      <trkpt lat="42.795450" lon="-2.153896">
        <ele>923.719</ele>
        <time>2022-10-15T10:13:50Z</time>
      </trkpt>
      <trkpt lat="42.795400" lon="-2.153888">
        <ele>924.109</ele>
        <time>2022-10-15T10:14:30Z</time>
      </trkpt>
      <trkpt lat="42.795372" lon="-2.153831">
        <ele>924.548</ele>
        <time>2022-10-15T10:14:35Z</time>
      </trkpt>
      <trkpt lat="42.795350" lon="-2.153776">
        <ele>924.748</ele>
        <time>2022-10-15T10:14:39Z</time>
      </trkpt>
      <trkpt lat="42.795302" lon="-2.153736">
        <ele>924.943</ele>
        <time>2022-10-15T10:14:44Z</time>
      </trkpt>
      <trkpt lat="42.795252" lon="-2.153744">
        <ele>925.230</ele>
        <time>2022-10-15T10:14:48Z</time>
      </trkpt>
      <trkpt lat="42.795207" lon="-2.153761">
        <ele>925.539</ele>
        <time>2022-10-15T10:14:51Z</time>
      </trkpt>
      <trkpt lat="42.795155" lon="-2.153764">
        <ele>925.989</ele>
        <time>2022-10-15T10:14:55Z</time>
      </trkpt>
      <trkpt lat="42.795112" lon="-2.153789">
        <ele>926.249</ele>
        <time>2022-10-15T10:14:59Z</time>
      </trkpt>
      <trkpt lat="42.795065" lon="-2.153766">
        <ele>926.542</ele>
        <time>2022-10-15T10:15:04Z</time>
      </trkpt>
      <trkpt lat="42.795010" lon="-2.153759">
        <ele>926.938</ele>
        <time>2022-10-15T10:15:08Z</time>
      </trkpt>
      <trkpt lat="42.794962" lon="-2.153776">
        <ele>927.155</ele>
        <time>2022-10-15T10:15:11Z</time>
      </trkpt>
      <trkpt lat="42.794917" lon="-2.153773">
        <ele>927.207</ele>
        <time>2022-10-15T10:15:20Z</time>
      </trkpt>
      <trkpt lat="42.794872" lon="-2.153766">
        <ele>927.317</ele>
        <time>2022-10-15T10:15:24Z</time>
      </trkpt>
      <trkpt lat="42.794825" lon="-2.153773">
        <ele>927.409</ele>
        <time>2022-10-15T10:15:28Z</time>
      </trkpt>
      <trkpt lat="42.794777" lon="-2.153790">
        <ele>927.546</ele>
        <time>2022-10-15T10:15:32Z</time>
      </trkpt>
      <trkpt lat="42.794729" lon="-2.153797">
        <ele>927.796</ele>
        <time>2022-10-15T10:15:36Z</time>
      </trkpt>
      <trkpt lat="42.794674" lon="-2.153790">
        <ele>927.821</ele>
        <time>2022-10-15T10:15:40Z</time>
      </trkpt>
      <trkpt lat="42.794626" lon="-2.153770">
        <ele>927.868</ele>
        <time>2022-10-15T10:15:45Z</time>
      </trkpt>
      <trkpt lat="42.794578" lon="-2.153778">
        <ele>927.987</ele>
        <time>2022-10-15T10:15:48Z</time>
      </trkpt>
      <trkpt lat="42.794533" lon="-2.153793">
        <ele>928.187</ele>
        <time>2022-10-15T10:15:52Z</time>
      </trkpt>
      <trkpt lat="42.794488" lon="-2.153773">
        <ele>928.127</ele>
        <time>2022-10-15T10:15:56Z</time>
      </trkpt>
      <trkpt lat="42.794440" lon="-2.153755">
        <ele>928.140</ele>
        <time>2022-10-15T10:15:59Z</time>
      </trkpt>
      <trkpt lat="42.794388" lon="-2.153725">
        <ele>928.156</ele>
        <time>2022-10-15T10:16:02Z</time>
      </trkpt>
      <trkpt lat="42.794341" lon="-2.153688">
        <ele>928.129</ele>
        <time>2022-10-15T10:16:06Z</time>
      </trkpt>
      <trkpt lat="42.794288" lon="-2.153670">
        <ele>928.300</ele>
        <time>2022-10-15T10:16:11Z</time>
      </trkpt>
      <trkpt lat="42.794233" lon="-2.153653">
        <ele>928.620</ele>
        <time>2022-10-15T10:16:15Z</time>
      </trkpt>
      <trkpt lat="42.794180" lon="-2.153640">
        <ele>928.909</ele>
        <time>2022-10-15T10:16:20Z</time>
      </trkpt>
      <trkpt lat="42.794130" lon="-2.153618">
        <ele>929.053</ele>
        <time>2022-10-15T10:16:24Z</time>
      </trkpt>
      <trkpt lat="42.794078" lon="-2.153596">
        <ele>929.033</ele>
        <time>2022-10-15T10:16:28Z</time>
      </trkpt>
      <trkpt lat="42.794031" lon="-2.153588">
        <ele>929.178</ele>
        <time>2022-10-15T10:16:33Z</time>
      </trkpt>
      <trkpt lat="42.793983" lon="-2.153561">
        <ele>929.255</ele>
        <time>2022-10-15T10:16:37Z</time>
      </trkpt>
      <trkpt lat="42.793930" lon="-2.153539">
        <ele>929.464</ele>
        <time>2022-10-15T10:16:40Z</time>
      </trkpt>
      <trkpt lat="42.793885" lon="-2.153534">
        <ele>929.674</ele>
        <time>2022-10-15T10:16:45Z</time>
      </trkpt>
      <trkpt lat="42.793835" lon="-2.153526">
        <ele>929.744</ele>
        <time>2022-10-15T10:16:48Z</time>
      </trkpt>
      <trkpt lat="42.793790" lon="-2.153524">
        <ele>929.937</ele>
        <time>2022-10-15T10:16:51Z</time>
      </trkpt>
      <trkpt lat="42.793740" lon="-2.153524">
        <ele>930.063</ele>
        <time>2022-10-15T10:16:56Z</time>
      </trkpt>
      <trkpt lat="42.793695" lon="-2.153527">
        <ele>930.193</ele>
        <time>2022-10-15T10:16:59Z</time>
      </trkpt>
      <trkpt lat="42.793632" lon="-2.153522">
        <ele>930.365</ele>
        <time>2022-10-15T10:17:04Z</time>
      </trkpt>
      <trkpt lat="42.793587" lon="-2.153512">
        <ele>930.321</ele>
        <time>2022-10-15T10:17:06Z</time>
      </trkpt>
      <trkpt lat="42.793539" lon="-2.153509">
        <ele>930.309</ele>
        <time>2022-10-15T10:17:11Z</time>
      </trkpt>
      <trkpt lat="42.793482" lon="-2.153501">
        <ele>930.290</ele>
        <time>2022-10-15T10:17:15Z</time>
      </trkpt>
      <trkpt lat="42.793435" lon="-2.153489">
        <ele>930.220</ele>
        <time>2022-10-15T10:17:19Z</time>
      </trkpt>
      <trkpt lat="42.793385" lon="-2.153479">
        <ele>930.115</ele>
        <time>2022-10-15T10:17:24Z</time>
      </trkpt>
      <trkpt lat="42.793333" lon="-2.153486">
        <ele>930.052</ele>
        <time>2022-10-15T10:17:27Z</time>
      </trkpt>
      <trkpt lat="42.793288" lon="-2.153508">
        <ele>929.851</ele>
        <time>2022-10-15T10:17:33Z</time>
      </trkpt>
      <trkpt lat="42.793306" lon="-2.153441">
        <ele>929.821</ele>
        <time>2022-10-15T10:18:27Z</time>
      </trkpt>
      <trkpt lat="42.793354" lon="-2.153398">
        <ele>930.121</ele>
        <time>2022-10-15T10:18:31Z</time>
      </trkpt>
      <trkpt lat="42.793392" lon="-2.153356">
        <ele>930.264</ele>
        <time>2022-10-15T10:18:35Z</time>
      </trkpt>
      <trkpt lat="42.793422" lon="-2.153293">
        <ele>930.060</ele>
        <time>2022-10-15T10:18:40Z</time>
      </trkpt>
      <trkpt lat="42.793462" lon="-2.153251">
        <ele>930.093</ele>
        <time>2022-10-15T10:18:44Z</time>
      </trkpt>
      <trkpt lat="42.793497" lon="-2.153203">
        <ele>930.065</ele>
        <time>2022-10-15T10:18:48Z</time>
      </trkpt>
      <trkpt lat="42.793542" lon="-2.153166">
        <ele>930.321</ele>
        <time>2022-10-15T10:18:52Z</time>
      </trkpt>
      <trkpt lat="42.793587" lon="-2.153136">
        <ele>930.709</ele>
        <time>2022-10-15T10:18:56Z</time>
      </trkpt>
      <trkpt lat="42.793629" lon="-2.153083">
        <ele>931.060</ele>
        <time>2022-10-15T10:19:01Z</time>
      </trkpt>
      <trkpt lat="42.793662" lon="-2.153018">
        <ele>930.990</ele>
        <time>2022-10-15T10:19:05Z</time>
      </trkpt>
      <trkpt lat="42.793680" lon="-2.152960">
        <ele>930.835</ele>
        <time>2022-10-15T10:19:08Z</time>
      </trkpt>
      <trkpt lat="42.793698" lon="-2.152890">
        <ele>930.842</ele>
        <time>2022-10-15T10:19:12Z</time>
      </trkpt>
      <trkpt lat="42.793703" lon="-2.152827">
        <ele>930.711</ele>
        <time>2022-10-15T10:19:16Z</time>
      </trkpt>
      <trkpt lat="42.793721" lon="-2.152759">
        <ele>930.831</ele>
        <time>2022-10-15T10:19:19Z</time>
      </trkpt>
      <trkpt lat="42.793736" lon="-2.152691">
        <ele>930.921</ele>
        <time>2022-10-15T10:19:24Z</time>
      </trkpt>
      <trkpt lat="42.793741" lon="-2.152609">
        <ele>930.984</ele>
        <time>2022-10-15T10:19:28Z</time>
      </trkpt>
      <trkpt lat="42.793758" lon="-2.152542">
        <ele>931.140</ele>
        <time>2022-10-15T10:19:31Z</time>
      </trkpt>
      <trkpt lat="42.793775" lon="-2.152474">
        <ele>931.326</ele>
        <time>2022-10-15T10:19:35Z</time>
      </trkpt>
      <trkpt lat="42.793768" lon="-2.152404">
        <ele>931.447</ele>
        <time>2022-10-15T10:19:41Z</time>
      </trkpt>
      <trkpt lat="42.793758" lon="-2.152324">
        <ele>931.711</ele>
        <time>2022-10-15T10:19:44Z</time>
      </trkpt>
      <trkpt lat="42.793765" lon="-2.152256">
        <ele>931.909</ele>
        <time>2022-10-15T10:19:47Z</time>
      </trkpt>
      <trkpt lat="42.793748" lon="-2.152181">
        <ele>932.193</ele>
        <time>2022-10-15T10:19:53Z</time>
      </trkpt>
      <trkpt lat="42.793716" lon="-2.152136">
        <ele>932.213</ele>
        <time>2022-10-15T10:19:56Z</time>
      </trkpt>
      <trkpt lat="42.793678" lon="-2.152074">
        <ele>932.448</ele>
        <time>2022-10-15T10:20:00Z</time>
      </trkpt>
      <trkpt lat="42.793640" lon="-2.152011">
        <ele>932.735</ele>
        <time>2022-10-15T10:20:04Z</time>
      </trkpt>
      <trkpt lat="42.793618" lon="-2.151956">
        <ele>932.984</ele>
        <time>2022-10-15T10:20:07Z</time>
      </trkpt>
      <trkpt lat="42.793588" lon="-2.151899">
        <ele>933.484</ele>
        <time>2022-10-15T10:20:10Z</time>
      </trkpt>
      <trkpt lat="42.793546" lon="-2.151847">
        <ele>933.934</ele>
        <time>2022-10-15T10:20:14Z</time>
      </trkpt>
      <trkpt lat="42.793509" lon="-2.151807">
        <ele>934.237</ele>
        <time>2022-10-15T10:20:19Z</time>
      </trkpt>
      <trkpt lat="42.793459" lon="-2.151787">
        <ele>934.483</ele>
        <time>2022-10-15T10:20:23Z</time>
      </trkpt>
      <trkpt lat="42.793411" lon="-2.151759">
        <ele>934.646</ele>
        <time>2022-10-15T10:20:27Z</time>
      </trkpt>
      <trkpt lat="42.793369" lon="-2.151721">
        <ele>934.888</ele>
        <time>2022-10-15T10:20:30Z</time>
      </trkpt>
      <trkpt lat="42.793319" lon="-2.151686">
        <ele>935.016</ele>
        <time>2022-10-15T10:20:34Z</time>
      </trkpt>
      <trkpt lat="42.793286" lon="-2.151639">
        <ele>935.209</ele>
        <time>2022-10-15T10:20:38Z</time>
      </trkpt>
      <trkpt lat="42.793244" lon="-2.151604">
        <ele>935.325</ele>
        <time>2022-10-15T10:20:42Z</time>
      </trkpt>
      <trkpt lat="42.793207" lon="-2.151566">
        <ele>935.555</ele>
        <time>2022-10-15T10:20:45Z</time>
      </trkpt>
      <trkpt lat="42.793159" lon="-2.151528">
        <ele>935.680</ele>
        <time>2022-10-15T10:20:49Z</time>
      </trkpt>
      <trkpt lat="42.793112" lon="-2.151493">
        <ele>935.867</ele>
        <time>2022-10-15T10:20:54Z</time>
      </trkpt>
      <trkpt lat="42.793062" lon="-2.151463">
        <ele>936.086</ele>
        <time>2022-10-15T10:20:58Z</time>
      </trkpt>
      <trkpt lat="42.793015" lon="-2.151433">
        <ele>935.866</ele>
        <time>2022-10-15T10:21:01Z</time>
      </trkpt>
      <trkpt lat="42.792967" lon="-2.151400">
        <ele>935.786</ele>
        <time>2022-10-15T10:21:04Z</time>
      </trkpt>
      <trkpt lat="42.792929" lon="-2.151367">
        <ele>935.519</ele>
        <time>2022-10-15T10:21:07Z</time>
      </trkpt>
      <trkpt lat="42.792882" lon="-2.151344">
        <ele>935.485</ele>
        <time>2022-10-15T10:21:13Z</time>
      </trkpt>
      <trkpt lat="42.792845" lon="-2.151299">
        <ele>935.483</ele>
        <time>2022-10-15T10:21:17Z</time>
      </trkpt>
      <trkpt lat="42.792813" lon="-2.151244">
        <ele>935.525</ele>
        <time>2022-10-15T10:21:20Z</time>
      </trkpt>
      <trkpt lat="42.792776" lon="-2.151196">
        <ele>935.717</ele>
        <time>2022-10-15T10:21:24Z</time>
      </trkpt>
      <trkpt lat="42.792728" lon="-2.151161">
        <ele>936.009</ele>
        <time>2022-10-15T10:21:28Z</time>
      </trkpt>
      <trkpt lat="42.792695" lon="-2.151108">
        <ele>936.319</ele>
        <time>2022-10-15T10:21:32Z</time>
      </trkpt>
      <trkpt lat="42.792658" lon="-2.151043">
        <ele>936.359</ele>
        <time>2022-10-15T10:21:37Z</time>
      </trkpt>
      <trkpt lat="42.792616" lon="-2.150991">
        <ele>936.344</ele>
        <time>2022-10-15T10:21:41Z</time>
      </trkpt>
      <trkpt lat="42.792581" lon="-2.150939">
        <ele>936.331</ele>
        <time>2022-10-15T10:21:46Z</time>
      </trkpt>
      <trkpt lat="42.792539" lon="-2.150887">
        <ele>936.230</ele>
        <time>2022-10-15T10:21:51Z</time>
      </trkpt>
      <trkpt lat="42.792512" lon="-2.150825">
        <ele>935.930</ele>
        <time>2022-10-15T10:21:54Z</time>
      </trkpt>
      <trkpt lat="42.792482" lon="-2.150778">
        <ele>935.480</ele>
        <time>2022-10-15T10:21:57Z</time>
      </trkpt>
      <trkpt lat="42.792444" lon="-2.150725">
        <ele>935.033</ele>
        <time>2022-10-15T10:22:02Z</time>
      </trkpt>
      <trkpt lat="42.792424" lon="-2.150658">
        <ele>934.559</ele>
        <time>2022-10-15T10:22:07Z</time>
      </trkpt>
      <trkpt lat="42.792412" lon="-2.150596">
        <ele>934.029</ele>
        <time>2022-10-15T10:22:12Z</time>
      </trkpt>
      <trkpt lat="42.792382" lon="-2.150549">
        <ele>933.800</ele>
        <time>2022-10-15T10:22:16Z</time>
      </trkpt>
      <trkpt lat="42.792362" lon="-2.150492">
        <ele>933.920</ele>
        <time>2022-10-15T10:22:31Z</time>
      </trkpt>
      <trkpt lat="42.792350" lon="-2.150420">
        <ele>933.909</ele>
        <time>2022-10-15T10:23:00Z</time>
      </trkpt>
      <trkpt lat="42.792350" lon="-2.150358">
        <ele>933.833</ele>
        <time>2022-10-15T10:23:03Z</time>
      </trkpt>
      <trkpt lat="42.792328" lon="-2.150295">
        <ele>933.943</ele>
        <time>2022-10-15T10:23:08Z</time>
      </trkpt>
      <trkpt lat="42.792308" lon="-2.150237">
        <ele>933.858</ele>
        <time>2022-10-15T10:23:12Z</time>
      </trkpt>
      <trkpt lat="42.792260" lon="-2.150195">
        <ele>934.035</ele>
        <time>2022-10-15T10:23:19Z</time>
      </trkpt>
      <trkpt lat="42.792220" lon="-2.150143">
        <ele>934.054</ele>
        <time>2022-10-15T10:23:22Z</time>
      </trkpt>
      <trkpt lat="42.792168" lon="-2.150101">
        <ele>933.944</ele>
        <time>2022-10-15T10:23:27Z</time>
      </trkpt>
      <trkpt lat="42.792123" lon="-2.150071">
        <ele>933.714</ele>
        <time>2022-10-15T10:23:30Z</time>
      </trkpt>
      <trkpt lat="42.792095" lon="-2.150009">
        <ele>933.157</ele>
        <time>2022-10-15T10:23:37Z</time>
      </trkpt>
      <trkpt lat="42.792062" lon="-2.149949">
        <ele>932.843</ele>
        <time>2022-10-15T10:23:41Z</time>
      </trkpt>
      <trkpt lat="42.792034" lon="-2.149896">
        <ele>932.672</ele>
        <time>2022-10-15T10:23:48Z</time>
      </trkpt>
      <trkpt lat="42.791994" lon="-2.149844">
        <ele>932.413</ele>
        <time>2022-10-15T10:23:54Z</time>
      </trkpt>
      <trkpt lat="42.791949" lon="-2.149797">
        <ele>932.314</ele>
        <time>2022-10-15T10:23:59Z</time>
      </trkpt>
      <trkpt lat="42.791911" lon="-2.149760">
        <ele>932.409</ele>
        <time>2022-10-15T10:24:03Z</time>
      </trkpt>
      <trkpt lat="42.791866" lon="-2.149725">
        <ele>932.678</ele>
        <time>2022-10-15T10:24:07Z</time>
      </trkpt>
      <trkpt lat="42.791816" lon="-2.149710">
        <ele>933.078</ele>
        <time>2022-10-15T10:24:10Z</time>
      </trkpt>
      <trkpt lat="42.791768" lon="-2.149698">
        <ele>933.353</ele>
        <time>2022-10-15T10:24:14Z</time>
      </trkpt>
      <trkpt lat="42.791720" lon="-2.149690">
        <ele>933.760</ele>
        <time>2022-10-15T10:24:18Z</time>
      </trkpt>
      <trkpt lat="42.791675" lon="-2.149663">
        <ele>934.019</ele>
        <time>2022-10-15T10:24:21Z</time>
      </trkpt>
      <trkpt lat="42.791638" lon="-2.149615">
        <ele>934.189</ele>
        <time>2022-10-15T10:24:26Z</time>
      </trkpt>
      <trkpt lat="42.791600" lon="-2.149582">
        <ele>934.129</ele>
        <time>2022-10-15T10:24:28Z</time>
      </trkpt>
      <trkpt lat="42.791573" lon="-2.149529">
        <ele>934.192</ele>
        <time>2022-10-15T10:24:33Z</time>
      </trkpt>
      <trkpt lat="42.791516" lon="-2.149486">
        <ele>934.128</ele>
        <time>2022-10-15T10:24:37Z</time>
      </trkpt>
      <trkpt lat="42.791464" lon="-2.149444">
        <ele>934.067</ele>
        <time>2022-10-15T10:24:40Z</time>
      </trkpt>
      <trkpt lat="42.791411" lon="-2.149442">
        <ele>934.081</ele>
        <time>2022-10-15T10:24:46Z</time>
      </trkpt>
      <trkpt lat="42.791369" lon="-2.149415">
        <ele>934.319</ele>
        <time>2022-10-15T10:24:51Z</time>
      </trkpt>
      <trkpt lat="42.791334" lon="-2.149358">
        <ele>934.909</ele>
        <time>2022-10-15T10:24:56Z</time>
      </trkpt>
      <trkpt lat="42.791287" lon="-2.149333">
        <ele>935.277</ele>
        <time>2022-10-15T10:25:01Z</time>
      </trkpt>
      <trkpt lat="42.791235" lon="-2.149313">
        <ele>935.597</ele>
        <time>2022-10-15T10:25:06Z</time>
      </trkpt>
      <trkpt lat="42.791190" lon="-2.149265">
        <ele>935.832</ele>
        <time>2022-10-15T10:25:10Z</time>
      </trkpt>
      <trkpt lat="42.791103" lon="-2.149187">
        <ele>936.029</ele>
        <time>2022-10-15T10:27:52Z</time>
      </trkpt>
      <trkpt lat="42.791200" lon="-2.149189">
        <ele>935.918</ele>
        <time>2022-10-15T10:28:53Z</time>
      </trkpt>
      <trkpt lat="42.791138" lon="-2.149151">
        <ele>936.198</ele>
        <time>2022-10-15T10:29:00Z</time>
      </trkpt>
      <trkpt lat="42.791091" lon="-2.149144">
        <ele>936.218</ele>
        <time>2022-10-15T10:29:05Z</time>
      </trkpt>
      <trkpt lat="42.791026" lon="-2.149111">
        <ele>936.331</ele>
        <time>2022-10-15T10:29:12Z</time>
      </trkpt>
      <trkpt lat="42.790969" lon="-2.149091">
        <ele>936.477</ele>
        <time>2022-10-15T10:29:16Z</time>
      </trkpt>
      <trkpt lat="42.790917" lon="-2.149061">
        <ele>936.584</ele>
        <time>2022-10-15T10:29:19Z</time>
      </trkpt>
      <trkpt lat="42.790875" lon="-2.149019">
        <ele>936.607</ele>
        <time>2022-10-15T10:29:22Z</time>
      </trkpt>
      <trkpt lat="42.790845" lon="-2.148971">
        <ele>936.717</ele>
        <time>2022-10-15T10:29:26Z</time>
      </trkpt>
      <trkpt lat="42.790812" lon="-2.148928">
        <ele>936.909</ele>
        <time>2022-10-15T10:29:31Z</time>
      </trkpt>
      <trkpt lat="42.790774" lon="-2.148888">
        <ele>937.229</ele>
        <time>2022-10-15T10:29:36Z</time>
      </trkpt>
      <trkpt lat="42.790727" lon="-2.148840">
        <ele>937.499</ele>
        <time>2022-10-15T10:29:41Z</time>
      </trkpt>
      <trkpt lat="42.790690" lon="-2.148797">
        <ele>937.554</ele>
        <time>2022-10-15T10:29:46Z</time>
      </trkpt>
      <trkpt lat="42.790662" lon="-2.148744">
        <ele>937.591</ele>
        <time>2022-10-15T10:29:50Z</time>
      </trkpt>
      <trkpt lat="42.790649" lon="-2.148684">
        <ele>937.430</ele>
        <time>2022-10-15T10:29:54Z</time>
      </trkpt>
      <trkpt lat="42.790629" lon="-2.148611">
        <ele>937.380</ele>
        <time>2022-10-15T10:29:59Z</time>
      </trkpt>
      <trkpt lat="42.790621" lon="-2.148534">
        <ele>937.080</ele>
        <time>2022-10-15T10:30:05Z</time>
      </trkpt>
      <trkpt lat="42.790604" lon="-2.148459">
        <ele>936.713</ele>
        <time>2022-10-15T10:30:10Z</time>
      </trkpt>
      <trkpt lat="42.790589" lon="-2.148401">
        <ele>936.589</ele>
        <time>2022-10-15T10:30:14Z</time>
      </trkpt>
      <trkpt lat="42.790576" lon="-2.148339">
        <ele>936.221</ele>
        <time>2022-10-15T10:30:16Z</time>
      </trkpt>
      <trkpt lat="42.790559" lon="-2.148279">
        <ele>936.041</ele>
        <time>2022-10-15T10:30:20Z</time>
      </trkpt>
      <trkpt lat="42.790532" lon="-2.148214">
        <ele>936.305</ele>
        <time>2022-10-15T10:30:23Z</time>
      </trkpt>
      <trkpt lat="42.790502" lon="-2.148161">
        <ele>936.509</ele>
        <time>2022-10-15T10:30:28Z</time>
      </trkpt>
      <trkpt lat="42.790455" lon="-2.148126">
        <ele>936.973</ele>
        <time>2022-10-15T10:30:33Z</time>
      </trkpt>
      <trkpt lat="42.790412" lon="-2.148099">
        <ele>937.263</ele>
        <time>2022-10-15T10:30:37Z</time>
      </trkpt>
      <trkpt lat="42.790369" lon="-2.148081">
        <ele>937.558</ele>
        <time>2022-10-15T10:30:41Z</time>
      </trkpt>
      <trkpt lat="42.790326" lon="-2.148058">
        <ele>937.735</ele>
        <time>2022-10-15T10:30:44Z</time>
      </trkpt>
      <trkpt lat="42.790276" lon="-2.148031">
        <ele>938.134</ele>
        <time>2022-10-15T10:30:50Z</time>
      </trkpt>
      <trkpt lat="42.790243" lon="-2.147969">
        <ele>938.434</ele>
        <time>2022-10-15T10:30:55Z</time>
      </trkpt>
      <trkpt lat="42.790215" lon="-2.147912">
        <ele>938.744</ele>
        <time>2022-10-15T10:30:59Z</time>
      </trkpt>
      <trkpt lat="42.790178" lon="-2.147845">
        <ele>939.197</ele>
        <time>2022-10-15T10:31:03Z</time>
      </trkpt>
      <trkpt lat="42.790165" lon="-2.147768">
        <ele>939.463</ele>
        <time>2022-10-15T10:31:07Z</time>
      </trkpt>
      <trkpt lat="42.790160" lon="-2.147695">
        <ele>939.876</ele>
        <time>2022-10-15T10:31:12Z</time>
      </trkpt>
      <trkpt lat="42.790153" lon="-2.147628">
        <ele>940.090</ele>
        <time>2022-10-15T10:31:16Z</time>
      </trkpt>
      <trkpt lat="42.790121" lon="-2.147578">
        <ele>940.219</ele>
        <time>2022-10-15T10:31:19Z</time>
      </trkpt>
      <trkpt lat="42.790089" lon="-2.147528">
        <ele>940.309</ele>
        <time>2022-10-15T10:31:22Z</time>
      </trkpt>
      <trkpt lat="42.790066" lon="-2.147471">
        <ele>940.468</ele>
        <time>2022-10-15T10:31:25Z</time>
      </trkpt>
      <trkpt lat="42.790034" lon="-2.147418">
        <ele>940.518</ele>
        <time>2022-10-15T10:31:27Z</time>
      </trkpt>
      <trkpt lat="42.790009" lon="-2.147365">
        <ele>940.553</ele>
        <time>2022-10-15T10:31:29Z</time>
      </trkpt>
      <trkpt lat="42.789982" lon="-2.147312">
        <ele>940.730</ele>
        <time>2022-10-15T10:31:33Z</time>
      </trkpt>
      <trkpt lat="42.789967" lon="-2.147230">
        <ele>941.019</ele>
        <time>2022-10-15T10:31:37Z</time>
      </trkpt>
      <trkpt lat="42.789994" lon="-2.147167">
        <ele>941.059</ele>
        <time>2022-10-15T10:31:48Z</time>
      </trkpt>
      <trkpt lat="42.789986" lon="-2.147092">
        <ele>941.029</ele>
        <time>2022-10-15T10:31:53Z</time>
      </trkpt>
      <trkpt lat="42.789953" lon="-2.147029">
        <ele>941.072</ele>
        <time>2022-10-15T10:31:57Z</time>
      </trkpt>
      <trkpt lat="42.789920" lon="-2.146976">
        <ele>941.088</ele>
        <time>2022-10-15T10:32:00Z</time>
      </trkpt>
      <trkpt lat="42.789895" lon="-2.146914">
        <ele>941.037</ele>
        <time>2022-10-15T10:32:05Z</time>
      </trkpt>
      <trkpt lat="42.789895" lon="-2.146846">
        <ele>941.049</ele>
        <time>2022-10-15T10:32:15Z</time>
      </trkpt>
      <trkpt lat="42.789852" lon="-2.146806">
        <ele>941.013</ele>
        <time>2022-10-15T10:32:19Z</time>
      </trkpt>
      <trkpt lat="42.789830" lon="-2.146738">
        <ele>941.009</ele>
        <time>2022-10-15T10:32:23Z</time>
      </trkpt>
      <trkpt lat="42.789792" lon="-2.146693">
        <ele>941.094</ele>
        <time>2022-10-15T10:32:29Z</time>
      </trkpt>
      <trkpt lat="42.789757" lon="-2.146631">
        <ele>941.154</ele>
        <time>2022-10-15T10:32:34Z</time>
      </trkpt>
      <trkpt lat="42.789720" lon="-2.146589">
        <ele>941.339</ele>
        <time>2022-10-15T10:32:37Z</time>
      </trkpt>
      <trkpt lat="42.789680" lon="-2.146539">
        <ele>941.516</ele>
        <time>2022-10-15T10:32:41Z</time>
      </trkpt>
      <trkpt lat="42.789635" lon="-2.146487">
        <ele>941.855</ele>
        <time>2022-10-15T10:32:46Z</time>
      </trkpt>
      <trkpt lat="42.789587" lon="-2.146455">
        <ele>941.955</ele>
        <time>2022-10-15T10:32:50Z</time>
      </trkpt>
      <trkpt lat="42.789552" lon="-2.146415">
        <ele>942.035</ele>
        <time>2022-10-15T10:32:55Z</time>
      </trkpt>
      <trkpt lat="42.789517" lon="-2.146372">
        <ele>942.138</ele>
        <time>2022-10-15T10:32:59Z</time>
      </trkpt>
      <trkpt lat="42.789459" lon="-2.146345">
        <ele>942.224</ele>
        <time>2022-10-15T10:33:04Z</time>
      </trkpt>
      <trkpt lat="42.789421" lon="-2.146308">
        <ele>942.467</ele>
        <time>2022-10-15T10:33:07Z</time>
      </trkpt>
      <trkpt lat="42.789376" lon="-2.146265">
        <ele>942.681</ele>
        <time>2022-10-15T10:33:12Z</time>
      </trkpt>
      <trkpt lat="42.789321" lon="-2.146240">
        <ele>942.719</ele>
        <time>2022-10-15T10:33:16Z</time>
      </trkpt>
      <trkpt lat="42.789281" lon="-2.146198">
        <ele>942.909</ele>
        <time>2022-10-15T10:33:21Z</time>
      </trkpt>
      <trkpt lat="42.789221" lon="-2.146163">
        <ele>943.097</ele>
        <time>2022-10-15T10:33:26Z</time>
      </trkpt>
      <trkpt lat="42.789171" lon="-2.146133">
        <ele>943.077</ele>
        <time>2022-10-15T10:33:29Z</time>
      </trkpt>
      <trkpt lat="42.789121" lon="-2.146115">
        <ele>943.262</ele>
        <time>2022-10-15T10:33:33Z</time>
      </trkpt>
      <trkpt lat="42.789078" lon="-2.146090">
        <ele>943.469</ele>
        <time>2022-10-15T10:33:39Z</time>
      </trkpt>
      <trkpt lat="42.789030" lon="-2.146075">
        <ele>943.638</ele>
        <time>2022-10-15T10:33:43Z</time>
      </trkpt>
      <trkpt lat="42.788983" lon="-2.146057">
        <ele>943.998</ele>
        <time>2022-10-15T10:33:46Z</time>
      </trkpt>
      <trkpt lat="42.788938" lon="-2.146050">
        <ele>944.078</ele>
        <time>2022-10-15T10:33:49Z</time>
      </trkpt>
      <trkpt lat="42.788891" lon="-2.146035">
        <ele>944.311</ele>
        <time>2022-10-15T10:33:53Z</time>
      </trkpt>
      <trkpt lat="42.788848" lon="-2.146008">
        <ele>944.557</ele>
        <time>2022-10-15T10:33:57Z</time>
      </trkpt>
      <trkpt lat="42.788798" lon="-2.145985">
        <ele>944.695</ele>
        <time>2022-10-15T10:34:01Z</time>
      </trkpt>
      <trkpt lat="42.788745" lon="-2.145963">
        <ele>944.849</ele>
        <time>2022-10-15T10:34:04Z</time>
      </trkpt>
      <trkpt lat="42.788702" lon="-2.145945">
        <ele>944.923</ele>
        <time>2022-10-15T10:34:08Z</time>
      </trkpt>
      <trkpt lat="42.788649" lon="-2.145927">
        <ele>945.009</ele>
        <time>2022-10-15T10:34:13Z</time>
      </trkpt>
      <trkpt lat="42.788562" lon="-2.145870">
        <ele>945.020</ele>
        <time>2022-10-15T10:34:24Z</time>
      </trkpt>
      <trkpt lat="42.788502" lon="-2.145867">
        <ele>945.080</ele>
        <time>2022-10-15T10:34:27Z</time>
      </trkpt>
      <trkpt lat="42.788457" lon="-2.145869">
        <ele>945.135</ele>
        <time>2022-10-15T10:34:30Z</time>
      </trkpt>
      <trkpt lat="42.788402" lon="-2.145881">
        <ele>945.182</ele>
        <time>2022-10-15T10:34:34Z</time>
      </trkpt>
      <trkpt lat="42.788347" lon="-2.145898">
        <ele>945.261</ele>
        <time>2022-10-15T10:34:38Z</time>
      </trkpt>
      <trkpt lat="42.788302" lon="-2.145918">
        <ele>945.521</ele>
        <time>2022-10-15T10:34:42Z</time>
      </trkpt>
      <trkpt lat="42.788242" lon="-2.145900">
        <ele>945.851</ele>
        <time>2022-10-15T10:34:45Z</time>
      </trkpt>
      <trkpt lat="42.788187" lon="-2.145880">
        <ele>946.154</ele>
        <time>2022-10-15T10:34:48Z</time>
      </trkpt>
      <trkpt lat="42.788135" lon="-2.145885">
        <ele>946.570</ele>
        <time>2022-10-15T10:34:54Z</time>
      </trkpt>
      <trkpt lat="42.788085" lon="-2.145902">
        <ele>946.899</ele>
        <time>2022-10-15T10:34:59Z</time>
      </trkpt>
      <trkpt lat="42.788020" lon="-2.145889">
        <ele>947.207</ele>
        <time>2022-10-15T10:35:03Z</time>
      </trkpt>
      <trkpt lat="42.787968" lon="-2.145881">
        <ele>947.627</ele>
        <time>2022-10-15T10:35:07Z</time>
      </trkpt>
      <trkpt lat="42.787911" lon="-2.145889">
        <ele>947.909</ele>
        <time>2022-10-15T10:35:12Z</time>
      </trkpt>
      <trkpt lat="42.787854" lon="-2.145886">
        <ele>948.330</ele>
        <time>2022-10-15T10:35:18Z</time>
      </trkpt>
      <trkpt lat="42.787809" lon="-2.145889">
        <ele>948.620</ele>
        <time>2022-10-15T10:35:23Z</time>
      </trkpt>
      <trkpt lat="42.787759" lon="-2.145891">
        <ele>949.065</ele>
        <time>2022-10-15T10:35:27Z</time>
      </trkpt>
      <trkpt lat="42.787706" lon="-2.145904">
        <ele>949.412</ele>
        <time>2022-10-15T10:35:31Z</time>
      </trkpt>
      <trkpt lat="42.787651" lon="-2.145911">
        <ele>949.821</ele>
        <time>2022-10-15T10:35:36Z</time>
      </trkpt>
      <trkpt lat="42.787599" lon="-2.145928">
        <ele>950.221</ele>
        <time>2022-10-15T10:35:39Z</time>
      </trkpt>
      <trkpt lat="42.787551" lon="-2.145943">
        <ele>950.471</ele>
        <time>2022-10-15T10:35:44Z</time>
      </trkpt>
      <trkpt lat="42.787498" lon="-2.145943">
        <ele>950.824</ele>
        <time>2022-10-15T10:35:48Z</time>
      </trkpt>
      <trkpt lat="42.787451" lon="-2.145948">
        <ele>951.110</ele>
        <time>2022-10-15T10:35:51Z</time>
      </trkpt>
      <trkpt lat="42.787403" lon="-2.145930">
        <ele>951.756</ele>
        <time>2022-10-15T10:35:55Z</time>
      </trkpt>
      <trkpt lat="42.787360" lon="-2.145912">
        <ele>952.259</ele>
        <time>2022-10-15T10:36:01Z</time>
      </trkpt>
      <trkpt lat="42.787308" lon="-2.145920">
        <ele>952.414</ele>
        <time>2022-10-15T10:36:05Z</time>
      </trkpt>
      <trkpt lat="42.787250" lon="-2.145910">
        <ele>953.009</ele>
        <time>2022-10-15T10:36:10Z</time>
      </trkpt>
      <trkpt lat="42.787200" lon="-2.145910">
        <ele>953.476</ele>
        <time>2022-10-15T10:36:15Z</time>
      </trkpt>
      <trkpt lat="42.787145" lon="-2.145913">
        <ele>953.816</ele>
        <time>2022-10-15T10:36:21Z</time>
      </trkpt>
      <trkpt lat="42.787095" lon="-2.145913">
        <ele>954.251</ele>
        <time>2022-10-15T10:36:25Z</time>
      </trkpt>
      <trkpt lat="42.787048" lon="-2.145945">
        <ele>954.398</ele>
        <time>2022-10-15T10:36:30Z</time>
      </trkpt>
      <trkpt lat="42.786990" lon="-2.145945">
        <ele>954.887</ele>
        <time>2022-10-15T10:36:34Z</time>
      </trkpt>
      <trkpt lat="42.786942" lon="-2.145975">
        <ele>955.087</ele>
        <time>2022-10-15T10:36:38Z</time>
      </trkpt>
      <trkpt lat="42.786885" lon="-2.146015">
        <ele>955.317</ele>
        <time>2022-10-15T10:36:42Z</time>
      </trkpt>
      <trkpt lat="42.786842" lon="-2.146038">
        <ele>955.570</ele>
        <time>2022-10-15T10:36:46Z</time>
      </trkpt>
      <trkpt lat="42.786792" lon="-2.146065">
        <ele>955.946</ele>
        <time>2022-10-15T10:36:50Z</time>
      </trkpt>
      <trkpt lat="42.786739" lon="-2.146055">
        <ele>956.573</ele>
        <time>2022-10-15T10:36:53Z</time>
      </trkpt>
      <trkpt lat="42.786684" lon="-2.146077">
        <ele>956.985</ele>
        <time>2022-10-15T10:36:59Z</time>
      </trkpt>
      <trkpt lat="42.786627" lon="-2.146084">
        <ele>957.413</ele>
        <time>2022-10-15T10:37:04Z</time>
      </trkpt>
      <trkpt lat="42.786570" lon="-2.146086">
        <ele>957.809</ele>
        <time>2022-10-15T10:37:08Z</time>
      </trkpt>
      <trkpt lat="42.786525" lon="-2.146086">
        <ele>958.148</ele>
        <time>2022-10-15T10:37:13Z</time>
      </trkpt>
      <trkpt lat="42.786475" lon="-2.146088">
        <ele>958.528</ele>
        <time>2022-10-15T10:37:16Z</time>
      </trkpt>
      <trkpt lat="42.786420" lon="-2.146088">
        <ele>958.933</ele>
        <time>2022-10-15T10:37:19Z</time>
      </trkpt>
      <trkpt lat="42.786370" lon="-2.146110">
        <ele>959.050</ele>
        <time>2022-10-15T10:37:25Z</time>
      </trkpt>
      <trkpt lat="42.786308" lon="-2.146117">
        <ele>959.019</ele>
        <time>2022-10-15T10:37:29Z</time>
      </trkpt>
      <trkpt lat="42.786250" lon="-2.146127">
        <ele>958.959</ele>
        <time>2022-10-15T10:37:35Z</time>
      </trkpt>
      <trkpt lat="42.786203" lon="-2.146114">
        <ele>959.069</ele>
        <time>2022-10-15T10:37:38Z</time>
      </trkpt>
      <trkpt lat="42.786150" lon="-2.146131">
        <ele>958.972</ele>
        <time>2022-10-15T10:37:44Z</time>
      </trkpt>
      <trkpt lat="42.786097" lon="-2.146148">
        <ele>958.758</ele>
        <time>2022-10-15T10:37:48Z</time>
      </trkpt>
      <trkpt lat="42.786047" lon="-2.146138">
        <ele>958.995</ele>
        <time>2022-10-15T10:37:52Z</time>
      </trkpt>
      <trkpt lat="42.785994" lon="-2.146151">
        <ele>958.849</ele>
        <time>2022-10-15T10:37:59Z</time>
      </trkpt>
      <trkpt lat="42.785929" lon="-2.146163">
        <ele>958.923</ele>
        <time>2022-10-15T10:38:03Z</time>
      </trkpt>
      <trkpt lat="42.785884" lon="-2.146155">
        <ele>958.909</ele>
        <time>2022-10-15T10:38:05Z</time>
      </trkpt>
      <trkpt lat="42.785821" lon="-2.146157">
        <ele>959.040</ele>
        <time>2022-10-15T10:38:10Z</time>
      </trkpt>
      <trkpt lat="42.785774" lon="-2.146160">
        <ele>959.090</ele>
        <time>2022-10-15T10:38:13Z</time>
      </trkpt>
      <trkpt lat="42.785726" lon="-2.146158">
        <ele>959.075</ele>
        <time>2022-10-15T10:38:18Z</time>
      </trkpt>
      <trkpt lat="42.785676" lon="-2.146150">
        <ele>959.082</ele>
        <time>2022-10-15T10:38:21Z</time>
      </trkpt>
      <trkpt lat="42.785631" lon="-2.146135">
        <ele>959.051</ele>
        <time>2022-10-15T10:38:25Z</time>
      </trkpt>
      <trkpt lat="42.785579" lon="-2.146147">
        <ele>959.081</ele>
        <time>2022-10-15T10:38:34Z</time>
      </trkpt>
      <trkpt lat="42.785582" lon="-2.146085">
        <ele>959.131</ele>
        <time>2022-10-15T10:38:48Z</time>
      </trkpt>
      <trkpt lat="42.785535" lon="-2.146112">
        <ele>959.194</ele>
        <time>2022-10-15T10:38:57Z</time>
      </trkpt>
      <trkpt lat="42.785490" lon="-2.146122">
        <ele>959.250</ele>
        <time>2022-10-15T10:39:12Z</time>
      </trkpt>
      <trkpt lat="42.785418" lon="-2.146097">
        <ele>959.594</ele>
        <time>2022-10-15T10:39:16Z</time>
      </trkpt>
      <trkpt lat="42.785365" lon="-2.146092">
        <ele>959.757</ele>
        <time>2022-10-15T10:39:20Z</time>
      </trkpt>
      <trkpt lat="42.785312" lon="-2.146072">
        <ele>959.922</ele>
        <time>2022-10-15T10:39:24Z</time>
      </trkpt>
      <trkpt lat="42.785262" lon="-2.146049">
        <ele>960.109</ele>
        <time>2022-10-15T10:39:27Z</time>
      </trkpt>
      <trkpt lat="42.785225" lon="-2.146001">
        <ele>960.320</ele>
        <time>2022-10-15T10:39:33Z</time>
      </trkpt>
      <trkpt lat="42.785213" lon="-2.145921">
        <ele>960.390</ele>
        <time>2022-10-15T10:39:37Z</time>
      </trkpt>
      <trkpt lat="42.785180" lon="-2.145859">
        <ele>960.445</ele>
        <time>2022-10-15T10:39:41Z</time>
      </trkpt>
      <trkpt lat="42.785148" lon="-2.145812">
        <ele>960.552</ele>
        <time>2022-10-15T10:39:45Z</time>
      </trkpt>
      <trkpt lat="42.785123" lon="-2.145747">
        <ele>960.971</ele>
        <time>2022-10-15T10:39:50Z</time>
      </trkpt>
      <trkpt lat="42.785096" lon="-2.145687">
        <ele>961.291</ele>
        <time>2022-10-15T10:39:55Z</time>
      </trkpt>
      <trkpt lat="42.785064" lon="-2.145632">
        <ele>961.551</ele>
        <time>2022-10-15T10:39:58Z</time>
      </trkpt>
      <trkpt lat="42.785034" lon="-2.145582">
        <ele>961.834</ele>
        <time>2022-10-15T10:40:02Z</time>
      </trkpt>
      <trkpt lat="42.784989" lon="-2.145542">
        <ele>962.010</ele>
        <time>2022-10-15T10:40:05Z</time>
      </trkpt>
      <trkpt lat="42.784941" lon="-2.145504">
        <ele>962.213</ele>
        <time>2022-10-15T10:40:09Z</time>
      </trkpt>
      <trkpt lat="42.784904" lon="-2.145466">
        <ele>962.343</ele>
        <time>2022-10-15T10:40:14Z</time>
      </trkpt>
      <trkpt lat="42.784859" lon="-2.145448">
        <ele>962.507</ele>
        <time>2022-10-15T10:40:20Z</time>
      </trkpt>
      <trkpt lat="42.784816" lon="-2.145430">
        <ele>962.709</ele>
        <time>2022-10-15T10:40:24Z</time>
      </trkpt>
      <trkpt lat="42.784769" lon="-2.145418">
        <ele>962.852</ele>
        <time>2022-10-15T10:40:28Z</time>
      </trkpt>
      <trkpt lat="42.784704" lon="-2.145408">
        <ele>963.132</ele>
        <time>2022-10-15T10:40:35Z</time>
      </trkpt>
      <trkpt lat="42.784661" lon="-2.145386">
        <ele>963.477</ele>
        <time>2022-10-15T10:40:39Z</time>
      </trkpt>
      <trkpt lat="42.784613" lon="-2.145378">
        <ele>963.754</ele>
        <time>2022-10-15T10:40:43Z</time>
      </trkpt>
      <trkpt lat="42.784568" lon="-2.145353">
        <ele>963.953</ele>
        <time>2022-10-15T10:40:46Z</time>
      </trkpt>
      <trkpt lat="42.784518" lon="-2.145311">
        <ele>963.953</ele>
        <time>2022-10-15T10:40:50Z</time>
      </trkpt>
      <trkpt lat="42.784473" lon="-2.145271">
        <ele>963.943</ele>
        <time>2022-10-15T10:40:54Z</time>
      </trkpt>
      <trkpt lat="42.784426" lon="-2.145253">
        <ele>964.146</ele>
        <time>2022-10-15T10:40:59Z</time>
      </trkpt>
      <trkpt lat="42.784383" lon="-2.145226">
        <ele>964.482</ele>
        <time>2022-10-15T10:41:02Z</time>
      </trkpt>
      <trkpt lat="42.784335" lon="-2.145216">
        <ele>964.828</ele>
        <time>2022-10-15T10:41:07Z</time>
      </trkpt>
      <trkpt lat="42.784287" lon="-2.145229">
        <ele>965.189</ele>
        <time>2022-10-15T10:41:11Z</time>
      </trkpt>
      <trkpt lat="42.784237" lon="-2.145241">
        <ele>965.517</ele>
        <time>2022-10-15T10:41:15Z</time>
      </trkpt>
      <trkpt lat="42.784185" lon="-2.145231">
        <ele>965.909</ele>
        <time>2022-10-15T10:41:18Z</time>
      </trkpt>
      <trkpt lat="42.784132" lon="-2.145224">
        <ele>966.063</ele>
        <time>2022-10-15T10:41:23Z</time>
      </trkpt>
      <trkpt lat="42.784077" lon="-2.145226">
        <ele>966.133</ele>
        <time>2022-10-15T10:41:27Z</time>
      </trkpt>
      <trkpt lat="42.784019" lon="-2.145218">
        <ele>966.118</ele>
        <time>2022-10-15T10:41:32Z</time>
      </trkpt>
      <trkpt lat="42.783971" lon="-2.145213">
        <ele>966.265</ele>
        <time>2022-10-15T10:41:35Z</time>
      </trkpt>
      <trkpt lat="42.783919" lon="-2.145223">
        <ele>966.284</ele>
        <time>2022-10-15T10:41:41Z</time>
      </trkpt>
      <trkpt lat="42.783869" lon="-2.145203">
        <ele>966.444</ele>
        <time>2022-10-15T10:41:45Z</time>
      </trkpt>
      <trkpt lat="42.783821" lon="-2.145176">
        <ele>966.964</ele>
        <time>2022-10-15T10:41:49Z</time>
      </trkpt>
      <trkpt lat="42.783773" lon="-2.145161">
        <ele>967.427</ele>
        <time>2022-10-15T10:41:54Z</time>
      </trkpt>
      <trkpt lat="42.783740" lon="-2.145113">
        <ele>968.083</ele>
        <time>2022-10-15T10:41:59Z</time>
      </trkpt>
      <trkpt lat="42.783707" lon="-2.145068">
        <ele>968.686</ele>
        <time>2022-10-15T10:42:07Z</time>
      </trkpt>
      <trkpt lat="42.783670" lon="-2.145023">
        <ele>969.260</ele>
        <time>2022-10-15T10:42:11Z</time>
      </trkpt>
      <trkpt lat="42.783638" lon="-2.144976">
        <ele>969.826</ele>
        <time>2022-10-15T10:42:14Z</time>
      </trkpt>
      <trkpt lat="42.783628" lon="-2.144913">
        <ele>970.109</ele>
        <time>2022-10-15T10:42:18Z</time>
      </trkpt>
      <trkpt lat="42.783610" lon="-2.144840">
        <ele>970.659</ele>
        <time>2022-10-15T10:42:24Z</time>
      </trkpt>
      <trkpt lat="42.783570" lon="-2.144770">
        <ele>971.389</ele>
        <time>2022-10-15T10:42:28Z</time>
      </trkpt>
      <trkpt lat="42.783540" lon="-2.144722">
        <ele>971.894</ele>
        <time>2022-10-15T10:42:31Z</time>
      </trkpt>
      <trkpt lat="42.783495" lon="-2.144679">
        <ele>972.361</ele>
        <time>2022-10-15T10:42:36Z</time>
      </trkpt>
      <trkpt lat="42.783467" lon="-2.144621">
        <ele>972.510</ele>
        <time>2022-10-15T10:42:41Z</time>
      </trkpt>
      <trkpt lat="42.783422" lon="-2.144603">
        <ele>972.920</ele>
        <time>2022-10-15T10:42:45Z</time>
      </trkpt>
      <trkpt lat="42.783362" lon="-2.144588">
        <ele>973.360</ele>
        <time>2022-10-15T10:43:19Z</time>
      </trkpt>
      <trkpt lat="42.783314" lon="-2.144575">
        <ele>973.173</ele>
        <time>2022-10-15T10:43:23Z</time>
      </trkpt>
      <trkpt lat="42.783269" lon="-2.144612">
        <ele>972.679</ele>
        <time>2022-10-15T10:43:38Z</time>
      </trkpt>
      <trkpt lat="42.783217" lon="-2.144600">
        <ele>971.517</ele>
        <time>2022-10-15T10:43:42Z</time>
      </trkpt>
      <trkpt lat="42.783172" lon="-2.144638">
        <ele>971.887</ele>
        <time>2022-10-15T10:43:49Z</time>
      </trkpt>
      <trkpt lat="42.783134" lon="-2.144678">
        <ele>972.615</ele>
        <time>2022-10-15T10:43:55Z</time>
      </trkpt>
      <trkpt lat="42.783092" lon="-2.144710">
        <ele>973.509</ele>
        <time>2022-10-15T10:43:59Z</time>
      </trkpt>
      <trkpt lat="42.783062" lon="-2.144767">
        <ele>974.242</ele>
        <time>2022-10-15T10:44:04Z</time>
      </trkpt>
      <trkpt lat="42.783032" lon="-2.144830">
        <ele>974.242</ele>
        <time>2022-10-15T10:44:09Z</time>
      </trkpt>
      <trkpt lat="42.782987" lon="-2.144872">
        <ele>974.227</ele>
        <time>2022-10-15T10:44:14Z</time>
      </trkpt>
      <trkpt lat="42.782949" lon="-2.144922">
        <ele>974.754</ele>
        <time>2022-10-15T10:44:19Z</time>
      </trkpt>
      <trkpt lat="42.782896" lon="-2.144949">
        <ele>975.223</ele>
        <time>2022-10-15T10:44:24Z</time>
      </trkpt>
      <trkpt lat="42.782849" lon="-2.144986">
        <ele>976.213</ele>
        <time>2022-10-15T10:44:28Z</time>
      </trkpt>
      <trkpt lat="42.782804" lon="-2.145011">
        <ele>976.783</ele>
        <time>2022-10-15T10:44:33Z</time>
      </trkpt>
      <trkpt lat="42.782767" lon="-2.145048">
        <ele>976.536</ele>
        <time>2022-10-15T10:44:39Z</time>
      </trkpt>
      <trkpt lat="42.782719" lon="-2.145078">
        <ele>976.382</ele>
        <time>2022-10-15T10:44:44Z</time>
      </trkpt>
      <trkpt lat="42.782676" lon="-2.145120">
        <ele>976.276</ele>
        <time>2022-10-15T10:44:50Z</time>
      </trkpt>
      <trkpt lat="42.782644" lon="-2.145075">
        <ele>976.690</ele>
        <time>2022-10-15T10:44:59Z</time>
      </trkpt>
      <trkpt lat="42.782569" lon="-2.145102">
        <ele>976.719</ele>
        <time>2022-10-15T10:45:22Z</time>
      </trkpt>
      <trkpt lat="42.782526" lon="-2.145134">
        <ele>976.909</ele>
        <time>2022-10-15T10:45:28Z</time>
      </trkpt>
      <trkpt lat="42.782484" lon="-2.145169">
        <ele>977.068</ele>
        <time>2022-10-15T10:45:33Z</time>
      </trkpt>
      <trkpt lat="42.782451" lon="-2.145227">
        <ele>977.228</ele>
        <time>2022-10-15T10:45:39Z</time>
      </trkpt>
      <trkpt lat="42.782411" lon="-2.145267">
        <ele>977.663</ele>
        <time>2022-10-15T10:45:45Z</time>
      </trkpt>
      <trkpt lat="42.782366" lon="-2.145285">
        <ele>977.940</ele>
        <time>2022-10-15T10:45:49Z</time>
      </trkpt>
      <trkpt lat="42.782316" lon="-2.145267">
        <ele>978.229</ele>
        <time>2022-10-15T10:45:52Z</time>
      </trkpt>
      <trkpt lat="42.782278" lon="-2.145224">
        <ele>977.829</ele>
        <time>2022-10-15T10:46:01Z</time>
      </trkpt>
      <trkpt lat="42.782233" lon="-2.145192">
        <ele>977.479</ele>
        <time>2022-10-15T10:46:05Z</time>
      </trkpt>
      <trkpt lat="42.782188" lon="-2.145180">
        <ele>976.992</ele>
        <time>2022-10-15T10:46:10Z</time>
      </trkpt>
      <trkpt lat="42.782146" lon="-2.145145">
        <ele>975.478</ele>
        <time>2022-10-15T10:46:20Z</time>
      </trkpt>
      <trkpt lat="42.782111" lon="-2.145192">
        <ele>976.573</ele>
        <time>2022-10-15T10:46:27Z</time>
      </trkpt>
      <trkpt lat="42.782074" lon="-2.145240">
        <ele>978.185</ele>
        <time>2022-10-15T10:46:35Z</time>
      </trkpt>
      <trkpt lat="42.782029" lon="-2.145253">
        <ele>978.613</ele>
        <time>2022-10-15T10:46:39Z</time>
      </trkpt>
      <trkpt lat="42.781987" lon="-2.145288">
        <ele>979.809</ele>
        <time>2022-10-15T10:46:45Z</time>
      </trkpt>
      <trkpt lat="42.781945" lon="-2.145316">
        <ele>979.738</ele>
        <time>2022-10-15T10:46:52Z</time>
      </trkpt>
      <trkpt lat="42.781897" lon="-2.145323">
        <ele>980.038</ele>
        <time>2022-10-15T10:46:56Z</time>
      </trkpt>
      <trkpt lat="42.781849" lon="-2.145331">
        <ele>980.323</ele>
        <time>2022-10-15T10:46:59Z</time>
      </trkpt>
      <trkpt lat="42.781802" lon="-2.145341">
        <ele>980.650</ele>
        <time>2022-10-15T10:47:03Z</time>
      </trkpt>
      <trkpt lat="42.781744" lon="-2.145349">
        <ele>980.999</ele>
        <time>2022-10-15T10:47:07Z</time>
      </trkpt>
      <trkpt lat="42.781699" lon="-2.145329">
        <ele>981.499</ele>
        <time>2022-10-15T10:47:12Z</time>
      </trkpt>
      <trkpt lat="42.781656" lon="-2.145299">
        <ele>981.989</ele>
        <time>2022-10-15T10:47:15Z</time>
      </trkpt>
      <trkpt lat="42.781616" lon="-2.145257">
        <ele>981.352</ele>
        <time>2022-10-15T10:47:20Z</time>
      </trkpt>
      <trkpt lat="42.781569" lon="-2.145240">
        <ele>980.998</ele>
        <time>2022-10-15T10:47:25Z</time>
      </trkpt>
      <trkpt lat="42.781522" lon="-2.145235">
        <ele>981.148</ele>
        <time>2022-10-15T10:47:29Z</time>
      </trkpt>
      <trkpt lat="42.781472" lon="-2.145217">
        <ele>980.761</ele>
        <time>2022-10-15T10:47:34Z</time>
      </trkpt>
      <trkpt lat="42.781439" lon="-2.145162">
        <ele>978.817</ele>
        <time>2022-10-15T10:47:40Z</time>
      </trkpt>
      <trkpt lat="42.781394" lon="-2.145160">
        <ele>979.309</ele>
        <time>2022-10-15T10:47:43Z</time>
      </trkpt>
      <trkpt lat="42.781351" lon="-2.145178">
        <ele>979.525</ele>
        <time>2022-10-15T10:47:48Z</time>
      </trkpt>
      <trkpt lat="42.781314" lon="-2.145215">
        <ele>980.795</ele>
        <time>2022-10-15T10:47:54Z</time>
      </trkpt>
      <trkpt lat="42.781284" lon="-2.145298">
        <ele>983.390</ele>
        <time>2022-10-15T10:51:35Z</time>
      </trkpt>
      <trkpt lat="42.781254" lon="-2.145348">
        <ele>983.317</ele>
        <time>2022-10-15T10:51:40Z</time>
      </trkpt>
      <trkpt lat="42.781251" lon="-2.145411">
        <ele>983.546</ele>
        <time>2022-10-15T10:51:45Z</time>
      </trkpt>
      <trkpt lat="42.781198" lon="-2.145421">
        <ele>983.546</ele>
        <time>2022-10-15T10:51:50Z</time>
      </trkpt>
      <trkpt lat="42.781150" lon="-2.145438">
        <ele>983.796</ele>
        <time>2022-10-15T10:51:55Z</time>
      </trkpt>
      <trkpt lat="42.781103" lon="-2.145430">
        <ele>983.759</ele>
        <time>2022-10-15T10:51:59Z</time>
      </trkpt>
      <trkpt lat="42.781055" lon="-2.145422">
        <ele>984.025</ele>
        <time>2022-10-15T10:52:04Z</time>
      </trkpt>
      <trkpt lat="42.781008" lon="-2.145434">
        <ele>984.483</ele>
        <time>2022-10-15T10:52:11Z</time>
      </trkpt>
      <trkpt lat="42.780953" lon="-2.145417">
        <ele>984.625</ele>
        <time>2022-10-15T10:52:16Z</time>
      </trkpt>
      <trkpt lat="42.780905" lon="-2.145427">
        <ele>985.117</ele>
        <time>2022-10-15T10:52:20Z</time>
      </trkpt>
      <trkpt lat="42.780858" lon="-2.145424">
        <ele>985.409</ele>
        <time>2022-10-15T10:52:25Z</time>
      </trkpt>
      <trkpt lat="42.780801" lon="-2.145367">
        <ele>984.649</ele>
        <time>2022-10-15T10:54:03Z</time>
      </trkpt>
      <trkpt lat="42.780763" lon="-2.145405">
        <ele>984.819</ele>
        <time>2022-10-15T10:54:23Z</time>
      </trkpt>
      <trkpt lat="42.780720" lon="-2.145425">
        <ele>984.874</ele>
        <time>2022-10-15T10:54:28Z</time>
      </trkpt>
      <trkpt lat="42.780672" lon="-2.145437">
        <ele>984.831</ele>
        <time>2022-10-15T10:54:33Z</time>
      </trkpt>
      <trkpt lat="42.780619" lon="-2.145464">
        <ele>985.350</ele>
        <time>2022-10-15T10:54:38Z</time>
      </trkpt>
      <trkpt lat="42.780574" lon="-2.145502">
        <ele>986.390</ele>
        <time>2022-10-15T10:54:43Z</time>
      </trkpt>
      <trkpt lat="42.780529" lon="-2.145542">
        <ele>987.380</ele>
        <time>2022-10-15T10:54:49Z</time>
      </trkpt>
      <trkpt lat="42.780482" lon="-2.145570">
        <ele>987.543</ele>
        <time>2022-10-15T10:54:54Z</time>
      </trkpt>
      <trkpt lat="42.780437" lon="-2.145572">
        <ele>987.239</ele>
        <time>2022-10-15T10:54:58Z</time>
      </trkpt>
      <trkpt lat="42.780385" lon="-2.145579">
        <ele>987.015</ele>
        <time>2022-10-15T10:55:03Z</time>
      </trkpt>
      <trkpt lat="42.780342" lon="-2.145596">
        <ele>986.965</ele>
        <time>2022-10-15T10:55:08Z</time>
      </trkpt>
      <trkpt lat="42.780302" lon="-2.145634">
        <ele>987.211</ele>
        <time>2022-10-15T10:55:15Z</time>
      </trkpt>
      <trkpt lat="42.780254" lon="-2.145621">
        <ele>986.509</ele>
        <time>2022-10-15T10:55:21Z</time>
      </trkpt>
      <trkpt lat="42.780202" lon="-2.145628">
        <ele>985.832</ele>
        <time>2022-10-15T10:55:26Z</time>
      </trkpt>
      <trkpt lat="42.780167" lon="-2.145671">
        <ele>986.312</ele>
        <time>2022-10-15T10:55:30Z</time>
      </trkpt>
      <trkpt lat="42.780129" lon="-2.145724">
        <ele>987.227</ele>
        <time>2022-10-15T10:55:36Z</time>
      </trkpt>
      <trkpt lat="42.780086" lon="-2.145771">
        <ele>988.264</ele>
        <time>2022-10-15T10:55:41Z</time>
      </trkpt>
      <trkpt lat="42.780036" lon="-2.145774">
        <ele>988.023</ele>
        <time>2022-10-15T10:55:47Z</time>
      </trkpt>
      <trkpt lat="42.779988" lon="-2.145799">
        <ele>988.693</ele>
        <time>2022-10-15T10:55:53Z</time>
      </trkpt>
      <trkpt lat="42.779943" lon="-2.145817">
        <ele>988.923</ele>
        <time>2022-10-15T10:55:57Z</time>
      </trkpt>
      <trkpt lat="42.779898" lon="-2.145830">
        <ele>989.166</ele>
        <time>2022-10-15T10:56:02Z</time>
      </trkpt>
      <trkpt lat="42.779851" lon="-2.145832">
        <ele>988.912</ele>
        <time>2022-10-15T10:56:07Z</time>
      </trkpt>
      <trkpt lat="42.779806" lon="-2.145835">
        <ele>988.632</ele>
        <time>2022-10-15T10:56:12Z</time>
      </trkpt>
      <trkpt lat="42.779764" lon="-2.145860">
        <ele>988.692</ele>
        <time>2022-10-15T10:56:16Z</time>
      </trkpt>
      <trkpt lat="42.779719" lon="-2.145883">
        <ele>988.411</ele>
        <time>2022-10-15T10:56:21Z</time>
      </trkpt>
      <trkpt lat="42.779682" lon="-2.145928">
        <ele>988.109</ele>
        <time>2022-10-15T10:56:26Z</time>
      </trkpt>
      <trkpt lat="42.779640" lon="-2.145955">
        <ele>987.814</ele>
        <time>2022-10-15T10:56:31Z</time>
      </trkpt>
      <trkpt lat="42.779602" lon="-2.145988">
        <ele>988.084</ele>
        <time>2022-10-15T10:56:36Z</time>
      </trkpt>
      <trkpt lat="42.779555" lon="-2.146006">
        <ele>988.059</ele>
        <time>2022-10-15T10:56:42Z</time>
      </trkpt>
      <trkpt lat="42.779498" lon="-2.146004">
        <ele>987.226</ele>
        <time>2022-10-15T10:56:47Z</time>
      </trkpt>
      <trkpt lat="42.779446" lon="-2.146019">
        <ele>987.415</ele>
        <time>2022-10-15T10:56:52Z</time>
      </trkpt>
      <trkpt lat="42.779406" lon="-2.146057">
        <ele>988.145</ele>
        <time>2022-10-15T10:57:00Z</time>
      </trkpt>
      <trkpt lat="42.779354" lon="-2.146080">
        <ele>987.935</ele>
        <time>2022-10-15T10:57:05Z</time>
      </trkpt>
      <trkpt lat="42.779309" lon="-2.146108">
        <ele>988.478</ele>
        <time>2022-10-15T10:57:28Z</time>
      </trkpt>
      <trkpt lat="42.779271" lon="-2.146165">
        <ele>988.434</ele>
        <time>2022-10-15T10:57:42Z</time>
      </trkpt>
      <trkpt lat="42.779234" lon="-2.146218">
        <ele>988.668</ele>
        <time>2022-10-15T10:57:45Z</time>
      </trkpt>
      <trkpt lat="42.779194" lon="-2.146258">
        <ele>989.042</ele>
        <time>2022-10-15T10:57:52Z</time>
      </trkpt>
      <trkpt lat="42.779154" lon="-2.146296">
        <ele>988.926</ele>
        <time>2022-10-15T10:57:56Z</time>
      </trkpt>
      <trkpt lat="42.779104" lon="-2.146314">
        <ele>986.809</ele>
        <time>2022-10-15T10:58:00Z</time>
      </trkpt>
      <trkpt lat="42.779066" lon="-2.146354">
        <ele>986.527</ele>
        <time>2022-10-15T10:58:06Z</time>
      </trkpt>
      <trkpt lat="42.779048" lon="-2.146416">
        <ele>987.897</ele>
        <time>2022-10-15T10:58:11Z</time>
      </trkpt>
      <trkpt lat="42.779023" lon="-2.146496">
        <ele>988.732</ele>
        <time>2022-10-15T10:58:15Z</time>
      </trkpt>
      <trkpt lat="42.778991" lon="-2.146544">
        <ele>989.359</ele>
        <time>2022-10-15T10:58:19Z</time>
      </trkpt>
      <trkpt lat="42.778959" lon="-2.146596">
        <ele>990.518</ele>
        <time>2022-10-15T10:58:25Z</time>
      </trkpt>
      <trkpt lat="42.778914" lon="-2.146609">
        <ele>990.648</ele>
        <time>2022-10-15T10:58:30Z</time>
      </trkpt>
      <trkpt lat="42.778872" lon="-2.146661">
        <ele>991.438</ele>
        <time>2022-10-15T10:58:34Z</time>
      </trkpt>
      <trkpt lat="42.778835" lon="-2.146708">
        <ele>989.391</ele>
        <time>2022-10-15T10:58:39Z</time>
      </trkpt>
      <trkpt lat="42.778793" lon="-2.146740">
        <ele>987.047</ele>
        <time>2022-10-15T10:58:44Z</time>
      </trkpt>
      <trkpt lat="42.778755" lon="-2.146777">
        <ele>985.832</ele>
        <time>2022-10-15T10:58:52Z</time>
      </trkpt>
      <trkpt lat="42.778727" lon="-2.146832">
        <ele>986.492</ele>
        <time>2022-10-15T10:58:57Z</time>
      </trkpt>
      <trkpt lat="42.778692" lon="-2.146874">
        <ele>986.911</ele>
        <time>2022-10-15T10:59:02Z</time>
      </trkpt>
      <trkpt lat="42.778664" lon="-2.146922">
        <ele>988.609</ele>
        <time>2022-10-15T10:59:06Z</time>
      </trkpt>
      <trkpt lat="42.778642" lon="-2.146980">
        <ele>990.164</ele>
        <time>2022-10-15T10:59:11Z</time>
      </trkpt>
      <trkpt lat="42.778627" lon="-2.147057">
        <ele>991.534</ele>
        <time>2022-10-15T10:59:28Z</time>
      </trkpt>
      <trkpt lat="42.778615" lon="-2.147124">
        <ele>992.949</ele>
        <time>2022-10-15T10:59:32Z</time>
      </trkpt>
      <trkpt lat="42.778578" lon="-2.147166">
        <ele>993.356</ele>
        <time>2022-10-15T10:59:41Z</time>
      </trkpt>
      <trkpt lat="42.778555" lon="-2.147224">
        <ele>995.075</ele>
        <time>2022-10-15T10:59:47Z</time>
      </trkpt>
      <trkpt lat="42.778522" lon="-2.147276">
        <ele>995.365</ele>
        <time>2022-10-15T10:59:51Z</time>
      </trkpt>
      <trkpt lat="42.778485" lon="-2.147324">
        <ele>995.745</ele>
        <time>2022-10-15T10:59:58Z</time>
      </trkpt>
      <trkpt lat="42.778453" lon="-2.147369">
        <ele>996.198</ele>
        <time>2022-10-15T11:00:04Z</time>
      </trkpt>
      <trkpt lat="42.778421" lon="-2.147414">
        <ele>996.664</ele>
        <time>2022-10-15T11:00:10Z</time>
      </trkpt>
      <trkpt lat="42.778391" lon="-2.147461">
        <ele>997.211</ele>
        <time>2022-10-15T11:00:14Z</time>
      </trkpt>
      <trkpt lat="42.778359" lon="-2.147523">
        <ele>997.921</ele>
        <time>2022-10-15T11:00:19Z</time>
      </trkpt>
      <trkpt lat="42.778344" lon="-2.147581">
        <ele>998.203</ele>
        <time>2022-10-15T11:00:27Z</time>
      </trkpt>
      <trkpt lat="42.778334" lon="-2.147653">
        <ele>998.509</ele>
        <time>2022-10-15T11:00:33Z</time>
      </trkpt>
      <trkpt lat="42.778299" lon="-2.147706">
        <ele>998.932</ele>
        <time>2022-10-15T11:00:38Z</time>
      </trkpt>
      <trkpt lat="42.778267" lon="-2.147753">
        <ele>999.192</ele>
        <time>2022-10-15T11:00:42Z</time>
      </trkpt>
      <trkpt lat="42.778247" lon="-2.147813">
        <ele>999.417</ele>
        <time>2022-10-15T11:00:47Z</time>
      </trkpt>
      <trkpt lat="42.778232" lon="-2.147878">
        <ele>999.684</ele>
        <time>2022-10-15T11:00:53Z</time>
      </trkpt>
      <trkpt lat="42.778204" lon="-2.147928">
        <ele>1000.063</ele>
        <time>2022-10-15T11:00:58Z</time>
      </trkpt>
      <trkpt lat="42.778184" lon="-2.147996">
        <ele>1000.463</ele>
        <time>2022-10-15T11:01:04Z</time>
      </trkpt>
      <trkpt lat="42.778147" lon="-2.148041">
        <ele>1000.983</ele>
        <time>2022-10-15T11:01:08Z</time>
      </trkpt>
      <trkpt lat="42.778114" lon="-2.148088">
        <ele>1001.576</ele>
        <time>2022-10-15T11:01:14Z</time>
      </trkpt>
      <trkpt lat="42.778082" lon="-2.148146">
        <ele>1002.082</ele>
        <time>2022-10-15T11:01:21Z</time>
      </trkpt>
      <trkpt lat="42.778077" lon="-2.148219">
        <ele>1002.418</ele>
        <time>2022-10-15T11:01:25Z</time>
      </trkpt>
      <trkpt lat="42.778054" lon="-2.148279">
        <ele>1002.898</ele>
        <time>2022-10-15T11:01:29Z</time>
      </trkpt>
      <trkpt lat="42.778041" lon="-2.148352">
        <ele>1003.217</ele>
        <time>2022-10-15T11:01:35Z</time>
      </trkpt>
      <trkpt lat="42.778028" lon="-2.148417">
        <ele>1003.609</ele>
        <time>2022-10-15T11:01:40Z</time>
      </trkpt>
      <trkpt lat="42.778025" lon="-2.148489">
        <ele>1003.822</ele>
        <time>2022-10-15T11:01:45Z</time>
      </trkpt>
      <trkpt lat="42.778018" lon="-2.148561">
        <ele>1004.132</ele>
        <time>2022-10-15T11:01:50Z</time>
      </trkpt>
      <trkpt lat="42.778016" lon="-2.148624">
        <ele>1004.317</ele>
        <time>2022-10-15T11:01:55Z</time>
      </trkpt>
      <trkpt lat="42.778018" lon="-2.148696">
        <ele>1004.664</ele>
        <time>2022-10-15T11:02:00Z</time>
      </trkpt>
      <trkpt lat="42.778011" lon="-2.148764">
        <ele>1004.953</ele>
        <time>2022-10-15T11:02:05Z</time>
      </trkpt>
      <trkpt lat="42.777993" lon="-2.148834">
        <ele>1005.393</ele>
        <time>2022-10-15T11:02:10Z</time>
      </trkpt>
      <trkpt lat="42.777965" lon="-2.148889">
        <ele>1005.743</ele>
        <time>2022-10-15T11:02:15Z</time>
      </trkpt>
      <trkpt lat="42.777923" lon="-2.148921">
        <ele>1006.046</ele>
        <time>2022-10-15T11:02:21Z</time>
      </trkpt>
      <trkpt lat="42.777880" lon="-2.148951">
        <ele>1006.392</ele>
        <time>2022-10-15T11:02:26Z</time>
      </trkpt>
      <trkpt lat="42.777835" lon="-2.148969">
        <ele>1006.617</ele>
        <time>2022-10-15T11:02:31Z</time>
      </trkpt>
      <trkpt lat="42.777782" lon="-2.148961">
        <ele>1007.087</ele>
        <time>2022-10-15T11:02:48Z</time>
      </trkpt>
      <trkpt lat="42.777735" lon="-2.148994">
        <ele>1007.215</ele>
        <time>2022-10-15T11:02:54Z</time>
      </trkpt>
      <trkpt lat="42.777690" lon="-2.149009">
        <ele>1007.509</ele>
        <time>2022-10-15T11:02:58Z</time>
      </trkpt>
      <trkpt lat="42.777643" lon="-2.149021">
        <ele>1007.712</ele>
        <time>2022-10-15T11:03:02Z</time>
      </trkpt>
      <trkpt lat="42.777596" lon="-2.149031">
        <ele>1008.022</ele>
        <time>2022-10-15T11:03:06Z</time>
      </trkpt>
      <trkpt lat="42.777536" lon="-2.149039">
        <ele>1008.387</ele>
        <time>2022-10-15T11:03:10Z</time>
      </trkpt>
      <trkpt lat="42.777486" lon="-2.149062">
        <ele>1008.794</ele>
        <time>2022-10-15T11:03:13Z</time>
      </trkpt>
      <trkpt lat="42.777439" lon="-2.149055">
        <ele>1009.193</ele>
        <time>2022-10-15T11:03:17Z</time>
      </trkpt>
      <trkpt lat="42.777392" lon="-2.149058">
        <ele>1009.543</ele>
        <time>2022-10-15T11:03:22Z</time>
      </trkpt>
      <trkpt lat="42.777342" lon="-2.149058">
        <ele>1010.063</ele>
        <time>2022-10-15T11:03:27Z</time>
      </trkpt>
      <trkpt lat="42.777294" lon="-2.149070">
        <ele>1010.466</ele>
        <time>2022-10-15T11:03:30Z</time>
      </trkpt>
      <trkpt lat="42.777249" lon="-2.149072">
        <ele>1010.832</ele>
        <time>2022-10-15T11:03:34Z</time>
      </trkpt>
      <trkpt lat="42.777207" lon="-2.149102">
        <ele>1011.182</ele>
        <time>2022-10-15T11:03:39Z</time>
      </trkpt>
      <trkpt lat="42.777164" lon="-2.149140">
        <ele>1011.643</ele>
        <time>2022-10-15T11:03:44Z</time>
      </trkpt>
      <trkpt lat="42.777121" lon="-2.149158">
        <ele>1012.117</ele>
        <time>2022-10-15T11:03:48Z</time>
      </trkpt>
      <trkpt lat="42.777074" lon="-2.149191">
        <ele>1012.609</ele>
        <time>2022-10-15T11:03:53Z</time>
      </trkpt>
      <trkpt lat="42.777034" lon="-2.149229">
        <ele>1013.069</ele>
        <time>2022-10-15T11:03:58Z</time>
      </trkpt>
      <trkpt lat="42.776992" lon="-2.149259">
        <ele>1013.369</ele>
        <time>2022-10-15T11:04:01Z</time>
      </trkpt>
      <trkpt lat="42.776954" lon="-2.149309">
        <ele>1013.454</ele>
        <time>2022-10-15T11:04:06Z</time>
      </trkpt>
      <trkpt lat="42.776921" lon="-2.149352">
        <ele>1011.931</ele>
        <time>2022-10-15T11:04:09Z</time>
      </trkpt>
      <trkpt lat="42.776879" lon="-2.149390">
        <ele>1009.990</ele>
        <time>2022-10-15T11:04:13Z</time>
      </trkpt>
      <trkpt lat="42.776846" lon="-2.149432">
        <ele>1009.240</ele>
        <time>2022-10-15T11:04:17Z</time>
      </trkpt>
      <trkpt lat="42.776799" lon="-2.149482">
        <ele>1008.660</ele>
        <time>2022-10-15T11:04:23Z</time>
      </trkpt>
      <trkpt lat="42.776767" lon="-2.149545">
        <ele>1009.433</ele>
        <time>2022-10-15T11:04:28Z</time>
      </trkpt>
      <trkpt lat="42.776732" lon="-2.149590">
        <ele>1010.289</ele>
        <time>2022-10-15T11:04:31Z</time>
      </trkpt>
      <trkpt lat="42.776712" lon="-2.149650">
        <ele>1012.122</ele>
        <time>2022-10-15T11:04:36Z</time>
      </trkpt>
      <trkpt lat="42.776697" lon="-2.149708">
        <ele>1014.262</ele>
        <time>2022-10-15T11:04:41Z</time>
      </trkpt>
      <trkpt lat="42.776675" lon="-2.149766">
        <ele>1014.808</ele>
        <time>2022-10-15T11:04:45Z</time>
      </trkpt>
      <trkpt lat="42.776645" lon="-2.149813">
        <ele>1013.609</ele>
        <time>2022-10-15T11:04:49Z</time>
      </trkpt>
      <trkpt lat="42.776608" lon="-2.149870">
        <ele>1012.373</ele>
        <time>2022-10-15T11:04:52Z</time>
      </trkpt>
      <trkpt lat="42.776575" lon="-2.149928">
        <ele>1012.183</ele>
        <time>2022-10-15T11:04:58Z</time>
      </trkpt>
      <trkpt lat="42.776538" lon="-2.149990">
        <ele>1012.888</ele>
        <time>2022-10-15T11:05:01Z</time>
      </trkpt>
      <trkpt lat="42.776515" lon="-2.150055">
        <ele>1013.345</ele>
        <time>2022-10-15T11:05:06Z</time>
      </trkpt>
      <trkpt lat="42.776475" lon="-2.150085">
        <ele>1013.594</ele>
        <time>2022-10-15T11:05:12Z</time>
      </trkpt>
      <trkpt lat="42.776428" lon="-2.150123">
        <ele>1013.834</ele>
        <time>2022-10-15T11:05:16Z</time>
      </trkpt>
      <trkpt lat="42.776370" lon="-2.150155">
        <ele>1013.544</ele>
        <time>2022-10-15T11:05:21Z</time>
      </trkpt>
      <trkpt lat="42.776325" lon="-2.150172">
        <ele>1012.417</ele>
        <time>2022-10-15T11:05:25Z</time>
      </trkpt>
      <trkpt lat="42.776273" lon="-2.150180">
        <ele>1011.113</ele>
        <time>2022-10-15T11:05:29Z</time>
      </trkpt>
      <trkpt lat="42.776221" lon="-2.150178">
        <ele>1009.493</ele>
        <time>2022-10-15T11:05:33Z</time>
      </trkpt>
      <trkpt lat="42.776173" lon="-2.150198">
        <ele>1009.565</ele>
        <time>2022-10-15T11:05:36Z</time>
      </trkpt>
      <trkpt lat="42.776126" lon="-2.150196">
        <ele>1008.121</ele>
        <time>2022-10-15T11:08:48Z</time>
      </trkpt>
      <trkpt lat="42.776103" lon="-2.150254">
        <ele>1012.809</ele>
        <time>2022-10-15T11:11:43Z</time>
      </trkpt>
      <trkpt lat="42.776063" lon="-2.150297">
        <ele>1011.370</ele>
        <time>2022-10-15T11:11:49Z</time>
      </trkpt>
      <trkpt lat="42.776031" lon="-2.150345">
        <ele>1009.120</ele>
        <time>2022-10-15T11:11:53Z</time>
      </trkpt>
      <trkpt lat="42.775994" lon="-2.150388">
        <ele>1007.285</ele>
        <time>2022-10-15T11:11:59Z</time>
      </trkpt>
      <trkpt lat="42.775991" lon="-2.150323">
        <ele>1004.912</ele>
        <time>2022-10-15T11:29:06Z</time>
      </trkpt>
      <trkpt lat="42.775954" lon="-2.150363">
        <ele>1003.061</ele>
        <time>2022-10-15T11:30:38Z</time>
      </trkpt>
      <trkpt lat="42.775894" lon="-2.150305">
        <ele>994.841</ele>
        <time>2022-10-15T11:37:36Z</time>
      </trkpt>
      <trkpt lat="42.775936" lon="-2.150335">
        <ele>1000.331</ele>
        <time>2022-10-15T11:37:44Z</time>
      </trkpt>
      <trkpt lat="42.776001" lon="-2.150373">
        <ele>1007.314</ele>
        <time>2022-10-15T11:47:36Z</time>
      </trkpt>
      <trkpt lat="42.775954" lon="-2.150338">
        <ele>1002.080</ele>
        <time>2022-10-15T11:47:43Z</time>
      </trkpt>
      <trkpt lat="42.775974" lon="-2.150405">
        <ele>1006.255</ele>
        <time>2022-10-15T11:48:02Z</time>
      </trkpt>
      <trkpt lat="42.775982" lon="-2.150472">
        <ele>1009.107</ele>
        <time>2022-10-15T11:48:06Z</time>
      </trkpt>
      <trkpt lat="42.776007" lon="-2.150532">
        <ele>1012.217</ele>
        <time>2022-10-15T11:48:10Z</time>
      </trkpt>
      <trkpt lat="42.776039" lon="-2.150592">
        <ele>1014.409</ele>
        <time>2022-10-15T11:48:15Z</time>
      </trkpt>
      <trkpt lat="42.776001" lon="-2.150635">
        <ele>1013.616</ele>
        <time>2022-10-15T11:48:21Z</time>
      </trkpt>
      <trkpt lat="42.775973" lon="-2.150690">
        <ele>1013.766</ele>
        <time>2022-10-15T11:48:25Z</time>
      </trkpt>
      <trkpt lat="42.775946" lon="-2.150753">
        <ele>1014.491</ele>
        <time>2022-10-15T11:48:30Z</time>
      </trkpt>
      <trkpt lat="42.775924" lon="-2.150821">
        <ele>1015.778</ele>
        <time>2022-10-15T11:48:34Z</time>
      </trkpt>
      <trkpt lat="42.775909" lon="-2.150893">
        <ele>1016.057</ele>
        <time>2022-10-15T11:48:39Z</time>
      </trkpt>
      <trkpt lat="42.775879" lon="-2.150940">
        <ele>1016.077</ele>
        <time>2022-10-15T11:48:43Z</time>
      </trkpt>
      <trkpt lat="42.775864" lon="-2.151002">
        <ele>1016.037</ele>
        <time>2022-10-15T11:48:48Z</time>
      </trkpt>
      <trkpt lat="42.775832" lon="-2.151059">
        <ele>1015.970</ele>
        <time>2022-10-15T11:48:51Z</time>
      </trkpt>
      <trkpt lat="42.775804" lon="-2.151114">
        <ele>1014.276</ele>
        <time>2022-10-15T11:48:55Z</time>
      </trkpt>
      <trkpt lat="42.775787" lon="-2.151177">
        <ele>1013.328</ele>
        <time>2022-10-15T11:49:00Z</time>
      </trkpt>
      <trkpt lat="42.775780" lon="-2.151244">
        <ele>1013.289</ele>
        <time>2022-10-15T11:49:05Z</time>
      </trkpt>
      <trkpt lat="42.775767" lon="-2.151309">
        <ele>1012.917</ele>
        <time>2022-10-15T11:49:09Z</time>
      </trkpt>
      <trkpt lat="42.775765" lon="-2.151374">
        <ele>1013.209</ele>
        <time>2022-10-15T11:49:13Z</time>
      </trkpt>
      <trkpt lat="42.775765" lon="-2.151436">
        <ele>1013.643</ele>
        <time>2022-10-15T11:49:16Z</time>
      </trkpt>
      <trkpt lat="42.775788" lon="-2.151494">
        <ele>1014.453</ele>
        <time>2022-10-15T11:49:19Z</time>
      </trkpt>
      <trkpt lat="42.775791" lon="-2.151562">
        <ele>1014.868</ele>
        <time>2022-10-15T11:49:24Z</time>
      </trkpt>
      <trkpt lat="42.775811" lon="-2.151632">
        <ele>1015.535</ele>
        <time>2022-10-15T11:49:27Z</time>
      </trkpt>
      <trkpt lat="42.775846" lon="-2.151684">
        <ele>1016.084</ele>
        <time>2022-10-15T11:49:33Z</time>
      </trkpt>
      <trkpt lat="42.775889" lon="-2.151731">
        <ele>1015.844</ele>
        <time>2022-10-15T11:49:37Z</time>
      </trkpt>
      <trkpt lat="42.775937" lon="-2.151746">
        <ele>1015.764</ele>
        <time>2022-10-15T11:49:43Z</time>
      </trkpt>
      <trkpt lat="42.775982" lon="-2.151724">
        <ele>1015.667</ele>
        <time>2022-10-15T11:49:49Z</time>
      </trkpt>
      <trkpt lat="42.776027" lon="-2.151682">
        <ele>1015.333</ele>
        <time>2022-10-15T11:49:52Z</time>
      </trkpt>
      <trkpt lat="42.776069" lon="-2.151644">
        <ele>1015.111</ele>
        <time>2022-10-15T11:49:56Z</time>
      </trkpt>
      <trkpt lat="42.776119" lon="-2.151647">
        <ele>1015.021</ele>
        <time>2022-10-15T11:50:00Z</time>
      </trkpt>
      <trkpt lat="42.776162" lon="-2.151670">
        <ele>1015.003</ele>
        <time>2022-10-15T11:50:04Z</time>
      </trkpt>
      <trkpt lat="42.776200" lon="-2.151725">
        <ele>1015.109</ele>
        <time>2022-10-15T11:50:09Z</time>
      </trkpt>
      <trkpt lat="42.776240" lon="-2.151773">
        <ele>1015.252</ele>
        <time>2022-10-15T11:50:12Z</time>
      </trkpt>
      <trkpt lat="42.776293" lon="-2.151783">
        <ele>1015.152</ele>
        <time>2022-10-15T11:50:18Z</time>
      </trkpt>
      <trkpt lat="42.776345" lon="-2.151793">
        <ele>1015.127</ele>
        <time>2022-10-15T11:50:22Z</time>
      </trkpt>
      <trkpt lat="42.776393" lon="-2.151791">
        <ele>1015.024</ele>
        <time>2022-10-15T11:50:26Z</time>
      </trkpt>
      <trkpt lat="42.776436" lon="-2.151818">
        <ele>1014.983</ele>
        <time>2022-10-15T11:50:30Z</time>
      </trkpt>
      <trkpt lat="42.776483" lon="-2.151860">
        <ele>1014.973</ele>
        <time>2022-10-15T11:50:38Z</time>
      </trkpt>
      <trkpt lat="42.776535" lon="-2.151858">
        <ele>1014.813</ele>
        <time>2022-10-15T11:50:41Z</time>
      </trkpt>
      <trkpt lat="42.776587" lon="-2.151875">
        <ele>1014.896</ele>
        <time>2022-10-15T11:50:44Z</time>
      </trkpt>
      <trkpt lat="42.776639" lon="-2.151912">
        <ele>1014.982</ele>
        <time>2022-10-15T11:50:51Z</time>
      </trkpt>
      <trkpt lat="42.776682" lon="-2.151934">
        <ele>1015.089</ele>
        <time>2022-10-15T11:50:54Z</time>
      </trkpt>
      <trkpt lat="42.776732" lon="-2.151949">
        <ele>1015.006</ele>
        <time>2022-10-15T11:50:57Z</time>
      </trkpt>
      <trkpt lat="42.776777" lon="-2.151972">
        <ele>1015.126</ele>
        <time>2022-10-15T11:51:00Z</time>
      </trkpt>
      <trkpt lat="42.776825" lon="-2.152002">
        <ele>1015.209</ele>
        <time>2022-10-15T11:51:05Z</time>
      </trkpt>
      <trkpt lat="42.776872" lon="-2.152024">
        <ele>1015.389</ele>
        <time>2022-10-15T11:51:10Z</time>
      </trkpt>
      <trkpt lat="42.776917" lon="-2.152067">
        <ele>1015.479</ele>
        <time>2022-10-15T11:51:16Z</time>
      </trkpt>
      <trkpt lat="42.776960" lon="-2.152110">
        <ele>1015.554</ele>
        <time>2022-10-15T11:51:20Z</time>
      </trkpt>
      <trkpt lat="42.777010" lon="-2.152127">
        <ele>1015.381</ele>
        <time>2022-10-15T11:51:26Z</time>
      </trkpt>
      <trkpt lat="42.777060" lon="-2.152159">
        <ele>1015.030</ele>
        <time>2022-10-15T11:51:30Z</time>
      </trkpt>
      <trkpt lat="42.777115" lon="-2.152176">
        <ele>1014.720</ele>
        <time>2022-10-15T11:51:35Z</time>
      </trkpt>
      <trkpt lat="42.777162" lon="-2.152188">
        <ele>1014.420</ele>
        <time>2022-10-15T11:51:39Z</time>
      </trkpt>
      <trkpt lat="42.777169" lon="-2.152253">
        <ele>1014.433</ele>
        <time>2022-10-15T11:52:27Z</time>
      </trkpt>
      <trkpt lat="42.777162" lon="-2.152315">
        <ele>1014.549</ele>
        <time>2022-10-15T11:52:32Z</time>
      </trkpt>
      <trkpt lat="42.777210" lon="-2.152352">
        <ele>1014.174</ele>
        <time>2022-10-15T11:52:43Z</time>
      </trkpt>
      <trkpt lat="42.777168" lon="-2.152309">
        <ele>1014.556</ele>
        <time>2022-10-15T11:53:19Z</time>
      </trkpt>
      <trkpt lat="42.777128" lon="-2.152276">
        <ele>1014.721</ele>
        <time>2022-10-15T11:53:24Z</time>
      </trkpt>
      <trkpt lat="42.777073" lon="-2.152293">
        <ele>1015.209</ele>
        <time>2022-10-15T11:53:35Z</time>
      </trkpt>
      <trkpt lat="42.777048" lon="-2.152345">
        <ele>1015.528</ele>
        <time>2022-10-15T11:53:40Z</time>
      </trkpt>
      <trkpt lat="42.777025" lon="-2.152412">
        <ele>1015.928</ele>
        <time>2022-10-15T11:53:44Z</time>
      </trkpt>
      <trkpt lat="42.776998" lon="-2.152470">
        <ele>1016.343</ele>
        <time>2022-10-15T11:53:49Z</time>
      </trkpt>
      <trkpt lat="42.776965" lon="-2.152517">
        <ele>1016.780</ele>
        <time>2022-10-15T11:53:53Z</time>
      </trkpt>
      <trkpt lat="42.776925" lon="-2.152549">
        <ele>1016.819</ele>
        <time>2022-10-15T11:54:01Z</time>
      </trkpt>
      <trkpt lat="42.776882" lon="-2.152594">
        <ele>1016.499</ele>
        <time>2022-10-15T11:54:07Z</time>
      </trkpt>
      <trkpt lat="42.776857" lon="-2.152649">
        <ele>1016.199</ele>
        <time>2022-10-15T11:54:11Z</time>
      </trkpt>
      <trkpt lat="42.776824" lon="-2.152691">
        <ele>1015.972</ele>
        <time>2022-10-15T11:54:14Z</time>
      </trkpt>
      <trkpt lat="42.776786" lon="-2.152724">
        <ele>1015.628</ele>
        <time>2022-10-15T11:54:18Z</time>
      </trkpt>
      <trkpt lat="42.776748" lon="-2.152766">
        <ele>1015.339</ele>
        <time>2022-10-15T11:54:23Z</time>
      </trkpt>
      <trkpt lat="42.776711" lon="-2.152823">
        <ele>1014.901</ele>
        <time>2022-10-15T11:54:27Z</time>
      </trkpt>
      <trkpt lat="42.776676" lon="-2.152870">
        <ele>1014.421</ele>
        <time>2022-10-15T11:54:32Z</time>
      </trkpt>
      <trkpt lat="42.776631" lon="-2.152908">
        <ele>1013.909</ele>
        <time>2022-10-15T11:54:36Z</time>
      </trkpt>
      <trkpt lat="42.776584" lon="-2.152936">
        <ele>1013.434</ele>
        <time>2022-10-15T11:54:40Z</time>
      </trkpt>
      <trkpt lat="42.776549" lon="-2.152978">
        <ele>1012.814</ele>
        <time>2022-10-15T11:54:45Z</time>
      </trkpt>
      <trkpt lat="42.776514" lon="-2.153020">
        <ele>1012.259</ele>
        <time>2022-10-15T11:54:49Z</time>
      </trkpt>
      <trkpt lat="42.776467" lon="-2.153057">
        <ele>1011.596</ele>
        <time>2022-10-15T11:54:55Z</time>
      </trkpt>
      <trkpt lat="42.776429" lon="-2.153109">
        <ele>1010.835</ele>
        <time>2022-10-15T11:55:00Z</time>
      </trkpt>
      <trkpt lat="42.776381" lon="-2.153199">
        <ele>1010.065</ele>
        <time>2022-10-15T11:55:06Z</time>
      </trkpt>
      <trkpt lat="42.776336" lon="-2.153237">
        <ele>1010.135</ele>
        <time>2022-10-15T11:55:14Z</time>
      </trkpt>
      <trkpt lat="42.776299" lon="-2.153292">
        <ele>1010.088</ele>
        <time>2022-10-15T11:55:24Z</time>
      </trkpt>
      <trkpt lat="42.776294" lon="-2.153357">
        <ele>1009.524</ele>
        <time>2022-10-15T11:55:32Z</time>
      </trkpt>
      <trkpt lat="42.776344" lon="-2.153364">
        <ele>1009.049</ele>
        <time>2022-10-15T11:55:45Z</time>
      </trkpt>
      <trkpt lat="42.776377" lon="-2.153414">
        <ele>1008.202</ele>
        <time>2022-10-15T11:55:48Z</time>
      </trkpt>
      <trkpt lat="42.776420" lon="-2.153474">
        <ele>1007.422</ele>
        <time>2022-10-15T11:55:52Z</time>
      </trkpt>
      <trkpt lat="42.776458" lon="-2.153522">
        <ele>1006.609</ele>
        <time>2022-10-15T11:55:58Z</time>
      </trkpt>
      <trkpt lat="42.776500" lon="-2.153575">
        <ele>1005.785</ele>
        <time>2022-10-15T11:56:02Z</time>
      </trkpt>
      <trkpt lat="42.776522" lon="-2.153648">
        <ele>1004.675</ele>
        <time>2022-10-15T11:56:06Z</time>
      </trkpt>
      <trkpt lat="42.776550" lon="-2.153700">
        <ele>1003.870</ele>
        <time>2022-10-15T11:56:11Z</time>
      </trkpt>
      <trkpt lat="42.776578" lon="-2.153755">
        <ele>1002.987</ele>
        <time>2022-10-15T11:56:14Z</time>
      </trkpt>
      <trkpt lat="42.776601" lon="-2.153812">
        <ele>1001.966</ele>
        <time>2022-10-15T11:56:18Z</time>
      </trkpt>
      <trkpt lat="42.776628" lon="-2.153865">
        <ele>1000.936</ele>
        <time>2022-10-15T11:56:24Z</time>
      </trkpt>
      <trkpt lat="42.776633" lon="-2.153932">
        <ele>1000.096</ele>
        <time>2022-10-15T11:56:31Z</time>
      </trkpt>
      <trkpt lat="42.776626" lon="-2.154009">
        <ele>999.249</ele>
        <time>2022-10-15T11:56:37Z</time>
      </trkpt>
      <trkpt lat="42.776611" lon="-2.154076">
        <ele>998.655</ele>
        <time>2022-10-15T11:56:40Z</time>
      </trkpt>
      <trkpt lat="42.776583" lon="-2.154129">
        <ele>998.469</ele>
        <time>2022-10-15T11:56:43Z</time>
      </trkpt>
      <trkpt lat="42.776560" lon="-2.154197">
        <ele>997.904</ele>
        <time>2022-10-15T11:56:48Z</time>
      </trkpt>
      <trkpt lat="42.776555" lon="-2.154272">
        <ele>997.324</ele>
        <time>2022-10-15T11:56:54Z</time>
      </trkpt>
      <trkpt lat="42.776567" lon="-2.154339">
        <ele>996.609</ele>
        <time>2022-10-15T11:56:57Z</time>
      </trkpt>
      <trkpt lat="42.776560" lon="-2.154409">
        <ele>996.187</ele>
        <time>2022-10-15T11:57:03Z</time>
      </trkpt>
      <trkpt lat="42.776548" lon="-2.154469">
        <ele>995.647</ele>
        <time>2022-10-15T11:57:09Z</time>
      </trkpt>
      <trkpt lat="42.776548" lon="-2.154536">
        <ele>994.982</ele>
        <time>2022-10-15T11:57:12Z</time>
      </trkpt>
      <trkpt lat="42.776531" lon="-2.154611">
        <ele>994.219</ele>
        <time>2022-10-15T11:57:16Z</time>
      </trkpt>
      <trkpt lat="42.776516" lon="-2.154686">
        <ele>993.468</ele>
        <time>2022-10-15T11:57:20Z</time>
      </trkpt>
      <trkpt lat="42.776471" lon="-2.154736">
        <ele>992.938</ele>
        <time>2022-10-15T11:57:24Z</time>
      </trkpt>
      <trkpt lat="42.776459" lon="-2.154803">
        <ele>992.228</ele>
        <time>2022-10-15T11:57:28Z</time>
      </trkpt>
      <trkpt lat="42.776426" lon="-2.154855">
        <ele>991.651</ele>
        <time>2022-10-15T11:57:33Z</time>
      </trkpt>
      <trkpt lat="42.776453" lon="-2.154927">
        <ele>991.097</ele>
        <time>2022-10-15T11:57:39Z</time>
      </trkpt>
      <trkpt lat="42.776450" lon="-2.154995">
        <ele>990.322</ele>
        <time>2022-10-15T11:57:42Z</time>
      </trkpt>
      <trkpt lat="42.776440" lon="-2.155062">
        <ele>989.662</ele>
        <time>2022-10-15T11:57:47Z</time>
      </trkpt>
      <trkpt lat="42.776450" lon="-2.155145">
        <ele>988.808</ele>
        <time>2022-10-15T11:57:52Z</time>
      </trkpt>
      <trkpt lat="42.776478" lon="-2.155268">
        <ele>987.709</ele>
        <time>2022-10-15T11:57:57Z</time>
      </trkpt>
      <trkpt lat="42.776508" lon="-2.155336">
        <ele>987.353</ele>
        <time>2022-10-15T11:58:00Z</time>
      </trkpt>
      <trkpt lat="42.776508" lon="-2.155406">
        <ele>986.793</ele>
        <time>2022-10-15T11:58:04Z</time>
      </trkpt>
      <trkpt lat="42.776493" lon="-2.155491">
        <ele>985.958</ele>
        <time>2022-10-15T11:58:07Z</time>
      </trkpt>
      <trkpt lat="42.776473" lon="-2.155553">
        <ele>985.335</ele>
        <time>2022-10-15T11:58:10Z</time>
      </trkpt>
      <trkpt lat="42.776450" lon="-2.155610">
        <ele>984.654</ele>
        <time>2022-10-15T11:58:15Z</time>
      </trkpt>
      <trkpt lat="42.776453" lon="-2.155683">
        <ele>983.924</ele>
        <time>2022-10-15T11:58:22Z</time>
      </trkpt>
      <trkpt lat="42.776448" lon="-2.155768">
        <ele>982.994</ele>
        <time>2022-10-15T11:58:26Z</time>
      </trkpt>
      <trkpt lat="42.776445" lon="-2.155846">
        <ele>982.167</ele>
        <time>2022-10-15T11:58:30Z</time>
      </trkpt>
      <trkpt lat="42.776462" lon="-2.155918">
        <ele>981.533</ele>
        <time>2022-10-15T11:58:34Z</time>
      </trkpt>
      <trkpt lat="42.776464" lon="-2.155998">
        <ele>980.838</ele>
        <time>2022-10-15T11:58:39Z</time>
      </trkpt>
      <trkpt lat="42.776471" lon="-2.156061">
        <ele>980.270</ele>
        <time>2022-10-15T11:58:42Z</time>
      </trkpt>
      <trkpt lat="42.776489" lon="-2.156131">
        <ele>979.417</ele>
        <time>2022-10-15T11:58:46Z</time>
      </trkpt>
      <trkpt lat="42.776491" lon="-2.156196">
        <ele>978.609</ele>
        <time>2022-10-15T11:58:50Z</time>
      </trkpt>
      <trkpt lat="42.776484" lon="-2.156271">
        <ele>977.734</ele>
        <time>2022-10-15T11:58:55Z</time>
      </trkpt>
      <trkpt lat="42.776482" lon="-2.156338">
        <ele>976.924</ele>
        <time>2022-10-15T11:58:59Z</time>
      </trkpt>
      <trkpt lat="42.776475" lon="-2.156406">
        <ele>976.219</ele>
        <time>2022-10-15T11:59:03Z</time>
      </trkpt>
      <trkpt lat="42.776490" lon="-2.156464">
        <ele>975.426</ele>
        <time>2022-10-15T11:59:06Z</time>
      </trkpt>
      <trkpt lat="42.776498" lon="-2.156527">
        <ele>974.695</ele>
        <time>2022-10-15T11:59:10Z</time>
      </trkpt>
      <trkpt lat="42.776503" lon="-2.156589">
        <ele>973.955</ele>
        <time>2022-10-15T11:59:16Z</time>
      </trkpt>
      <trkpt lat="42.776503" lon="-2.156666">
        <ele>973.075</ele>
        <time>2022-10-15T11:59:21Z</time>
      </trkpt>
      <trkpt lat="42.776513" lon="-2.156748">
        <ele>972.388</ele>
        <time>2022-10-15T11:59:25Z</time>
      </trkpt>
      <trkpt lat="42.776525" lon="-2.156816">
        <ele>971.714</ele>
        <time>2022-10-15T11:59:28Z</time>
      </trkpt>
      <trkpt lat="42.776540" lon="-2.156886">
        <ele>971.119</ele>
        <time>2022-10-15T11:59:31Z</time>
      </trkpt>
      <trkpt lat="42.776542" lon="-2.156969">
        <ele>970.409</ele>
        <time>2022-10-15T11:59:35Z</time>
      </trkpt>
      <trkpt lat="42.776527" lon="-2.157034">
        <ele>969.919</ele>
        <time>2022-10-15T11:59:38Z</time>
      </trkpt>
      <trkpt lat="42.776532" lon="-2.157109">
        <ele>969.309</ele>
        <time>2022-10-15T11:59:42Z</time>
      </trkpt>
      <trkpt lat="42.776534" lon="-2.157174">
        <ele>968.942</ele>
        <time>2022-10-15T11:59:45Z</time>
      </trkpt>
      <trkpt lat="42.776522" lon="-2.157239">
        <ele>968.352</ele>
        <time>2022-10-15T11:59:51Z</time>
      </trkpt>
      <trkpt lat="42.776515" lon="-2.157314">
        <ele>967.627</ele>
        <time>2022-10-15T11:59:57Z</time>
      </trkpt>
      <trkpt lat="42.776525" lon="-2.157384">
        <ele>967.074</ele>
        <time>2022-10-15T12:00:01Z</time>
      </trkpt>
      <trkpt lat="42.776507" lon="-2.157452">
        <ele>966.373</ele>
        <time>2022-10-15T12:00:05Z</time>
      </trkpt>
      <trkpt lat="42.776482" lon="-2.157514">
        <ele>965.653</ele>
        <time>2022-10-15T12:00:09Z</time>
      </trkpt>
      <trkpt lat="42.776462" lon="-2.157571">
        <ele>965.053</ele>
        <time>2022-10-15T12:00:14Z</time>
      </trkpt>
      <trkpt lat="42.776450" lon="-2.157636">
        <ele>964.586</ele>
        <time>2022-10-15T12:00:19Z</time>
      </trkpt>
      <trkpt lat="42.776457" lon="-2.157708">
        <ele>964.012</ele>
        <time>2022-10-15T12:00:24Z</time>
      </trkpt>
      <trkpt lat="42.776474" lon="-2.157776">
        <ele>963.617</ele>
        <time>2022-10-15T12:00:28Z</time>
      </trkpt>
      <trkpt lat="42.776477" lon="-2.157843">
        <ele>963.087</ele>
        <time>2022-10-15T12:00:31Z</time>
      </trkpt>
      <trkpt lat="42.776474" lon="-2.157910">
        <ele>962.415</ele>
        <time>2022-10-15T12:00:34Z</time>
      </trkpt>
      <trkpt lat="42.776481" lon="-2.157978">
        <ele>961.709</ele>
        <time>2022-10-15T12:00:37Z</time>
      </trkpt>
      <trkpt lat="42.776476" lon="-2.158043">
        <ele>961.142</ele>
        <time>2022-10-15T12:00:41Z</time>
      </trkpt>
      <trkpt lat="42.776479" lon="-2.158110">
        <ele>960.442</ele>
        <time>2022-10-15T12:00:46Z</time>
      </trkpt>
      <trkpt lat="42.776474" lon="-2.158182">
        <ele>959.637</ele>
        <time>2022-10-15T12:00:52Z</time>
      </trkpt>
      <trkpt lat="42.776464" lon="-2.158250">
        <ele>958.944</ele>
        <time>2022-10-15T12:00:55Z</time>
      </trkpt>
      <trkpt lat="42.776447" lon="-2.158318">
        <ele>958.233</ele>
        <time>2022-10-15T12:00:59Z</time>
      </trkpt>
      <trkpt lat="42.776447" lon="-2.158388">
        <ele>957.623</ele>
        <time>2022-10-15T12:01:05Z</time>
      </trkpt>
      <trkpt lat="42.776449" lon="-2.158461">
        <ele>957.143</ele>
        <time>2022-10-15T12:01:09Z</time>
      </trkpt>
      <trkpt lat="42.776442" lon="-2.158533">
        <ele>956.626</ele>
        <time>2022-10-15T12:01:12Z</time>
      </trkpt>
      <trkpt lat="42.776459" lon="-2.158651">
        <ele>955.932</ele>
        <time>2022-10-15T12:03:03Z</time>
      </trkpt>
      <trkpt lat="42.776444" lon="-2.158716">
        <ele>955.634</ele>
        <time>2022-10-15T12:03:13Z</time>
      </trkpt>
      <trkpt lat="42.776439" lon="-2.158798">
        <ele>955.355</ele>
        <time>2022-10-15T12:03:17Z</time>
      </trkpt>
      <trkpt lat="42.776444" lon="-2.158875">
        <ele>955.010</ele>
        <time>2022-10-15T12:03:20Z</time>
      </trkpt>
      <trkpt lat="42.776459" lon="-2.158950">
        <ele>954.609</ele>
        <time>2022-10-15T12:03:24Z</time>
      </trkpt>
      <trkpt lat="42.776477" lon="-2.159022">
        <ele>954.044</ele>
        <time>2022-10-15T12:03:27Z</time>
      </trkpt>
      <trkpt lat="42.776490" lon="-2.159084">
        <ele>953.624</ele>
        <time>2022-10-15T12:03:31Z</time>
      </trkpt>
      <trkpt lat="42.776523" lon="-2.159132">
        <ele>953.219</ele>
        <time>2022-10-15T12:03:37Z</time>
      </trkpt>
      <trkpt lat="42.776531" lon="-2.159205">
        <ele>952.756</ele>
        <time>2022-10-15T12:03:41Z</time>
      </trkpt>
      <trkpt lat="42.776529" lon="-2.159270">
        <ele>952.365</ele>
        <time>2022-10-15T12:03:44Z</time>
      </trkpt>
      <trkpt lat="42.776517" lon="-2.159337">
        <ele>951.845</ele>
        <time>2022-10-15T12:03:48Z</time>
      </trkpt>
      <trkpt lat="42.776540" lon="-2.159394">
        <ele>951.415</ele>
        <time>2022-10-15T12:03:53Z</time>
      </trkpt>
      <trkpt lat="42.776558" lon="-2.159467">
        <ele>950.978</ele>
        <time>2022-10-15T12:03:57Z</time>
      </trkpt>
      <trkpt lat="42.776576" lon="-2.159539">
        <ele>950.514</ele>
        <time>2022-10-15T12:04:01Z</time>
      </trkpt>
      <trkpt lat="42.776563" lon="-2.159609">
        <ele>950.297</ele>
        <time>2022-10-15T12:04:06Z</time>
      </trkpt>
      <trkpt lat="42.776576" lon="-2.159672">
        <ele>949.923</ele>
        <time>2022-10-15T12:04:10Z</time>
      </trkpt>
      <trkpt lat="42.776598" lon="-2.159730">
        <ele>949.725</ele>
        <time>2022-10-15T12:04:14Z</time>
      </trkpt>
      <trkpt lat="42.776623" lon="-2.159807">
        <ele>949.509</ele>
        <time>2022-10-15T12:04:17Z</time>
      </trkpt>
      <trkpt lat="42.776661" lon="-2.159877">
        <ele>949.480</ele>
        <time>2022-10-15T12:04:20Z</time>
      </trkpt>
      <trkpt lat="42.776696" lon="-2.159919">
        <ele>949.350</ele>
        <time>2022-10-15T12:04:23Z</time>
      </trkpt>
      <trkpt lat="42.776729" lon="-2.159964">
        <ele>949.135</ele>
        <time>2022-10-15T12:04:27Z</time>
      </trkpt>
      <trkpt lat="42.776779" lon="-2.160004">
        <ele>949.022</ele>
        <time>2022-10-15T12:04:31Z</time>
      </trkpt>
      <trkpt lat="42.776814" lon="-2.160059">
        <ele>948.891</ele>
        <time>2022-10-15T12:04:34Z</time>
      </trkpt>
      <trkpt lat="42.776839" lon="-2.160127">
        <ele>948.591</ele>
        <time>2022-10-15T12:04:37Z</time>
      </trkpt>
      <trkpt lat="42.776869" lon="-2.160189">
        <ele>948.371</ele>
        <time>2022-10-15T12:04:40Z</time>
      </trkpt>
      <trkpt lat="42.776911" lon="-2.160232">
        <ele>948.294</ele>
        <time>2022-10-15T12:04:43Z</time>
      </trkpt>
      <trkpt lat="42.776948" lon="-2.160287">
        <ele>947.980</ele>
        <time>2022-10-15T12:04:47Z</time>
      </trkpt>
      <trkpt lat="42.776965" lon="-2.160354">
        <ele>947.547</ele>
        <time>2022-10-15T12:04:52Z</time>
      </trkpt>
      <trkpt lat="42.776990" lon="-2.160417">
        <ele>947.129</ele>
        <time>2022-10-15T12:04:58Z</time>
      </trkpt>
      <trkpt lat="42.777018" lon="-2.160485">
        <ele>946.721</ele>
        <time>2022-10-15T12:05:02Z</time>
      </trkpt>
      <trkpt lat="42.777038" lon="-2.160548">
        <ele>946.409</ele>
        <time>2022-10-15T12:05:06Z</time>
      </trkpt>
      <trkpt lat="42.777043" lon="-2.160628">
        <ele>946.115</ele>
        <time>2022-10-15T12:05:10Z</time>
      </trkpt>
      <trkpt lat="42.777056" lon="-2.160690">
        <ele>945.935</ele>
        <time>2022-10-15T12:05:14Z</time>
      </trkpt>
      <trkpt lat="42.777073" lon="-2.160758">
        <ele>945.770</ele>
        <time>2022-10-15T12:05:18Z</time>
      </trkpt>
      <trkpt lat="42.777083" lon="-2.160820">
        <ele>945.587</ele>
        <time>2022-10-15T12:05:21Z</time>
      </trkpt>
      <trkpt lat="42.777086" lon="-2.160885">
        <ele>945.596</ele>
        <time>2022-10-15T12:05:24Z</time>
      </trkpt>
      <trkpt lat="42.777093" lon="-2.160958">
        <ele>945.556</ele>
        <time>2022-10-15T12:05:28Z</time>
      </trkpt>
      <trkpt lat="42.777098" lon="-2.161023">
        <ele>945.696</ele>
        <time>2022-10-15T12:05:33Z</time>
      </trkpt>
      <trkpt lat="42.777101" lon="-2.161100">
        <ele>945.679</ele>
        <time>2022-10-15T12:05:38Z</time>
      </trkpt>
      <trkpt lat="42.777129" lon="-2.161167">
        <ele>945.785</ele>
        <time>2022-10-15T12:05:41Z</time>
      </trkpt>
      <trkpt lat="42.777126" lon="-2.161245">
        <ele>945.876</ele>
        <time>2022-10-15T12:05:46Z</time>
      </trkpt>
      <trkpt lat="42.777159" lon="-2.161307">
        <ele>945.990</ele>
        <time>2022-10-15T12:05:50Z</time>
      </trkpt>
      <trkpt lat="42.777164" lon="-2.161374">
        <ele>946.019</ele>
        <time>2022-10-15T12:05:55Z</time>
      </trkpt>
      <trkpt lat="42.777169" lon="-2.161447">
        <ele>946.009</ele>
        <time>2022-10-15T12:06:00Z</time>
      </trkpt>
      <trkpt lat="42.777164" lon="-2.161517">
        <ele>946.178</ele>
        <time>2022-10-15T12:06:04Z</time>
      </trkpt>
      <trkpt lat="42.777162" lon="-2.161600">
        <ele>946.278</ele>
        <time>2022-10-15T12:06:08Z</time>
      </trkpt>
      <trkpt lat="42.777144" lon="-2.161665">
        <ele>946.363</ele>
        <time>2022-10-15T12:06:11Z</time>
      </trkpt>
      <trkpt lat="42.777132" lon="-2.161730">
        <ele>946.350</ele>
        <time>2022-10-15T12:06:15Z</time>
      </trkpt>
      <trkpt lat="42.777112" lon="-2.161788">
        <ele>946.469</ele>
        <time>2022-10-15T12:06:20Z</time>
      </trkpt>
      <trkpt lat="42.777099" lon="-2.161855">
        <ele>946.429</ele>
        <time>2022-10-15T12:06:25Z</time>
      </trkpt>
      <trkpt lat="42.777074" lon="-2.161927">
        <ele>946.549</ele>
        <time>2022-10-15T12:06:29Z</time>
      </trkpt>
      <trkpt lat="42.777062" lon="-2.161994">
        <ele>946.732</ele>
        <time>2022-10-15T12:06:33Z</time>
      </trkpt>
      <trkpt lat="42.777065" lon="-2.162062">
        <ele>946.868</ele>
        <time>2022-10-15T12:06:37Z</time>
      </trkpt>
      <trkpt lat="42.777058" lon="-2.162140">
        <ele>947.019</ele>
        <time>2022-10-15T12:06:41Z</time>
      </trkpt>
      <trkpt lat="42.777050" lon="-2.162215">
        <ele>947.209</ele>
        <time>2022-10-15T12:06:44Z</time>
      </trkpt>
      <trkpt lat="42.777038" lon="-2.162293">
        <ele>947.519</ele>
        <time>2022-10-15T12:06:48Z</time>
      </trkpt>
      <trkpt lat="42.777030" lon="-2.162368">
        <ele>947.709</ele>
        <time>2022-10-15T12:06:53Z</time>
      </trkpt>
      <trkpt lat="42.777020" lon="-2.162431">
        <ele>948.022</ele>
        <time>2022-10-15T12:06:57Z</time>
      </trkpt>
      <trkpt lat="42.777017" lon="-2.162506">
        <ele>948.252</ele>
        <time>2022-10-15T12:07:01Z</time>
      </trkpt>
      <trkpt lat="42.777029" lon="-2.162581">
        <ele>948.467</ele>
        <time>2022-10-15T12:07:04Z</time>
      </trkpt>
      <trkpt lat="42.777049" lon="-2.162651">
        <ele>948.434</ele>
        <time>2022-10-15T12:07:07Z</time>
      </trkpt>
      <trkpt lat="42.777081" lon="-2.162703">
        <ele>948.373</ele>
        <time>2022-10-15T12:07:11Z</time>
      </trkpt>
      <trkpt lat="42.777113" lon="-2.162748">
        <ele>948.173</ele>
        <time>2022-10-15T12:07:14Z</time>
      </trkpt>
      <trkpt lat="42.777138" lon="-2.162803">
        <ele>948.043</ele>
        <time>2022-10-15T12:07:17Z</time>
      </trkpt>
      <trkpt lat="42.777168" lon="-2.162860">
        <ele>947.986</ele>
        <time>2022-10-15T12:07:19Z</time>
      </trkpt>
      <trkpt lat="42.777206" lon="-2.162923">
        <ele>947.712</ele>
        <time>2022-10-15T12:07:22Z</time>
      </trkpt>
      <trkpt lat="42.777238" lon="-2.162970">
        <ele>947.524</ele>
        <time>2022-10-15T12:07:25Z</time>
      </trkpt>
      <trkpt lat="42.777283" lon="-2.163015">
        <ele>947.204</ele>
        <time>2022-10-15T12:07:28Z</time>
      </trkpt>
      <trkpt lat="42.777320" lon="-2.163057">
        <ele>946.914</ele>
        <time>2022-10-15T12:07:33Z</time>
      </trkpt>
      <trkpt lat="42.777362" lon="-2.163117">
        <ele>946.509</ele>
        <time>2022-10-15T12:07:39Z</time>
      </trkpt>
      <trkpt lat="42.777390" lon="-2.163174">
        <ele>946.243</ele>
        <time>2022-10-15T12:07:42Z</time>
      </trkpt>
      <trkpt lat="42.777420" lon="-2.163226">
        <ele>945.953</ele>
        <time>2022-10-15T12:07:47Z</time>
      </trkpt>
      <trkpt lat="42.777440" lon="-2.163281">
        <ele>945.618</ele>
        <time>2022-10-15T12:07:51Z</time>
      </trkpt>
      <trkpt lat="42.777483" lon="-2.163323">
        <ele>945.235</ele>
        <time>2022-10-15T12:07:55Z</time>
      </trkpt>
      <trkpt lat="42.777535" lon="-2.163368">
        <ele>944.814</ele>
        <time>2022-10-15T12:07:58Z</time>
      </trkpt>
      <trkpt lat="42.777577" lon="-2.163418">
        <ele>944.674</ele>
        <time>2022-10-15T12:08:02Z</time>
      </trkpt>
      <trkpt lat="42.777609" lon="-2.163473">
        <ele>944.534</ele>
        <time>2022-10-15T12:08:06Z</time>
      </trkpt>
      <trkpt lat="42.777654" lon="-2.163506">
        <ele>944.327</ele>
        <time>2022-10-15T12:08:12Z</time>
      </trkpt>
      <trkpt lat="42.777712" lon="-2.163519">
        <ele>943.973</ele>
        <time>2022-10-15T12:08:16Z</time>
      </trkpt>
      <trkpt lat="42.777770" lon="-2.163517">
        <ele>943.488</ele>
        <time>2022-10-15T12:08:20Z</time>
      </trkpt>
      <trkpt lat="42.777815" lon="-2.163517">
        <ele>943.224</ele>
        <time>2022-10-15T12:08:22Z</time>
      </trkpt>
      <trkpt lat="42.777875" lon="-2.163519">
        <ele>943.126</ele>
        <time>2022-10-15T12:08:25Z</time>
      </trkpt>
      <trkpt lat="42.777920" lon="-2.163542">
        <ele>943.109</ele>
        <time>2022-10-15T12:08:30Z</time>
      </trkpt>
      <trkpt lat="42.777965" lon="-2.163554">
        <ele>943.169</ele>
        <time>2022-10-15T12:08:35Z</time>
      </trkpt>
      <trkpt lat="42.778018" lon="-2.163544">
        <ele>942.979</ele>
        <time>2022-10-15T12:08:38Z</time>
      </trkpt>
      <trkpt lat="42.778071" lon="-2.163539">
        <ele>942.844</ele>
        <time>2022-10-15T12:08:41Z</time>
      </trkpt>
      <trkpt lat="42.778119" lon="-2.163542">
        <ele>942.991</ele>
        <time>2022-10-15T12:08:44Z</time>
      </trkpt>
      <trkpt lat="42.778179" lon="-2.163557">
        <ele>943.070</ele>
        <time>2022-10-15T12:08:47Z</time>
      </trkpt>
      <trkpt lat="42.778224" lon="-2.163562">
        <ele>943.080</ele>
        <time>2022-10-15T12:08:52Z</time>
      </trkpt>
      <trkpt lat="42.778272" lon="-2.163559">
        <ele>943.160</ele>
        <time>2022-10-15T12:08:57Z</time>
      </trkpt>
      <trkpt lat="42.778320" lon="-2.163561">
        <ele>943.293</ele>
        <time>2022-10-15T12:09:00Z</time>
      </trkpt>
      <trkpt lat="42.778367" lon="-2.163576">
        <ele>943.329</ele>
        <time>2022-10-15T12:09:03Z</time>
      </trkpt>
      <trkpt lat="42.778425" lon="-2.163569">
        <ele>943.582</ele>
        <time>2022-10-15T12:09:06Z</time>
      </trkpt>
      <trkpt lat="42.778470" lon="-2.163576">
        <ele>943.743</ele>
        <time>2022-10-15T12:09:10Z</time>
      </trkpt>
      <trkpt lat="42.778528" lon="-2.163586">
        <ele>943.917</ele>
        <time>2022-10-15T12:09:15Z</time>
      </trkpt>
      <trkpt lat="42.778575" lon="-2.163608">
        <ele>943.909</ele>
        <time>2022-10-15T12:09:20Z</time>
      </trkpt>
      <trkpt lat="42.778622" lon="-2.163633">
        <ele>943.989</ele>
        <time>2022-10-15T12:09:26Z</time>
      </trkpt>
      <trkpt lat="42.778672" lon="-2.163663">
        <ele>944.099</ele>
        <time>2022-10-15T12:09:31Z</time>
      </trkpt>
      <trkpt lat="42.778720" lon="-2.163686">
        <ele>944.194</ele>
        <time>2022-10-15T12:09:35Z</time>
      </trkpt>
      <trkpt lat="42.778775" lon="-2.163714">
        <ele>944.231</ele>
        <time>2022-10-15T12:09:39Z</time>
      </trkpt>
      <trkpt lat="42.778822" lon="-2.163739">
        <ele>944.210</ele>
        <time>2022-10-15T12:09:43Z</time>
      </trkpt>
      <trkpt lat="42.778874" lon="-2.163759">
        <ele>944.350</ele>
        <time>2022-10-15T12:09:46Z</time>
      </trkpt>
      <trkpt lat="42.778919" lon="-2.163791">
        <ele>944.460</ele>
        <time>2022-10-15T12:09:49Z</time>
      </trkpt>
      <trkpt lat="42.778971" lon="-2.163819">
        <ele>944.643</ele>
        <time>2022-10-15T12:09:53Z</time>
      </trkpt>
      <trkpt lat="42.779014" lon="-2.163856">
        <ele>944.779</ele>
        <time>2022-10-15T12:09:58Z</time>
      </trkpt>
      <trkpt lat="42.779066" lon="-2.163878">
        <ele>945.027</ele>
        <time>2022-10-15T12:10:01Z</time>
      </trkpt>
      <trkpt lat="42.779109" lon="-2.163896">
        <ele>945.368</ele>
        <time>2022-10-15T12:10:04Z</time>
      </trkpt>
      <trkpt lat="42.779156" lon="-2.163914">
        <ele>945.714</ele>
        <time>2022-10-15T12:10:09Z</time>
      </trkpt>
      <trkpt lat="42.779201" lon="-2.163936">
        <ele>945.909</ele>
        <time>2022-10-15T12:10:13Z</time>
      </trkpt>
      <trkpt lat="42.779248" lon="-2.163946">
        <ele>946.153</ele>
        <time>2022-10-15T12:10:16Z</time>
      </trkpt>
      <trkpt lat="42.779298" lon="-2.163939">
        <ele>946.513</ele>
        <time>2022-10-15T12:10:21Z</time>
      </trkpt>
      <trkpt lat="42.779346" lon="-2.163924">
        <ele>947.098</ele>
        <time>2022-10-15T12:10:25Z</time>
      </trkpt>
      <trkpt lat="42.779391" lon="-2.163911">
        <ele>947.495</ele>
        <time>2022-10-15T12:10:29Z</time>
      </trkpt>
      <trkpt lat="42.779436" lon="-2.163889">
        <ele>947.954</ele>
        <time>2022-10-15T12:10:32Z</time>
      </trkpt>
      <trkpt lat="42.779483" lon="-2.163879">
        <ele>948.264</ele>
        <time>2022-10-15T12:10:36Z</time>
      </trkpt>
      <trkpt lat="42.779528" lon="-2.163872">
        <ele>948.584</ele>
        <time>2022-10-15T12:10:39Z</time>
      </trkpt>
      <trkpt lat="42.779576" lon="-2.163864">
        <ele>948.777</ele>
        <time>2022-10-15T12:10:42Z</time>
      </trkpt>
      <trkpt lat="42.779628" lon="-2.163859">
        <ele>949.063</ele>
        <time>2022-10-15T12:10:46Z</time>
      </trkpt>
      <trkpt lat="42.779675" lon="-2.163852">
        <ele>949.259</ele>
        <time>2022-10-15T12:10:49Z</time>
      </trkpt>
      <trkpt lat="42.779722" lon="-2.163825">
        <ele>949.703</ele>
        <time>2022-10-15T12:10:52Z</time>
      </trkpt>
      <trkpt lat="42.779770" lon="-2.163818">
        <ele>949.623</ele>
        <time>2022-10-15T12:10:57Z</time>
      </trkpt>
      <trkpt lat="42.779820" lon="-2.163808">
        <ele>949.609</ele>
        <time>2022-10-15T12:11:02Z</time>
      </trkpt>
      <trkpt lat="42.779870" lon="-2.163806">
        <ele>949.596</ele>
        <time>2022-10-15T12:11:07Z</time>
      </trkpt>
      <trkpt lat="42.779920" lon="-2.163804">
        <ele>949.456</ele>
        <time>2022-10-15T12:11:12Z</time>
      </trkpt>
      <trkpt lat="42.779983" lon="-2.163782">
        <ele>949.671</ele>
        <time>2022-10-15T12:11:16Z</time>
      </trkpt>
      <trkpt lat="42.780036" lon="-2.163767">
        <ele>949.648</ele>
        <time>2022-10-15T12:11:19Z</time>
      </trkpt>
      <trkpt lat="42.780088" lon="-2.163767">
        <ele>949.427</ele>
        <time>2022-10-15T12:11:23Z</time>
      </trkpt>
      <trkpt lat="42.780143" lon="-2.163772">
        <ele>949.267</ele>
        <time>2022-10-15T12:11:27Z</time>
      </trkpt>
      <trkpt lat="42.780190" lon="-2.163774">
        <ele>949.047</ele>
        <time>2022-10-15T12:11:31Z</time>
      </trkpt>
      <trkpt lat="42.780235" lon="-2.163767">
        <ele>948.920</ele>
        <time>2022-10-15T12:11:34Z</time>
      </trkpt>
      <trkpt lat="42.780288" lon="-2.163752">
        <ele>948.956</ele>
        <time>2022-10-15T12:11:38Z</time>
      </trkpt>
      <trkpt lat="42.780338" lon="-2.163734">
        <ele>948.873</ele>
        <time>2022-10-15T12:11:42Z</time>
      </trkpt>
      <trkpt lat="42.780398" lon="-2.163704">
        <ele>948.885</ele>
        <time>2022-10-15T12:11:46Z</time>
      </trkpt>
      <trkpt lat="42.780446" lon="-2.163677">
        <ele>948.813</ele>
        <time>2022-10-15T12:11:49Z</time>
      </trkpt>
      <trkpt lat="42.780488" lon="-2.163639">
        <ele>949.109</ele>
        <time>2022-10-15T12:11:53Z</time>
      </trkpt>
      <trkpt lat="42.780538" lon="-2.163614">
        <ele>949.118</ele>
        <time>2022-10-15T12:11:58Z</time>
      </trkpt>
      <trkpt lat="42.780588" lon="-2.163599">
        <ele>948.558</ele>
        <time>2022-10-15T12:12:01Z</time>
      </trkpt>
      <trkpt lat="42.780633" lon="-2.163576">
        <ele>948.093</ele>
        <time>2022-10-15T12:12:04Z</time>
      </trkpt>
      <trkpt lat="42.780663" lon="-2.163523">
        <ele>947.930</ele>
        <time>2022-10-15T12:12:07Z</time>
      </trkpt>
      <trkpt lat="42.780705" lon="-2.163473">
        <ele>947.569</ele>
        <time>2022-10-15T12:12:11Z</time>
      </trkpt>
      <trkpt lat="42.780738" lon="-2.163426">
        <ele>947.369</ele>
        <time>2022-10-15T12:12:15Z</time>
      </trkpt>
      <trkpt lat="42.780751" lon="-2.163366">
        <ele>947.569</ele>
        <time>2022-10-15T12:12:19Z</time>
      </trkpt>
      <trkpt lat="42.780778" lon="-2.163289">
        <ele>947.522</ele>
        <time>2022-10-15T12:12:23Z</time>
      </trkpt>
      <trkpt lat="42.780798" lon="-2.163216">
        <ele>947.798</ele>
        <time>2022-10-15T12:12:26Z</time>
      </trkpt>
      <trkpt lat="42.780811" lon="-2.163146">
        <ele>947.992</ele>
        <time>2022-10-15T12:12:29Z</time>
      </trkpt>
      <trkpt lat="42.780828" lon="-2.163086">
        <ele>947.973</ele>
        <time>2022-10-15T12:12:33Z</time>
      </trkpt>
      <trkpt lat="42.780826" lon="-2.163021">
        <ele>948.420</ele>
        <time>2022-10-15T12:12:38Z</time>
      </trkpt>
      <trkpt lat="42.780838" lon="-2.162961">
        <ele>948.609</ele>
        <time>2022-10-15T12:12:42Z</time>
      </trkpt>
      <trkpt lat="42.780861" lon="-2.162901">
        <ele>948.690</ele>
        <time>2022-10-15T12:12:45Z</time>
      </trkpt>
      <trkpt lat="42.780881" lon="-2.162846">
        <ele>948.570</ele>
        <time>2022-10-15T12:12:48Z</time>
      </trkpt>
      <trkpt lat="42.780888" lon="-2.162783">
        <ele>948.885</ele>
        <time>2022-10-15T12:12:53Z</time>
      </trkpt>
      <trkpt lat="42.780901" lon="-2.162716">
        <ele>949.092</ele>
        <time>2022-10-15T12:12:58Z</time>
      </trkpt>
      <trkpt lat="42.780931" lon="-2.162668">
        <ele>948.781</ele>
        <time>2022-10-15T12:13:01Z</time>
      </trkpt>
      <trkpt lat="42.780968" lon="-2.162621">
        <ele>948.211</ele>
        <time>2022-10-15T12:13:04Z</time>
      </trkpt>
      <trkpt lat="42.781000" lon="-2.162561">
        <ele>948.051</ele>
        <time>2022-10-15T12:13:08Z</time>
      </trkpt>
      <trkpt lat="42.781028" lon="-2.162503">
        <ele>947.824</ele>
        <time>2022-10-15T12:13:13Z</time>
      </trkpt>
      <trkpt lat="42.781071" lon="-2.162478">
        <ele>946.920</ele>
        <time>2022-10-15T12:13:17Z</time>
      </trkpt>
      <trkpt lat="42.781089" lon="-2.162421">
        <ele>946.512</ele>
        <time>2022-10-15T12:13:22Z</time>
      </trkpt>
      <trkpt lat="42.781116" lon="-2.162346">
        <ele>945.932</ele>
        <time>2022-10-15T12:13:28Z</time>
      </trkpt>
      <trkpt lat="42.781134" lon="-2.162289">
        <ele>945.705</ele>
        <time>2022-10-15T12:13:31Z</time>
      </trkpt>
      <trkpt lat="42.781162" lon="-2.162236">
        <ele>945.309</ele>
        <time>2022-10-15T12:13:35Z</time>
      </trkpt>
      <trkpt lat="42.781189" lon="-2.162166">
        <ele>945.152</ele>
        <time>2022-10-15T12:13:39Z</time>
      </trkpt>
      <trkpt lat="42.781232" lon="-2.162131">
        <ele>944.642</ele>
        <time>2022-10-15T12:13:42Z</time>
      </trkpt>
      <trkpt lat="42.781270" lon="-2.162091">
        <ele>944.247</ele>
        <time>2022-10-15T12:13:45Z</time>
      </trkpt>
      <trkpt lat="42.781303" lon="-2.162039">
        <ele>943.944</ele>
        <time>2022-10-15T12:13:48Z</time>
      </trkpt>
      <trkpt lat="42.781335" lon="-2.161974">
        <ele>943.793</ele>
        <time>2022-10-15T12:13:52Z</time>
      </trkpt>
      <trkpt lat="42.781365" lon="-2.161906">
        <ele>943.523</ele>
        <time>2022-10-15T12:13:56Z</time>
      </trkpt>
      <trkpt lat="42.781405" lon="-2.161854">
        <ele>943.383</ele>
        <time>2022-10-15T12:14:00Z</time>
      </trkpt>
      <trkpt lat="42.781438" lon="-2.161807">
        <ele>943.316</ele>
        <time>2022-10-15T12:14:04Z</time>
      </trkpt>
      <trkpt lat="42.781466" lon="-2.161749">
        <ele>943.492</ele>
        <time>2022-10-15T12:14:09Z</time>
      </trkpt>
      <trkpt lat="42.781509" lon="-2.161699">
        <ele>943.568</ele>
        <time>2022-10-15T12:14:13Z</time>
      </trkpt>
      <trkpt lat="42.781537" lon="-2.161649">
        <ele>943.542</ele>
        <time>2022-10-15T12:14:16Z</time>
      </trkpt>
      <trkpt lat="42.781582" lon="-2.161599">
        <ele>943.526</ele>
        <time>2022-10-15T12:14:19Z</time>
      </trkpt>
      <trkpt lat="42.781619" lon="-2.161552">
        <ele>943.609</ele>
        <time>2022-10-15T12:14:22Z</time>
      </trkpt>
      <trkpt lat="42.781666" lon="-2.161514">
        <ele>943.647</ele>
        <time>2022-10-15T12:14:27Z</time>
      </trkpt>
      <trkpt lat="42.781708" lon="-2.161481">
        <ele>943.777</ele>
        <time>2022-10-15T12:14:32Z</time>
      </trkpt>
      <trkpt lat="42.781743" lon="-2.161429">
        <ele>943.912</ele>
        <time>2022-10-15T12:14:36Z</time>
      </trkpt>
      <trkpt lat="42.781781" lon="-2.161394">
        <ele>944.099</ele>
        <time>2022-10-15T12:14:39Z</time>
      </trkpt>
      <trkpt lat="42.781821" lon="-2.161342">
        <ele>944.258</ele>
        <time>2022-10-15T12:14:43Z</time>
      </trkpt>
      <trkpt lat="42.781851" lon="-2.161279">
        <ele>944.568</ele>
        <time>2022-10-15T12:14:49Z</time>
      </trkpt>
      <trkpt lat="42.781886" lon="-2.161236">
        <ele>944.718</ele>
        <time>2022-10-15T12:14:52Z</time>
      </trkpt>
      <trkpt lat="42.781921" lon="-2.161194">
        <ele>944.881</ele>
        <time>2022-10-15T12:14:56Z</time>
      </trkpt>
      <trkpt lat="42.781924" lon="-2.161121">
        <ele>945.027</ele>
        <time>2022-10-15T12:15:01Z</time>
      </trkpt>
      <trkpt lat="42.781957" lon="-2.161068">
        <ele>945.216</ele>
        <time>2022-10-15T12:15:05Z</time>
      </trkpt>
      <trkpt lat="42.781994" lon="-2.161015">
        <ele>945.376</ele>
        <time>2022-10-15T12:15:11Z</time>
      </trkpt>
      <trkpt lat="42.782021" lon="-2.160942">
        <ele>945.613</ele>
        <time>2022-10-15T12:15:15Z</time>
      </trkpt>
      <trkpt lat="42.782053" lon="-2.160889">
        <ele>945.809</ele>
        <time>2022-10-15T12:15:18Z</time>
      </trkpt>
      <trkpt lat="42.782070" lon="-2.160814">
        <ele>946.162</ele>
        <time>2022-10-15T12:15:22Z</time>
      </trkpt>
      <trkpt lat="42.782095" lon="-2.160759">
        <ele>946.392</ele>
        <time>2022-10-15T12:15:26Z</time>
      </trkpt>
      <trkpt lat="42.782133" lon="-2.160717">
        <ele>946.427</ele>
        <time>2022-10-15T12:15:29Z</time>
      </trkpt>
      <trkpt lat="42.782158" lon="-2.160655">
        <ele>946.694</ele>
        <time>2022-10-15T12:15:35Z</time>
      </trkpt>
      <trkpt lat="42.782195" lon="-2.160615">
        <ele>946.833</ele>
        <time>2022-10-15T12:15:39Z</time>
      </trkpt>
      <trkpt lat="42.782235" lon="-2.160585">
        <ele>946.943</ele>
        <time>2022-10-15T12:15:42Z</time>
      </trkpt>
      <trkpt lat="42.782282" lon="-2.160562">
        <ele>947.093</ele>
        <time>2022-10-15T12:15:45Z</time>
      </trkpt>
      <trkpt lat="42.782340" lon="-2.160564">
        <ele>947.076</ele>
        <time>2022-10-15T12:15:50Z</time>
      </trkpt>
      <trkpt lat="42.782387" lon="-2.160544">
        <ele>947.042</ele>
        <time>2022-10-15T12:15:56Z</time>
      </trkpt>
      <trkpt lat="42.782432" lon="-2.160542">
        <ele>947.071</ele>
        <time>2022-10-15T12:15:59Z</time>
      </trkpt>
      <trkpt lat="42.782495" lon="-2.160542">
        <ele>947.041</ele>
        <time>2022-10-15T12:16:02Z</time>
      </trkpt>
      <trkpt lat="42.782540" lon="-2.160534">
        <ele>947.215</ele>
        <time>2022-10-15T12:16:05Z</time>
      </trkpt>
      <trkpt lat="42.782585" lon="-2.160537">
        <ele>947.409</ele>
        <time>2022-10-15T12:16:09Z</time>
      </trkpt>
      <trkpt lat="42.782632" lon="-2.160510">
        <ele>947.638</ele>
        <time>2022-10-15T12:16:12Z</time>
      </trkpt>
      <trkpt lat="42.782687" lon="-2.160513">
        <ele>947.848</ele>
        <time>2022-10-15T12:16:16Z</time>
      </trkpt>
      <trkpt lat="42.782735" lon="-2.160523">
        <ele>948.013</ele>
        <time>2022-10-15T12:16:20Z</time>
      </trkpt>
      <trkpt lat="42.782780" lon="-2.160488">
        <ele>948.290</ele>
        <time>2022-10-15T12:16:24Z</time>
      </trkpt>
      <trkpt lat="42.782830" lon="-2.160481">
        <ele>948.399</ele>
        <time>2022-10-15T12:16:27Z</time>
      </trkpt>
      <trkpt lat="42.782875" lon="-2.160481">
        <ele>948.339</ele>
        <time>2022-10-15T12:16:30Z</time>
      </trkpt>
      <trkpt lat="42.782920" lon="-2.160464">
        <ele>948.339</ele>
        <time>2022-10-15T12:16:34Z</time>
      </trkpt>
      <trkpt lat="42.782983" lon="-2.160452">
        <ele>948.432</ele>
        <time>2022-10-15T12:16:38Z</time>
      </trkpt>
      <trkpt lat="42.783038" lon="-2.160452">
        <ele>948.438</ele>
        <time>2022-10-15T12:16:41Z</time>
      </trkpt>
      <trkpt lat="42.783086" lon="-2.160450">
        <ele>948.318</ele>
        <time>2022-10-15T12:16:44Z</time>
      </trkpt>
      <trkpt lat="42.783133" lon="-2.160463">
        <ele>948.198</ele>
        <time>2022-10-15T12:16:48Z</time>
      </trkpt>
      <trkpt lat="42.783176" lon="-2.160436">
        <ele>948.017</ele>
        <time>2022-10-15T12:16:56Z</time>
      </trkpt>
      <trkpt lat="42.783228" lon="-2.160398">
        <ele>947.909</ele>
        <time>2022-10-15T12:17:01Z</time>
      </trkpt>
      <trkpt lat="42.783280" lon="-2.160373">
        <ele>947.822</ele>
        <time>2022-10-15T12:17:04Z</time>
      </trkpt>
      <trkpt lat="42.783337" lon="-2.160350">
        <ele>947.772</ele>
        <time>2022-10-15T12:17:07Z</time>
      </trkpt>
      <trkpt lat="42.783379" lon="-2.160310">
        <ele>947.747</ele>
        <time>2022-10-15T12:17:11Z</time>
      </trkpt>
      <trkpt lat="42.783429" lon="-2.160263">
        <ele>947.714</ele>
        <time>2022-10-15T12:17:15Z</time>
      </trkpt>
      <trkpt lat="42.783466" lon="-2.160220">
        <ele>947.513</ele>
        <time>2022-10-15T12:17:18Z</time>
      </trkpt>
      <trkpt lat="42.783513" lon="-2.160163">
        <ele>947.413</ele>
        <time>2022-10-15T12:17:21Z</time>
      </trkpt>
      <trkpt lat="42.783551" lon="-2.160115">
        <ele>947.283</ele>
        <time>2022-10-15T12:17:24Z</time>
      </trkpt>
      <trkpt lat="42.783579" lon="-2.160060">
        <ele>947.116</ele>
        <time>2022-10-15T12:17:27Z</time>
      </trkpt>
      <trkpt lat="42.783612" lon="-2.160018">
        <ele>947.012</ele>
        <time>2022-10-15T12:17:31Z</time>
      </trkpt>
      <trkpt lat="42.783650" lon="-2.159980">
        <ele>946.983</ele>
        <time>2022-10-15T12:17:36Z</time>
      </trkpt>
      <trkpt lat="42.783690" lon="-2.159943">
        <ele>946.725</ele>
        <time>2022-10-15T12:17:40Z</time>
      </trkpt>
      <trkpt lat="42.783737" lon="-2.159903">
        <ele>946.517</ele>
        <time>2022-10-15T12:17:43Z</time>
      </trkpt>
      <trkpt lat="42.783780" lon="-2.159870">
        <ele>946.409</ele>
        <time>2022-10-15T12:17:46Z</time>
      </trkpt>
      <trkpt lat="42.783817" lon="-2.159828">
        <ele>946.319</ele>
        <time>2022-10-15T12:17:52Z</time>
      </trkpt>
      <trkpt lat="42.783859" lon="-2.159778">
        <ele>946.179</ele>
        <time>2022-10-15T12:17:58Z</time>
      </trkpt>
      <trkpt lat="42.783916" lon="-2.159761">
        <ele>946.094</ele>
        <time>2022-10-15T12:18:02Z</time>
      </trkpt>
      <trkpt lat="42.783958" lon="-2.159738">
        <ele>946.091</ele>
        <time>2022-10-15T12:18:05Z</time>
      </trkpt>
      <trkpt lat="42.784008" lon="-2.159716">
        <ele>946.020</ele>
        <time>2022-10-15T12:18:09Z</time>
      </trkpt>
      <trkpt lat="42.784046" lon="-2.159676">
        <ele>946.270</ele>
        <time>2022-10-15T12:18:13Z</time>
      </trkpt>
      <trkpt lat="42.784084" lon="-2.159638">
        <ele>946.380</ele>
        <time>2022-10-15T12:18:16Z</time>
      </trkpt>
      <trkpt lat="42.784134" lon="-2.159608">
        <ele>946.413</ele>
        <time>2022-10-15T12:18:19Z</time>
      </trkpt>
      <trkpt lat="42.784181" lon="-2.159570">
        <ele>946.689</ele>
        <time>2022-10-15T12:18:23Z</time>
      </trkpt>
      <trkpt lat="42.784228" lon="-2.159538">
        <ele>946.928</ele>
        <time>2022-10-15T12:18:29Z</time>
      </trkpt>
      <trkpt lat="42.784278" lon="-2.159545">
        <ele>947.089</ele>
        <time>2022-10-15T12:18:32Z</time>
      </trkpt>
      <trkpt lat="42.784325" lon="-2.159522">
        <ele>947.317</ele>
        <time>2022-10-15T12:18:35Z</time>
      </trkpt>
      <trkpt lat="42.784373" lon="-2.159504">
        <ele>947.509</ele>
        <time>2022-10-15T12:18:38Z</time>
      </trkpt>
      <trkpt lat="42.784420" lon="-2.159474">
        <ele>947.883</ele>
        <time>2022-10-15T12:18:42Z</time>
      </trkpt>
      <trkpt lat="42.784463" lon="-2.159451">
        <ele>948.063</ele>
        <time>2022-10-15T12:18:46Z</time>
      </trkpt>
      <trkpt lat="42.784516" lon="-2.159423">
        <ele>948.028</ele>
        <time>2022-10-15T12:18:49Z</time>
      </trkpt>
      <trkpt lat="42.784563" lon="-2.159405">
        <ele>948.185</ele>
        <time>2022-10-15T12:18:52Z</time>
      </trkpt>
      <trkpt lat="42.784610" lon="-2.159390">
        <ele>948.154</ele>
        <time>2022-10-15T12:18:57Z</time>
      </trkpt>
      <trkpt lat="42.784667" lon="-2.159377">
        <ele>948.254</ele>
        <time>2022-10-15T12:19:01Z</time>
      </trkpt>
      <trkpt lat="42.784727" lon="-2.159370">
        <ele>948.364</ele>
        <time>2022-10-15T12:19:04Z</time>
      </trkpt>
      <trkpt lat="42.784780" lon="-2.159367">
        <ele>948.357</ele>
        <time>2022-10-15T12:19:08Z</time>
      </trkpt>
      <trkpt lat="42.784828" lon="-2.159345">
        <ele>948.433</ele>
        <time>2022-10-15T12:19:13Z</time>
      </trkpt>
      <trkpt lat="42.784886" lon="-2.159317">
        <ele>948.586</ele>
        <time>2022-10-15T12:19:17Z</time>
      </trkpt>
      <trkpt lat="42.784934" lon="-2.159317">
        <ele>948.560</ele>
        <time>2022-10-15T12:19:21Z</time>
      </trkpt>
      <trkpt lat="42.784979" lon="-2.159315">
        <ele>948.526</ele>
        <time>2022-10-15T12:19:25Z</time>
      </trkpt>
      <trkpt lat="42.785031" lon="-2.159293">
        <ele>948.609</ele>
        <time>2022-10-15T12:19:30Z</time>
      </trkpt>
      <trkpt lat="42.785076" lon="-2.159278">
        <ele>948.839</ele>
        <time>2022-10-15T12:19:33Z</time>
      </trkpt>
      <trkpt lat="42.785128" lon="-2.159268">
        <ele>948.919</ele>
        <time>2022-10-15T12:19:36Z</time>
      </trkpt>
      <trkpt lat="42.785173" lon="-2.159263">
        <ele>949.164</ele>
        <time>2022-10-15T12:19:40Z</time>
      </trkpt>
      <trkpt lat="42.785231" lon="-2.159253">
        <ele>949.351</ele>
        <time>2022-10-15T12:19:45Z</time>
      </trkpt>
      <trkpt lat="42.785283" lon="-2.159228">
        <ele>949.620</ele>
        <time>2022-10-15T12:19:49Z</time>
      </trkpt>
      <trkpt lat="42.785321" lon="-2.159170">
        <ele>950.030</ele>
        <time>2022-10-15T12:19:53Z</time>
      </trkpt>
      <trkpt lat="42.785373" lon="-2.159137">
        <ele>950.120</ele>
        <time>2022-10-15T12:19:57Z</time>
      </trkpt>
      <trkpt lat="42.785423" lon="-2.159127">
        <ele>950.163</ele>
        <time>2022-10-15T12:20:01Z</time>
      </trkpt>
      <trkpt lat="42.785471" lon="-2.159127">
        <ele>950.099</ele>
        <time>2022-10-15T12:20:05Z</time>
      </trkpt>
      <trkpt lat="42.785531" lon="-2.159122">
        <ele>950.068</ele>
        <time>2022-10-15T12:20:09Z</time>
      </trkpt>
      <trkpt lat="42.785579" lon="-2.159114">
        <ele>949.842</ele>
        <time>2022-10-15T12:20:12Z</time>
      </trkpt>
      <trkpt lat="42.785629" lon="-2.159102">
        <ele>949.526</ele>
        <time>2022-10-15T12:20:17Z</time>
      </trkpt>
      <trkpt lat="42.785676" lon="-2.159075">
        <ele>949.309</ele>
        <time>2022-10-15T12:20:22Z</time>
      </trkpt>
      <trkpt lat="42.785726" lon="-2.159047">
        <ele>949.027</ele>
        <time>2022-10-15T12:20:27Z</time>
      </trkpt>
      <trkpt lat="42.785771" lon="-2.159019">
        <ele>948.987</ele>
        <time>2022-10-15T12:20:30Z</time>
      </trkpt>
      <trkpt lat="42.785821" lon="-2.158984">
        <ele>948.732</ele>
        <time>2022-10-15T12:20:33Z</time>
      </trkpt>
      <trkpt lat="42.785861" lon="-2.158949">
        <ele>948.439</ele>
        <time>2022-10-15T12:20:36Z</time>
      </trkpt>
      <trkpt lat="42.785909" lon="-2.158909">
        <ele>947.958</ele>
        <time>2022-10-15T12:20:39Z</time>
      </trkpt>
      <trkpt lat="42.785946" lon="-2.158871">
        <ele>947.448</ele>
        <time>2022-10-15T12:20:43Z</time>
      </trkpt>
      <trkpt lat="42.785991" lon="-2.158833">
        <ele>946.888</ele>
        <time>2022-10-15T12:20:48Z</time>
      </trkpt>
      <trkpt lat="42.786028" lon="-2.158795">
        <ele>946.441</ele>
        <time>2022-10-15T12:20:53Z</time>
      </trkpt>
      <trkpt lat="42.786081" lon="-2.158772">
        <ele>945.857</ele>
        <time>2022-10-15T12:20:57Z</time>
      </trkpt>
      <trkpt lat="42.786133" lon="-2.158765">
        <ele>945.688</ele>
        <time>2022-10-15T12:21:00Z</time>
      </trkpt>
      <trkpt lat="42.786186" lon="-2.158753">
        <ele>945.924</ele>
        <time>2022-10-15T12:21:03Z</time>
      </trkpt>
      <trkpt lat="42.786236" lon="-2.158721">
        <ele>946.326</ele>
        <time>2022-10-15T12:21:06Z</time>
      </trkpt>
      <trkpt lat="42.786278" lon="-2.158689">
        <ele>946.809</ele>
        <time>2022-10-15T12:21:09Z</time>
      </trkpt>
      <trkpt lat="42.786328" lon="-2.158657">
        <ele>947.349</ele>
        <time>2022-10-15T12:21:13Z</time>
      </trkpt>
      <trkpt lat="42.786380" lon="-2.158650">
        <ele>947.729</ele>
        <time>2022-10-15T12:21:17Z</time>
      </trkpt>
      <trkpt lat="42.786425" lon="-2.158613">
        <ele>948.014</ele>
        <time>2022-10-15T12:21:21Z</time>
      </trkpt>
      <trkpt lat="42.786472" lon="-2.158606">
        <ele>948.031</ele>
        <time>2022-10-15T12:21:24Z</time>
      </trkpt>
      <trkpt lat="42.786525" lon="-2.158594">
        <ele>948.020</ele>
        <time>2022-10-15T12:21:27Z</time>
      </trkpt>
      <trkpt lat="42.786573" lon="-2.158572">
        <ele>948.160</ele>
        <time>2022-10-15T12:21:31Z</time>
      </trkpt>
      <trkpt lat="42.786621" lon="-2.158562">
        <ele>948.140</ele>
        <time>2022-10-15T12:21:35Z</time>
      </trkpt>
      <trkpt lat="42.786668" lon="-2.158547">
        <ele>948.253</ele>
        <time>2022-10-15T12:21:40Z</time>
      </trkpt>
      <trkpt lat="42.786725" lon="-2.158544">
        <ele>948.119</ele>
        <time>2022-10-15T12:21:44Z</time>
      </trkpt>
      <trkpt lat="42.786773" lon="-2.158516">
        <ele>948.179</ele>
        <time>2022-10-15T12:21:49Z</time>
      </trkpt>
      <trkpt lat="42.786825" lon="-2.158486">
        <ele>948.105</ele>
        <time>2022-10-15T12:21:52Z</time>
      </trkpt>
      <trkpt lat="42.786875" lon="-2.158448">
        <ele>948.325</ele>
        <time>2022-10-15T12:21:55Z</time>
      </trkpt>
      <trkpt lat="42.786912" lon="-2.158411">
        <ele>948.509</ele>
        <time>2022-10-15T12:21:58Z</time>
      </trkpt>
      <trkpt lat="42.786967" lon="-2.158389">
        <ele>948.488</ele>
        <time>2022-10-15T12:22:03Z</time>
      </trkpt>
      <trkpt lat="42.787019" lon="-2.158354">
        <ele>948.368</ele>
        <time>2022-10-15T12:22:07Z</time>
      </trkpt>
      <trkpt lat="42.787061" lon="-2.158326">
        <ele>948.223</ele>
        <time>2022-10-15T12:22:10Z</time>
      </trkpt>
      <trkpt lat="42.787109" lon="-2.158299">
        <ele>948.020</ele>
        <time>2022-10-15T12:22:14Z</time>
      </trkpt>
      <trkpt lat="42.787152" lon="-2.158259">
        <ele>948.059</ele>
        <time>2022-10-15T12:22:19Z</time>
      </trkpt>
      <trkpt lat="42.787209" lon="-2.158246">
        <ele>947.789</ele>
        <time>2022-10-15T12:22:23Z</time>
      </trkpt>
      <trkpt lat="42.787257" lon="-2.158216">
        <ele>947.849</ele>
        <time>2022-10-15T12:22:27Z</time>
      </trkpt>
      <trkpt lat="42.787302" lon="-2.158181">
        <ele>948.072</ele>
        <time>2022-10-15T12:22:30Z</time>
      </trkpt>
      <trkpt lat="42.787354" lon="-2.158148">
        <ele>948.248</ele>
        <time>2022-10-15T12:22:33Z</time>
      </trkpt>
      <trkpt lat="42.787392" lon="-2.158108">
        <ele>948.578</ele>
        <time>2022-10-15T12:22:36Z</time>
      </trkpt>
      <trkpt lat="42.787435" lon="-2.158086">
        <ele>948.733</ele>
        <time>2022-10-15T12:22:39Z</time>
      </trkpt>
      <trkpt lat="42.787482" lon="-2.158056">
        <ele>949.026</ele>
        <time>2022-10-15T12:22:44Z</time>
      </trkpt>
      <trkpt lat="42.787532" lon="-2.158024">
        <ele>949.009</ele>
        <time>2022-10-15T12:22:49Z</time>
      </trkpt>
      <trkpt lat="42.787575" lon="-2.157977">
        <ele>949.138</ele>
        <time>2022-10-15T12:22:52Z</time>
      </trkpt>
      <trkpt lat="42.787617" lon="-2.157937">
        <ele>949.278</ele>
        <time>2022-10-15T12:22:56Z</time>
      </trkpt>
      <trkpt lat="42.787660" lon="-2.157919">
        <ele>949.233</ele>
        <time>2022-10-15T12:23:00Z</time>
      </trkpt>
      <trkpt lat="42.787713" lon="-2.157879">
        <ele>949.450</ele>
        <time>2022-10-15T12:23:04Z</time>
      </trkpt>
      <trkpt lat="42.787760" lon="-2.157856">
        <ele>949.539</ele>
        <time>2022-10-15T12:23:07Z</time>
      </trkpt>
      <trkpt lat="42.787802" lon="-2.157823">
        <ele>949.369</ele>
        <time>2022-10-15T12:23:10Z</time>
      </trkpt>
      <trkpt lat="42.787847" lon="-2.157796">
        <ele>948.999</ele>
        <time>2022-10-15T12:23:13Z</time>
      </trkpt>
      <trkpt lat="42.787890" lon="-2.157774">
        <ele>948.422</ele>
        <time>2022-10-15T12:23:17Z</time>
      </trkpt>
      <trkpt lat="42.787943" lon="-2.157762">
        <ele>947.698</ele>
        <time>2022-10-15T12:23:21Z</time>
      </trkpt>
      <trkpt lat="42.787986" lon="-2.157744">
        <ele>947.028</ele>
        <time>2022-10-15T12:23:25Z</time>
      </trkpt>
      <trkpt lat="42.788034" lon="-2.157734">
        <ele>946.389</ele>
        <time>2022-10-15T12:23:29Z</time>
      </trkpt>
      <trkpt lat="42.788079" lon="-2.157709">
        <ele>945.917</ele>
        <time>2022-10-15T12:23:33Z</time>
      </trkpt>
      <trkpt lat="42.788127" lon="-2.157701">
        <ele>945.709</ele>
        <time>2022-10-15T12:23:38Z</time>
      </trkpt>
      <trkpt lat="42.788175" lon="-2.157679">
        <ele>945.643</ele>
        <time>2022-10-15T12:23:43Z</time>
      </trkpt>
      <trkpt lat="42.788230" lon="-2.157647">
        <ele>945.453</ele>
        <time>2022-10-15T12:23:47Z</time>
      </trkpt>
      <trkpt lat="42.788292" lon="-2.157625">
        <ele>945.188</ele>
        <time>2022-10-15T12:23:50Z</time>
      </trkpt>
      <trkpt lat="42.788354" lon="-2.157600">
        <ele>945.025</ele>
        <time>2022-10-15T12:23:53Z</time>
      </trkpt>
      <trkpt lat="42.788397" lon="-2.157565">
        <ele>945.064</ele>
        <time>2022-10-15T12:23:56Z</time>
      </trkpt>
      <trkpt lat="42.788439" lon="-2.157530">
        <ele>945.064</ele>
        <time>2022-10-15T12:24:00Z</time>
      </trkpt>
      <trkpt lat="42.788457" lon="-2.157467">
        <ele>945.194</ele>
        <time>2022-10-15T12:24:04Z</time>
      </trkpt>
      <trkpt lat="42.788484" lon="-2.157402">
        <ele>945.247</ele>
        <time>2022-10-15T12:24:08Z</time>
      </trkpt>
      <trkpt lat="42.788519" lon="-2.157357">
        <ele>945.393</ele>
        <time>2022-10-15T12:24:11Z</time>
      </trkpt>
      <trkpt lat="42.788554" lon="-2.157300">
        <ele>945.686</ele>
        <time>2022-10-15T12:24:15Z</time>
      </trkpt>
      <trkpt lat="42.788579" lon="-2.157238">
        <ele>945.860</ele>
        <time>2022-10-15T12:24:20Z</time>
      </trkpt>
      <trkpt lat="42.788604" lon="-2.157175">
        <ele>946.126</ele>
        <time>2022-10-15T12:24:24Z</time>
      </trkpt>
      <trkpt lat="42.788631" lon="-2.157105">
        <ele>946.209</ele>
        <time>2022-10-15T12:24:28Z</time>
      </trkpt>
      <trkpt lat="42.788639" lon="-2.157043">
        <ele>946.359</ele>
        <time>2022-10-15T12:24:31Z</time>
      </trkpt>
      <trkpt lat="42.788667" lon="-2.156986">
        <ele>946.219</ele>
        <time>2022-10-15T12:24:35Z</time>
      </trkpt>
      <trkpt lat="42.788712" lon="-2.156958">
        <ele>945.964</ele>
        <time>2022-10-15T12:24:39Z</time>
      </trkpt>
      <trkpt lat="42.788762" lon="-2.156935">
        <ele>945.361</ele>
        <time>2022-10-15T12:24:42Z</time>
      </trkpt>
      <trkpt lat="42.788804" lon="-2.156907">
        <ele>944.830</ele>
        <time>2022-10-15T12:24:46Z</time>
      </trkpt>
      <trkpt lat="42.788854" lon="-2.156890">
        <ele>944.220</ele>
        <time>2022-10-15T12:24:52Z</time>
      </trkpt>
      <trkpt lat="42.788914" lon="-2.156880">
        <ele>943.440</ele>
        <time>2022-10-15T12:24:57Z</time>
      </trkpt>
      <trkpt lat="42.788979" lon="-2.156895">
        <ele>942.623</ele>
        <time>2022-10-15T12:25:00Z</time>
      </trkpt>
      <trkpt lat="42.789024" lon="-2.156897">
        <ele>942.019</ele>
        <time>2022-10-15T12:25:03Z</time>
      </trkpt>
      <trkpt lat="42.789067" lon="-2.156880">
        <ele>941.469</ele>
        <time>2022-10-15T12:25:08Z</time>
      </trkpt>
      <trkpt lat="42.789115" lon="-2.156863">
        <ele>940.704</ele>
        <time>2022-10-15T12:25:13Z</time>
      </trkpt>
      <trkpt lat="42.789160" lon="-2.156855">
        <ele>940.124</ele>
        <time>2022-10-15T12:25:17Z</time>
      </trkpt>
      <trkpt lat="42.789212" lon="-2.156837">
        <ele>939.709</ele>
        <time>2022-10-15T12:25:21Z</time>
      </trkpt>
      <trkpt lat="42.789264" lon="-2.156824">
        <ele>939.527</ele>
        <time>2022-10-15T12:25:24Z</time>
      </trkpt>
      <trkpt lat="42.789312" lon="-2.156832">
        <ele>939.237</ele>
        <time>2022-10-15T12:25:27Z</time>
      </trkpt>
      <trkpt lat="42.789365" lon="-2.156830">
        <ele>938.982</ele>
        <time>2022-10-15T12:25:30Z</time>
      </trkpt>
      <trkpt lat="42.789417" lon="-2.156795">
        <ele>938.719</ele>
        <time>2022-10-15T12:25:34Z</time>
      </trkpt>
      <trkpt lat="42.789459" lon="-2.156770">
        <ele>938.668</ele>
        <time>2022-10-15T12:25:37Z</time>
      </trkpt>
      <trkpt lat="42.789501" lon="-2.156745">
        <ele>938.838</ele>
        <time>2022-10-15T12:25:40Z</time>
      </trkpt>
      <trkpt lat="42.789556" lon="-2.156738">
        <ele>938.918</ele>
        <time>2022-10-15T12:25:43Z</time>
      </trkpt>
      <trkpt lat="42.789601" lon="-2.156715">
        <ele>939.271</ele>
        <time>2022-10-15T12:25:48Z</time>
      </trkpt>
      <trkpt lat="42.789646" lon="-2.156732">
        <ele>939.197</ele>
        <time>2022-10-15T12:25:51Z</time>
      </trkpt>
      <trkpt lat="42.789696" lon="-2.156754">
        <ele>939.044</ele>
        <time>2022-10-15T12:25:54Z</time>
      </trkpt>
      <trkpt lat="42.789749" lon="-2.156757">
        <ele>939.105</ele>
        <time>2022-10-15T12:25:58Z</time>
      </trkpt>
      <trkpt lat="42.789797" lon="-2.156720">
        <ele>939.515</ele>
        <time>2022-10-15T12:26:02Z</time>
      </trkpt>
      <trkpt lat="42.789844" lon="-2.156675">
        <ele>939.909</ele>
        <time>2022-10-15T12:26:06Z</time>
      </trkpt>
      <trkpt lat="42.789899" lon="-2.156653">
        <ele>940.075</ele>
        <time>2022-10-15T12:26:11Z</time>
      </trkpt>
      <trkpt lat="42.789951" lon="-2.156643">
        <ele>940.195</ele>
        <time>2022-10-15T12:26:15Z</time>
      </trkpt>
      <trkpt lat="42.790006" lon="-2.156640">
        <ele>940.160</ele>
        <time>2022-10-15T12:26:20Z</time>
      </trkpt>
      <trkpt lat="42.790066" lon="-2.156615">
        <ele>939.857</ele>
        <time>2022-10-15T12:26:24Z</time>
      </trkpt>
      <trkpt lat="42.790113" lon="-2.156605">
        <ele>939.526</ele>
        <time>2022-10-15T12:26:27Z</time>
      </trkpt>
      <trkpt lat="42.790170" lon="-2.156580">
        <ele>939.326</ele>
        <time>2022-10-15T12:26:31Z</time>
      </trkpt>
      <trkpt lat="42.790230" lon="-2.156560">
        <ele>939.036</ele>
        <time>2022-10-15T12:26:34Z</time>
      </trkpt>
      <trkpt lat="42.790285" lon="-2.156538">
        <ele>938.949</ele>
        <time>2022-10-15T12:26:38Z</time>
      </trkpt>
      <trkpt lat="42.790338" lon="-2.156535">
        <ele>938.585</ele>
        <time>2022-10-15T12:26:41Z</time>
      </trkpt>
      <trkpt lat="42.790383" lon="-2.156520">
        <ele>938.358</ele>
        <time>2022-10-15T12:26:44Z</time>
      </trkpt>
      <trkpt lat="42.790435" lon="-2.156507">
        <ele>938.052</ele>
        <time>2022-10-15T12:26:48Z</time>
      </trkpt>
      <trkpt lat="42.790487" lon="-2.156477">
        <ele>937.917</ele>
        <time>2022-10-15T12:26:52Z</time>
      </trkpt>
      <trkpt lat="42.790542" lon="-2.156452">
        <ele>937.609</ele>
        <time>2022-10-15T12:26:58Z</time>
      </trkpt>
      <trkpt lat="42.790590" lon="-2.156429">
        <ele>937.446</ele>
        <time>2022-10-15T12:27:02Z</time>
      </trkpt>
      <trkpt lat="42.790637" lon="-2.156402">
        <ele>937.086</ele>
        <time>2022-10-15T12:27:06Z</time>
      </trkpt>
      <trkpt lat="42.790692" lon="-2.156382">
        <ele>936.521</ele>
        <time>2022-10-15T12:27:10Z</time>
      </trkpt>
      <trkpt lat="42.790737" lon="-2.156350">
        <ele>936.158</ele>
        <time>2022-10-15T12:27:13Z</time>
      </trkpt>
      <trkpt lat="42.790790" lon="-2.156322">
        <ele>935.727</ele>
        <time>2022-10-15T12:27:16Z</time>
      </trkpt>
      <trkpt lat="42.790837" lon="-2.156300">
        <ele>935.327</ele>
        <time>2022-10-15T12:27:19Z</time>
      </trkpt>
      <trkpt lat="42.790892" lon="-2.156267">
        <ele>935.127</ele>
        <time>2022-10-15T12:27:22Z</time>
      </trkpt>
      <trkpt lat="42.790950" lon="-2.156247">
        <ele>934.970</ele>
        <time>2022-10-15T12:27:25Z</time>
      </trkpt>
      <trkpt lat="42.790993" lon="-2.156229">
        <ele>934.836</ele>
        <time>2022-10-15T12:27:28Z</time>
      </trkpt>
      <trkpt lat="42.791028" lon="-2.156186">
        <ele>934.889</ele>
        <time>2022-10-15T12:27:32Z</time>
      </trkpt>
      <trkpt lat="42.791066" lon="-2.156151">
        <ele>934.906</ele>
        <time>2022-10-15T12:27:35Z</time>
      </trkpt>
      <trkpt lat="42.791109" lon="-2.156111">
        <ele>935.026</ele>
        <time>2022-10-15T12:27:40Z</time>
      </trkpt>
      <trkpt lat="42.791154" lon="-2.156066">
        <ele>935.009</ele>
        <time>2022-10-15T12:27:45Z</time>
      </trkpt>
      <trkpt lat="42.791211" lon="-2.156031">
        <ele>934.959</ele>
        <time>2022-10-15T12:27:49Z</time>
      </trkpt>
      <trkpt lat="42.791269" lon="-2.156016">
        <ele>934.529</ele>
        <time>2022-10-15T12:27:52Z</time>
      </trkpt>
      <trkpt lat="42.791326" lon="-2.156026">
        <ele>934.164</ele>
        <time>2022-10-15T12:27:55Z</time>
      </trkpt>
      <trkpt lat="42.791374" lon="-2.156001">
        <ele>933.941</ele>
        <time>2022-10-15T12:27:59Z</time>
      </trkpt>
      <trkpt lat="42.791412" lon="-2.155953">
        <ele>933.930</ele>
        <time>2022-10-15T12:28:03Z</time>
      </trkpt>
      <trkpt lat="42.791454" lon="-2.155930">
        <ele>933.820</ele>
        <time>2022-10-15T12:28:08Z</time>
      </trkpt>
      <trkpt lat="42.791506" lon="-2.155905">
        <ele>933.520</ele>
        <time>2022-10-15T12:28:13Z</time>
      </trkpt>
      <trkpt lat="42.791554" lon="-2.155902">
        <ele>933.283</ele>
        <time>2022-10-15T12:28:16Z</time>
      </trkpt>
      <trkpt lat="42.791601" lon="-2.155912">
        <ele>932.799</ele>
        <time>2022-10-15T12:28:19Z</time>
      </trkpt>
      <trkpt lat="42.791654" lon="-2.155909">
        <ele>932.335</ele>
        <time>2022-10-15T12:28:22Z</time>
      </trkpt>
      <trkpt lat="42.791714" lon="-2.155906">
        <ele>932.086</ele>
        <time>2022-10-15T12:28:25Z</time>
      </trkpt>
      <trkpt lat="42.791766" lon="-2.155884">
        <ele>931.914</ele>
        <time>2022-10-15T12:28:29Z</time>
      </trkpt>
      <trkpt lat="42.791814" lon="-2.155861">
        <ele>931.709</ele>
        <time>2022-10-15T12:28:34Z</time>
      </trkpt>
      <trkpt lat="42.791857" lon="-2.155838">
        <ele>931.664</ele>
        <time>2022-10-15T12:28:38Z</time>
      </trkpt>
      <trkpt lat="42.791907" lon="-2.155815">
        <ele>931.374</ele>
        <time>2022-10-15T12:28:43Z</time>
      </trkpt>
      <trkpt lat="42.791959" lon="-2.155792">
        <ele>931.179</ele>
        <time>2022-10-15T12:28:48Z</time>
      </trkpt>
      <trkpt lat="42.792009" lon="-2.155785">
        <ele>930.996</ele>
        <time>2022-10-15T12:28:52Z</time>
      </trkpt>
      <trkpt lat="42.792066" lon="-2.155773">
        <ele>930.895</ele>
        <time>2022-10-15T12:28:55Z</time>
      </trkpt>
      <trkpt lat="42.792121" lon="-2.155763">
        <ele>930.685</ele>
        <time>2022-10-15T12:28:58Z</time>
      </trkpt>
      <trkpt lat="42.792179" lon="-2.155751">
        <ele>930.565</ele>
        <time>2022-10-15T12:29:02Z</time>
      </trkpt>
      <trkpt lat="42.792229" lon="-2.155741">
        <ele>930.338</ele>
        <time>2022-10-15T12:29:07Z</time>
      </trkpt>
      <trkpt lat="42.792269" lon="-2.155709">
        <ele>930.354</ele>
        <time>2022-10-15T12:29:11Z</time>
      </trkpt>
      <trkpt lat="42.792314" lon="-2.155674">
        <ele>930.225</ele>
        <time>2022-10-15T12:29:16Z</time>
      </trkpt>
      <trkpt lat="42.792376" lon="-2.155646">
        <ele>930.126</ele>
        <time>2022-10-15T12:29:20Z</time>
      </trkpt>
      <trkpt lat="42.792428" lon="-2.155653">
        <ele>929.908</ele>
        <time>2022-10-15T12:29:22Z</time>
      </trkpt>
      <trkpt lat="42.792473" lon="-2.155660">
        <ele>929.709</ele>
        <time>2022-10-15T12:29:24Z</time>
      </trkpt>
      <trkpt lat="42.792520" lon="-2.155655">
        <ele>929.563</ele>
        <time>2022-10-15T12:29:27Z</time>
      </trkpt>
      <trkpt lat="42.792565" lon="-2.155630">
        <ele>929.263</ele>
        <time>2022-10-15T12:29:32Z</time>
      </trkpt>
      <trkpt lat="42.792607" lon="-2.155598">
        <ele>929.058</ele>
        <time>2022-10-15T12:29:38Z</time>
      </trkpt>
      <trkpt lat="42.792657" lon="-2.155596">
        <ele>928.675</ele>
        <time>2022-10-15T12:29:42Z</time>
      </trkpt>
      <trkpt lat="42.792714" lon="-2.155596">
        <ele>928.244</ele>
        <time>2022-10-15T12:29:46Z</time>
      </trkpt>
      <trkpt lat="42.792764" lon="-2.155623">
        <ele>927.684</ele>
        <time>2022-10-15T12:29:49Z</time>
      </trkpt>
      <trkpt lat="42.792817" lon="-2.155636">
        <ele>927.454</ele>
        <time>2022-10-15T12:29:52Z</time>
      </trkpt>
      <trkpt lat="42.792872" lon="-2.155619">
        <ele>927.537</ele>
        <time>2022-10-15T12:29:55Z</time>
      </trkpt>
      <trkpt lat="42.792922" lon="-2.155592">
        <ele>927.773</ele>
        <time>2022-10-15T12:29:58Z</time>
      </trkpt>
      <trkpt lat="42.792970" lon="-2.155570">
        <ele>927.953</ele>
        <time>2022-10-15T12:30:02Z</time>
      </trkpt>
      <trkpt lat="42.793018" lon="-2.155567">
        <ele>927.904</ele>
        <time>2022-10-15T12:30:06Z</time>
      </trkpt>
      <trkpt lat="42.793071" lon="-2.155582">
        <ele>927.914</ele>
        <time>2022-10-15T12:30:11Z</time>
      </trkpt>
      <trkpt lat="42.793118" lon="-2.155572">
        <ele>928.109</ele>
        <time>2022-10-15T12:30:15Z</time>
      </trkpt>
      <trkpt lat="42.793173" lon="-2.155555">
        <ele>928.426</ele>
        <time>2022-10-15T12:30:19Z</time>
      </trkpt>
      <trkpt lat="42.793231" lon="-2.155523">
        <ele>928.526</ele>
        <time>2022-10-15T12:30:22Z</time>
      </trkpt>
      <trkpt lat="42.793286" lon="-2.155495">
        <ele>928.651</ele>
        <time>2022-10-15T12:30:25Z</time>
      </trkpt>
      <trkpt lat="42.793339" lon="-2.155467">
        <ele>928.668</ele>
        <time>2022-10-15T12:30:28Z</time>
      </trkpt>
      <trkpt lat="42.793369" lon="-2.155405">
        <ele>928.237</ele>
        <time>2022-10-15T12:30:33Z</time>
      </trkpt>
      <trkpt lat="42.793399" lon="-2.155350">
        <ele>927.967</ele>
        <time>2022-10-15T12:30:37Z</time>
      </trkpt>
      <trkpt lat="42.793432" lon="-2.155282">
        <ele>927.647</ele>
        <time>2022-10-15T12:30:41Z</time>
      </trkpt>
      <trkpt lat="42.793484" lon="-2.155227">
        <ele>927.310</ele>
        <time>2022-10-15T12:30:44Z</time>
      </trkpt>
      <trkpt lat="42.793526" lon="-2.155174">
        <ele>927.286</ele>
        <time>2022-10-15T12:30:48Z</time>
      </trkpt>
      <trkpt lat="42.793551" lon="-2.155116">
        <ele>927.343</ele>
        <time>2022-10-15T12:30:51Z</time>
      </trkpt>
      <trkpt lat="42.793583" lon="-2.155059">
        <ele>927.664</ele>
        <time>2022-10-15T12:30:54Z</time>
      </trkpt>
      <trkpt lat="42.793628" lon="-2.155016">
        <ele>927.810</ele>
        <time>2022-10-15T12:30:57Z</time>
      </trkpt>
      <trkpt lat="42.793660" lon="-2.154971">
        <ele>927.609</ele>
        <time>2022-10-15T12:31:00Z</time>
      </trkpt>
      <trkpt lat="42.793702" lon="-2.154921">
        <ele>927.315</ele>
        <time>2022-10-15T12:31:03Z</time>
      </trkpt>
      <trkpt lat="42.793735" lon="-2.154879">
        <ele>927.385</ele>
        <time>2022-10-15T12:31:07Z</time>
      </trkpt>
      <trkpt lat="42.793768" lon="-2.154812">
        <ele>927.380</ele>
        <time>2022-10-15T12:31:12Z</time>
      </trkpt>
      <trkpt lat="42.793783" lon="-2.154752">
        <ele>927.527</ele>
        <time>2022-10-15T12:31:17Z</time>
      </trkpt>
      <trkpt lat="42.793821" lon="-2.154697">
        <ele>927.736</ele>
        <time>2022-10-15T12:31:21Z</time>
      </trkpt>
      <trkpt lat="42.793866" lon="-2.154680">
        <ele>927.966</ele>
        <time>2022-10-15T12:31:24Z</time>
      </trkpt>
      <trkpt lat="42.793906" lon="-2.154643">
        <ele>928.066</ele>
        <time>2022-10-15T12:31:27Z</time>
      </trkpt>
      <trkpt lat="42.793946" lon="-2.154606">
        <ele>928.039</ele>
        <time>2022-10-15T12:31:30Z</time>
      </trkpt>
      <trkpt lat="42.793983" lon="-2.154543">
        <ele>928.115</ele>
        <time>2022-10-15T12:31:34Z</time>
      </trkpt>
      <trkpt lat="42.794023" lon="-2.154495">
        <ele>928.361</ele>
        <time>2022-10-15T12:31:38Z</time>
      </trkpt>
      <trkpt lat="42.794063" lon="-2.154448">
        <ele>928.621</ele>
        <time>2022-10-15T12:31:43Z</time>
      </trkpt>
      <trkpt lat="42.794110" lon="-2.154398">
        <ele>928.713</ele>
        <time>2022-10-15T12:31:48Z</time>
      </trkpt>
      <trkpt lat="42.794143" lon="-2.154336">
        <ele>928.809</ele>
        <time>2022-10-15T12:31:51Z</time>
      </trkpt>
      <trkpt lat="42.794175" lon="-2.154283">
        <ele>929.067</ele>
        <time>2022-10-15T12:31:54Z</time>
      </trkpt>
      <trkpt lat="42.794220" lon="-2.154246">
        <ele>928.987</ele>
        <time>2022-10-15T12:31:59Z</time>
      </trkpt>
      <trkpt lat="42.794258" lon="-2.154213">
        <ele>928.962</ele>
        <time>2022-10-15T12:32:03Z</time>
      </trkpt>
      <trkpt lat="42.794303" lon="-2.154175">
        <ele>929.059</ele>
        <time>2022-10-15T12:32:07Z</time>
      </trkpt>
      <trkpt lat="42.794336" lon="-2.154128">
        <ele>929.018</ele>
        <time>2022-10-15T12:32:11Z</time>
      </trkpt>
      <trkpt lat="42.794379" lon="-2.154101">
        <ele>929.048</ele>
        <time>2022-10-15T12:32:14Z</time>
      </trkpt>
      <trkpt lat="42.794422" lon="-2.154081">
        <ele>929.078</ele>
        <time>2022-10-15T12:32:17Z</time>
      </trkpt>
      <trkpt lat="42.794467" lon="-2.154056">
        <ele>928.941</ele>
        <time>2022-10-15T12:32:21Z</time>
      </trkpt>
      <trkpt lat="42.794507" lon="-2.154028">
        <ele>928.737</ele>
        <time>2022-10-15T12:32:25Z</time>
      </trkpt>
      <trkpt lat="42.794554" lon="-2.153985">
        <ele>928.561</ele>
        <time>2022-10-15T12:32:31Z</time>
      </trkpt>
      <trkpt lat="42.794599" lon="-2.153955">
        <ele>928.321</ele>
        <time>2022-10-15T12:32:34Z</time>
      </trkpt>
      <trkpt lat="42.794657" lon="-2.153933">
        <ele>928.113</ele>
        <time>2022-10-15T12:32:37Z</time>
      </trkpt>
      <trkpt lat="42.794702" lon="-2.153915">
        <ele>928.009</ele>
        <time>2022-10-15T12:32:39Z</time>
      </trkpt>
      <trkpt lat="42.794759" lon="-2.153900">
        <ele>927.857</ele>
        <time>2022-10-15T12:32:42Z</time>
      </trkpt>
      <trkpt lat="42.794807" lon="-2.153867">
        <ele>927.667</ele>
        <time>2022-10-15T12:32:49Z</time>
      </trkpt>
      <trkpt lat="42.794852" lon="-2.153862">
        <ele>927.562</ele>
        <time>2022-10-15T12:32:51Z</time>
      </trkpt>
      <trkpt lat="42.794904" lon="-2.153842">
        <ele>927.319</ele>
        <time>2022-10-15T12:32:53Z</time>
      </trkpt>
      <trkpt lat="42.794949" lon="-2.153822">
        <ele>927.168</ele>
        <time>2022-10-15T12:32:55Z</time>
      </trkpt>
      <trkpt lat="42.794986" lon="-2.153764">
        <ele>927.058</ele>
        <time>2022-10-15T12:32:59Z</time>
      </trkpt>
      <trkpt lat="42.795033" lon="-2.153716">
        <ele>926.838</ele>
        <time>2022-10-15T12:33:03Z</time>
      </trkpt>
      <trkpt lat="42.795083" lon="-2.153678">
        <ele>926.451</ele>
        <time>2022-10-15T12:33:07Z</time>
      </trkpt>
      <trkpt lat="42.795133" lon="-2.153655">
        <ele>926.037</ele>
        <time>2022-10-15T12:33:11Z</time>
      </trkpt>
      <trkpt lat="42.795180" lon="-2.153640">
        <ele>925.755</ele>
        <time>2022-10-15T12:33:16Z</time>
      </trkpt>
      <trkpt lat="42.795235" lon="-2.153633">
        <ele>925.307</ele>
        <time>2022-10-15T12:33:19Z</time>
      </trkpt>
      <trkpt lat="42.795287" lon="-2.153643">
        <ele>925.017</ele>
        <time>2022-10-15T12:33:23Z</time>
      </trkpt>
      <trkpt lat="42.795345" lon="-2.153650">
        <ele>924.909</ele>
        <time>2022-10-15T12:33:29Z</time>
      </trkpt>
      <trkpt lat="42.795382" lon="-2.153695">
        <ele>924.876</ele>
        <time>2022-10-15T12:33:32Z</time>
      </trkpt>
      <trkpt lat="42.795420" lon="-2.153738">
        <ele>924.566</ele>
        <time>2022-10-15T12:33:35Z</time>
      </trkpt>
      <trkpt lat="42.795473" lon="-2.153743">
        <ele>924.351</ele>
        <time>2022-10-15T12:33:38Z</time>
      </trkpt>
      <trkpt lat="42.795511" lon="-2.153710">
        <ele>924.448</ele>
        <time>2022-10-15T12:33:42Z</time>
      </trkpt>
      <trkpt lat="42.795544" lon="-2.153650">
        <ele>924.747</ele>
        <time>2022-10-15T12:33:45Z</time>
      </trkpt>
      <trkpt lat="42.795591" lon="-2.153612">
        <ele>924.657</ele>
        <time>2022-10-15T12:33:50Z</time>
      </trkpt>
      <trkpt lat="42.795631" lon="-2.153579">
        <ele>924.277</ele>
        <time>2022-10-15T12:33:56Z</time>
      </trkpt>
      <trkpt lat="42.795658" lon="-2.153527">
        <ele>924.190</ele>
        <time>2022-10-15T12:33:59Z</time>
      </trkpt>
      <trkpt lat="42.795695" lon="-2.153480">
        <ele>924.036</ele>
        <time>2022-10-15T12:34:02Z</time>
      </trkpt>
      <trkpt lat="42.795733" lon="-2.153435">
        <ele>923.959</ele>
        <time>2022-10-15T12:34:05Z</time>
      </trkpt>
      <trkpt lat="42.795778" lon="-2.153393">
        <ele>923.903</ele>
        <time>2022-10-15T12:34:09Z</time>
      </trkpt>
      <trkpt lat="42.795821" lon="-2.153350">
        <ele>923.923</ele>
        <time>2022-10-15T12:34:14Z</time>
      </trkpt>
      <trkpt lat="42.795864" lon="-2.153290">
        <ele>923.809</ele>
        <time>2022-10-15T12:34:19Z</time>
      </trkpt>
      <trkpt lat="42.795906" lon="-2.153245">
        <ele>923.576</ele>
        <time>2022-10-15T12:34:23Z</time>
      </trkpt>
      <trkpt lat="42.795949" lon="-2.153202">
        <ele>923.276</ele>
        <time>2022-10-15T12:34:27Z</time>
      </trkpt>
      <trkpt lat="42.795996" lon="-2.153145">
        <ele>922.831</ele>
        <time>2022-10-15T12:34:31Z</time>
      </trkpt>
      <trkpt lat="42.796034" lon="-2.153103">
        <ele>922.668</ele>
        <time>2022-10-15T12:34:34Z</time>
      </trkpt>
      <trkpt lat="42.796072" lon="-2.153033">
        <ele>922.387</ele>
        <time>2022-10-15T12:34:38Z</time>
      </trkpt>
      <trkpt lat="42.796089" lon="-2.152973">
        <ele>922.117</ele>
        <time>2022-10-15T12:34:42Z</time>
      </trkpt>
      <trkpt lat="42.796129" lon="-2.152916">
        <ele>921.937</ele>
        <time>2022-10-15T12:34:46Z</time>
      </trkpt>
      <trkpt lat="42.796152" lon="-2.152849">
        <ele>921.960</ele>
        <time>2022-10-15T12:34:49Z</time>
      </trkpt>
      <trkpt lat="42.796182" lon="-2.152787">
        <ele>921.756</ele>
        <time>2022-10-15T12:34:53Z</time>
      </trkpt>
      <trkpt lat="42.796190" lon="-2.152719">
        <ele>921.882</ele>
        <time>2022-10-15T12:34:58Z</time>
      </trkpt>
      <trkpt lat="42.796158" lon="-2.152651">
        <ele>922.043</ele>
        <time>2022-10-15T12:35:02Z</time>
      </trkpt>
      <trkpt lat="42.796143" lon="-2.152586">
        <ele>922.017</ele>
        <time>2022-10-15T12:35:07Z</time>
      </trkpt>
      <trkpt lat="42.796136" lon="-2.152523">
        <ele>922.109</ele>
        <time>2022-10-15T12:35:10Z</time>
      </trkpt>
      <trkpt lat="42.796139" lon="-2.152455">
        <ele>922.419</ele>
        <time>2022-10-15T12:35:14Z</time>
      </trkpt>
      <trkpt lat="42.796152" lon="-2.152388">
        <ele>923.099</ele>
        <time>2022-10-15T12:35:20Z</time>
      </trkpt>
      <trkpt lat="42.796162" lon="-2.152320">
        <ele>923.564</ele>
        <time>2022-10-15T12:35:24Z</time>
      </trkpt>
      <trkpt lat="42.796169" lon="-2.152255">
        <ele>924.081</ele>
        <time>2022-10-15T12:35:27Z</time>
      </trkpt>
      <trkpt lat="42.796176" lon="-2.152185">
        <ele>924.510</ele>
        <time>2022-10-15T12:35:31Z</time>
      </trkpt>
      <trkpt lat="42.796188" lon="-2.152115">
        <ele>925.040</ele>
        <time>2022-10-15T12:35:35Z</time>
      </trkpt>
      <trkpt lat="42.796195" lon="-2.152053">
        <ele>925.550</ele>
        <time>2022-10-15T12:35:38Z</time>
      </trkpt>
      <trkpt lat="42.796207" lon="-2.151976">
        <ele>926.163</ele>
        <time>2022-10-15T12:35:42Z</time>
      </trkpt>
      <trkpt lat="42.796220" lon="-2.151914">
        <ele>926.599</ele>
        <time>2022-10-15T12:35:46Z</time>
      </trkpt>
      <trkpt lat="42.796233" lon="-2.151839">
        <ele>927.031</ele>
        <time>2022-10-15T12:35:50Z</time>
      </trkpt>
      <trkpt lat="42.796248" lon="-2.151769">
        <ele>927.461</ele>
        <time>2022-10-15T12:35:53Z</time>
      </trkpt>
      <trkpt lat="42.796265" lon="-2.151696">
        <ele>927.907</ele>
        <time>2022-10-15T12:35:56Z</time>
      </trkpt>
      <trkpt lat="42.796280" lon="-2.151623">
        <ele>928.409</ele>
        <time>2022-10-15T12:35:59Z</time>
      </trkpt>
      <trkpt lat="42.796277" lon="-2.151551">
        <ele>928.654</ele>
        <time>2022-10-15T12:36:06Z</time>
      </trkpt>
      <trkpt lat="42.796272" lon="-2.151486">
        <ele>928.824</ele>
        <time>2022-10-15T12:36:10Z</time>
      </trkpt>
      <trkpt lat="42.796285" lon="-2.151411">
        <ele>929.239</ele>
        <time>2022-10-15T12:36:14Z</time>
      </trkpt>
      <trkpt lat="42.796305" lon="-2.151339">
        <ele>929.676</ele>
        <time>2022-10-15T12:36:17Z</time>
      </trkpt>
      <trkpt lat="42.796312" lon="-2.151267">
        <ele>929.945</ele>
        <time>2022-10-15T12:36:21Z</time>
      </trkpt>
      <trkpt lat="42.796334" lon="-2.151204">
        <ele>930.395</ele>
        <time>2022-10-15T12:36:26Z</time>
      </trkpt>
      <trkpt lat="42.796377" lon="-2.151147">
        <ele>930.855</ele>
        <time>2022-10-15T12:36:31Z</time>
      </trkpt>
      <trkpt lat="42.796427" lon="-2.151102">
        <ele>930.988</ele>
        <time>2022-10-15T12:36:34Z</time>
      </trkpt>
      <trkpt lat="42.796469" lon="-2.151055">
        <ele>930.884</ele>
        <time>2022-10-15T12:36:37Z</time>
      </trkpt>
      <trkpt lat="42.796507" lon="-2.151017">
        <ele>930.975</ele>
        <time>2022-10-15T12:36:42Z</time>
      </trkpt>
      <trkpt lat="42.796544" lon="-2.150959">
        <ele>931.128</ele>
        <time>2022-10-15T12:36:48Z</time>
      </trkpt>
      <trkpt lat="42.796591" lon="-2.150901">
        <ele>931.420</ele>
        <time>2022-10-15T12:36:52Z</time>
      </trkpt>
      <trkpt lat="42.796643" lon="-2.150853">
        <ele>931.809</ele>
        <time>2022-10-15T12:36:55Z</time>
      </trkpt>
      <trkpt lat="42.796683" lon="-2.150816">
        <ele>932.198</ele>
        <time>2022-10-15T12:36:58Z</time>
      </trkpt>
      <trkpt lat="42.796720" lon="-2.150769">
        <ele>932.378</ele>
        <time>2022-10-15T12:37:01Z</time>
      </trkpt>
      <trkpt lat="42.796743" lon="-2.150704">
        <ele>932.643</ele>
        <time>2022-10-15T12:37:06Z</time>
      </trkpt>
      <trkpt lat="42.796778" lon="-2.150654">
        <ele>932.970</ele>
        <time>2022-10-15T12:37:11Z</time>
      </trkpt>
      <trkpt lat="42.796813" lon="-2.150614">
        <ele>933.289</ele>
        <time>2022-10-15T12:37:15Z</time>
      </trkpt>
      <trkpt lat="42.796848" lon="-2.150557">
        <ele>933.619</ele>
        <time>2022-10-15T12:37:18Z</time>
      </trkpt>
      <trkpt lat="42.796888" lon="-2.150517">
        <ele>933.939</ele>
        <time>2022-10-15T12:37:21Z</time>
      </trkpt>
      <trkpt lat="42.796928" lon="-2.150467">
        <ele>934.382</ele>
        <time>2022-10-15T12:37:25Z</time>
      </trkpt>
      <trkpt lat="42.796961" lon="-2.150417">
        <ele>934.578</ele>
        <time>2022-10-15T12:37:30Z</time>
      </trkpt>
      <trkpt lat="42.796993" lon="-2.150367">
        <ele>934.784</ele>
        <time>2022-10-15T12:37:34Z</time>
      </trkpt>
      <trkpt lat="42.797025" lon="-2.150312">
        <ele>934.907</ele>
        <time>2022-10-15T12:37:37Z</time>
      </trkpt>
      <trkpt lat="42.797070" lon="-2.150275">
        <ele>935.017</ele>
        <time>2022-10-15T12:37:42Z</time>
      </trkpt>
      <trkpt lat="42.797108" lon="-2.150220">
        <ele>935.109</ele>
        <time>2022-10-15T12:37:47Z</time>
      </trkpt>
      <trkpt lat="42.797151" lon="-2.150178">
        <ele>935.329</ele>
        <time>2022-10-15T12:37:50Z</time>
      </trkpt>
      <trkpt lat="42.797188" lon="-2.150130">
        <ele>935.569</ele>
        <time>2022-10-15T12:37:54Z</time>
      </trkpt>
      <trkpt lat="42.797213" lon="-2.150067">
        <ele>935.714</ele>
        <time>2022-10-15T12:37:59Z</time>
      </trkpt>
      <trkpt lat="42.797243" lon="-2.150010">
        <ele>936.081</ele>
        <time>2022-10-15T12:38:03Z</time>
      </trkpt>
      <trkpt lat="42.797281" lon="-2.149952">
        <ele>936.050</ele>
        <time>2022-10-15T12:38:06Z</time>
      </trkpt>
      <trkpt lat="42.797313" lon="-2.149897">
        <ele>936.110</ele>
        <time>2022-10-15T12:38:09Z</time>
      </trkpt>
      <trkpt lat="42.797345" lon="-2.149849">
        <ele>936.250</ele>
        <time>2022-10-15T12:38:12Z</time>
      </trkpt>
      <trkpt lat="42.797378" lon="-2.149796">
        <ele>936.433</ele>
        <time>2022-10-15T12:38:18Z</time>
      </trkpt>
      <trkpt lat="42.797423" lon="-2.149744">
        <ele>936.799</ele>
        <time>2022-10-15T12:38:22Z</time>
      </trkpt>
      <trkpt lat="42.797450" lon="-2.149691">
        <ele>936.922</ele>
        <time>2022-10-15T12:38:25Z</time>
      </trkpt>
      <trkpt lat="42.797475" lon="-2.149639">
        <ele>937.262</ele>
        <time>2022-10-15T12:38:28Z</time>
      </trkpt>
      <trkpt lat="42.797508" lon="-2.149584">
        <ele>937.508</ele>
        <time>2022-10-15T12:38:33Z</time>
      </trkpt>
      <trkpt lat="42.797533" lon="-2.149526">
        <ele>937.709</ele>
        <time>2022-10-15T12:38:37Z</time>
      </trkpt>
      <trkpt lat="42.797575" lon="-2.149468">
        <ele>937.963</ele>
        <time>2022-10-15T12:38:40Z</time>
      </trkpt>
      <trkpt lat="42.797610" lon="-2.149418">
        <ele>938.033</ele>
        <time>2022-10-15T12:38:43Z</time>
      </trkpt>
      <trkpt lat="42.797642" lon="-2.149355">
        <ele>938.058</ele>
        <time>2022-10-15T12:38:47Z</time>
      </trkpt>
      <trkpt lat="42.797669" lon="-2.149303">
        <ele>938.085</ele>
        <time>2022-10-15T12:38:51Z</time>
      </trkpt>
      <trkpt lat="42.797702" lon="-2.149243">
        <ele>938.074</ele>
        <time>2022-10-15T12:38:56Z</time>
      </trkpt>
      <trkpt lat="42.797732" lon="-2.149195">
        <ele>938.074</ele>
        <time>2022-10-15T12:39:00Z</time>
      </trkpt>
      <trkpt lat="42.797767" lon="-2.149138">
        <ele>938.074</ele>
        <time>2022-10-15T12:39:03Z</time>
      </trkpt>
      <trkpt lat="42.797804" lon="-2.149075">
        <ele>938.037</ele>
        <time>2022-10-15T12:39:06Z</time>
      </trkpt>
      <trkpt lat="42.797839" lon="-2.149025">
        <ele>938.033</ele>
        <time>2022-10-15T12:39:09Z</time>
      </trkpt>
      <trkpt lat="42.797881" lon="-2.148973">
        <ele>938.157</ele>
        <time>2022-10-15T12:39:13Z</time>
      </trkpt>
      <trkpt lat="42.797921" lon="-2.148921">
        <ele>938.400</ele>
        <time>2022-10-15T12:39:16Z</time>
      </trkpt>
      <trkpt lat="42.797958" lon="-2.148864">
        <ele>938.620</ele>
        <time>2022-10-15T12:39:23Z</time>
      </trkpt>
      <trkpt lat="42.798005" lon="-2.148811">
        <ele>938.809</ele>
        <time>2022-10-15T12:39:27Z</time>
      </trkpt>
      <trkpt lat="42.798052" lon="-2.148761">
        <ele>939.016</ele>
        <time>2022-10-15T12:39:30Z</time>
      </trkpt>
      <trkpt lat="42.798092" lon="-2.148729">
        <ele>938.986</ele>
        <time>2022-10-15T12:39:33Z</time>
      </trkpt>
      <trkpt lat="42.798119" lon="-2.148677">
        <ele>938.981</ele>
        <time>2022-10-15T12:39:37Z</time>
      </trkpt>
      <trkpt lat="42.798154" lon="-2.148629">
        <ele>939.058</ele>
        <time>2022-10-15T12:39:42Z</time>
      </trkpt>
      <trkpt lat="42.798184" lon="-2.148579">
        <ele>938.967</ele>
        <time>2022-10-15T12:39:47Z</time>
      </trkpt>
      <trkpt lat="42.798246" lon="-2.148541">
        <ele>938.777</ele>
        <time>2022-10-15T12:39:50Z</time>
      </trkpt>
      <trkpt lat="42.798298" lon="-2.148501">
        <ele>938.617</ele>
        <time>2022-10-15T12:39:53Z</time>
      </trkpt>
      <trkpt lat="42.798348" lon="-2.148453">
        <ele>938.490</ele>
        <time>2022-10-15T12:39:57Z</time>
      </trkpt>
      <trkpt lat="42.798375" lon="-2.148388">
        <ele>938.276</ele>
        <time>2022-10-15T12:40:01Z</time>
      </trkpt>
      <trkpt lat="42.798392" lon="-2.148326">
        <ele>938.028</ele>
        <time>2022-10-15T12:40:07Z</time>
      </trkpt>
      <trkpt lat="42.798412" lon="-2.148253">
        <ele>937.889</ele>
        <time>2022-10-15T12:40:11Z</time>
      </trkpt>
      <trkpt lat="42.798452" lon="-2.148200">
        <ele>937.717</ele>
        <time>2022-10-15T12:40:14Z</time>
      </trkpt>
      <trkpt lat="42.798482" lon="-2.148148">
        <ele>937.709</ele>
        <time>2022-10-15T12:40:17Z</time>
      </trkpt>
      <trkpt lat="42.798512" lon="-2.148086">
        <ele>937.773</ele>
        <time>2022-10-15T12:40:21Z</time>
      </trkpt>
      <trkpt lat="42.798532" lon="-2.148031">
        <ele>937.783</ele>
        <time>2022-10-15T12:40:25Z</time>
      </trkpt>
      <trkpt lat="42.798577" lon="-2.147983">
        <ele>937.918</ele>
        <time>2022-10-15T12:40:29Z</time>
      </trkpt>
      <trkpt lat="42.798625" lon="-2.147946">
        <ele>937.925</ele>
        <time>2022-10-15T12:40:33Z</time>
      </trkpt>
      <trkpt lat="42.798662" lon="-2.147899">
        <ele>937.634</ele>
        <time>2022-10-15T12:40:36Z</time>
      </trkpt>
      <trkpt lat="42.798705" lon="-2.147859">
        <ele>937.224</ele>
        <time>2022-10-15T12:40:40Z</time>
      </trkpt>
      <trkpt lat="42.798743" lon="-2.147819">
        <ele>937.044</ele>
        <time>2022-10-15T12:40:44Z</time>
      </trkpt>
      <trkpt lat="42.798766" lon="-2.147757">
        <ele>936.977</ele>
        <time>2022-10-15T12:40:48Z</time>
      </trkpt>
      <trkpt lat="42.798801" lon="-2.147702">
        <ele>936.823</ele>
        <time>2022-10-15T12:40:52Z</time>
      </trkpt>
      <trkpt lat="42.798836" lon="-2.147660">
        <ele>936.795</ele>
        <time>2022-10-15T12:40:55Z</time>
      </trkpt>
      <trkpt lat="42.798876" lon="-2.147605">
        <ele>936.749</ele>
        <time>2022-10-15T12:40:59Z</time>
      </trkpt>
      <trkpt lat="42.798903" lon="-2.147553">
        <ele>936.823</ele>
        <time>2022-10-15T12:41:02Z</time>
      </trkpt>
      <trkpt lat="42.798943" lon="-2.147500">
        <ele>936.809</ele>
        <time>2022-10-15T12:41:05Z</time>
      </trkpt>
      <trkpt lat="42.798988" lon="-2.147463">
        <ele>936.620</ele>
        <time>2022-10-15T12:41:08Z</time>
      </trkpt>
      <trkpt lat="42.799020" lon="-2.147408">
        <ele>936.490</ele>
        <time>2022-10-15T12:41:12Z</time>
      </trkpt>
      <trkpt lat="42.799065" lon="-2.147373">
        <ele>936.155</ele>
        <time>2022-10-15T12:41:18Z</time>
      </trkpt>
      <trkpt lat="42.799108" lon="-2.147325">
        <ele>935.712</ele>
        <time>2022-10-15T12:41:22Z</time>
      </trkpt>
      <trkpt lat="42.799161" lon="-2.147305">
        <ele>935.331</ele>
        <time>2022-10-15T12:41:25Z</time>
      </trkpt>
      <trkpt lat="42.799209" lon="-2.147288">
        <ele>935.161</ele>
        <time>2022-10-15T12:41:28Z</time>
      </trkpt>
      <trkpt lat="42.799247" lon="-2.147243">
        <ele>934.851</ele>
        <time>2022-10-15T12:41:32Z</time>
      </trkpt>
      <trkpt lat="42.799282" lon="-2.147195">
        <ele>934.594</ele>
        <time>2022-10-15T12:41:36Z</time>
      </trkpt>
      <trkpt lat="42.799324" lon="-2.147158">
        <ele>934.350</ele>
        <time>2022-10-15T12:41:42Z</time>
      </trkpt>
      <trkpt lat="42.799377" lon="-2.147116">
        <ele>934.088</ele>
        <time>2022-10-15T12:41:47Z</time>
      </trkpt>
      <trkpt lat="42.799432" lon="-2.147083">
        <ele>933.624</ele>
        <time>2022-10-15T12:41:50Z</time>
      </trkpt>
      <trkpt lat="42.799484" lon="-2.147043">
        <ele>933.126</ele>
        <time>2022-10-15T12:41:53Z</time>
      </trkpt>
      <trkpt lat="42.799522" lon="-2.147000">
        <ele>932.809</ele>
        <time>2022-10-15T12:41:56Z</time>
      </trkpt>
      <trkpt lat="42.799562" lon="-2.146957">
        <ele>932.629</ele>
        <time>2022-10-15T12:42:00Z</time>
      </trkpt>
      <trkpt lat="42.799592" lon="-2.146897">
        <ele>932.399</ele>
        <time>2022-10-15T12:42:07Z</time>
      </trkpt>
      <trkpt lat="42.799617" lon="-2.146842">
        <ele>932.074</ele>
        <time>2022-10-15T12:42:10Z</time>
      </trkpt>
      <trkpt lat="42.799659" lon="-2.146785">
        <ele>931.741</ele>
        <time>2022-10-15T12:42:13Z</time>
      </trkpt>
      <trkpt lat="42.799699" lon="-2.146733">
        <ele>931.360</ele>
        <time>2022-10-15T12:42:16Z</time>
      </trkpt>
      <trkpt lat="42.799724" lon="-2.146661">
        <ele>931.040</ele>
        <time>2022-10-15T12:42:20Z</time>
      </trkpt>
      <trkpt lat="42.799746" lon="-2.146599">
        <ele>930.860</ele>
        <time>2022-10-15T12:42:25Z</time>
      </trkpt>
      <trkpt lat="42.799774" lon="-2.146549">
        <ele>930.643</ele>
        <time>2022-10-15T12:42:30Z</time>
      </trkpt>
      <trkpt lat="42.799799" lon="-2.146479">
        <ele>930.369</ele>
        <time>2022-10-15T12:42:35Z</time>
      </trkpt>
      <trkpt lat="42.799834" lon="-2.146427">
        <ele>930.144</ele>
        <time>2022-10-15T12:42:38Z</time>
      </trkpt>
      <trkpt lat="42.799876" lon="-2.146377">
        <ele>930.005</ele>
        <time>2022-10-15T12:42:41Z</time>
      </trkpt>
      <trkpt lat="42.799903" lon="-2.146305">
        <ele>929.815</ele>
        <time>2022-10-15T12:42:45Z</time>
      </trkpt>
      <trkpt lat="42.799916" lon="-2.146242">
        <ele>929.709</ele>
        <time>2022-10-15T12:42:49Z</time>
      </trkpt>
      <trkpt lat="42.799934" lon="-2.146180">
        <ele>929.675</ele>
        <time>2022-10-15T12:42:54Z</time>
      </trkpt>
      <trkpt lat="42.799981" lon="-2.146127">
        <ele>929.995</ele>
        <time>2022-10-15T12:42:57Z</time>
      </trkpt>
      <trkpt lat="42.800004" lon="-2.146067">
        <ele>929.820</ele>
        <time>2022-10-15T12:43:00Z</time>
      </trkpt>
      <trkpt lat="42.800027" lon="-2.146004">
        <ele>929.547</ele>
        <time>2022-10-15T12:43:03Z</time>
      </trkpt>
      <trkpt lat="42.800045" lon="-2.145931">
        <ele>929.286</ele>
        <time>2022-10-15T12:43:07Z</time>
      </trkpt>
      <trkpt lat="42.800067" lon="-2.145874">
        <ele>928.926</ele>
        <time>2022-10-15T12:43:12Z</time>
      </trkpt>
      <trkpt lat="42.800090" lon="-2.145816">
        <ele>928.736</ele>
        <time>2022-10-15T12:43:16Z</time>
      </trkpt>
      <trkpt lat="42.800128" lon="-2.145763">
        <ele>928.539</ele>
        <time>2022-10-15T12:43:20Z</time>
      </trkpt>
      <trkpt lat="42.800153" lon="-2.145706">
        <ele>928.415</ele>
        <time>2022-10-15T12:43:25Z</time>
      </trkpt>
      <trkpt lat="42.800156" lon="-2.145628">
        <ele>928.435</ele>
        <time>2022-10-15T12:43:29Z</time>
      </trkpt>
      <trkpt lat="42.800133" lon="-2.145563">
        <ele>928.586</ele>
        <time>2022-10-15T12:43:32Z</time>
      </trkpt>
      <trkpt lat="42.800101" lon="-2.145505">
        <ele>928.514</ele>
        <time>2022-10-15T12:43:37Z</time>
      </trkpt>
      <trkpt lat="42.800066" lon="-2.145445">
        <ele>928.509</ele>
        <time>2022-10-15T12:43:42Z</time>
      </trkpt>
      <trkpt lat="42.800021" lon="-2.145400">
        <ele>928.484</ele>
        <time>2022-10-15T12:43:46Z</time>
      </trkpt>
      <trkpt lat="42.799978" lon="-2.145353">
        <ele>928.244</ele>
        <time>2022-10-15T12:43:49Z</time>
      </trkpt>
      <trkpt lat="42.799935" lon="-2.145305">
        <ele>927.929</ele>
        <time>2022-10-15T12:43:52Z</time>
      </trkpt>
      <trkpt lat="42.799895" lon="-2.145247">
        <ele>927.526</ele>
        <time>2022-10-15T12:43:55Z</time>
      </trkpt>
      <trkpt lat="42.799858" lon="-2.145184">
        <ele>927.245</ele>
        <time>2022-10-15T12:43:58Z</time>
      </trkpt>
      <trkpt lat="42.799815" lon="-2.145139">
        <ele>927.085</ele>
        <time>2022-10-15T12:44:08Z</time>
      </trkpt>
      <trkpt lat="42.799782" lon="-2.145089">
        <ele>926.935</ele>
        <time>2022-10-15T12:44:11Z</time>
      </trkpt>
      <trkpt lat="42.799747" lon="-2.145019">
        <ele>926.958</ele>
        <time>2022-10-15T12:44:14Z</time>
      </trkpt>
      <trkpt lat="42.799704" lon="-2.144957">
        <ele>926.984</ele>
        <time>2022-10-15T12:44:17Z</time>
      </trkpt>
      <trkpt lat="42.799669" lon="-2.144914">
        <ele>926.977</ele>
        <time>2022-10-15T12:44:20Z</time>
      </trkpt>
      <trkpt lat="42.799627" lon="-2.144874">
        <ele>926.961</ele>
        <time>2022-10-15T12:44:25Z</time>
      </trkpt>
      <trkpt lat="42.799584" lon="-2.144844">
        <ele>926.927</ele>
        <time>2022-10-15T12:44:29Z</time>
      </trkpt>
      <trkpt lat="42.799534" lon="-2.144792">
        <ele>926.909</ele>
        <time>2022-10-15T12:44:34Z</time>
      </trkpt>
      <trkpt lat="42.799496" lon="-2.144732">
        <ele>926.918</ele>
        <time>2022-10-15T12:44:38Z</time>
      </trkpt>
      <trkpt lat="42.799464" lon="-2.144687">
        <ele>926.938</ele>
        <time>2022-10-15T12:44:41Z</time>
      </trkpt>
      <trkpt lat="42.799431" lon="-2.144627">
        <ele>927.023</ele>
        <time>2022-10-15T12:44:44Z</time>
      </trkpt>
      <trkpt lat="42.799404" lon="-2.144570">
        <ele>926.980</ele>
        <time>2022-10-15T12:44:47Z</time>
      </trkpt>
      <trkpt lat="42.799366" lon="-2.144522">
        <ele>926.729</ele>
        <time>2022-10-15T12:44:51Z</time>
      </trkpt>
      <trkpt lat="42.799324" lon="-2.144499">
        <ele>926.449</ele>
        <time>2022-10-15T12:44:57Z</time>
      </trkpt>
      <trkpt lat="42.799287" lon="-2.144454">
        <ele>925.989</ele>
        <time>2022-10-15T12:45:01Z</time>
      </trkpt>
      <trkpt lat="42.799245" lon="-2.144406">
        <ele>925.782</ele>
        <time>2022-10-15T12:45:06Z</time>
      </trkpt>
      <trkpt lat="42.799198" lon="-2.144366">
        <ele>925.558</ele>
        <time>2022-10-15T12:45:11Z</time>
      </trkpt>
      <trkpt lat="42.799153" lon="-2.144294">
        <ele>925.597</ele>
        <time>2022-10-15T12:45:14Z</time>
      </trkpt>
      <trkpt lat="42.799121" lon="-2.144237">
        <ele>925.623</ele>
        <time>2022-10-15T12:45:16Z</time>
      </trkpt>
      <trkpt lat="42.799093" lon="-2.144184">
        <ele>925.725</ele>
        <time>2022-10-15T12:45:19Z</time>
      </trkpt>
      <trkpt lat="42.799056" lon="-2.144126">
        <ele>925.709</ele>
        <time>2022-10-15T12:45:24Z</time>
      </trkpt>
      <trkpt lat="42.799021" lon="-2.144061">
        <ele>925.950</ele>
        <time>2022-10-15T12:45:28Z</time>
      </trkpt>
      <trkpt lat="42.798974" lon="-2.144021">
        <ele>925.820</ele>
        <time>2022-10-15T12:45:33Z</time>
      </trkpt>
      <trkpt lat="42.798932" lon="-2.143989">
        <ele>925.845</ele>
        <time>2022-10-15T12:45:37Z</time>
      </trkpt>
      <trkpt lat="42.798895" lon="-2.143952">
        <ele>925.842</ele>
        <time>2022-10-15T12:45:42Z</time>
      </trkpt>
      <trkpt lat="42.798887" lon="-2.143875">
        <ele>926.141</ele>
        <time>2022-10-15T12:45:46Z</time>
      </trkpt>
      <trkpt lat="42.798879" lon="-2.143810">
        <ele>926.631</ele>
        <time>2022-10-15T12:45:49Z</time>
      </trkpt>
      <trkpt lat="42.798851" lon="-2.143742">
        <ele>927.031</ele>
        <time>2022-10-15T12:45:54Z</time>
      </trkpt>
    </trkseg>
  </trk></gpx>