<?xml version="1.0" encoding="UTF-8"?>
<gpx creator="Wikiloc - https://www.wikiloc.com" version="1.1" xmlns="http://www.topografix.com/GPX/1/1" xmlns:xsi="http://www.w3.org/2001/XMLSchema-instance" xsi:schemaLocation="http://www.topografix.com/GPX/1/1 http://www.topografix.com/GPX/1/1/gpx.xsd">
  <metadata>
    <name>Wikiloc - UNTZILLAITZ desde MAÑARIA circular</name>
    <author>
      <name>RUTAS por el MONTE BLOG</name>
      <link href="https://www.wikiloc.com/wikiloc/user.do?id=4600824">
        <text>RUTAS por el MONTE BLOG on Wikiloc</text>
      </link>
    </author>
    <link href="https://www.wikiloc.com/hiking-trails/untzillaitz-desde-manaria-circular-118073179">
      <text>UNTZILLAITZ desde MAÑARIA circular on Wikiloc</text>
    </link>
    <time>2022-11-01T13:13:16Z</time>
  </metadata>
  <wpt lat="43.138726" lon="-2.659261">
    <ele>241.2</ele>
    <time>2022-11-01T09:03:02Z</time>
    <name>Parking</name>
    <cmt></cmt>
    <desc></desc>
  </wpt>
  <wpt lat="43.138828" lon="-2.658657">
    <ele>278.4</ele>
    <time>2022-11-01T09:05:24Z</time>
    <name>Girar derecha cruzando carretera y seguir Aldegoiena bidea</name>
    <cmt></cmt>
    <desc></desc>
  </wpt>
  <wpt lat="43.136832" lon="-2.658552">
    <ele>328.6</ele>
    <time>2022-11-01T09:13:35Z</time>
    <name>Izquierda junto a caserío</name>
    <cmt></cmt>
    <desc></desc>
  </wpt>
  <wpt lat="43.136420" lon="-2.656780">
    <ele>339.4</ele>
    <time>2022-11-01T09:18:55Z</time>
    <name>Derecha, poste indicativo tomar sendero Aldegoiena ibilbidea</name>
    <cmt></cmt>
    <desc></desc>
  </wpt>
  <wpt lat="43.135937" lon="-2.656355">
    <ele>382.8</ele>
    <time>2022-11-01T09:21:53Z</time>
    <name>Derecha en ascenso, marcas blancas y amarillas</name>
    <cmt></cmt>
    <desc></desc>
  </wpt>
  <wpt lat="43.135188" lon="-2.655697">
    <ele>414.9</ele>
    <time>2022-11-01T09:24:55Z</time>
    <name>Izquierda en ascenso</name>
    <cmt></cmt>
    <desc></desc>
  </wpt>
  <wpt lat="43.134363" lon="-2.653652">
    <ele>489.8</ele>
    <time>2022-11-01T09:32:29Z</time>
    <name>Derecha seguir subiendo</name>
    <cmt></cmt>
    <desc></desc>
  </wpt>
  <wpt lat="43.132805" lon="-2.652197">
    <ele>547.6</ele>
    <time>2022-11-01T09:39:14Z</time>
    <name>Izquierda sendero</name>
    <cmt></cmt>
    <desc></desc>
  </wpt>
  <wpt lat="43.133145" lon="-2.651327">
    <ele>594.0</ele>
    <time>2022-11-01T09:44:50Z</time>
    <name>Marcas en árboles, subir y luego izquierda</name>
    <cmt></cmt>
    <desc></desc>
  </wpt>
  <wpt lat="43.133427" lon="-2.651010">
    <ele>616.8</ele>
    <time>2022-11-01T09:47:51Z</time>
    <name>Flecha en árbol</name>
    <cmt></cmt>
    <desc></desc>
  </wpt>
  <wpt lat="43.134253" lon="-2.649790">
    <ele>662.5</ele>
    <time>2022-11-01T09:56:32Z</time>
    <name>Collado de Oraeta</name>
    <cmt></cmt>
    <desc></desc>
  </wpt>
  <wpt lat="43.132877" lon="-2.647318">
    <ele>733.0</ele>
    <time>2022-11-01T10:16:54Z</time>
    <name>Seguir recto</name>
    <cmt></cmt>
    <desc></desc>
  </wpt>
  <wpt lat="43.131938" lon="-2.646462">
    <ele>780.1</ele>
    <time>2022-11-01T10:22:08Z</time>
    <name>Derecha seguir mojones de piedras</name>
    <cmt></cmt>
    <desc></desc>
  </wpt>
  <wpt lat="43.129897" lon="-2.646003">
    <ele>893.9</ele>
    <time>2022-11-01T10:43:14Z</time>
    <name>Por la ladera</name>
    <cmt></cmt>
    <desc></desc>
  </wpt>
  <wpt lat="43.129193" lon="-2.645538">
    <ele>923.1</ele>
    <time>2022-11-01T10:48:48Z</time>
    <name>Derecha subir hacia rocas</name>
    <cmt></cmt>
    <desc></desc>
  </wpt>
  <wpt lat="43.127748" lon="-2.645353">
    <ele>1033.8</ele>
    <time>2022-11-01T11:07:38Z</time>
    <name>Untzillaitz</name>
    <cmt></cmt>
    <desc></desc>
  </wpt>
  <wpt lat="43.128153" lon="-2.646047">
    <ele>1018.3</ele>
    <time>2022-11-01T11:22:12Z</time>
    <name>Izquierda a la bajada</name>
    <cmt></cmt>
    <desc></desc>
  </wpt>
  <wpt lat="43.125988" lon="-2.646410">
    <ele>935.4</ele>
    <time>2022-11-01T11:35:47Z</time>
    <name>Izquierda bajar</name>
    <cmt></cmt>
    <desc></desc>
  </wpt>
  <wpt lat="43.121525" lon="-2.643087">
    <ele>719.3</ele>
    <time>2022-11-01T12:00:56Z</time>
    <name>Derecha junto a zona se escalada por sendero cómodo</name>
    <cmt></cmt>
    <desc></desc>
  </wpt>
  <wpt lat="43.120813" lon="-2.645247">
    <ele>693.3</ele>
    <time>2022-11-01T12:04:58Z</time>
    <name>Izquierda</name>
    <cmt></cmt>
    <desc></desc>
  </wpt>
  <wpt lat="43.120192" lon="-2.645347">
    <ele>679.5</ele>
    <time>2022-11-01T12:05:52Z</time>
    <name>Totalmente Izquierda en descenso</name>
    <cmt></cmt>
    <desc></desc>
  </wpt>
  <wpt lat="43.120673" lon="-2.644523">
    <ele>682.9</ele>
    <time>2022-11-01T12:07:35Z</time>
    <name>Derecha en descenso</name>
    <cmt></cmt>
    <desc></desc>
  </wpt>
  <wpt lat="43.117652" lon="-2.638048">
    <ele>511.5</ele>
    <time>2022-11-01T12:17:16Z</time>
    <name>Pista, izquierda en descenso</name>
    <cmt></cmt>
    <desc></desc>
  </wpt>
  <wpt lat="43.121360" lon="-2.635945">
    <ele>412.9</ele>
    <time>2022-11-01T12:23:31Z</time>
    <name>Izquierda seguir marcas GR</name>
    <cmt></cmt>
    <desc></desc>
  </wpt>
  <wpt lat="43.121600" lon="-2.635588">
    <ele>412.6</ele>
    <time>2022-11-01T12:24:27Z</time>
    <name>Izquierda poste indicativo hacia Mendiola</name>
    <cmt></cmt>
    <desc></desc>
  </wpt>
  <wpt lat="43.122268" lon="-2.635537">
    <ele>413.5</ele>
    <time>2022-11-01T12:25:48Z</time>
    <name>Ermita de Atxarte</name>
    <cmt></cmt>
    <desc></desc>
  </wpt>
  <wpt lat="43.125208" lon="-2.633860">
    <ele>378.4</ele>
    <time>2022-11-01T12:29:34Z</time>
    <name>Izquierda sendero GR, sefuir marcas blancas y rojas hacia Mañaria 4 km</name>
    <cmt></cmt>
    <desc></desc>
  </wpt>
  <wpt lat="43.129848" lon="-2.632230">
    <ele>375.3</ele>
    <time>2022-11-01T12:37:04Z</time>
    <name>Mendiola</name>
    <cmt></cmt>
    <desc></desc>
  </wpt>
  <wpt lat="43.130162" lon="-2.632515">
    <ele>380.7</ele>
    <time>2022-11-01T12:38:00Z</time>
    <name>Izquierda ligero ascenso Mañaria 2'5 km</name>
    <cmt></cmt>
    <desc></desc>
  </wpt>
  <wpt lat="43.131138" lon="-2.633783">
    <ele>387.8</ele>
    <time>2022-11-01T12:40:04Z</time>
    <name>Recto seguir marcas gr</name>
    <cmt></cmt>
    <desc></desc>
  </wpt>
  <wpt lat="43.133197" lon="-2.634758">
    <ele>392.7</ele>
    <time>2022-11-01T12:43:11Z</time>
    <name>Izquierda marcas gr</name>
    <cmt></cmt>
    <desc></desc>
  </wpt>
  <wpt lat="43.133600" lon="-2.635278">
    <ele>393.4</ele>
    <time>2022-11-01T12:44:02Z</time>
    <name>Izquierda poste indicativo Mañaria</name>
    <cmt></cmt>
    <desc></desc>
  </wpt>
  <wpt lat="43.140017" lon="-2.645050">
    <ele>254.7</ele>
    <time>2022-11-01T12:56:14Z</time>
    <name>Derecha</name>
    <cmt></cmt>
    <desc></desc>
  </wpt>
  <wpt lat="43.142113" lon="-2.646087">
    <ele>241.6</ele>
    <time>2022-11-01T12:59:15Z</time>
    <name>Cruzar puente, luego izquierda</name>
    <cmt></cmt>
    <desc></desc>
  </wpt>
  <wpt lat="43.140598" lon="-2.652175">
    <ele>251.4</ele>
    <time>2022-11-01T13:05:52Z</time>
    <name>Izquierda Mañaria 800 m</name>
    <cmt></cmt>
    <desc></desc>
  </wpt>
  <trk>
    <name>UNTZILLAITZ desde MAÑARIA circular</name>
    <cmt>Mañaria</cmt>
    <desc>Mañaria</desc>
    <trkseg>
      <trkpt lat="43.138726" lon="-2.659261">
        <ele>187.248</ele>
        <time>2022-11-01T09:02:49Z</time>
      </trkpt>
      <trkpt lat="43.138694" lon="-2.659317">
        <ele>187.261</ele>
        <time>2022-11-01T09:03:08Z</time>
      </trkpt>
      <trkpt lat="43.138666" lon="-2.659374">
        <ele>203.917</ele>
        <time>2022-11-01T09:03:14Z</time>
      </trkpt>
      <trkpt lat="43.138666" lon="-2.659309">
        <ele>219.709</ele>
        <time>2022-11-01T09:03:47Z</time>
      </trkpt>
      <trkpt lat="43.138623" lon="-2.659336">
        <ele>235.545</ele>
        <time>2022-11-01T09:03:55Z</time>
      </trkpt>
      <trkpt lat="43.138578" lon="-2.659371">
        <ele>252.865</ele>
        <time>2022-11-01T09:04:00Z</time>
      </trkpt>
      <trkpt lat="43.138596" lon="-2.659311">
        <ele>268.692</ele>
        <time>2022-11-01T09:04:20Z</time>
      </trkpt>
      <trkpt lat="43.138618" lon="-2.659254">
        <ele>284.264</ele>
        <time>2022-11-01T09:04:26Z</time>
      </trkpt>
      <trkpt lat="43.138618" lon="-2.659187">
        <ele>284.551</ele>
        <time>2022-11-01T09:04:32Z</time>
      </trkpt>
      <trkpt lat="43.138653" lon="-2.659119">
        <ele>283.317</ele>
        <time>2022-11-01T09:04:36Z</time>
      </trkpt>
      <trkpt lat="43.138701" lon="-2.659101">
        <ele>280.165</ele>
        <time>2022-11-01T09:04:44Z</time>
      </trkpt>
      <trkpt lat="43.138743" lon="-2.659053">
        <ele>280.031</ele>
        <time>2022-11-01T09:04:49Z</time>
      </trkpt>
      <trkpt lat="43.138793" lon="-2.659036">
        <ele>279.993</ele>
        <time>2022-11-01T09:04:52Z</time>
      </trkpt>
      <trkpt lat="43.138820" lon="-2.658978">
        <ele>279.932</ele>
        <time>2022-11-01T09:05:00Z</time>
      </trkpt>
      <trkpt lat="43.138782" lon="-2.658900">
        <ele>279.692</ele>
        <time>2022-11-01T09:05:03Z</time>
      </trkpt>
      <trkpt lat="43.138769" lon="-2.658840">
        <ele>279.111</ele>
        <time>2022-11-01T09:05:07Z</time>
      </trkpt>
      <trkpt lat="43.138801" lon="-2.658780">
        <ele>278.809</ele>
        <time>2022-11-01T09:05:12Z</time>
      </trkpt>
      <trkpt lat="43.138823" lon="-2.658722">
        <ele>278.474</ele>
        <time>2022-11-01T09:05:17Z</time>
      </trkpt>
      <trkpt lat="43.138831" lon="-2.658659">
        <ele>278.334</ele>
        <time>2022-11-01T09:05:22Z</time>
      </trkpt>
      <trkpt lat="43.138866" lon="-2.658612">
        <ele>278.861</ele>
        <time>2022-11-01T09:05:27Z</time>
      </trkpt>
      <trkpt lat="43.138874" lon="-2.658550">
        <ele>280.463</ele>
        <time>2022-11-01T09:05:56Z</time>
      </trkpt>
      <trkpt lat="43.138857" lon="-2.658483">
        <ele>280.650</ele>
        <time>2022-11-01T09:06:00Z</time>
      </trkpt>
      <trkpt lat="43.138829" lon="-2.658433">
        <ele>280.046</ele>
        <time>2022-11-01T09:06:04Z</time>
      </trkpt>
      <trkpt lat="43.138786" lon="-2.658401">
        <ele>281.344</ele>
        <time>2022-11-01T09:06:40Z</time>
      </trkpt>
      <trkpt lat="43.138746" lon="-2.658373">
        <ele>281.350</ele>
        <time>2022-11-01T09:06:44Z</time>
      </trkpt>
      <trkpt lat="43.138701" lon="-2.658350">
        <ele>281.462</ele>
        <time>2022-11-01T09:06:48Z</time>
      </trkpt>
      <trkpt lat="43.138643" lon="-2.658327">
        <ele>281.626</ele>
        <time>2022-11-01T09:06:53Z</time>
      </trkpt>
      <trkpt lat="43.138595" lon="-2.658320">
        <ele>281.647</ele>
        <time>2022-11-01T09:06:57Z</time>
      </trkpt>
      <trkpt lat="43.138540" lon="-2.658308">
        <ele>282.011</ele>
        <time>2022-11-01T09:07:02Z</time>
      </trkpt>
      <trkpt lat="43.138493" lon="-2.658293">
        <ele>282.309</ele>
        <time>2022-11-01T09:07:06Z</time>
      </trkpt>
      <trkpt lat="43.138438" lon="-2.658271">
        <ele>282.443</ele>
        <time>2022-11-01T09:07:12Z</time>
      </trkpt>
      <trkpt lat="43.138391" lon="-2.658239">
        <ele>283.043</ele>
        <time>2022-11-01T09:07:17Z</time>
      </trkpt>
      <trkpt lat="43.138348" lon="-2.658212">
        <ele>283.060</ele>
        <time>2022-11-01T09:07:21Z</time>
      </trkpt>
      <trkpt lat="43.138300" lon="-2.658197">
        <ele>283.072</ele>
        <time>2022-11-01T09:07:25Z</time>
      </trkpt>
      <trkpt lat="43.138257" lon="-2.658170">
        <ele>282.799</ele>
        <time>2022-11-01T09:07:29Z</time>
      </trkpt>
      <trkpt lat="43.138212" lon="-2.658128">
        <ele>281.865</ele>
        <time>2022-11-01T09:07:33Z</time>
      </trkpt>
      <trkpt lat="43.138184" lon="-2.658078">
        <ele>281.233</ele>
        <time>2022-11-01T09:07:37Z</time>
      </trkpt>
      <trkpt lat="43.138146" lon="-2.658031">
        <ele>280.319</ele>
        <time>2022-11-01T09:07:43Z</time>
      </trkpt>
      <trkpt lat="43.138113" lon="-2.657988">
        <ele>280.331</ele>
        <time>2022-11-01T09:07:47Z</time>
      </trkpt>
      <trkpt lat="43.138078" lon="-2.657931">
        <ele>280.323</ele>
        <time>2022-11-01T09:07:52Z</time>
      </trkpt>
      <trkpt lat="43.138045" lon="-2.657886">
        <ele>280.483</ele>
        <time>2022-11-01T09:07:56Z</time>
      </trkpt>
      <trkpt lat="43.138002" lon="-2.657841">
        <ele>280.911</ele>
        <time>2022-11-01T09:08:01Z</time>
      </trkpt>
      <trkpt lat="43.137975" lon="-2.657784">
        <ele>282.209</ele>
        <time>2022-11-01T09:08:06Z</time>
      </trkpt>
      <trkpt lat="43.137940" lon="-2.657739">
        <ele>282.713</ele>
        <time>2022-11-01T09:08:11Z</time>
      </trkpt>
      <trkpt lat="43.137905" lon="-2.657692">
        <ele>283.413</ele>
        <time>2022-11-01T09:08:16Z</time>
      </trkpt>
      <trkpt lat="43.137868" lon="-2.657650">
        <ele>284.440</ele>
        <time>2022-11-01T09:08:22Z</time>
      </trkpt>
      <trkpt lat="43.137825" lon="-2.657607">
        <ele>284.972</ele>
        <time>2022-11-01T09:08:27Z</time>
      </trkpt>
      <trkpt lat="43.137783" lon="-2.657560">
        <ele>285.649</ele>
        <time>2022-11-01T09:08:32Z</time>
      </trkpt>
      <trkpt lat="43.137751" lon="-2.657513">
        <ele>286.545</ele>
        <time>2022-11-01T09:08:36Z</time>
      </trkpt>
      <trkpt lat="43.137734" lon="-2.657443">
        <ele>287.693</ele>
        <time>2022-11-01T09:08:44Z</time>
      </trkpt>
      <trkpt lat="43.137711" lon="-2.657386">
        <ele>289.169</ele>
        <time>2022-11-01T09:08:56Z</time>
      </trkpt>
      <trkpt lat="43.137673" lon="-2.657346">
        <ele>293.321</ele>
        <time>2022-11-01T09:09:18Z</time>
      </trkpt>
      <trkpt lat="43.137643" lon="-2.657264">
        <ele>293.634</ele>
        <time>2022-11-01T09:09:24Z</time>
      </trkpt>
      <trkpt lat="43.137613" lon="-2.657207">
        <ele>293.755</ele>
        <time>2022-11-01T09:09:29Z</time>
      </trkpt>
      <trkpt lat="43.137581" lon="-2.657162">
        <ele>293.610</ele>
        <time>2022-11-01T09:09:35Z</time>
      </trkpt>
      <trkpt lat="43.137539" lon="-2.657125">
        <ele>293.509</ele>
        <time>2022-11-01T09:09:40Z</time>
      </trkpt>
      <trkpt lat="43.137494" lon="-2.657122">
        <ele>294.234</ele>
        <time>2022-11-01T09:09:45Z</time>
      </trkpt>
      <trkpt lat="43.137422" lon="-2.657227">
        <ele>296.734</ele>
        <time>2022-11-01T09:09:56Z</time>
      </trkpt>
      <trkpt lat="43.137392" lon="-2.657297">
        <ele>298.491</ele>
        <time>2022-11-01T09:10:00Z</time>
      </trkpt>
      <trkpt lat="43.137392" lon="-2.657367">
        <ele>300.583</ele>
        <time>2022-11-01T09:10:04Z</time>
      </trkpt>
      <trkpt lat="43.137390" lon="-2.657429">
        <ele>302.130</ele>
        <time>2022-11-01T09:10:09Z</time>
      </trkpt>
      <trkpt lat="43.137388" lon="-2.657496">
        <ele>302.416</ele>
        <time>2022-11-01T09:10:13Z</time>
      </trkpt>
      <trkpt lat="43.137383" lon="-2.657576">
        <ele>304.294</ele>
        <time>2022-11-01T09:10:19Z</time>
      </trkpt>
      <trkpt lat="43.137380" lon="-2.657656">
        <ele>304.510</ele>
        <time>2022-11-01T09:10:24Z</time>
      </trkpt>
      <trkpt lat="43.137382" lon="-2.657733">
        <ele>305.182</ele>
        <time>2022-11-01T09:10:27Z</time>
      </trkpt>
      <trkpt lat="43.137370" lon="-2.657796">
        <ele>305.464</ele>
        <time>2022-11-01T09:10:31Z</time>
      </trkpt>
      <trkpt lat="43.137390" lon="-2.657861">
        <ele>305.906</ele>
        <time>2022-11-01T09:10:36Z</time>
      </trkpt>
      <trkpt lat="43.137402" lon="-2.657934">
        <ele>306.816</ele>
        <time>2022-11-01T09:10:39Z</time>
      </trkpt>
      <trkpt lat="43.137395" lon="-2.657997">
        <ele>307.909</ele>
        <time>2022-11-01T09:10:44Z</time>
      </trkpt>
      <trkpt lat="43.137390" lon="-2.658060">
        <ele>308.977</ele>
        <time>2022-11-01T09:10:49Z</time>
      </trkpt>
      <trkpt lat="43.137385" lon="-2.658123">
        <ele>309.567</ele>
        <time>2022-11-01T09:10:52Z</time>
      </trkpt>
      <trkpt lat="43.137390" lon="-2.658196">
        <ele>311.094</ele>
        <time>2022-11-01T09:10:57Z</time>
      </trkpt>
      <trkpt lat="43.137397" lon="-2.658263">
        <ele>311.216</ele>
        <time>2022-11-01T09:11:03Z</time>
      </trkpt>
      <trkpt lat="43.137400" lon="-2.658330">
        <ele>311.593</ele>
        <time>2022-11-01T09:11:06Z</time>
      </trkpt>
      <trkpt lat="43.137403" lon="-2.658402">
        <ele>311.529</ele>
        <time>2022-11-01T09:11:11Z</time>
      </trkpt>
      <trkpt lat="43.137410" lon="-2.658465">
        <ele>311.557</ele>
        <time>2022-11-01T09:11:15Z</time>
      </trkpt>
      <trkpt lat="43.137442" lon="-2.658522">
        <ele>311.533</ele>
        <time>2022-11-01T09:11:19Z</time>
      </trkpt>
      <trkpt lat="43.137484" lon="-2.658575">
        <ele>312.195</ele>
        <time>2022-11-01T09:11:25Z</time>
      </trkpt>
      <trkpt lat="43.137522" lon="-2.658628">
        <ele>314.076</ele>
        <time>2022-11-01T09:11:30Z</time>
      </trkpt>
      <trkpt lat="43.137555" lon="-2.658686">
        <ele>315.190</ele>
        <time>2022-11-01T09:11:36Z</time>
      </trkpt>
      <trkpt lat="43.137575" lon="-2.658746">
        <ele>316.419</ele>
        <time>2022-11-01T09:11:41Z</time>
      </trkpt>
      <trkpt lat="43.137578" lon="-2.658818">
        <ele>317.509</ele>
        <time>2022-11-01T09:11:45Z</time>
      </trkpt>
      <trkpt lat="43.137593" lon="-2.658880">
        <ele>318.628</ele>
        <time>2022-11-01T09:11:52Z</time>
      </trkpt>
      <trkpt lat="43.137556" lon="-2.658930">
        <ele>321.548</ele>
        <time>2022-11-01T09:12:05Z</time>
      </trkpt>
      <trkpt lat="43.137514" lon="-2.658962">
        <ele>321.985</ele>
        <time>2022-11-01T09:12:09Z</time>
      </trkpt>
      <trkpt lat="43.137467" lon="-2.658995">
        <ele>322.397</ele>
        <time>2022-11-01T09:12:14Z</time>
      </trkpt>
      <trkpt lat="43.137429" lon="-2.659042">
        <ele>322.974</ele>
        <time>2022-11-01T09:12:19Z</time>
      </trkpt>
      <trkpt lat="43.137382" lon="-2.659067">
        <ele>323.330</ele>
        <time>2022-11-01T09:12:24Z</time>
      </trkpt>
      <trkpt lat="43.137337" lon="-2.659075">
        <ele>323.418</ele>
        <time>2022-11-01T09:12:29Z</time>
      </trkpt>
      <trkpt lat="43.137292" lon="-2.659060">
        <ele>323.754</ele>
        <time>2022-11-01T09:12:34Z</time>
      </trkpt>
      <trkpt lat="43.137244" lon="-2.659038">
        <ele>324.066</ele>
        <time>2022-11-01T09:12:38Z</time>
      </trkpt>
      <trkpt lat="43.137192" lon="-2.659020">
        <ele>324.879</ele>
        <time>2022-11-01T09:12:41Z</time>
      </trkpt>
      <trkpt lat="43.137142" lon="-2.658990">
        <ele>325.105</ele>
        <time>2022-11-01T09:12:45Z</time>
      </trkpt>
      <trkpt lat="43.137094" lon="-2.658960">
        <ele>325.325</ele>
        <time>2022-11-01T09:12:51Z</time>
      </trkpt>
      <trkpt lat="43.137054" lon="-2.658910">
        <ele>325.909</ele>
        <time>2022-11-01T09:12:56Z</time>
      </trkpt>
      <trkpt lat="43.137007" lon="-2.658882">
        <ele>326.198</ele>
        <time>2022-11-01T09:13:01Z</time>
      </trkpt>
      <trkpt lat="43.136970" lon="-2.658832">
        <ele>326.418</ele>
        <time>2022-11-01T09:13:05Z</time>
      </trkpt>
      <trkpt lat="43.136937" lon="-2.658777">
        <ele>326.895</ele>
        <time>2022-11-01T09:13:09Z</time>
      </trkpt>
      <trkpt lat="43.136905" lon="-2.658712">
        <ele>327.117</ele>
        <time>2022-11-01T09:13:14Z</time>
      </trkpt>
      <trkpt lat="43.136875" lon="-2.658662">
        <ele>328.784</ele>
        <time>2022-11-01T09:13:18Z</time>
      </trkpt>
      <trkpt lat="43.136852" lon="-2.658607">
        <ele>328.740</ele>
        <time>2022-11-01T09:13:23Z</time>
      </trkpt>
      <trkpt lat="43.136834" lon="-2.658549">
        <ele>328.828</ele>
        <time>2022-11-01T09:13:28Z</time>
      </trkpt>
      <trkpt lat="43.136802" lon="-2.658499">
        <ele>329.024</ele>
        <time>2022-11-01T09:14:28Z</time>
      </trkpt>
      <trkpt lat="43.136784" lon="-2.658442">
        <ele>329.046</ele>
        <time>2022-11-01T09:14:32Z</time>
      </trkpt>
      <trkpt lat="43.136771" lon="-2.658377">
        <ele>329.042</ele>
        <time>2022-11-01T09:14:37Z</time>
      </trkpt>
      <trkpt lat="43.136758" lon="-2.658309">
        <ele>327.922</ele>
        <time>2022-11-01T09:14:41Z</time>
      </trkpt>
      <trkpt lat="43.136746" lon="-2.658242">
        <ele>330.514</ele>
        <time>2022-11-01T09:14:45Z</time>
      </trkpt>
      <trkpt lat="43.136726" lon="-2.658182">
        <ele>332.409</ele>
        <time>2022-11-01T09:14:49Z</time>
      </trkpt>
      <trkpt lat="43.136698" lon="-2.658122">
        <ele>332.915</ele>
        <time>2022-11-01T09:14:54Z</time>
      </trkpt>
      <trkpt lat="43.136668" lon="-2.658062">
        <ele>333.845</ele>
        <time>2022-11-01T09:14:59Z</time>
      </trkpt>
      <trkpt lat="43.136648" lon="-2.658005">
        <ele>335.432</ele>
        <time>2022-11-01T09:15:04Z</time>
      </trkpt>
      <trkpt lat="43.136631" lon="-2.657945">
        <ele>336.234</ele>
        <time>2022-11-01T09:15:09Z</time>
      </trkpt>
      <trkpt lat="43.136626" lon="-2.657880">
        <ele>336.941</ele>
        <time>2022-11-01T09:15:13Z</time>
      </trkpt>
      <trkpt lat="43.136621" lon="-2.657802">
        <ele>338.587</ele>
        <time>2022-11-01T09:15:19Z</time>
      </trkpt>
      <trkpt lat="43.136614" lon="-2.657740">
        <ele>338.855</ele>
        <time>2022-11-01T09:15:24Z</time>
      </trkpt>
      <trkpt lat="43.136606" lon="-2.657665">
        <ele>339.321</ele>
        <time>2022-11-01T09:15:31Z</time>
      </trkpt>
      <trkpt lat="43.136598" lon="-2.657597">
        <ele>340.493</ele>
        <time>2022-11-01T09:15:37Z</time>
      </trkpt>
      <trkpt lat="43.136580" lon="-2.657540">
        <ele>341.712</ele>
        <time>2022-11-01T09:15:43Z</time>
      </trkpt>
      <trkpt lat="43.136583" lon="-2.657475">
        <ele>343.132</ele>
        <time>2022-11-01T09:15:49Z</time>
      </trkpt>
      <trkpt lat="43.136598" lon="-2.657403">
        <ele>344.905</ele>
        <time>2022-11-01T09:15:56Z</time>
      </trkpt>
      <trkpt lat="43.136623" lon="-2.657350">
        <ele>348.609</ele>
        <time>2022-11-01T09:16:01Z</time>
      </trkpt>
      <trkpt lat="43.136638" lon="-2.657287">
        <ele>351.032</ele>
        <time>2022-11-01T09:16:05Z</time>
      </trkpt>
      <trkpt lat="43.136643" lon="-2.657225">
        <ele>353.342</ele>
        <time>2022-11-01T09:16:11Z</time>
      </trkpt>
      <trkpt lat="43.136655" lon="-2.657157">
        <ele>355.279</ele>
        <time>2022-11-01T09:16:18Z</time>
      </trkpt>
      <trkpt lat="43.136637" lon="-2.657099">
        <ele>356.241</ele>
        <time>2022-11-01T09:16:24Z</time>
      </trkpt>
      <trkpt lat="43.136649" lon="-2.657032">
        <ele>358.638</ele>
        <time>2022-11-01T09:16:31Z</time>
      </trkpt>
      <trkpt lat="43.136621" lon="-2.656975">
        <ele>360.334</ele>
        <time>2022-11-01T09:16:36Z</time>
      </trkpt>
      <trkpt lat="43.136604" lon="-2.656910">
        <ele>361.882</ele>
        <time>2022-11-01T09:16:42Z</time>
      </trkpt>
      <trkpt lat="43.136604" lon="-2.656840">
        <ele>363.088</ele>
        <time>2022-11-01T09:16:46Z</time>
      </trkpt>
      <trkpt lat="43.136577" lon="-2.656782">
        <ele>365.120</ele>
        <time>2022-11-01T09:16:51Z</time>
      </trkpt>
      <trkpt lat="43.136535" lon="-2.656740">
        <ele>367.532</ele>
        <time>2022-11-01T09:16:55Z</time>
      </trkpt>
      <trkpt lat="43.136485" lon="-2.656715">
        <ele>367.592</ele>
        <time>2022-11-01T09:17:01Z</time>
      </trkpt>
      <trkpt lat="43.136443" lon="-2.656670">
        <ele>367.711</ele>
        <time>2022-11-01T09:17:05Z</time>
      </trkpt>
      <trkpt lat="43.136420" lon="-2.656775">
        <ele>339.709</ele>
        <time>2022-11-01T09:18:52Z</time>
      </trkpt>
      <trkpt lat="43.136483" lon="-2.656777">
        <ele>343.084</ele>
        <time>2022-11-01T09:19:08Z</time>
      </trkpt>
      <trkpt lat="43.136530" lon="-2.656755">
        <ele>344.754</ele>
        <time>2022-11-01T09:19:17Z</time>
      </trkpt>
      <trkpt lat="43.136375" lon="-2.656755">
        <ele>349.531</ele>
        <time>2022-11-01T09:20:01Z</time>
      </trkpt>
      <trkpt lat="43.136325" lon="-2.656720">
        <ele>349.533</ele>
        <time>2022-11-01T09:20:10Z</time>
      </trkpt>
      <trkpt lat="43.136305" lon="-2.656660">
        <ele>348.970</ele>
        <time>2022-11-01T09:20:22Z</time>
      </trkpt>
      <trkpt lat="43.136258" lon="-2.656645">
        <ele>351.196</ele>
        <time>2022-11-01T09:20:28Z</time>
      </trkpt>
      <trkpt lat="43.136218" lon="-2.656608">
        <ele>356.514</ele>
        <time>2022-11-01T09:20:37Z</time>
      </trkpt>
      <trkpt lat="43.136165" lon="-2.656593">
        <ele>359.960</ele>
        <time>2022-11-01T09:20:44Z</time>
      </trkpt>
      <trkpt lat="43.136120" lon="-2.656591">
        <ele>362.962</ele>
        <time>2022-11-01T09:20:50Z</time>
      </trkpt>
      <trkpt lat="43.136080" lon="-2.656496">
        <ele>369.456</ele>
        <time>2022-11-01T09:21:05Z</time>
      </trkpt>
      <trkpt lat="43.136038" lon="-2.656473">
        <ele>376.559</ele>
        <time>2022-11-01T09:21:17Z</time>
      </trkpt>
      <trkpt lat="43.135995" lon="-2.656456">
        <ele>377.514</ele>
        <time>2022-11-01T09:21:21Z</time>
      </trkpt>
      <trkpt lat="43.135948" lon="-2.656414">
        <ele>379.809</ele>
        <time>2022-11-01T09:21:26Z</time>
      </trkpt>
      <trkpt lat="43.135936" lon="-2.656349">
        <ele>383.186</ele>
        <time>2022-11-01T09:21:33Z</time>
      </trkpt>
      <trkpt lat="43.135893" lon="-2.656286">
        <ele>389.876</ele>
        <time>2022-11-01T09:21:55Z</time>
      </trkpt>
      <trkpt lat="43.135803" lon="-2.656301">
        <ele>390.973</ele>
        <time>2022-11-01T09:22:20Z</time>
      </trkpt>
      <trkpt lat="43.135780" lon="-2.656356">
        <ele>393.695</ele>
        <time>2022-11-01T09:22:38Z</time>
      </trkpt>
      <trkpt lat="43.135732" lon="-2.656343">
        <ele>394.172</ele>
        <time>2022-11-01T09:22:57Z</time>
      </trkpt>
      <trkpt lat="43.135700" lon="-2.656293">
        <ele>398.658</ele>
        <time>2022-11-01T09:23:05Z</time>
      </trkpt>
      <trkpt lat="43.135655" lon="-2.656271">
        <ele>399.896</ele>
        <time>2022-11-01T09:23:15Z</time>
      </trkpt>
      <trkpt lat="43.135622" lon="-2.656224">
        <ele>400.662</ele>
        <time>2022-11-01T09:23:21Z</time>
      </trkpt>
      <trkpt lat="43.135592" lon="-2.656174">
        <ele>401.294</ele>
        <time>2022-11-01T09:23:28Z</time>
      </trkpt>
      <trkpt lat="43.135590" lon="-2.656111">
        <ele>401.985</ele>
        <time>2022-11-01T09:23:34Z</time>
      </trkpt>
      <trkpt lat="43.135572" lon="-2.656054">
        <ele>406.089</ele>
        <time>2022-11-01T09:23:41Z</time>
      </trkpt>
      <trkpt lat="43.135540" lon="-2.656004">
        <ele>412.317</ele>
        <time>2022-11-01T09:23:51Z</time>
      </trkpt>
      <trkpt lat="43.135500" lon="-2.655969">
        <ele>413.709</ele>
        <time>2022-11-01T09:23:58Z</time>
      </trkpt>
      <trkpt lat="43.135460" lon="-2.655921">
        <ele>415.359</ele>
        <time>2022-11-01T09:24:04Z</time>
      </trkpt>
      <trkpt lat="43.135417" lon="-2.655901">
        <ele>415.989</ele>
        <time>2022-11-01T09:24:09Z</time>
      </trkpt>
      <trkpt lat="43.135387" lon="-2.655853">
        <ele>416.346</ele>
        <time>2022-11-01T09:24:15Z</time>
      </trkpt>
      <trkpt lat="43.135334" lon="-2.655848">
        <ele>416.968</ele>
        <time>2022-11-01T09:24:23Z</time>
      </trkpt>
      <trkpt lat="43.135292" lon="-2.655820">
        <ele>418.745</ele>
        <time>2022-11-01T09:24:28Z</time>
      </trkpt>
      <trkpt lat="43.135250" lon="-2.655797">
        <ele>419.041</ele>
        <time>2022-11-01T09:24:32Z</time>
      </trkpt>
      <trkpt lat="43.135212" lon="-2.655757">
        <ele>418.729</ele>
        <time>2022-11-01T09:24:43Z</time>
      </trkpt>
      <trkpt lat="43.135189" lon="-2.655692">
        <ele>415.185</ele>
        <time>2022-11-01T09:24:52Z</time>
      </trkpt>
      <trkpt lat="43.135139" lon="-2.655697">
        <ele>414.277</ele>
        <time>2022-11-01T09:24:58Z</time>
      </trkpt>
      <trkpt lat="43.135176" lon="-2.655652">
        <ele>423.751</ele>
        <time>2022-11-01T09:25:20Z</time>
      </trkpt>
      <trkpt lat="43.135183" lon="-2.655565">
        <ele>425.501</ele>
        <time>2022-11-01T09:25:29Z</time>
      </trkpt>
      <trkpt lat="43.135198" lon="-2.655492">
        <ele>428.311</ele>
        <time>2022-11-01T09:25:42Z</time>
      </trkpt>
      <trkpt lat="43.135231" lon="-2.655450">
        <ele>428.609</ele>
        <time>2022-11-01T09:25:46Z</time>
      </trkpt>
      <trkpt lat="43.135241" lon="-2.655382">
        <ele>429.596</ele>
        <time>2022-11-01T09:25:52Z</time>
      </trkpt>
      <trkpt lat="43.135268" lon="-2.655325">
        <ele>429.936</ele>
        <time>2022-11-01T09:25:59Z</time>
      </trkpt>
      <trkpt lat="43.135295" lon="-2.655273">
        <ele>430.953</ele>
        <time>2022-11-01T09:26:09Z</time>
      </trkpt>
      <trkpt lat="43.135303" lon="-2.655208">
        <ele>435.145</ele>
        <time>2022-11-01T09:26:15Z</time>
      </trkpt>
      <trkpt lat="43.135258" lon="-2.655225">
        <ele>439.192</ele>
        <time>2022-11-01T09:26:23Z</time>
      </trkpt>
      <trkpt lat="43.135218" lon="-2.655178">
        <ele>440.478</ele>
        <time>2022-11-01T09:26:30Z</time>
      </trkpt>
      <trkpt lat="43.135188" lon="-2.655131">
        <ele>442.656</ele>
        <time>2022-11-01T09:26:34Z</time>
      </trkpt>
      <trkpt lat="43.135151" lon="-2.655088">
        <ele>444.892</ele>
        <time>2022-11-01T09:26:38Z</time>
      </trkpt>
      <trkpt lat="43.135104" lon="-2.655065">
        <ele>444.974</ele>
        <time>2022-11-01T09:26:44Z</time>
      </trkpt>
      <trkpt lat="43.135051" lon="-2.655060">
        <ele>445.234</ele>
        <time>2022-11-01T09:26:47Z</time>
      </trkpt>
      <trkpt lat="43.134994" lon="-2.655060">
        <ele>444.255</ele>
        <time>2022-11-01T09:26:52Z</time>
      </trkpt>
      <trkpt lat="43.134954" lon="-2.655032">
        <ele>442.710</ele>
        <time>2022-11-01T09:26:55Z</time>
      </trkpt>
      <trkpt lat="43.134914" lon="-2.654994">
        <ele>442.009</ele>
        <time>2022-11-01T09:27:01Z</time>
      </trkpt>
      <trkpt lat="43.134906" lon="-2.654927">
        <ele>440.154</ele>
        <time>2022-11-01T09:27:09Z</time>
      </trkpt>
      <trkpt lat="43.134859" lon="-2.654927">
        <ele>439.754</ele>
        <time>2022-11-01T09:27:13Z</time>
      </trkpt>
      <trkpt lat="43.134797" lon="-2.654929">
        <ele>439.981</ele>
        <time>2022-11-01T09:27:25Z</time>
      </trkpt>
      <trkpt lat="43.134754" lon="-2.654906">
        <ele>439.853</ele>
        <time>2022-11-01T09:27:28Z</time>
      </trkpt>
      <trkpt lat="43.134716" lon="-2.654863">
        <ele>442.490</ele>
        <time>2022-11-01T09:27:35Z</time>
      </trkpt>
      <trkpt lat="43.134671" lon="-2.654861">
        <ele>442.716</ele>
        <time>2022-11-01T09:27:44Z</time>
      </trkpt>
      <trkpt lat="43.134626" lon="-2.654856">
        <ele>443.694</ele>
        <time>2022-11-01T09:27:54Z</time>
      </trkpt>
      <trkpt lat="43.134603" lon="-2.654799">
        <ele>444.560</ele>
        <time>2022-11-01T09:27:59Z</time>
      </trkpt>
      <trkpt lat="43.134551" lon="-2.654807">
        <ele>445.522</ele>
        <time>2022-11-01T09:28:09Z</time>
      </trkpt>
      <trkpt lat="43.134501" lon="-2.654815">
        <ele>447.929</ele>
        <time>2022-11-01T09:28:13Z</time>
      </trkpt>
      <trkpt lat="43.134453" lon="-2.654793">
        <ele>449.800</ele>
        <time>2022-11-01T09:28:22Z</time>
      </trkpt>
      <trkpt lat="43.134441" lon="-2.654906">
        <ele>451.920</ele>
        <time>2022-11-01T09:28:45Z</time>
      </trkpt>
      <trkpt lat="43.134449" lon="-2.654828">
        <ele>455.809</ele>
        <time>2022-11-01T09:29:06Z</time>
      </trkpt>
      <trkpt lat="43.134404" lon="-2.654798">
        <ele>459.153</ele>
        <time>2022-11-01T09:29:11Z</time>
      </trkpt>
      <trkpt lat="43.134377" lon="-2.654748">
        <ele>460.933</ele>
        <time>2022-11-01T09:29:19Z</time>
      </trkpt>
      <trkpt lat="43.134327" lon="-2.654716">
        <ele>461.530</ele>
        <time>2022-11-01T09:29:24Z</time>
      </trkpt>
      <trkpt lat="43.134280" lon="-2.654689">
        <ele>460.972</ele>
        <time>2022-11-01T09:29:29Z</time>
      </trkpt>
      <trkpt lat="43.134240" lon="-2.654657">
        <ele>459.559</ele>
        <time>2022-11-01T09:29:33Z</time>
      </trkpt>
      <trkpt lat="43.134190" lon="-2.654642">
        <ele>458.485</ele>
        <time>2022-11-01T09:29:39Z</time>
      </trkpt>
      <trkpt lat="43.134133" lon="-2.654617">
        <ele>457.143</ele>
        <time>2022-11-01T09:29:44Z</time>
      </trkpt>
      <trkpt lat="43.134090" lon="-2.654584">
        <ele>456.869</ele>
        <time>2022-11-01T09:29:48Z</time>
      </trkpt>
      <trkpt lat="43.134043" lon="-2.654567">
        <ele>456.441</ele>
        <time>2022-11-01T09:29:53Z</time>
      </trkpt>
      <trkpt lat="43.134015" lon="-2.654502">
        <ele>456.479</ele>
        <time>2022-11-01T09:30:00Z</time>
      </trkpt>
      <trkpt lat="43.133993" lon="-2.654437">
        <ele>456.405</ele>
        <time>2022-11-01T09:30:09Z</time>
      </trkpt>
      <trkpt lat="43.133968" lon="-2.654385">
        <ele>456.525</ele>
        <time>2022-11-01T09:30:13Z</time>
      </trkpt>
      <trkpt lat="43.133935" lon="-2.654340">
        <ele>456.609</ele>
        <time>2022-11-01T09:30:18Z</time>
      </trkpt>
      <trkpt lat="43.133983" lon="-2.654367">
        <ele>458.298</ele>
        <time>2022-11-01T09:30:27Z</time>
      </trkpt>
      <trkpt lat="43.134023" lon="-2.654335">
        <ele>459.528</ele>
        <time>2022-11-01T09:30:35Z</time>
      </trkpt>
      <trkpt lat="43.134046" lon="-2.654270">
        <ele>462.985</ele>
        <time>2022-11-01T09:30:40Z</time>
      </trkpt>
      <trkpt lat="43.134074" lon="-2.654217">
        <ele>465.767</ele>
        <time>2022-11-01T09:30:46Z</time>
      </trkpt>
      <trkpt lat="43.134116" lon="-2.654179">
        <ele>467.454</ele>
        <time>2022-11-01T09:30:56Z</time>
      </trkpt>
      <trkpt lat="43.134134" lon="-2.654117">
        <ele>469.920</ele>
        <time>2022-11-01T09:31:04Z</time>
      </trkpt>
      <trkpt lat="43.134164" lon="-2.654064">
        <ele>471.598</ele>
        <time>2022-11-01T09:31:11Z</time>
      </trkpt>
      <trkpt lat="43.134189" lon="-2.654006">
        <ele>475.694</ele>
        <time>2022-11-01T09:31:18Z</time>
      </trkpt>
      <trkpt lat="43.134231" lon="-2.653968">
        <ele>476.686</ele>
        <time>2022-11-01T09:31:26Z</time>
      </trkpt>
      <trkpt lat="43.134256" lon="-2.653915">
        <ele>479.053</ele>
        <time>2022-11-01T09:31:35Z</time>
      </trkpt>
      <trkpt lat="43.134296" lon="-2.653883">
        <ele>480.204</ele>
        <time>2022-11-01T09:31:41Z</time>
      </trkpt>
      <trkpt lat="43.134339" lon="-2.653836">
        <ele>481.614</ele>
        <time>2022-11-01T09:31:46Z</time>
      </trkpt>
      <trkpt lat="43.134334" lon="-2.653766">
        <ele>484.409</ele>
        <time>2022-11-01T09:31:54Z</time>
      </trkpt>
      <trkpt lat="43.134347" lon="-2.653706">
        <ele>488.216</ele>
        <time>2022-11-01T09:32:07Z</time>
      </trkpt>
      <trkpt lat="43.134362" lon="-2.653646">
        <ele>489.916</ele>
        <time>2022-11-01T09:32:13Z</time>
      </trkpt>
      <trkpt lat="43.134325" lon="-2.653531">
        <ele>494.773</ele>
        <time>2022-11-01T09:32:32Z</time>
      </trkpt>
      <trkpt lat="43.134278" lon="-2.653501">
        <ele>496.275</ele>
        <time>2022-11-01T09:33:12Z</time>
      </trkpt>
      <trkpt lat="43.134233" lon="-2.653481">
        <ele>496.582</ele>
        <time>2022-11-01T09:33:22Z</time>
      </trkpt>
      <trkpt lat="43.134190" lon="-2.653439">
        <ele>497.438</ele>
        <time>2022-11-01T09:33:28Z</time>
      </trkpt>
      <trkpt lat="43.134150" lon="-2.653411">
        <ele>500.366</ele>
        <time>2022-11-01T09:33:36Z</time>
      </trkpt>
      <trkpt lat="43.134110" lon="-2.653366">
        <ele>502.632</ele>
        <time>2022-11-01T09:33:47Z</time>
      </trkpt>
      <trkpt lat="43.134063" lon="-2.653351">
        <ele>502.954</ele>
        <time>2022-11-01T09:33:52Z</time>
      </trkpt>
      <trkpt lat="43.134030" lon="-2.653298">
        <ele>503.423</ele>
        <time>2022-11-01T09:33:56Z</time>
      </trkpt>
      <trkpt lat="43.134003" lon="-2.653240">
        <ele>504.283</ele>
        <time>2022-11-01T09:34:05Z</time>
      </trkpt>
      <trkpt lat="43.133958" lon="-2.653210">
        <ele>506.611</ele>
        <time>2022-11-01T09:34:11Z</time>
      </trkpt>
      <trkpt lat="43.133916" lon="-2.653180">
        <ele>508.409</ele>
        <time>2022-11-01T09:34:25Z</time>
      </trkpt>
      <trkpt lat="43.133893" lon="-2.653120">
        <ele>509.893</ele>
        <time>2022-11-01T09:34:31Z</time>
      </trkpt>
      <trkpt lat="43.133848" lon="-2.653093">
        <ele>509.923</ele>
        <time>2022-11-01T09:34:36Z</time>
      </trkpt>
      <trkpt lat="43.133818" lon="-2.653038">
        <ele>510.050</ele>
        <time>2022-11-01T09:34:42Z</time>
      </trkpt>
      <trkpt lat="43.133810" lon="-2.652975">
        <ele>510.162</ele>
        <time>2022-11-01T09:34:48Z</time>
      </trkpt>
      <trkpt lat="43.133792" lon="-2.652915">
        <ele>510.699</ele>
        <time>2022-11-01T09:34:55Z</time>
      </trkpt>
      <trkpt lat="43.133744" lon="-2.652930">
        <ele>511.315</ele>
        <time>2022-11-01T09:35:02Z</time>
      </trkpt>
      <trkpt lat="43.133757" lon="-2.652847">
        <ele>513.843</ele>
        <time>2022-11-01T09:35:14Z</time>
      </trkpt>
      <trkpt lat="43.133712" lon="-2.652884">
        <ele>515.189</ele>
        <time>2022-11-01T09:35:22Z</time>
      </trkpt>
      <trkpt lat="43.133665" lon="-2.652884">
        <ele>518.371</ele>
        <time>2022-11-01T09:36:04Z</time>
      </trkpt>
      <trkpt lat="43.133630" lon="-2.652842">
        <ele>525.064</ele>
        <time>2022-11-01T09:36:28Z</time>
      </trkpt>
      <trkpt lat="43.133580" lon="-2.652817">
        <ele>525.006</ele>
        <time>2022-11-01T09:36:34Z</time>
      </trkpt>
      <trkpt lat="43.133533" lon="-2.652820">
        <ele>525.016</ele>
        <time>2022-11-01T09:36:40Z</time>
      </trkpt>
      <trkpt lat="43.133483" lon="-2.652803">
        <ele>525.009</ele>
        <time>2022-11-01T09:36:45Z</time>
      </trkpt>
      <trkpt lat="43.133443" lon="-2.652758">
        <ele>518.777</ele>
        <time>2022-11-01T09:36:51Z</time>
      </trkpt>
      <trkpt lat="43.133405" lon="-2.652711">
        <ele>516.357</ele>
        <time>2022-11-01T09:36:56Z</time>
      </trkpt>
      <trkpt lat="43.133363" lon="-2.652681">
        <ele>513.954</ele>
        <time>2022-11-01T09:37:02Z</time>
      </trkpt>
      <trkpt lat="43.133326" lon="-2.652644">
        <ele>512.886</ele>
        <time>2022-11-01T09:37:15Z</time>
      </trkpt>
      <trkpt lat="43.133281" lon="-2.652611">
        <ele>513.173</ele>
        <time>2022-11-01T09:37:25Z</time>
      </trkpt>
      <trkpt lat="43.133241" lon="-2.652583">
        <ele>514.489</ele>
        <time>2022-11-01T09:37:31Z</time>
      </trkpt>
      <trkpt lat="43.133193" lon="-2.652573">
        <ele>516.637</ele>
        <time>2022-11-01T09:37:38Z</time>
      </trkpt>
      <trkpt lat="43.133158" lon="-2.652531">
        <ele>518.943</ele>
        <time>2022-11-01T09:37:45Z</time>
      </trkpt>
      <trkpt lat="43.133106" lon="-2.652516">
        <ele>520.325</ele>
        <time>2022-11-01T09:37:50Z</time>
      </trkpt>
      <trkpt lat="43.133061" lon="-2.652504">
        <ele>523.612</ele>
        <time>2022-11-01T09:37:56Z</time>
      </trkpt>
      <trkpt lat="43.133016" lon="-2.652466">
        <ele>527.532</ele>
        <time>2022-11-01T09:38:03Z</time>
      </trkpt>
      <trkpt lat="43.132978" lon="-2.652419">
        <ele>531.305</ele>
        <time>2022-11-01T09:38:11Z</time>
      </trkpt>
      <trkpt lat="43.132945" lon="-2.652369">
        <ele>534.909</ele>
        <time>2022-11-01T09:38:17Z</time>
      </trkpt>
      <trkpt lat="43.132900" lon="-2.652332">
        <ele>539.492</ele>
        <time>2022-11-01T09:38:32Z</time>
      </trkpt>
      <trkpt lat="43.132857" lon="-2.652295">
        <ele>541.712</ele>
        <time>2022-11-01T09:38:37Z</time>
      </trkpt>
      <trkpt lat="43.132830" lon="-2.652245">
        <ele>544.899</ele>
        <time>2022-11-01T09:38:43Z</time>
      </trkpt>
      <trkpt lat="43.132803" lon="-2.652190">
        <ele>547.831</ele>
        <time>2022-11-01T09:38:52Z</time>
      </trkpt>
      <trkpt lat="43.132785" lon="-2.652250">
        <ele>553.188</ele>
        <time>2022-11-01T09:39:33Z</time>
      </trkpt>
      <trkpt lat="43.132837" lon="-2.652240">
        <ele>552.034</ele>
        <time>2022-11-01T09:40:00Z</time>
      </trkpt>
      <trkpt lat="43.132875" lon="-2.652198">
        <ele>552.092</ele>
        <time>2022-11-01T09:40:03Z</time>
      </trkpt>
      <trkpt lat="43.132912" lon="-2.652155">
        <ele>552.088</ele>
        <time>2022-11-01T09:40:10Z</time>
      </trkpt>
      <trkpt lat="43.132944" lon="-2.652103">
        <ele>553.230</ele>
        <time>2022-11-01T09:40:17Z</time>
      </trkpt>
      <trkpt lat="43.132982" lon="-2.652070">
        <ele>557.481</ele>
        <time>2022-11-01T09:40:26Z</time>
      </trkpt>
      <trkpt lat="43.133034" lon="-2.652087">
        <ele>559.261</ele>
        <time>2022-11-01T09:40:30Z</time>
      </trkpt>
      <trkpt lat="43.133071" lon="-2.652044">
        <ele>559.817</ele>
        <time>2022-11-01T09:40:36Z</time>
      </trkpt>
      <trkpt lat="43.133123" lon="-2.652044">
        <ele>560.009</ele>
        <time>2022-11-01T09:40:43Z</time>
      </trkpt>
      <trkpt lat="43.133180" lon="-2.652067">
        <ele>560.239</ele>
        <time>2022-11-01T09:40:46Z</time>
      </trkpt>
      <trkpt lat="43.133225" lon="-2.652032">
        <ele>560.359</ele>
        <time>2022-11-01T09:40:52Z</time>
      </trkpt>
      <trkpt lat="43.133270" lon="-2.651995">
        <ele>560.376</ele>
        <time>2022-11-01T09:41:00Z</time>
      </trkpt>
      <trkpt lat="43.133258" lon="-2.651933">
        <ele>560.328</ele>
        <time>2022-11-01T09:41:09Z</time>
      </trkpt>
      <trkpt lat="43.133230" lon="-2.651873">
        <ele>560.695</ele>
        <time>2022-11-01T09:41:15Z</time>
      </trkpt>
      <trkpt lat="43.133187" lon="-2.651845">
        <ele>561.091</ele>
        <time>2022-11-01T09:41:22Z</time>
      </trkpt>
      <trkpt lat="43.133135" lon="-2.651803">
        <ele>561.739</ele>
        <time>2022-11-01T09:41:27Z</time>
      </trkpt>
      <trkpt lat="43.133087" lon="-2.651771">
        <ele>562.775</ele>
        <time>2022-11-01T09:41:31Z</time>
      </trkpt>
      <trkpt lat="43.133044" lon="-2.651741">
        <ele>563.967</ele>
        <time>2022-11-01T09:41:36Z</time>
      </trkpt>
      <trkpt lat="43.133097" lon="-2.651719">
        <ele>566.734</ele>
        <time>2022-11-01T09:41:53Z</time>
      </trkpt>
      <trkpt lat="43.133145" lon="-2.651721">
        <ele>566.955</ele>
        <time>2022-11-01T09:41:57Z</time>
      </trkpt>
      <trkpt lat="43.133190" lon="-2.651704">
        <ele>567.310</ele>
        <time>2022-11-01T09:42:02Z</time>
      </trkpt>
      <trkpt lat="43.133235" lon="-2.651714">
        <ele>569.409</ele>
        <time>2022-11-01T09:42:07Z</time>
      </trkpt>
      <trkpt lat="43.133280" lon="-2.651707">
        <ele>573.034</ele>
        <time>2022-11-01T09:42:13Z</time>
      </trkpt>
      <trkpt lat="43.133245" lon="-2.651654">
        <ele>578.174</ele>
        <time>2022-11-01T09:42:25Z</time>
      </trkpt>
      <trkpt lat="43.133237" lon="-2.651587">
        <ele>581.461</ele>
        <time>2022-11-01T09:42:34Z</time>
      </trkpt>
      <trkpt lat="43.133235" lon="-2.651524">
        <ele>582.893</ele>
        <time>2022-11-01T09:42:42Z</time>
      </trkpt>
      <trkpt lat="43.133225" lon="-2.651459">
        <ele>583.910</ele>
        <time>2022-11-01T09:42:50Z</time>
      </trkpt>
      <trkpt lat="43.133190" lon="-2.651416">
        <ele>589.176</ele>
        <time>2022-11-01T09:43:58Z</time>
      </trkpt>
      <trkpt lat="43.133210" lon="-2.651356">
        <ele>589.724</ele>
        <time>2022-11-01T09:44:17Z</time>
      </trkpt>
      <trkpt lat="43.133225" lon="-2.651298">
        <ele>589.950</ele>
        <time>2022-11-01T09:44:25Z</time>
      </trkpt>
      <trkpt lat="43.133145" lon="-2.651320">
        <ele>594.392</ele>
        <time>2022-11-01T09:44:50Z</time>
      </trkpt>
      <trkpt lat="43.133173" lon="-2.651233">
        <ele>597.564</ele>
        <time>2022-11-01T09:44:54Z</time>
      </trkpt>
      <trkpt lat="43.133226" lon="-2.651256">
        <ele>599.206</ele>
        <time>2022-11-01T09:44:58Z</time>
      </trkpt>
      <trkpt lat="43.133273" lon="-2.651248">
        <ele>599.716</ele>
        <time>2022-11-01T09:45:02Z</time>
      </trkpt>
      <trkpt lat="43.133276" lon="-2.651178">
        <ele>603.809</ele>
        <time>2022-11-01T09:45:25Z</time>
      </trkpt>
      <trkpt lat="43.133241" lon="-2.651113">
        <ele>606.817</ele>
        <time>2022-11-01T09:45:49Z</time>
      </trkpt>
      <trkpt lat="43.133231" lon="-2.651050">
        <ele>607.477</ele>
        <time>2022-11-01T09:45:59Z</time>
      </trkpt>
      <trkpt lat="43.133211" lon="-2.650970">
        <ele>607.154</ele>
        <time>2022-11-01T09:46:26Z</time>
      </trkpt>
      <trkpt lat="43.133254" lon="-2.650993">
        <ele>606.836</ele>
        <time>2022-11-01T09:46:35Z</time>
      </trkpt>
      <trkpt lat="43.133296" lon="-2.651038">
        <ele>607.133</ele>
        <time>2022-11-01T09:47:03Z</time>
      </trkpt>
      <trkpt lat="43.133323" lon="-2.651095">
        <ele>608.779</ele>
        <time>2022-11-01T09:47:13Z</time>
      </trkpt>
      <trkpt lat="43.133366" lon="-2.651078">
        <ele>609.037</ele>
        <time>2022-11-01T09:47:19Z</time>
      </trkpt>
      <trkpt lat="43.133411" lon="-2.651068">
        <ele>611.593</ele>
        <time>2022-11-01T09:47:26Z</time>
      </trkpt>
      <trkpt lat="43.133426" lon="-2.651003">
        <ele>617.125</ele>
        <time>2022-11-01T09:47:38Z</time>
      </trkpt>
      <trkpt lat="43.133464" lon="-2.650881">
        <ele>618.389</ele>
        <time>2022-11-01T09:47:57Z</time>
      </trkpt>
      <trkpt lat="43.133484" lon="-2.650959">
        <ele>618.506</ele>
        <time>2022-11-01T09:47:59Z</time>
      </trkpt>
      <trkpt lat="43.133494" lon="-2.651027">
        <ele>619.126</ele>
        <time>2022-11-01T09:48:01Z</time>
      </trkpt>
      <trkpt lat="43.133507" lon="-2.651089">
        <ele>626.109</ele>
        <time>2022-11-01T09:48:04Z</time>
      </trkpt>
      <trkpt lat="43.133504" lon="-2.651019">
        <ele>635.989</ele>
        <time>2022-11-01T09:48:36Z</time>
      </trkpt>
      <trkpt lat="43.133542" lon="-2.650979">
        <ele>635.889</ele>
        <time>2022-11-01T09:48:40Z</time>
      </trkpt>
      <trkpt lat="43.133567" lon="-2.650927">
        <ele>635.146</ele>
        <time>2022-11-01T09:48:47Z</time>
      </trkpt>
      <trkpt lat="43.133610" lon="-2.650885">
        <ele>630.068</ele>
        <time>2022-11-01T09:49:02Z</time>
      </trkpt>
      <trkpt lat="43.133658" lon="-2.650895">
        <ele>629.055</ele>
        <time>2022-11-01T09:49:11Z</time>
      </trkpt>
      <trkpt lat="43.133705" lon="-2.650875">
        <ele>628.271</ele>
        <time>2022-11-01T09:49:19Z</time>
      </trkpt>
      <trkpt lat="43.133750" lon="-2.650870">
        <ele>628.229</ele>
        <time>2022-11-01T09:49:27Z</time>
      </trkpt>
      <trkpt lat="43.133800" lon="-2.650812">
        <ele>628.255</ele>
        <time>2022-11-01T09:49:35Z</time>
      </trkpt>
      <trkpt lat="43.133837" lon="-2.650762">
        <ele>629.847</ele>
        <time>2022-11-01T09:49:39Z</time>
      </trkpt>
      <trkpt lat="43.133875" lon="-2.650722">
        <ele>630.956</ele>
        <time>2022-11-01T09:49:44Z</time>
      </trkpt>
      <trkpt lat="43.133925" lon="-2.650752">
        <ele>634.859</ele>
        <time>2022-11-01T09:50:51Z</time>
      </trkpt>
      <trkpt lat="43.133885" lon="-2.650724">
        <ele>634.814</ele>
        <time>2022-11-01T09:51:02Z</time>
      </trkpt>
      <trkpt lat="43.133940" lon="-2.650707">
        <ele>637.909</ele>
        <time>2022-11-01T09:51:49Z</time>
      </trkpt>
      <trkpt lat="43.133992" lon="-2.650705">
        <ele>639.916</ele>
        <time>2022-11-01T09:52:11Z</time>
      </trkpt>
      <trkpt lat="43.134030" lon="-2.650667">
        <ele>642.066</ele>
        <time>2022-11-01T09:52:19Z</time>
      </trkpt>
      <trkpt lat="43.134058" lon="-2.650615">
        <ele>642.343</ele>
        <time>2022-11-01T09:52:30Z</time>
      </trkpt>
      <trkpt lat="43.134098" lon="-2.650577">
        <ele>643.635</ele>
        <time>2022-11-01T09:52:37Z</time>
      </trkpt>
      <trkpt lat="43.134126" lon="-2.650529">
        <ele>644.112</ele>
        <time>2022-11-01T09:52:43Z</time>
      </trkpt>
      <trkpt lat="43.134166" lon="-2.650492">
        <ele>644.838</ele>
        <time>2022-11-01T09:52:47Z</time>
      </trkpt>
      <trkpt lat="43.134178" lon="-2.650414">
        <ele>644.876</ele>
        <time>2022-11-01T09:52:51Z</time>
      </trkpt>
      <trkpt lat="43.134231" lon="-2.650369">
        <ele>644.632</ele>
        <time>2022-11-01T09:53:05Z</time>
      </trkpt>
      <trkpt lat="43.134291" lon="-2.650341">
        <ele>643.794</ele>
        <time>2022-11-01T09:53:23Z</time>
      </trkpt>
      <trkpt lat="43.134329" lon="-2.650293">
        <ele>642.965</ele>
        <time>2022-11-01T09:53:30Z</time>
      </trkpt>
      <trkpt lat="43.134366" lon="-2.650241">
        <ele>642.568</ele>
        <time>2022-11-01T09:53:37Z</time>
      </trkpt>
      <trkpt lat="43.134399" lon="-2.650181">
        <ele>644.214</ele>
        <time>2022-11-01T09:53:49Z</time>
      </trkpt>
      <trkpt lat="43.134352" lon="-2.650174">
        <ele>646.809</ele>
        <time>2022-11-01T09:54:13Z</time>
      </trkpt>
      <trkpt lat="43.134320" lon="-2.650127">
        <ele>653.047</ele>
        <time>2022-11-01T09:54:51Z</time>
      </trkpt>
      <trkpt lat="43.134263" lon="-2.650084">
        <ele>654.247</ele>
        <time>2022-11-01T09:55:02Z</time>
      </trkpt>
      <trkpt lat="43.134311" lon="-2.650049">
        <ele>654.244</ele>
        <time>2022-11-01T09:55:28Z</time>
      </trkpt>
      <trkpt lat="43.134279" lon="-2.649999">
        <ele>656.416</ele>
        <time>2022-11-01T09:55:42Z</time>
      </trkpt>
      <trkpt lat="43.134249" lon="-2.649951">
        <ele>656.773</ele>
        <time>2022-11-01T09:55:50Z</time>
      </trkpt>
      <trkpt lat="43.134212" lon="-2.649913">
        <ele>657.469</ele>
        <time>2022-11-01T09:55:57Z</time>
      </trkpt>
      <trkpt lat="43.134202" lon="-2.649846">
        <ele>660.377</ele>
        <time>2022-11-01T09:56:08Z</time>
      </trkpt>
      <trkpt lat="43.134202" lon="-2.649783">
        <ele>662.283</ele>
        <time>2022-11-01T09:56:16Z</time>
      </trkpt>
      <trkpt lat="43.134249" lon="-2.649783">
        <ele>662.735</ele>
        <time>2022-11-01T09:56:29Z</time>
      </trkpt>
      <trkpt lat="43.134277" lon="-2.649723">
        <ele>665.535</ele>
        <time>2022-11-01T09:56:53Z</time>
      </trkpt>
      <trkpt lat="43.134229" lon="-2.649720">
        <ele>669.386</ele>
        <time>2022-11-01T10:02:47Z</time>
      </trkpt>
      <trkpt lat="43.134207" lon="-2.649657">
        <ele>669.314</ele>
        <time>2022-11-01T10:02:53Z</time>
      </trkpt>
      <trkpt lat="43.134190" lon="-2.649597">
        <ele>669.309</ele>
        <time>2022-11-01T10:02:59Z</time>
      </trkpt>
      <trkpt lat="43.134172" lon="-2.649534">
        <ele>669.354</ele>
        <time>2022-11-01T10:03:06Z</time>
      </trkpt>
      <trkpt lat="43.134130" lon="-2.649492">
        <ele>667.644</ele>
        <time>2022-11-01T10:03:12Z</time>
      </trkpt>
      <trkpt lat="43.134110" lon="-2.649435">
        <ele>669.081</ele>
        <time>2022-11-01T10:03:19Z</time>
      </trkpt>
      <trkpt lat="43.134090" lon="-2.649375">
        <ele>669.583</ele>
        <time>2022-11-01T10:03:25Z</time>
      </trkpt>
      <trkpt lat="43.134058" lon="-2.649328">
        <ele>670.240</ele>
        <time>2022-11-01T10:03:32Z</time>
      </trkpt>
      <trkpt lat="43.134021" lon="-2.649290">
        <ele>672.776</ele>
        <time>2022-11-01T10:03:41Z</time>
      </trkpt>
      <trkpt lat="43.133989" lon="-2.649238">
        <ele>675.294</ele>
        <time>2022-11-01T10:03:47Z</time>
      </trkpt>
      <trkpt lat="43.133971" lon="-2.649181">
        <ele>677.490</ele>
        <time>2022-11-01T10:03:55Z</time>
      </trkpt>
      <trkpt lat="43.133944" lon="-2.649129">
        <ele>677.772</ele>
        <time>2022-11-01T10:04:02Z</time>
      </trkpt>
      <trkpt lat="43.133924" lon="-2.649072">
        <ele>678.915</ele>
        <time>2022-11-01T10:04:09Z</time>
      </trkpt>
      <trkpt lat="43.133876" lon="-2.648939">
        <ele>679.265</ele>
        <time>2022-11-01T10:04:51Z</time>
      </trkpt>
      <trkpt lat="43.133873" lon="-2.648874">
        <ele>680.311</ele>
        <time>2022-11-01T10:05:56Z</time>
      </trkpt>
      <trkpt lat="43.133848" lon="-2.648821">
        <ele>680.309</ele>
        <time>2022-11-01T10:06:02Z</time>
      </trkpt>
      <trkpt lat="43.133818" lon="-2.648774">
        <ele>680.392</ele>
        <time>2022-11-01T10:06:09Z</time>
      </trkpt>
      <trkpt lat="43.133803" lon="-2.648706">
        <ele>680.392</ele>
        <time>2022-11-01T10:06:19Z</time>
      </trkpt>
      <trkpt lat="43.133798" lon="-2.648639">
        <ele>680.359</ele>
        <time>2022-11-01T10:06:30Z</time>
      </trkpt>
      <trkpt lat="43.133456" lon="-2.647749">
        <ele>702.791</ele>
        <time>2022-11-01T10:10:24Z</time>
      </trkpt>
      <trkpt lat="43.133269" lon="-2.647579">
        <ele>723.548</ele>
        <time>2022-11-01T10:13:00Z</time>
      </trkpt>
      <trkpt lat="43.133271" lon="-2.647461">
        <ele>723.774</ele>
        <time>2022-11-01T10:13:27Z</time>
      </trkpt>
      <trkpt lat="43.133228" lon="-2.647443">
        <ele>723.722</ele>
        <time>2022-11-01T10:13:42Z</time>
      </trkpt>
      <trkpt lat="43.133183" lon="-2.647443">
        <ele>723.678</ele>
        <time>2022-11-01T10:14:02Z</time>
      </trkpt>
      <trkpt lat="43.133195" lon="-2.647381">
        <ele>724.720</ele>
        <time>2022-11-01T10:14:15Z</time>
      </trkpt>
      <trkpt lat="43.133147" lon="-2.647361">
        <ele>725.731</ele>
        <time>2022-11-01T10:14:20Z</time>
      </trkpt>
      <trkpt lat="43.133100" lon="-2.647373">
        <ele>725.761</ele>
        <time>2022-11-01T10:14:31Z</time>
      </trkpt>
      <trkpt lat="43.133037" lon="-2.647353">
        <ele>725.407</ele>
        <time>2022-11-01T10:14:40Z</time>
      </trkpt>
      <trkpt lat="43.132994" lon="-2.647333">
        <ele>725.709</ele>
        <time>2022-11-01T10:14:52Z</time>
      </trkpt>
      <trkpt lat="43.132949" lon="-2.647318">
        <ele>725.664</ele>
        <time>2022-11-01T10:15:01Z</time>
      </trkpt>
      <trkpt lat="43.132904" lon="-2.647300">
        <ele>726.164</ele>
        <time>2022-11-01T10:15:23Z</time>
      </trkpt>
      <trkpt lat="43.132857" lon="-2.647318">
        <ele>727.541</ele>
        <time>2022-11-01T10:15:40Z</time>
      </trkpt>
      <trkpt lat="43.132787" lon="-2.647336">
        <ele>732.173</ele>
        <time>2022-11-01T10:16:23Z</time>
      </trkpt>
      <trkpt lat="43.132872" lon="-2.647311">
        <ele>733.360</ele>
        <time>2022-11-01T10:16:53Z</time>
      </trkpt>
      <trkpt lat="43.132839" lon="-2.647259">
        <ele>735.786</ele>
        <time>2022-11-01T10:17:31Z</time>
      </trkpt>
      <trkpt lat="43.132807" lon="-2.647214">
        <ele>746.914</ele>
        <time>2022-11-01T10:17:39Z</time>
      </trkpt>
      <trkpt lat="43.132757" lon="-2.647191">
        <ele>750.070</ele>
        <time>2022-11-01T10:17:47Z</time>
      </trkpt>
      <trkpt lat="43.132714" lon="-2.647158">
        <ele>750.062</ele>
        <time>2022-11-01T10:17:55Z</time>
      </trkpt>
      <trkpt lat="43.132687" lon="-2.647106">
        <ele>751.118</ele>
        <time>2022-11-01T10:18:03Z</time>
      </trkpt>
      <trkpt lat="43.132654" lon="-2.647061">
        <ele>753.298</ele>
        <time>2022-11-01T10:18:11Z</time>
      </trkpt>
      <trkpt lat="43.132612" lon="-2.647038">
        <ele>756.017</ele>
        <time>2022-11-01T10:18:21Z</time>
      </trkpt>
      <trkpt lat="43.132572" lon="-2.646995">
        <ele>758.009</ele>
        <time>2022-11-01T10:18:28Z</time>
      </trkpt>
      <trkpt lat="43.132534" lon="-2.646930">
        <ele>760.062</ele>
        <time>2022-11-01T10:18:44Z</time>
      </trkpt>
      <trkpt lat="43.132501" lon="-2.646887">
        <ele>760.472</ele>
        <time>2022-11-01T10:18:49Z</time>
      </trkpt>
      <trkpt lat="43.132459" lon="-2.646854">
        <ele>760.499</ele>
        <time>2022-11-01T10:18:58Z</time>
      </trkpt>
      <trkpt lat="43.132429" lon="-2.646807">
        <ele>760.511</ele>
        <time>2022-11-01T10:19:03Z</time>
      </trkpt>
      <trkpt lat="43.132391" lon="-2.646765">
        <ele>760.218</ele>
        <time>2022-11-01T10:19:10Z</time>
      </trkpt>
      <trkpt lat="43.132349" lon="-2.646733">
        <ele>760.224</ele>
        <time>2022-11-01T10:19:16Z</time>
      </trkpt>
      <trkpt lat="43.132309" lon="-2.646703">
        <ele>760.252</ele>
        <time>2022-11-01T10:19:21Z</time>
      </trkpt>
      <trkpt lat="43.132267" lon="-2.646670">
        <ele>760.288</ele>
        <time>2022-11-01T10:19:28Z</time>
      </trkpt>
      <trkpt lat="43.132225" lon="-2.646638">
        <ele>760.560</ele>
        <time>2022-11-01T10:19:33Z</time>
      </trkpt>
      <trkpt lat="43.132188" lon="-2.646601">
        <ele>761.541</ele>
        <time>2022-11-01T10:19:41Z</time>
      </trkpt>
      <trkpt lat="43.132150" lon="-2.646563">
        <ele>766.981</ele>
        <time>2022-11-01T10:20:27Z</time>
      </trkpt>
      <trkpt lat="43.132105" lon="-2.646545">
        <ele>766.909</ele>
        <time>2022-11-01T10:20:34Z</time>
      </trkpt>
      <trkpt lat="43.132067" lon="-2.646503">
        <ele>766.909</ele>
        <time>2022-11-01T10:20:41Z</time>
      </trkpt>
      <trkpt lat="43.132029" lon="-2.646470">
        <ele>766.985</ele>
        <time>2022-11-01T10:20:49Z</time>
      </trkpt>
      <trkpt lat="43.131979" lon="-2.646465">
        <ele>775.725</ele>
        <time>2022-11-01T10:21:19Z</time>
      </trkpt>
      <trkpt lat="43.131934" lon="-2.646455">
        <ele>780.642</ele>
        <time>2022-11-01T10:22:05Z</time>
      </trkpt>
      <trkpt lat="43.131962" lon="-2.646553">
        <ele>782.434</ele>
        <time>2022-11-01T10:23:05Z</time>
      </trkpt>
      <trkpt lat="43.131917" lon="-2.646558">
        <ele>783.871</ele>
        <time>2022-11-01T10:23:27Z</time>
      </trkpt>
      <trkpt lat="43.131879" lon="-2.646623">
        <ele>785.437</ele>
        <time>2022-11-01T10:24:50Z</time>
      </trkpt>
      <trkpt lat="43.131919" lon="-2.646651">
        <ele>793.385</ele>
        <time>2022-11-01T10:25:25Z</time>
      </trkpt>
      <trkpt lat="43.131801" lon="-2.646711">
        <ele>794.741</ele>
        <time>2022-11-01T10:26:21Z</time>
      </trkpt>
      <trkpt lat="43.131753" lon="-2.646716">
        <ele>801.623</ele>
        <time>2022-11-01T10:27:41Z</time>
      </trkpt>
      <trkpt lat="43.131721" lon="-2.646796">
        <ele>804.884</ele>
        <time>2022-11-01T10:28:12Z</time>
      </trkpt>
      <trkpt lat="43.131661" lon="-2.646774">
        <ele>808.807</ele>
        <time>2022-11-01T10:29:01Z</time>
      </trkpt>
      <trkpt lat="43.131681" lon="-2.646839">
        <ele>814.517</ele>
        <time>2022-11-01T10:29:35Z</time>
      </trkpt>
      <trkpt lat="43.131698" lon="-2.646904">
        <ele>815.509</ele>
        <time>2022-11-01T10:29:54Z</time>
      </trkpt>
      <trkpt lat="43.131675" lon="-2.646961">
        <ele>818.589</ele>
        <time>2022-11-01T10:30:12Z</time>
      </trkpt>
      <trkpt lat="43.131622" lon="-2.646994">
        <ele>821.749</ele>
        <time>2022-11-01T10:33:40Z</time>
      </trkpt>
      <trkpt lat="43.131577" lon="-2.646991">
        <ele>821.766</ele>
        <time>2022-11-01T10:33:48Z</time>
      </trkpt>
      <trkpt lat="43.131527" lon="-2.646983">
        <ele>821.768</ele>
        <time>2022-11-01T10:33:57Z</time>
      </trkpt>
      <trkpt lat="43.131485" lon="-2.646953">
        <ele>822.775</ele>
        <time>2022-11-01T10:34:09Z</time>
      </trkpt>
      <trkpt lat="43.131435" lon="-2.646960">
        <ele>823.881</ele>
        <time>2022-11-01T10:34:27Z</time>
      </trkpt>
      <trkpt lat="43.131390" lon="-2.646937">
        <ele>826.079</ele>
        <time>2022-11-01T10:34:35Z</time>
      </trkpt>
      <trkpt lat="43.131350" lon="-2.646897">
        <ele>826.115</ele>
        <time>2022-11-01T10:34:44Z</time>
      </trkpt>
      <trkpt lat="43.131303" lon="-2.646879">
        <ele>827.827</ele>
        <time>2022-11-01T10:34:52Z</time>
      </trkpt>
      <trkpt lat="43.131280" lon="-2.646826">
        <ele>828.259</ele>
        <time>2022-11-01T10:34:58Z</time>
      </trkpt>
      <trkpt lat="43.131232" lon="-2.646803">
        <ele>828.903</ele>
        <time>2022-11-01T10:35:09Z</time>
      </trkpt>
      <trkpt lat="43.131185" lon="-2.646783">
        <ele>830.623</ele>
        <time>2022-11-01T10:35:16Z</time>
      </trkpt>
      <trkpt lat="43.131145" lon="-2.646753">
        <ele>833.709</ele>
        <time>2022-11-01T10:35:28Z</time>
      </trkpt>
      <trkpt lat="43.131097" lon="-2.646731">
        <ele>834.176</ele>
        <time>2022-11-01T10:35:35Z</time>
      </trkpt>
      <trkpt lat="43.131050" lon="-2.646713">
        <ele>834.496</ele>
        <time>2022-11-01T10:35:43Z</time>
      </trkpt>
      <trkpt lat="43.130998" lon="-2.646695">
        <ele>835.293</ele>
        <time>2022-11-01T10:35:50Z</time>
      </trkpt>
      <trkpt lat="43.130933" lon="-2.646673">
        <ele>843.255</ele>
        <time>2022-11-01T10:36:29Z</time>
      </trkpt>
      <trkpt lat="43.130875" lon="-2.646661">
        <ele>846.772</ele>
        <time>2022-11-01T10:36:39Z</time>
      </trkpt>
      <trkpt lat="43.130832" lon="-2.646688">
        <ele>853.678</ele>
        <time>2022-11-01T10:37:16Z</time>
      </trkpt>
      <trkpt lat="43.130784" lon="-2.646683">
        <ele>858.526</ele>
        <time>2022-11-01T10:37:27Z</time>
      </trkpt>
      <trkpt lat="43.130746" lon="-2.646641">
        <ele>861.462</ele>
        <time>2022-11-01T10:37:39Z</time>
      </trkpt>
      <trkpt lat="43.130704" lon="-2.646608">
        <ele>861.594</ele>
        <time>2022-11-01T10:37:45Z</time>
      </trkpt>
      <trkpt lat="43.130657" lon="-2.646586">
        <ele>864.633</ele>
        <time>2022-11-01T10:38:13Z</time>
      </trkpt>
      <trkpt lat="43.130617" lon="-2.646556">
        <ele>865.223</ele>
        <time>2022-11-01T10:38:26Z</time>
      </trkpt>
      <trkpt lat="43.130557" lon="-2.646528">
        <ele>865.415</ele>
        <time>2022-11-01T10:38:42Z</time>
      </trkpt>
      <trkpt lat="43.130519" lon="-2.646488">
        <ele>865.409</ele>
        <time>2022-11-01T10:38:49Z</time>
      </trkpt>
      <trkpt lat="43.130476" lon="-2.646455">
        <ele>866.264</ele>
        <time>2022-11-01T10:38:57Z</time>
      </trkpt>
      <trkpt lat="43.130364" lon="-2.646330">
        <ele>874.414</ele>
        <time>2022-11-01T10:39:57Z</time>
      </trkpt>
      <trkpt lat="43.130159" lon="-2.646237">
        <ele>876.421</ele>
        <time>2022-11-01T10:40:53Z</time>
      </trkpt>
      <trkpt lat="43.130124" lon="-2.646192">
        <ele>877.333</ele>
        <time>2022-11-01T10:41:00Z</time>
      </trkpt>
      <trkpt lat="43.130086" lon="-2.646240">
        <ele>877.450</ele>
        <time>2022-11-01T10:41:19Z</time>
      </trkpt>
      <trkpt lat="43.130036" lon="-2.646157">
        <ele>881.776</ele>
        <time>2022-11-01T10:41:34Z</time>
      </trkpt>
      <trkpt lat="43.129943" lon="-2.646097">
        <ele>882.394</ele>
        <time>2022-11-01T10:41:52Z</time>
      </trkpt>
      <trkpt lat="43.129935" lon="-2.646035">
        <ele>886.950</ele>
        <time>2022-11-01T10:42:46Z</time>
      </trkpt>
      <trkpt lat="43.129895" lon="-2.645998">
        <ele>894.412</ele>
        <time>2022-11-01T10:42:56Z</time>
      </trkpt>
      <trkpt lat="43.129850" lon="-2.645970">
        <ele>907.481</ele>
        <time>2022-11-01T10:44:04Z</time>
      </trkpt>
      <trkpt lat="43.129803" lon="-2.645975">
        <ele>907.961</ele>
        <time>2022-11-01T10:44:13Z</time>
      </trkpt>
      <trkpt lat="43.129758" lon="-2.645948">
        <ele>908.117</ele>
        <time>2022-11-01T10:44:31Z</time>
      </trkpt>
      <trkpt lat="43.129725" lon="-2.645905">
        <ele>908.109</ele>
        <time>2022-11-01T10:44:42Z</time>
      </trkpt>
      <trkpt lat="43.129687" lon="-2.645863">
        <ele>910.519</ele>
        <time>2022-11-01T10:44:52Z</time>
      </trkpt>
      <trkpt lat="43.129645" lon="-2.645826">
        <ele>910.919</ele>
        <time>2022-11-01T10:45:01Z</time>
      </trkpt>
      <trkpt lat="43.129603" lon="-2.645788">
        <ele>912.376</ele>
        <time>2022-11-01T10:45:08Z</time>
      </trkpt>
      <trkpt lat="43.129560" lon="-2.645748">
        <ele>915.228</ele>
        <time>2022-11-01T10:45:35Z</time>
      </trkpt>
      <trkpt lat="43.129522" lon="-2.645695">
        <ele>915.625</ele>
        <time>2022-11-01T10:45:44Z</time>
      </trkpt>
      <trkpt lat="43.129485" lon="-2.645657">
        <ele>915.691</ele>
        <time>2022-11-01T10:45:51Z</time>
      </trkpt>
      <trkpt lat="43.129440" lon="-2.645662">
        <ele>916.449</ele>
        <time>2022-11-01T10:46:10Z</time>
      </trkpt>
      <trkpt lat="43.129398" lon="-2.645622">
        <ele>920.285</ele>
        <time>2022-11-01T10:46:24Z</time>
      </trkpt>
      <trkpt lat="43.129310" lon="-2.645564">
        <ele>923.387</ele>
        <time>2022-11-01T10:47:18Z</time>
      </trkpt>
      <trkpt lat="43.129257" lon="-2.645542">
        <ele>923.381</ele>
        <time>2022-11-01T10:48:01Z</time>
      </trkpt>
      <trkpt lat="43.129192" lon="-2.645534">
        <ele>923.761</ele>
        <time>2022-11-01T10:48:23Z</time>
      </trkpt>
      <trkpt lat="43.129179" lon="-2.645601">
        <ele>933.517</ele>
        <time>2022-11-01T10:49:24Z</time>
      </trkpt>
      <trkpt lat="43.129136" lon="-2.645651">
        <ele>937.109</ele>
        <time>2022-11-01T10:49:48Z</time>
      </trkpt>
      <trkpt lat="43.129178" lon="-2.645684">
        <ele>938.429</ele>
        <time>2022-11-01T10:50:10Z</time>
      </trkpt>
      <trkpt lat="43.128986" lon="-2.645636">
        <ele>937.299</ele>
        <time>2022-11-01T10:52:13Z</time>
      </trkpt>
      <trkpt lat="43.128918" lon="-2.645619">
        <ele>940.856</ele>
        <time>2022-11-01T10:52:55Z</time>
      </trkpt>
      <trkpt lat="43.128956" lon="-2.645657">
        <ele>950.818</ele>
        <time>2022-11-01T10:53:02Z</time>
      </trkpt>
      <trkpt lat="43.128814" lon="-2.645680">
        <ele>951.445</ele>
        <time>2022-11-01T10:53:44Z</time>
      </trkpt>
      <trkpt lat="43.128734" lon="-2.645575">
        <ele>954.031</ele>
        <time>2022-11-01T10:54:41Z</time>
      </trkpt>
      <trkpt lat="43.128772" lon="-2.645540">
        <ele>958.469</ele>
        <time>2022-11-01T10:55:01Z</time>
      </trkpt>
      <trkpt lat="43.128800" lon="-2.645590">
        <ele>961.595</ele>
        <time>2022-11-01T10:55:06Z</time>
      </trkpt>
      <trkpt lat="43.128765" lon="-2.645635">
        <ele>962.837</ele>
        <time>2022-11-01T10:55:11Z</time>
      </trkpt>
      <trkpt lat="43.128695" lon="-2.645675">
        <ele>975.752</ele>
        <time>2022-11-01T10:56:45Z</time>
      </trkpt>
      <trkpt lat="43.128735" lon="-2.645707">
        <ele>975.753</ele>
        <time>2022-11-01T10:56:53Z</time>
      </trkpt>
      <trkpt lat="43.128815" lon="-2.645734">
        <ele>976.008</ele>
        <time>2022-11-01T10:58:19Z</time>
      </trkpt>
      <trkpt lat="43.128753" lon="-2.645761">
        <ele>977.709</ele>
        <time>2022-11-01T10:58:39Z</time>
      </trkpt>
      <trkpt lat="43.128733" lon="-2.645838">
        <ele>977.776</ele>
        <time>2022-11-01T10:58:53Z</time>
      </trkpt>
      <trkpt lat="43.128790" lon="-2.645855">
        <ele>980.896</ele>
        <time>2022-11-01T10:58:58Z</time>
      </trkpt>
      <trkpt lat="43.128835" lon="-2.645860">
        <ele>981.253</ele>
        <time>2022-11-01T10:59:01Z</time>
      </trkpt>
      <trkpt lat="43.128675" lon="-2.645923">
        <ele>982.925</ele>
        <time>2022-11-01T10:59:44Z</time>
      </trkpt>
      <trkpt lat="43.128637" lon="-2.645851">
        <ele>983.112</ele>
        <time>2022-11-01T11:00:07Z</time>
      </trkpt>
      <trkpt lat="43.128617" lon="-2.645794">
        <ele>983.218</ele>
        <time>2022-11-01T11:00:21Z</time>
      </trkpt>
      <trkpt lat="43.128570" lon="-2.645802">
        <ele>984.546</ele>
        <time>2022-11-01T11:00:51Z</time>
      </trkpt>
      <trkpt lat="43.128543" lon="-2.645857">
        <ele>985.872</ele>
        <time>2022-11-01T11:00:59Z</time>
      </trkpt>
      <trkpt lat="43.128498" lon="-2.645842">
        <ele>987.764</ele>
        <time>2022-11-01T11:01:15Z</time>
      </trkpt>
      <trkpt lat="43.128446" lon="-2.645904">
        <ele>991.421</ele>
        <time>2022-11-01T11:01:46Z</time>
      </trkpt>
      <trkpt lat="43.128439" lon="-2.645972">
        <ele>992.841</ele>
        <time>2022-11-01T11:01:58Z</time>
      </trkpt>
      <trkpt lat="43.128392" lon="-2.645984">
        <ele>994.605</ele>
        <time>2022-11-01T11:02:11Z</time>
      </trkpt>
      <trkpt lat="43.128369" lon="-2.646052">
        <ele>1000.909</ele>
        <time>2022-11-01T11:03:04Z</time>
      </trkpt>
      <trkpt lat="43.128322" lon="-2.646062">
        <ele>1000.973</ele>
        <time>2022-11-01T11:03:23Z</time>
      </trkpt>
      <trkpt lat="43.128277" lon="-2.646047">
        <ele>1004.073</ele>
        <time>2022-11-01T11:03:51Z</time>
      </trkpt>
      <trkpt lat="43.128232" lon="-2.646015">
        <ele>1009.980</ele>
        <time>2022-11-01T11:03:58Z</time>
      </trkpt>
      <trkpt lat="43.128192" lon="-2.645980">
        <ele>1011.332</ele>
        <time>2022-11-01T11:04:07Z</time>
      </trkpt>
      <trkpt lat="43.128159" lon="-2.645925">
        <ele>1013.869</ele>
        <time>2022-11-01T11:04:28Z</time>
      </trkpt>
      <trkpt lat="43.128131" lon="-2.645870">
        <ele>1014.365</ele>
        <time>2022-11-01T11:04:48Z</time>
      </trkpt>
      <trkpt lat="43.128089" lon="-2.645845">
        <ele>1014.653</ele>
        <time>2022-11-01T11:04:59Z</time>
      </trkpt>
      <trkpt lat="43.128061" lon="-2.645788">
        <ele>1014.929</ele>
        <time>2022-11-01T11:05:12Z</time>
      </trkpt>
      <trkpt lat="43.128031" lon="-2.645735">
        <ele>1015.221</ele>
        <time>2022-11-01T11:05:21Z</time>
      </trkpt>
      <trkpt lat="43.127989" lon="-2.645693">
        <ele>1017.733</ele>
        <time>2022-11-01T11:05:30Z</time>
      </trkpt>
      <trkpt lat="43.127949" lon="-2.645650">
        <ele>1022.923</ele>
        <time>2022-11-01T11:06:33Z</time>
      </trkpt>
      <trkpt lat="43.127907" lon="-2.645613">
        <ele>1022.915</ele>
        <time>2022-11-01T11:06:40Z</time>
      </trkpt>
      <trkpt lat="43.127862" lon="-2.645565">
        <ele>1022.909</ele>
        <time>2022-11-01T11:06:48Z</time>
      </trkpt>
      <trkpt lat="43.127835" lon="-2.645507">
        <ele>1022.984</ele>
        <time>2022-11-01T11:06:54Z</time>
      </trkpt>
      <trkpt lat="43.127810" lon="-2.645445">
        <ele>1022.974</ele>
        <time>2022-11-01T11:07:00Z</time>
      </trkpt>
      <trkpt lat="43.127773" lon="-2.645402">
        <ele>1032.341</ele>
        <time>2022-11-01T11:07:09Z</time>
      </trkpt>
      <trkpt lat="43.127745" lon="-2.645349">
        <ele>1034.443</ele>
        <time>2022-11-01T11:07:19Z</time>
      </trkpt>
      <trkpt lat="43.127718" lon="-2.645276">
        <ele>1036.460</ele>
        <time>2022-11-01T11:09:24Z</time>
      </trkpt>
      <trkpt lat="43.127675" lon="-2.645253">
        <ele>1036.476</ele>
        <time>2022-11-01T11:09:31Z</time>
      </trkpt>
      <trkpt lat="43.127722" lon="-2.645270">
        <ele>1036.474</ele>
        <time>2022-11-01T11:09:59Z</time>
      </trkpt>
      <trkpt lat="43.127675" lon="-2.645267">
        <ele>1034.090</ele>
        <time>2022-11-01T11:11:14Z</time>
      </trkpt>
      <trkpt lat="43.127720" lon="-2.645285">
        <ele>1034.152</ele>
        <time>2022-11-01T11:11:46Z</time>
      </trkpt>
      <trkpt lat="43.127678" lon="-2.645255">
        <ele>1036.162</ele>
        <time>2022-11-01T11:13:45Z</time>
      </trkpt>
      <trkpt lat="43.127723" lon="-2.645262">
        <ele>1036.383</ele>
        <time>2022-11-01T11:15:58Z</time>
      </trkpt>
      <trkpt lat="43.127766" lon="-2.645317">
        <ele>1036.311</ele>
        <time>2022-11-01T11:16:49Z</time>
      </trkpt>
      <trkpt lat="43.127796" lon="-2.645377">
        <ele>1036.309</ele>
        <time>2022-11-01T11:17:21Z</time>
      </trkpt>
      <trkpt lat="43.127804" lon="-2.645439">
        <ele>1038.327</ele>
        <time>2022-11-01T11:19:26Z</time>
      </trkpt>
      <trkpt lat="43.127839" lon="-2.645482">
        <ele>1038.327</ele>
        <time>2022-11-01T11:19:33Z</time>
      </trkpt>
      <trkpt lat="43.127879" lon="-2.645514">
        <ele>1038.664</ele>
        <time>2022-11-01T11:19:43Z</time>
      </trkpt>
      <trkpt lat="43.127917" lon="-2.645554">
        <ele>1038.616</ele>
        <time>2022-11-01T11:19:52Z</time>
      </trkpt>
      <trkpt lat="43.127954" lon="-2.645596">
        <ele>1038.643</ele>
        <time>2022-11-01T11:19:59Z</time>
      </trkpt>
      <trkpt lat="43.127981" lon="-2.645651">
        <ele>1034.879</ele>
        <time>2022-11-01T11:20:07Z</time>
      </trkpt>
      <trkpt lat="43.128013" lon="-2.645699">
        <ele>1032.247</ele>
        <time>2022-11-01T11:20:15Z</time>
      </trkpt>
      <trkpt lat="43.128041" lon="-2.645759">
        <ele>1029.383</ele>
        <time>2022-11-01T11:20:22Z</time>
      </trkpt>
      <trkpt lat="43.128069" lon="-2.645807">
        <ele>1025.635</ele>
        <time>2022-11-01T11:20:47Z</time>
      </trkpt>
      <trkpt lat="43.128111" lon="-2.645845">
        <ele>1024.241</ele>
        <time>2022-11-01T11:21:12Z</time>
      </trkpt>
      <trkpt lat="43.128143" lon="-2.645892">
        <ele>1022.181</ele>
        <time>2022-11-01T11:21:25Z</time>
      </trkpt>
      <trkpt lat="43.128160" lon="-2.645970">
        <ele>1019.609</ele>
        <time>2022-11-01T11:21:52Z</time>
      </trkpt>
      <trkpt lat="43.128150" lon="-2.646043">
        <ele>1018.809</ele>
        <time>2022-11-01T11:21:59Z</time>
      </trkpt>
      <trkpt lat="43.127882" lon="-2.645860">
        <ele>1019.155</ele>
        <time>2022-11-01T11:24:59Z</time>
      </trkpt>
      <trkpt lat="43.127845" lon="-2.645897">
        <ele>1013.025</ele>
        <time>2022-11-01T11:26:48Z</time>
      </trkpt>
      <trkpt lat="43.127822" lon="-2.645819">
        <ele>1013.042</ele>
        <time>2022-11-01T11:27:06Z</time>
      </trkpt>
      <trkpt lat="43.127764" lon="-2.645739">
        <ele>1003.614</ele>
        <time>2022-11-01T11:27:24Z</time>
      </trkpt>
      <trkpt lat="43.127654" lon="-2.645694">
        <ele>1000.011</ele>
        <time>2022-11-01T11:28:20Z</time>
      </trkpt>
      <trkpt lat="43.127611" lon="-2.645667">
        <ele>999.717</ele>
        <time>2022-11-01T11:28:30Z</time>
      </trkpt>
      <trkpt lat="43.127568" lon="-2.645645">
        <ele>998.715</ele>
        <time>2022-11-01T11:28:44Z</time>
      </trkpt>
      <trkpt lat="43.127533" lon="-2.645588">
        <ele>992.231</ele>
        <time>2022-11-01T11:29:12Z</time>
      </trkpt>
      <trkpt lat="43.127501" lon="-2.645640">
        <ele>990.163</ele>
        <time>2022-11-01T11:29:30Z</time>
      </trkpt>
      <trkpt lat="43.127453" lon="-2.645635">
        <ele>985.045</ele>
        <time>2022-11-01T11:29:41Z</time>
      </trkpt>
      <trkpt lat="43.127408" lon="-2.645618">
        <ele>981.847</ele>
        <time>2022-11-01T11:29:48Z</time>
      </trkpt>
      <trkpt lat="43.127365" lon="-2.645653">
        <ele>979.911</ele>
        <time>2022-11-01T11:29:58Z</time>
      </trkpt>
      <trkpt lat="43.127318" lon="-2.645666">
        <ele>976.609</ele>
        <time>2022-11-01T11:30:09Z</time>
      </trkpt>
      <trkpt lat="43.127275" lon="-2.645636">
        <ele>972.255</ele>
        <time>2022-11-01T11:30:16Z</time>
      </trkpt>
      <trkpt lat="43.127238" lon="-2.645589">
        <ele>971.635</ele>
        <time>2022-11-01T11:30:23Z</time>
      </trkpt>
      <trkpt lat="43.127186" lon="-2.645557">
        <ele>971.432</ele>
        <time>2022-11-01T11:30:32Z</time>
      </trkpt>
      <trkpt lat="43.127139" lon="-2.645575">
        <ele>970.844</ele>
        <time>2022-11-01T11:30:35Z</time>
      </trkpt>
      <trkpt lat="43.127082" lon="-2.645552">
        <ele>966.481</ele>
        <time>2022-11-01T11:30:41Z</time>
      </trkpt>
      <trkpt lat="43.127035" lon="-2.645574">
        <ele>965.627</ele>
        <time>2022-11-01T11:30:44Z</time>
      </trkpt>
      <trkpt lat="43.126958" lon="-2.645624">
        <ele>961.255</ele>
        <time>2022-11-01T11:31:08Z</time>
      </trkpt>
      <trkpt lat="43.126915" lon="-2.645652">
        <ele>960.341</ele>
        <time>2022-11-01T11:31:23Z</time>
      </trkpt>
      <trkpt lat="43.126865" lon="-2.645630">
        <ele>959.213</ele>
        <time>2022-11-01T11:31:34Z</time>
      </trkpt>
      <trkpt lat="43.126818" lon="-2.645653">
        <ele>958.611</ele>
        <time>2022-11-01T11:31:43Z</time>
      </trkpt>
      <trkpt lat="43.126773" lon="-2.645651">
        <ele>955.621</ele>
        <time>2022-11-01T11:31:53Z</time>
      </trkpt>
      <trkpt lat="43.126725" lon="-2.645646">
        <ele>953.503</ele>
        <time>2022-11-01T11:31:58Z</time>
      </trkpt>
      <trkpt lat="43.126677" lon="-2.645639">
        <ele>951.509</ele>
        <time>2022-11-01T11:32:09Z</time>
      </trkpt>
      <trkpt lat="43.126630" lon="-2.645641">
        <ele>948.732</ele>
        <time>2022-11-01T11:32:18Z</time>
      </trkpt>
      <trkpt lat="43.126588" lon="-2.645664">
        <ele>946.762</ele>
        <time>2022-11-01T11:32:23Z</time>
      </trkpt>
      <trkpt lat="43.126556" lon="-2.645714">
        <ele>945.439</ele>
        <time>2022-11-01T11:32:31Z</time>
      </trkpt>
      <trkpt lat="43.126514" lon="-2.645744">
        <ele>945.791</ele>
        <time>2022-11-01T11:32:40Z</time>
      </trkpt>
      <trkpt lat="43.126462" lon="-2.645774">
        <ele>945.348</ele>
        <time>2022-11-01T11:32:46Z</time>
      </trkpt>
      <trkpt lat="43.126419" lon="-2.645791">
        <ele>945.134</ele>
        <time>2022-11-01T11:32:53Z</time>
      </trkpt>
      <trkpt lat="43.126402" lon="-2.645859">
        <ele>944.382</ele>
        <time>2022-11-01T11:33:06Z</time>
      </trkpt>
      <trkpt lat="43.126357" lon="-2.645887">
        <ele>943.988</ele>
        <time>2022-11-01T11:33:11Z</time>
      </trkpt>
      <trkpt lat="43.126310" lon="-2.645910">
        <ele>942.930</ele>
        <time>2022-11-01T11:33:15Z</time>
      </trkpt>
      <trkpt lat="43.126277" lon="-2.645957">
        <ele>942.755</ele>
        <time>2022-11-01T11:33:29Z</time>
      </trkpt>
      <trkpt lat="43.126302" lon="-2.646039">
        <ele>941.507</ele>
        <time>2022-11-01T11:33:47Z</time>
      </trkpt>
      <trkpt lat="43.126309" lon="-2.646102">
        <ele>941.417</ele>
        <time>2022-11-01T11:33:53Z</time>
      </trkpt>
      <trkpt lat="43.126259" lon="-2.646115">
        <ele>942.209</ele>
        <time>2022-11-01T11:34:39Z</time>
      </trkpt>
      <trkpt lat="43.126236" lon="-2.646177">
        <ele>942.166</ele>
        <time>2022-11-01T11:34:47Z</time>
      </trkpt>
      <trkpt lat="43.126194" lon="-2.646215">
        <ele>940.426</ele>
        <time>2022-11-01T11:34:55Z</time>
      </trkpt>
      <trkpt lat="43.126154" lon="-2.646250">
        <ele>937.783</ele>
        <time>2022-11-01T11:35:01Z</time>
      </trkpt>
      <trkpt lat="43.126089" lon="-2.646245">
        <ele>937.265</ele>
        <time>2022-11-01T11:35:08Z</time>
      </trkpt>
      <trkpt lat="43.126001" lon="-2.646340">
        <ele>936.072</ele>
        <time>2022-11-01T11:35:22Z</time>
      </trkpt>
      <trkpt lat="43.125984" lon="-2.646403">
        <ele>936.048</ele>
        <time>2022-11-01T11:35:27Z</time>
      </trkpt>
      <trkpt lat="43.125947" lon="-2.646341">
        <ele>951.786</ele>
        <time>2022-11-01T11:36:55Z</time>
      </trkpt>
      <trkpt lat="43.125912" lon="-2.646396">
        <ele>951.772</ele>
        <time>2022-11-01T11:37:01Z</time>
      </trkpt>
      <trkpt lat="43.125862" lon="-2.646383">
        <ele>951.724</ele>
        <time>2022-11-01T11:37:19Z</time>
      </trkpt>
      <trkpt lat="43.125847" lon="-2.646318">
        <ele>949.328</ele>
        <time>2022-11-01T11:37:42Z</time>
      </trkpt>
      <trkpt lat="43.125762" lon="-2.646261">
        <ele>945.189</ele>
        <time>2022-11-01T11:38:06Z</time>
      </trkpt>
      <trkpt lat="43.125720" lon="-2.646229">
        <ele>940.417</ele>
        <time>2022-11-01T11:38:14Z</time>
      </trkpt>
      <trkpt lat="43.125672" lon="-2.646209">
        <ele>938.009</ele>
        <time>2022-11-01T11:38:22Z</time>
      </trkpt>
      <trkpt lat="43.125629" lon="-2.646174">
        <ele>935.123</ele>
        <time>2022-11-01T11:38:33Z</time>
      </trkpt>
      <trkpt lat="43.125574" lon="-2.646181">
        <ele>933.483</ele>
        <time>2022-11-01T11:38:41Z</time>
      </trkpt>
      <trkpt lat="43.125529" lon="-2.646149">
        <ele>933.280</ele>
        <time>2022-11-01T11:38:51Z</time>
      </trkpt>
      <trkpt lat="43.125482" lon="-2.646137">
        <ele>932.772</ele>
        <time>2022-11-01T11:39:01Z</time>
      </trkpt>
      <trkpt lat="43.125437" lon="-2.646117">
        <ele>931.679</ele>
        <time>2022-11-01T11:39:06Z</time>
      </trkpt>
      <trkpt lat="43.125390" lon="-2.646104">
        <ele>929.545</ele>
        <time>2022-11-01T11:39:12Z</time>
      </trkpt>
      <trkpt lat="43.125342" lon="-2.646077">
        <ele>928.053</ele>
        <time>2022-11-01T11:39:19Z</time>
      </trkpt>
      <trkpt lat="43.125289" lon="-2.646087">
        <ele>926.199</ele>
        <time>2022-11-01T11:39:25Z</time>
      </trkpt>
      <trkpt lat="43.125232" lon="-2.646107">
        <ele>921.151</ele>
        <time>2022-11-01T11:39:35Z</time>
      </trkpt>
      <trkpt lat="43.125182" lon="-2.646100">
        <ele>918.455</ele>
        <time>2022-11-01T11:39:42Z</time>
      </trkpt>
      <trkpt lat="43.125132" lon="-2.646072">
        <ele>914.907</ele>
        <time>2022-11-01T11:40:33Z</time>
      </trkpt>
      <trkpt lat="43.125109" lon="-2.646019">
        <ele>914.817</ele>
        <time>2022-11-01T11:40:47Z</time>
      </trkpt>
      <trkpt lat="43.125076" lon="-2.646061">
        <ele>914.809</ele>
        <time>2022-11-01T11:40:53Z</time>
      </trkpt>
      <trkpt lat="43.125034" lon="-2.645979">
        <ele>914.296</ele>
        <time>2022-11-01T11:41:18Z</time>
      </trkpt>
      <trkpt lat="43.124987" lon="-2.645966">
        <ele>913.466</ele>
        <time>2022-11-01T11:41:29Z</time>
      </trkpt>
      <trkpt lat="43.124924" lon="-2.645959">
        <ele>912.713</ele>
        <time>2022-11-01T11:41:48Z</time>
      </trkpt>
      <trkpt lat="43.124876" lon="-2.645957">
        <ele>912.645</ele>
        <time>2022-11-01T11:42:06Z</time>
      </trkpt>
      <trkpt lat="43.124836" lon="-2.645914">
        <ele>912.452</ele>
        <time>2022-11-01T11:42:13Z</time>
      </trkpt>
      <trkpt lat="43.124776" lon="-2.645892">
        <ele>911.478</ele>
        <time>2022-11-01T11:42:21Z</time>
      </trkpt>
      <trkpt lat="43.124738" lon="-2.645859">
        <ele>909.316</ele>
        <time>2022-11-01T11:42:26Z</time>
      </trkpt>
      <trkpt lat="43.124680" lon="-2.645861">
        <ele>905.212</ele>
        <time>2022-11-01T11:42:38Z</time>
      </trkpt>
      <trkpt lat="43.124652" lon="-2.645808">
        <ele>902.744</ele>
        <time>2022-11-01T11:42:44Z</time>
      </trkpt>
      <trkpt lat="43.124610" lon="-2.645776">
        <ele>900.514</ele>
        <time>2022-11-01T11:42:54Z</time>
      </trkpt>
      <trkpt lat="43.124563" lon="-2.645743">
        <ele>894.854</ele>
        <time>2022-11-01T11:43:05Z</time>
      </trkpt>
      <trkpt lat="43.124510" lon="-2.645736">
        <ele>890.309</ele>
        <time>2022-11-01T11:43:13Z</time>
      </trkpt>
      <trkpt lat="43.124482" lon="-2.645688">
        <ele>889.509</ele>
        <time>2022-11-01T11:43:23Z</time>
      </trkpt>
      <trkpt lat="43.124442" lon="-2.645653">
        <ele>888.962</ele>
        <time>2022-11-01T11:43:27Z</time>
      </trkpt>
      <trkpt lat="43.124389" lon="-2.645673">
        <ele>887.682</ele>
        <time>2022-11-01T11:43:31Z</time>
      </trkpt>
      <trkpt lat="43.124349" lon="-2.645643">
        <ele>884.989</ele>
        <time>2022-11-01T11:43:50Z</time>
      </trkpt>
      <trkpt lat="43.124302" lon="-2.645650">
        <ele>880.981</ele>
        <time>2022-11-01T11:44:00Z</time>
      </trkpt>
      <trkpt lat="43.124249" lon="-2.645645">
        <ele>879.848</ele>
        <time>2022-11-01T11:44:14Z</time>
      </trkpt>
      <trkpt lat="43.124209" lon="-2.645610">
        <ele>879.624</ele>
        <time>2022-11-01T11:44:22Z</time>
      </trkpt>
      <trkpt lat="43.124159" lon="-2.645583">
        <ele>878.072</ele>
        <time>2022-11-01T11:44:35Z</time>
      </trkpt>
      <trkpt lat="43.124111" lon="-2.645595">
        <ele>875.198</ele>
        <time>2022-11-01T11:44:43Z</time>
      </trkpt>
      <trkpt lat="43.124086" lon="-2.645540">
        <ele>874.550</ele>
        <time>2022-11-01T11:44:50Z</time>
      </trkpt>
      <trkpt lat="43.124039" lon="-2.645538">
        <ele>872.688</ele>
        <time>2022-11-01T11:44:58Z</time>
      </trkpt>
      <trkpt lat="43.123992" lon="-2.645515">
        <ele>872.424</ele>
        <time>2022-11-01T11:45:07Z</time>
      </trkpt>
      <trkpt lat="43.123944" lon="-2.645485">
        <ele>871.826</ele>
        <time>2022-11-01T11:45:12Z</time>
      </trkpt>
      <trkpt lat="43.123896" lon="-2.645457">
        <ele>871.009</ele>
        <time>2022-11-01T11:45:20Z</time>
      </trkpt>
      <trkpt lat="43.123851" lon="-2.645450">
        <ele>869.149</ele>
        <time>2022-11-01T11:45:30Z</time>
      </trkpt>
      <trkpt lat="43.123781" lon="-2.645367">
        <ele>868.099</ele>
        <time>2022-11-01T11:45:51Z</time>
      </trkpt>
      <trkpt lat="43.123739" lon="-2.645335">
        <ele>866.836</ele>
        <time>2022-11-01T11:45:59Z</time>
      </trkpt>
      <trkpt lat="43.123702" lon="-2.645288">
        <ele>865.428</ele>
        <time>2022-11-01T11:46:04Z</time>
      </trkpt>
      <trkpt lat="43.123672" lon="-2.645238">
        <ele>864.455</ele>
        <time>2022-11-01T11:46:09Z</time>
      </trkpt>
      <trkpt lat="43.123637" lon="-2.645190">
        <ele>862.561</ele>
        <time>2022-11-01T11:46:14Z</time>
      </trkpt>
      <trkpt lat="43.123610" lon="-2.645133">
        <ele>860.499</ele>
        <time>2022-11-01T11:46:18Z</time>
      </trkpt>
      <trkpt lat="43.123575" lon="-2.645093">
        <ele>860.215</ele>
        <time>2022-11-01T11:46:28Z</time>
      </trkpt>
      <trkpt lat="43.123532" lon="-2.645075">
        <ele>859.277</ele>
        <time>2022-11-01T11:46:32Z</time>
      </trkpt>
      <trkpt lat="43.123474" lon="-2.645097">
        <ele>858.613</ele>
        <time>2022-11-01T11:46:47Z</time>
      </trkpt>
      <trkpt lat="43.123427" lon="-2.645080">
        <ele>857.443</ele>
        <time>2022-11-01T11:46:57Z</time>
      </trkpt>
      <trkpt lat="43.123377" lon="-2.645045">
        <ele>856.207</ele>
        <time>2022-11-01T11:47:07Z</time>
      </trkpt>
      <trkpt lat="43.123339" lon="-2.645000">
        <ele>854.109</ele>
        <time>2022-11-01T11:47:18Z</time>
      </trkpt>
      <trkpt lat="43.123297" lon="-2.644968">
        <ele>853.112</ele>
        <time>2022-11-01T11:47:24Z</time>
      </trkpt>
      <trkpt lat="43.123285" lon="-2.644903">
        <ele>851.792</ele>
        <time>2022-11-01T11:47:29Z</time>
      </trkpt>
      <trkpt lat="43.123275" lon="-2.644835">
        <ele>850.229</ele>
        <time>2022-11-01T11:47:34Z</time>
      </trkpt>
      <trkpt lat="43.123273" lon="-2.644773">
        <ele>848.581</ele>
        <time>2022-11-01T11:47:41Z</time>
      </trkpt>
      <trkpt lat="43.123231" lon="-2.644746">
        <ele>847.018</ele>
        <time>2022-11-01T11:47:47Z</time>
      </trkpt>
      <trkpt lat="43.123183" lon="-2.644709">
        <ele>844.044</ele>
        <time>2022-11-01T11:47:54Z</time>
      </trkpt>
      <trkpt lat="43.123131" lon="-2.644666">
        <ele>843.532</ele>
        <time>2022-11-01T11:47:59Z</time>
      </trkpt>
      <trkpt lat="43.123083" lon="-2.644634">
        <ele>842.588</ele>
        <time>2022-11-01T11:48:03Z</time>
      </trkpt>
      <trkpt lat="43.123055" lon="-2.644586">
        <ele>842.110</ele>
        <time>2022-11-01T11:48:08Z</time>
      </trkpt>
      <trkpt lat="43.123027" lon="-2.644533">
        <ele>842.192</ele>
        <time>2022-11-01T11:48:13Z</time>
      </trkpt>
      <trkpt lat="43.122987" lon="-2.644500">
        <ele>842.373</ele>
        <time>2022-11-01T11:48:21Z</time>
      </trkpt>
      <trkpt lat="43.122972" lon="-2.644438">
        <ele>842.320</ele>
        <time>2022-11-01T11:48:34Z</time>
      </trkpt>
      <trkpt lat="43.122907" lon="-2.644383">
        <ele>839.709</ele>
        <time>2022-11-01T11:49:18Z</time>
      </trkpt>
      <trkpt lat="43.122869" lon="-2.644321">
        <ele>838.840</ele>
        <time>2022-11-01T11:50:03Z</time>
      </trkpt>
      <trkpt lat="43.122851" lon="-2.644253">
        <ele>834.410</ele>
        <time>2022-11-01T11:50:13Z</time>
      </trkpt>
      <trkpt lat="43.122808" lon="-2.644221">
        <ele>832.317</ele>
        <time>2022-11-01T11:50:19Z</time>
      </trkpt>
      <trkpt lat="43.122741" lon="-2.644144">
        <ele>826.919</ele>
        <time>2022-11-01T11:50:27Z</time>
      </trkpt>
      <trkpt lat="43.122711" lon="-2.644096">
        <ele>827.626</ele>
        <time>2022-11-01T11:50:40Z</time>
      </trkpt>
      <trkpt lat="43.122668" lon="-2.644063">
        <ele>827.782</ele>
        <time>2022-11-01T11:50:51Z</time>
      </trkpt>
      <trkpt lat="43.122681" lon="-2.643985">
        <ele>827.650</ele>
        <time>2022-11-01T11:51:05Z</time>
      </trkpt>
      <trkpt lat="43.122649" lon="-2.643902">
        <ele>825.726</ele>
        <time>2022-11-01T11:51:32Z</time>
      </trkpt>
      <trkpt lat="43.122622" lon="-2.643852">
        <ele>824.198</ele>
        <time>2022-11-01T11:51:38Z</time>
      </trkpt>
      <trkpt lat="43.122579" lon="-2.643872">
        <ele>822.693</ele>
        <time>2022-11-01T11:51:44Z</time>
      </trkpt>
      <trkpt lat="43.122472" lon="-2.643790">
        <ele>818.665</ele>
        <time>2022-11-01T11:53:28Z</time>
      </trkpt>
      <trkpt lat="43.122520" lon="-2.643743">
        <ele>818.621</ele>
        <time>2022-11-01T11:53:36Z</time>
      </trkpt>
      <trkpt lat="43.122473" lon="-2.643725">
        <ele>818.209</ele>
        <time>2022-11-01T11:54:13Z</time>
      </trkpt>
      <trkpt lat="43.122453" lon="-2.643655">
        <ele>816.560</ele>
        <time>2022-11-01T11:54:30Z</time>
      </trkpt>
      <trkpt lat="43.122451" lon="-2.643587">
        <ele>807.480</ele>
        <time>2022-11-01T11:54:54Z</time>
      </trkpt>
      <trkpt lat="43.122468" lon="-2.643514">
        <ele>805.467</ele>
        <time>2022-11-01T11:55:00Z</time>
      </trkpt>
      <trkpt lat="43.122408" lon="-2.643512">
        <ele>803.649</ele>
        <time>2022-11-01T11:55:20Z</time>
      </trkpt>
      <trkpt lat="43.122460" lon="-2.643444">
        <ele>802.156</ele>
        <time>2022-11-01T11:55:31Z</time>
      </trkpt>
      <trkpt lat="43.122325" lon="-2.643297">
        <ele>792.822</ele>
        <time>2022-11-01T11:56:03Z</time>
      </trkpt>
      <trkpt lat="43.122188" lon="-2.643075">
        <ele>773.120</ele>
        <time>2022-11-01T11:56:58Z</time>
      </trkpt>
      <trkpt lat="43.121940" lon="-2.642957">
        <ele>757.556</ele>
        <time>2022-11-01T11:58:05Z</time>
      </trkpt>
      <trkpt lat="43.121972" lon="-2.643004">
        <ele>754.778</ele>
        <time>2022-11-01T11:58:12Z</time>
      </trkpt>
      <trkpt lat="43.121964" lon="-2.643067">
        <ele>751.581</ele>
        <time>2022-11-01T11:58:17Z</time>
      </trkpt>
      <trkpt lat="43.121932" lon="-2.643120">
        <ele>746.961</ele>
        <time>2022-11-01T11:58:25Z</time>
      </trkpt>
      <trkpt lat="43.121904" lon="-2.643175">
        <ele>743.417</ele>
        <time>2022-11-01T11:58:31Z</time>
      </trkpt>
      <trkpt lat="43.121871" lon="-2.643225">
        <ele>740.309</ele>
        <time>2022-11-01T11:58:38Z</time>
      </trkpt>
      <trkpt lat="43.121859" lon="-2.643295">
        <ele>735.229</ele>
        <time>2022-11-01T11:58:45Z</time>
      </trkpt>
      <trkpt lat="43.121832" lon="-2.643350">
        <ele>732.139</ele>
        <time>2022-11-01T11:58:52Z</time>
      </trkpt>
      <trkpt lat="43.121820" lon="-2.643413">
        <ele>727.176</ele>
        <time>2022-11-01T11:58:59Z</time>
      </trkpt>
      <trkpt lat="43.121773" lon="-2.643410">
        <ele>721.998</ele>
        <time>2022-11-01T11:59:23Z</time>
      </trkpt>
      <trkpt lat="43.121770" lon="-2.643473">
        <ele>721.935</ele>
        <time>2022-11-01T11:59:35Z</time>
      </trkpt>
      <trkpt lat="43.121725" lon="-2.643470">
        <ele>720.571</ele>
        <time>2022-11-01T11:59:48Z</time>
      </trkpt>
      <trkpt lat="43.121710" lon="-2.643408">
        <ele>720.529</ele>
        <time>2022-11-01T12:00:00Z</time>
      </trkpt>
      <trkpt lat="43.121700" lon="-2.643343">
        <ele>719.095</ele>
        <time>2022-11-01T12:00:10Z</time>
      </trkpt>
      <trkpt lat="43.121663" lon="-2.643305">
        <ele>720.977</ele>
        <time>2022-11-01T12:00:21Z</time>
      </trkpt>
      <trkpt lat="43.121660" lon="-2.643235">
        <ele>720.987</ele>
        <time>2022-11-01T12:00:32Z</time>
      </trkpt>
      <trkpt lat="43.121638" lon="-2.643168">
        <ele>720.942</ele>
        <time>2022-11-01T12:00:36Z</time>
      </trkpt>
      <trkpt lat="43.121611" lon="-2.643118">
        <ele>720.926</ele>
        <time>2022-11-01T12:00:39Z</time>
      </trkpt>
      <trkpt lat="43.121566" lon="-2.643103">
        <ele>720.709</ele>
        <time>2022-11-01T12:00:44Z</time>
      </trkpt>
      <trkpt lat="43.121521" lon="-2.643080">
        <ele>720.159</ele>
        <time>2022-11-01T12:00:49Z</time>
      </trkpt>
      <trkpt lat="43.121494" lon="-2.643132">
        <ele>713.449</ele>
        <time>2022-11-01T12:01:04Z</time>
      </trkpt>
      <trkpt lat="43.121469" lon="-2.643185">
        <ele>712.246</ele>
        <time>2022-11-01T12:01:14Z</time>
      </trkpt>
      <trkpt lat="43.121429" lon="-2.643217">
        <ele>709.618</ele>
        <time>2022-11-01T12:01:37Z</time>
      </trkpt>
      <trkpt lat="43.121429" lon="-2.643280">
        <ele>706.685</ele>
        <time>2022-11-01T12:02:01Z</time>
      </trkpt>
      <trkpt lat="43.121409" lon="-2.643350">
        <ele>704.941</ele>
        <time>2022-11-01T12:02:05Z</time>
      </trkpt>
      <trkpt lat="43.121397" lon="-2.643420">
        <ele>703.959</ele>
        <time>2022-11-01T12:02:10Z</time>
      </trkpt>
      <trkpt lat="43.121394" lon="-2.643490">
        <ele>703.035</ele>
        <time>2022-11-01T12:02:16Z</time>
      </trkpt>
      <trkpt lat="43.121387" lon="-2.643557">
        <ele>701.057</ele>
        <time>2022-11-01T12:02:21Z</time>
      </trkpt>
      <trkpt lat="43.121385" lon="-2.643632">
        <ele>693.094</ele>
        <time>2022-11-01T12:02:26Z</time>
      </trkpt>
      <trkpt lat="43.121370" lon="-2.643710">
        <ele>691.957</ele>
        <time>2022-11-01T12:02:31Z</time>
      </trkpt>
      <trkpt lat="43.121357" lon="-2.643772">
        <ele>689.022</ele>
        <time>2022-11-01T12:02:41Z</time>
      </trkpt>
      <trkpt lat="43.121349" lon="-2.643839">
        <ele>684.909</ele>
        <time>2022-11-01T12:03:24Z</time>
      </trkpt>
      <trkpt lat="43.121356" lon="-2.643907">
        <ele>684.970</ele>
        <time>2022-11-01T12:03:29Z</time>
      </trkpt>
      <trkpt lat="43.121356" lon="-2.643989">
        <ele>684.960</ele>
        <time>2022-11-01T12:03:34Z</time>
      </trkpt>
      <trkpt lat="43.121349" lon="-2.644067">
        <ele>684.937</ele>
        <time>2022-11-01T12:03:37Z</time>
      </trkpt>
      <trkpt lat="43.121342" lon="-2.644130">
        <ele>684.929</ele>
        <time>2022-11-01T12:03:40Z</time>
      </trkpt>
      <trkpt lat="43.121329" lon="-2.644200">
        <ele>685.166</ele>
        <time>2022-11-01T12:03:43Z</time>
      </trkpt>
      <trkpt lat="43.121309" lon="-2.644257">
        <ele>684.792</ele>
        <time>2022-11-01T12:03:46Z</time>
      </trkpt>
      <trkpt lat="43.121291" lon="-2.644334">
        <ele>684.270</ele>
        <time>2022-11-01T12:03:51Z</time>
      </trkpt>
      <trkpt lat="43.121264" lon="-2.644394">
        <ele>683.646</ele>
        <time>2022-11-01T12:03:56Z</time>
      </trkpt>
      <trkpt lat="43.121231" lon="-2.644457">
        <ele>683.588</ele>
        <time>2022-11-01T12:04:00Z</time>
      </trkpt>
      <trkpt lat="43.121208" lon="-2.644512">
        <ele>682.929</ele>
        <time>2022-11-01T12:04:04Z</time>
      </trkpt>
      <trkpt lat="43.121170" lon="-2.644545">
        <ele>682.800</ele>
        <time>2022-11-01T12:04:07Z</time>
      </trkpt>
      <trkpt lat="43.121140" lon="-2.644617">
        <ele>682.720</ele>
        <time>2022-11-01T12:04:10Z</time>
      </trkpt>
      <trkpt lat="43.121135" lon="-2.644679">
        <ele>682.709</ele>
        <time>2022-11-01T12:04:14Z</time>
      </trkpt>
      <trkpt lat="43.121102" lon="-2.644744">
        <ele>685.073</ele>
        <time>2022-11-01T12:04:18Z</time>
      </trkpt>
      <trkpt lat="43.121090" lon="-2.644807">
        <ele>685.293</ele>
        <time>2022-11-01T12:04:21Z</time>
      </trkpt>
      <trkpt lat="43.121068" lon="-2.644867">
        <ele>686.090</ele>
        <time>2022-11-01T12:04:24Z</time>
      </trkpt>
      <trkpt lat="43.121030" lon="-2.644919">
        <ele>687.392</ele>
        <time>2022-11-01T12:04:27Z</time>
      </trkpt>
      <trkpt lat="43.120995" lon="-2.644981">
        <ele>689.859</ele>
        <time>2022-11-01T12:04:31Z</time>
      </trkpt>
      <trkpt lat="43.120965" lon="-2.645049">
        <ele>691.585</ele>
        <time>2022-11-01T12:04:34Z</time>
      </trkpt>
      <trkpt lat="43.120940" lon="-2.645111">
        <ele>693.353</ele>
        <time>2022-11-01T12:04:37Z</time>
      </trkpt>
      <trkpt lat="43.120902" lon="-2.645164">
        <ele>694.079</ele>
        <time>2022-11-01T12:04:41Z</time>
      </trkpt>
      <trkpt lat="43.120854" lon="-2.645219">
        <ele>694.081</ele>
        <time>2022-11-01T12:04:47Z</time>
      </trkpt>
      <trkpt lat="43.120811" lon="-2.645241">
        <ele>694.029</ele>
        <time>2022-11-01T12:04:52Z</time>
      </trkpt>
      <trkpt lat="43.120749" lon="-2.645263">
        <ele>693.300</ele>
        <time>2022-11-01T12:05:00Z</time>
      </trkpt>
      <trkpt lat="43.120696" lon="-2.645275">
        <ele>692.420</ele>
        <time>2022-11-01T12:05:04Z</time>
      </trkpt>
      <trkpt lat="43.120643" lon="-2.645267">
        <ele>691.009</ele>
        <time>2022-11-01T12:05:07Z</time>
      </trkpt>
      <trkpt lat="43.120598" lon="-2.645272">
        <ele>690.353</ele>
        <time>2022-11-01T12:05:11Z</time>
      </trkpt>
      <trkpt lat="43.120548" lon="-2.645267">
        <ele>688.573</ele>
        <time>2022-11-01T12:05:15Z</time>
      </trkpt>
      <trkpt lat="43.120495" lon="-2.645262">
        <ele>685.560</ele>
        <time>2022-11-01T12:05:19Z</time>
      </trkpt>
      <trkpt lat="43.120450" lon="-2.645265">
        <ele>683.792</ele>
        <time>2022-11-01T12:05:23Z</time>
      </trkpt>
      <trkpt lat="43.120403" lon="-2.645288">
        <ele>681.529</ele>
        <time>2022-11-01T12:05:30Z</time>
      </trkpt>
      <trkpt lat="43.120351" lon="-2.645296">
        <ele>681.465</ele>
        <time>2022-11-01T12:05:35Z</time>
      </trkpt>
      <trkpt lat="43.120296" lon="-2.645314">
        <ele>681.073</ele>
        <time>2022-11-01T12:05:39Z</time>
      </trkpt>
      <trkpt lat="43.120248" lon="-2.645332">
        <ele>680.569</ele>
        <time>2022-11-01T12:05:42Z</time>
      </trkpt>
      <trkpt lat="43.120190" lon="-2.645340">
        <ele>680.351</ele>
        <time>2022-11-01T12:05:48Z</time>
      </trkpt>
      <trkpt lat="43.120145" lon="-2.645343">
        <ele>680.031</ele>
        <time>2022-11-01T12:05:54Z</time>
      </trkpt>
      <trkpt lat="43.120092" lon="-2.645341">
        <ele>678.861</ele>
        <time>2022-11-01T12:06:14Z</time>
      </trkpt>
      <trkpt lat="43.120095" lon="-2.645276">
        <ele>678.407</ele>
        <time>2022-11-01T12:06:18Z</time>
      </trkpt>
      <trkpt lat="43.120110" lon="-2.645209">
        <ele>674.809</ele>
        <time>2022-11-01T12:06:23Z</time>
      </trkpt>
      <trkpt lat="43.120105" lon="-2.645147">
        <ele>673.954</ele>
        <time>2022-11-01T12:06:27Z</time>
      </trkpt>
      <trkpt lat="43.120132" lon="-2.645080">
        <ele>673.984</ele>
        <time>2022-11-01T12:06:32Z</time>
      </trkpt>
      <trkpt lat="43.120115" lon="-2.645022">
        <ele>673.971</ele>
        <time>2022-11-01T12:06:35Z</time>
      </trkpt>
      <trkpt lat="43.120098" lon="-2.644945">
        <ele>674.273</ele>
        <time>2022-11-01T12:06:38Z</time>
      </trkpt>
      <trkpt lat="43.120120" lon="-2.644887">
        <ele>675.710</ele>
        <time>2022-11-01T12:06:41Z</time>
      </trkpt>
      <trkpt lat="43.120167" lon="-2.644852">
        <ele>677.536</ele>
        <time>2022-11-01T12:06:45Z</time>
      </trkpt>
      <trkpt lat="43.120214" lon="-2.644845">
        <ele>679.134</ele>
        <time>2022-11-01T12:06:49Z</time>
      </trkpt>
      <trkpt lat="43.120264" lon="-2.644840">
        <ele>679.670</ele>
        <time>2022-11-01T12:06:54Z</time>
      </trkpt>
      <trkpt lat="43.120312" lon="-2.644842">
        <ele>679.652</ele>
        <time>2022-11-01T12:06:57Z</time>
      </trkpt>
      <trkpt lat="43.120360" lon="-2.644832">
        <ele>679.567</ele>
        <time>2022-11-01T12:07:01Z</time>
      </trkpt>
      <trkpt lat="43.120415" lon="-2.644825">
        <ele>678.981</ele>
        <time>2022-11-01T12:07:04Z</time>
      </trkpt>
      <trkpt lat="43.120465" lon="-2.644813">
        <ele>676.519</ele>
        <time>2022-11-01T12:07:07Z</time>
      </trkpt>
      <trkpt lat="43.120518" lon="-2.644778">
        <ele>675.509</ele>
        <time>2022-11-01T12:07:11Z</time>
      </trkpt>
      <trkpt lat="43.120565" lon="-2.644726">
        <ele>675.397</ele>
        <time>2022-11-01T12:07:15Z</time>
      </trkpt>
      <trkpt lat="43.120607" lon="-2.644696">
        <ele>676.247</ele>
        <time>2022-11-01T12:07:19Z</time>
      </trkpt>
      <trkpt lat="43.120652" lon="-2.644653">
        <ele>678.644</ele>
        <time>2022-11-01T12:07:23Z</time>
      </trkpt>
      <trkpt lat="43.120667" lon="-2.644586">
        <ele>681.566</ele>
        <time>2022-11-01T12:07:27Z</time>
      </trkpt>
      <trkpt lat="43.120672" lon="-2.644514">
        <ele>683.893</ele>
        <time>2022-11-01T12:07:33Z</time>
      </trkpt>
      <trkpt lat="43.120650" lon="-2.644449">
        <ele>686.789</ele>
        <time>2022-11-01T12:08:05Z</time>
      </trkpt>
      <trkpt lat="43.120598" lon="-2.644424">
        <ele>687.287</ele>
        <time>2022-11-01T12:08:09Z</time>
      </trkpt>
      <trkpt lat="43.120541" lon="-2.644409">
        <ele>686.833</ele>
        <time>2022-11-01T12:08:13Z</time>
      </trkpt>
      <trkpt lat="43.120484" lon="-2.644362">
        <ele>687.715</ele>
        <time>2022-11-01T12:08:17Z</time>
      </trkpt>
      <trkpt lat="43.120462" lon="-2.644294">
        <ele>689.279</ele>
        <time>2022-11-01T12:08:22Z</time>
      </trkpt>
      <trkpt lat="43.120429" lon="-2.644246">
        <ele>689.505</ele>
        <time>2022-11-01T12:08:26Z</time>
      </trkpt>
      <trkpt lat="43.120409" lon="-2.644188">
        <ele>689.525</ele>
        <time>2022-11-01T12:08:29Z</time>
      </trkpt>
      <trkpt lat="43.120401" lon="-2.644123">
        <ele>689.309</ele>
        <time>2022-11-01T12:08:33Z</time>
      </trkpt>
      <trkpt lat="43.120383" lon="-2.644051">
        <ele>688.568</ele>
        <time>2022-11-01T12:08:36Z</time>
      </trkpt>
      <trkpt lat="43.120365" lon="-2.643988">
        <ele>686.728</ele>
        <time>2022-11-01T12:08:39Z</time>
      </trkpt>
      <trkpt lat="43.120345" lon="-2.643930">
        <ele>684.675</ele>
        <time>2022-11-01T12:08:42Z</time>
      </trkpt>
      <trkpt lat="43.120320" lon="-2.643878">
        <ele>683.847</ele>
        <time>2022-11-01T12:08:45Z</time>
      </trkpt>
      <trkpt lat="43.120300" lon="-2.643811">
        <ele>683.364</ele>
        <time>2022-11-01T12:08:48Z</time>
      </trkpt>
      <trkpt lat="43.120278" lon="-2.643726">
        <ele>681.380</ele>
        <time>2022-11-01T12:08:51Z</time>
      </trkpt>
      <trkpt lat="43.120246" lon="-2.643658">
        <ele>679.758</ele>
        <time>2022-11-01T12:08:54Z</time>
      </trkpt>
      <trkpt lat="43.120241" lon="-2.643596">
        <ele>675.344</ele>
        <time>2022-11-01T12:08:58Z</time>
      </trkpt>
      <trkpt lat="43.120219" lon="-2.643534">
        <ele>673.286</ele>
        <time>2022-11-01T12:09:02Z</time>
      </trkpt>
      <trkpt lat="43.120177" lon="-2.643474">
        <ele>672.316</ele>
        <time>2022-11-01T12:09:05Z</time>
      </trkpt>
      <trkpt lat="43.120139" lon="-2.643436">
        <ele>670.176</ele>
        <time>2022-11-01T12:09:07Z</time>
      </trkpt>
      <trkpt lat="43.120096" lon="-2.643363">
        <ele>666.613</ele>
        <time>2022-11-01T12:09:10Z</time>
      </trkpt>
      <trkpt lat="43.120088" lon="-2.643301">
        <ele>661.909</ele>
        <time>2022-11-01T12:09:12Z</time>
      </trkpt>
      <trkpt lat="43.120075" lon="-2.643223">
        <ele>660.192</ele>
        <time>2022-11-01T12:09:15Z</time>
      </trkpt>
      <trkpt lat="43.120058" lon="-2.643153">
        <ele>658.242</ele>
        <time>2022-11-01T12:09:18Z</time>
      </trkpt>
      <trkpt lat="43.120031" lon="-2.643093">
        <ele>655.459</ele>
        <time>2022-11-01T12:09:21Z</time>
      </trkpt>
      <trkpt lat="43.120011" lon="-2.643035">
        <ele>654.221</ele>
        <time>2022-11-01T12:09:23Z</time>
      </trkpt>
      <trkpt lat="43.119991" lon="-2.642968">
        <ele>653.588</ele>
        <time>2022-11-01T12:09:25Z</time>
      </trkpt>
      <trkpt lat="43.119946" lon="-2.642913">
        <ele>652.494</ele>
        <time>2022-11-01T12:09:27Z</time>
      </trkpt>
      <trkpt lat="43.119899" lon="-2.642880">
        <ele>651.452</ele>
        <time>2022-11-01T12:09:29Z</time>
      </trkpt>
      <trkpt lat="43.119847" lon="-2.642852">
        <ele>650.528</ele>
        <time>2022-11-01T12:09:31Z</time>
      </trkpt>
      <trkpt lat="43.119792" lon="-2.642817">
        <ele>649.780</ele>
        <time>2022-11-01T12:09:33Z</time>
      </trkpt>
      <trkpt lat="43.119739" lon="-2.642792">
        <ele>649.138</ele>
        <time>2022-11-01T12:09:35Z</time>
      </trkpt>
      <trkpt lat="43.119691" lon="-2.642767">
        <ele>648.770</ele>
        <time>2022-11-01T12:09:37Z</time>
      </trkpt>
      <trkpt lat="43.119649" lon="-2.642730">
        <ele>648.417</ele>
        <time>2022-11-01T12:09:39Z</time>
      </trkpt>
      <trkpt lat="43.119599" lon="-2.642685">
        <ele>647.809</ele>
        <time>2022-11-01T12:09:42Z</time>
      </trkpt>
      <trkpt lat="43.119556" lon="-2.642627">
        <ele>645.264</ele>
        <time>2022-11-01T12:09:45Z</time>
      </trkpt>
      <trkpt lat="43.119509" lon="-2.642577">
        <ele>644.564</ele>
        <time>2022-11-01T12:09:48Z</time>
      </trkpt>
      <trkpt lat="43.119471" lon="-2.642535">
        <ele>644.521</ele>
        <time>2022-11-01T12:09:53Z</time>
      </trkpt>
      <trkpt lat="43.119429" lon="-2.642482">
        <ele>645.053</ele>
        <time>2022-11-01T12:09:58Z</time>
      </trkpt>
      <trkpt lat="43.119374" lon="-2.642459">
        <ele>645.150</ele>
        <time>2022-11-01T12:10:01Z</time>
      </trkpt>
      <trkpt lat="43.119334" lon="-2.642404">
        <ele>645.156</ele>
        <time>2022-11-01T12:10:05Z</time>
      </trkpt>
      <trkpt lat="43.119294" lon="-2.642367">
        <ele>645.144</ele>
        <time>2022-11-01T12:10:09Z</time>
      </trkpt>
      <trkpt lat="43.119269" lon="-2.642312">
        <ele>645.130</ele>
        <time>2022-11-01T12:10:13Z</time>
      </trkpt>
      <trkpt lat="43.119221" lon="-2.642270">
        <ele>644.952</ele>
        <time>2022-11-01T12:10:16Z</time>
      </trkpt>
      <trkpt lat="43.119173" lon="-2.642235">
        <ele>644.579</ele>
        <time>2022-11-01T12:10:20Z</time>
      </trkpt>
      <trkpt lat="43.119135" lon="-2.642183">
        <ele>644.405</ele>
        <time>2022-11-01T12:10:23Z</time>
      </trkpt>
      <trkpt lat="43.119100" lon="-2.642135">
        <ele>644.125</ele>
        <time>2022-11-01T12:10:25Z</time>
      </trkpt>
      <trkpt lat="43.119047" lon="-2.642088">
        <ele>643.709</ele>
        <time>2022-11-01T12:10:28Z</time>
      </trkpt>
      <trkpt lat="43.119015" lon="-2.642036">
        <ele>642.768</ele>
        <time>2022-11-01T12:10:32Z</time>
      </trkpt>
      <trkpt lat="43.119048" lon="-2.641991">
        <ele>641.388</ele>
        <time>2022-11-01T12:10:36Z</time>
      </trkpt>
      <trkpt lat="43.119095" lon="-2.641988">
        <ele>640.695</ele>
        <time>2022-11-01T12:10:39Z</time>
      </trkpt>
      <trkpt lat="43.119153" lon="-2.641993">
        <ele>639.747</ele>
        <time>2022-11-01T12:10:42Z</time>
      </trkpt>
      <trkpt lat="43.119201" lon="-2.641971">
        <ele>638.384</ele>
        <time>2022-11-01T12:10:46Z</time>
      </trkpt>
      <trkpt lat="43.119248" lon="-2.641948">
        <ele>637.480</ele>
        <time>2022-11-01T12:10:50Z</time>
      </trkpt>
      <trkpt lat="43.119298" lon="-2.641995">
        <ele>635.448</ele>
        <time>2022-11-01T12:10:54Z</time>
      </trkpt>
      <trkpt lat="43.119356" lon="-2.642015">
        <ele>633.654</ele>
        <time>2022-11-01T12:10:58Z</time>
      </trkpt>
      <trkpt lat="43.119399" lon="-2.642042">
        <ele>633.236</ele>
        <time>2022-11-01T12:11:01Z</time>
      </trkpt>
      <trkpt lat="43.119446" lon="-2.642049">
        <ele>632.153</ele>
        <time>2022-11-01T12:11:04Z</time>
      </trkpt>
      <trkpt lat="43.119491" lon="-2.642046">
        <ele>630.104</ele>
        <time>2022-11-01T12:11:07Z</time>
      </trkpt>
      <trkpt lat="43.119533" lon="-2.642013">
        <ele>629.114</ele>
        <time>2022-11-01T12:11:09Z</time>
      </trkpt>
      <trkpt lat="43.119581" lon="-2.641996">
        <ele>628.509</ele>
        <time>2022-11-01T12:11:11Z</time>
      </trkpt>
      <trkpt lat="43.119636" lon="-2.641989">
        <ele>628.056</ele>
        <time>2022-11-01T12:11:14Z</time>
      </trkpt>
      <trkpt lat="43.119681" lon="-2.641966">
        <ele>627.986</ele>
        <time>2022-11-01T12:11:16Z</time>
      </trkpt>
      <trkpt lat="43.119726" lon="-2.641943">
        <ele>627.743</ele>
        <time>2022-11-01T12:11:18Z</time>
      </trkpt>
      <trkpt lat="43.119771" lon="-2.641926">
        <ele>627.015</ele>
        <time>2022-11-01T12:11:20Z</time>
      </trkpt>
      <trkpt lat="43.119816" lon="-2.641883">
        <ele>627.072</ele>
        <time>2022-11-01T12:11:22Z</time>
      </trkpt>
      <trkpt lat="43.119863" lon="-2.641838">
        <ele>626.918</ele>
        <time>2022-11-01T12:11:24Z</time>
      </trkpt>
      <trkpt lat="43.119901" lon="-2.641800">
        <ele>626.036</ele>
        <time>2022-11-01T12:11:26Z</time>
      </trkpt>
      <trkpt lat="43.119903" lon="-2.641723">
        <ele>623.862</ele>
        <time>2022-11-01T12:11:29Z</time>
      </trkpt>
      <trkpt lat="43.119905" lon="-2.641641">
        <ele>622.784</ele>
        <time>2022-11-01T12:11:32Z</time>
      </trkpt>
      <trkpt lat="43.119908" lon="-2.641558">
        <ele>622.664</ele>
        <time>2022-11-01T12:11:35Z</time>
      </trkpt>
      <trkpt lat="43.119910" lon="-2.641490">
        <ele>622.506</ele>
        <time>2022-11-01T12:11:39Z</time>
      </trkpt>
      <trkpt lat="43.119918" lon="-2.641420">
        <ele>622.416</ele>
        <time>2022-11-01T12:11:44Z</time>
      </trkpt>
      <trkpt lat="43.119903" lon="-2.641353">
        <ele>621.609</ele>
        <time>2022-11-01T12:11:48Z</time>
      </trkpt>
      <trkpt lat="43.119898" lon="-2.641283">
        <ele>621.377</ele>
        <time>2022-11-01T12:11:53Z</time>
      </trkpt>
      <trkpt lat="43.119890" lon="-2.641210">
        <ele>620.277</ele>
        <time>2022-11-01T12:11:58Z</time>
      </trkpt>
      <trkpt lat="43.119873" lon="-2.641147">
        <ele>619.274</ele>
        <time>2022-11-01T12:12:02Z</time>
      </trkpt>
      <trkpt lat="43.119850" lon="-2.641079">
        <ele>618.596</ele>
        <time>2022-11-01T12:12:06Z</time>
      </trkpt>
      <trkpt lat="43.119837" lon="-2.641019">
        <ele>617.013</ele>
        <time>2022-11-01T12:12:11Z</time>
      </trkpt>
      <trkpt lat="43.119817" lon="-2.640962">
        <ele>615.479</ele>
        <time>2022-11-01T12:12:16Z</time>
      </trkpt>
      <trkpt lat="43.119819" lon="-2.640895">
        <ele>612.877</ele>
        <time>2022-11-01T12:12:22Z</time>
      </trkpt>
      <trkpt lat="43.119801" lon="-2.640828">
        <ele>610.763</ele>
        <time>2022-11-01T12:12:26Z</time>
      </trkpt>
      <trkpt lat="43.119784" lon="-2.640766">
        <ele>609.245</ele>
        <time>2022-11-01T12:12:31Z</time>
      </trkpt>
      <trkpt lat="43.119759" lon="-2.640701">
        <ele>608.196</ele>
        <time>2022-11-01T12:12:36Z</time>
      </trkpt>
      <trkpt lat="43.119744" lon="-2.640639">
        <ele>606.931</ele>
        <time>2022-11-01T12:12:40Z</time>
      </trkpt>
      <trkpt lat="43.119764" lon="-2.640571">
        <ele>604.824</ele>
        <time>2022-11-01T12:12:45Z</time>
      </trkpt>
      <trkpt lat="43.119744" lon="-2.640503">
        <ele>603.909</ele>
        <time>2022-11-01T12:12:51Z</time>
      </trkpt>
      <trkpt lat="43.119731" lon="-2.640438">
        <ele>602.060</ele>
        <time>2022-11-01T12:12:56Z</time>
      </trkpt>
      <trkpt lat="43.119726" lon="-2.640365">
        <ele>601.860</ele>
        <time>2022-11-01T12:13:01Z</time>
      </trkpt>
      <trkpt lat="43.119721" lon="-2.640297">
        <ele>599.897</ele>
        <time>2022-11-01T12:13:06Z</time>
      </trkpt>
      <trkpt lat="43.119716" lon="-2.640229">
        <ele>597.819</ele>
        <time>2022-11-01T12:13:09Z</time>
      </trkpt>
      <trkpt lat="43.119731" lon="-2.640147">
        <ele>594.836</ele>
        <time>2022-11-01T12:13:13Z</time>
      </trkpt>
      <trkpt lat="43.119749" lon="-2.640075">
        <ele>592.052</ele>
        <time>2022-11-01T12:13:16Z</time>
      </trkpt>
      <trkpt lat="43.119731" lon="-2.640010">
        <ele>589.290</ele>
        <time>2022-11-01T12:13:20Z</time>
      </trkpt>
      <trkpt lat="43.119686" lon="-2.639962">
        <ele>585.576</ele>
        <time>2022-11-01T12:13:24Z</time>
      </trkpt>
      <trkpt lat="43.119644" lon="-2.639934">
        <ele>582.088</ele>
        <time>2022-11-01T12:13:28Z</time>
      </trkpt>
      <trkpt lat="43.119582" lon="-2.639916">
        <ele>578.478</ele>
        <time>2022-11-01T12:13:33Z</time>
      </trkpt>
      <trkpt lat="43.119532" lon="-2.639911">
        <ele>577.233</ele>
        <time>2022-11-01T12:13:35Z</time>
      </trkpt>
      <trkpt lat="43.119484" lon="-2.639913">
        <ele>575.126</ele>
        <time>2022-11-01T12:13:37Z</time>
      </trkpt>
      <trkpt lat="43.119422" lon="-2.639936">
        <ele>572.409</ele>
        <time>2022-11-01T12:13:40Z</time>
      </trkpt>
      <trkpt lat="43.119377" lon="-2.639951">
        <ele>569.828</ele>
        <time>2022-11-01T12:13:42Z</time>
      </trkpt>
      <trkpt lat="43.119324" lon="-2.639968">
        <ele>567.158</ele>
        <time>2022-11-01T12:13:44Z</time>
      </trkpt>
      <trkpt lat="43.119286" lon="-2.640013">
        <ele>563.795</ele>
        <time>2022-11-01T12:13:47Z</time>
      </trkpt>
      <trkpt lat="43.119259" lon="-2.640068">
        <ele>561.397</ele>
        <time>2022-11-01T12:13:50Z</time>
      </trkpt>
      <trkpt lat="43.119237" lon="-2.640135">
        <ele>558.074</ele>
        <time>2022-11-01T12:13:53Z</time>
      </trkpt>
      <trkpt lat="43.119209" lon="-2.640197">
        <ele>555.850</ele>
        <time>2022-11-01T12:13:57Z</time>
      </trkpt>
      <trkpt lat="43.119169" lon="-2.640227">
        <ele>553.358</ele>
        <time>2022-11-01T12:14:01Z</time>
      </trkpt>
      <trkpt lat="43.119124" lon="-2.640210">
        <ele>549.254</ele>
        <time>2022-11-01T12:14:06Z</time>
      </trkpt>
      <trkpt lat="43.119067" lon="-2.640225">
        <ele>544.446</ele>
        <time>2022-11-01T12:14:11Z</time>
      </trkpt>
      <trkpt lat="43.119015" lon="-2.640187">
        <ele>540.792</ele>
        <time>2022-11-01T12:14:16Z</time>
      </trkpt>
      <trkpt lat="43.118988" lon="-2.640134">
        <ele>538.973</ele>
        <time>2022-11-01T12:14:20Z</time>
      </trkpt>
      <trkpt lat="43.118948" lon="-2.640096">
        <ele>538.520</ele>
        <time>2022-11-01T12:14:23Z</time>
      </trkpt>
      <trkpt lat="43.118910" lon="-2.640056">
        <ele>538.009</ele>
        <time>2022-11-01T12:14:26Z</time>
      </trkpt>
      <trkpt lat="43.118875" lon="-2.640013">
        <ele>537.980</ele>
        <time>2022-11-01T12:14:29Z</time>
      </trkpt>
      <trkpt lat="43.118843" lon="-2.639960">
        <ele>537.830</ele>
        <time>2022-11-01T12:14:32Z</time>
      </trkpt>
      <trkpt lat="43.118821" lon="-2.639905">
        <ele>537.387</ele>
        <time>2022-11-01T12:14:35Z</time>
      </trkpt>
      <trkpt lat="43.118783" lon="-2.639858">
        <ele>536.529</ele>
        <time>2022-11-01T12:14:38Z</time>
      </trkpt>
      <trkpt lat="43.118750" lon="-2.639808">
        <ele>535.686</ele>
        <time>2022-11-01T12:14:41Z</time>
      </trkpt>
      <trkpt lat="43.118697" lon="-2.639768">
        <ele>535.062</ele>
        <time>2022-11-01T12:14:45Z</time>
      </trkpt>
      <trkpt lat="43.118667" lon="-2.639708">
        <ele>535.050</ele>
        <time>2022-11-01T12:14:50Z</time>
      </trkpt>
      <trkpt lat="43.118632" lon="-2.639658">
        <ele>535.046</ele>
        <time>2022-11-01T12:14:54Z</time>
      </trkpt>
      <trkpt lat="43.118570" lon="-2.639626">
        <ele>534.968</ele>
        <time>2022-11-01T12:14:57Z</time>
      </trkpt>
      <trkpt lat="43.118517" lon="-2.639596">
        <ele>534.954</ele>
        <time>2022-11-01T12:15:00Z</time>
      </trkpt>
      <trkpt lat="43.118460" lon="-2.639576">
        <ele>534.856</ele>
        <time>2022-11-01T12:15:05Z</time>
      </trkpt>
      <trkpt lat="43.118405" lon="-2.639526">
        <ele>533.111</ele>
        <time>2022-11-01T12:15:09Z</time>
      </trkpt>
      <trkpt lat="43.118372" lon="-2.639479">
        <ele>532.309</ele>
        <time>2022-11-01T12:15:12Z</time>
      </trkpt>
      <trkpt lat="43.118362" lon="-2.639401">
        <ele>531.966</ele>
        <time>2022-11-01T12:15:17Z</time>
      </trkpt>
      <trkpt lat="43.118357" lon="-2.639336">
        <ele>531.836</ele>
        <time>2022-11-01T12:15:22Z</time>
      </trkpt>
      <trkpt lat="43.118334" lon="-2.639283">
        <ele>531.873</ele>
        <time>2022-11-01T12:15:26Z</time>
      </trkpt>
      <trkpt lat="43.118304" lon="-2.639226">
        <ele>531.935</ele>
        <time>2022-11-01T12:15:30Z</time>
      </trkpt>
      <trkpt lat="43.118269" lon="-2.639186">
        <ele>532.042</ele>
        <time>2022-11-01T12:15:33Z</time>
      </trkpt>
      <trkpt lat="43.118231" lon="-2.639141">
        <ele>532.798</ele>
        <time>2022-11-01T12:15:37Z</time>
      </trkpt>
      <trkpt lat="43.118208" lon="-2.639083">
        <ele>533.576</ele>
        <time>2022-11-01T12:15:42Z</time>
      </trkpt>
      <trkpt lat="43.118191" lon="-2.639015">
        <ele>533.652</ele>
        <time>2022-11-01T12:15:48Z</time>
      </trkpt>
      <trkpt lat="43.118194" lon="-2.638937">
        <ele>533.674</ele>
        <time>2022-11-01T12:15:53Z</time>
      </trkpt>
      <trkpt lat="43.118189" lon="-2.638872">
        <ele>533.668</ele>
        <time>2022-11-01T12:15:58Z</time>
      </trkpt>
      <trkpt lat="43.118181" lon="-2.638807">
        <ele>533.642</ele>
        <time>2022-11-01T12:16:04Z</time>
      </trkpt>
      <trkpt lat="43.118198" lon="-2.638737">
        <ele>532.926</ele>
        <time>2022-11-01T12:16:07Z</time>
      </trkpt>
      <trkpt lat="43.118176" lon="-2.638664">
        <ele>531.509</ele>
        <time>2022-11-01T12:16:10Z</time>
      </trkpt>
      <trkpt lat="43.118136" lon="-2.638621">
        <ele>531.277</ele>
        <time>2022-11-01T12:16:15Z</time>
      </trkpt>
      <trkpt lat="43.118103" lon="-2.638579">
        <ele>530.357</ele>
        <time>2022-11-01T12:16:20Z</time>
      </trkpt>
      <trkpt lat="43.118058" lon="-2.638539">
        <ele>529.224</ele>
        <time>2022-11-01T12:16:24Z</time>
      </trkpt>
      <trkpt lat="43.118025" lon="-2.638484">
        <ele>529.096</ele>
        <time>2022-11-01T12:16:27Z</time>
      </trkpt>
      <trkpt lat="43.117990" lon="-2.638442">
        <ele>528.653</ele>
        <time>2022-11-01T12:16:32Z</time>
      </trkpt>
      <trkpt lat="43.117955" lon="-2.638394">
        <ele>528.199</ele>
        <time>2022-11-01T12:16:36Z</time>
      </trkpt>
      <trkpt lat="43.117920" lon="-2.638352">
        <ele>527.997</ele>
        <time>2022-11-01T12:16:38Z</time>
      </trkpt>
      <trkpt lat="43.117877" lon="-2.638302">
        <ele>526.433</ele>
        <time>2022-11-01T12:16:41Z</time>
      </trkpt>
      <trkpt lat="43.117835" lon="-2.638267">
        <ele>525.345</ele>
        <time>2022-11-01T12:16:45Z</time>
      </trkpt>
      <trkpt lat="43.117795" lon="-2.638232">
        <ele>522.414</ele>
        <time>2022-11-01T12:16:51Z</time>
      </trkpt>
      <trkpt lat="43.117755" lon="-2.638199">
        <ele>517.954</ele>
        <time>2022-11-01T12:16:56Z</time>
      </trkpt>
      <trkpt lat="43.117712" lon="-2.638149">
        <ele>516.609</ele>
        <time>2022-11-01T12:16:59Z</time>
      </trkpt>
      <trkpt lat="43.117670" lon="-2.638106">
        <ele>515.309</ele>
        <time>2022-11-01T12:17:02Z</time>
      </trkpt>
      <trkpt lat="43.117652" lon="-2.638046">
        <ele>513.432</ele>
        <time>2022-11-01T12:17:07Z</time>
      </trkpt>
      <trkpt lat="43.117640" lon="-2.637976">
        <ele>512.772</ele>
        <time>2022-11-01T12:17:17Z</time>
      </trkpt>
      <trkpt lat="43.117688" lon="-2.637981">
        <ele>512.789</ele>
        <time>2022-11-01T12:17:23Z</time>
      </trkpt>
      <trkpt lat="43.117740" lon="-2.637986">
        <ele>509.351</ele>
        <time>2022-11-01T12:18:00Z</time>
      </trkpt>
      <trkpt lat="43.117790" lon="-2.637983">
        <ele>508.648</ele>
        <time>2022-11-01T12:18:04Z</time>
      </trkpt>
      <trkpt lat="43.117838" lon="-2.637968">
        <ele>508.264</ele>
        <time>2022-11-01T12:18:07Z</time>
      </trkpt>
      <trkpt lat="43.117883" lon="-2.637961">
        <ele>508.142</ele>
        <time>2022-11-01T12:18:11Z</time>
      </trkpt>
      <trkpt lat="43.117921" lon="-2.637994">
        <ele>502.788</ele>
        <time>2022-11-01T12:18:40Z</time>
      </trkpt>
      <trkpt lat="43.117981" lon="-2.637991">
        <ele>502.640</ele>
        <time>2022-11-01T12:18:46Z</time>
      </trkpt>
      <trkpt lat="43.118061" lon="-2.638006">
        <ele>502.359</ele>
        <time>2022-11-01T12:18:52Z</time>
      </trkpt>
      <trkpt lat="43.118106" lon="-2.638028">
        <ele>501.203</ele>
        <time>2022-11-01T12:18:57Z</time>
      </trkpt>
      <trkpt lat="43.118163" lon="-2.638016">
        <ele>498.123</ele>
        <time>2022-11-01T12:19:01Z</time>
      </trkpt>
      <trkpt lat="43.118211" lon="-2.638006">
        <ele>497.509</ele>
        <time>2022-11-01T12:19:04Z</time>
      </trkpt>
      <trkpt lat="43.118264" lon="-2.637981">
        <ele>497.096</ele>
        <time>2022-11-01T12:19:09Z</time>
      </trkpt>
      <trkpt lat="43.118314" lon="-2.637969">
        <ele>495.746</ele>
        <time>2022-11-01T12:19:13Z</time>
      </trkpt>
      <trkpt lat="43.118369" lon="-2.637962">
        <ele>494.783</ele>
        <time>2022-11-01T12:19:17Z</time>
      </trkpt>
      <trkpt lat="43.118412" lon="-2.637980">
        <ele>494.425</ele>
        <time>2022-11-01T12:19:19Z</time>
      </trkpt>
      <trkpt lat="43.118455" lon="-2.638013">
        <ele>494.432</ele>
        <time>2022-11-01T12:19:22Z</time>
      </trkpt>
      <trkpt lat="43.118507" lon="-2.638036">
        <ele>495.968</ele>
        <time>2022-11-01T12:19:26Z</time>
      </trkpt>
      <trkpt lat="43.118552" lon="-2.638039">
        <ele>498.346</ele>
        <time>2022-11-01T12:19:29Z</time>
      </trkpt>
      <trkpt lat="43.118600" lon="-2.638072">
        <ele>500.652</ele>
        <time>2022-11-01T12:19:32Z</time>
      </trkpt>
      <trkpt lat="43.118635" lon="-2.638115">
        <ele>502.724</ele>
        <time>2022-11-01T12:19:36Z</time>
      </trkpt>
      <trkpt lat="43.118675" lon="-2.638158">
        <ele>503.124</ele>
        <time>2022-11-01T12:19:40Z</time>
      </trkpt>
      <trkpt lat="43.118723" lon="-2.638158">
        <ele>503.004</ele>
        <time>2022-11-01T12:19:44Z</time>
      </trkpt>
      <trkpt lat="43.118771" lon="-2.638143">
        <ele>502.914</ele>
        <time>2022-11-01T12:19:47Z</time>
      </trkpt>
      <trkpt lat="43.118818" lon="-2.638155">
        <ele>501.609</ele>
        <time>2022-11-01T12:19:52Z</time>
      </trkpt>
      <trkpt lat="43.118833" lon="-2.638097">
        <ele>501.113</ele>
        <time>2022-11-01T12:19:57Z</time>
      </trkpt>
      <trkpt lat="43.118885" lon="-2.638112">
        <ele>500.423</ele>
        <time>2022-11-01T12:20:01Z</time>
      </trkpt>
      <trkpt lat="43.118933" lon="-2.637999">
        <ele>498.970</ele>
        <time>2022-11-01T12:20:08Z</time>
      </trkpt>
      <trkpt lat="43.118938" lon="-2.637929">
        <ele>498.182</ele>
        <time>2022-11-01T12:20:10Z</time>
      </trkpt>
      <trkpt lat="43.118963" lon="-2.637852">
        <ele>497.169</ele>
        <time>2022-11-01T12:20:13Z</time>
      </trkpt>
      <trkpt lat="43.118986" lon="-2.637780">
        <ele>495.595</ele>
        <time>2022-11-01T12:20:17Z</time>
      </trkpt>
      <trkpt lat="43.118996" lon="-2.637707">
        <ele>494.273</ele>
        <time>2022-11-01T12:20:21Z</time>
      </trkpt>
      <trkpt lat="43.119014" lon="-2.637647">
        <ele>492.649</ele>
        <time>2022-11-01T12:20:26Z</time>
      </trkpt>
      <trkpt lat="43.119021" lon="-2.637565">
        <ele>491.081</ele>
        <time>2022-11-01T12:20:30Z</time>
      </trkpt>
      <trkpt lat="43.119038" lon="-2.637492">
        <ele>488.022</ele>
        <time>2022-11-01T12:20:34Z</time>
      </trkpt>
      <trkpt lat="43.119083" lon="-2.637449">
        <ele>484.162</ele>
        <time>2022-11-01T12:20:38Z</time>
      </trkpt>
      <trkpt lat="43.119133" lon="-2.637426">
        <ele>479.908</ele>
        <time>2022-11-01T12:20:42Z</time>
      </trkpt>
      <trkpt lat="43.119181" lon="-2.637418">
        <ele>478.709</ele>
        <time>2022-11-01T12:20:45Z</time>
      </trkpt>
      <trkpt lat="43.119221" lon="-2.637390">
        <ele>478.153</ele>
        <time>2022-11-01T12:20:49Z</time>
      </trkpt>
      <trkpt lat="43.119261" lon="-2.637343">
        <ele>476.883</ele>
        <time>2022-11-01T12:20:55Z</time>
      </trkpt>
      <trkpt lat="43.119296" lon="-2.637296">
        <ele>475.920</ele>
        <time>2022-11-01T12:20:58Z</time>
      </trkpt>
      <trkpt lat="43.119346" lon="-2.637269">
        <ele>475.012</ele>
        <time>2022-11-01T12:21:00Z</time>
      </trkpt>
      <trkpt lat="43.119403" lon="-2.637246">
        <ele>474.269</ele>
        <time>2022-11-01T12:21:02Z</time>
      </trkpt>
      <trkpt lat="43.119455" lon="-2.637224">
        <ele>473.245</ele>
        <time>2022-11-01T12:21:04Z</time>
      </trkpt>
      <trkpt lat="43.119505" lon="-2.637201">
        <ele>471.673</ele>
        <time>2022-11-01T12:21:06Z</time>
      </trkpt>
      <trkpt lat="43.119560" lon="-2.637179">
        <ele>469.529</ele>
        <time>2022-11-01T12:21:08Z</time>
      </trkpt>
      <trkpt lat="43.119635" lon="-2.637156">
        <ele>467.291</ele>
        <time>2022-11-01T12:21:11Z</time>
      </trkpt>
      <trkpt lat="43.119697" lon="-2.637133">
        <ele>465.513</ele>
        <time>2022-11-01T12:21:13Z</time>
      </trkpt>
      <trkpt lat="43.119740" lon="-2.637111">
        <ele>464.443</ele>
        <time>2022-11-01T12:21:15Z</time>
      </trkpt>
      <trkpt lat="43.119787" lon="-2.637091">
        <ele>462.807</ele>
        <time>2022-11-01T12:21:17Z</time>
      </trkpt>
      <trkpt lat="43.119840" lon="-2.637053">
        <ele>460.709</ele>
        <time>2022-11-01T12:21:19Z</time>
      </trkpt>
      <trkpt lat="43.119895" lon="-2.637035">
        <ele>458.532</ele>
        <time>2022-11-01T12:21:21Z</time>
      </trkpt>
      <trkpt lat="43.119963" lon="-2.637013">
        <ele>457.672</ele>
        <time>2022-11-01T12:21:23Z</time>
      </trkpt>
      <trkpt lat="43.120041" lon="-2.636983">
        <ele>455.999</ele>
        <time>2022-11-01T12:21:25Z</time>
      </trkpt>
      <trkpt lat="43.120093" lon="-2.636970">
        <ele>453.591</ele>
        <time>2022-11-01T12:21:27Z</time>
      </trkpt>
      <trkpt lat="43.120151" lon="-2.636953">
        <ele>452.698</ele>
        <time>2022-11-01T12:21:29Z</time>
      </trkpt>
      <trkpt lat="43.120203" lon="-2.636928">
        <ele>451.134</ele>
        <time>2022-11-01T12:21:32Z</time>
      </trkpt>
      <trkpt lat="43.120273" lon="-2.636915">
        <ele>449.552</ele>
        <time>2022-11-01T12:21:36Z</time>
      </trkpt>
      <trkpt lat="43.120330" lon="-2.636925">
        <ele>448.118</ele>
        <time>2022-11-01T12:21:39Z</time>
      </trkpt>
      <trkpt lat="43.120390" lon="-2.636923">
        <ele>447.360</ele>
        <time>2022-11-01T12:21:42Z</time>
      </trkpt>
      <trkpt lat="43.120572" lon="-2.636865">
        <ele>443.983</ele>
        <time>2022-11-01T12:21:52Z</time>
      </trkpt>
      <trkpt lat="43.120617" lon="-2.636828">
        <ele>441.425</ele>
        <time>2022-11-01T12:21:56Z</time>
      </trkpt>
      <trkpt lat="43.120647" lon="-2.636770">
        <ele>440.617</ele>
        <time>2022-11-01T12:22:00Z</time>
      </trkpt>
      <trkpt lat="43.120672" lon="-2.636713">
        <ele>439.409</ele>
        <time>2022-11-01T12:22:04Z</time>
      </trkpt>
      <trkpt lat="43.120722" lon="-2.636673">
        <ele>437.279</ele>
        <time>2022-11-01T12:22:09Z</time>
      </trkpt>
      <trkpt lat="43.120759" lon="-2.636613">
        <ele>435.439</ele>
        <time>2022-11-01T12:22:13Z</time>
      </trkpt>
      <trkpt lat="43.120794" lon="-2.636570">
        <ele>433.286</ele>
        <time>2022-11-01T12:22:17Z</time>
      </trkpt>
      <trkpt lat="43.120814" lon="-2.636507">
        <ele>431.988</ele>
        <time>2022-11-01T12:22:19Z</time>
      </trkpt>
      <trkpt lat="43.120831" lon="-2.636445">
        <ele>430.595</ele>
        <time>2022-11-01T12:22:21Z</time>
      </trkpt>
      <trkpt lat="43.120849" lon="-2.636378">
        <ele>428.341</ele>
        <time>2022-11-01T12:22:23Z</time>
      </trkpt>
      <trkpt lat="43.120879" lon="-2.636306">
        <ele>427.659</ele>
        <time>2022-11-01T12:22:25Z</time>
      </trkpt>
      <trkpt lat="43.120907" lon="-2.636228">
        <ele>426.555</ele>
        <time>2022-11-01T12:22:27Z</time>
      </trkpt>
      <trkpt lat="43.120947" lon="-2.636171">
        <ele>425.427</ele>
        <time>2022-11-01T12:22:29Z</time>
      </trkpt>
      <trkpt lat="43.120974" lon="-2.636098">
        <ele>424.412</ele>
        <time>2022-11-01T12:22:31Z</time>
      </trkpt>
      <trkpt lat="43.121007" lon="-2.636038">
        <ele>422.132</ele>
        <time>2022-11-01T12:22:33Z</time>
      </trkpt>
      <trkpt lat="43.121037" lon="-2.635963">
        <ele>420.805</ele>
        <time>2022-11-01T12:22:35Z</time>
      </trkpt>
      <trkpt lat="43.121080" lon="-2.635905">
        <ele>419.509</ele>
        <time>2022-11-01T12:22:37Z</time>
      </trkpt>
      <trkpt lat="43.121133" lon="-2.635892">
        <ele>418.122</ele>
        <time>2022-11-01T12:22:40Z</time>
      </trkpt>
      <trkpt lat="43.121190" lon="-2.635895">
        <ele>416.852</ele>
        <time>2022-11-01T12:22:44Z</time>
      </trkpt>
      <trkpt lat="43.121235" lon="-2.635898">
        <ele>416.229</ele>
        <time>2022-11-01T12:22:48Z</time>
      </trkpt>
      <trkpt lat="43.121358" lon="-2.635941">
        <ele>415.191</ele>
        <time>2022-11-01T12:23:29Z</time>
      </trkpt>
      <trkpt lat="43.121381" lon="-2.636011">
        <ele>415.128</ele>
        <time>2022-11-01T12:23:35Z</time>
      </trkpt>
      <trkpt lat="43.121351" lon="-2.636061">
        <ele>415.114</ele>
        <time>2022-11-01T12:23:40Z</time>
      </trkpt>
      <trkpt lat="43.121384" lon="-2.636003">
        <ele>415.152</ele>
        <time>2022-11-01T12:23:48Z</time>
      </trkpt>
      <trkpt lat="43.121417" lon="-2.635938">
        <ele>415.148</ele>
        <time>2022-11-01T12:23:52Z</time>
      </trkpt>
      <trkpt lat="43.121430" lon="-2.635868">
        <ele>419.130</ele>
        <time>2022-11-01T12:23:59Z</time>
      </trkpt>
      <trkpt lat="43.121460" lon="-2.635796">
        <ele>419.254</ele>
        <time>2022-11-01T12:24:03Z</time>
      </trkpt>
      <trkpt lat="43.121482" lon="-2.635716">
        <ele>419.156</ele>
        <time>2022-11-01T12:24:06Z</time>
      </trkpt>
      <trkpt lat="43.121510" lon="-2.635651">
        <ele>418.711</ele>
        <time>2022-11-01T12:24:09Z</time>
      </trkpt>
      <trkpt lat="43.121543" lon="-2.635601">
        <ele>416.609</ele>
        <time>2022-11-01T12:24:16Z</time>
      </trkpt>
      <trkpt lat="43.121596" lon="-2.635584">
        <ele>414.986</ele>
        <time>2022-11-01T12:24:26Z</time>
      </trkpt>
      <trkpt lat="43.121643" lon="-2.635566">
        <ele>414.726</ele>
        <time>2022-11-01T12:24:39Z</time>
      </trkpt>
      <trkpt lat="43.121711" lon="-2.635568">
        <ele>414.853</ele>
        <time>2022-11-01T12:24:45Z</time>
      </trkpt>
      <trkpt lat="43.121766" lon="-2.635568">
        <ele>416.755</ele>
        <time>2022-11-01T12:24:51Z</time>
      </trkpt>
      <trkpt lat="43.121813" lon="-2.635538">
        <ele>418.762</ele>
        <time>2022-11-01T12:24:55Z</time>
      </trkpt>
      <trkpt lat="43.121850" lon="-2.635498">
        <ele>419.848</ele>
        <time>2022-11-01T12:24:59Z</time>
      </trkpt>
      <trkpt lat="43.121895" lon="-2.635481">
        <ele>419.736</ele>
        <time>2022-11-01T12:25:07Z</time>
      </trkpt>
      <trkpt lat="43.121940" lon="-2.635466">
        <ele>419.112</ele>
        <time>2022-11-01T12:25:14Z</time>
      </trkpt>
      <trkpt lat="43.122012" lon="-2.635471">
        <ele>418.424</ele>
        <time>2022-11-01T12:25:22Z</time>
      </trkpt>
      <trkpt lat="43.122062" lon="-2.635473">
        <ele>417.976</ele>
        <time>2022-11-01T12:25:26Z</time>
      </trkpt>
      <trkpt lat="43.122104" lon="-2.635501">
        <ele>417.590</ele>
        <time>2022-11-01T12:25:29Z</time>
      </trkpt>
      <trkpt lat="43.122161" lon="-2.635504">
        <ele>417.119</ele>
        <time>2022-11-01T12:25:33Z</time>
      </trkpt>
      <trkpt lat="43.122221" lon="-2.635521">
        <ele>416.409</ele>
        <time>2022-11-01T12:25:37Z</time>
      </trkpt>
      <trkpt lat="43.122266" lon="-2.635533">
        <ele>415.838</ele>
        <time>2022-11-01T12:25:41Z</time>
      </trkpt>
      <trkpt lat="43.122334" lon="-2.635428">
        <ele>413.978</ele>
        <time>2022-11-01T12:25:50Z</time>
      </trkpt>
      <trkpt lat="43.122369" lon="-2.635378">
        <ele>412.075</ele>
        <time>2022-11-01T12:25:52Z</time>
      </trkpt>
      <trkpt lat="43.122416" lon="-2.635365">
        <ele>411.457</ele>
        <time>2022-11-01T12:25:58Z</time>
      </trkpt>
      <trkpt lat="43.122458" lon="-2.635340">
        <ele>408.374</ele>
        <time>2022-11-01T12:26:04Z</time>
      </trkpt>
      <trkpt lat="43.122506" lon="-2.635318">
        <ele>408.370</ele>
        <time>2022-11-01T12:26:10Z</time>
      </trkpt>
      <trkpt lat="43.122548" lon="-2.635290">
        <ele>408.358</ele>
        <time>2022-11-01T12:26:13Z</time>
      </trkpt>
      <trkpt lat="43.122601" lon="-2.635273">
        <ele>408.434</ele>
        <time>2022-11-01T12:26:17Z</time>
      </trkpt>
      <trkpt lat="43.122661" lon="-2.635251">
        <ele>409.466</ele>
        <time>2022-11-01T12:26:21Z</time>
      </trkpt>
      <trkpt lat="43.122704" lon="-2.635204">
        <ele>410.691</ele>
        <time>2022-11-01T12:26:24Z</time>
      </trkpt>
      <trkpt lat="43.122739" lon="-2.635162">
        <ele>412.681</ele>
        <time>2022-11-01T12:26:27Z</time>
      </trkpt>
      <trkpt lat="43.122787" lon="-2.635122">
        <ele>414.619</ele>
        <time>2022-11-01T12:26:31Z</time>
      </trkpt>
      <trkpt lat="43.122834" lon="-2.635070">
        <ele>415.509</ele>
        <time>2022-11-01T12:26:36Z</time>
      </trkpt>
      <trkpt lat="43.122884" lon="-2.635033">
        <ele>416.120</ele>
        <time>2022-11-01T12:26:39Z</time>
      </trkpt>
      <trkpt lat="43.122939" lon="-2.635011">
        <ele>417.560</ele>
        <time>2022-11-01T12:26:42Z</time>
      </trkpt>
      <trkpt lat="43.122981" lon="-2.634948">
        <ele>417.737</ele>
        <time>2022-11-01T12:26:46Z</time>
      </trkpt>
      <trkpt lat="43.123031" lon="-2.634903">
        <ele>418.059</ele>
        <time>2022-11-01T12:26:48Z</time>
      </trkpt>
      <trkpt lat="43.123073" lon="-2.634866">
        <ele>416.826</ele>
        <time>2022-11-01T12:26:51Z</time>
      </trkpt>
      <trkpt lat="43.123090" lon="-2.634794">
        <ele>414.552</ele>
        <time>2022-11-01T12:26:56Z</time>
      </trkpt>
      <trkpt lat="43.123138" lon="-2.634759">
        <ele>413.390</ele>
        <time>2022-11-01T12:27:00Z</time>
      </trkpt>
      <trkpt lat="43.123180" lon="-2.634724">
        <ele>411.476</ele>
        <time>2022-11-01T12:27:03Z</time>
      </trkpt>
      <trkpt lat="43.123218" lon="-2.634686">
        <ele>409.678</ele>
        <time>2022-11-01T12:27:06Z</time>
      </trkpt>
      <trkpt lat="43.123258" lon="-2.634651">
        <ele>409.077</ele>
        <time>2022-11-01T12:27:09Z</time>
      </trkpt>
      <trkpt lat="43.123298" lon="-2.634611">
        <ele>406.861</ele>
        <time>2022-11-01T12:27:13Z</time>
      </trkpt>
      <trkpt lat="43.123343" lon="-2.634613">
        <ele>405.827</ele>
        <time>2022-11-01T12:27:17Z</time>
      </trkpt>
      <trkpt lat="43.123395" lon="-2.634610">
        <ele>403.309</ele>
        <time>2022-11-01T12:27:21Z</time>
      </trkpt>
      <trkpt lat="43.123447" lon="-2.634590">
        <ele>401.898</ele>
        <time>2022-11-01T12:27:25Z</time>
      </trkpt>
      <trkpt lat="43.123499" lon="-2.634603">
        <ele>399.698</ele>
        <time>2022-11-01T12:27:29Z</time>
      </trkpt>
      <trkpt lat="43.123549" lon="-2.634593">
        <ele>399.225</ele>
        <time>2022-11-01T12:27:32Z</time>
      </trkpt>
      <trkpt lat="43.123606" lon="-2.634593">
        <ele>397.737</ele>
        <time>2022-11-01T12:27:35Z</time>
      </trkpt>
      <trkpt lat="43.123654" lon="-2.634596">
        <ele>396.184</ele>
        <time>2022-11-01T12:27:38Z</time>
      </trkpt>
      <trkpt lat="43.123704" lon="-2.634578">
        <ele>396.190</ele>
        <time>2022-11-01T12:27:42Z</time>
      </trkpt>
      <trkpt lat="43.123744" lon="-2.634530">
        <ele>396.158</ele>
        <time>2022-11-01T12:27:47Z</time>
      </trkpt>
      <trkpt lat="43.123789" lon="-2.634530">
        <ele>396.824</ele>
        <time>2022-11-01T12:27:51Z</time>
      </trkpt>
      <trkpt lat="43.123846" lon="-2.634547">
        <ele>397.846</ele>
        <time>2022-11-01T12:27:54Z</time>
      </trkpt>
      <trkpt lat="43.123893" lon="-2.634547">
        <ele>398.811</ele>
        <time>2022-11-01T12:27:57Z</time>
      </trkpt>
      <trkpt lat="43.123941" lon="-2.634519">
        <ele>400.221</ele>
        <time>2022-11-01T12:28:00Z</time>
      </trkpt>
      <trkpt lat="43.123986" lon="-2.634494">
        <ele>401.203</ele>
        <time>2022-11-01T12:28:02Z</time>
      </trkpt>
      <trkpt lat="43.124026" lon="-2.634464">
        <ele>401.509</ele>
        <time>2022-11-01T12:28:04Z</time>
      </trkpt>
      <trkpt lat="43.124083" lon="-2.634434">
        <ele>401.792</ele>
        <time>2022-11-01T12:28:07Z</time>
      </trkpt>
      <trkpt lat="43.124136" lon="-2.634434">
        <ele>401.992</ele>
        <time>2022-11-01T12:28:10Z</time>
      </trkpt>
      <trkpt lat="43.124176" lon="-2.634399">
        <ele>402.089</ele>
        <time>2022-11-01T12:28:13Z</time>
      </trkpt>
      <trkpt lat="43.124209" lon="-2.634346">
        <ele>401.881</ele>
        <time>2022-11-01T12:28:17Z</time>
      </trkpt>
      <trkpt lat="43.124252" lon="-2.634288">
        <ele>401.738</ele>
        <time>2022-11-01T12:28:21Z</time>
      </trkpt>
      <trkpt lat="43.124299" lon="-2.634256">
        <ele>401.374</ele>
        <time>2022-11-01T12:28:24Z</time>
      </trkpt>
      <trkpt lat="43.124346" lon="-2.634238">
        <ele>400.332</ele>
        <time>2022-11-01T12:28:29Z</time>
      </trkpt>
      <trkpt lat="43.124401" lon="-2.634236">
        <ele>398.928</ele>
        <time>2022-11-01T12:28:33Z</time>
      </trkpt>
      <trkpt lat="43.124448" lon="-2.634236">
        <ele>397.470</ele>
        <time>2022-11-01T12:28:36Z</time>
      </trkpt>
      <trkpt lat="43.124508" lon="-2.634231">
        <ele>396.847</ele>
        <time>2022-11-01T12:28:39Z</time>
      </trkpt>
      <trkpt lat="43.124556" lon="-2.634209">
        <ele>396.129</ele>
        <time>2022-11-01T12:28:43Z</time>
      </trkpt>
      <trkpt lat="43.124608" lon="-2.634191">
        <ele>394.821</ele>
        <time>2022-11-01T12:28:48Z</time>
      </trkpt>
      <trkpt lat="43.124658" lon="-2.634176">
        <ele>393.909</ele>
        <time>2022-11-01T12:28:51Z</time>
      </trkpt>
      <trkpt lat="43.124706" lon="-2.634184">
        <ele>392.085</ele>
        <time>2022-11-01T12:28:54Z</time>
      </trkpt>
      <trkpt lat="43.124763" lon="-2.634187">
        <ele>390.195</ele>
        <time>2022-11-01T12:28:59Z</time>
      </trkpt>
      <trkpt lat="43.124810" lon="-2.634182">
        <ele>389.722</ele>
        <time>2022-11-01T12:29:02Z</time>
      </trkpt>
      <trkpt lat="43.124855" lon="-2.634195">
        <ele>389.344</ele>
        <time>2022-11-01T12:29:05Z</time>
      </trkpt>
      <trkpt lat="43.124902" lon="-2.634180">
        <ele>389.011</ele>
        <time>2022-11-01T12:29:09Z</time>
      </trkpt>
      <trkpt lat="43.124964" lon="-2.634165">
        <ele>388.127</ele>
        <time>2022-11-01T12:29:12Z</time>
      </trkpt>
      <trkpt lat="43.125021" lon="-2.634130">
        <ele>386.965</ele>
        <time>2022-11-01T12:29:16Z</time>
      </trkpt>
      <trkpt lat="43.125061" lon="-2.634090">
        <ele>385.861</ele>
        <time>2022-11-01T12:29:19Z</time>
      </trkpt>
      <trkpt lat="43.125108" lon="-2.634042">
        <ele>383.823</ele>
        <time>2022-11-01T12:29:22Z</time>
      </trkpt>
      <trkpt lat="43.125150" lon="-2.633965">
        <ele>381.817</ele>
        <time>2022-11-01T12:29:25Z</time>
      </trkpt>
      <trkpt lat="43.125177" lon="-2.633912">
        <ele>381.487</ele>
        <time>2022-11-01T12:29:28Z</time>
      </trkpt>
      <trkpt lat="43.125210" lon="-2.633855">
        <ele>380.915</ele>
        <time>2022-11-01T12:29:31Z</time>
      </trkpt>
      <trkpt lat="43.125235" lon="-2.633912">
        <ele>380.209</ele>
        <time>2022-11-01T12:29:37Z</time>
      </trkpt>
      <trkpt lat="43.125213" lon="-2.633854">
        <ele>376.892</ele>
        <time>2022-11-01T12:29:47Z</time>
      </trkpt>
      <trkpt lat="43.125225" lon="-2.633791">
        <ele>372.782</ele>
        <time>2022-11-01T12:29:54Z</time>
      </trkpt>
      <trkpt lat="43.125280" lon="-2.633781">
        <ele>369.349</ele>
        <time>2022-11-01T12:29:58Z</time>
      </trkpt>
      <trkpt lat="43.125398" lon="-2.633793">
        <ele>366.171</ele>
        <time>2022-11-01T12:30:21Z</time>
      </trkpt>
      <trkpt lat="43.125435" lon="-2.633731">
        <ele>366.268</ele>
        <time>2022-11-01T12:30:25Z</time>
      </trkpt>
      <trkpt lat="43.125463" lon="-2.633681">
        <ele>366.274</ele>
        <time>2022-11-01T12:30:28Z</time>
      </trkpt>
      <trkpt lat="43.125498" lon="-2.633629">
        <ele>366.542</ele>
        <time>2022-11-01T12:30:32Z</time>
      </trkpt>
      <trkpt lat="43.125538" lon="-2.633567">
        <ele>366.828</ele>
        <time>2022-11-01T12:30:36Z</time>
      </trkpt>
      <trkpt lat="43.125571" lon="-2.633520">
        <ele>366.780</ele>
        <time>2022-11-01T12:30:39Z</time>
      </trkpt>
      <trkpt lat="43.125598" lon="-2.633470">
        <ele>366.975</ele>
        <time>2022-11-01T12:30:42Z</time>
      </trkpt>
      <trkpt lat="43.125623" lon="-2.633413">
        <ele>367.628</ele>
        <time>2022-11-01T12:30:46Z</time>
      </trkpt>
      <trkpt lat="43.125653" lon="-2.633366">
        <ele>367.620</ele>
        <time>2022-11-01T12:30:49Z</time>
      </trkpt>
      <trkpt lat="43.125693" lon="-2.633331">
        <ele>367.809</ele>
        <time>2022-11-01T12:30:52Z</time>
      </trkpt>
      <trkpt lat="43.125720" lon="-2.633271">
        <ele>368.228</ele>
        <time>2022-11-01T12:30:55Z</time>
      </trkpt>
      <trkpt lat="43.125745" lon="-2.633213">
        <ele>368.298</ele>
        <time>2022-11-01T12:30:58Z</time>
      </trkpt>
      <trkpt lat="43.125752" lon="-2.633150">
        <ele>368.355</ele>
        <time>2022-11-01T12:31:02Z</time>
      </trkpt>
      <trkpt lat="43.125779" lon="-2.633085">
        <ele>367.967</ele>
        <time>2022-11-01T12:31:06Z</time>
      </trkpt>
      <trkpt lat="43.125799" lon="-2.633020">
        <ele>367.734</ele>
        <time>2022-11-01T12:31:09Z</time>
      </trkpt>
      <trkpt lat="43.125817" lon="-2.632950">
        <ele>367.190</ele>
        <time>2022-11-01T12:31:12Z</time>
      </trkpt>
      <trkpt lat="43.125854" lon="-2.632890">
        <ele>366.218</ele>
        <time>2022-11-01T12:31:15Z</time>
      </trkpt>
      <trkpt lat="43.125884" lon="-2.632843">
        <ele>366.064</ele>
        <time>2022-11-01T12:31:18Z</time>
      </trkpt>
      <trkpt lat="43.125916" lon="-2.632780">
        <ele>365.986</ele>
        <time>2022-11-01T12:31:22Z</time>
      </trkpt>
      <trkpt lat="43.125963" lon="-2.632740">
        <ele>365.925</ele>
        <time>2022-11-01T12:31:26Z</time>
      </trkpt>
      <trkpt lat="43.126010" lon="-2.632712">
        <ele>365.926</ele>
        <time>2022-11-01T12:31:29Z</time>
      </trkpt>
      <trkpt lat="43.126062" lon="-2.632692">
        <ele>366.208</ele>
        <time>2022-11-01T12:31:33Z</time>
      </trkpt>
      <trkpt lat="43.126112" lon="-2.632692">
        <ele>369.809</ele>
        <time>2022-11-01T12:31:39Z</time>
      </trkpt>
      <trkpt lat="43.126162" lon="-2.632679">
        <ele>372.433</ele>
        <time>2022-11-01T12:31:43Z</time>
      </trkpt>
      <trkpt lat="43.126207" lon="-2.632674">
        <ele>375.123</ele>
        <time>2022-11-01T12:31:48Z</time>
      </trkpt>
      <trkpt lat="43.126247" lon="-2.632642">
        <ele>378.570</ele>
        <time>2022-11-01T12:31:52Z</time>
      </trkpt>
      <trkpt lat="43.126285" lon="-2.632595">
        <ele>380.562</ele>
        <time>2022-11-01T12:31:55Z</time>
      </trkpt>
      <trkpt lat="43.126323" lon="-2.632548">
        <ele>384.389</ele>
        <time>2022-11-01T12:32:00Z</time>
      </trkpt>
      <trkpt lat="43.126378" lon="-2.632520">
        <ele>387.735</ele>
        <time>2022-11-01T12:32:03Z</time>
      </trkpt>
      <trkpt lat="43.126428" lon="-2.632488">
        <ele>389.043</ele>
        <time>2022-11-01T12:32:06Z</time>
      </trkpt>
      <trkpt lat="43.126478" lon="-2.632478">
        <ele>390.719</ele>
        <time>2022-11-01T12:32:09Z</time>
      </trkpt>
      <trkpt lat="43.126525" lon="-2.632478">
        <ele>392.461</ele>
        <time>2022-11-01T12:32:12Z</time>
      </trkpt>
      <trkpt lat="43.126572" lon="-2.632473">
        <ele>393.818</ele>
        <time>2022-11-01T12:32:17Z</time>
      </trkpt>
      <trkpt lat="43.126619" lon="-2.632461">
        <ele>393.898</ele>
        <time>2022-11-01T12:32:21Z</time>
      </trkpt>
      <trkpt lat="43.126657" lon="-2.632413">
        <ele>392.917</ele>
        <time>2022-11-01T12:32:26Z</time>
      </trkpt>
      <trkpt lat="43.126699" lon="-2.632363">
        <ele>392.009</ele>
        <time>2022-11-01T12:32:29Z</time>
      </trkpt>
      <trkpt lat="43.126749" lon="-2.632376">
        <ele>391.952</ele>
        <time>2022-11-01T12:32:32Z</time>
      </trkpt>
      <trkpt lat="43.126792" lon="-2.632354">
        <ele>391.882</ele>
        <time>2022-11-01T12:32:36Z</time>
      </trkpt>
      <trkpt lat="43.126820" lon="-2.632284">
        <ele>391.839</ele>
        <time>2022-11-01T12:32:40Z</time>
      </trkpt>
      <trkpt lat="43.126877" lon="-2.632261">
        <ele>391.181</ele>
        <time>2022-11-01T12:32:43Z</time>
      </trkpt>
      <trkpt lat="43.126922" lon="-2.632274">
        <ele>390.278</ele>
        <time>2022-11-01T12:32:45Z</time>
      </trkpt>
      <trkpt lat="43.126977" lon="-2.632247">
        <ele>388.114</ele>
        <time>2022-11-01T12:32:53Z</time>
      </trkpt>
      <trkpt lat="43.127022" lon="-2.632207">
        <ele>388.132</ele>
        <time>2022-11-01T12:32:57Z</time>
      </trkpt>
      <trkpt lat="43.127062" lon="-2.632162">
        <ele>388.118</ele>
        <time>2022-11-01T12:33:01Z</time>
      </trkpt>
      <trkpt lat="43.127105" lon="-2.632120">
        <ele>388.390</ele>
        <time>2022-11-01T12:33:06Z</time>
      </trkpt>
      <trkpt lat="43.127145" lon="-2.632092">
        <ele>388.296</ele>
        <time>2022-11-01T12:33:09Z</time>
      </trkpt>
      <trkpt lat="43.127197" lon="-2.632074">
        <ele>388.431</ele>
        <time>2022-11-01T12:33:12Z</time>
      </trkpt>
      <trkpt lat="43.127244" lon="-2.632031">
        <ele>386.924</ele>
        <time>2022-11-01T12:33:16Z</time>
      </trkpt>
      <trkpt lat="43.127297" lon="-2.631989">
        <ele>385.009</ele>
        <time>2022-11-01T12:33:20Z</time>
      </trkpt>
      <trkpt lat="43.127337" lon="-2.631956">
        <ele>384.590</ele>
        <time>2022-11-01T12:33:23Z</time>
      </trkpt>
      <trkpt lat="43.127384" lon="-2.631926">
        <ele>384.220</ele>
        <time>2022-11-01T12:33:26Z</time>
      </trkpt>
      <trkpt lat="43.127431" lon="-2.631894">
        <ele>385.017</ele>
        <time>2022-11-01T12:33:30Z</time>
      </trkpt>
      <trkpt lat="43.127474" lon="-2.631877">
        <ele>385.219</ele>
        <time>2022-11-01T12:33:34Z</time>
      </trkpt>
      <trkpt lat="43.127522" lon="-2.631845">
        <ele>385.466</ele>
        <time>2022-11-01T12:33:38Z</time>
      </trkpt>
      <trkpt lat="43.127569" lon="-2.631835">
        <ele>385.662</ele>
        <time>2022-11-01T12:33:42Z</time>
      </trkpt>
      <trkpt lat="43.127616" lon="-2.631812">
        <ele>385.740</ele>
        <time>2022-11-01T12:33:46Z</time>
      </trkpt>
      <trkpt lat="43.127671" lon="-2.631785">
        <ele>387.186</ele>
        <time>2022-11-01T12:33:52Z</time>
      </trkpt>
      <trkpt lat="43.127723" lon="-2.631753">
        <ele>387.548</ele>
        <time>2022-11-01T12:33:55Z</time>
      </trkpt>
      <trkpt lat="43.127775" lon="-2.631745">
        <ele>387.673</ele>
        <time>2022-11-01T12:33:59Z</time>
      </trkpt>
      <trkpt lat="43.127827" lon="-2.631725">
        <ele>387.785</ele>
        <time>2022-11-01T12:34:04Z</time>
      </trkpt>
      <trkpt lat="43.127887" lon="-2.631717">
        <ele>387.713</ele>
        <time>2022-11-01T12:34:08Z</time>
      </trkpt>
      <trkpt lat="43.127945" lon="-2.631722">
        <ele>387.809</ele>
        <time>2022-11-01T12:34:11Z</time>
      </trkpt>
      <trkpt lat="43.128005" lon="-2.631732">
        <ele>387.648</ele>
        <time>2022-11-01T12:34:17Z</time>
      </trkpt>
      <trkpt lat="43.128052" lon="-2.631749">
        <ele>386.648</ele>
        <time>2022-11-01T12:34:22Z</time>
      </trkpt>
      <trkpt lat="43.128109" lon="-2.631749">
        <ele>384.525</ele>
        <time>2022-11-01T12:34:27Z</time>
      </trkpt>
      <trkpt lat="43.128161" lon="-2.631747">
        <ele>383.897</ele>
        <time>2022-11-01T12:34:30Z</time>
      </trkpt>
      <trkpt lat="43.128209" lon="-2.631737">
        <ele>382.064</ele>
        <time>2022-11-01T12:34:33Z</time>
      </trkpt>
      <trkpt lat="43.128254" lon="-2.631737">
        <ele>381.010</ele>
        <time>2022-11-01T12:34:37Z</time>
      </trkpt>
      <trkpt lat="43.128302" lon="-2.631749">
        <ele>380.788</ele>
        <time>2022-11-01T12:34:42Z</time>
      </trkpt>
      <trkpt lat="43.128345" lon="-2.631769">
        <ele>379.524</ele>
        <time>2022-11-01T12:34:46Z</time>
      </trkpt>
      <trkpt lat="43.128402" lon="-2.631792">
        <ele>378.136</ele>
        <time>2022-11-01T12:34:52Z</time>
      </trkpt>
      <trkpt lat="43.128450" lon="-2.631820">
        <ele>378.269</ele>
        <time>2022-11-01T12:34:56Z</time>
      </trkpt>
      <trkpt lat="43.128503" lon="-2.631828">
        <ele>378.304</ele>
        <time>2022-11-01T12:35:02Z</time>
      </trkpt>
      <trkpt lat="43.128550" lon="-2.631831">
        <ele>378.624</ele>
        <time>2022-11-01T12:35:07Z</time>
      </trkpt>
      <trkpt lat="43.128602" lon="-2.631841">
        <ele>379.009</ele>
        <time>2022-11-01T12:35:11Z</time>
      </trkpt>
      <trkpt lat="43.128662" lon="-2.631864">
        <ele>379.667</ele>
        <time>2022-11-01T12:35:15Z</time>
      </trkpt>
      <trkpt lat="43.128707" lon="-2.631876">
        <ele>380.217</ele>
        <time>2022-11-01T12:35:20Z</time>
      </trkpt>
      <trkpt lat="43.128757" lon="-2.631921">
        <ele>381.494</ele>
        <time>2022-11-01T12:35:24Z</time>
      </trkpt>
      <trkpt lat="43.128814" lon="-2.631941">
        <ele>381.946</ele>
        <time>2022-11-01T12:35:29Z</time>
      </trkpt>
      <trkpt lat="43.128859" lon="-2.631961">
        <ele>381.943</ele>
        <time>2022-11-01T12:35:32Z</time>
      </trkpt>
      <trkpt lat="43.128897" lon="-2.631996">
        <ele>381.939</ele>
        <time>2022-11-01T12:35:37Z</time>
      </trkpt>
      <trkpt lat="43.128944" lon="-2.632041">
        <ele>382.187</ele>
        <time>2022-11-01T12:35:43Z</time>
      </trkpt>
      <trkpt lat="43.128989" lon="-2.632091">
        <ele>382.473</ele>
        <time>2022-11-01T12:35:47Z</time>
      </trkpt>
      <trkpt lat="43.129034" lon="-2.632114">
        <ele>382.355</ele>
        <time>2022-11-01T12:35:50Z</time>
      </trkpt>
      <trkpt lat="43.129082" lon="-2.632121">
        <ele>383.215</ele>
        <time>2022-11-01T12:35:55Z</time>
      </trkpt>
      <trkpt lat="43.129130" lon="-2.632118">
        <ele>383.165</ele>
        <time>2022-11-01T12:36:00Z</time>
      </trkpt>
      <trkpt lat="43.129190" lon="-2.632103">
        <ele>383.311</ele>
        <time>2022-11-01T12:36:04Z</time>
      </trkpt>
      <trkpt lat="43.129238" lon="-2.632118">
        <ele>383.009</ele>
        <time>2022-11-01T12:36:06Z</time>
      </trkpt>
      <trkpt lat="43.129298" lon="-2.632130">
        <ele>381.882</ele>
        <time>2022-11-01T12:36:09Z</time>
      </trkpt>
      <trkpt lat="43.129345" lon="-2.632138">
        <ele>380.072</ele>
        <time>2022-11-01T12:36:14Z</time>
      </trkpt>
      <trkpt lat="43.129393" lon="-2.632145">
        <ele>378.869</ele>
        <time>2022-11-01T12:36:17Z</time>
      </trkpt>
      <trkpt lat="43.129441" lon="-2.632152">
        <ele>378.631</ele>
        <time>2022-11-01T12:36:20Z</time>
      </trkpt>
      <trkpt lat="43.129491" lon="-2.632155">
        <ele>378.588</ele>
        <time>2022-11-01T12:36:24Z</time>
      </trkpt>
      <trkpt lat="43.129544" lon="-2.632158">
        <ele>378.264</ele>
        <time>2022-11-01T12:36:30Z</time>
      </trkpt>
      <trkpt lat="43.129589" lon="-2.632170">
        <ele>377.832</ele>
        <time>2022-11-01T12:36:32Z</time>
      </trkpt>
      <trkpt lat="43.129639" lon="-2.632163">
        <ele>376.128</ele>
        <time>2022-11-01T12:36:37Z</time>
      </trkpt>
      <trkpt lat="43.129696" lon="-2.632175">
        <ele>376.230</ele>
        <time>2022-11-01T12:36:41Z</time>
      </trkpt>
      <trkpt lat="43.129743" lon="-2.632200">
        <ele>376.253</ele>
        <time>2022-11-01T12:36:45Z</time>
      </trkpt>
      <trkpt lat="43.129796" lon="-2.632225">
        <ele>377.704</ele>
        <time>2022-11-01T12:36:50Z</time>
      </trkpt>
      <trkpt lat="43.129853" lon="-2.632223">
        <ele>378.414</ele>
        <time>2022-11-01T12:36:54Z</time>
      </trkpt>
      <trkpt lat="43.129963" lon="-2.632280">
        <ele>379.209</ele>
        <time>2022-11-01T12:37:06Z</time>
      </trkpt>
      <trkpt lat="43.130005" lon="-2.632325">
        <ele>378.616</ele>
        <time>2022-11-01T12:37:09Z</time>
      </trkpt>
      <trkpt lat="43.130055" lon="-2.632330">
        <ele>377.986</ele>
        <time>2022-11-01T12:37:12Z</time>
      </trkpt>
      <trkpt lat="43.130103" lon="-2.632360">
        <ele>377.363</ele>
        <time>2022-11-01T12:37:18Z</time>
      </trkpt>
      <trkpt lat="43.130153" lon="-2.632393">
        <ele>377.965</ele>
        <time>2022-11-01T12:37:21Z</time>
      </trkpt>
      <trkpt lat="43.130180" lon="-2.632448">
        <ele>378.912</ele>
        <time>2022-11-01T12:37:26Z</time>
      </trkpt>
      <trkpt lat="43.130213" lon="-2.632510">
        <ele>383.198</ele>
        <time>2022-11-01T12:37:33Z</time>
      </trkpt>
      <trkpt lat="43.130166" lon="-2.632508">
        <ele>383.756</ele>
        <time>2022-11-01T12:37:51Z</time>
      </trkpt>
      <trkpt lat="43.130188" lon="-2.632570">
        <ele>384.552</ele>
        <time>2022-11-01T12:38:04Z</time>
      </trkpt>
      <trkpt lat="43.130205" lon="-2.632630">
        <ele>384.314</ele>
        <time>2022-11-01T12:38:09Z</time>
      </trkpt>
      <trkpt lat="43.130223" lon="-2.632703">
        <ele>384.288</ele>
        <time>2022-11-01T12:38:14Z</time>
      </trkpt>
      <trkpt lat="43.130243" lon="-2.632770">
        <ele>384.624</ele>
        <time>2022-11-01T12:38:19Z</time>
      </trkpt>
      <trkpt lat="43.130271" lon="-2.632820">
        <ele>385.526</ele>
        <time>2022-11-01T12:38:24Z</time>
      </trkpt>
      <trkpt lat="43.130299" lon="-2.632868">
        <ele>387.109</ele>
        <time>2022-11-01T12:38:28Z</time>
      </trkpt>
      <trkpt lat="43.130326" lon="-2.632918">
        <ele>388.129</ele>
        <time>2022-11-01T12:38:32Z</time>
      </trkpt>
      <trkpt lat="43.130349" lon="-2.632980">
        <ele>389.229</ele>
        <time>2022-11-01T12:38:36Z</time>
      </trkpt>
      <trkpt lat="43.130376" lon="-2.633030">
        <ele>389.596</ele>
        <time>2022-11-01T12:38:40Z</time>
      </trkpt>
      <trkpt lat="43.130399" lon="-2.633085">
        <ele>389.668</ele>
        <time>2022-11-01T12:38:44Z</time>
      </trkpt>
      <trkpt lat="43.130431" lon="-2.633140">
        <ele>389.625</ele>
        <time>2022-11-01T12:38:49Z</time>
      </trkpt>
      <trkpt lat="43.130469" lon="-2.633212">
        <ele>389.451</ele>
        <time>2022-11-01T12:38:53Z</time>
      </trkpt>
      <trkpt lat="43.130519" lon="-2.633247">
        <ele>388.179</ele>
        <time>2022-11-01T12:38:56Z</time>
      </trkpt>
      <trkpt lat="43.130561" lon="-2.633282">
        <ele>386.455</ele>
        <time>2022-11-01T12:39:00Z</time>
      </trkpt>
      <trkpt lat="43.130603" lon="-2.633327">
        <ele>385.647</ele>
        <time>2022-11-01T12:39:03Z</time>
      </trkpt>
      <trkpt lat="43.130648" lon="-2.633377">
        <ele>384.141</ele>
        <time>2022-11-01T12:39:06Z</time>
      </trkpt>
      <trkpt lat="43.130681" lon="-2.633435">
        <ele>384.081</ele>
        <time>2022-11-01T12:39:13Z</time>
      </trkpt>
      <trkpt lat="43.130724" lon="-2.633485">
        <ele>384.109</ele>
        <time>2022-11-01T12:39:17Z</time>
      </trkpt>
      <trkpt lat="43.130766" lon="-2.633517">
        <ele>384.409</ele>
        <time>2022-11-01T12:39:21Z</time>
      </trkpt>
      <trkpt lat="43.130809" lon="-2.633550">
        <ele>384.665</ele>
        <time>2022-11-01T12:39:26Z</time>
      </trkpt>
      <trkpt lat="43.130856" lon="-2.633587">
        <ele>384.945</ele>
        <time>2022-11-01T12:39:29Z</time>
      </trkpt>
      <trkpt lat="43.130899" lon="-2.633632">
        <ele>387.932</ele>
        <time>2022-11-01T12:39:36Z</time>
      </trkpt>
      <trkpt lat="43.130941" lon="-2.633675">
        <ele>388.934</ele>
        <time>2022-11-01T12:39:39Z</time>
      </trkpt>
      <trkpt lat="43.130991" lon="-2.633692">
        <ele>389.941</ele>
        <time>2022-11-01T12:39:44Z</time>
      </trkpt>
      <trkpt lat="43.131041" lon="-2.633715">
        <ele>390.647</ele>
        <time>2022-11-01T12:39:48Z</time>
      </trkpt>
      <trkpt lat="43.131099" lon="-2.633748">
        <ele>390.725</ele>
        <time>2022-11-01T12:39:51Z</time>
      </trkpt>
      <trkpt lat="43.131142" lon="-2.633776">
        <ele>390.711</ele>
        <time>2022-11-01T12:39:55Z</time>
      </trkpt>
      <trkpt lat="43.131179" lon="-2.633836">
        <ele>390.323</ele>
        <time>2022-11-01T12:40:05Z</time>
      </trkpt>
      <trkpt lat="43.131229" lon="-2.633881">
        <ele>390.292</ele>
        <time>2022-11-01T12:40:08Z</time>
      </trkpt>
      <trkpt lat="43.131261" lon="-2.633926">
        <ele>390.173</ele>
        <time>2022-11-01T12:40:11Z</time>
      </trkpt>
      <trkpt lat="43.131294" lon="-2.633974">
        <ele>390.120</ele>
        <time>2022-11-01T12:40:15Z</time>
      </trkpt>
      <trkpt lat="43.131336" lon="-2.634037">
        <ele>390.109</ele>
        <time>2022-11-01T12:40:20Z</time>
      </trkpt>
      <trkpt lat="43.131371" lon="-2.634079">
        <ele>393.050</ele>
        <time>2022-11-01T12:40:23Z</time>
      </trkpt>
      <trkpt lat="43.131378" lon="-2.634154">
        <ele>395.630</ele>
        <time>2022-11-01T12:40:28Z</time>
      </trkpt>
      <trkpt lat="43.131400" lon="-2.634224">
        <ele>397.437</ele>
        <time>2022-11-01T12:40:33Z</time>
      </trkpt>
      <trkpt lat="43.131422" lon="-2.634284">
        <ele>399.199</ele>
        <time>2022-11-01T12:40:39Z</time>
      </trkpt>
      <trkpt lat="43.131450" lon="-2.634339">
        <ele>400.836</ele>
        <time>2022-11-01T12:40:44Z</time>
      </trkpt>
      <trkpt lat="43.131503" lon="-2.634359">
        <ele>401.422</ele>
        <time>2022-11-01T12:40:49Z</time>
      </trkpt>
      <trkpt lat="43.131551" lon="-2.634351">
        <ele>401.510</ele>
        <time>2022-11-01T12:40:51Z</time>
      </trkpt>
      <trkpt lat="43.131601" lon="-2.634334">
        <ele>401.836</ele>
        <time>2022-11-01T12:40:53Z</time>
      </trkpt>
      <trkpt lat="43.131648" lon="-2.634359">
        <ele>402.148</ele>
        <time>2022-11-01T12:40:56Z</time>
      </trkpt>
      <trkpt lat="43.131691" lon="-2.634381">
        <ele>402.246</ele>
        <time>2022-11-01T12:40:59Z</time>
      </trkpt>
      <trkpt lat="43.131741" lon="-2.634401">
        <ele>401.788</ele>
        <time>2022-11-01T12:41:04Z</time>
      </trkpt>
      <trkpt lat="43.131781" lon="-2.634436">
        <ele>399.016</ele>
        <time>2022-11-01T12:41:12Z</time>
      </trkpt>
      <trkpt lat="43.131836" lon="-2.634448">
        <ele>398.709</ele>
        <time>2022-11-01T12:41:15Z</time>
      </trkpt>
      <trkpt lat="43.131894" lon="-2.634460">
        <ele>398.755</ele>
        <time>2022-11-01T12:41:18Z</time>
      </trkpt>
      <trkpt lat="43.131942" lon="-2.634482">
        <ele>398.675</ele>
        <time>2022-11-01T12:41:21Z</time>
      </trkpt>
      <trkpt lat="43.131987" lon="-2.634502">
        <ele>398.452</ele>
        <time>2022-11-01T12:41:26Z</time>
      </trkpt>
      <trkpt lat="43.132037" lon="-2.634535">
        <ele>398.374</ele>
        <time>2022-11-01T12:41:31Z</time>
      </trkpt>
      <trkpt lat="43.132085" lon="-2.634547">
        <ele>398.141</ele>
        <time>2022-11-01T12:41:35Z</time>
      </trkpt>
      <trkpt lat="43.132132" lon="-2.634554">
        <ele>397.657</ele>
        <time>2022-11-01T12:41:40Z</time>
      </trkpt>
      <trkpt lat="43.132189" lon="-2.634574">
        <ele>397.625</ele>
        <time>2022-11-01T12:41:44Z</time>
      </trkpt>
      <trkpt lat="43.132239" lon="-2.634584">
        <ele>397.691</ele>
        <time>2022-11-01T12:41:48Z</time>
      </trkpt>
      <trkpt lat="43.132297" lon="-2.634587">
        <ele>397.673</ele>
        <time>2022-11-01T12:41:53Z</time>
      </trkpt>
      <trkpt lat="43.132345" lon="-2.634580">
        <ele>397.923</ele>
        <time>2022-11-01T12:41:56Z</time>
      </trkpt>
      <trkpt lat="43.132390" lon="-2.634592">
        <ele>398.883</ele>
        <time>2022-11-01T12:42:00Z</time>
      </trkpt>
      <trkpt lat="43.132437" lon="-2.634590">
        <ele>399.811</ele>
        <time>2022-11-01T12:42:04Z</time>
      </trkpt>
      <trkpt lat="43.132489" lon="-2.634595">
        <ele>400.709</ele>
        <time>2022-11-01T12:42:07Z</time>
      </trkpt>
      <trkpt lat="43.132541" lon="-2.634595">
        <ele>401.553</ele>
        <time>2022-11-01T12:42:10Z</time>
      </trkpt>
      <trkpt lat="43.132591" lon="-2.634598">
        <ele>401.853</ele>
        <time>2022-11-01T12:42:12Z</time>
      </trkpt>
      <trkpt lat="43.132639" lon="-2.634606">
        <ele>401.890</ele>
        <time>2022-11-01T12:42:17Z</time>
      </trkpt>
      <trkpt lat="43.132699" lon="-2.634616">
        <ele>401.632</ele>
        <time>2022-11-01T12:42:23Z</time>
      </trkpt>
      <trkpt lat="43.132759" lon="-2.634614">
        <ele>401.019</ele>
        <time>2022-11-01T12:42:26Z</time>
      </trkpt>
      <trkpt lat="43.132811" lon="-2.634619">
        <ele>400.755</ele>
        <time>2022-11-01T12:42:29Z</time>
      </trkpt>
      <trkpt lat="43.132861" lon="-2.634637">
        <ele>400.523</ele>
        <time>2022-11-01T12:42:32Z</time>
      </trkpt>
      <trkpt lat="43.132909" lon="-2.634647">
        <ele>399.919</ele>
        <time>2022-11-01T12:42:38Z</time>
      </trkpt>
      <trkpt lat="43.132957" lon="-2.634659">
        <ele>398.441</ele>
        <time>2022-11-01T12:42:42Z</time>
      </trkpt>
      <trkpt lat="43.133005" lon="-2.634681">
        <ele>397.872</ele>
        <time>2022-11-01T12:42:49Z</time>
      </trkpt>
      <trkpt lat="43.133062" lon="-2.634688">
        <ele>396.913</ele>
        <time>2022-11-01T12:42:53Z</time>
      </trkpt>
      <trkpt lat="43.133109" lon="-2.634710">
        <ele>396.714</ele>
        <time>2022-11-01T12:42:56Z</time>
      </trkpt>
      <trkpt lat="43.133157" lon="-2.634730">
        <ele>396.409</ele>
        <time>2022-11-01T12:43:00Z</time>
      </trkpt>
      <trkpt lat="43.133200" lon="-2.634752">
        <ele>395.998</ele>
        <time>2022-11-01T12:43:04Z</time>
      </trkpt>
      <trkpt lat="43.133225" lon="-2.634810">
        <ele>395.058</ele>
        <time>2022-11-01T12:43:17Z</time>
      </trkpt>
      <trkpt lat="43.133265" lon="-2.634842">
        <ele>395.015</ele>
        <time>2022-11-01T12:43:21Z</time>
      </trkpt>
      <trkpt lat="43.133307" lon="-2.634872">
        <ele>397.457</ele>
        <time>2022-11-01T12:43:25Z</time>
      </trkpt>
      <trkpt lat="43.133350" lon="-2.634924">
        <ele>400.074</ele>
        <time>2022-11-01T12:43:28Z</time>
      </trkpt>
      <trkpt lat="43.133392" lon="-2.634979">
        <ele>400.130</ele>
        <time>2022-11-01T12:43:31Z</time>
      </trkpt>
      <trkpt lat="43.133437" lon="-2.635021">
        <ele>400.268</ele>
        <time>2022-11-01T12:43:35Z</time>
      </trkpt>
      <trkpt lat="43.133470" lon="-2.635063">
        <ele>399.454</ele>
        <time>2022-11-01T12:43:40Z</time>
      </trkpt>
      <trkpt lat="43.133498" lon="-2.635116">
        <ele>398.746</ele>
        <time>2022-11-01T12:43:44Z</time>
      </trkpt>
      <trkpt lat="43.133536" lon="-2.635164">
        <ele>398.252</ele>
        <time>2022-11-01T12:43:48Z</time>
      </trkpt>
      <trkpt lat="43.133568" lon="-2.635227">
        <ele>397.053</ele>
        <time>2022-11-01T12:43:53Z</time>
      </trkpt>
      <trkpt lat="43.133603" lon="-2.635272">
        <ele>396.708</ele>
        <time>2022-11-01T12:43:58Z</time>
      </trkpt>
      <trkpt lat="43.133628" lon="-2.635325">
        <ele>396.109</ele>
        <time>2022-11-01T12:44:19Z</time>
      </trkpt>
      <trkpt lat="43.133668" lon="-2.635362">
        <ele>395.066</ele>
        <time>2022-11-01T12:44:23Z</time>
      </trkpt>
      <trkpt lat="43.133715" lon="-2.635354">
        <ele>394.246</ele>
        <time>2022-11-01T12:44:33Z</time>
      </trkpt>
      <trkpt lat="43.133745" lon="-2.635407">
        <ele>393.673</ele>
        <time>2022-11-01T12:44:38Z</time>
      </trkpt>
      <trkpt lat="43.133775" lon="-2.635462">
        <ele>391.815</ele>
        <time>2022-11-01T12:44:42Z</time>
      </trkpt>
      <trkpt lat="43.133777" lon="-2.635534">
        <ele>390.332</ele>
        <time>2022-11-01T12:44:46Z</time>
      </trkpt>
      <trkpt lat="43.133792" lon="-2.635601">
        <ele>389.828</ele>
        <time>2022-11-01T12:44:50Z</time>
      </trkpt>
      <trkpt lat="43.133820" lon="-2.635668">
        <ele>389.146</ele>
        <time>2022-11-01T12:44:55Z</time>
      </trkpt>
      <trkpt lat="43.133858" lon="-2.635713">
        <ele>388.462</ele>
        <time>2022-11-01T12:45:00Z</time>
      </trkpt>
      <trkpt lat="43.133898" lon="-2.635745">
        <ele>387.754</ele>
        <time>2022-11-01T12:45:03Z</time>
      </trkpt>
      <trkpt lat="43.133945" lon="-2.635772">
        <ele>387.254</ele>
        <time>2022-11-01T12:45:05Z</time>
      </trkpt>
      <trkpt lat="43.133982" lon="-2.635829">
        <ele>386.956</ele>
        <time>2022-11-01T12:45:08Z</time>
      </trkpt>
      <trkpt lat="43.134012" lon="-2.635881">
        <ele>386.211</ele>
        <time>2022-11-01T12:45:12Z</time>
      </trkpt>
      <trkpt lat="43.134054" lon="-2.635921">
        <ele>385.009</ele>
        <time>2022-11-01T12:45:15Z</time>
      </trkpt>
      <trkpt lat="43.134107" lon="-2.635973">
        <ele>383.686</ele>
        <time>2022-11-01T12:45:18Z</time>
      </trkpt>
      <trkpt lat="43.134145" lon="-2.636010">
        <ele>383.146</ele>
        <time>2022-11-01T12:45:20Z</time>
      </trkpt>
      <trkpt lat="43.134182" lon="-2.636072">
        <ele>381.653</ele>
        <time>2022-11-01T12:45:23Z</time>
      </trkpt>
      <trkpt lat="43.134225" lon="-2.636140">
        <ele>380.075</ele>
        <time>2022-11-01T12:45:26Z</time>
      </trkpt>
      <trkpt lat="43.134260" lon="-2.636180">
        <ele>379.942</ele>
        <time>2022-11-01T12:45:28Z</time>
      </trkpt>
      <trkpt lat="43.134323" lon="-2.636217">
        <ele>379.938</ele>
        <time>2022-11-01T12:45:31Z</time>
      </trkpt>
      <trkpt lat="43.134390" lon="-2.636234">
        <ele>380.996</ele>
        <time>2022-11-01T12:45:33Z</time>
      </trkpt>
      <trkpt lat="43.134450" lon="-2.636247">
        <ele>383.352</ele>
        <time>2022-11-01T12:45:35Z</time>
      </trkpt>
      <trkpt lat="43.134468" lon="-2.636317">
        <ele>385.584</ele>
        <time>2022-11-01T12:45:38Z</time>
      </trkpt>
      <trkpt lat="43.134461" lon="-2.636384">
        <ele>385.892</ele>
        <time>2022-11-01T12:45:40Z</time>
      </trkpt>
      <trkpt lat="43.134433" lon="-2.636456">
        <ele>387.073</ele>
        <time>2022-11-01T12:45:43Z</time>
      </trkpt>
      <trkpt lat="43.134410" lon="-2.636523">
        <ele>387.820</ele>
        <time>2022-11-01T12:45:46Z</time>
      </trkpt>
      <trkpt lat="43.134392" lon="-2.636596">
        <ele>388.809</ele>
        <time>2022-11-01T12:45:49Z</time>
      </trkpt>
      <trkpt lat="43.134430" lon="-2.636659">
        <ele>390.210</ele>
        <time>2022-11-01T12:45:52Z</time>
      </trkpt>
      <trkpt lat="43.134463" lon="-2.636712">
        <ele>392.920</ele>
        <time>2022-11-01T12:45:56Z</time>
      </trkpt>
      <trkpt lat="43.134513" lon="-2.636719">
        <ele>393.117</ele>
        <time>2022-11-01T12:46:00Z</time>
      </trkpt>
      <trkpt lat="43.134553" lon="-2.636754">
        <ele>393.439</ele>
        <time>2022-11-01T12:46:05Z</time>
      </trkpt>
      <trkpt lat="43.134593" lon="-2.636792">
        <ele>393.486</ele>
        <time>2022-11-01T12:46:09Z</time>
      </trkpt>
      <trkpt lat="43.134630" lon="-2.636859">
        <ele>393.352</ele>
        <time>2022-11-01T12:46:13Z</time>
      </trkpt>
      <trkpt lat="43.134655" lon="-2.636917">
        <ele>392.870</ele>
        <time>2022-11-01T12:46:15Z</time>
      </trkpt>
      <trkpt lat="43.134692" lon="-2.636975">
        <ele>390.136</ele>
        <time>2022-11-01T12:46:18Z</time>
      </trkpt>
      <trkpt lat="43.134725" lon="-2.637023">
        <ele>386.298</ele>
        <time>2022-11-01T12:46:21Z</time>
      </trkpt>
      <trkpt lat="43.134738" lon="-2.637115">
        <ele>381.828</ele>
        <time>2022-11-01T12:46:24Z</time>
      </trkpt>
      <trkpt lat="43.134740" lon="-2.637177">
        <ele>376.789</ele>
        <time>2022-11-01T12:46:26Z</time>
      </trkpt>
      <trkpt lat="43.134750" lon="-2.637257">
        <ele>373.017</ele>
        <time>2022-11-01T12:46:29Z</time>
      </trkpt>
      <trkpt lat="43.134768" lon="-2.637315">
        <ele>370.409</ele>
        <time>2022-11-01T12:46:31Z</time>
      </trkpt>
      <trkpt lat="43.134803" lon="-2.637375">
        <ele>367.173</ele>
        <time>2022-11-01T12:46:33Z</time>
      </trkpt>
      <trkpt lat="43.134838" lon="-2.637438">
        <ele>363.153</ele>
        <time>2022-11-01T12:46:36Z</time>
      </trkpt>
      <trkpt lat="43.134853" lon="-2.637505">
        <ele>360.860</ele>
        <time>2022-11-01T12:46:39Z</time>
      </trkpt>
      <trkpt lat="43.134896" lon="-2.637557">
        <ele>359.142</ele>
        <time>2022-11-01T12:46:43Z</time>
      </trkpt>
      <trkpt lat="43.134914" lon="-2.637627">
        <ele>357.789</ele>
        <time>2022-11-01T12:46:46Z</time>
      </trkpt>
      <trkpt lat="43.134927" lon="-2.637699">
        <ele>356.375</ele>
        <time>2022-11-01T12:46:49Z</time>
      </trkpt>
      <trkpt lat="43.134957" lon="-2.637761">
        <ele>353.583</ele>
        <time>2022-11-01T12:46:53Z</time>
      </trkpt>
      <trkpt lat="43.134987" lon="-2.637819">
        <ele>350.339</ele>
        <time>2022-11-01T12:46:58Z</time>
      </trkpt>
      <trkpt lat="43.135034" lon="-2.637861">
        <ele>347.571</ele>
        <time>2022-11-01T12:47:03Z</time>
      </trkpt>
      <trkpt lat="43.135079" lon="-2.637904">
        <ele>345.938</ele>
        <time>2022-11-01T12:47:07Z</time>
      </trkpt>
      <trkpt lat="43.135112" lon="-2.637962">
        <ele>344.470</ele>
        <time>2022-11-01T12:47:13Z</time>
      </trkpt>
      <trkpt lat="43.135129" lon="-2.638020">
        <ele>341.517</ele>
        <time>2022-11-01T12:47:21Z</time>
      </trkpt>
      <trkpt lat="43.135186" lon="-2.638030">
        <ele>340.409</ele>
        <time>2022-11-01T12:47:30Z</time>
      </trkpt>
      <trkpt lat="43.135233" lon="-2.638015">
        <ele>340.384</ele>
        <time>2022-11-01T12:47:33Z</time>
      </trkpt>
      <trkpt lat="43.135278" lon="-2.638018">
        <ele>339.224</ele>
        <time>2022-11-01T12:47:39Z</time>
      </trkpt>
      <trkpt lat="43.135330" lon="-2.638060">
        <ele>338.461</ele>
        <time>2022-11-01T12:47:43Z</time>
      </trkpt>
      <trkpt lat="43.135373" lon="-2.638113">
        <ele>338.313</ele>
        <time>2022-11-01T12:47:46Z</time>
      </trkpt>
      <trkpt lat="43.135390" lon="-2.638175">
        <ele>338.210</ele>
        <time>2022-11-01T12:47:51Z</time>
      </trkpt>
      <trkpt lat="43.135430" lon="-2.638222">
        <ele>338.286</ele>
        <time>2022-11-01T12:47:55Z</time>
      </trkpt>
      <trkpt lat="43.135475" lon="-2.638265">
        <ele>338.254</ele>
        <time>2022-11-01T12:48:00Z</time>
      </trkpt>
      <trkpt lat="43.135523" lon="-2.638302">
        <ele>338.120</ele>
        <time>2022-11-01T12:48:04Z</time>
      </trkpt>
      <trkpt lat="43.135546" lon="-2.638359">
        <ele>337.792</ele>
        <time>2022-11-01T12:48:07Z</time>
      </trkpt>
      <trkpt lat="43.135586" lon="-2.638411">
        <ele>337.263</ele>
        <time>2022-11-01T12:48:10Z</time>
      </trkpt>
      <trkpt lat="43.135619" lon="-2.638458">
        <ele>336.344</ele>
        <time>2022-11-01T12:48:13Z</time>
      </trkpt>
      <trkpt lat="43.135621" lon="-2.638521">
        <ele>336.118</ele>
        <time>2022-11-01T12:48:17Z</time>
      </trkpt>
      <trkpt lat="43.135616" lon="-2.638588">
        <ele>336.109</ele>
        <time>2022-11-01T12:48:21Z</time>
      </trkpt>
      <trkpt lat="43.135644" lon="-2.638648">
        <ele>336.357</ele>
        <time>2022-11-01T12:48:24Z</time>
      </trkpt>
      <trkpt lat="43.135694" lon="-2.638688">
        <ele>337.317</ele>
        <time>2022-11-01T12:48:28Z</time>
      </trkpt>
      <trkpt lat="43.135736" lon="-2.638715">
        <ele>338.764</ele>
        <time>2022-11-01T12:48:31Z</time>
      </trkpt>
      <trkpt lat="43.135763" lon="-2.638777">
        <ele>340.586</ele>
        <time>2022-11-01T12:48:37Z</time>
      </trkpt>
      <trkpt lat="43.135805" lon="-2.638815">
        <ele>340.873</ele>
        <time>2022-11-01T12:48:40Z</time>
      </trkpt>
      <trkpt lat="43.135838" lon="-2.638858">
        <ele>341.119</ele>
        <time>2022-11-01T12:48:44Z</time>
      </trkpt>
      <trkpt lat="43.135875" lon="-2.638908">
        <ele>342.867</ele>
        <time>2022-11-01T12:48:48Z</time>
      </trkpt>
      <trkpt lat="43.135920" lon="-2.638961">
        <ele>343.033</ele>
        <time>2022-11-01T12:48:52Z</time>
      </trkpt>
      <trkpt lat="43.135947" lon="-2.639014">
        <ele>343.315</ele>
        <time>2022-11-01T12:48:55Z</time>
      </trkpt>
      <trkpt lat="43.135977" lon="-2.639066">
        <ele>343.266</ele>
        <time>2022-11-01T12:48:57Z</time>
      </trkpt>
      <trkpt lat="43.136009" lon="-2.639131">
        <ele>341.829</ele>
        <time>2022-11-01T12:49:00Z</time>
      </trkpt>
      <trkpt lat="43.136014" lon="-2.639216">
        <ele>340.121</ele>
        <time>2022-11-01T12:49:03Z</time>
      </trkpt>
      <trkpt lat="43.136042" lon="-2.639273">
        <ele>338.509</ele>
        <time>2022-11-01T12:49:06Z</time>
      </trkpt>
      <trkpt lat="43.136027" lon="-2.639335">
        <ele>336.977</ele>
        <time>2022-11-01T12:49:11Z</time>
      </trkpt>
      <trkpt lat="43.136042" lon="-2.639418">
        <ele>336.977</ele>
        <time>2022-11-01T12:49:15Z</time>
      </trkpt>
      <trkpt lat="43.136047" lon="-2.639486">
        <ele>336.874</ele>
        <time>2022-11-01T12:49:17Z</time>
      </trkpt>
      <trkpt lat="43.136065" lon="-2.639551">
        <ele>336.896</ele>
        <time>2022-11-01T12:49:19Z</time>
      </trkpt>
      <trkpt lat="43.136075" lon="-2.639624">
        <ele>336.693</ele>
        <time>2022-11-01T12:49:22Z</time>
      </trkpt>
      <trkpt lat="43.136102" lon="-2.639674">
        <ele>336.019</ele>
        <time>2022-11-01T12:49:24Z</time>
      </trkpt>
      <trkpt lat="43.136147" lon="-2.639746">
        <ele>334.557</ele>
        <time>2022-11-01T12:49:26Z</time>
      </trkpt>
      <trkpt lat="43.136197" lon="-2.639821">
        <ele>333.953</ele>
        <time>2022-11-01T12:49:28Z</time>
      </trkpt>
      <trkpt lat="43.136252" lon="-2.639889">
        <ele>332.835</ele>
        <time>2022-11-01T12:49:30Z</time>
      </trkpt>
      <trkpt lat="43.136305" lon="-2.639957">
        <ele>332.776</ele>
        <time>2022-11-01T12:49:32Z</time>
      </trkpt>
      <trkpt lat="43.136343" lon="-2.640030">
        <ele>332.590</ele>
        <time>2022-11-01T12:49:34Z</time>
      </trkpt>
      <trkpt lat="43.136385" lon="-2.640102">
        <ele>332.319</ele>
        <time>2022-11-01T12:49:36Z</time>
      </trkpt>
      <trkpt lat="43.136433" lon="-2.640127">
        <ele>332.309</ele>
        <time>2022-11-01T12:49:38Z</time>
      </trkpt>
      <trkpt lat="43.136478" lon="-2.640144">
        <ele>332.458</ele>
        <time>2022-11-01T12:49:41Z</time>
      </trkpt>
      <trkpt lat="43.136521" lon="-2.640174">
        <ele>333.058</ele>
        <time>2022-11-01T12:49:44Z</time>
      </trkpt>
      <trkpt lat="43.136561" lon="-2.640207">
        <ele>333.385</ele>
        <time>2022-11-01T12:49:46Z</time>
      </trkpt>
      <trkpt lat="43.136611" lon="-2.640244">
        <ele>333.697</ele>
        <time>2022-11-01T12:49:49Z</time>
      </trkpt>
      <trkpt lat="43.136648" lon="-2.640296">
        <ele>334.114</ele>
        <time>2022-11-01T12:49:53Z</time>
      </trkpt>
      <trkpt lat="43.136691" lon="-2.640324">
        <ele>334.570</ele>
        <time>2022-11-01T12:49:56Z</time>
      </trkpt>
      <trkpt lat="43.136729" lon="-2.640364">
        <ele>334.858</ele>
        <time>2022-11-01T12:49:58Z</time>
      </trkpt>
      <trkpt lat="43.136774" lon="-2.640391">
        <ele>335.064</ele>
        <time>2022-11-01T12:50:00Z</time>
      </trkpt>
      <trkpt lat="43.136846" lon="-2.640428">
        <ele>335.046</ele>
        <time>2022-11-01T12:50:02Z</time>
      </trkpt>
      <trkpt lat="43.136909" lon="-2.640470">
        <ele>334.074</ele>
        <time>2022-11-01T12:50:04Z</time>
      </trkpt>
      <trkpt lat="43.136967" lon="-2.640505">
        <ele>333.056</ele>
        <time>2022-11-01T12:50:06Z</time>
      </trkpt>
      <trkpt lat="43.137025" lon="-2.640565">
        <ele>332.521</ele>
        <time>2022-11-01T12:50:08Z</time>
      </trkpt>
      <trkpt lat="43.137072" lon="-2.640648">
        <ele>331.809</ele>
        <time>2022-11-01T12:50:10Z</time>
      </trkpt>
      <trkpt lat="43.137082" lon="-2.640745">
        <ele>331.078</ele>
        <time>2022-11-01T12:50:12Z</time>
      </trkpt>
      <trkpt lat="43.137094" lon="-2.640820">
        <ele>329.368</ele>
        <time>2022-11-01T12:50:15Z</time>
      </trkpt>
      <trkpt lat="43.137089" lon="-2.640882">
        <ele>327.165</ele>
        <time>2022-11-01T12:50:19Z</time>
      </trkpt>
      <trkpt lat="43.137086" lon="-2.640949">
        <ele>325.717</ele>
        <time>2022-11-01T12:50:24Z</time>
      </trkpt>
      <trkpt lat="43.137104" lon="-2.641012">
        <ele>324.574</ele>
        <time>2022-11-01T12:50:27Z</time>
      </trkpt>
      <trkpt lat="43.137121" lon="-2.641072">
        <ele>323.880</ele>
        <time>2022-11-01T12:50:29Z</time>
      </trkpt>
      <trkpt lat="43.137146" lon="-2.641145">
        <ele>323.378</ele>
        <time>2022-11-01T12:50:32Z</time>
      </trkpt>
      <trkpt lat="43.137171" lon="-2.641205">
        <ele>322.984</ele>
        <time>2022-11-01T12:50:35Z</time>
      </trkpt>
      <trkpt lat="43.137186" lon="-2.641272">
        <ele>322.066</ele>
        <time>2022-11-01T12:50:40Z</time>
      </trkpt>
      <trkpt lat="43.137203" lon="-2.641345">
        <ele>321.171</ele>
        <time>2022-11-01T12:50:44Z</time>
      </trkpt>
      <trkpt lat="43.137221" lon="-2.641415">
        <ele>320.041</ele>
        <time>2022-11-01T12:50:47Z</time>
      </trkpt>
      <trkpt lat="43.137224" lon="-2.641497">
        <ele>319.315</ele>
        <time>2022-11-01T12:50:51Z</time>
      </trkpt>
      <trkpt lat="43.137256" lon="-2.641575">
        <ele>318.409</ele>
        <time>2022-11-01T12:50:55Z</time>
      </trkpt>
      <trkpt lat="43.137273" lon="-2.641642">
        <ele>317.138</ele>
        <time>2022-11-01T12:50:58Z</time>
      </trkpt>
      <trkpt lat="43.137283" lon="-2.641715">
        <ele>315.268</ele>
        <time>2022-11-01T12:51:02Z</time>
      </trkpt>
      <trkpt lat="43.137311" lon="-2.641783">
        <ele>314.935</ele>
        <time>2022-11-01T12:51:05Z</time>
      </trkpt>
      <trkpt lat="43.137346" lon="-2.641828">
        <ele>314.847</ele>
        <time>2022-11-01T12:51:09Z</time>
      </trkpt>
      <trkpt lat="43.137399" lon="-2.641820">
        <ele>314.844</ele>
        <time>2022-11-01T12:51:13Z</time>
      </trkpt>
      <trkpt lat="43.137447" lon="-2.641813">
        <ele>314.930</ele>
        <time>2022-11-01T12:51:17Z</time>
      </trkpt>
      <trkpt lat="43.137490" lon="-2.641836">
        <ele>315.098</ele>
        <time>2022-11-01T12:51:21Z</time>
      </trkpt>
      <trkpt lat="43.137525" lon="-2.641879">
        <ele>316.674</ele>
        <time>2022-11-01T12:51:28Z</time>
      </trkpt>
      <trkpt lat="43.137572" lon="-2.641891">
        <ele>318.756</ele>
        <time>2022-11-01T12:51:34Z</time>
      </trkpt>
      <trkpt lat="43.137632" lon="-2.641909">
        <ele>320.332</ele>
        <time>2022-11-01T12:51:40Z</time>
      </trkpt>
      <trkpt lat="43.137677" lon="-2.641954">
        <ele>321.192</ele>
        <time>2022-11-01T12:51:44Z</time>
      </trkpt>
      <trkpt lat="43.137715" lon="-2.641992">
        <ele>321.111</ele>
        <time>2022-11-01T12:51:47Z</time>
      </trkpt>
      <trkpt lat="43.137763" lon="-2.642022">
        <ele>321.409</ele>
        <time>2022-11-01T12:51:50Z</time>
      </trkpt>
      <trkpt lat="43.137815" lon="-2.642049">
        <ele>320.984</ele>
        <time>2022-11-01T12:51:53Z</time>
      </trkpt>
      <trkpt lat="43.137873" lon="-2.642082">
        <ele>319.174</ele>
        <time>2022-11-01T12:51:57Z</time>
      </trkpt>
      <trkpt lat="43.137921" lon="-2.642107">
        <ele>318.861</ele>
        <time>2022-11-01T12:51:59Z</time>
      </trkpt>
      <trkpt lat="43.137963" lon="-2.642145">
        <ele>318.343</ele>
        <time>2022-11-01T12:52:02Z</time>
      </trkpt>
      <trkpt lat="43.138016" lon="-2.642190">
        <ele>317.420</ele>
        <time>2022-11-01T12:52:06Z</time>
      </trkpt>
      <trkpt lat="43.138066" lon="-2.642237">
        <ele>316.156</ele>
        <time>2022-11-01T12:52:09Z</time>
      </trkpt>
      <trkpt lat="43.138113" lon="-2.642255">
        <ele>314.574</ele>
        <time>2022-11-01T12:52:12Z</time>
      </trkpt>
      <trkpt lat="43.138155" lon="-2.642288">
        <ele>312.940</ele>
        <time>2022-11-01T12:52:16Z</time>
      </trkpt>
      <trkpt lat="43.138213" lon="-2.642316">
        <ele>311.282</ele>
        <time>2022-11-01T12:52:19Z</time>
      </trkpt>
      <trkpt lat="43.138263" lon="-2.642354">
        <ele>308.165</ele>
        <time>2022-11-01T12:52:22Z</time>
      </trkpt>
      <trkpt lat="43.138313" lon="-2.642402">
        <ele>305.468</ele>
        <time>2022-11-01T12:52:26Z</time>
      </trkpt>
      <trkpt lat="43.138355" lon="-2.642445">
        <ele>302.314</ele>
        <time>2022-11-01T12:52:31Z</time>
      </trkpt>
      <trkpt lat="43.138378" lon="-2.642512">
        <ele>299.709</ele>
        <time>2022-11-01T12:52:35Z</time>
      </trkpt>
      <trkpt lat="43.138406" lon="-2.642569">
        <ele>295.787</ele>
        <time>2022-11-01T12:52:39Z</time>
      </trkpt>
      <trkpt lat="43.138429" lon="-2.642637">
        <ele>295.317</ele>
        <time>2022-11-01T12:52:44Z</time>
      </trkpt>
      <trkpt lat="43.138454" lon="-2.642702">
        <ele>295.314</ele>
        <time>2022-11-01T12:52:48Z</time>
      </trkpt>
      <trkpt lat="43.138496" lon="-2.642759">
        <ele>295.436</ele>
        <time>2022-11-01T12:52:52Z</time>
      </trkpt>
      <trkpt lat="43.138533" lon="-2.642814">
        <ele>296.783</ele>
        <time>2022-11-01T12:52:56Z</time>
      </trkpt>
      <trkpt lat="43.138568" lon="-2.642856">
        <ele>297.039</ele>
        <time>2022-11-01T12:52:59Z</time>
      </trkpt>
      <trkpt lat="43.138600" lon="-2.642918">
        <ele>297.167</ele>
        <time>2022-11-01T12:53:03Z</time>
      </trkpt>
      <trkpt lat="43.138630" lon="-2.642971">
        <ele>297.193</ele>
        <time>2022-11-01T12:53:12Z</time>
      </trkpt>
      <trkpt lat="43.138652" lon="-2.643036">
        <ele>297.095</ele>
        <time>2022-11-01T12:53:16Z</time>
      </trkpt>
      <trkpt lat="43.138677" lon="-2.643106">
        <ele>296.882</ele>
        <time>2022-11-01T12:53:20Z</time>
      </trkpt>
      <trkpt lat="43.138694" lon="-2.643164">
        <ele>296.843</ele>
        <time>2022-11-01T12:53:24Z</time>
      </trkpt>
      <trkpt lat="43.138711" lon="-2.643222">
        <ele>296.717</ele>
        <time>2022-11-01T12:53:29Z</time>
      </trkpt>
      <trkpt lat="43.138706" lon="-2.643294">
        <ele>296.309</ele>
        <time>2022-11-01T12:53:34Z</time>
      </trkpt>
      <trkpt lat="43.138711" lon="-2.643357">
        <ele>295.879</ele>
        <time>2022-11-01T12:53:38Z</time>
      </trkpt>
      <trkpt lat="43.138734" lon="-2.643415">
        <ele>294.649</ele>
        <time>2022-11-01T12:53:42Z</time>
      </trkpt>
      <trkpt lat="43.138767" lon="-2.643470">
        <ele>293.556</ele>
        <time>2022-11-01T12:53:46Z</time>
      </trkpt>
      <trkpt lat="43.138804" lon="-2.643522">
        <ele>291.888</ele>
        <time>2022-11-01T12:53:50Z</time>
      </trkpt>
      <trkpt lat="43.138847" lon="-2.643572">
        <ele>290.015</ele>
        <time>2022-11-01T12:53:54Z</time>
      </trkpt>
      <trkpt lat="43.138885" lon="-2.643612">
        <ele>288.671</ele>
        <time>2022-11-01T12:53:58Z</time>
      </trkpt>
      <trkpt lat="43.138928" lon="-2.643667">
        <ele>287.899</ele>
        <time>2022-11-01T12:54:02Z</time>
      </trkpt>
      <trkpt lat="43.138955" lon="-2.643720">
        <ele>287.715</ele>
        <time>2022-11-01T12:54:05Z</time>
      </trkpt>
      <trkpt lat="43.138987" lon="-2.643785">
        <ele>287.617</ele>
        <time>2022-11-01T12:54:09Z</time>
      </trkpt>
      <trkpt lat="43.139017" lon="-2.643850">
        <ele>287.649</ele>
        <time>2022-11-01T12:54:13Z</time>
      </trkpt>
      <trkpt lat="43.139057" lon="-2.643888">
        <ele>287.602</ele>
        <time>2022-11-01T12:54:16Z</time>
      </trkpt>
      <trkpt lat="43.139102" lon="-2.643931">
        <ele>287.522</ele>
        <time>2022-11-01T12:54:19Z</time>
      </trkpt>
      <trkpt lat="43.139145" lon="-2.643968">
        <ele>287.109</ele>
        <time>2022-11-01T12:54:22Z</time>
      </trkpt>
      <trkpt lat="43.139192" lon="-2.644011">
        <ele>286.485</ele>
        <time>2022-11-01T12:54:26Z</time>
      </trkpt>
      <trkpt lat="43.139210" lon="-2.644074">
        <ele>285.765</ele>
        <time>2022-11-01T12:54:29Z</time>
      </trkpt>
      <trkpt lat="43.139217" lon="-2.644149">
        <ele>284.852</ele>
        <time>2022-11-01T12:54:32Z</time>
      </trkpt>
      <trkpt lat="43.139214" lon="-2.644211">
        <ele>283.754</ele>
        <time>2022-11-01T12:54:35Z</time>
      </trkpt>
      <trkpt lat="43.139199" lon="-2.644284">
        <ele>282.811</ele>
        <time>2022-11-01T12:54:40Z</time>
      </trkpt>
      <trkpt lat="43.139184" lon="-2.644357">
        <ele>281.687</ele>
        <time>2022-11-01T12:54:44Z</time>
      </trkpt>
      <trkpt lat="43.139177" lon="-2.644419">
        <ele>280.195</ele>
        <time>2022-11-01T12:54:47Z</time>
      </trkpt>
      <trkpt lat="43.139185" lon="-2.644487">
        <ele>278.211</ele>
        <time>2022-11-01T12:54:51Z</time>
      </trkpt>
      <trkpt lat="43.139208" lon="-2.644557">
        <ele>276.853</ele>
        <time>2022-11-01T12:54:55Z</time>
      </trkpt>
      <trkpt lat="43.139231" lon="-2.644610">
        <ele>276.733</ele>
        <time>2022-11-01T12:54:58Z</time>
      </trkpt>
      <trkpt lat="43.139264" lon="-2.644658">
        <ele>276.523</ele>
        <time>2022-11-01T12:55:02Z</time>
      </trkpt>
      <trkpt lat="43.139307" lon="-2.644690">
        <ele>275.915</ele>
        <time>2022-11-01T12:55:05Z</time>
      </trkpt>
      <trkpt lat="43.139349" lon="-2.644717">
        <ele>274.609</ele>
        <time>2022-11-01T12:55:08Z</time>
      </trkpt>
      <trkpt lat="43.139402" lon="-2.644737">
        <ele>273.554</ele>
        <time>2022-11-01T12:55:13Z</time>
      </trkpt>
      <trkpt lat="43.139455" lon="-2.644745">
        <ele>273.064</ele>
        <time>2022-11-01T12:55:16Z</time>
      </trkpt>
      <trkpt lat="43.139503" lon="-2.644765">
        <ele>272.441</ele>
        <time>2022-11-01T12:55:19Z</time>
      </trkpt>
      <trkpt lat="43.139543" lon="-2.644818">
        <ele>271.163</ele>
        <time>2022-11-01T12:55:23Z</time>
      </trkpt>
      <trkpt lat="43.139593" lon="-2.644828">
        <ele>270.450</ele>
        <time>2022-11-01T12:55:27Z</time>
      </trkpt>
      <trkpt lat="43.139643" lon="-2.644833">
        <ele>269.726</ele>
        <time>2022-11-01T12:55:31Z</time>
      </trkpt>
      <trkpt lat="43.139688" lon="-2.644831">
        <ele>268.374</ele>
        <time>2022-11-01T12:55:34Z</time>
      </trkpt>
      <trkpt lat="43.139740" lon="-2.644851">
        <ele>267.660</ele>
        <time>2022-11-01T12:55:38Z</time>
      </trkpt>
      <trkpt lat="43.139795" lon="-2.644866">
        <ele>266.612</ele>
        <time>2022-11-01T12:55:42Z</time>
      </trkpt>
      <trkpt lat="43.139847" lon="-2.644886">
        <ele>263.896</ele>
        <time>2022-11-01T12:55:46Z</time>
      </trkpt>
      <trkpt lat="43.139892" lon="-2.644914">
        <ele>260.531</ele>
        <time>2022-11-01T12:55:51Z</time>
      </trkpt>
      <trkpt lat="43.139930" lon="-2.644957">
        <ele>258.824</ele>
        <time>2022-11-01T12:55:56Z</time>
      </trkpt>
      <trkpt lat="43.139980" lon="-2.644990">
        <ele>258.309</ele>
        <time>2022-11-01T12:56:01Z</time>
      </trkpt>
      <trkpt lat="43.140017" lon="-2.645042">
        <ele>258.030</ele>
        <time>2022-11-01T12:56:06Z</time>
      </trkpt>
      <trkpt lat="43.140097" lon="-2.645089">
        <ele>257.770</ele>
        <time>2022-11-01T12:56:15Z</time>
      </trkpt>
      <trkpt lat="43.140150" lon="-2.645056">
        <ele>266.577</ele>
        <time>2022-11-01T12:56:21Z</time>
      </trkpt>
      <trkpt lat="43.140198" lon="-2.645053">
        <ele>272.729</ele>
        <time>2022-11-01T12:56:24Z</time>
      </trkpt>
      <trkpt lat="43.140243" lon="-2.645026">
        <ele>280.056</ele>
        <time>2022-11-01T12:56:27Z</time>
      </trkpt>
      <trkpt lat="43.140283" lon="-2.644971">
        <ele>283.012</ele>
        <time>2022-11-01T12:56:31Z</time>
      </trkpt>
      <trkpt lat="43.140320" lon="-2.644924">
        <ele>284.710</ele>
        <time>2022-11-01T12:56:34Z</time>
      </trkpt>
      <trkpt lat="43.140362" lon="-2.644894">
        <ele>284.916</ele>
        <time>2022-11-01T12:56:37Z</time>
      </trkpt>
      <trkpt lat="43.140409" lon="-2.644882">
        <ele>285.888</ele>
        <time>2022-11-01T12:56:40Z</time>
      </trkpt>
      <trkpt lat="43.140462" lon="-2.644872">
        <ele>285.728</ele>
        <time>2022-11-01T12:56:44Z</time>
      </trkpt>
      <trkpt lat="43.140509" lon="-2.644862">
        <ele>285.789</ele>
        <time>2022-11-01T12:56:47Z</time>
      </trkpt>
      <trkpt lat="43.140566" lon="-2.644842">
        <ele>285.117</ele>
        <time>2022-11-01T12:56:50Z</time>
      </trkpt>
      <trkpt lat="43.140613" lon="-2.644829">
        <ele>284.209</ele>
        <time>2022-11-01T12:56:54Z</time>
      </trkpt>
      <trkpt lat="43.140663" lon="-2.644839">
        <ele>283.253</ele>
        <time>2022-11-01T12:57:00Z</time>
      </trkpt>
      <trkpt lat="43.140713" lon="-2.644854">
        <ele>281.783</ele>
        <time>2022-11-01T12:57:05Z</time>
      </trkpt>
      <trkpt lat="43.140770" lon="-2.644874">
        <ele>280.480</ele>
        <time>2022-11-01T12:57:09Z</time>
      </trkpt>
      <trkpt lat="43.140817" lon="-2.644884">
        <ele>279.962</ele>
        <time>2022-11-01T12:57:12Z</time>
      </trkpt>
      <trkpt lat="43.140865" lon="-2.644897">
        <ele>279.259</ele>
        <time>2022-11-01T12:57:14Z</time>
      </trkpt>
      <trkpt lat="43.140915" lon="-2.644895">
        <ele>278.385</ele>
        <time>2022-11-01T12:57:16Z</time>
      </trkpt>
      <trkpt lat="43.140978" lon="-2.644895">
        <ele>276.753</ele>
        <time>2022-11-01T12:57:19Z</time>
      </trkpt>
      <trkpt lat="43.141041" lon="-2.644883">
        <ele>275.219</ele>
        <time>2022-11-01T12:57:22Z</time>
      </trkpt>
      <trkpt lat="43.141094" lon="-2.644883">
        <ele>274.161</ele>
        <time>2022-11-01T12:57:24Z</time>
      </trkpt>
      <trkpt lat="43.141144" lon="-2.644873">
        <ele>273.117</ele>
        <time>2022-11-01T12:57:26Z</time>
      </trkpt>
      <trkpt lat="43.141196" lon="-2.644848">
        <ele>272.087</ele>
        <time>2022-11-01T12:57:28Z</time>
      </trkpt>
      <trkpt lat="43.141239" lon="-2.644825">
        <ele>270.115</ele>
        <time>2022-11-01T12:57:30Z</time>
      </trkpt>
      <trkpt lat="43.141289" lon="-2.644795">
        <ele>269.009</ele>
        <time>2022-11-01T12:57:32Z</time>
      </trkpt>
      <trkpt lat="43.141336" lon="-2.644762">
        <ele>267.842</ele>
        <time>2022-11-01T12:57:34Z</time>
      </trkpt>
      <trkpt lat="43.141378" lon="-2.644720">
        <ele>266.952</ele>
        <time>2022-11-01T12:57:36Z</time>
      </trkpt>
      <trkpt lat="43.141425" lon="-2.644678">
        <ele>266.259</ele>
        <time>2022-11-01T12:57:38Z</time>
      </trkpt>
      <trkpt lat="43.141472" lon="-2.644636">
        <ele>264.681</ele>
        <time>2022-11-01T12:57:40Z</time>
      </trkpt>
      <trkpt lat="43.141525" lon="-2.644591">
        <ele>263.468</ele>
        <time>2022-11-01T12:57:42Z</time>
      </trkpt>
      <trkpt lat="43.141575" lon="-2.644548">
        <ele>262.044</ele>
        <time>2022-11-01T12:57:44Z</time>
      </trkpt>
      <trkpt lat="43.141620" lon="-2.644516">
        <ele>260.642</ele>
        <time>2022-11-01T12:57:46Z</time>
      </trkpt>
      <trkpt lat="43.141672" lon="-2.644494">
        <ele>259.278</ele>
        <time>2022-11-01T12:57:48Z</time>
      </trkpt>
      <trkpt lat="43.141722" lon="-2.644494">
        <ele>258.320</ele>
        <time>2022-11-01T12:57:50Z</time>
      </trkpt>
      <trkpt lat="43.141772" lon="-2.644516">
        <ele>256.622</ele>
        <time>2022-11-01T12:57:52Z</time>
      </trkpt>
      <trkpt lat="43.141824" lon="-2.644546">
        <ele>255.862</ele>
        <time>2022-11-01T12:57:54Z</time>
      </trkpt>
      <trkpt lat="43.141872" lon="-2.644586">
        <ele>254.708</ele>
        <time>2022-11-01T12:57:56Z</time>
      </trkpt>
      <trkpt lat="43.141914" lon="-2.644634">
        <ele>252.109</ele>
        <time>2022-11-01T12:57:58Z</time>
      </trkpt>
      <trkpt lat="43.141944" lon="-2.644681">
        <ele>249.453</ele>
        <time>2022-11-01T12:58:01Z</time>
      </trkpt>
      <trkpt lat="43.141984" lon="-2.644726">
        <ele>245.023</ele>
        <time>2022-11-01T12:58:07Z</time>
      </trkpt>
      <trkpt lat="43.142016" lon="-2.644798">
        <ele>244.450</ele>
        <time>2022-11-01T12:58:11Z</time>
      </trkpt>
      <trkpt lat="43.142044" lon="-2.644853">
        <ele>244.532</ele>
        <time>2022-11-01T12:58:14Z</time>
      </trkpt>
      <trkpt lat="43.142074" lon="-2.644908">
        <ele>244.449</ele>
        <time>2022-11-01T12:58:17Z</time>
      </trkpt>
      <trkpt lat="43.142102" lon="-2.644970">
        <ele>244.015</ele>
        <time>2022-11-01T12:58:20Z</time>
      </trkpt>
      <trkpt lat="43.142127" lon="-2.645033">
        <ele>244.043</ele>
        <time>2022-11-01T12:58:23Z</time>
      </trkpt>
      <trkpt lat="43.142162" lon="-2.645091">
        <ele>243.959</ele>
        <time>2022-11-01T12:58:26Z</time>
      </trkpt>
      <trkpt lat="43.142187" lon="-2.645159">
        <ele>243.621</ele>
        <time>2022-11-01T12:58:30Z</time>
      </trkpt>
      <trkpt lat="43.142192" lon="-2.645237">
        <ele>243.017</ele>
        <time>2022-11-01T12:58:34Z</time>
      </trkpt>
      <trkpt lat="43.142182" lon="-2.645322">
        <ele>241.087</ele>
        <time>2022-11-01T12:58:37Z</time>
      </trkpt>
      <trkpt lat="43.142185" lon="-2.645392">
        <ele>240.915</ele>
        <time>2022-11-01T12:58:39Z</time>
      </trkpt>
      <trkpt lat="43.142178" lon="-2.645457">
        <ele>240.809</ele>
        <time>2022-11-01T12:58:41Z</time>
      </trkpt>
      <trkpt lat="43.142170" lon="-2.645527">
        <ele>240.742</ele>
        <time>2022-11-01T12:58:43Z</time>
      </trkpt>
      <trkpt lat="43.142153" lon="-2.645585">
        <ele>241.572</ele>
        <time>2022-11-01T12:58:45Z</time>
      </trkpt>
      <trkpt lat="43.142143" lon="-2.645667">
        <ele>243.419</ele>
        <time>2022-11-01T12:58:49Z</time>
      </trkpt>
      <trkpt lat="43.142120" lon="-2.645735">
        <ele>243.911</ele>
        <time>2022-11-01T12:58:54Z</time>
      </trkpt>
      <trkpt lat="43.142112" lon="-2.645803">
        <ele>244.328</ele>
        <time>2022-11-01T12:58:58Z</time>
      </trkpt>
      <trkpt lat="43.142115" lon="-2.645873">
        <ele>244.244</ele>
        <time>2022-11-01T12:59:01Z</time>
      </trkpt>
      <trkpt lat="43.142113" lon="-2.645945">
        <ele>244.242</ele>
        <time>2022-11-01T12:59:05Z</time>
      </trkpt>
      <trkpt lat="43.142118" lon="-2.646013">
        <ele>244.738</ele>
        <time>2022-11-01T12:59:09Z</time>
      </trkpt>
      <trkpt lat="43.142115" lon="-2.646076">
        <ele>245.020</ele>
        <time>2022-11-01T12:59:13Z</time>
      </trkpt>
      <trkpt lat="43.142128" lon="-2.646144">
        <ele>250.164</ele>
        <time>2022-11-01T12:59:33Z</time>
      </trkpt>
      <trkpt lat="43.142151" lon="-2.646199">
        <ele>252.506</ele>
        <time>2022-11-01T12:59:37Z</time>
      </trkpt>
      <trkpt lat="43.142176" lon="-2.646252">
        <ele>253.416</ele>
        <time>2022-11-01T12:59:40Z</time>
      </trkpt>
      <trkpt lat="43.142184" lon="-2.646319">
        <ele>253.509</ele>
        <time>2022-11-01T12:59:43Z</time>
      </trkpt>
      <trkpt lat="43.142156" lon="-2.646382">
        <ele>253.597</ele>
        <time>2022-11-01T12:59:47Z</time>
      </trkpt>
      <trkpt lat="43.142116" lon="-2.646439">
        <ele>253.417</ele>
        <time>2022-11-01T12:59:50Z</time>
      </trkpt>
      <trkpt lat="43.142073" lon="-2.646477">
        <ele>253.554</ele>
        <time>2022-11-01T12:59:54Z</time>
      </trkpt>
      <trkpt lat="43.142028" lon="-2.646522">
        <ele>253.556</ele>
        <time>2022-11-01T12:59:57Z</time>
      </trkpt>
      <trkpt lat="43.141971" lon="-2.646547">
        <ele>253.813</ele>
        <time>2022-11-01T13:00:01Z</time>
      </trkpt>
      <trkpt lat="43.141918" lon="-2.646574">
        <ele>255.369</ele>
        <time>2022-11-01T13:00:05Z</time>
      </trkpt>
      <trkpt lat="43.141875" lon="-2.646626">
        <ele>256.527</ele>
        <time>2022-11-01T13:00:09Z</time>
      </trkpt>
      <trkpt lat="43.141823" lon="-2.646649">
        <ele>256.773</ele>
        <time>2022-11-01T13:00:12Z</time>
      </trkpt>
      <trkpt lat="43.141793" lon="-2.646696">
        <ele>256.875</ele>
        <time>2022-11-01T13:00:16Z</time>
      </trkpt>
      <trkpt lat="43.141755" lon="-2.646753">
        <ele>257.087</ele>
        <time>2022-11-01T13:00:21Z</time>
      </trkpt>
      <trkpt lat="43.141738" lon="-2.646813">
        <ele>257.442</ele>
        <time>2022-11-01T13:00:24Z</time>
      </trkpt>
      <trkpt lat="43.141698" lon="-2.646870">
        <ele>258.926</ele>
        <time>2022-11-01T13:00:28Z</time>
      </trkpt>
      <trkpt lat="43.141665" lon="-2.646918">
        <ele>259.009</ele>
        <time>2022-11-01T13:00:31Z</time>
      </trkpt>
      <trkpt lat="43.141622" lon="-2.646958">
        <ele>259.699</ele>
        <time>2022-11-01T13:00:37Z</time>
      </trkpt>
      <trkpt lat="43.141590" lon="-2.647011">
        <ele>260.079</ele>
        <time>2022-11-01T13:00:41Z</time>
      </trkpt>
      <trkpt lat="43.141555" lon="-2.647054">
        <ele>260.746</ele>
        <time>2022-11-01T13:00:43Z</time>
      </trkpt>
      <trkpt lat="43.141510" lon="-2.647089">
        <ele>261.588</ele>
        <time>2022-11-01T13:00:46Z</time>
      </trkpt>
      <trkpt lat="43.141463" lon="-2.647129">
        <ele>261.585</ele>
        <time>2022-11-01T13:00:51Z</time>
      </trkpt>
      <trkpt lat="43.141441" lon="-2.647196">
        <ele>261.871</ele>
        <time>2022-11-01T13:00:55Z</time>
      </trkpt>
      <trkpt lat="43.141409" lon="-2.647263">
        <ele>262.049</ele>
        <time>2022-11-01T13:00:59Z</time>
      </trkpt>
      <trkpt lat="43.141371" lon="-2.647306">
        <ele>262.475</ele>
        <time>2022-11-01T13:01:02Z</time>
      </trkpt>
      <trkpt lat="43.141339" lon="-2.647354">
        <ele>262.467</ele>
        <time>2022-11-01T13:01:05Z</time>
      </trkpt>
      <trkpt lat="43.141296" lon="-2.647382">
        <ele>262.492</ele>
        <time>2022-11-01T13:01:08Z</time>
      </trkpt>
      <trkpt lat="43.141248" lon="-2.647417">
        <ele>261.373</ele>
        <time>2022-11-01T13:01:12Z</time>
      </trkpt>
      <trkpt lat="43.141230" lon="-2.647484">
        <ele>258.620</ele>
        <time>2022-11-01T13:01:15Z</time>
      </trkpt>
      <trkpt lat="43.141210" lon="-2.647559">
        <ele>258.209</ele>
        <time>2022-11-01T13:01:19Z</time>
      </trkpt>
      <trkpt lat="43.141167" lon="-2.647602">
        <ele>257.350</ele>
        <time>2022-11-01T13:01:23Z</time>
      </trkpt>
      <trkpt lat="43.141137" lon="-2.647655">
        <ele>257.140</ele>
        <time>2022-11-01T13:01:26Z</time>
      </trkpt>
      <trkpt lat="43.141107" lon="-2.647707">
        <ele>256.357</ele>
        <time>2022-11-01T13:01:29Z</time>
      </trkpt>
      <trkpt lat="43.141079" lon="-2.647759">
        <ele>256.049</ele>
        <time>2022-11-01T13:01:32Z</time>
      </trkpt>
      <trkpt lat="43.141047" lon="-2.647814">
        <ele>256.046</ele>
        <time>2022-11-01T13:01:38Z</time>
      </trkpt>
      <trkpt lat="43.141020" lon="-2.647867">
        <ele>255.982</ele>
        <time>2022-11-01T13:01:41Z</time>
      </trkpt>
      <trkpt lat="43.141002" lon="-2.647944">
        <ele>255.820</ele>
        <time>2022-11-01T13:01:45Z</time>
      </trkpt>
      <trkpt lat="43.140977" lon="-2.648001">
        <ele>255.846</ele>
        <time>2022-11-01T13:01:48Z</time>
      </trkpt>
      <trkpt lat="43.140945" lon="-2.648066">
        <ele>254.168</ele>
        <time>2022-11-01T13:01:53Z</time>
      </trkpt>
      <trkpt lat="43.140917" lon="-2.648123">
        <ele>253.846</ele>
        <time>2022-11-01T13:01:58Z</time>
      </trkpt>
      <trkpt lat="43.140887" lon="-2.648175">
        <ele>253.488</ele>
        <time>2022-11-01T13:02:02Z</time>
      </trkpt>
      <trkpt lat="43.140852" lon="-2.648245">
        <ele>253.316</ele>
        <time>2022-11-01T13:02:06Z</time>
      </trkpt>
      <trkpt lat="43.140815" lon="-2.648315">
        <ele>253.709</ele>
        <time>2022-11-01T13:02:09Z</time>
      </trkpt>
      <trkpt lat="43.140793" lon="-2.648373">
        <ele>253.945</ele>
        <time>2022-11-01T13:02:12Z</time>
      </trkpt>
      <trkpt lat="43.140765" lon="-2.648430">
        <ele>256.245</ele>
        <time>2022-11-01T13:02:15Z</time>
      </trkpt>
      <trkpt lat="43.140727" lon="-2.648467">
        <ele>257.842</ele>
        <time>2022-11-01T13:02:18Z</time>
      </trkpt>
      <trkpt lat="43.140699" lon="-2.648520">
        <ele>258.854</ele>
        <time>2022-11-01T13:02:22Z</time>
      </trkpt>
      <trkpt lat="43.140669" lon="-2.648578">
        <ele>260.061</ele>
        <time>2022-11-01T13:02:26Z</time>
      </trkpt>
      <trkpt lat="43.140644" lon="-2.648638">
        <ele>260.037</ele>
        <time>2022-11-01T13:02:30Z</time>
      </trkpt>
      <trkpt lat="43.140617" lon="-2.648703">
        <ele>259.995</ele>
        <time>2022-11-01T13:02:34Z</time>
      </trkpt>
      <trkpt lat="43.140579" lon="-2.648775">
        <ele>259.881</ele>
        <time>2022-11-01T13:02:37Z</time>
      </trkpt>
      <trkpt lat="43.140556" lon="-2.648828">
        <ele>259.873</ele>
        <time>2022-11-01T13:02:40Z</time>
      </trkpt>
      <trkpt lat="43.140528" lon="-2.648876">
        <ele>259.866</ele>
        <time>2022-11-01T13:02:43Z</time>
      </trkpt>
      <trkpt lat="43.140490" lon="-2.648921">
        <ele>260.429</ele>
        <time>2022-11-01T13:02:47Z</time>
      </trkpt>
      <trkpt lat="43.140468" lon="-2.648989">
        <ele>262.421</ele>
        <time>2022-11-01T13:02:51Z</time>
      </trkpt>
      <trkpt lat="43.140446" lon="-2.649052">
        <ele>262.909</ele>
        <time>2022-11-01T13:02:54Z</time>
      </trkpt>
      <trkpt lat="43.140434" lon="-2.649124">
        <ele>264.367</ele>
        <time>2022-11-01T13:02:58Z</time>
      </trkpt>
      <trkpt lat="43.140419" lon="-2.649186">
        <ele>265.247</ele>
        <time>2022-11-01T13:03:02Z</time>
      </trkpt>
      <trkpt lat="43.140397" lon="-2.649251">
        <ele>265.494</ele>
        <time>2022-11-01T13:03:05Z</time>
      </trkpt>
      <trkpt lat="43.140372" lon="-2.649323">
        <ele>265.686</ele>
        <time>2022-11-01T13:03:09Z</time>
      </trkpt>
      <trkpt lat="43.140372" lon="-2.649388">
        <ele>265.873</ele>
        <time>2022-11-01T13:03:12Z</time>
      </trkpt>
      <trkpt lat="43.140365" lon="-2.649475">
        <ele>266.379</ele>
        <time>2022-11-01T13:03:15Z</time>
      </trkpt>
      <trkpt lat="43.140363" lon="-2.649542">
        <ele>267.187</ele>
        <time>2022-11-01T13:03:18Z</time>
      </trkpt>
      <trkpt lat="43.140355" lon="-2.649617">
        <ele>267.533</ele>
        <time>2022-11-01T13:03:22Z</time>
      </trkpt>
      <trkpt lat="43.140335" lon="-2.649679">
        <ele>268.135</ele>
        <time>2022-11-01T13:03:25Z</time>
      </trkpt>
      <trkpt lat="43.140322" lon="-2.649754">
        <ele>268.645</ele>
        <time>2022-11-01T13:03:29Z</time>
      </trkpt>
      <trkpt lat="43.140315" lon="-2.649831">
        <ele>269.247</ele>
        <time>2022-11-01T13:03:33Z</time>
      </trkpt>
      <trkpt lat="43.140303" lon="-2.649908">
        <ele>270.411</ele>
        <time>2022-11-01T13:03:37Z</time>
      </trkpt>
      <trkpt lat="43.140290" lon="-2.649973">
        <ele>271.009</ele>
        <time>2022-11-01T13:03:41Z</time>
      </trkpt>
      <trkpt lat="43.140267" lon="-2.650045">
        <ele>271.295</ele>
        <time>2022-11-01T13:03:45Z</time>
      </trkpt>
      <trkpt lat="43.140249" lon="-2.650113">
        <ele>271.275</ele>
        <time>2022-11-01T13:03:49Z</time>
      </trkpt>
      <trkpt lat="43.140236" lon="-2.650185">
        <ele>271.312</ele>
        <time>2022-11-01T13:03:53Z</time>
      </trkpt>
      <trkpt lat="43.140219" lon="-2.650248">
        <ele>271.324</ele>
        <time>2022-11-01T13:03:57Z</time>
      </trkpt>
      <trkpt lat="43.140229" lon="-2.650313">
        <ele>271.851</ele>
        <time>2022-11-01T13:04:01Z</time>
      </trkpt>
      <trkpt lat="43.140207" lon="-2.650371">
        <ele>273.057</ele>
        <time>2022-11-01T13:04:07Z</time>
      </trkpt>
      <trkpt lat="43.140197" lon="-2.650441">
        <ele>273.595</ele>
        <time>2022-11-01T13:04:12Z</time>
      </trkpt>
      <trkpt lat="43.140202" lon="-2.650579">
        <ele>273.661</ele>
        <time>2022-11-01T13:04:19Z</time>
      </trkpt>
      <trkpt lat="43.140180" lon="-2.650681">
        <ele>273.913</ele>
        <time>2022-11-01T13:04:26Z</time>
      </trkpt>
      <trkpt lat="43.140167" lon="-2.650749">
        <ele>274.536</ele>
        <time>2022-11-01T13:04:31Z</time>
      </trkpt>
      <trkpt lat="43.140170" lon="-2.650824">
        <ele>274.817</ele>
        <time>2022-11-01T13:04:35Z</time>
      </trkpt>
      <trkpt lat="43.140190" lon="-2.650884">
        <ele>275.218</ele>
        <time>2022-11-01T13:04:39Z</time>
      </trkpt>
      <trkpt lat="43.140218" lon="-2.650962">
        <ele>276.109</ele>
        <time>2022-11-01T13:04:42Z</time>
      </trkpt>
      <trkpt lat="43.140231" lon="-2.651037">
        <ele>277.244</ele>
        <time>2022-11-01T13:04:45Z</time>
      </trkpt>
      <trkpt lat="43.140259" lon="-2.651094">
        <ele>278.774</ele>
        <time>2022-11-01T13:04:48Z</time>
      </trkpt>
      <trkpt lat="43.140286" lon="-2.651152">
        <ele>279.661</ele>
        <time>2022-11-01T13:04:51Z</time>
      </trkpt>
      <trkpt lat="43.140299" lon="-2.651232">
        <ele>279.743</ele>
        <time>2022-11-01T13:04:54Z</time>
      </trkpt>
      <trkpt lat="43.140334" lon="-2.651277">
        <ele>279.710</ele>
        <time>2022-11-01T13:04:57Z</time>
      </trkpt>
      <trkpt lat="43.140361" lon="-2.651349">
        <ele>279.576</ele>
        <time>2022-11-01T13:05:02Z</time>
      </trkpt>
      <trkpt lat="43.140373" lon="-2.651424">
        <ele>278.074</ele>
        <time>2022-11-01T13:05:07Z</time>
      </trkpt>
      <trkpt lat="43.140398" lon="-2.651486">
        <ele>276.610</ele>
        <time>2022-11-01T13:05:10Z</time>
      </trkpt>
      <trkpt lat="43.140421" lon="-2.651549">
        <ele>275.542</ele>
        <time>2022-11-01T13:05:13Z</time>
      </trkpt>
      <trkpt lat="43.140446" lon="-2.651612">
        <ele>274.598</ele>
        <time>2022-11-01T13:05:16Z</time>
      </trkpt>
      <trkpt lat="43.140468" lon="-2.651670">
        <ele>271.915</ele>
        <time>2022-11-01T13:05:19Z</time>
      </trkpt>
      <trkpt lat="43.140475" lon="-2.651733">
        <ele>270.326</ele>
        <time>2022-11-01T13:05:22Z</time>
      </trkpt>
      <trkpt lat="43.140475" lon="-2.651803">
        <ele>269.009</ele>
        <time>2022-11-01T13:05:25Z</time>
      </trkpt>
      <trkpt lat="43.140512" lon="-2.651846">
        <ele>265.850</ele>
        <time>2022-11-01T13:05:30Z</time>
      </trkpt>
      <trkpt lat="43.140529" lon="-2.651911">
        <ele>263.050</ele>
        <time>2022-11-01T13:05:35Z</time>
      </trkpt>
      <trkpt lat="43.140511" lon="-2.651969">
        <ele>259.777</ele>
        <time>2022-11-01T13:05:38Z</time>
      </trkpt>
      <trkpt lat="43.140548" lon="-2.652009">
        <ele>257.279</ele>
        <time>2022-11-01T13:05:43Z</time>
      </trkpt>
      <trkpt lat="43.140603" lon="-2.652059">
        <ele>255.516</ele>
        <time>2022-11-01T13:05:46Z</time>
      </trkpt>
      <trkpt lat="43.140601" lon="-2.652164">
        <ele>254.792</ele>
        <time>2022-11-01T13:05:48Z</time>
      </trkpt>
      <trkpt lat="43.140554" lon="-2.652161">
        <ele>257.070</ele>
        <time>2022-11-01T13:05:54Z</time>
      </trkpt>
      <trkpt lat="43.140511" lon="-2.652181">
        <ele>257.336</ele>
        <time>2022-11-01T13:05:57Z</time>
      </trkpt>
      <trkpt lat="43.140466" lon="-2.652203">
        <ele>258.848</ele>
        <time>2022-11-01T13:06:01Z</time>
      </trkpt>
      <trkpt lat="43.140424" lon="-2.652233">
        <ele>259.757</ele>
        <time>2022-11-01T13:06:05Z</time>
      </trkpt>
      <trkpt lat="43.140382" lon="-2.652261">
        <ele>261.400</ele>
        <time>2022-11-01T13:06:09Z</time>
      </trkpt>
      <trkpt lat="43.140345" lon="-2.652319">
        <ele>262.720</ele>
        <time>2022-11-01T13:06:13Z</time>
      </trkpt>
      <trkpt lat="43.140310" lon="-2.652362">
        <ele>263.209</ele>
        <time>2022-11-01T13:06:16Z</time>
      </trkpt>
      <trkpt lat="43.140275" lon="-2.652412">
        <ele>263.896</ele>
        <time>2022-11-01T13:06:19Z</time>
      </trkpt>
      <trkpt lat="43.140242" lon="-2.652469">
        <ele>265.646</ele>
        <time>2022-11-01T13:06:23Z</time>
      </trkpt>
      <trkpt lat="43.140202" lon="-2.652501">
        <ele>265.683</ele>
        <time>2022-11-01T13:06:26Z</time>
      </trkpt>
      <trkpt lat="43.140155" lon="-2.652541">
        <ele>265.725</ele>
        <time>2022-11-01T13:06:30Z</time>
      </trkpt>
      <trkpt lat="43.140120" lon="-2.652614">
        <ele>265.332</ele>
        <time>2022-11-01T13:06:34Z</time>
      </trkpt>
      <trkpt lat="43.140085" lon="-2.652659">
        <ele>264.258</ele>
        <time>2022-11-01T13:06:36Z</time>
      </trkpt>
      <trkpt lat="43.140035" lon="-2.652706">
        <ele>262.726</ele>
        <time>2022-11-01T13:06:40Z</time>
      </trkpt>
      <trkpt lat="43.140020" lon="-2.652766">
        <ele>261.572</ele>
        <time>2022-11-01T13:06:46Z</time>
      </trkpt>
      <trkpt lat="43.139975" lon="-2.652828">
        <ele>261.534</ele>
        <time>2022-11-01T13:06:50Z</time>
      </trkpt>
      <trkpt lat="43.139922" lon="-2.652838">
        <ele>261.667</ele>
        <time>2022-11-01T13:06:54Z</time>
      </trkpt>
      <trkpt lat="43.139892" lon="-2.652895">
        <ele>262.481</ele>
        <time>2022-11-01T13:06:59Z</time>
      </trkpt>
      <trkpt lat="43.139872" lon="-2.652962">
        <ele>262.419</ele>
        <time>2022-11-01T13:07:02Z</time>
      </trkpt>
      <trkpt lat="43.139840" lon="-2.653027">
        <ele>262.509</ele>
        <time>2022-11-01T13:07:05Z</time>
      </trkpt>
      <trkpt lat="43.139792" lon="-2.653070">
        <ele>261.617</ele>
        <time>2022-11-01T13:07:09Z</time>
      </trkpt>
      <trkpt lat="43.139750" lon="-2.653117">
        <ele>260.537</ele>
        <time>2022-11-01T13:07:14Z</time>
      </trkpt>
      <trkpt lat="43.139712" lon="-2.653170">
        <ele>259.674</ele>
        <time>2022-11-01T13:07:18Z</time>
      </trkpt>
      <trkpt lat="43.139679" lon="-2.653223">
        <ele>258.656</ele>
        <time>2022-11-01T13:07:22Z</time>
      </trkpt>
      <trkpt lat="43.139639" lon="-2.653270">
        <ele>257.873</ele>
        <time>2022-11-01T13:07:25Z</time>
      </trkpt>
      <trkpt lat="43.139612" lon="-2.653320">
        <ele>257.959</ele>
        <time>2022-11-01T13:07:29Z</time>
      </trkpt>
      <trkpt lat="43.139600" lon="-2.653385">
        <ele>257.947</ele>
        <time>2022-11-01T13:07:34Z</time>
      </trkpt>
      <trkpt lat="43.139587" lon="-2.653458">
        <ele>258.833</ele>
        <time>2022-11-01T13:07:38Z</time>
      </trkpt>
      <trkpt lat="43.139549" lon="-2.653511">
        <ele>261.945</ele>
        <time>2022-11-01T13:07:43Z</time>
      </trkpt>
      <trkpt lat="43.139522" lon="-2.653581">
        <ele>263.515</ele>
        <time>2022-11-01T13:07:47Z</time>
      </trkpt>
      <trkpt lat="43.139485" lon="-2.653621">
        <ele>264.765</ele>
        <time>2022-11-01T13:07:51Z</time>
      </trkpt>
      <trkpt lat="43.139452" lon="-2.653669">
        <ele>265.911</ele>
        <time>2022-11-01T13:07:54Z</time>
      </trkpt>
      <trkpt lat="43.139409" lon="-2.653711">
        <ele>266.909</ele>
        <time>2022-11-01T13:07:57Z</time>
      </trkpt>
      <trkpt lat="43.139371" lon="-2.653748">
        <ele>267.032</ele>
        <time>2022-11-01T13:08:01Z</time>
      </trkpt>
      <trkpt lat="43.139348" lon="-2.653810">
        <ele>266.952</ele>
        <time>2022-11-01T13:08:06Z</time>
      </trkpt>
      <trkpt lat="43.139326" lon="-2.653895">
        <ele>266.289</ele>
        <time>2022-11-01T13:08:09Z</time>
      </trkpt>
      <trkpt lat="43.139309" lon="-2.653967">
        <ele>266.151</ele>
        <time>2022-11-01T13:08:12Z</time>
      </trkpt>
      <trkpt lat="43.139286" lon="-2.654024">
        <ele>266.258</ele>
        <time>2022-11-01T13:08:16Z</time>
      </trkpt>
      <trkpt lat="43.139308" lon="-2.654091">
        <ele>266.574</ele>
        <time>2022-11-01T13:08:21Z</time>
      </trkpt>
      <trkpt lat="43.139338" lon="-2.654148">
        <ele>266.632</ele>
        <time>2022-11-01T13:08:25Z</time>
      </trkpt>
      <trkpt lat="43.139353" lon="-2.654221">
        <ele>266.548</ele>
        <time>2022-11-01T13:08:29Z</time>
      </trkpt>
      <trkpt lat="43.139356" lon="-2.654284">
        <ele>266.370</ele>
        <time>2022-11-01T13:08:33Z</time>
      </trkpt>
      <trkpt lat="43.139373" lon="-2.654357">
        <ele>265.151</ele>
        <time>2022-11-01T13:08:36Z</time>
      </trkpt>
      <trkpt lat="43.139385" lon="-2.654429">
        <ele>263.601</ele>
        <time>2022-11-01T13:08:39Z</time>
      </trkpt>
      <trkpt lat="43.139388" lon="-2.654507">
        <ele>263.211</ele>
        <time>2022-11-01T13:08:43Z</time>
      </trkpt>
      <trkpt lat="43.139388" lon="-2.654569">
        <ele>262.109</ele>
        <time>2022-11-01T13:08:46Z</time>
      </trkpt>
      <trkpt lat="43.139393" lon="-2.654636">
        <ele>260.116</ele>
        <time>2022-11-01T13:08:50Z</time>
      </trkpt>
      <trkpt lat="43.139378" lon="-2.654711">
        <ele>256.286</ele>
        <time>2022-11-01T13:08:56Z</time>
      </trkpt>
      <trkpt lat="43.139371" lon="-2.654776">
        <ele>253.473</ele>
        <time>2022-11-01T13:09:00Z</time>
      </trkpt>
      <trkpt lat="43.139356" lon="-2.654841">
        <ele>250.855</ele>
        <time>2022-11-01T13:09:04Z</time>
      </trkpt>
      <trkpt lat="43.139341" lon="-2.654901">
        <ele>247.662</ele>
        <time>2022-11-01T13:09:07Z</time>
      </trkpt>
      <trkpt lat="43.139334" lon="-2.654964">
        <ele>245.418</ele>
        <time>2022-11-01T13:09:10Z</time>
      </trkpt>
      <trkpt lat="43.139331" lon="-2.655031">
        <ele>244.176</ele>
        <time>2022-11-01T13:09:13Z</time>
      </trkpt>
      <trkpt lat="43.139323" lon="-2.655096">
        <ele>242.282</ele>
        <time>2022-11-01T13:09:17Z</time>
      </trkpt>
      <trkpt lat="43.139315" lon="-2.655164">
        <ele>241.914</ele>
        <time>2022-11-01T13:09:21Z</time>
      </trkpt>
      <trkpt lat="43.139307" lon="-2.655244">
        <ele>241.665</ele>
        <time>2022-11-01T13:09:25Z</time>
      </trkpt>
      <trkpt lat="43.139310" lon="-2.655309">
        <ele>240.968</ele>
        <time>2022-11-01T13:09:28Z</time>
      </trkpt>
      <trkpt lat="43.139300" lon="-2.655377">
        <ele>240.014</ele>
        <time>2022-11-01T13:09:32Z</time>
      </trkpt>
      <trkpt lat="43.139278" lon="-2.655437">
        <ele>238.709</ele>
        <time>2022-11-01T13:09:37Z</time>
      </trkpt>
      <trkpt lat="43.139270" lon="-2.655509">
        <ele>236.057</ele>
        <time>2022-11-01T13:09:42Z</time>
      </trkpt>
      <trkpt lat="43.139263" lon="-2.655599">
        <ele>234.917</ele>
        <time>2022-11-01T13:09:45Z</time>
      </trkpt>
      <trkpt lat="43.139263" lon="-2.655667">
        <ele>233.914</ele>
        <time>2022-11-01T13:09:48Z</time>
      </trkpt>
      <trkpt lat="43.139275" lon="-2.655732">
        <ele>232.226</ele>
        <time>2022-11-01T13:09:51Z</time>
      </trkpt>
      <trkpt lat="43.139270" lon="-2.655802">
        <ele>232.033</ele>
        <time>2022-11-01T13:09:55Z</time>
      </trkpt>
      <trkpt lat="43.139262" lon="-2.655874">
        <ele>232.329</ele>
        <time>2022-11-01T13:10:00Z</time>
      </trkpt>
      <trkpt lat="43.139255" lon="-2.655951">
        <ele>233.037</ele>
        <time>2022-11-01T13:10:05Z</time>
      </trkpt>
      <trkpt lat="43.139245" lon="-2.656029">
        <ele>232.913</ele>
        <time>2022-11-01T13:10:09Z</time>
      </trkpt>
      <trkpt lat="43.139242" lon="-2.656092">
        <ele>232.855</ele>
        <time>2022-11-01T13:10:12Z</time>
      </trkpt>
      <trkpt lat="43.139235" lon="-2.656165">
        <ele>232.795</ele>
        <time>2022-11-01T13:10:15Z</time>
      </trkpt>
      <trkpt lat="43.139235" lon="-2.656233">
        <ele>232.549</ele>
        <time>2022-11-01T13:10:19Z</time>
      </trkpt>
      <trkpt lat="43.139218" lon="-2.656298">
        <ele>232.523</ele>
        <time>2022-11-01T13:10:23Z</time>
      </trkpt>
      <trkpt lat="43.139210" lon="-2.656371">
        <ele>232.709</ele>
        <time>2022-11-01T13:10:26Z</time>
      </trkpt>
      <trkpt lat="43.139212" lon="-2.656446">
        <ele>232.940</ele>
        <time>2022-11-01T13:10:29Z</time>
      </trkpt>
      <trkpt lat="43.139207" lon="-2.656511">
        <ele>233.220</ele>
        <time>2022-11-01T13:10:33Z</time>
      </trkpt>
      <trkpt lat="43.139205" lon="-2.656586">
        <ele>233.367</ele>
        <time>2022-11-01T13:10:36Z</time>
      </trkpt>
      <trkpt lat="43.139197" lon="-2.656649">
        <ele>233.429</ele>
        <time>2022-11-01T13:10:40Z</time>
      </trkpt>
      <trkpt lat="43.139190" lon="-2.656711">
        <ele>234.956</ele>
        <time>2022-11-01T13:10:43Z</time>
      </trkpt>
      <trkpt lat="43.139205" lon="-2.656771">
        <ele>236.642</ele>
        <time>2022-11-01T13:10:46Z</time>
      </trkpt>
      <trkpt lat="43.139208" lon="-2.656843">
        <ele>238.260</ele>
        <time>2022-11-01T13:10:49Z</time>
      </trkpt>
      <trkpt lat="43.139201" lon="-2.656911">
        <ele>243.086</ele>
        <time>2022-11-01T13:10:53Z</time>
      </trkpt>
      <trkpt lat="43.139193" lon="-2.656983">
        <ele>243.998</ele>
        <time>2022-11-01T13:10:58Z</time>
      </trkpt>
      <trkpt lat="43.139216" lon="-2.657048">
        <ele>244.087</ele>
        <time>2022-11-01T13:11:05Z</time>
      </trkpt>
      <trkpt lat="43.139211" lon="-2.657111">
        <ele>243.742</ele>
        <time>2022-11-01T13:11:13Z</time>
      </trkpt>
      <trkpt lat="43.139206" lon="-2.657174">
        <ele>242.626</ele>
        <time>2022-11-01T13:11:17Z</time>
      </trkpt>
      <trkpt lat="43.139199" lon="-2.657241">
        <ele>242.609</ele>
        <time>2022-11-01T13:11:20Z</time>
      </trkpt>
      <trkpt lat="43.139206" lon="-2.657303">
        <ele>242.629</ele>
        <time>2022-11-01T13:11:23Z</time>
      </trkpt>
      <trkpt lat="43.139204" lon="-2.657376">
        <ele>242.549</ele>
        <time>2022-11-01T13:11:27Z</time>
      </trkpt>
      <trkpt lat="43.139202" lon="-2.657451">
        <ele>243.166</ele>
        <time>2022-11-01T13:11:30Z</time>
      </trkpt>
      <trkpt lat="43.139197" lon="-2.657518">
        <ele>243.168</ele>
        <time>2022-11-01T13:11:33Z</time>
      </trkpt>
      <trkpt lat="43.139185" lon="-2.657583">
        <ele>243.315</ele>
        <time>2022-11-01T13:11:36Z</time>
      </trkpt>
      <trkpt lat="43.139162" lon="-2.657660">
        <ele>243.691</ele>
        <time>2022-11-01T13:11:40Z</time>
      </trkpt>
      <trkpt lat="43.139155" lon="-2.657733">
        <ele>244.029</ele>
        <time>2022-11-01T13:11:44Z</time>
      </trkpt>
      <trkpt lat="43.139133" lon="-2.657806">
        <ele>244.585</ele>
        <time>2022-11-01T13:11:48Z</time>
      </trkpt>
      <trkpt lat="43.139121" lon="-2.657868">
        <ele>244.737</ele>
        <time>2022-11-01T13:11:51Z</time>
      </trkpt>
      <trkpt lat="43.139108" lon="-2.657931">
        <ele>244.837</ele>
        <time>2022-11-01T13:11:55Z</time>
      </trkpt>
      <trkpt lat="43.139078" lon="-2.657989">
        <ele>245.449</ele>
        <time>2022-11-01T13:11:59Z</time>
      </trkpt>
      <trkpt lat="43.139040" lon="-2.658049">
        <ele>245.513</ele>
        <time>2022-11-01T13:12:02Z</time>
      </trkpt>
      <trkpt lat="43.139015" lon="-2.658102">
        <ele>245.809</ele>
        <time>2022-11-01T13:12:04Z</time>
      </trkpt>
      <trkpt lat="43.138985" lon="-2.658174">
        <ele>246.164</ele>
        <time>2022-11-01T13:12:07Z</time>
      </trkpt>
      <trkpt lat="43.138953" lon="-2.658229">
        <ele>246.224</ele>
        <time>2022-11-01T13:12:10Z</time>
      </trkpt>
      <trkpt lat="43.138961" lon="-2.658296">
        <ele>249.231</ele>
        <time>2022-11-01T13:12:16Z</time>
      </trkpt>
      <trkpt lat="43.138993" lon="-2.658343">
        <ele>252.563</ele>
        <time>2022-11-01T13:12:20Z</time>
      </trkpt>
      <trkpt lat="43.138993" lon="-2.658418">
        <ele>254.910</ele>
        <time>2022-11-01T13:12:24Z</time>
      </trkpt>
      <trkpt lat="43.138960" lon="-2.658473">
        <ele>256.736</ele>
        <time>2022-11-01T13:12:27Z</time>
      </trkpt>
      <trkpt lat="43.138937" lon="-2.658528">
        <ele>258.564</ele>
        <time>2022-11-01T13:12:30Z</time>
      </trkpt>
      <trkpt lat="43.138904" lon="-2.658583">
        <ele>263.130</ele>
        <time>2022-11-01T13:12:35Z</time>
      </trkpt>
      <trkpt lat="43.138882" lon="-2.658651">
        <ele>265.762</ele>
        <time>2022-11-01T13:12:40Z</time>
      </trkpt>
      <trkpt lat="43.138847" lon="-2.658703">
        <ele>266.372</ele>
        <time>2022-11-01T13:12:44Z</time>
      </trkpt>
      <trkpt lat="43.138812" lon="-2.658763">
        <ele>266.613</ele>
        <time>2022-11-01T13:12:49Z</time>
      </trkpt>
      <trkpt lat="43.138767" lon="-2.658813">
        <ele>266.514</ele>
        <time>2022-11-01T13:12:53Z</time>
      </trkpt>
      <trkpt lat="43.138732" lon="-2.658853">
        <ele>266.609</ele>
        <time>2022-11-01T13:12:57Z</time>
      </trkpt>
      <trkpt lat="43.138709" lon="-2.658911">
        <ele>266.518</ele>
        <time>2022-11-01T13:13:00Z</time>
      </trkpt>
      <trkpt lat="43.138686" lon="-2.658974">
        <ele>265.648</ele>
        <time>2022-11-01T13:13:04Z</time>
      </trkpt>
      <trkpt lat="43.138693" lon="-2.659037">
        <ele>264.685</ele>
        <time>2022-11-01T13:13:07Z</time>
      </trkpt>
      <trkpt lat="43.138731" lon="-2.659094">
        <ele>261.387</ele>
        <time>2022-11-01T13:13:11Z</time>
      </trkpt>
      <trkpt lat="43.138773" lon="-2.659144">
        <ele>258.734</ele>
        <time>2022-11-01T13:13:16Z</time>
      </trkpt>
    </trkseg>
  </trk></gpx>