<?xml version="1.0" encoding="UTF-8"?>
<gpx creator="Wikiloc - https://www.wikiloc.com" version="1.1" xmlns="http://www.topografix.com/GPX/1/1" xmlns:xsi="http://www.w3.org/2001/XMLSchema-instance" xsi:schemaLocation="http://www.topografix.com/GPX/1/1 http://www.topografix.com/GPX/1/1/gpx.xsd">
  <metadata>
    <name>Wikiloc - CASCADA de IXKIER y RUTA de los 3 PUENTES desde Lekunberri</name>
    <author>
      <name>RUTAS por el MONTE BLOG</name>
      <link href="https://www.wikiloc.com/wikiloc/user.do?id=4600824">
        <text>RUTAS por el MONTE BLOG on Wikiloc</text>
      </link>
    </author>
    <link href="https://www.wikiloc.com/hiking-trails/cascada-de-ixkier-y-ruta-de-los-3-puentes-desde-lekunberri-138716040">
      <text>CASCADA de IXKIER y RUTA de los 3 PUENTES desde Lekunberri on Wikiloc</text>
    </link>
    <time>2023-06-25T11:49:15Z</time>
  </metadata>
  <wpt lat="43.000978" lon="-1.891395">
    <ele>578.9</ele>
    <time>2023-06-25T08:41:49Z</time>
    <name>Aparcamos en Lekunberri</name>
    <cmt></cmt>
    <desc></desc>
  </wpt>
  <wpt lat="42.999838" lon="-1.889355">
    <ele>568.9</ele>
    <time>2023-06-25T08:45:42Z</time>
    <name>Cruzamos, pasamos junto al ayuntamiento y seguimos subiendo junto a la carretera</name>
    <cmt></cmt>
    <desc></desc>
  </wpt>
  <wpt lat="42.998997" lon="-1.888388">
    <ele>572.9</ele>
    <time>2023-06-25T08:48:51Z</time>
    <name>Derecha, tomar vía verde de Plazaola</name>
    <cmt></cmt>
    <desc></desc>
  </wpt>
  <wpt lat="42.996573" lon="-1.889078">
    <ele>569.2</ele>
    <time>2023-06-25T08:53:04Z</time>
    <name>Manantial de Unanua</name>
    <cmt></cmt>
    <desc></desc>
  </wpt>
  <wpt lat="42.993122" lon="-1.889467">
    <ele>561.0</ele>
    <time>2023-06-25T09:00:50Z</time>
    <name>Río Larraun</name>
    <cmt></cmt>
    <desc></desc>
  </wpt>
  <wpt lat="42.989413" lon="-1.886727">
    <ele>563.5</ele>
    <time>2023-06-25T09:15:37Z</time>
    <name>Seguir recto</name>
    <cmt></cmt>
    <desc></desc>
  </wpt>
  <wpt lat="42.988550" lon="-1.885257">
    <ele>573.5</ele>
    <time>2023-06-25T09:18:37Z</time>
    <name>Túnel</name>
    <cmt></cmt>
    <desc></desc>
  </wpt>
  <wpt lat="42.987863" lon="-1.882313">
    <ele>551.4</ele>
    <time>2023-06-25T09:24:07Z</time>
    <name>Derecha cascada de Ixkier</name>
    <cmt></cmt>
    <desc></desc>
  </wpt>
  <wpt lat="42.987875" lon="-1.883030">
    <ele>544.3</ele>
    <time>2023-06-25T09:42:28Z</time>
    <name>Cascada de Ixkier</name>
    <cmt></cmt>
    <desc></desc>
  </wpt>
  <wpt lat="42.986945" lon="-1.881382">
    <ele>562.0</ele>
    <time>2023-06-25T09:52:49Z</time>
    <name>Panel informativo</name>
    <cmt></cmt>
    <desc></desc>
  </wpt>
  <wpt lat="42.987030" lon="-1.880963">
    <ele>560.2</ele>
    <time>2023-06-25T09:54:13Z</time>
    <name>Derecha ruta de los tres puentes</name>
    <cmt></cmt>
    <desc></desc>
  </wpt>
  <wpt lat="42.986773" lon="-1.879268">
    <ele>541.6</ele>
    <time>2023-06-25T09:57:09Z</time>
    <name>Puente Intzoa</name>
    <cmt></cmt>
    <desc></desc>
  </wpt>
  <wpt lat="42.986482" lon="-1.879465">
    <ele>549.0</ele>
    <time>2023-06-25T10:00:59Z</time>
    <name>Izquierda, seguir poste indicativo a Iturrieta, Zubidenea, Beltzuntze</name>
    <cmt></cmt>
    <desc></desc>
  </wpt>
  <wpt lat="42.986230" lon="-1.877842">
    <ele>558.4</ele>
    <time>2023-06-25T10:04:58Z</time>
    <name>Izquierda</name>
    <cmt></cmt>
    <desc></desc>
  </wpt>
  <wpt lat="42.983325" lon="-1.870728">
    <ele>529.4</ele>
    <time>2023-06-25T10:19:17Z</time>
    <name>Cruzar el río</name>
    <cmt></cmt>
    <desc></desc>
  </wpt>
  <wpt lat="42.983197" lon="-1.870562">
    <ele>541.6</ele>
    <time>2023-06-25T10:21:03Z</time>
    <name>Pequeño puente</name>
    <cmt></cmt>
    <desc></desc>
  </wpt>
  <wpt lat="42.982527" lon="-1.868965">
    <ele>534.0</ele>
    <time>2023-06-25T10:25:50Z</time>
    <name>Puente zubidenea. Seguir recto sin cruzar el puente</name>
    <cmt></cmt>
    <desc></desc>
  </wpt>
  <wpt lat="42.981565" lon="-1.866385">
    <ele>533.9</ele>
    <time>2023-06-25T10:30:50Z</time>
    <name>Más marcas amarillas</name>
    <cmt></cmt>
    <desc></desc>
  </wpt>
  <wpt lat="42.979885" lon="-1.859770">
    <ele>531.6</ele>
    <time>2023-06-25T10:46:40Z</time>
    <name>Puente Beltzuntze, cruzarlo y girar izquierda</name>
    <cmt></cmt>
    <desc></desc>
  </wpt>
  <wpt lat="42.980423" lon="-1.859565">
    <ele>525.8</ele>
    <time>2023-06-25T10:48:41Z</time>
    <name>Etxeberriko borda, izquierda</name>
    <cmt></cmt>
    <desc></desc>
  </wpt>
  <wpt lat="42.987345" lon="-1.879963">
    <ele>551.3</ele>
    <time>2023-06-25T11:15:44Z</time>
    <name>Izquierda</name>
    <cmt></cmt>
    <desc></desc>
  </wpt>
  <wpt lat="42.989187" lon="-1.886875">
    <ele>578.9</ele>
    <time>2023-06-25T11:26:01Z</time>
    <name>Presa</name>
    <cmt></cmt>
    <desc></desc>
  </wpt>
  <trk>
    <name>CASCADA de IXKIER y RUTA de los 3 PUENTES desde Lekunberri</name>
    <cmt>Lekunberri</cmt>
    <desc>Lekunberri</desc>
    <trkseg>
      <trkpt lat="43.001213" lon="-1.891244">
        <ele>575.134</ele>
        <time>2023-06-25T08:41:24Z</time>
      </trkpt>
      <trkpt lat="43.000825" lon="-1.891182">
        <ele>575.155</ele>
        <time>2023-06-25T08:41:38Z</time>
      </trkpt>
      <trkpt lat="43.000780" lon="-1.891037">
        <ele>575.110</ele>
        <time>2023-06-25T08:41:40Z</time>
      </trkpt>
      <trkpt lat="43.001002" lon="-1.891175">
        <ele>575.109</ele>
        <time>2023-06-25T08:41:41Z</time>
      </trkpt>
      <trkpt lat="43.001055" lon="-1.891220">
        <ele>575.164</ele>
        <time>2023-06-25T08:41:42Z</time>
      </trkpt>
      <trkpt lat="43.001108" lon="-1.891493">
        <ele>575.186</ele>
        <time>2023-06-25T08:41:44Z</time>
      </trkpt>
      <trkpt lat="43.000955" lon="-1.891570">
        <ele>575.161</ele>
        <time>2023-06-25T08:41:45Z</time>
      </trkpt>
      <trkpt lat="43.000932" lon="-1.891423">
        <ele>575.190</ele>
        <time>2023-06-25T08:41:47Z</time>
      </trkpt>
      <trkpt lat="43.000979" lon="-1.891395">
        <ele>578.974</ele>
        <time>2023-06-25T08:41:49Z</time>
      </trkpt>
      <trkpt lat="43.001016" lon="-1.891350">
        <ele>581.119</ele>
        <time>2023-06-25T08:41:51Z</time>
      </trkpt>
      <trkpt lat="43.001074" lon="-1.891353">
        <ele>580.513</ele>
        <time>2023-06-25T08:41:53Z</time>
      </trkpt>
      <trkpt lat="43.001121" lon="-1.891358">
        <ele>578.417</ele>
        <time>2023-06-25T08:41:55Z</time>
      </trkpt>
      <trkpt lat="43.001169" lon="-1.891326">
        <ele>576.113</ele>
        <time>2023-06-25T08:41:59Z</time>
      </trkpt>
      <trkpt lat="43.001187" lon="-1.891263">
        <ele>573.665</ele>
        <time>2023-06-25T08:42:07Z</time>
      </trkpt>
      <trkpt lat="43.001184" lon="-1.891188">
        <ele>571.668</ele>
        <time>2023-06-25T08:42:12Z</time>
      </trkpt>
      <trkpt lat="43.001167" lon="-1.891123">
        <ele>569.714</ele>
        <time>2023-06-25T08:42:16Z</time>
      </trkpt>
      <trkpt lat="43.001147" lon="-1.891065">
        <ele>569.109</ele>
        <time>2023-06-25T08:42:20Z</time>
      </trkpt>
      <trkpt lat="43.001119" lon="-1.891017">
        <ele>568.147</ele>
        <time>2023-06-25T08:42:25Z</time>
      </trkpt>
      <trkpt lat="43.001082" lon="-1.890970">
        <ele>567.839</ele>
        <time>2023-06-25T08:42:29Z</time>
      </trkpt>
      <trkpt lat="43.001055" lon="-1.890918">
        <ele>567.564</ele>
        <time>2023-06-25T08:42:34Z</time>
      </trkpt>
      <trkpt lat="43.001030" lon="-1.890851">
        <ele>567.663</ele>
        <time>2023-06-25T08:42:39Z</time>
      </trkpt>
      <trkpt lat="43.000993" lon="-1.890803">
        <ele>567.787</ele>
        <time>2023-06-25T08:42:43Z</time>
      </trkpt>
      <trkpt lat="43.000950" lon="-1.890766">
        <ele>569.352</ele>
        <time>2023-06-25T08:42:47Z</time>
      </trkpt>
      <trkpt lat="43.000902" lon="-1.890731">
        <ele>570.696</ele>
        <time>2023-06-25T08:42:52Z</time>
      </trkpt>
      <trkpt lat="43.000857" lon="-1.890689">
        <ele>570.750</ele>
        <time>2023-06-25T08:42:57Z</time>
      </trkpt>
      <trkpt lat="43.000820" lon="-1.890646">
        <ele>571.066</ele>
        <time>2023-06-25T08:43:01Z</time>
      </trkpt>
      <trkpt lat="43.000772" lon="-1.890624">
        <ele>572.623</ele>
        <time>2023-06-25T08:43:15Z</time>
      </trkpt>
      <trkpt lat="43.000745" lon="-1.890547">
        <ele>572.983</ele>
        <time>2023-06-25T08:43:19Z</time>
      </trkpt>
      <trkpt lat="43.000715" lon="-1.890485">
        <ele>573.111</ele>
        <time>2023-06-25T08:43:23Z</time>
      </trkpt>
      <trkpt lat="43.000685" lon="-1.890432">
        <ele>572.809</ele>
        <time>2023-06-25T08:43:27Z</time>
      </trkpt>
      <trkpt lat="43.000647" lon="-1.890384">
        <ele>572.713</ele>
        <time>2023-06-25T08:43:32Z</time>
      </trkpt>
      <trkpt lat="43.000609" lon="-1.890337">
        <ele>572.835</ele>
        <time>2023-06-25T08:43:36Z</time>
      </trkpt>
      <trkpt lat="43.000577" lon="-1.890282">
        <ele>573.210</ele>
        <time>2023-06-25T08:43:40Z</time>
      </trkpt>
      <trkpt lat="43.000544" lon="-1.890230">
        <ele>573.359</ele>
        <time>2023-06-25T08:43:44Z</time>
      </trkpt>
      <trkpt lat="43.000507" lon="-1.890183">
        <ele>573.463</ele>
        <time>2023-06-25T08:43:47Z</time>
      </trkpt>
      <trkpt lat="43.000474" lon="-1.890141">
        <ele>573.538</ele>
        <time>2023-06-25T08:43:50Z</time>
      </trkpt>
      <trkpt lat="43.000432" lon="-1.890098">
        <ele>573.042</ele>
        <time>2023-06-25T08:43:53Z</time>
      </trkpt>
      <trkpt lat="43.000409" lon="-1.890021">
        <ele>572.246</ele>
        <time>2023-06-25T08:43:57Z</time>
      </trkpt>
      <trkpt lat="43.000386" lon="-1.889968">
        <ele>571.782</ele>
        <time>2023-06-25T08:44:00Z</time>
      </trkpt>
      <trkpt lat="43.000373" lon="-1.889901">
        <ele>570.555</ele>
        <time>2023-06-25T08:44:05Z</time>
      </trkpt>
      <trkpt lat="43.000350" lon="-1.889833">
        <ele>569.307</ele>
        <time>2023-06-25T08:44:11Z</time>
      </trkpt>
      <trkpt lat="43.000307" lon="-1.889776">
        <ele>568.917</ele>
        <time>2023-06-25T08:44:15Z</time>
      </trkpt>
      <trkpt lat="43.000315" lon="-1.889711">
        <ele>569.009</ele>
        <time>2023-06-25T08:44:24Z</time>
      </trkpt>
      <trkpt lat="43.000285" lon="-1.889664">
        <ele>569.296</ele>
        <time>2023-06-25T08:44:29Z</time>
      </trkpt>
      <trkpt lat="43.000243" lon="-1.889621">
        <ele>570.878</ele>
        <time>2023-06-25T08:44:33Z</time>
      </trkpt>
      <trkpt lat="43.000191" lon="-1.889604">
        <ele>570.913</ele>
        <time>2023-06-25T08:44:49Z</time>
      </trkpt>
      <trkpt lat="43.000143" lon="-1.889602">
        <ele>570.992</ele>
        <time>2023-06-25T08:44:54Z</time>
      </trkpt>
      <trkpt lat="43.000113" lon="-1.889547">
        <ele>570.936</ele>
        <time>2023-06-25T08:44:58Z</time>
      </trkpt>
      <trkpt lat="43.000081" lon="-1.889489">
        <ele>570.541</ele>
        <time>2023-06-25T08:45:03Z</time>
      </trkpt>
      <trkpt lat="43.000036" lon="-1.889446">
        <ele>570.185</ele>
        <time>2023-06-25T08:45:08Z</time>
      </trkpt>
      <trkpt lat="42.999993" lon="-1.889406">
        <ele>569.759</ele>
        <time>2023-06-25T08:45:12Z</time>
      </trkpt>
      <trkpt lat="42.999955" lon="-1.889351">
        <ele>569.595</ele>
        <time>2023-06-25T08:45:17Z</time>
      </trkpt>
      <trkpt lat="42.999930" lon="-1.889288">
        <ele>569.486</ele>
        <time>2023-06-25T08:45:27Z</time>
      </trkpt>
      <trkpt lat="42.999880" lon="-1.889315">
        <ele>569.260</ele>
        <time>2023-06-25T08:45:34Z</time>
      </trkpt>
      <trkpt lat="42.999840" lon="-1.889353">
        <ele>569.126</ele>
        <time>2023-06-25T08:45:40Z</time>
      </trkpt>
      <trkpt lat="42.999788" lon="-1.889403">
        <ele>569.209</ele>
        <time>2023-06-25T08:46:02Z</time>
      </trkpt>
      <trkpt lat="42.999756" lon="-1.889458">
        <ele>569.229</ele>
        <time>2023-06-25T08:46:06Z</time>
      </trkpt>
      <trkpt lat="42.999728" lon="-1.889510">
        <ele>569.271</ele>
        <time>2023-06-25T08:46:10Z</time>
      </trkpt>
      <trkpt lat="42.999698" lon="-1.889578">
        <ele>569.296</ele>
        <time>2023-06-25T08:46:16Z</time>
      </trkpt>
      <trkpt lat="42.999660" lon="-1.889630">
        <ele>569.235</ele>
        <time>2023-06-25T08:46:20Z</time>
      </trkpt>
      <trkpt lat="42.999613" lon="-1.889673">
        <ele>565.759</ele>
        <time>2023-06-25T08:46:26Z</time>
      </trkpt>
      <trkpt lat="42.999561" lon="-1.889683">
        <ele>565.424</ele>
        <time>2023-06-25T08:46:31Z</time>
      </trkpt>
      <trkpt lat="42.999509" lon="-1.889645">
        <ele>565.028</ele>
        <time>2023-06-25T08:46:37Z</time>
      </trkpt>
      <trkpt lat="42.999461" lon="-1.889612">
        <ele>564.052</ele>
        <time>2023-06-25T08:46:41Z</time>
      </trkpt>
      <trkpt lat="42.999421" lon="-1.889570">
        <ele>562.878</ele>
        <time>2023-06-25T08:46:45Z</time>
      </trkpt>
      <trkpt lat="42.999381" lon="-1.889525">
        <ele>561.117</ele>
        <time>2023-06-25T08:46:49Z</time>
      </trkpt>
      <trkpt lat="42.999349" lon="-1.889477">
        <ele>560.887</ele>
        <time>2023-06-25T08:46:52Z</time>
      </trkpt>
      <trkpt lat="42.999299" lon="-1.889450">
        <ele>560.715</ele>
        <time>2023-06-25T08:46:56Z</time>
      </trkpt>
      <trkpt lat="42.999259" lon="-1.889400">
        <ele>561.209</ele>
        <time>2023-06-25T08:47:01Z</time>
      </trkpt>
      <trkpt lat="42.999222" lon="-1.889343">
        <ele>562.022</ele>
        <time>2023-06-25T08:47:06Z</time>
      </trkpt>
      <trkpt lat="42.999194" lon="-1.889285">
        <ele>563.584</ele>
        <time>2023-06-25T08:47:10Z</time>
      </trkpt>
      <trkpt lat="42.999161" lon="-1.889242">
        <ele>565.659</ele>
        <time>2023-06-25T08:47:16Z</time>
      </trkpt>
      <trkpt lat="42.999124" lon="-1.889205">
        <ele>565.898</ele>
        <time>2023-06-25T08:47:25Z</time>
      </trkpt>
      <trkpt lat="42.999159" lon="-1.889158">
        <ele>565.542</ele>
        <time>2023-06-25T08:47:34Z</time>
      </trkpt>
      <trkpt lat="42.999201" lon="-1.889116">
        <ele>565.817</ele>
        <time>2023-06-25T08:47:38Z</time>
      </trkpt>
      <trkpt lat="42.999226" lon="-1.889061">
        <ele>566.031</ele>
        <time>2023-06-25T08:47:42Z</time>
      </trkpt>
      <trkpt lat="42.999251" lon="-1.889006">
        <ele>566.015</ele>
        <time>2023-06-25T08:47:46Z</time>
      </trkpt>
      <trkpt lat="42.999284" lon="-1.888956">
        <ele>565.791</ele>
        <time>2023-06-25T08:47:50Z</time>
      </trkpt>
      <trkpt lat="42.999289" lon="-1.888894">
        <ele>568.193</ele>
        <time>2023-06-25T08:47:55Z</time>
      </trkpt>
      <trkpt lat="42.999284" lon="-1.888831">
        <ele>569.865</ele>
        <time>2023-06-25T08:48:00Z</time>
      </trkpt>
      <trkpt lat="42.999306" lon="-1.888768">
        <ele>570.121</ele>
        <time>2023-06-25T08:48:06Z</time>
      </trkpt>
      <trkpt lat="42.999329" lon="-1.888691">
        <ele>571.109</ele>
        <time>2023-06-25T08:48:11Z</time>
      </trkpt>
      <trkpt lat="42.999302" lon="-1.888626">
        <ele>571.910</ele>
        <time>2023-06-25T08:48:17Z</time>
      </trkpt>
      <trkpt lat="42.999260" lon="-1.888574">
        <ele>572.142</ele>
        <time>2023-06-25T08:48:21Z</time>
      </trkpt>
      <trkpt lat="42.999217" lon="-1.888537">
        <ele>572.317</ele>
        <time>2023-06-25T08:48:26Z</time>
      </trkpt>
      <trkpt lat="42.999175" lon="-1.888495">
        <ele>572.446</ele>
        <time>2023-06-25T08:48:30Z</time>
      </trkpt>
      <trkpt lat="42.999135" lon="-1.888462">
        <ele>572.930</ele>
        <time>2023-06-25T08:48:34Z</time>
      </trkpt>
      <trkpt lat="42.999087" lon="-1.888435">
        <ele>573.235</ele>
        <time>2023-06-25T08:48:39Z</time>
      </trkpt>
      <trkpt lat="42.999044" lon="-1.888402">
        <ele>573.399</ele>
        <time>2023-06-25T08:48:43Z</time>
      </trkpt>
      <trkpt lat="42.998997" lon="-1.888385">
        <ele>573.593</ele>
        <time>2023-06-25T08:48:46Z</time>
      </trkpt>
      <trkpt lat="42.998954" lon="-1.888412">
        <ele>572.369</ele>
        <time>2023-06-25T08:49:15Z</time>
      </trkpt>
      <trkpt lat="42.998899" lon="-1.888442">
        <ele>571.884</ele>
        <time>2023-06-25T08:49:19Z</time>
      </trkpt>
      <trkpt lat="42.998861" lon="-1.888477">
        <ele>571.707</ele>
        <time>2023-06-25T08:49:21Z</time>
      </trkpt>
      <trkpt lat="42.998816" lon="-1.888509">
        <ele>571.717</ele>
        <time>2023-06-25T08:49:23Z</time>
      </trkpt>
      <trkpt lat="42.998764" lon="-1.888527">
        <ele>571.709</ele>
        <time>2023-06-25T08:49:25Z</time>
      </trkpt>
      <trkpt lat="42.998701" lon="-1.888562">
        <ele>571.469</ele>
        <time>2023-06-25T08:49:28Z</time>
      </trkpt>
      <trkpt lat="42.998654" lon="-1.888575">
        <ele>570.991</ele>
        <time>2023-06-25T08:49:31Z</time>
      </trkpt>
      <trkpt lat="42.998607" lon="-1.888597">
        <ele>570.996</ele>
        <time>2023-06-25T08:49:35Z</time>
      </trkpt>
      <trkpt lat="42.998565" lon="-1.888634">
        <ele>571.025</ele>
        <time>2023-06-25T08:49:39Z</time>
      </trkpt>
      <trkpt lat="42.998513" lon="-1.888667">
        <ele>572.019</ele>
        <time>2023-06-25T08:49:43Z</time>
      </trkpt>
      <trkpt lat="42.998468" lon="-1.888687">
        <ele>572.474</ele>
        <time>2023-06-25T08:49:47Z</time>
      </trkpt>
      <trkpt lat="42.998416" lon="-1.888709">
        <ele>572.778</ele>
        <time>2023-06-25T08:49:52Z</time>
      </trkpt>
      <trkpt lat="42.998369" lon="-1.888722">
        <ele>573.052</ele>
        <time>2023-06-25T08:49:55Z</time>
      </trkpt>
      <trkpt lat="42.998322" lon="-1.888764">
        <ele>573.248</ele>
        <time>2023-06-25T08:49:59Z</time>
      </trkpt>
      <trkpt lat="42.998272" lon="-1.888747">
        <ele>573.127</ele>
        <time>2023-06-25T08:50:04Z</time>
      </trkpt>
      <trkpt lat="42.998222" lon="-1.888719">
        <ele>572.868</ele>
        <time>2023-06-25T08:50:09Z</time>
      </trkpt>
      <trkpt lat="42.998170" lon="-1.888721">
        <ele>571.714</ele>
        <time>2023-06-25T08:50:13Z</time>
      </trkpt>
      <trkpt lat="42.998128" lon="-1.888744">
        <ele>569.609</ele>
        <time>2023-06-25T08:50:17Z</time>
      </trkpt>
      <trkpt lat="42.998100" lon="-1.888792">
        <ele>569.273</ele>
        <time>2023-06-25T08:50:24Z</time>
      </trkpt>
      <trkpt lat="42.998053" lon="-1.888792">
        <ele>569.875</ele>
        <time>2023-06-25T08:50:35Z</time>
      </trkpt>
      <trkpt lat="42.997998" lon="-1.888794">
        <ele>570.350</ele>
        <time>2023-06-25T08:50:40Z</time>
      </trkpt>
      <trkpt lat="42.997948" lon="-1.888797">
        <ele>570.669</ele>
        <time>2023-06-25T08:50:44Z</time>
      </trkpt>
      <trkpt lat="42.997898" lon="-1.888770">
        <ele>571.293</ele>
        <time>2023-06-25T08:50:49Z</time>
      </trkpt>
      <trkpt lat="42.997855" lon="-1.888742">
        <ele>573.418</ele>
        <time>2023-06-25T08:50:54Z</time>
      </trkpt>
      <trkpt lat="42.997795" lon="-1.888749">
        <ele>571.932</ele>
        <time>2023-06-25T08:51:10Z</time>
      </trkpt>
      <trkpt lat="42.997733" lon="-1.888757">
        <ele>571.326</ele>
        <time>2023-06-25T08:51:12Z</time>
      </trkpt>
      <trkpt lat="42.997671" lon="-1.888765">
        <ele>571.262</ele>
        <time>2023-06-25T08:51:14Z</time>
      </trkpt>
      <trkpt lat="42.997626" lon="-1.888767">
        <ele>571.066</ele>
        <time>2023-06-25T08:51:16Z</time>
      </trkpt>
      <trkpt lat="42.997573" lon="-1.888779">
        <ele>571.029</ele>
        <time>2023-06-25T08:51:19Z</time>
      </trkpt>
      <trkpt lat="42.997528" lon="-1.888774">
        <ele>571.021</ele>
        <time>2023-06-25T08:51:22Z</time>
      </trkpt>
      <trkpt lat="42.997481" lon="-1.888754">
        <ele>571.109</ele>
        <time>2023-06-25T08:51:27Z</time>
      </trkpt>
      <trkpt lat="42.997433" lon="-1.888771">
        <ele>571.377</ele>
        <time>2023-06-25T08:51:33Z</time>
      </trkpt>
      <trkpt lat="42.997385" lon="-1.888776">
        <ele>571.449</ele>
        <time>2023-06-25T08:51:37Z</time>
      </trkpt>
      <trkpt lat="42.997325" lon="-1.888773">
        <ele>571.924</ele>
        <time>2023-06-25T08:51:41Z</time>
      </trkpt>
      <trkpt lat="42.997278" lon="-1.888806">
        <ele>572.213</ele>
        <time>2023-06-25T08:51:47Z</time>
      </trkpt>
      <trkpt lat="42.997233" lon="-1.888801">
        <ele>572.647</ele>
        <time>2023-06-25T08:51:51Z</time>
      </trkpt>
      <trkpt lat="42.997185" lon="-1.888811">
        <ele>572.942</ele>
        <time>2023-06-25T08:51:56Z</time>
      </trkpt>
      <trkpt lat="42.997140" lon="-1.888818">
        <ele>573.026</ele>
        <time>2023-06-25T08:52:00Z</time>
      </trkpt>
      <trkpt lat="42.997085" lon="-1.888836">
        <ele>573.060</ele>
        <time>2023-06-25T08:52:05Z</time>
      </trkpt>
      <trkpt lat="42.997038" lon="-1.888849">
        <ele>572.866</ele>
        <time>2023-06-25T08:52:09Z</time>
      </trkpt>
      <trkpt lat="42.996993" lon="-1.888872">
        <ele>572.552</ele>
        <time>2023-06-25T08:52:14Z</time>
      </trkpt>
      <trkpt lat="42.996940" lon="-1.888887">
        <ele>572.153</ele>
        <time>2023-06-25T08:52:18Z</time>
      </trkpt>
      <trkpt lat="42.996890" lon="-1.888909">
        <ele>571.908</ele>
        <time>2023-06-25T08:52:22Z</time>
      </trkpt>
      <trkpt lat="42.996845" lon="-1.888942">
        <ele>571.609</ele>
        <time>2023-06-25T08:52:27Z</time>
      </trkpt>
      <trkpt lat="42.996800" lon="-1.888965">
        <ele>571.366</ele>
        <time>2023-06-25T08:52:31Z</time>
      </trkpt>
      <trkpt lat="42.996752" lon="-1.888985">
        <ele>570.828</ele>
        <time>2023-06-25T08:52:35Z</time>
      </trkpt>
      <trkpt lat="42.996707" lon="-1.889002">
        <ele>570.813</ele>
        <time>2023-06-25T08:52:39Z</time>
      </trkpt>
      <trkpt lat="42.996664" lon="-1.889050">
        <ele>570.732</ele>
        <time>2023-06-25T08:52:44Z</time>
      </trkpt>
      <trkpt lat="42.996617" lon="-1.889073">
        <ele>570.296</ele>
        <time>2023-06-25T08:52:48Z</time>
      </trkpt>
      <trkpt lat="42.996572" lon="-1.889075">
        <ele>569.621</ele>
        <time>2023-06-25T08:52:58Z</time>
      </trkpt>
      <trkpt lat="42.996554" lon="-1.889147">
        <ele>564.265</ele>
        <time>2023-06-25T08:54:05Z</time>
      </trkpt>
      <trkpt lat="42.996506" lon="-1.889147">
        <ele>564.239</ele>
        <time>2023-06-25T08:54:14Z</time>
      </trkpt>
      <trkpt lat="42.996453" lon="-1.889227">
        <ele>565.595</ele>
        <time>2023-06-25T08:55:00Z</time>
      </trkpt>
      <trkpt lat="42.996488" lon="-1.889167">
        <ele>566.335</ele>
        <time>2023-06-25T08:55:52Z</time>
      </trkpt>
      <trkpt lat="42.996430" lon="-1.889219">
        <ele>566.386</ele>
        <time>2023-06-25T08:55:56Z</time>
      </trkpt>
      <trkpt lat="42.996387" lon="-1.889274">
        <ele>566.314</ele>
        <time>2023-06-25T08:55:59Z</time>
      </trkpt>
      <trkpt lat="42.996337" lon="-1.889296">
        <ele>566.309</ele>
        <time>2023-06-25T08:56:04Z</time>
      </trkpt>
      <trkpt lat="42.996292" lon="-1.889311">
        <ele>566.364</ele>
        <time>2023-06-25T08:56:09Z</time>
      </trkpt>
      <trkpt lat="42.996249" lon="-1.889346">
        <ele>568.456</ele>
        <time>2023-06-25T08:56:15Z</time>
      </trkpt>
      <trkpt lat="42.996204" lon="-1.889384">
        <ele>568.531</ele>
        <time>2023-06-25T08:56:20Z</time>
      </trkpt>
      <trkpt lat="42.996169" lon="-1.889426">
        <ele>568.740</ele>
        <time>2023-06-25T08:56:23Z</time>
      </trkpt>
      <trkpt lat="42.996137" lon="-1.889479">
        <ele>569.294</ele>
        <time>2023-06-25T08:56:26Z</time>
      </trkpt>
      <trkpt lat="42.996092" lon="-1.889526">
        <ele>570.349</ele>
        <time>2023-06-25T08:56:30Z</time>
      </trkpt>
      <trkpt lat="42.996049" lon="-1.889561">
        <ele>571.243</ele>
        <time>2023-06-25T08:56:34Z</time>
      </trkpt>
      <trkpt lat="42.996004" lon="-1.889594">
        <ele>571.847</ele>
        <time>2023-06-25T08:56:38Z</time>
      </trkpt>
      <trkpt lat="42.995946" lon="-1.889621">
        <ele>572.043</ele>
        <time>2023-06-25T08:56:42Z</time>
      </trkpt>
      <trkpt lat="42.995898" lon="-1.889656">
        <ele>571.533</ele>
        <time>2023-06-25T08:56:45Z</time>
      </trkpt>
      <trkpt lat="42.995828" lon="-1.889659">
        <ele>569.823</ele>
        <time>2023-06-25T08:56:52Z</time>
      </trkpt>
      <trkpt lat="42.995768" lon="-1.889661">
        <ele>568.815</ele>
        <time>2023-06-25T08:56:58Z</time>
      </trkpt>
      <trkpt lat="42.995686" lon="-1.889764">
        <ele>568.109</ele>
        <time>2023-06-25T08:57:04Z</time>
      </trkpt>
      <trkpt lat="42.995619" lon="-1.889812">
        <ele>568.544</ele>
        <time>2023-06-25T08:57:09Z</time>
      </trkpt>
      <trkpt lat="42.995566" lon="-1.889825">
        <ele>572.156</ele>
        <time>2023-06-25T08:57:12Z</time>
      </trkpt>
      <trkpt lat="42.995514" lon="-1.889845">
        <ele>577.131</ele>
        <time>2023-06-25T08:57:17Z</time>
      </trkpt>
      <trkpt lat="42.995459" lon="-1.889860">
        <ele>580.770</ele>
        <time>2023-06-25T08:57:22Z</time>
      </trkpt>
      <trkpt lat="42.995407" lon="-1.889880">
        <ele>582.054</ele>
        <time>2023-06-25T08:57:26Z</time>
      </trkpt>
      <trkpt lat="42.995362" lon="-1.889908">
        <ele>582.649</ele>
        <time>2023-06-25T08:57:31Z</time>
      </trkpt>
      <trkpt lat="42.995307" lon="-1.889931">
        <ele>582.973</ele>
        <time>2023-06-25T08:57:34Z</time>
      </trkpt>
      <trkpt lat="42.995270" lon="-1.889968">
        <ele>583.537</ele>
        <time>2023-06-25T08:57:37Z</time>
      </trkpt>
      <trkpt lat="42.995227" lon="-1.890011">
        <ele>584.243</ele>
        <time>2023-06-25T08:57:42Z</time>
      </trkpt>
      <trkpt lat="42.995160" lon="-1.890033">
        <ele>585.693</ele>
        <time>2023-06-25T08:57:50Z</time>
      </trkpt>
      <trkpt lat="42.995093" lon="-1.890000">
        <ele>586.065</ele>
        <time>2023-06-25T08:57:53Z</time>
      </trkpt>
      <trkpt lat="42.995045" lon="-1.889968">
        <ele>586.221</ele>
        <time>2023-06-25T08:57:55Z</time>
      </trkpt>
      <trkpt lat="42.995008" lon="-1.889925">
        <ele>586.309</ele>
        <time>2023-06-25T08:57:57Z</time>
      </trkpt>
      <trkpt lat="42.994955" lon="-1.889900">
        <ele>586.420</ele>
        <time>2023-06-25T08:58:01Z</time>
      </trkpt>
      <trkpt lat="42.994913" lon="-1.889877">
        <ele>584.242</ele>
        <time>2023-06-25T08:58:04Z</time>
      </trkpt>
      <trkpt lat="42.994865" lon="-1.889907">
        <ele>581.287</ele>
        <time>2023-06-25T08:58:08Z</time>
      </trkpt>
      <trkpt lat="42.994810" lon="-1.889892">
        <ele>577.956</ele>
        <time>2023-06-25T08:58:13Z</time>
      </trkpt>
      <trkpt lat="42.994763" lon="-1.889842">
        <ele>576.380</ele>
        <time>2023-06-25T08:58:17Z</time>
      </trkpt>
      <trkpt lat="42.994715" lon="-1.889825">
        <ele>575.665</ele>
        <time>2023-06-25T08:58:20Z</time>
      </trkpt>
      <trkpt lat="42.994658" lon="-1.889805">
        <ele>572.289</ele>
        <time>2023-06-25T08:58:24Z</time>
      </trkpt>
      <trkpt lat="42.994611" lon="-1.889780">
        <ele>568.393</ele>
        <time>2023-06-25T08:58:28Z</time>
      </trkpt>
      <trkpt lat="42.994561" lon="-1.889797">
        <ele>564.639</ele>
        <time>2023-06-25T08:58:32Z</time>
      </trkpt>
      <trkpt lat="42.994501" lon="-1.889807">
        <ele>563.038</ele>
        <time>2023-06-25T08:58:35Z</time>
      </trkpt>
      <trkpt lat="42.994456" lon="-1.889827">
        <ele>562.270</ele>
        <time>2023-06-25T08:58:38Z</time>
      </trkpt>
      <trkpt lat="42.994406" lon="-1.889839">
        <ele>562.117</ele>
        <time>2023-06-25T08:58:42Z</time>
      </trkpt>
      <trkpt lat="42.994354" lon="-1.889861">
        <ele>562.209</ele>
        <time>2023-06-25T08:58:50Z</time>
      </trkpt>
      <trkpt lat="42.994306" lon="-1.889881">
        <ele>562.364</ele>
        <time>2023-06-25T08:58:54Z</time>
      </trkpt>
      <trkpt lat="42.994256" lon="-1.889919">
        <ele>563.466</ele>
        <time>2023-06-25T08:58:58Z</time>
      </trkpt>
      <trkpt lat="42.994209" lon="-1.889931">
        <ele>563.441</ele>
        <time>2023-06-25T08:59:02Z</time>
      </trkpt>
      <trkpt lat="42.994156" lon="-1.889926">
        <ele>563.080</ele>
        <time>2023-06-25T08:59:09Z</time>
      </trkpt>
      <trkpt lat="42.994109" lon="-1.889953">
        <ele>562.644</ele>
        <time>2023-06-25T08:59:12Z</time>
      </trkpt>
      <trkpt lat="42.994059" lon="-1.889955">
        <ele>562.349</ele>
        <time>2023-06-25T08:59:16Z</time>
      </trkpt>
      <trkpt lat="42.994012" lon="-1.889977">
        <ele>562.023</ele>
        <time>2023-06-25T08:59:21Z</time>
      </trkpt>
      <trkpt lat="42.993970" lon="-1.890000">
        <ele>561.917</ele>
        <time>2023-06-25T08:59:25Z</time>
      </trkpt>
      <trkpt lat="42.993923" lon="-1.890005">
        <ele>561.583</ele>
        <time>2023-06-25T08:59:28Z</time>
      </trkpt>
      <trkpt lat="42.993871" lon="-1.890012">
        <ele>560.976</ele>
        <time>2023-06-25T08:59:32Z</time>
      </trkpt>
      <trkpt lat="42.993818" lon="-1.890014">
        <ele>560.690</ele>
        <time>2023-06-25T08:59:36Z</time>
      </trkpt>
      <trkpt lat="42.993765" lon="-1.890022">
        <ele>559.919</ele>
        <time>2023-06-25T08:59:41Z</time>
      </trkpt>
      <trkpt lat="42.993710" lon="-1.890010">
        <ele>559.909</ele>
        <time>2023-06-25T08:59:45Z</time>
      </trkpt>
      <trkpt lat="42.993658" lon="-1.889998">
        <ele>559.978</ele>
        <time>2023-06-25T08:59:49Z</time>
      </trkpt>
      <trkpt lat="42.993608" lon="-1.890000">
        <ele>560.050</ele>
        <time>2023-06-25T08:59:54Z</time>
      </trkpt>
      <trkpt lat="42.993558" lon="-1.890000">
        <ele>560.315</ele>
        <time>2023-06-25T08:59:57Z</time>
      </trkpt>
      <trkpt lat="42.993505" lon="-1.889983">
        <ele>560.464</ele>
        <time>2023-06-25T09:00:00Z</time>
      </trkpt>
      <trkpt lat="42.993460" lon="-1.889948">
        <ele>560.518</ele>
        <time>2023-06-25T09:00:03Z</time>
      </trkpt>
      <trkpt lat="42.993418" lon="-1.889908">
        <ele>561.033</ele>
        <time>2023-06-25T09:00:07Z</time>
      </trkpt>
      <trkpt lat="42.993378" lon="-1.889878">
        <ele>561.077</ele>
        <time>2023-06-25T09:00:10Z</time>
      </trkpt>
      <trkpt lat="42.993338" lon="-1.889840">
        <ele>561.011</ele>
        <time>2023-06-25T09:00:14Z</time>
      </trkpt>
      <trkpt lat="42.993316" lon="-1.889778">
        <ele>561.117</ele>
        <time>2023-06-25T09:00:19Z</time>
      </trkpt>
      <trkpt lat="42.993283" lon="-1.889730">
        <ele>561.216</ele>
        <time>2023-06-25T09:00:23Z</time>
      </trkpt>
      <trkpt lat="42.993255" lon="-1.889678">
        <ele>561.276</ele>
        <time>2023-06-25T09:00:26Z</time>
      </trkpt>
      <trkpt lat="42.993218" lon="-1.889625">
        <ele>561.313</ele>
        <time>2023-06-25T09:00:29Z</time>
      </trkpt>
      <trkpt lat="42.993188" lon="-1.889558">
        <ele>561.309</ele>
        <time>2023-06-25T09:00:33Z</time>
      </trkpt>
      <trkpt lat="42.993158" lon="-1.889511">
        <ele>561.272</ele>
        <time>2023-06-25T09:00:37Z</time>
      </trkpt>
      <trkpt lat="42.993120" lon="-1.889464">
        <ele>561.554</ele>
        <time>2023-06-25T09:00:47Z</time>
      </trkpt>
      <trkpt lat="42.993098" lon="-1.889399">
        <ele>562.619</ele>
        <time>2023-06-25T09:01:35Z</time>
      </trkpt>
      <trkpt lat="42.993060" lon="-1.889322">
        <ele>562.668</ele>
        <time>2023-06-25T09:01:37Z</time>
      </trkpt>
      <trkpt lat="42.993028" lon="-1.889255">
        <ele>562.662</ele>
        <time>2023-06-25T09:01:39Z</time>
      </trkpt>
      <trkpt lat="42.992995" lon="-1.889205">
        <ele>561.247</ele>
        <time>2023-06-25T09:01:41Z</time>
      </trkpt>
      <trkpt lat="42.992965" lon="-1.889158">
        <ele>564.221</ele>
        <time>2023-06-25T09:01:43Z</time>
      </trkpt>
      <trkpt lat="42.992923" lon="-1.889118">
        <ele>564.165</ele>
        <time>2023-06-25T09:01:47Z</time>
      </trkpt>
      <trkpt lat="42.992888" lon="-1.889071">
        <ele>564.051</ele>
        <time>2023-06-25T09:01:52Z</time>
      </trkpt>
      <trkpt lat="42.992845" lon="-1.889046">
        <ele>564.123</ele>
        <time>2023-06-25T09:01:55Z</time>
      </trkpt>
      <trkpt lat="42.992808" lon="-1.889006">
        <ele>563.683</ele>
        <time>2023-06-25T09:02:03Z</time>
      </trkpt>
      <trkpt lat="42.992760" lon="-1.888971">
        <ele>561.411</ele>
        <time>2023-06-25T09:03:47Z</time>
      </trkpt>
      <trkpt lat="42.992717" lon="-1.888933">
        <ele>561.409</ele>
        <time>2023-06-25T09:03:51Z</time>
      </trkpt>
      <trkpt lat="42.992690" lon="-1.888883">
        <ele>561.483</ele>
        <time>2023-06-25T09:03:55Z</time>
      </trkpt>
      <trkpt lat="42.992650" lon="-1.888848">
        <ele>561.415</ele>
        <time>2023-06-25T09:03:59Z</time>
      </trkpt>
      <trkpt lat="42.992612" lon="-1.888810">
        <ele>561.420</ele>
        <time>2023-06-25T09:04:05Z</time>
      </trkpt>
      <trkpt lat="42.992572" lon="-1.888780">
        <ele>560.469</ele>
        <time>2023-06-25T09:04:10Z</time>
      </trkpt>
      <trkpt lat="42.992532" lon="-1.888738">
        <ele>559.193</ele>
        <time>2023-06-25T09:04:13Z</time>
      </trkpt>
      <trkpt lat="42.992499" lon="-1.888683">
        <ele>556.398</ele>
        <time>2023-06-25T09:04:17Z</time>
      </trkpt>
      <trkpt lat="42.992464" lon="-1.888635">
        <ele>553.382</ele>
        <time>2023-06-25T09:04:21Z</time>
      </trkpt>
      <trkpt lat="42.992416" lon="-1.888597">
        <ele>550.856</ele>
        <time>2023-06-25T09:04:25Z</time>
      </trkpt>
      <trkpt lat="42.992373" lon="-1.888539">
        <ele>548.842</ele>
        <time>2023-06-25T09:04:29Z</time>
      </trkpt>
      <trkpt lat="42.992340" lon="-1.888484">
        <ele>547.685</ele>
        <time>2023-06-25T09:04:31Z</time>
      </trkpt>
      <trkpt lat="42.992308" lon="-1.888412">
        <ele>547.389</ele>
        <time>2023-06-25T09:04:33Z</time>
      </trkpt>
      <trkpt lat="42.992278" lon="-1.888352">
        <ele>547.217</ele>
        <time>2023-06-25T09:04:35Z</time>
      </trkpt>
      <trkpt lat="42.992248" lon="-1.888300">
        <ele>547.709</ele>
        <time>2023-06-25T09:04:44Z</time>
      </trkpt>
      <trkpt lat="42.992210" lon="-1.888232">
        <ele>554.619</ele>
        <time>2023-06-25T09:05:10Z</time>
      </trkpt>
      <trkpt lat="42.992168" lon="-1.888170">
        <ele>554.641</ele>
        <time>2023-06-25T09:05:12Z</time>
      </trkpt>
      <trkpt lat="42.992128" lon="-1.888102">
        <ele>554.646</ele>
        <time>2023-06-25T09:05:14Z</time>
      </trkpt>
      <trkpt lat="42.992086" lon="-1.888039">
        <ele>554.625</ele>
        <time>2023-06-25T09:05:16Z</time>
      </trkpt>
      <trkpt lat="42.992051" lon="-1.887971">
        <ele>557.489</ele>
        <time>2023-06-25T09:05:18Z</time>
      </trkpt>
      <trkpt lat="42.992018" lon="-1.887913">
        <ele>557.464</ele>
        <time>2023-06-25T09:05:20Z</time>
      </trkpt>
      <trkpt lat="42.991983" lon="-1.887850">
        <ele>557.268</ele>
        <time>2023-06-25T09:05:22Z</time>
      </trkpt>
      <trkpt lat="42.991951" lon="-1.887802">
        <ele>557.112</ele>
        <time>2023-06-25T09:05:25Z</time>
      </trkpt>
      <trkpt lat="42.991919" lon="-1.887757">
        <ele>556.528</ele>
        <time>2023-06-25T09:05:30Z</time>
      </trkpt>
      <trkpt lat="42.991882" lon="-1.887700">
        <ele>556.754</ele>
        <time>2023-06-25T09:05:35Z</time>
      </trkpt>
      <trkpt lat="42.991874" lon="-1.887637">
        <ele>560.456</ele>
        <time>2023-06-25T09:06:08Z</time>
      </trkpt>
      <trkpt lat="42.991837" lon="-1.887597">
        <ele>560.211</ele>
        <time>2023-06-25T09:06:13Z</time>
      </trkpt>
      <trkpt lat="42.991792" lon="-1.887557">
        <ele>560.209</ele>
        <time>2023-06-25T09:06:16Z</time>
      </trkpt>
      <trkpt lat="42.991747" lon="-1.887517">
        <ele>560.386</ele>
        <time>2023-06-25T09:06:19Z</time>
      </trkpt>
      <trkpt lat="42.991715" lon="-1.887457">
        <ele>560.328</ele>
        <time>2023-06-25T09:06:24Z</time>
      </trkpt>
      <trkpt lat="42.991668" lon="-1.887435">
        <ele>558.073</ele>
        <time>2023-06-25T09:06:28Z</time>
      </trkpt>
      <trkpt lat="42.991623" lon="-1.887422">
        <ele>558.082</ele>
        <time>2023-06-25T09:06:31Z</time>
      </trkpt>
      <trkpt lat="42.991570" lon="-1.887405">
        <ele>558.026</ele>
        <time>2023-06-25T09:06:35Z</time>
      </trkpt>
      <trkpt lat="42.991518" lon="-1.887398">
        <ele>558.271</ele>
        <time>2023-06-25T09:06:39Z</time>
      </trkpt>
      <trkpt lat="42.991473" lon="-1.887391">
        <ele>558.855</ele>
        <time>2023-06-25T09:06:43Z</time>
      </trkpt>
      <trkpt lat="42.991428" lon="-1.887416">
        <ele>559.569</ele>
        <time>2023-06-25T09:06:47Z</time>
      </trkpt>
      <trkpt lat="42.991376" lon="-1.887433">
        <ele>560.555</ele>
        <time>2023-06-25T09:06:51Z</time>
      </trkpt>
      <trkpt lat="42.991324" lon="-1.887466">
        <ele>560.737</ele>
        <time>2023-06-25T09:06:55Z</time>
      </trkpt>
      <trkpt lat="42.991281" lon="-1.887483">
        <ele>560.849</ele>
        <time>2023-06-25T09:06:58Z</time>
      </trkpt>
      <trkpt lat="42.991226" lon="-1.887506">
        <ele>560.813</ele>
        <time>2023-06-25T09:07:01Z</time>
      </trkpt>
      <trkpt lat="42.991179" lon="-1.887526">
        <ele>560.109</ele>
        <time>2023-06-25T09:07:04Z</time>
      </trkpt>
      <trkpt lat="42.991126" lon="-1.887541">
        <ele>558.984</ele>
        <time>2023-06-25T09:07:09Z</time>
      </trkpt>
      <trkpt lat="42.991088" lon="-1.887583">
        <ele>559.056</ele>
        <time>2023-06-25T09:07:14Z</time>
      </trkpt>
      <trkpt lat="42.991071" lon="-1.887653">
        <ele>559.171</ele>
        <time>2023-06-25T09:07:18Z</time>
      </trkpt>
      <trkpt lat="42.991033" lon="-1.887703">
        <ele>560.060</ele>
        <time>2023-06-25T09:07:22Z</time>
      </trkpt>
      <trkpt lat="42.991013" lon="-1.887763">
        <ele>562.564</ele>
        <time>2023-06-25T09:07:27Z</time>
      </trkpt>
      <trkpt lat="42.990981" lon="-1.887810">
        <ele>566.569</ele>
        <time>2023-06-25T09:07:32Z</time>
      </trkpt>
      <trkpt lat="42.990958" lon="-1.887868">
        <ele>569.543</ele>
        <time>2023-06-25T09:07:36Z</time>
      </trkpt>
      <trkpt lat="42.990938" lon="-1.887943">
        <ele>571.977</ele>
        <time>2023-06-25T09:07:40Z</time>
      </trkpt>
      <trkpt lat="42.990901" lon="-1.888001">
        <ele>573.123</ele>
        <time>2023-06-25T09:07:43Z</time>
      </trkpt>
      <trkpt lat="42.990869" lon="-1.888073">
        <ele>573.215</ele>
        <time>2023-06-25T09:07:47Z</time>
      </trkpt>
      <trkpt lat="42.990854" lon="-1.888136">
        <ele>573.365</ele>
        <time>2023-06-25T09:07:51Z</time>
      </trkpt>
      <trkpt lat="42.990834" lon="-1.888198">
        <ele>572.911</ele>
        <time>2023-06-25T09:07:55Z</time>
      </trkpt>
      <trkpt lat="42.990809" lon="-1.888255">
        <ele>571.409</ele>
        <time>2023-06-25T09:08:01Z</time>
      </trkpt>
      <trkpt lat="42.990806" lon="-1.888333">
        <ele>567.052</ele>
        <time>2023-06-25T09:08:26Z</time>
      </trkpt>
      <trkpt lat="42.990774" lon="-1.888385">
        <ele>566.934</ele>
        <time>2023-06-25T09:08:28Z</time>
      </trkpt>
      <trkpt lat="42.990737" lon="-1.888448">
        <ele>566.959</ele>
        <time>2023-06-25T09:08:30Z</time>
      </trkpt>
      <trkpt lat="42.990694" lon="-1.888481">
        <ele>566.978</ele>
        <time>2023-06-25T09:08:32Z</time>
      </trkpt>
      <trkpt lat="42.990626" lon="-1.888536">
        <ele>566.952</ele>
        <time>2023-06-25T09:08:34Z</time>
      </trkpt>
      <trkpt lat="42.990559" lon="-1.888593">
        <ele>562.897</ele>
        <time>2023-06-25T09:08:36Z</time>
      </trkpt>
      <trkpt lat="42.990499" lon="-1.888635">
        <ele>561.711</ele>
        <time>2023-06-25T09:08:38Z</time>
      </trkpt>
      <trkpt lat="42.990444" lon="-1.888657">
        <ele>561.515</ele>
        <time>2023-06-25T09:08:40Z</time>
      </trkpt>
      <trkpt lat="42.990391" lon="-1.888670">
        <ele>561.081</ele>
        <time>2023-06-25T09:08:43Z</time>
      </trkpt>
      <trkpt lat="42.990344" lon="-1.888682">
        <ele>561.065</ele>
        <time>2023-06-25T09:08:48Z</time>
      </trkpt>
      <trkpt lat="42.990296" lon="-1.888700">
        <ele>560.968</ele>
        <time>2023-06-25T09:08:52Z</time>
      </trkpt>
      <trkpt lat="42.990249" lon="-1.888715">
        <ele>561.014</ele>
        <time>2023-06-25T09:08:57Z</time>
      </trkpt>
      <trkpt lat="42.990196" lon="-1.888725">
        <ele>561.109</ele>
        <time>2023-06-25T09:09:02Z</time>
      </trkpt>
      <trkpt lat="42.990151" lon="-1.888742">
        <ele>561.237</ele>
        <time>2023-06-25T09:09:05Z</time>
      </trkpt>
      <trkpt lat="42.990103" lon="-1.888752">
        <ele>561.649</ele>
        <time>2023-06-25T09:09:08Z</time>
      </trkpt>
      <trkpt lat="42.990056" lon="-1.888760">
        <ele>563.324</ele>
        <time>2023-06-25T09:09:13Z</time>
      </trkpt>
      <trkpt lat="42.990003" lon="-1.888750">
        <ele>568.253</ele>
        <time>2023-06-25T09:09:57Z</time>
      </trkpt>
      <trkpt lat="42.989960" lon="-1.888788">
        <ele>568.657</ele>
        <time>2023-06-25T09:10:29Z</time>
      </trkpt>
      <trkpt lat="42.989918" lon="-1.888758">
        <ele>568.982</ele>
        <time>2023-06-25T09:10:33Z</time>
      </trkpt>
      <trkpt lat="42.989885" lon="-1.888710">
        <ele>568.916</ele>
        <time>2023-06-25T09:10:38Z</time>
      </trkpt>
      <trkpt lat="42.989837" lon="-1.888695">
        <ele>570.240</ele>
        <time>2023-06-25T09:10:48Z</time>
      </trkpt>
      <trkpt lat="42.989824" lon="-1.888632">
        <ele>558.966</ele>
        <time>2023-06-25T09:11:08Z</time>
      </trkpt>
      <trkpt lat="42.989779" lon="-1.888624">
        <ele>552.939</ele>
        <time>2023-06-25T09:11:20Z</time>
      </trkpt>
      <trkpt lat="42.989724" lon="-1.888612">
        <ele>551.001</ele>
        <time>2023-06-25T09:11:24Z</time>
      </trkpt>
      <trkpt lat="42.989679" lon="-1.888619">
        <ele>551.021</ele>
        <time>2023-06-25T09:11:28Z</time>
      </trkpt>
      <trkpt lat="42.989634" lon="-1.888616">
        <ele>550.409</ele>
        <time>2023-06-25T09:11:31Z</time>
      </trkpt>
      <trkpt lat="42.989614" lon="-1.888678">
        <ele>551.634</ele>
        <time>2023-06-25T09:11:40Z</time>
      </trkpt>
      <trkpt lat="42.989567" lon="-1.888680">
        <ele>553.096</ele>
        <time>2023-06-25T09:11:53Z</time>
      </trkpt>
      <trkpt lat="42.989512" lon="-1.888682">
        <ele>555.461</ele>
        <time>2023-06-25T09:11:56Z</time>
      </trkpt>
      <trkpt lat="42.989467" lon="-1.888682">
        <ele>556.840</ele>
        <time>2023-06-25T09:11:59Z</time>
      </trkpt>
      <trkpt lat="42.989422" lon="-1.888669">
        <ele>558.444</ele>
        <time>2023-06-25T09:12:03Z</time>
      </trkpt>
      <trkpt lat="42.989374" lon="-1.888684">
        <ele>558.819</ele>
        <time>2023-06-25T09:12:06Z</time>
      </trkpt>
      <trkpt lat="42.989321" lon="-1.888681">
        <ele>560.813</ele>
        <time>2023-06-25T09:12:10Z</time>
      </trkpt>
      <trkpt lat="42.989311" lon="-1.888603">
        <ele>561.917</ele>
        <time>2023-06-25T09:12:14Z</time>
      </trkpt>
      <trkpt lat="42.989298" lon="-1.888536">
        <ele>561.943</ele>
        <time>2023-06-25T09:12:18Z</time>
      </trkpt>
      <trkpt lat="42.989250" lon="-1.888511">
        <ele>561.923</ele>
        <time>2023-06-25T09:12:22Z</time>
      </trkpt>
      <trkpt lat="42.989225" lon="-1.888454">
        <ele>561.483</ele>
        <time>2023-06-25T09:12:26Z</time>
      </trkpt>
      <trkpt lat="42.989180" lon="-1.888416">
        <ele>560.811</ele>
        <time>2023-06-25T09:12:31Z</time>
      </trkpt>
      <trkpt lat="42.989137" lon="-1.888371">
        <ele>560.709</ele>
        <time>2023-06-25T09:12:35Z</time>
      </trkpt>
      <trkpt lat="42.989097" lon="-1.888318">
        <ele>560.043</ele>
        <time>2023-06-25T09:12:40Z</time>
      </trkpt>
      <trkpt lat="42.989044" lon="-1.888298">
        <ele>559.775</ele>
        <time>2023-06-25T09:12:45Z</time>
      </trkpt>
      <trkpt lat="42.988989" lon="-1.888305">
        <ele>558.870</ele>
        <time>2023-06-25T09:12:49Z</time>
      </trkpt>
      <trkpt lat="42.988939" lon="-1.888287">
        <ele>558.519</ele>
        <time>2023-06-25T09:12:53Z</time>
      </trkpt>
      <trkpt lat="42.988894" lon="-1.888304">
        <ele>558.493</ele>
        <time>2023-06-25T09:12:56Z</time>
      </trkpt>
      <trkpt lat="42.988857" lon="-1.888262">
        <ele>558.548</ele>
        <time>2023-06-25T09:13:00Z</time>
      </trkpt>
      <trkpt lat="42.988815" lon="-1.888222">
        <ele>559.142</ele>
        <time>2023-06-25T09:13:04Z</time>
      </trkpt>
      <trkpt lat="42.988795" lon="-1.888165">
        <ele>560.466</ele>
        <time>2023-06-25T09:13:09Z</time>
      </trkpt>
      <trkpt lat="42.988778" lon="-1.888103">
        <ele>561.662</ele>
        <time>2023-06-25T09:13:14Z</time>
      </trkpt>
      <trkpt lat="42.988745" lon="-1.888038">
        <ele>563.642</ele>
        <time>2023-06-25T09:13:18Z</time>
      </trkpt>
      <trkpt lat="42.988728" lon="-1.887978">
        <ele>564.622</ele>
        <time>2023-06-25T09:13:23Z</time>
      </trkpt>
      <trkpt lat="42.988715" lon="-1.887900">
        <ele>567.314</ele>
        <time>2023-06-25T09:13:27Z</time>
      </trkpt>
      <trkpt lat="42.988710" lon="-1.887837">
        <ele>571.409</ele>
        <time>2023-06-25T09:13:32Z</time>
      </trkpt>
      <trkpt lat="42.988712" lon="-1.887775">
        <ele>573.255</ele>
        <time>2023-06-25T09:13:36Z</time>
      </trkpt>
      <trkpt lat="42.988702" lon="-1.887713">
        <ele>574.627</ele>
        <time>2023-06-25T09:13:39Z</time>
      </trkpt>
      <trkpt lat="42.988714" lon="-1.887640">
        <ele>576.462</ele>
        <time>2023-06-25T09:13:42Z</time>
      </trkpt>
      <trkpt lat="42.988736" lon="-1.887580">
        <ele>577.441</ele>
        <time>2023-06-25T09:13:45Z</time>
      </trkpt>
      <trkpt lat="42.988758" lon="-1.887512">
        <ele>577.645</ele>
        <time>2023-06-25T09:13:50Z</time>
      </trkpt>
      <trkpt lat="42.988783" lon="-1.887457">
        <ele>577.770</ele>
        <time>2023-06-25T09:13:54Z</time>
      </trkpt>
      <trkpt lat="42.988820" lon="-1.887412">
        <ele>576.454</ele>
        <time>2023-06-25T09:13:57Z</time>
      </trkpt>
      <trkpt lat="42.988847" lon="-1.887362">
        <ele>575.118</ele>
        <time>2023-06-25T09:14:00Z</time>
      </trkpt>
      <trkpt lat="42.988865" lon="-1.887300">
        <ele>574.264</ele>
        <time>2023-06-25T09:14:04Z</time>
      </trkpt>
      <trkpt lat="42.988890" lon="-1.887243">
        <ele>571.654</ele>
        <time>2023-06-25T09:14:09Z</time>
      </trkpt>
      <trkpt lat="42.988928" lon="-1.887195">
        <ele>570.156</ele>
        <time>2023-06-25T09:14:13Z</time>
      </trkpt>
      <trkpt lat="42.988968" lon="-1.887152">
        <ele>569.011</ele>
        <time>2023-06-25T09:14:17Z</time>
      </trkpt>
      <trkpt lat="42.989008" lon="-1.887114">
        <ele>569.009</ele>
        <time>2023-06-25T09:14:20Z</time>
      </trkpt>
      <trkpt lat="42.989046" lon="-1.887081">
        <ele>569.166</ele>
        <time>2023-06-25T09:14:25Z</time>
      </trkpt>
      <trkpt lat="42.989086" lon="-1.887034">
        <ele>569.058</ele>
        <time>2023-06-25T09:14:29Z</time>
      </trkpt>
      <trkpt lat="42.989119" lon="-1.886992">
        <ele>569.093</ele>
        <time>2023-06-25T09:14:33Z</time>
      </trkpt>
      <trkpt lat="42.989157" lon="-1.886949">
        <ele>568.112</ele>
        <time>2023-06-25T09:14:39Z</time>
      </trkpt>
      <trkpt lat="42.989205" lon="-1.886912">
        <ele>567.066</ele>
        <time>2023-06-25T09:14:43Z</time>
      </trkpt>
      <trkpt lat="42.989248" lon="-1.886875">
        <ele>566.821</ele>
        <time>2023-06-25T09:14:47Z</time>
      </trkpt>
      <trkpt lat="42.989293" lon="-1.886848">
        <ele>566.545</ele>
        <time>2023-06-25T09:14:52Z</time>
      </trkpt>
      <trkpt lat="42.989328" lon="-1.886801">
        <ele>566.369</ele>
        <time>2023-06-25T09:14:56Z</time>
      </trkpt>
      <trkpt lat="42.989366" lon="-1.886754">
        <ele>565.755</ele>
        <time>2023-06-25T09:15:01Z</time>
      </trkpt>
      <trkpt lat="42.989413" lon="-1.886727">
        <ele>564.991</ele>
        <time>2023-06-25T09:15:06Z</time>
      </trkpt>
      <trkpt lat="42.989458" lon="-1.886707">
        <ele>562.881</ele>
        <time>2023-06-25T09:15:43Z</time>
      </trkpt>
      <trkpt lat="42.989486" lon="-1.886644">
        <ele>562.819</ele>
        <time>2023-06-25T09:16:07Z</time>
      </trkpt>
      <trkpt lat="42.989524" lon="-1.886596">
        <ele>562.909</ele>
        <time>2023-06-25T09:16:12Z</time>
      </trkpt>
      <trkpt lat="42.989539" lon="-1.886538">
        <ele>564.810</ele>
        <time>2023-06-25T09:16:16Z</time>
      </trkpt>
      <trkpt lat="42.989572" lon="-1.886475">
        <ele>565.172</ele>
        <time>2023-06-25T09:16:20Z</time>
      </trkpt>
      <trkpt lat="42.989599" lon="-1.886418">
        <ele>565.417</ele>
        <time>2023-06-25T09:16:24Z</time>
      </trkpt>
      <trkpt lat="42.989619" lon="-1.886346">
        <ele>567.146</ele>
        <time>2023-06-25T09:16:29Z</time>
      </trkpt>
      <trkpt lat="42.989624" lon="-1.886281">
        <ele>568.030</ele>
        <time>2023-06-25T09:16:34Z</time>
      </trkpt>
      <trkpt lat="42.989616" lon="-1.886216">
        <ele>568.565</ele>
        <time>2023-06-25T09:16:43Z</time>
      </trkpt>
      <trkpt lat="42.989584" lon="-1.886168">
        <ele>569.169</ele>
        <time>2023-06-25T09:16:47Z</time>
      </trkpt>
      <trkpt lat="42.989567" lon="-1.886093">
        <ele>571.063</ele>
        <time>2023-06-25T09:16:52Z</time>
      </trkpt>
      <trkpt lat="42.989552" lon="-1.886035">
        <ele>572.319</ele>
        <time>2023-06-25T09:16:55Z</time>
      </trkpt>
      <trkpt lat="42.989525" lon="-1.885973">
        <ele>573.093</ele>
        <time>2023-06-25T09:16:58Z</time>
      </trkpt>
      <trkpt lat="42.989510" lon="-1.885900">
        <ele>574.165</ele>
        <time>2023-06-25T09:17:03Z</time>
      </trkpt>
      <trkpt lat="42.989490" lon="-1.885840">
        <ele>575.221</ele>
        <time>2023-06-25T09:17:06Z</time>
      </trkpt>
      <trkpt lat="42.989458" lon="-1.885773">
        <ele>576.809</ele>
        <time>2023-06-25T09:17:09Z</time>
      </trkpt>
      <trkpt lat="42.989418" lon="-1.885723">
        <ele>577.250</ele>
        <time>2023-06-25T09:17:13Z</time>
      </trkpt>
      <trkpt lat="42.989366" lon="-1.885688">
        <ele>577.762</ele>
        <time>2023-06-25T09:17:18Z</time>
      </trkpt>
      <trkpt lat="42.989316" lon="-1.885643">
        <ele>578.847</ele>
        <time>2023-06-25T09:17:33Z</time>
      </trkpt>
      <trkpt lat="42.989269" lon="-1.885618">
        <ele>578.916</ele>
        <time>2023-06-25T09:17:34Z</time>
      </trkpt>
      <trkpt lat="42.989194" lon="-1.885583">
        <ele>579.290</ele>
        <time>2023-06-25T09:17:36Z</time>
      </trkpt>
      <trkpt lat="42.989142" lon="-1.885555">
        <ele>577.715</ele>
        <time>2023-06-25T09:17:39Z</time>
      </trkpt>
      <trkpt lat="42.989085" lon="-1.885572">
        <ele>577.329</ele>
        <time>2023-06-25T09:17:42Z</time>
      </trkpt>
      <trkpt lat="42.989027" lon="-1.885562">
        <ele>576.063</ele>
        <time>2023-06-25T09:17:46Z</time>
      </trkpt>
      <trkpt lat="42.988975" lon="-1.885537">
        <ele>576.119</ele>
        <time>2023-06-25T09:17:50Z</time>
      </trkpt>
      <trkpt lat="42.988922" lon="-1.885515">
        <ele>576.556</ele>
        <time>2023-06-25T09:17:54Z</time>
      </trkpt>
      <trkpt lat="42.988865" lon="-1.885478">
        <ele>576.559</ele>
        <time>2023-06-25T09:17:58Z</time>
      </trkpt>
      <trkpt lat="42.988815" lon="-1.885438">
        <ele>576.714</ele>
        <time>2023-06-25T09:18:02Z</time>
      </trkpt>
      <trkpt lat="42.988768" lon="-1.885413">
        <ele>576.809</ele>
        <time>2023-06-25T09:18:08Z</time>
      </trkpt>
      <trkpt lat="42.988718" lon="-1.885388">
        <ele>576.746</ele>
        <time>2023-06-25T09:18:12Z</time>
      </trkpt>
      <trkpt lat="42.988666" lon="-1.885381">
        <ele>576.218</ele>
        <time>2023-06-25T09:18:15Z</time>
      </trkpt>
      <trkpt lat="42.988623" lon="-1.885349">
        <ele>576.013</ele>
        <time>2023-06-25T09:18:18Z</time>
      </trkpt>
      <trkpt lat="42.988575" lon="-1.885324">
        <ele>575.842</ele>
        <time>2023-06-25T09:18:23Z</time>
      </trkpt>
      <trkpt lat="42.988547" lon="-1.885257">
        <ele>575.476</ele>
        <time>2023-06-25T09:18:29Z</time>
      </trkpt>
      <trkpt lat="42.988530" lon="-1.885195">
        <ele>570.271</ele>
        <time>2023-06-25T09:19:05Z</time>
      </trkpt>
      <trkpt lat="42.988485" lon="-1.885215">
        <ele>569.045</ele>
        <time>2023-06-25T09:19:37Z</time>
      </trkpt>
      <trkpt lat="42.988535" lon="-1.885185">
        <ele>574.859</ele>
        <time>2023-06-25T09:20:15Z</time>
      </trkpt>
      <trkpt lat="42.988455" lon="-1.885122">
        <ele>574.895</ele>
        <time>2023-06-25T09:20:25Z</time>
      </trkpt>
      <trkpt lat="42.988402" lon="-1.885067">
        <ele>574.882</ele>
        <time>2023-06-25T09:20:27Z</time>
      </trkpt>
      <trkpt lat="42.988362" lon="-1.885024">
        <ele>566.843</ele>
        <time>2023-06-25T09:20:30Z</time>
      </trkpt>
      <trkpt lat="42.988170" lon="-1.884182">
        <ele>561.717</ele>
        <time>2023-06-25T09:21:56Z</time>
      </trkpt>
      <trkpt lat="42.988135" lon="-1.884132">
        <ele>570.509</ele>
        <time>2023-06-25T09:22:00Z</time>
      </trkpt>
      <trkpt lat="42.988095" lon="-1.884077">
        <ele>572.239</ele>
        <time>2023-06-25T09:22:04Z</time>
      </trkpt>
      <trkpt lat="42.988125" lon="-1.884015">
        <ele>571.931</ele>
        <time>2023-06-25T09:22:08Z</time>
      </trkpt>
      <trkpt lat="42.988157" lon="-1.883957">
        <ele>571.326</ele>
        <time>2023-06-25T09:22:11Z</time>
      </trkpt>
      <trkpt lat="42.988154" lon="-1.883890">
        <ele>571.285</ele>
        <time>2023-06-25T09:22:14Z</time>
      </trkpt>
      <trkpt lat="42.988167" lon="-1.883827">
        <ele>569.729</ele>
        <time>2023-06-25T09:22:18Z</time>
      </trkpt>
      <trkpt lat="42.988162" lon="-1.883754">
        <ele>565.374</ele>
        <time>2023-06-25T09:22:23Z</time>
      </trkpt>
      <trkpt lat="42.988159" lon="-1.883692">
        <ele>564.628</ele>
        <time>2023-06-25T09:22:27Z</time>
      </trkpt>
      <trkpt lat="42.988167" lon="-1.883627">
        <ele>564.162</ele>
        <time>2023-06-25T09:22:31Z</time>
      </trkpt>
      <trkpt lat="42.988175" lon="-1.883555">
        <ele>564.038</ele>
        <time>2023-06-25T09:22:35Z</time>
      </trkpt>
      <trkpt lat="42.988178" lon="-1.883482">
        <ele>564.022</ele>
        <time>2023-06-25T09:22:40Z</time>
      </trkpt>
      <trkpt lat="42.988170" lon="-1.883407">
        <ele>564.162</ele>
        <time>2023-06-25T09:22:44Z</time>
      </trkpt>
      <trkpt lat="42.988175" lon="-1.883337">
        <ele>564.208</ele>
        <time>2023-06-25T09:22:47Z</time>
      </trkpt>
      <trkpt lat="42.988195" lon="-1.883264">
        <ele>565.109</ele>
        <time>2023-06-25T09:22:50Z</time>
      </trkpt>
      <trkpt lat="42.988212" lon="-1.883204">
        <ele>568.233</ele>
        <time>2023-06-25T09:22:54Z</time>
      </trkpt>
      <trkpt lat="42.988207" lon="-1.883132">
        <ele>568.815</ele>
        <time>2023-06-25T09:22:58Z</time>
      </trkpt>
      <trkpt lat="42.988207" lon="-1.883069">
        <ele>568.840</ele>
        <time>2023-06-25T09:23:01Z</time>
      </trkpt>
      <trkpt lat="42.988210" lon="-1.883007">
        <ele>568.629</ele>
        <time>2023-06-25T09:23:04Z</time>
      </trkpt>
      <trkpt lat="42.988212" lon="-1.882935">
        <ele>568.193</ele>
        <time>2023-06-25T09:23:08Z</time>
      </trkpt>
      <trkpt lat="42.988197" lon="-1.882877">
        <ele>567.158</ele>
        <time>2023-06-25T09:23:11Z</time>
      </trkpt>
      <trkpt lat="42.988189" lon="-1.882805">
        <ele>565.422</ele>
        <time>2023-06-25T09:23:16Z</time>
      </trkpt>
      <trkpt lat="42.988179" lon="-1.882742">
        <ele>565.176</ele>
        <time>2023-06-25T09:23:22Z</time>
      </trkpt>
      <trkpt lat="42.988154" lon="-1.882670">
        <ele>564.642</ele>
        <time>2023-06-25T09:23:26Z</time>
      </trkpt>
      <trkpt lat="42.988126" lon="-1.882610">
        <ele>564.198</ele>
        <time>2023-06-25T09:23:30Z</time>
      </trkpt>
      <trkpt lat="42.988099" lon="-1.882555">
        <ele>562.515</ele>
        <time>2023-06-25T09:23:35Z</time>
      </trkpt>
      <trkpt lat="42.988066" lon="-1.882508">
        <ele>561.026</ele>
        <time>2023-06-25T09:23:40Z</time>
      </trkpt>
      <trkpt lat="42.988028" lon="-1.882461">
        <ele>559.309</ele>
        <time>2023-06-25T09:23:44Z</time>
      </trkpt>
      <trkpt lat="42.987988" lon="-1.882424">
        <ele>558.480</ele>
        <time>2023-06-25T09:23:47Z</time>
      </trkpt>
      <trkpt lat="42.987945" lon="-1.882399">
        <ele>557.582</ele>
        <time>2023-06-25T09:23:51Z</time>
      </trkpt>
      <trkpt lat="42.987902" lon="-1.882351">
        <ele>555.847</ele>
        <time>2023-06-25T09:23:55Z</time>
      </trkpt>
      <trkpt lat="42.987862" lon="-1.882313">
        <ele>554.326</ele>
        <time>2023-06-25T09:24:01Z</time>
      </trkpt>
      <trkpt lat="42.987812" lon="-1.882310">
        <ele>557.070</ele>
        <time>2023-06-25T09:24:39Z</time>
      </trkpt>
      <trkpt lat="42.987765" lon="-1.882302">
        <ele>557.815</ele>
        <time>2023-06-25T09:24:45Z</time>
      </trkpt>
      <trkpt lat="42.987777" lon="-1.882375">
        <ele>567.049</ele>
        <time>2023-06-25T09:25:09Z</time>
      </trkpt>
      <trkpt lat="42.987819" lon="-1.882405">
        <ele>567.143</ele>
        <time>2023-06-25T09:25:23Z</time>
      </trkpt>
      <trkpt lat="42.987822" lon="-1.882473">
        <ele>567.089</ele>
        <time>2023-06-25T09:25:33Z</time>
      </trkpt>
      <trkpt lat="42.987832" lon="-1.882541">
        <ele>566.197</ele>
        <time>2023-06-25T09:25:45Z</time>
      </trkpt>
      <trkpt lat="42.987822" lon="-1.882601">
        <ele>565.523</ele>
        <time>2023-06-25T09:25:50Z</time>
      </trkpt>
      <trkpt lat="42.987792" lon="-1.882648">
        <ele>564.625</ele>
        <time>2023-06-25T09:25:58Z</time>
      </trkpt>
      <trkpt lat="42.987750" lon="-1.882683">
        <ele>562.809</ele>
        <time>2023-06-25T09:26:00Z</time>
      </trkpt>
      <trkpt lat="42.987708" lon="-1.882715">
        <ele>559.430</ele>
        <time>2023-06-25T09:26:03Z</time>
      </trkpt>
      <trkpt lat="42.987755" lon="-1.882738">
        <ele>553.932</ele>
        <time>2023-06-25T09:26:26Z</time>
      </trkpt>
      <trkpt lat="42.987743" lon="-1.882801">
        <ele>553.227</ele>
        <time>2023-06-25T09:26:29Z</time>
      </trkpt>
      <trkpt lat="42.987711" lon="-1.882858">
        <ele>551.496</ele>
        <time>2023-06-25T09:26:35Z</time>
      </trkpt>
      <trkpt lat="42.987744" lon="-1.882915">
        <ele>550.380</ele>
        <time>2023-06-25T09:26:45Z</time>
      </trkpt>
      <trkpt lat="42.987791" lon="-1.882880">
        <ele>549.355</ele>
        <time>2023-06-25T09:26:53Z</time>
      </trkpt>
      <trkpt lat="42.987834" lon="-1.882857">
        <ele>548.469</ele>
        <time>2023-06-25T09:27:09Z</time>
      </trkpt>
      <trkpt lat="42.987817" lon="-1.882940">
        <ele>548.093</ele>
        <time>2023-06-25T09:27:14Z</time>
      </trkpt>
      <trkpt lat="42.987815" lon="-1.883017">
        <ele>547.729</ele>
        <time>2023-06-25T09:27:20Z</time>
      </trkpt>
      <trkpt lat="42.987813" lon="-1.883082">
        <ele>547.354</ele>
        <time>2023-06-25T09:27:35Z</time>
      </trkpt>
      <trkpt lat="42.987866" lon="-1.883099">
        <ele>547.256</ele>
        <time>2023-06-25T09:27:46Z</time>
      </trkpt>
      <trkpt lat="42.987824" lon="-1.883144">
        <ele>549.211</ele>
        <time>2023-06-25T09:28:24Z</time>
      </trkpt>
      <trkpt lat="42.987781" lon="-1.883167">
        <ele>549.809</ele>
        <time>2023-06-25T09:28:31Z</time>
      </trkpt>
      <trkpt lat="42.987826" lon="-1.883137">
        <ele>556.826</ele>
        <time>2023-06-25T09:28:49Z</time>
      </trkpt>
      <trkpt lat="42.987793" lon="-1.883184">
        <ele>557.048</ele>
        <time>2023-06-25T09:29:16Z</time>
      </trkpt>
      <trkpt lat="42.987836" lon="-1.883167">
        <ele>556.813</ele>
        <time>2023-06-25T09:29:58Z</time>
      </trkpt>
      <trkpt lat="42.987769" lon="-1.883209">
        <ele>560.562</ele>
        <time>2023-06-25T09:31:11Z</time>
      </trkpt>
      <trkpt lat="42.987812" lon="-1.883192">
        <ele>560.966</ele>
        <time>2023-06-25T09:31:49Z</time>
      </trkpt>
      <trkpt lat="42.987769" lon="-1.883172">
        <ele>557.591</ele>
        <time>2023-06-25T09:32:22Z</time>
      </trkpt>
      <trkpt lat="42.987726" lon="-1.883142">
        <ele>555.895</ele>
        <time>2023-06-25T09:32:27Z</time>
      </trkpt>
      <trkpt lat="42.987879" lon="-1.883055">
        <ele>556.179</ele>
        <time>2023-06-25T09:42:07Z</time>
      </trkpt>
      <trkpt lat="42.987831" lon="-1.883063">
        <ele>556.175</ele>
        <time>2023-06-25T09:42:13Z</time>
      </trkpt>
      <trkpt lat="42.987871" lon="-1.883030">
        <ele>546.944</ele>
        <time>2023-06-25T09:42:27Z</time>
      </trkpt>
      <trkpt lat="42.987854" lon="-1.883093">
        <ele>548.105</ele>
        <time>2023-06-25T09:43:28Z</time>
      </trkpt>
      <trkpt lat="42.987876" lon="-1.882935">
        <ele>552.815</ele>
        <time>2023-06-25T09:43:57Z</time>
      </trkpt>
      <trkpt lat="42.987831" lon="-1.882945">
        <ele>552.409</ele>
        <time>2023-06-25T09:44:00Z</time>
      </trkpt>
      <trkpt lat="42.987763" lon="-1.882902">
        <ele>550.995</ele>
        <time>2023-06-25T09:44:24Z</time>
      </trkpt>
      <trkpt lat="42.987711" lon="-1.882945">
        <ele>551.357</ele>
        <time>2023-06-25T09:45:06Z</time>
      </trkpt>
      <trkpt lat="42.987761" lon="-1.882922">
        <ele>552.312</ele>
        <time>2023-06-25T09:45:21Z</time>
      </trkpt>
      <trkpt lat="42.987736" lon="-1.882857">
        <ele>554.921</ele>
        <time>2023-06-25T09:46:08Z</time>
      </trkpt>
      <trkpt lat="42.987768" lon="-1.882904">
        <ele>554.925</ele>
        <time>2023-06-25T09:46:17Z</time>
      </trkpt>
      <trkpt lat="42.987760" lon="-1.882971">
        <ele>554.440</ele>
        <time>2023-06-25T09:46:32Z</time>
      </trkpt>
      <trkpt lat="42.987703" lon="-1.882883">
        <ele>561.414</ele>
        <time>2023-06-25T09:46:53Z</time>
      </trkpt>
      <trkpt lat="42.987738" lon="-1.882835">
        <ele>561.788</ele>
        <time>2023-06-25T09:46:58Z</time>
      </trkpt>
      <trkpt lat="42.987753" lon="-1.882758">
        <ele>561.494</ele>
        <time>2023-06-25T09:47:15Z</time>
      </trkpt>
      <trkpt lat="42.987768" lon="-1.882695">
        <ele>560.829</ele>
        <time>2023-06-25T09:47:22Z</time>
      </trkpt>
      <trkpt lat="42.987778" lon="-1.882635">
        <ele>560.600</ele>
        <time>2023-06-25T09:47:29Z</time>
      </trkpt>
      <trkpt lat="42.987808" lon="-1.882577">
        <ele>560.120</ele>
        <time>2023-06-25T09:47:32Z</time>
      </trkpt>
      <trkpt lat="42.987831" lon="-1.882520">
        <ele>560.509</ele>
        <time>2023-06-25T09:47:36Z</time>
      </trkpt>
      <trkpt lat="42.987854" lon="-1.882450">
        <ele>555.713</ele>
        <time>2023-06-25T09:47:51Z</time>
      </trkpt>
      <trkpt lat="42.987824" lon="-1.882403">
        <ele>555.645</ele>
        <time>2023-06-25T09:47:55Z</time>
      </trkpt>
      <trkpt lat="42.987781" lon="-1.882363">
        <ele>555.460</ele>
        <time>2023-06-25T09:48:00Z</time>
      </trkpt>
      <trkpt lat="42.987763" lon="-1.882306">
        <ele>555.699</ele>
        <time>2023-06-25T09:48:05Z</time>
      </trkpt>
      <trkpt lat="42.987735" lon="-1.882231">
        <ele>555.853</ele>
        <time>2023-06-25T09:48:11Z</time>
      </trkpt>
      <trkpt lat="42.987697" lon="-1.882196">
        <ele>565.018</ele>
        <time>2023-06-25T09:48:32Z</time>
      </trkpt>
      <trkpt lat="42.987650" lon="-1.882159">
        <ele>565.122</ele>
        <time>2023-06-25T09:48:37Z</time>
      </trkpt>
      <trkpt lat="42.987607" lon="-1.882187">
        <ele>565.196</ele>
        <time>2023-06-25T09:48:45Z</time>
      </trkpt>
      <trkpt lat="42.987557" lon="-1.882157">
        <ele>563.122</ele>
        <time>2023-06-25T09:51:23Z</time>
      </trkpt>
      <trkpt lat="42.987512" lon="-1.882152">
        <ele>562.842</ele>
        <time>2023-06-25T09:51:28Z</time>
      </trkpt>
      <trkpt lat="42.987469" lon="-1.882120">
        <ele>562.222</ele>
        <time>2023-06-25T09:51:34Z</time>
      </trkpt>
      <trkpt lat="42.987429" lon="-1.882083">
        <ele>563.814</ele>
        <time>2023-06-25T09:51:39Z</time>
      </trkpt>
      <trkpt lat="42.987394" lon="-1.882030">
        <ele>564.009</ele>
        <time>2023-06-25T09:51:43Z</time>
      </trkpt>
      <trkpt lat="42.987284" lon="-1.881870">
        <ele>564.335</ele>
        <time>2023-06-25T09:51:54Z</time>
      </trkpt>
      <trkpt lat="42.987237" lon="-1.881833">
        <ele>563.997</ele>
        <time>2023-06-25T09:51:58Z</time>
      </trkpt>
      <trkpt lat="42.987182" lon="-1.881781">
        <ele>561.672</ele>
        <time>2023-06-25T09:52:04Z</time>
      </trkpt>
      <trkpt lat="42.987140" lon="-1.881728">
        <ele>561.681</ele>
        <time>2023-06-25T09:52:08Z</time>
      </trkpt>
      <trkpt lat="42.987110" lon="-1.881680">
        <ele>561.625</ele>
        <time>2023-06-25T09:52:11Z</time>
      </trkpt>
      <trkpt lat="42.987062" lon="-1.881657">
        <ele>561.720</ele>
        <time>2023-06-25T09:52:15Z</time>
      </trkpt>
      <trkpt lat="42.987017" lon="-1.881620">
        <ele>561.954</ele>
        <time>2023-06-25T09:52:19Z</time>
      </trkpt>
      <trkpt lat="42.986972" lon="-1.881570">
        <ele>562.398</ele>
        <time>2023-06-25T09:52:23Z</time>
      </trkpt>
      <trkpt lat="42.986945" lon="-1.881512">
        <ele>563.614</ele>
        <time>2023-06-25T09:52:27Z</time>
      </trkpt>
      <trkpt lat="42.986903" lon="-1.881484">
        <ele>564.324</ele>
        <time>2023-06-25T09:52:30Z</time>
      </trkpt>
      <trkpt lat="42.986886" lon="-1.881424">
        <ele>564.904</ele>
        <time>2023-06-25T09:52:33Z</time>
      </trkpt>
      <trkpt lat="42.986941" lon="-1.881382">
        <ele>564.714</ele>
        <time>2023-06-25T09:52:43Z</time>
      </trkpt>
      <trkpt lat="42.986896" lon="-1.881405">
        <ele>564.309</ele>
        <time>2023-06-25T09:52:53Z</time>
      </trkpt>
      <trkpt lat="42.987073" lon="-1.881077">
        <ele>567.573</ele>
        <time>2023-06-25T09:53:38Z</time>
      </trkpt>
      <trkpt lat="42.987061" lon="-1.881005">
        <ele>565.215</ele>
        <time>2023-06-25T09:53:43Z</time>
      </trkpt>
      <trkpt lat="42.987026" lon="-1.880963">
        <ele>562.990</ele>
        <time>2023-06-25T09:53:49Z</time>
      </trkpt>
      <trkpt lat="42.987026" lon="-1.880881">
        <ele>561.159</ele>
        <time>2023-06-25T09:54:50Z</time>
      </trkpt>
      <trkpt lat="42.987018" lon="-1.880819">
        <ele>561.153</ele>
        <time>2023-06-25T09:54:54Z</time>
      </trkpt>
      <trkpt lat="42.987023" lon="-1.880754">
        <ele>561.138</ele>
        <time>2023-06-25T09:55:01Z</time>
      </trkpt>
      <trkpt lat="42.986995" lon="-1.880697">
        <ele>561.182</ele>
        <time>2023-06-25T09:55:04Z</time>
      </trkpt>
      <trkpt lat="42.986985" lon="-1.880622">
        <ele>560.436</ele>
        <time>2023-06-25T09:55:10Z</time>
      </trkpt>
      <trkpt lat="42.986975" lon="-1.880559">
        <ele>561.492</ele>
        <time>2023-06-25T09:55:15Z</time>
      </trkpt>
      <trkpt lat="42.986988" lon="-1.880497">
        <ele>560.439</ele>
        <time>2023-06-25T09:55:20Z</time>
      </trkpt>
      <trkpt lat="42.986973" lon="-1.880424">
        <ele>557.801</ele>
        <time>2023-06-25T09:55:25Z</time>
      </trkpt>
      <trkpt lat="42.986980" lon="-1.880349">
        <ele>557.121</ele>
        <time>2023-06-25T09:55:30Z</time>
      </trkpt>
      <trkpt lat="42.986982" lon="-1.880281">
        <ele>557.209</ele>
        <time>2023-06-25T09:55:37Z</time>
      </trkpt>
      <trkpt lat="42.986959" lon="-1.880219">
        <ele>557.084</ele>
        <time>2023-06-25T09:55:42Z</time>
      </trkpt>
      <trkpt lat="42.986977" lon="-1.880159">
        <ele>556.926</ele>
        <time>2023-06-25T09:55:46Z</time>
      </trkpt>
      <trkpt lat="42.986980" lon="-1.880086">
        <ele>556.811</ele>
        <time>2023-06-25T09:55:50Z</time>
      </trkpt>
      <trkpt lat="42.986967" lon="-1.880014">
        <ele>556.410</ele>
        <time>2023-06-25T09:55:54Z</time>
      </trkpt>
      <trkpt lat="42.986950" lon="-1.879944">
        <ele>552.014</ele>
        <time>2023-06-25T09:56:02Z</time>
      </trkpt>
      <trkpt lat="42.986932" lon="-1.879877">
        <ele>548.819</ele>
        <time>2023-06-25T09:56:07Z</time>
      </trkpt>
      <trkpt lat="42.986919" lon="-1.879815">
        <ele>546.683</ele>
        <time>2023-06-25T09:56:11Z</time>
      </trkpt>
      <trkpt lat="42.986902" lon="-1.879750">
        <ele>546.057</ele>
        <time>2023-06-25T09:56:16Z</time>
      </trkpt>
      <trkpt lat="42.986895" lon="-1.879683">
        <ele>545.943</ele>
        <time>2023-06-25T09:56:21Z</time>
      </trkpt>
      <trkpt lat="42.986892" lon="-1.879621">
        <ele>545.961</ele>
        <time>2023-06-25T09:56:25Z</time>
      </trkpt>
      <trkpt lat="42.986892" lon="-1.879519">
        <ele>546.221</ele>
        <time>2023-06-25T09:56:31Z</time>
      </trkpt>
      <trkpt lat="42.986890" lon="-1.879454">
        <ele>547.013</ele>
        <time>2023-06-25T09:56:37Z</time>
      </trkpt>
      <trkpt lat="42.986888" lon="-1.879367">
        <ele>546.909</ele>
        <time>2023-06-25T09:56:45Z</time>
      </trkpt>
      <trkpt lat="42.986770" lon="-1.879265">
        <ele>544.667</ele>
        <time>2023-06-25T09:57:02Z</time>
      </trkpt>
      <trkpt lat="42.986685" lon="-1.879287">
        <ele>542.069</ele>
        <time>2023-06-25T09:57:14Z</time>
      </trkpt>
      <trkpt lat="42.986717" lon="-1.879239">
        <ele>541.554</ele>
        <time>2023-06-25T09:57:19Z</time>
      </trkpt>
      <trkpt lat="42.986762" lon="-1.879239">
        <ele>541.033</ele>
        <time>2023-06-25T09:57:27Z</time>
      </trkpt>
      <trkpt lat="42.986632" lon="-1.879201">
        <ele>537.377</ele>
        <time>2023-06-25T09:58:15Z</time>
      </trkpt>
      <trkpt lat="42.986587" lon="-1.879191">
        <ele>537.382</ele>
        <time>2023-06-25T09:58:18Z</time>
      </trkpt>
      <trkpt lat="42.986567" lon="-1.879269">
        <ele>537.586</ele>
        <time>2023-06-25T09:58:38Z</time>
      </trkpt>
      <trkpt lat="42.986562" lon="-1.879206">
        <ele>537.960</ele>
        <time>2023-06-25T09:58:53Z</time>
      </trkpt>
      <trkpt lat="42.986520" lon="-1.879171">
        <ele>538.396</ele>
        <time>2023-06-25T09:58:58Z</time>
      </trkpt>
      <trkpt lat="42.986493" lon="-1.879234">
        <ele>541.112</ele>
        <time>2023-06-25T09:59:08Z</time>
      </trkpt>
      <trkpt lat="42.986498" lon="-1.879301">
        <ele>542.432</ele>
        <time>2023-06-25T09:59:19Z</time>
      </trkpt>
      <trkpt lat="42.986485" lon="-1.879368">
        <ele>547.905</ele>
        <time>2023-06-25T09:59:46Z</time>
      </trkpt>
      <trkpt lat="42.986502" lon="-1.879431">
        <ele>549.909</ele>
        <time>2023-06-25T09:59:52Z</time>
      </trkpt>
      <trkpt lat="42.986540" lon="-1.879504">
        <ele>550.912</ele>
        <time>2023-06-25T10:00:04Z</time>
      </trkpt>
      <trkpt lat="42.986548" lon="-1.879592">
        <ele>551.114</ele>
        <time>2023-06-25T10:00:09Z</time>
      </trkpt>
      <trkpt lat="42.986541" lon="-1.879655">
        <ele>553.329</ele>
        <time>2023-06-25T10:00:14Z</time>
      </trkpt>
      <trkpt lat="42.986508" lon="-1.879600">
        <ele>552.888</ele>
        <time>2023-06-25T10:00:29Z</time>
      </trkpt>
      <trkpt lat="42.986488" lon="-1.879543">
        <ele>551.712</ele>
        <time>2023-06-25T10:00:36Z</time>
      </trkpt>
      <trkpt lat="42.986478" lon="-1.879461">
        <ele>551.887</ele>
        <time>2023-06-25T10:00:43Z</time>
      </trkpt>
      <trkpt lat="42.986491" lon="-1.879334">
        <ele>557.161</ele>
        <time>2023-06-25T10:01:01Z</time>
      </trkpt>
      <trkpt lat="42.986506" lon="-1.879274">
        <ele>559.725</ele>
        <time>2023-06-25T10:01:09Z</time>
      </trkpt>
      <trkpt lat="42.986424" lon="-1.879311">
        <ele>557.931</ele>
        <time>2023-06-25T10:01:33Z</time>
      </trkpt>
      <trkpt lat="42.986386" lon="-1.879273">
        <ele>557.819</ele>
        <time>2023-06-25T10:01:41Z</time>
      </trkpt>
      <trkpt lat="42.986368" lon="-1.879215">
        <ele>557.809</ele>
        <time>2023-06-25T10:01:47Z</time>
      </trkpt>
      <trkpt lat="42.986388" lon="-1.879152">
        <ele>557.819</ele>
        <time>2023-06-25T10:01:53Z</time>
      </trkpt>
      <trkpt lat="42.986411" lon="-1.879095">
        <ele>557.809</ele>
        <time>2023-06-25T10:01:56Z</time>
      </trkpt>
      <trkpt lat="42.986449" lon="-1.879047">
        <ele>557.722</ele>
        <time>2023-06-25T10:02:01Z</time>
      </trkpt>
      <trkpt lat="42.986464" lon="-1.878977">
        <ele>557.724</ele>
        <time>2023-06-25T10:02:05Z</time>
      </trkpt>
      <trkpt lat="42.986464" lon="-1.878889">
        <ele>557.759</ele>
        <time>2023-06-25T10:02:08Z</time>
      </trkpt>
      <trkpt lat="42.986472" lon="-1.878802">
        <ele>558.038</ele>
        <time>2023-06-25T10:02:11Z</time>
      </trkpt>
      <trkpt lat="42.986460" lon="-1.878735">
        <ele>558.022</ele>
        <time>2023-06-25T10:02:13Z</time>
      </trkpt>
      <trkpt lat="42.986452" lon="-1.878655">
        <ele>558.777</ele>
        <time>2023-06-25T10:02:16Z</time>
      </trkpt>
      <trkpt lat="42.986442" lon="-1.878587">
        <ele>560.041</ele>
        <time>2023-06-25T10:02:22Z</time>
      </trkpt>
      <trkpt lat="42.986415" lon="-1.878535">
        <ele>559.975</ele>
        <time>2023-06-25T10:02:28Z</time>
      </trkpt>
      <trkpt lat="42.986415" lon="-1.878467">
        <ele>559.231</ele>
        <time>2023-06-25T10:03:47Z</time>
      </trkpt>
      <trkpt lat="42.986435" lon="-1.878397">
        <ele>558.975</ele>
        <time>2023-06-25T10:03:58Z</time>
      </trkpt>
      <trkpt lat="42.986432" lon="-1.878334">
        <ele>558.928</ele>
        <time>2023-06-25T10:04:06Z</time>
      </trkpt>
      <trkpt lat="42.986437" lon="-1.878269">
        <ele>558.920</ele>
        <time>2023-06-25T10:04:11Z</time>
      </trkpt>
      <trkpt lat="42.986404" lon="-1.878211">
        <ele>558.909</ele>
        <time>2023-06-25T10:04:16Z</time>
      </trkpt>
      <trkpt lat="42.986379" lon="-1.878149">
        <ele>561.328</ele>
        <time>2023-06-25T10:04:23Z</time>
      </trkpt>
      <trkpt lat="42.986369" lon="-1.878089">
        <ele>562.110</ele>
        <time>2023-06-25T10:04:27Z</time>
      </trkpt>
      <trkpt lat="42.986334" lon="-1.878042">
        <ele>562.255</ele>
        <time>2023-06-25T10:04:32Z</time>
      </trkpt>
      <trkpt lat="42.986312" lon="-1.877987">
        <ele>562.684</ele>
        <time>2023-06-25T10:04:36Z</time>
      </trkpt>
      <trkpt lat="42.986287" lon="-1.877932">
        <ele>562.648</ele>
        <time>2023-06-25T10:04:40Z</time>
      </trkpt>
      <trkpt lat="42.986255" lon="-1.877887">
        <ele>562.023</ele>
        <time>2023-06-25T10:04:44Z</time>
      </trkpt>
      <trkpt lat="42.986225" lon="-1.877839">
        <ele>561.497</ele>
        <time>2023-06-25T10:04:50Z</time>
      </trkpt>
      <trkpt lat="42.986217" lon="-1.877767">
        <ele>555.371</ele>
        <time>2023-06-25T10:05:28Z</time>
      </trkpt>
      <trkpt lat="42.986202" lon="-1.877704">
        <ele>555.077</ele>
        <time>2023-06-25T10:05:36Z</time>
      </trkpt>
      <trkpt lat="42.986187" lon="-1.877646">
        <ele>554.637</ele>
        <time>2023-06-25T10:05:39Z</time>
      </trkpt>
      <trkpt lat="42.986162" lon="-1.877584">
        <ele>554.549</ele>
        <time>2023-06-25T10:05:44Z</time>
      </trkpt>
      <trkpt lat="42.986137" lon="-1.877519">
        <ele>554.113</ele>
        <time>2023-06-25T10:05:49Z</time>
      </trkpt>
      <trkpt lat="42.986109" lon="-1.877459">
        <ele>555.009</ele>
        <time>2023-06-25T10:05:55Z</time>
      </trkpt>
      <trkpt lat="42.986087" lon="-1.877401">
        <ele>560.194</ele>
        <time>2023-06-25T10:06:00Z</time>
      </trkpt>
      <trkpt lat="42.986052" lon="-1.877356">
        <ele>562.796</ele>
        <time>2023-06-25T10:06:04Z</time>
      </trkpt>
      <trkpt lat="42.986022" lon="-1.877294">
        <ele>563.431</ele>
        <time>2023-06-25T10:06:09Z</time>
      </trkpt>
      <trkpt lat="42.986007" lon="-1.877231">
        <ele>564.090</ele>
        <time>2023-06-25T10:06:12Z</time>
      </trkpt>
      <trkpt lat="42.985974" lon="-1.877178">
        <ele>564.964</ele>
        <time>2023-06-25T10:06:19Z</time>
      </trkpt>
      <trkpt lat="42.985937" lon="-1.877140">
        <ele>565.739</ele>
        <time>2023-06-25T10:06:26Z</time>
      </trkpt>
      <trkpt lat="42.985927" lon="-1.877052">
        <ele>565.313</ele>
        <time>2023-06-25T10:06:34Z</time>
      </trkpt>
      <trkpt lat="42.985897" lon="-1.877000">
        <ele>565.557</ele>
        <time>2023-06-25T10:06:38Z</time>
      </trkpt>
      <trkpt lat="42.985869" lon="-1.876942">
        <ele>565.323</ele>
        <time>2023-06-25T10:06:44Z</time>
      </trkpt>
      <trkpt lat="42.985841" lon="-1.876887">
        <ele>563.154</ele>
        <time>2023-06-25T10:06:50Z</time>
      </trkpt>
      <trkpt lat="42.985808" lon="-1.876844">
        <ele>559.956</ele>
        <time>2023-06-25T10:06:56Z</time>
      </trkpt>
      <trkpt lat="42.985760" lon="-1.876804">
        <ele>557.911</ele>
        <time>2023-06-25T10:07:00Z</time>
      </trkpt>
      <trkpt lat="42.985725" lon="-1.876722">
        <ele>555.609</ele>
        <time>2023-06-25T10:07:14Z</time>
      </trkpt>
      <trkpt lat="42.985695" lon="-1.876655">
        <ele>554.886</ele>
        <time>2023-06-25T10:07:19Z</time>
      </trkpt>
      <trkpt lat="42.985667" lon="-1.876598">
        <ele>554.688</ele>
        <time>2023-06-25T10:07:23Z</time>
      </trkpt>
      <trkpt lat="42.985649" lon="-1.876538">
        <ele>554.243</ele>
        <time>2023-06-25T10:07:26Z</time>
      </trkpt>
      <trkpt lat="42.985636" lon="-1.876478">
        <ele>554.162</ele>
        <time>2023-06-25T10:07:30Z</time>
      </trkpt>
      <trkpt lat="42.985604" lon="-1.876425">
        <ele>553.416</ele>
        <time>2023-06-25T10:07:36Z</time>
      </trkpt>
      <trkpt lat="42.985622" lon="-1.876348">
        <ele>551.661</ele>
        <time>2023-06-25T10:07:47Z</time>
      </trkpt>
      <trkpt lat="42.985609" lon="-1.876288">
        <ele>548.495</ele>
        <time>2023-06-25T10:07:51Z</time>
      </trkpt>
      <trkpt lat="42.985581" lon="-1.876238">
        <ele>548.749</ele>
        <time>2023-06-25T10:07:56Z</time>
      </trkpt>
      <trkpt lat="42.985476" lon="-1.875995">
        <ele>549.455</ele>
        <time>2023-06-25T10:08:19Z</time>
      </trkpt>
      <trkpt lat="42.985434" lon="-1.875945">
        <ele>547.043</ele>
        <time>2023-06-25T10:08:23Z</time>
      </trkpt>
      <trkpt lat="42.985384" lon="-1.875907">
        <ele>546.464</ele>
        <time>2023-06-25T10:08:28Z</time>
      </trkpt>
      <trkpt lat="42.985351" lon="-1.875837">
        <ele>546.510</ele>
        <time>2023-06-25T10:08:35Z</time>
      </trkpt>
      <trkpt lat="42.985323" lon="-1.875787">
        <ele>548.009</ele>
        <time>2023-06-25T10:08:38Z</time>
      </trkpt>
      <trkpt lat="42.985280" lon="-1.875744">
        <ele>548.515</ele>
        <time>2023-06-25T10:08:42Z</time>
      </trkpt>
      <trkpt lat="42.985282" lon="-1.875671">
        <ele>549.177</ele>
        <time>2023-06-25T10:08:47Z</time>
      </trkpt>
      <trkpt lat="42.985290" lon="-1.875606">
        <ele>549.952</ele>
        <time>2023-06-25T10:08:54Z</time>
      </trkpt>
      <trkpt lat="42.985297" lon="-1.875538">
        <ele>550.171</ele>
        <time>2023-06-25T10:08:58Z</time>
      </trkpt>
      <trkpt lat="42.985320" lon="-1.875485">
        <ele>557.145</ele>
        <time>2023-06-25T10:09:16Z</time>
      </trkpt>
      <trkpt lat="42.985325" lon="-1.875408">
        <ele>559.830</ele>
        <time>2023-06-25T10:09:22Z</time>
      </trkpt>
      <trkpt lat="42.985290" lon="-1.875365">
        <ele>560.714</ele>
        <time>2023-06-25T10:09:26Z</time>
      </trkpt>
      <trkpt lat="42.985283" lon="-1.875303">
        <ele>561.348</ele>
        <time>2023-06-25T10:09:30Z</time>
      </trkpt>
      <trkpt lat="42.985243" lon="-1.875255">
        <ele>561.424</ele>
        <time>2023-06-25T10:09:35Z</time>
      </trkpt>
      <trkpt lat="42.985211" lon="-1.875198">
        <ele>561.584</ele>
        <time>2023-06-25T10:09:40Z</time>
      </trkpt>
      <trkpt lat="42.985196" lon="-1.875090">
        <ele>560.907</ele>
        <time>2023-06-25T10:09:46Z</time>
      </trkpt>
      <trkpt lat="42.985148" lon="-1.875028">
        <ele>560.517</ele>
        <time>2023-06-25T10:09:51Z</time>
      </trkpt>
      <trkpt lat="42.985133" lon="-1.874966">
        <ele>559.809</ele>
        <time>2023-06-25T10:09:58Z</time>
      </trkpt>
      <trkpt lat="42.985090" lon="-1.874948">
        <ele>559.539</ele>
        <time>2023-06-25T10:10:02Z</time>
      </trkpt>
      <trkpt lat="42.985042" lon="-1.874918">
        <ele>557.121</ele>
        <time>2023-06-25T10:10:08Z</time>
      </trkpt>
      <trkpt lat="42.984999" lon="-1.874895">
        <ele>556.676</ele>
        <time>2023-06-25T10:10:13Z</time>
      </trkpt>
      <trkpt lat="42.984972" lon="-1.874828">
        <ele>555.455</ele>
        <time>2023-06-25T10:10:18Z</time>
      </trkpt>
      <trkpt lat="42.984965" lon="-1.874756">
        <ele>555.299</ele>
        <time>2023-06-25T10:10:23Z</time>
      </trkpt>
      <trkpt lat="42.984948" lon="-1.874659">
        <ele>555.144</ele>
        <time>2023-06-25T10:10:28Z</time>
      </trkpt>
      <trkpt lat="42.984930" lon="-1.874594">
        <ele>555.068</ele>
        <time>2023-06-25T10:10:34Z</time>
      </trkpt>
      <trkpt lat="42.984870" lon="-1.874494">
        <ele>553.872</ele>
        <time>2023-06-25T10:11:02Z</time>
      </trkpt>
      <trkpt lat="42.984822" lon="-1.874559">
        <ele>553.548</ele>
        <time>2023-06-25T10:11:20Z</time>
      </trkpt>
      <trkpt lat="42.984864" lon="-1.874531">
        <ele>553.571</ele>
        <time>2023-06-25T10:11:29Z</time>
      </trkpt>
      <trkpt lat="42.984946" lon="-1.874386">
        <ele>553.541</ele>
        <time>2023-06-25T10:11:55Z</time>
      </trkpt>
      <trkpt lat="42.984924" lon="-1.874321">
        <ele>553.615</ele>
        <time>2023-06-25T10:12:02Z</time>
      </trkpt>
      <trkpt lat="42.984899" lon="-1.874263">
        <ele>553.609</ele>
        <time>2023-06-25T10:12:08Z</time>
      </trkpt>
      <trkpt lat="42.984876" lon="-1.874210">
        <ele>556.718</ele>
        <time>2023-06-25T10:12:15Z</time>
      </trkpt>
      <trkpt lat="42.984823" lon="-1.874162">
        <ele>559.820</ele>
        <time>2023-06-25T10:12:21Z</time>
      </trkpt>
      <trkpt lat="42.984868" lon="-1.874220">
        <ele>565.335</ele>
        <time>2023-06-25T10:12:37Z</time>
      </trkpt>
      <trkpt lat="42.984763" lon="-1.874180">
        <ele>563.984</ele>
        <time>2023-06-25T10:12:54Z</time>
      </trkpt>
      <trkpt lat="42.984726" lon="-1.874232">
        <ele>562.528</ele>
        <time>2023-06-25T10:13:01Z</time>
      </trkpt>
      <trkpt lat="42.984679" lon="-1.874224">
        <ele>562.573</ele>
        <time>2023-06-25T10:13:06Z</time>
      </trkpt>
      <trkpt lat="42.984747" lon="-1.874211">
        <ele>555.167</ele>
        <time>2023-06-25T10:13:47Z</time>
      </trkpt>
      <trkpt lat="42.984745" lon="-1.874146">
        <ele>555.161</ele>
        <time>2023-06-25T10:13:54Z</time>
      </trkpt>
      <trkpt lat="42.984740" lon="-1.874063">
        <ele>554.957</ele>
        <time>2023-06-25T10:13:57Z</time>
      </trkpt>
      <trkpt lat="42.984737" lon="-1.874001">
        <ele>555.182</ele>
        <time>2023-06-25T10:13:59Z</time>
      </trkpt>
      <trkpt lat="42.984710" lon="-1.873918">
        <ele>555.143</ele>
        <time>2023-06-25T10:14:02Z</time>
      </trkpt>
      <trkpt lat="42.984697" lon="-1.873840">
        <ele>563.517</ele>
        <time>2023-06-25T10:14:04Z</time>
      </trkpt>
      <trkpt lat="42.984685" lon="-1.873758">
        <ele>564.009</ele>
        <time>2023-06-25T10:14:06Z</time>
      </trkpt>
      <trkpt lat="42.984663" lon="-1.873680">
        <ele>564.039</ele>
        <time>2023-06-25T10:14:08Z</time>
      </trkpt>
      <trkpt lat="42.984635" lon="-1.873615">
        <ele>562.721</ele>
        <time>2023-06-25T10:14:10Z</time>
      </trkpt>
      <trkpt lat="42.984615" lon="-1.873540">
        <ele>562.166</ele>
        <time>2023-06-25T10:14:12Z</time>
      </trkpt>
      <trkpt lat="42.984602" lon="-1.873455">
        <ele>561.715</ele>
        <time>2023-06-25T10:14:14Z</time>
      </trkpt>
      <trkpt lat="42.984609" lon="-1.873375">
        <ele>561.189</ele>
        <time>2023-06-25T10:14:16Z</time>
      </trkpt>
      <trkpt lat="42.984612" lon="-1.873292">
        <ele>560.774</ele>
        <time>2023-06-25T10:14:18Z</time>
      </trkpt>
      <trkpt lat="42.984619" lon="-1.873200">
        <ele>560.268</ele>
        <time>2023-06-25T10:14:20Z</time>
      </trkpt>
      <trkpt lat="42.984614" lon="-1.873115">
        <ele>559.522</ele>
        <time>2023-06-25T10:14:22Z</time>
      </trkpt>
      <trkpt lat="42.984612" lon="-1.873020">
        <ele>559.078</ele>
        <time>2023-06-25T10:14:24Z</time>
      </trkpt>
      <trkpt lat="42.984595" lon="-1.872947">
        <ele>558.239</ele>
        <time>2023-06-25T10:14:26Z</time>
      </trkpt>
      <trkpt lat="42.984565" lon="-1.872875">
        <ele>558.001</ele>
        <time>2023-06-25T10:14:28Z</time>
      </trkpt>
      <trkpt lat="42.984538" lon="-1.872825">
        <ele>557.821</ele>
        <time>2023-06-25T10:14:30Z</time>
      </trkpt>
      <trkpt lat="42.984501" lon="-1.872753">
        <ele>557.709</ele>
        <time>2023-06-25T10:14:35Z</time>
      </trkpt>
      <trkpt lat="42.984464" lon="-1.872708">
        <ele>557.624</ele>
        <time>2023-06-25T10:14:38Z</time>
      </trkpt>
      <trkpt lat="42.984434" lon="-1.872651">
        <ele>557.556</ele>
        <time>2023-06-25T10:14:41Z</time>
      </trkpt>
      <trkpt lat="42.984392" lon="-1.872619">
        <ele>557.251</ele>
        <time>2023-06-25T10:14:45Z</time>
      </trkpt>
      <trkpt lat="42.984337" lon="-1.872569">
        <ele>557.230</ele>
        <time>2023-06-25T10:14:50Z</time>
      </trkpt>
      <trkpt lat="42.984320" lon="-1.872511">
        <ele>557.224</ele>
        <time>2023-06-25T10:14:54Z</time>
      </trkpt>
      <trkpt lat="42.984253" lon="-1.872218">
        <ele>561.649</ele>
        <time>2023-06-25T10:15:11Z</time>
      </trkpt>
      <trkpt lat="42.984260" lon="-1.872151">
        <ele>562.623</ele>
        <time>2023-06-25T10:15:15Z</time>
      </trkpt>
      <trkpt lat="42.984235" lon="-1.872089">
        <ele>564.217</ele>
        <time>2023-06-25T10:15:21Z</time>
      </trkpt>
      <trkpt lat="42.984190" lon="-1.872064">
        <ele>563.773</ele>
        <time>2023-06-25T10:15:29Z</time>
      </trkpt>
      <trkpt lat="42.984160" lon="-1.872016">
        <ele>562.937</ele>
        <time>2023-06-25T10:15:36Z</time>
      </trkpt>
      <trkpt lat="42.984135" lon="-1.871943">
        <ele>562.149</ele>
        <time>2023-06-25T10:15:40Z</time>
      </trkpt>
      <trkpt lat="42.984077" lon="-1.871896">
        <ele>559.613</ele>
        <time>2023-06-25T10:15:44Z</time>
      </trkpt>
      <trkpt lat="42.984045" lon="-1.871851">
        <ele>557.109</ele>
        <time>2023-06-25T10:15:49Z</time>
      </trkpt>
      <trkpt lat="42.984018" lon="-1.871784">
        <ele>555.824</ele>
        <time>2023-06-25T10:15:58Z</time>
      </trkpt>
      <trkpt lat="42.983968" lon="-1.871696">
        <ele>555.266</ele>
        <time>2023-06-25T10:16:07Z</time>
      </trkpt>
      <trkpt lat="42.983996" lon="-1.871481">
        <ele>553.521</ele>
        <time>2023-06-25T10:17:14Z</time>
      </trkpt>
      <trkpt lat="42.983888" lon="-1.871229">
        <ele>553.660</ele>
        <time>2023-06-25T10:17:34Z</time>
      </trkpt>
      <trkpt lat="42.983850" lon="-1.871186">
        <ele>553.484</ele>
        <time>2023-06-25T10:17:37Z</time>
      </trkpt>
      <trkpt lat="42.983828" lon="-1.871123">
        <ele>547.939</ele>
        <time>2023-06-25T10:17:44Z</time>
      </trkpt>
      <trkpt lat="42.983795" lon="-1.871080">
        <ele>545.663</ele>
        <time>2023-06-25T10:17:48Z</time>
      </trkpt>
      <trkpt lat="42.983757" lon="-1.871038">
        <ele>543.427</ele>
        <time>2023-06-25T10:17:50Z</time>
      </trkpt>
      <trkpt lat="42.983722" lon="-1.870986">
        <ele>543.093</ele>
        <time>2023-06-25T10:17:52Z</time>
      </trkpt>
      <trkpt lat="42.983687" lon="-1.870923">
        <ele>542.452</ele>
        <time>2023-06-25T10:17:54Z</time>
      </trkpt>
      <trkpt lat="42.983649" lon="-1.870886">
        <ele>540.953</ele>
        <time>2023-06-25T10:17:57Z</time>
      </trkpt>
      <trkpt lat="42.983601" lon="-1.870873">
        <ele>537.008</ele>
        <time>2023-06-25T10:18:02Z</time>
      </trkpt>
      <trkpt lat="42.983553" lon="-1.870748">
        <ele>529.509</ele>
        <time>2023-06-25T10:18:32Z</time>
      </trkpt>
      <trkpt lat="42.983420" lon="-1.870746">
        <ele>529.386</ele>
        <time>2023-06-25T10:18:48Z</time>
      </trkpt>
      <trkpt lat="42.983368" lon="-1.870724">
        <ele>531.858</ele>
        <time>2023-06-25T10:18:51Z</time>
      </trkpt>
      <trkpt lat="42.983323" lon="-1.870729">
        <ele>533.663</ele>
        <time>2023-06-25T10:18:55Z</time>
      </trkpt>
      <trkpt lat="42.983320" lon="-1.870644">
        <ele>535.682</ele>
        <time>2023-06-25T10:19:21Z</time>
      </trkpt>
      <trkpt lat="42.983242" lon="-1.870541">
        <ele>543.496</ele>
        <time>2023-06-25T10:20:23Z</time>
      </trkpt>
      <trkpt lat="42.983195" lon="-1.870563">
        <ele>545.831</ele>
        <time>2023-06-25T10:20:35Z</time>
      </trkpt>
      <trkpt lat="42.983143" lon="-1.870496">
        <ele>549.345</ele>
        <time>2023-06-25T10:21:28Z</time>
      </trkpt>
      <trkpt lat="42.983105" lon="-1.870463">
        <ele>547.489</ele>
        <time>2023-06-25T10:21:36Z</time>
      </trkpt>
      <trkpt lat="42.983060" lon="-1.870460">
        <ele>547.195</ele>
        <time>2023-06-25T10:21:43Z</time>
      </trkpt>
      <trkpt lat="42.983022" lon="-1.870425">
        <ele>547.315</ele>
        <time>2023-06-25T10:21:59Z</time>
      </trkpt>
      <trkpt lat="42.982960" lon="-1.870403">
        <ele>547.765</ele>
        <time>2023-06-25T10:22:14Z</time>
      </trkpt>
      <trkpt lat="42.982943" lon="-1.870335">
        <ele>550.111</ele>
        <time>2023-06-25T10:22:24Z</time>
      </trkpt>
      <trkpt lat="42.982900" lon="-1.870252">
        <ele>550.309</ele>
        <time>2023-06-25T10:22:36Z</time>
      </trkpt>
      <trkpt lat="42.982853" lon="-1.870269">
        <ele>550.162</ele>
        <time>2023-06-25T10:22:51Z</time>
      </trkpt>
      <trkpt lat="42.982805" lon="-1.870241">
        <ele>549.644</ele>
        <time>2023-06-25T10:23:03Z</time>
      </trkpt>
      <trkpt lat="42.982797" lon="-1.870168">
        <ele>546.939</ele>
        <time>2023-06-25T10:23:12Z</time>
      </trkpt>
      <trkpt lat="42.982752" lon="-1.870043">
        <ele>537.348</ele>
        <time>2023-06-25T10:23:35Z</time>
      </trkpt>
      <trkpt lat="42.982665" lon="-1.869888">
        <ele>536.142</ele>
        <time>2023-06-25T10:24:01Z</time>
      </trkpt>
      <trkpt lat="42.982550" lon="-1.869813">
        <ele>541.937</ele>
        <time>2023-06-25T10:24:17Z</time>
      </trkpt>
      <trkpt lat="42.982570" lon="-1.869653">
        <ele>543.631</ele>
        <time>2023-06-25T10:24:30Z</time>
      </trkpt>
      <trkpt lat="42.982563" lon="-1.869591">
        <ele>543.975</ele>
        <time>2023-06-25T10:24:35Z</time>
      </trkpt>
      <trkpt lat="42.982588" lon="-1.869506">
        <ele>544.661</ele>
        <time>2023-06-25T10:24:45Z</time>
      </trkpt>
      <trkpt lat="42.982600" lon="-1.869439">
        <ele>544.532</ele>
        <time>2023-06-25T10:24:52Z</time>
      </trkpt>
      <trkpt lat="42.982598" lon="-1.869324">
        <ele>543.992</ele>
        <time>2023-06-25T10:25:05Z</time>
      </trkpt>
      <trkpt lat="42.982605" lon="-1.869262">
        <ele>543.911</ele>
        <time>2023-06-25T10:25:10Z</time>
      </trkpt>
      <trkpt lat="42.982583" lon="-1.869150">
        <ele>543.509</ele>
        <time>2023-06-25T10:25:18Z</time>
      </trkpt>
      <trkpt lat="42.982568" lon="-1.869085">
        <ele>543.374</ele>
        <time>2023-06-25T10:25:24Z</time>
      </trkpt>
      <trkpt lat="42.982555" lon="-1.869018">
        <ele>542.526</ele>
        <time>2023-06-25T10:25:30Z</time>
      </trkpt>
      <trkpt lat="42.982525" lon="-1.868966">
        <ele>538.461</ele>
        <time>2023-06-25T10:25:41Z</time>
      </trkpt>
      <trkpt lat="42.982592" lon="-1.868919">
        <ele>536.580</ele>
        <time>2023-06-25T10:25:55Z</time>
      </trkpt>
      <trkpt lat="42.982620" lon="-1.868977">
        <ele>534.574</ele>
        <time>2023-06-25T10:26:06Z</time>
      </trkpt>
      <trkpt lat="42.982417" lon="-1.868792">
        <ele>523.269</ele>
        <time>2023-06-25T10:26:58Z</time>
      </trkpt>
      <trkpt lat="42.982432" lon="-1.868710">
        <ele>523.213</ele>
        <time>2023-06-25T10:27:05Z</time>
      </trkpt>
      <trkpt lat="42.982474" lon="-1.868687">
        <ele>523.347</ele>
        <time>2023-06-25T10:27:08Z</time>
      </trkpt>
      <trkpt lat="42.982507" lon="-1.868620">
        <ele>543.053</ele>
        <time>2023-06-25T10:27:22Z</time>
      </trkpt>
      <trkpt lat="42.982520" lon="-1.868552">
        <ele>545.748</ele>
        <time>2023-06-25T10:27:25Z</time>
      </trkpt>
      <trkpt lat="42.982532" lon="-1.868447">
        <ele>545.561</ele>
        <time>2023-06-25T10:27:33Z</time>
      </trkpt>
      <trkpt lat="42.982520" lon="-1.868384">
        <ele>543.917</ele>
        <time>2023-06-25T10:27:35Z</time>
      </trkpt>
      <trkpt lat="42.982490" lon="-1.868317">
        <ele>543.509</ele>
        <time>2023-06-25T10:27:37Z</time>
      </trkpt>
      <trkpt lat="42.982458" lon="-1.868262">
        <ele>543.585</ele>
        <time>2023-06-25T10:27:39Z</time>
      </trkpt>
      <trkpt lat="42.982445" lon="-1.868195">
        <ele>543.817</ele>
        <time>2023-06-25T10:27:41Z</time>
      </trkpt>
      <trkpt lat="42.982437" lon="-1.868113">
        <ele>545.192</ele>
        <time>2023-06-25T10:27:43Z</time>
      </trkpt>
      <trkpt lat="42.982414" lon="-1.868033">
        <ele>545.821</ele>
        <time>2023-06-25T10:27:45Z</time>
      </trkpt>
      <trkpt lat="42.982399" lon="-1.867958">
        <ele>546.345</ele>
        <time>2023-06-25T10:27:47Z</time>
      </trkpt>
      <trkpt lat="42.982394" lon="-1.867883">
        <ele>546.610</ele>
        <time>2023-06-25T10:27:49Z</time>
      </trkpt>
      <trkpt lat="42.982379" lon="-1.867825">
        <ele>546.784</ele>
        <time>2023-06-25T10:27:52Z</time>
      </trkpt>
      <trkpt lat="42.982377" lon="-1.867763">
        <ele>548.058</ele>
        <time>2023-06-25T10:27:59Z</time>
      </trkpt>
      <trkpt lat="42.982335" lon="-1.867716">
        <ele>549.644</ele>
        <time>2023-06-25T10:28:07Z</time>
      </trkpt>
      <trkpt lat="42.982318" lon="-1.867638">
        <ele>551.421</ele>
        <time>2023-06-25T10:28:13Z</time>
      </trkpt>
      <trkpt lat="42.982303" lon="-1.867573">
        <ele>554.141</ele>
        <time>2023-06-25T10:28:19Z</time>
      </trkpt>
      <trkpt lat="42.982300" lon="-1.867500">
        <ele>557.205</ele>
        <time>2023-06-25T10:28:23Z</time>
      </trkpt>
      <trkpt lat="42.982280" lon="-1.867443">
        <ele>558.409</ele>
        <time>2023-06-25T10:28:31Z</time>
      </trkpt>
      <trkpt lat="42.982272" lon="-1.867370">
        <ele>558.493</ele>
        <time>2023-06-25T10:28:36Z</time>
      </trkpt>
      <trkpt lat="42.982245" lon="-1.867303">
        <ele>556.955</ele>
        <time>2023-06-25T10:28:40Z</time>
      </trkpt>
      <trkpt lat="42.982213" lon="-1.867246">
        <ele>551.850</ele>
        <time>2023-06-25T10:28:45Z</time>
      </trkpt>
      <trkpt lat="42.982175" lon="-1.867198">
        <ele>548.089</ele>
        <time>2023-06-25T10:28:49Z</time>
      </trkpt>
      <trkpt lat="42.982137" lon="-1.867150">
        <ele>541.913</ele>
        <time>2023-06-25T10:28:55Z</time>
      </trkpt>
      <trkpt lat="42.982120" lon="-1.867083">
        <ele>541.568</ele>
        <time>2023-06-25T10:28:59Z</time>
      </trkpt>
      <trkpt lat="42.982128" lon="-1.867005">
        <ele>541.042</ele>
        <time>2023-06-25T10:29:02Z</time>
      </trkpt>
      <trkpt lat="42.982088" lon="-1.866945">
        <ele>538.866</ele>
        <time>2023-06-25T10:29:09Z</time>
      </trkpt>
      <trkpt lat="42.982053" lon="-1.866892">
        <ele>536.242</ele>
        <time>2023-06-25T10:29:12Z</time>
      </trkpt>
      <trkpt lat="42.982031" lon="-1.866837">
        <ele>533.933</ele>
        <time>2023-06-25T10:29:16Z</time>
      </trkpt>
      <trkpt lat="42.981978" lon="-1.866822">
        <ele>532.823</ele>
        <time>2023-06-25T10:29:21Z</time>
      </trkpt>
      <trkpt lat="42.981931" lon="-1.866804">
        <ele>531.315</ele>
        <time>2023-06-25T10:29:25Z</time>
      </trkpt>
      <trkpt lat="42.981891" lon="-1.866761">
        <ele>529.109</ele>
        <time>2023-06-25T10:29:29Z</time>
      </trkpt>
      <trkpt lat="42.981856" lon="-1.866706">
        <ele>529.464</ele>
        <time>2023-06-25T10:29:33Z</time>
      </trkpt>
      <trkpt lat="42.981816" lon="-1.866621">
        <ele>529.146</ele>
        <time>2023-06-25T10:29:37Z</time>
      </trkpt>
      <trkpt lat="42.981781" lon="-1.866579">
        <ele>531.081</ele>
        <time>2023-06-25T10:29:41Z</time>
      </trkpt>
      <trkpt lat="42.981724" lon="-1.866574">
        <ele>532.660</ele>
        <time>2023-06-25T10:29:45Z</time>
      </trkpt>
      <trkpt lat="42.981677" lon="-1.866554">
        <ele>532.734</ele>
        <time>2023-06-25T10:29:50Z</time>
      </trkpt>
      <trkpt lat="42.981595" lon="-1.866504">
        <ele>534.579</ele>
        <time>2023-06-25T10:30:02Z</time>
      </trkpt>
      <trkpt lat="42.981543" lon="-1.866481">
        <ele>535.153</ele>
        <time>2023-06-25T10:30:08Z</time>
      </trkpt>
      <trkpt lat="42.981561" lon="-1.866386">
        <ele>538.617</ele>
        <time>2023-06-25T10:30:26Z</time>
      </trkpt>
      <trkpt lat="42.981469" lon="-1.866288">
        <ele>543.723</ele>
        <time>2023-06-25T10:30:53Z</time>
      </trkpt>
      <trkpt lat="42.981426" lon="-1.866245">
        <ele>541.352</ele>
        <time>2023-06-25T10:31:10Z</time>
      </trkpt>
      <trkpt lat="42.981476" lon="-1.866175">
        <ele>546.853</ele>
        <time>2023-06-25T10:31:29Z</time>
      </trkpt>
      <trkpt lat="42.981516" lon="-1.866203">
        <ele>548.008</ele>
        <time>2023-06-25T10:31:41Z</time>
      </trkpt>
      <trkpt lat="42.981431" lon="-1.866080">
        <ele>550.309</ele>
        <time>2023-06-25T10:32:09Z</time>
      </trkpt>
      <trkpt lat="42.981386" lon="-1.866047">
        <ele>552.436</ele>
        <time>2023-06-25T10:32:13Z</time>
      </trkpt>
      <trkpt lat="42.981424" lon="-1.866000">
        <ele>556.238</ele>
        <time>2023-06-25T10:32:34Z</time>
      </trkpt>
      <trkpt lat="42.981432" lon="-1.865927">
        <ele>558.113</ele>
        <time>2023-06-25T10:32:48Z</time>
      </trkpt>
      <trkpt lat="42.981395" lon="-1.865877">
        <ele>558.732</ele>
        <time>2023-06-25T10:32:55Z</time>
      </trkpt>
      <trkpt lat="42.981385" lon="-1.865815">
        <ele>561.376</ele>
        <time>2023-06-25T10:33:01Z</time>
      </trkpt>
      <trkpt lat="42.981337" lon="-1.865813">
        <ele>561.671</ele>
        <time>2023-06-25T10:33:15Z</time>
      </trkpt>
      <trkpt lat="42.981344" lon="-1.865751">
        <ele>560.015</ele>
        <time>2023-06-25T10:33:29Z</time>
      </trkpt>
      <trkpt lat="42.981334" lon="-1.865689">
        <ele>558.249</ele>
        <time>2023-06-25T10:33:35Z</time>
      </trkpt>
      <trkpt lat="42.981346" lon="-1.865611">
        <ele>553.215</ele>
        <time>2023-06-25T10:33:44Z</time>
      </trkpt>
      <trkpt lat="42.981383" lon="-1.865564">
        <ele>552.123</ele>
        <time>2023-06-25T10:33:51Z</time>
      </trkpt>
      <trkpt lat="42.981401" lon="-1.865492">
        <ele>551.883</ele>
        <time>2023-06-25T10:33:59Z</time>
      </trkpt>
      <trkpt lat="42.981373" lon="-1.865425">
        <ele>550.911</ele>
        <time>2023-06-25T10:34:05Z</time>
      </trkpt>
      <trkpt lat="42.981376" lon="-1.865363">
        <ele>550.909</ele>
        <time>2023-06-25T10:34:13Z</time>
      </trkpt>
      <trkpt lat="42.981379" lon="-1.865301">
        <ele>550.933</ele>
        <time>2023-06-25T10:34:20Z</time>
      </trkpt>
      <trkpt lat="42.981369" lon="-1.865236">
        <ele>552.575</ele>
        <time>2023-06-25T10:34:30Z</time>
      </trkpt>
      <trkpt lat="42.981377" lon="-1.865158">
        <ele>552.960</ele>
        <time>2023-06-25T10:34:37Z</time>
      </trkpt>
      <trkpt lat="42.981389" lon="-1.865096">
        <ele>552.829</ele>
        <time>2023-06-25T10:34:43Z</time>
      </trkpt>
      <trkpt lat="42.981422" lon="-1.865043">
        <ele>552.833</ele>
        <time>2023-06-25T10:34:52Z</time>
      </trkpt>
      <trkpt lat="42.981429" lon="-1.864956">
        <ele>550.348</ele>
        <time>2023-06-25T10:35:11Z</time>
      </trkpt>
      <trkpt lat="42.981462" lon="-1.865053">
        <ele>549.122</ele>
        <time>2023-06-25T10:35:34Z</time>
      </trkpt>
      <trkpt lat="42.981465" lon="-1.864961">
        <ele>547.766</ele>
        <time>2023-06-25T10:35:45Z</time>
      </trkpt>
      <trkpt lat="42.981437" lon="-1.864858">
        <ele>541.562</ele>
        <time>2023-06-25T10:36:08Z</time>
      </trkpt>
      <trkpt lat="42.981440" lon="-1.864795">
        <ele>539.841</ele>
        <time>2023-06-25T10:36:22Z</time>
      </trkpt>
      <trkpt lat="42.981422" lon="-1.864733">
        <ele>537.981</ele>
        <time>2023-06-25T10:36:35Z</time>
      </trkpt>
      <trkpt lat="42.981484" lon="-1.864723">
        <ele>535.109</ele>
        <time>2023-06-25T10:36:41Z</time>
      </trkpt>
      <trkpt lat="42.981439" lon="-1.864713">
        <ele>532.009</ele>
        <time>2023-06-25T10:36:53Z</time>
      </trkpt>
      <trkpt lat="42.981392" lon="-1.864683">
        <ele>531.385</ele>
        <time>2023-06-25T10:36:59Z</time>
      </trkpt>
      <trkpt lat="42.981397" lon="-1.864605">
        <ele>531.257</ele>
        <time>2023-06-25T10:37:11Z</time>
      </trkpt>
      <trkpt lat="42.981447" lon="-1.864577">
        <ele>532.092</ele>
        <time>2023-06-25T10:37:22Z</time>
      </trkpt>
      <trkpt lat="42.981384" lon="-1.864540">
        <ele>536.611</ele>
        <time>2023-06-25T10:37:56Z</time>
      </trkpt>
      <trkpt lat="42.981426" lon="-1.864578">
        <ele>540.655</ele>
        <time>2023-06-25T10:38:06Z</time>
      </trkpt>
      <trkpt lat="42.981378" lon="-1.864580">
        <ele>542.390</ele>
        <time>2023-06-25T10:38:19Z</time>
      </trkpt>
      <trkpt lat="42.981385" lon="-1.864512">
        <ele>542.354</ele>
        <time>2023-06-25T10:38:43Z</time>
      </trkpt>
      <trkpt lat="42.981518" lon="-1.864462">
        <ele>540.228</ele>
        <time>2023-06-25T10:39:06Z</time>
      </trkpt>
      <trkpt lat="42.981475" lon="-1.864422">
        <ele>537.354</ele>
        <time>2023-06-25T10:39:16Z</time>
      </trkpt>
      <trkpt lat="42.981435" lon="-1.864387">
        <ele>537.282</ele>
        <time>2023-06-25T10:39:20Z</time>
      </trkpt>
      <trkpt lat="42.981408" lon="-1.864335">
        <ele>538.043</ele>
        <time>2023-06-25T10:39:29Z</time>
      </trkpt>
      <trkpt lat="42.981378" lon="-1.864268">
        <ele>539.217</ele>
        <time>2023-06-25T10:39:36Z</time>
      </trkpt>
      <trkpt lat="42.981400" lon="-1.864206">
        <ele>540.009</ele>
        <time>2023-06-25T10:39:41Z</time>
      </trkpt>
      <trkpt lat="42.981398" lon="-1.864144">
        <ele>540.799</ele>
        <time>2023-06-25T10:39:45Z</time>
      </trkpt>
      <trkpt lat="42.981360" lon="-1.864101">
        <ele>540.611</ele>
        <time>2023-06-25T10:39:50Z</time>
      </trkpt>
      <trkpt lat="42.981330" lon="-1.864038">
        <ele>540.826</ele>
        <time>2023-06-25T10:39:55Z</time>
      </trkpt>
      <trkpt lat="42.981302" lon="-1.863963">
        <ele>540.765</ele>
        <time>2023-06-25T10:39:59Z</time>
      </trkpt>
      <trkpt lat="42.981292" lon="-1.863898">
        <ele>541.629</ele>
        <time>2023-06-25T10:40:05Z</time>
      </trkpt>
      <trkpt lat="42.981272" lon="-1.863841">
        <ele>545.114</ele>
        <time>2023-06-25T10:40:11Z</time>
      </trkpt>
      <trkpt lat="42.981240" lon="-1.863776">
        <ele>547.678</ele>
        <time>2023-06-25T10:40:16Z</time>
      </trkpt>
      <trkpt lat="42.981188" lon="-1.863701">
        <ele>549.562</ele>
        <time>2023-06-25T10:40:23Z</time>
      </trkpt>
      <trkpt lat="42.981140" lon="-1.863664">
        <ele>550.128</ele>
        <time>2023-06-25T10:40:28Z</time>
      </trkpt>
      <trkpt lat="42.981107" lon="-1.863611">
        <ele>551.172</ele>
        <time>2023-06-25T10:40:32Z</time>
      </trkpt>
      <trkpt lat="42.981065" lon="-1.863553">
        <ele>551.313</ele>
        <time>2023-06-25T10:40:35Z</time>
      </trkpt>
      <trkpt lat="42.981035" lon="-1.863481">
        <ele>551.214</ele>
        <time>2023-06-25T10:40:38Z</time>
      </trkpt>
      <trkpt lat="42.981002" lon="-1.863429">
        <ele>551.209</ele>
        <time>2023-06-25T10:40:41Z</time>
      </trkpt>
      <trkpt lat="42.980950" lon="-1.863394">
        <ele>551.358</ele>
        <time>2023-06-25T10:40:47Z</time>
      </trkpt>
      <trkpt lat="42.980913" lon="-1.863331">
        <ele>552.050</ele>
        <time>2023-06-25T10:40:51Z</time>
      </trkpt>
      <trkpt lat="42.980876" lon="-1.863274">
        <ele>552.325</ele>
        <time>2023-06-25T10:40:55Z</time>
      </trkpt>
      <trkpt lat="42.980849" lon="-1.863224">
        <ele>552.474</ele>
        <time>2023-06-25T10:41:00Z</time>
      </trkpt>
      <trkpt lat="42.980801" lon="-1.863181">
        <ele>553.458</ele>
        <time>2023-06-25T10:41:07Z</time>
      </trkpt>
      <trkpt lat="42.980759" lon="-1.863128">
        <ele>553.943</ele>
        <time>2023-06-25T10:41:11Z</time>
      </trkpt>
      <trkpt lat="42.980732" lon="-1.863055">
        <ele>554.047</ele>
        <time>2023-06-25T10:41:14Z</time>
      </trkpt>
      <trkpt lat="42.980732" lon="-1.862993">
        <ele>555.931</ele>
        <time>2023-06-25T10:41:18Z</time>
      </trkpt>
      <trkpt lat="42.980704" lon="-1.862930">
        <ele>556.657</ele>
        <time>2023-06-25T10:41:23Z</time>
      </trkpt>
      <trkpt lat="42.980686" lon="-1.862867">
        <ele>556.537</ele>
        <time>2023-06-25T10:41:30Z</time>
      </trkpt>
      <trkpt lat="42.980663" lon="-1.862802">
        <ele>554.349</ele>
        <time>2023-06-25T10:41:34Z</time>
      </trkpt>
      <trkpt lat="42.980645" lon="-1.862740">
        <ele>549.813</ele>
        <time>2023-06-25T10:41:40Z</time>
      </trkpt>
      <trkpt lat="42.980613" lon="-1.862693">
        <ele>544.009</ele>
        <time>2023-06-25T10:41:47Z</time>
      </trkpt>
      <trkpt lat="42.980570" lon="-1.862650">
        <ele>542.264</ele>
        <time>2023-06-25T10:41:52Z</time>
      </trkpt>
      <trkpt lat="42.980543" lon="-1.862598">
        <ele>542.496</ele>
        <time>2023-06-25T10:41:59Z</time>
      </trkpt>
      <trkpt lat="42.980540" lon="-1.862535">
        <ele>542.861</ele>
        <time>2023-06-25T10:42:06Z</time>
      </trkpt>
      <trkpt lat="42.980537" lon="-1.862465">
        <ele>543.920</ele>
        <time>2023-06-25T10:42:14Z</time>
      </trkpt>
      <trkpt lat="42.980499" lon="-1.862425">
        <ele>544.084</ele>
        <time>2023-06-25T10:42:17Z</time>
      </trkpt>
      <trkpt lat="42.980467" lon="-1.862372">
        <ele>544.069</ele>
        <time>2023-06-25T10:42:23Z</time>
      </trkpt>
      <trkpt lat="42.980450" lon="-1.862312">
        <ele>543.943</ele>
        <time>2023-06-25T10:42:27Z</time>
      </trkpt>
      <trkpt lat="42.980438" lon="-1.862244">
        <ele>542.417</ele>
        <time>2023-06-25T10:42:32Z</time>
      </trkpt>
      <trkpt lat="42.980408" lon="-1.862192">
        <ele>537.083</ele>
        <time>2023-06-25T10:42:41Z</time>
      </trkpt>
      <trkpt lat="42.980335" lon="-1.862145">
        <ele>535.969</ele>
        <time>2023-06-25T10:43:00Z</time>
      </trkpt>
      <trkpt lat="42.980320" lon="-1.862077">
        <ele>535.904</ele>
        <time>2023-06-25T10:43:05Z</time>
      </trkpt>
      <trkpt lat="42.980328" lon="-1.862014">
        <ele>535.624</ele>
        <time>2023-06-25T10:43:08Z</time>
      </trkpt>
      <trkpt lat="42.980318" lon="-1.861944">
        <ele>536.109</ele>
        <time>2023-06-25T10:43:15Z</time>
      </trkpt>
      <trkpt lat="42.980285" lon="-1.861889">
        <ele>537.987</ele>
        <time>2023-06-25T10:43:21Z</time>
      </trkpt>
      <trkpt lat="42.980263" lon="-1.861819">
        <ele>537.799</ele>
        <time>2023-06-25T10:43:25Z</time>
      </trkpt>
      <trkpt lat="42.980241" lon="-1.861751">
        <ele>537.714</ele>
        <time>2023-06-25T10:43:30Z</time>
      </trkpt>
      <trkpt lat="42.980236" lon="-1.861688">
        <ele>537.073</ele>
        <time>2023-06-25T10:43:36Z</time>
      </trkpt>
      <trkpt lat="42.980236" lon="-1.861616">
        <ele>535.257</ele>
        <time>2023-06-25T10:43:44Z</time>
      </trkpt>
      <trkpt lat="42.980223" lon="-1.861554">
        <ele>532.462</ele>
        <time>2023-06-25T10:43:48Z</time>
      </trkpt>
      <trkpt lat="42.980186" lon="-1.861494">
        <ele>530.346</ele>
        <time>2023-06-25T10:43:53Z</time>
      </trkpt>
      <trkpt lat="42.980124" lon="-1.861424">
        <ele>531.430</ele>
        <time>2023-06-25T10:44:08Z</time>
      </trkpt>
      <trkpt lat="42.980169" lon="-1.861414">
        <ele>534.966</ele>
        <time>2023-06-25T10:44:22Z</time>
      </trkpt>
      <trkpt lat="42.980176" lon="-1.861352">
        <ele>535.897</ele>
        <time>2023-06-25T10:44:29Z</time>
      </trkpt>
      <trkpt lat="42.980136" lon="-1.861307">
        <ele>538.623</ele>
        <time>2023-06-25T10:44:35Z</time>
      </trkpt>
      <trkpt lat="42.980138" lon="-1.861240">
        <ele>540.125</ele>
        <time>2023-06-25T10:44:41Z</time>
      </trkpt>
      <trkpt lat="42.980141" lon="-1.861165">
        <ele>544.109</ele>
        <time>2023-06-25T10:44:47Z</time>
      </trkpt>
      <trkpt lat="42.980161" lon="-1.861102">
        <ele>547.440</ele>
        <time>2023-06-25T10:44:51Z</time>
      </trkpt>
      <trkpt lat="42.980149" lon="-1.861040">
        <ele>549.072</ele>
        <time>2023-06-25T10:44:55Z</time>
      </trkpt>
      <trkpt lat="42.980152" lon="-1.860965">
        <ele>549.337</ele>
        <time>2023-06-25T10:44:59Z</time>
      </trkpt>
      <trkpt lat="42.980162" lon="-1.860892">
        <ele>549.496</ele>
        <time>2023-06-25T10:45:04Z</time>
      </trkpt>
      <trkpt lat="42.980174" lon="-1.860829">
        <ele>547.040</ele>
        <time>2023-06-25T10:45:09Z</time>
      </trkpt>
      <trkpt lat="42.980137" lon="-1.860784">
        <ele>545.385</ele>
        <time>2023-06-25T10:45:15Z</time>
      </trkpt>
      <trkpt lat="42.980097" lon="-1.860746">
        <ele>545.019</ele>
        <time>2023-06-25T10:45:18Z</time>
      </trkpt>
      <trkpt lat="42.980095" lon="-1.860684">
        <ele>544.663</ele>
        <time>2023-06-25T10:45:23Z</time>
      </trkpt>
      <trkpt lat="42.980097" lon="-1.860612">
        <ele>543.699</ele>
        <time>2023-06-25T10:45:28Z</time>
      </trkpt>
      <trkpt lat="42.980095" lon="-1.860544">
        <ele>542.999</ele>
        <time>2023-06-25T10:45:32Z</time>
      </trkpt>
      <trkpt lat="42.980087" lon="-1.860476">
        <ele>541.707</ele>
        <time>2023-06-25T10:45:37Z</time>
      </trkpt>
      <trkpt lat="42.980074" lon="-1.860404">
        <ele>541.327</ele>
        <time>2023-06-25T10:45:41Z</time>
      </trkpt>
      <trkpt lat="42.980061" lon="-1.860341">
        <ele>540.609</ele>
        <time>2023-06-25T10:45:44Z</time>
      </trkpt>
      <trkpt lat="42.980029" lon="-1.860296">
        <ele>539.620</ele>
        <time>2023-06-25T10:45:47Z</time>
      </trkpt>
      <trkpt lat="42.980002" lon="-1.860234">
        <ele>538.382</ele>
        <time>2023-06-25T10:45:52Z</time>
      </trkpt>
      <trkpt lat="42.979972" lon="-1.860171">
        <ele>536.077</ele>
        <time>2023-06-25T10:45:57Z</time>
      </trkpt>
      <trkpt lat="42.979955" lon="-1.860106">
        <ele>534.656</ele>
        <time>2023-06-25T10:46:01Z</time>
      </trkpt>
      <trkpt lat="42.979945" lon="-1.860036">
        <ele>534.190</ele>
        <time>2023-06-25T10:46:06Z</time>
      </trkpt>
      <trkpt lat="42.979920" lon="-1.859981">
        <ele>533.695</ele>
        <time>2023-06-25T10:46:14Z</time>
      </trkpt>
      <trkpt lat="42.979923" lon="-1.859911">
        <ele>533.669</ele>
        <time>2023-06-25T10:46:19Z</time>
      </trkpt>
      <trkpt lat="42.979885" lon="-1.859853">
        <ele>534.083</ele>
        <time>2023-06-25T10:46:26Z</time>
      </trkpt>
      <trkpt lat="42.979880" lon="-1.859771">
        <ele>537.719</ele>
        <time>2023-06-25T10:46:31Z</time>
      </trkpt>
      <trkpt lat="42.979867" lon="-1.859678">
        <ele>539.654</ele>
        <time>2023-06-25T10:46:45Z</time>
      </trkpt>
      <trkpt lat="42.979899" lon="-1.859611">
        <ele>538.756</ele>
        <time>2023-06-25T10:46:54Z</time>
      </trkpt>
      <trkpt lat="42.979847" lon="-1.859609">
        <ele>538.711</ele>
        <time>2023-06-25T10:46:59Z</time>
      </trkpt>
      <trkpt lat="42.979799" lon="-1.859632">
        <ele>539.409</ele>
        <time>2023-06-25T10:47:06Z</time>
      </trkpt>
      <trkpt lat="42.979902" lon="-1.859639">
        <ele>541.556</ele>
        <time>2023-06-25T10:47:17Z</time>
      </trkpt>
      <trkpt lat="42.979947" lon="-1.859644">
        <ele>541.828</ele>
        <time>2023-06-25T10:47:21Z</time>
      </trkpt>
      <trkpt lat="42.979990" lon="-1.859672">
        <ele>542.173</ele>
        <time>2023-06-25T10:47:32Z</time>
      </trkpt>
      <trkpt lat="42.979993" lon="-1.859609">
        <ele>552.332</ele>
        <time>2023-06-25T10:47:39Z</time>
      </trkpt>
      <trkpt lat="42.980031" lon="-1.859571">
        <ele>552.326</ele>
        <time>2023-06-25T10:47:47Z</time>
      </trkpt>
      <trkpt lat="42.980083" lon="-1.859556">
        <ele>551.041</ele>
        <time>2023-06-25T10:47:51Z</time>
      </trkpt>
      <trkpt lat="42.980130" lon="-1.859546">
        <ele>551.025</ele>
        <time>2023-06-25T10:47:55Z</time>
      </trkpt>
      <trkpt lat="42.980185" lon="-1.859551">
        <ele>537.919</ele>
        <time>2023-06-25T10:48:03Z</time>
      </trkpt>
      <trkpt lat="42.980235" lon="-1.859524">
        <ele>533.495</ele>
        <time>2023-06-25T10:48:07Z</time>
      </trkpt>
      <trkpt lat="42.980270" lon="-1.859571">
        <ele>532.377</ele>
        <time>2023-06-25T10:48:13Z</time>
      </trkpt>
      <trkpt lat="42.980317" lon="-1.859578">
        <ele>532.361</ele>
        <time>2023-06-25T10:48:17Z</time>
      </trkpt>
      <trkpt lat="42.980367" lon="-1.859568">
        <ele>532.027</ele>
        <time>2023-06-25T10:48:22Z</time>
      </trkpt>
      <trkpt lat="42.980419" lon="-1.859566">
        <ele>532.109</ele>
        <time>2023-06-25T10:48:29Z</time>
      </trkpt>
      <trkpt lat="42.980449" lon="-1.859646">
        <ele>532.798</ele>
        <time>2023-06-25T10:48:46Z</time>
      </trkpt>
      <trkpt lat="42.980449" lon="-1.859758">
        <ele>537.820</ele>
        <time>2023-06-25T10:49:06Z</time>
      </trkpt>
      <trkpt lat="42.980469" lon="-1.859831">
        <ele>543.115</ele>
        <time>2023-06-25T10:49:11Z</time>
      </trkpt>
      <trkpt lat="42.980499" lon="-1.859878">
        <ele>543.754</ele>
        <time>2023-06-25T10:49:16Z</time>
      </trkpt>
      <trkpt lat="42.980544" lon="-1.859890">
        <ele>543.798</ele>
        <time>2023-06-25T10:49:21Z</time>
      </trkpt>
      <trkpt lat="42.980594" lon="-1.859932">
        <ele>547.963</ele>
        <time>2023-06-25T10:49:36Z</time>
      </trkpt>
      <trkpt lat="42.980636" lon="-1.859969">
        <ele>547.597</ele>
        <time>2023-06-25T10:49:43Z</time>
      </trkpt>
      <trkpt lat="42.980586" lon="-1.859994">
        <ele>546.531</ele>
        <time>2023-06-25T10:49:58Z</time>
      </trkpt>
      <trkpt lat="42.980556" lon="-1.860049">
        <ele>545.347</ele>
        <time>2023-06-25T10:50:13Z</time>
      </trkpt>
      <trkpt lat="42.980563" lon="-1.860111">
        <ele>544.811</ele>
        <time>2023-06-25T10:50:18Z</time>
      </trkpt>
      <trkpt lat="42.980621" lon="-1.860096">
        <ele>544.821</ele>
        <time>2023-06-25T10:50:30Z</time>
      </trkpt>
      <trkpt lat="42.980619" lon="-1.860168">
        <ele>544.703</ele>
        <time>2023-06-25T10:50:34Z</time>
      </trkpt>
      <trkpt lat="42.980622" lon="-1.860310">
        <ele>551.009</ele>
        <time>2023-06-25T10:50:46Z</time>
      </trkpt>
      <trkpt lat="42.980627" lon="-1.860372">
        <ele>551.332</ele>
        <time>2023-06-25T10:50:49Z</time>
      </trkpt>
      <trkpt lat="42.980604" lon="-1.860444">
        <ele>551.334</ele>
        <time>2023-06-25T10:50:53Z</time>
      </trkpt>
      <trkpt lat="42.980684" lon="-1.860619">
        <ele>545.279</ele>
        <time>2023-06-25T10:51:06Z</time>
      </trkpt>
      <trkpt lat="42.980729" lon="-1.860802">
        <ele>536.288</ele>
        <time>2023-06-25T10:51:17Z</time>
      </trkpt>
      <trkpt lat="42.980762" lon="-1.860854">
        <ele>533.212</ele>
        <time>2023-06-25T10:51:21Z</time>
      </trkpt>
      <trkpt lat="42.980780" lon="-1.860927">
        <ele>530.317</ele>
        <time>2023-06-25T10:51:26Z</time>
      </trkpt>
      <trkpt lat="42.980782" lon="-1.860992">
        <ele>528.071</ele>
        <time>2023-06-25T10:51:30Z</time>
      </trkpt>
      <trkpt lat="42.980805" lon="-1.861070">
        <ele>526.355</ele>
        <time>2023-06-25T10:51:34Z</time>
      </trkpt>
      <trkpt lat="42.980820" lon="-1.861135">
        <ele>524.451</ele>
        <time>2023-06-25T10:51:38Z</time>
      </trkpt>
      <trkpt lat="42.980810" lon="-1.861212">
        <ele>523.291</ele>
        <time>2023-06-25T10:51:42Z</time>
      </trkpt>
      <trkpt lat="42.980800" lon="-1.861292">
        <ele>522.881</ele>
        <time>2023-06-25T10:51:45Z</time>
      </trkpt>
      <trkpt lat="42.980810" lon="-1.861352">
        <ele>522.719</ele>
        <time>2023-06-25T10:51:48Z</time>
      </trkpt>
      <trkpt lat="42.980823" lon="-1.861412">
        <ele>523.009</ele>
        <time>2023-06-25T10:51:53Z</time>
      </trkpt>
      <trkpt lat="42.980846" lon="-1.861479">
        <ele>524.490</ele>
        <time>2023-06-25T10:51:58Z</time>
      </trkpt>
      <trkpt lat="42.980876" lon="-1.861551">
        <ele>525.172</ele>
        <time>2023-06-25T10:52:04Z</time>
      </trkpt>
      <trkpt lat="42.980903" lon="-1.861604">
        <ele>526.227</ele>
        <time>2023-06-25T10:52:08Z</time>
      </trkpt>
      <trkpt lat="42.980946" lon="-1.861634">
        <ele>526.886</ele>
        <time>2023-06-25T10:52:12Z</time>
      </trkpt>
      <trkpt lat="42.980963" lon="-1.861697">
        <ele>526.890</ele>
        <time>2023-06-25T10:52:17Z</time>
      </trkpt>
      <trkpt lat="42.980951" lon="-1.861805">
        <ele>527.295</ele>
        <time>2023-06-25T10:52:23Z</time>
      </trkpt>
      <trkpt lat="42.980989" lon="-1.862035">
        <ele>527.769</ele>
        <time>2023-06-25T10:52:42Z</time>
      </trkpt>
      <trkpt lat="42.981034" lon="-1.862070">
        <ele>527.573</ele>
        <time>2023-06-25T10:52:46Z</time>
      </trkpt>
      <trkpt lat="42.981077" lon="-1.862103">
        <ele>527.199</ele>
        <time>2023-06-25T10:52:51Z</time>
      </trkpt>
      <trkpt lat="42.981105" lon="-1.862160">
        <ele>527.292</ele>
        <time>2023-06-25T10:52:56Z</time>
      </trkpt>
      <trkpt lat="42.981128" lon="-1.862215">
        <ele>527.273</ele>
        <time>2023-06-25T10:53:02Z</time>
      </trkpt>
      <trkpt lat="42.981168" lon="-1.862245">
        <ele>527.520</ele>
        <time>2023-06-25T10:53:04Z</time>
      </trkpt>
      <trkpt lat="42.981210" lon="-1.862295">
        <ele>529.309</ele>
        <time>2023-06-25T10:53:07Z</time>
      </trkpt>
      <trkpt lat="42.981238" lon="-1.862353">
        <ele>531.870</ele>
        <time>2023-06-25T10:53:11Z</time>
      </trkpt>
      <trkpt lat="42.981286" lon="-1.862391">
        <ele>533.382</ele>
        <time>2023-06-25T10:53:16Z</time>
      </trkpt>
      <trkpt lat="42.981346" lon="-1.862474">
        <ele>535.417</ele>
        <time>2023-06-25T10:53:22Z</time>
      </trkpt>
      <trkpt lat="42.981381" lon="-1.862517">
        <ele>536.156</ele>
        <time>2023-06-25T10:53:27Z</time>
      </trkpt>
      <trkpt lat="42.981413" lon="-1.862585">
        <ele>536.290</ele>
        <time>2023-06-25T10:53:32Z</time>
      </trkpt>
      <trkpt lat="42.981431" lon="-1.862648">
        <ele>536.515</ele>
        <time>2023-06-25T10:53:36Z</time>
      </trkpt>
      <trkpt lat="42.981476" lon="-1.862698">
        <ele>536.569</ele>
        <time>2023-06-25T10:53:41Z</time>
      </trkpt>
      <trkpt lat="42.981519" lon="-1.862756">
        <ele>536.463</ele>
        <time>2023-06-25T10:53:48Z</time>
      </trkpt>
      <trkpt lat="42.981539" lon="-1.862816">
        <ele>536.139</ele>
        <time>2023-06-25T10:53:57Z</time>
      </trkpt>
      <trkpt lat="42.981534" lon="-1.862908">
        <ele>536.188</ele>
        <time>2023-06-25T10:54:04Z</time>
      </trkpt>
      <trkpt lat="42.981552" lon="-1.862965">
        <ele>536.124</ele>
        <time>2023-06-25T10:54:08Z</time>
      </trkpt>
      <trkpt lat="42.981584" lon="-1.863047">
        <ele>536.226</ele>
        <time>2023-06-25T10:54:13Z</time>
      </trkpt>
      <trkpt lat="42.981612" lon="-1.863109">
        <ele>537.109</ele>
        <time>2023-06-25T10:54:16Z</time>
      </trkpt>
      <trkpt lat="42.981632" lon="-1.863166">
        <ele>539.339</ele>
        <time>2023-06-25T10:54:19Z</time>
      </trkpt>
      <trkpt lat="42.981679" lon="-1.863213">
        <ele>540.281</ele>
        <time>2023-06-25T10:54:24Z</time>
      </trkpt>
      <trkpt lat="42.981724" lon="-1.863225">
        <ele>540.496</ele>
        <time>2023-06-25T10:54:27Z</time>
      </trkpt>
      <trkpt lat="42.981779" lon="-1.863230">
        <ele>540.855</ele>
        <time>2023-06-25T10:54:31Z</time>
      </trkpt>
      <trkpt lat="42.981819" lon="-1.863275">
        <ele>541.419</ele>
        <time>2023-06-25T10:54:35Z</time>
      </trkpt>
      <trkpt lat="42.981839" lon="-1.863353">
        <ele>541.834</ele>
        <time>2023-06-25T10:54:40Z</time>
      </trkpt>
      <trkpt lat="42.981876" lon="-1.863418">
        <ele>541.948</ele>
        <time>2023-06-25T10:54:45Z</time>
      </trkpt>
      <trkpt lat="42.981908" lon="-1.863485">
        <ele>541.812</ele>
        <time>2023-06-25T10:54:49Z</time>
      </trkpt>
      <trkpt lat="42.981943" lon="-1.863573">
        <ele>541.738</ele>
        <time>2023-06-25T10:54:53Z</time>
      </trkpt>
      <trkpt lat="42.981951" lon="-1.863645">
        <ele>540.384</ele>
        <time>2023-06-25T10:54:57Z</time>
      </trkpt>
      <trkpt lat="42.981954" lon="-1.863707">
        <ele>539.907</ele>
        <time>2023-06-25T10:55:00Z</time>
      </trkpt>
      <trkpt lat="42.981989" lon="-1.863757">
        <ele>538.617</ele>
        <time>2023-06-25T10:55:05Z</time>
      </trkpt>
      <trkpt lat="42.982001" lon="-1.863829">
        <ele>538.309</ele>
        <time>2023-06-25T10:55:10Z</time>
      </trkpt>
      <trkpt lat="42.981991" lon="-1.863899">
        <ele>537.469</ele>
        <time>2023-06-25T10:55:15Z</time>
      </trkpt>
      <trkpt lat="42.982004" lon="-1.863966">
        <ele>536.821</ele>
        <time>2023-06-25T10:55:20Z</time>
      </trkpt>
      <trkpt lat="42.982024" lon="-1.864033">
        <ele>536.846</ele>
        <time>2023-06-25T10:55:24Z</time>
      </trkpt>
      <trkpt lat="42.982027" lon="-1.864218">
        <ele>536.975</ele>
        <time>2023-06-25T10:55:34Z</time>
      </trkpt>
      <trkpt lat="42.982027" lon="-1.864281">
        <ele>536.949</ele>
        <time>2023-06-25T10:55:37Z</time>
      </trkpt>
      <trkpt lat="42.982010" lon="-1.864346">
        <ele>537.144</ele>
        <time>2023-06-25T10:55:40Z</time>
      </trkpt>
      <trkpt lat="42.981990" lon="-1.864424">
        <ele>537.348</ele>
        <time>2023-06-25T10:55:43Z</time>
      </trkpt>
      <trkpt lat="42.981965" lon="-1.864492">
        <ele>537.622</ele>
        <time>2023-06-25T10:55:47Z</time>
      </trkpt>
      <trkpt lat="42.981973" lon="-1.864575">
        <ele>538.718</ele>
        <time>2023-06-25T10:55:53Z</time>
      </trkpt>
      <trkpt lat="42.981980" lon="-1.864643">
        <ele>539.661</ele>
        <time>2023-06-25T10:55:58Z</time>
      </trkpt>
      <trkpt lat="42.981967" lon="-1.864968">
        <ele>543.421</ele>
        <time>2023-06-25T10:56:17Z</time>
      </trkpt>
      <trkpt lat="42.981957" lon="-1.865038">
        <ele>543.313</ele>
        <time>2023-06-25T10:56:21Z</time>
      </trkpt>
      <trkpt lat="42.981949" lon="-1.865113">
        <ele>543.109</ele>
        <time>2023-06-25T10:56:25Z</time>
      </trkpt>
      <trkpt lat="42.981949" lon="-1.865183">
        <ele>543.167</ele>
        <time>2023-06-25T10:56:28Z</time>
      </trkpt>
      <trkpt lat="42.981957" lon="-1.865251">
        <ele>543.129</ele>
        <time>2023-06-25T10:56:32Z</time>
      </trkpt>
      <trkpt lat="42.981962" lon="-1.865333">
        <ele>543.074</ele>
        <time>2023-06-25T10:56:37Z</time>
      </trkpt>
      <trkpt lat="42.981965" lon="-1.865406">
        <ele>542.643</ele>
        <time>2023-06-25T10:56:43Z</time>
      </trkpt>
      <trkpt lat="42.981985" lon="-1.865531">
        <ele>540.887</ele>
        <time>2023-06-25T10:56:52Z</time>
      </trkpt>
      <trkpt lat="42.981980" lon="-1.865594">
        <ele>540.382</ele>
        <time>2023-06-25T10:56:56Z</time>
      </trkpt>
      <trkpt lat="42.981965" lon="-1.865671">
        <ele>540.146</ele>
        <time>2023-06-25T10:56:59Z</time>
      </trkpt>
      <trkpt lat="42.981977" lon="-1.865739">
        <ele>539.860</ele>
        <time>2023-06-25T10:57:03Z</time>
      </trkpt>
      <trkpt lat="42.982007" lon="-1.865801">
        <ele>539.476</ele>
        <time>2023-06-25T10:57:07Z</time>
      </trkpt>
      <trkpt lat="42.982049" lon="-1.865856">
        <ele>539.243</ele>
        <time>2023-06-25T10:57:10Z</time>
      </trkpt>
      <trkpt lat="42.982076" lon="-1.865906">
        <ele>539.064</ele>
        <time>2023-06-25T10:57:15Z</time>
      </trkpt>
      <trkpt lat="42.982116" lon="-1.865939">
        <ele>537.310</ele>
        <time>2023-06-25T10:57:19Z</time>
      </trkpt>
      <trkpt lat="42.982133" lon="-1.866026">
        <ele>535.709</ele>
        <time>2023-06-25T10:57:23Z</time>
      </trkpt>
      <trkpt lat="42.982133" lon="-1.866118">
        <ele>534.165</ele>
        <time>2023-06-25T10:57:28Z</time>
      </trkpt>
      <trkpt lat="42.982153" lon="-1.866188">
        <ele>532.467</ele>
        <time>2023-06-25T10:57:32Z</time>
      </trkpt>
      <trkpt lat="42.982158" lon="-1.866258">
        <ele>532.472</ele>
        <time>2023-06-25T10:57:35Z</time>
      </trkpt>
      <trkpt lat="42.982163" lon="-1.866323">
        <ele>532.411</ele>
        <time>2023-06-25T10:57:38Z</time>
      </trkpt>
      <trkpt lat="42.982163" lon="-1.866391">
        <ele>532.825</ele>
        <time>2023-06-25T10:57:41Z</time>
      </trkpt>
      <trkpt lat="42.982170" lon="-1.866456">
        <ele>533.720</ele>
        <time>2023-06-25T10:57:46Z</time>
      </trkpt>
      <trkpt lat="42.982202" lon="-1.866526">
        <ele>535.024</ele>
        <time>2023-06-25T10:57:50Z</time>
      </trkpt>
      <trkpt lat="42.982237" lon="-1.866589">
        <ele>536.068</ele>
        <time>2023-06-25T10:57:54Z</time>
      </trkpt>
      <trkpt lat="42.982275" lon="-1.866631">
        <ele>537.494</ele>
        <time>2023-06-25T10:57:57Z</time>
      </trkpt>
      <trkpt lat="42.982295" lon="-1.866689">
        <ele>538.282</ele>
        <time>2023-06-25T10:58:01Z</time>
      </trkpt>
      <trkpt lat="42.982320" lon="-1.866777">
        <ele>539.543</ele>
        <time>2023-06-25T10:58:06Z</time>
      </trkpt>
      <trkpt lat="42.982372" lon="-1.866820">
        <ele>540.917</ele>
        <time>2023-06-25T10:58:11Z</time>
      </trkpt>
      <trkpt lat="42.982422" lon="-1.866843">
        <ele>542.609</ele>
        <time>2023-06-25T10:58:15Z</time>
      </trkpt>
      <trkpt lat="42.982462" lon="-1.866896">
        <ele>542.899</ele>
        <time>2023-06-25T10:58:19Z</time>
      </trkpt>
      <trkpt lat="42.982485" lon="-1.866964">
        <ele>542.911</ele>
        <time>2023-06-25T10:58:22Z</time>
      </trkpt>
      <trkpt lat="42.982522" lon="-1.867012">
        <ele>543.026</ele>
        <time>2023-06-25T10:58:26Z</time>
      </trkpt>
      <trkpt lat="42.982550" lon="-1.867067">
        <ele>542.775</ele>
        <time>2023-06-25T10:58:30Z</time>
      </trkpt>
      <trkpt lat="42.982582" lon="-1.867124">
        <ele>542.679</ele>
        <time>2023-06-25T10:58:34Z</time>
      </trkpt>
      <trkpt lat="42.982595" lon="-1.867192">
        <ele>542.554</ele>
        <time>2023-06-25T10:58:38Z</time>
      </trkpt>
      <trkpt lat="42.982628" lon="-1.867237">
        <ele>542.388</ele>
        <time>2023-06-25T10:58:41Z</time>
      </trkpt>
      <trkpt lat="42.982650" lon="-1.867307">
        <ele>542.242</ele>
        <time>2023-06-25T10:58:44Z</time>
      </trkpt>
      <trkpt lat="42.982658" lon="-1.867374">
        <ele>542.258</ele>
        <time>2023-06-25T10:58:47Z</time>
      </trkpt>
      <trkpt lat="42.982690" lon="-1.867447">
        <ele>543.145</ele>
        <time>2023-06-25T10:58:52Z</time>
      </trkpt>
      <trkpt lat="42.982720" lon="-1.867510">
        <ele>543.847</ele>
        <time>2023-06-25T10:58:57Z</time>
      </trkpt>
      <trkpt lat="42.982737" lon="-1.867590">
        <ele>543.711</ele>
        <time>2023-06-25T10:59:03Z</time>
      </trkpt>
      <trkpt lat="42.982744" lon="-1.867652">
        <ele>543.509</ele>
        <time>2023-06-25T10:59:07Z</time>
      </trkpt>
      <trkpt lat="42.982771" lon="-1.867719">
        <ele>543.355</ele>
        <time>2023-06-25T10:59:12Z</time>
      </trkpt>
      <trkpt lat="42.982831" lon="-1.867809">
        <ele>543.067</ele>
        <time>2023-06-25T10:59:20Z</time>
      </trkpt>
      <trkpt lat="42.982868" lon="-1.867854">
        <ele>542.832</ele>
        <time>2023-06-25T10:59:23Z</time>
      </trkpt>
      <trkpt lat="42.982915" lon="-1.867947">
        <ele>542.311</ele>
        <time>2023-06-25T10:59:29Z</time>
      </trkpt>
      <trkpt lat="42.982920" lon="-1.868014">
        <ele>542.385</ele>
        <time>2023-06-25T10:59:33Z</time>
      </trkpt>
      <trkpt lat="42.982942" lon="-1.868086">
        <ele>540.850</ele>
        <time>2023-06-25T10:59:38Z</time>
      </trkpt>
      <trkpt lat="42.982962" lon="-1.868144">
        <ele>540.454</ele>
        <time>2023-06-25T10:59:41Z</time>
      </trkpt>
      <trkpt lat="42.982975" lon="-1.868212">
        <ele>540.388</ele>
        <time>2023-06-25T10:59:44Z</time>
      </trkpt>
      <trkpt lat="42.982993" lon="-1.868274">
        <ele>540.234</ele>
        <time>2023-06-25T10:59:47Z</time>
      </trkpt>
      <trkpt lat="42.983020" lon="-1.868329">
        <ele>539.012</ele>
        <time>2023-06-25T10:59:52Z</time>
      </trkpt>
      <trkpt lat="42.983035" lon="-1.868402">
        <ele>538.232</ele>
        <time>2023-06-25T10:59:56Z</time>
      </trkpt>
      <trkpt lat="42.983078" lon="-1.868560">
        <ele>537.805</ele>
        <time>2023-06-25T11:00:06Z</time>
      </trkpt>
      <trkpt lat="42.983063" lon="-1.868625">
        <ele>537.609</ele>
        <time>2023-06-25T11:00:09Z</time>
      </trkpt>
      <trkpt lat="42.983111" lon="-1.868662">
        <ele>537.862</ele>
        <time>2023-06-25T11:00:13Z</time>
      </trkpt>
      <trkpt lat="42.983126" lon="-1.868732">
        <ele>537.874</ele>
        <time>2023-06-25T11:00:19Z</time>
      </trkpt>
      <trkpt lat="42.983123" lon="-1.868809">
        <ele>538.289</ele>
        <time>2023-06-25T11:00:23Z</time>
      </trkpt>
      <trkpt lat="42.983140" lon="-1.868879">
        <ele>538.878</ele>
        <time>2023-06-25T11:00:26Z</time>
      </trkpt>
      <trkpt lat="42.983167" lon="-1.868936">
        <ele>539.142</ele>
        <time>2023-06-25T11:00:30Z</time>
      </trkpt>
      <trkpt lat="42.983199" lon="-1.868983">
        <ele>539.357</ele>
        <time>2023-06-25T11:00:35Z</time>
      </trkpt>
      <trkpt lat="42.983244" lon="-1.869030">
        <ele>539.781</ele>
        <time>2023-06-25T11:00:38Z</time>
      </trkpt>
      <trkpt lat="42.983349" lon="-1.869257">
        <ele>541.325</ele>
        <time>2023-06-25T11:00:50Z</time>
      </trkpt>
      <trkpt lat="42.983356" lon="-1.869335">
        <ele>542.851</ele>
        <time>2023-06-25T11:00:54Z</time>
      </trkpt>
      <trkpt lat="42.983423" lon="-1.869475">
        <ele>543.291</ele>
        <time>2023-06-25T11:01:04Z</time>
      </trkpt>
      <trkpt lat="42.983575" lon="-1.869632">
        <ele>541.181</ele>
        <time>2023-06-25T11:01:17Z</time>
      </trkpt>
      <trkpt lat="42.983560" lon="-1.869705">
        <ele>541.619</ele>
        <time>2023-06-25T11:01:28Z</time>
      </trkpt>
      <trkpt lat="42.983580" lon="-1.869780">
        <ele>544.509</ele>
        <time>2023-06-25T11:01:37Z</time>
      </trkpt>
      <trkpt lat="42.983607" lon="-1.869868">
        <ele>546.180</ele>
        <time>2023-06-25T11:01:40Z</time>
      </trkpt>
      <trkpt lat="42.983627" lon="-1.869941">
        <ele>547.332</ele>
        <time>2023-06-25T11:01:42Z</time>
      </trkpt>
      <trkpt lat="42.983639" lon="-1.870006">
        <ele>548.887</ele>
        <time>2023-06-25T11:01:44Z</time>
      </trkpt>
      <trkpt lat="42.983674" lon="-1.870053">
        <ele>549.716</ele>
        <time>2023-06-25T11:01:48Z</time>
      </trkpt>
      <trkpt lat="42.983722" lon="-1.870088">
        <ele>549.750</ele>
        <time>2023-06-25T11:01:52Z</time>
      </trkpt>
      <trkpt lat="42.983799" lon="-1.870106">
        <ele>549.635</ele>
        <time>2023-06-25T11:01:55Z</time>
      </trkpt>
      <trkpt lat="42.983846" lon="-1.870141">
        <ele>548.359</ele>
        <time>2023-06-25T11:01:58Z</time>
      </trkpt>
      <trkpt lat="42.983879" lon="-1.870191">
        <ele>548.333</ele>
        <time>2023-06-25T11:02:03Z</time>
      </trkpt>
      <trkpt lat="42.983909" lon="-1.870253">
        <ele>548.369</ele>
        <time>2023-06-25T11:02:07Z</time>
      </trkpt>
      <trkpt lat="42.983951" lon="-1.870303">
        <ele>549.982</ele>
        <time>2023-06-25T11:02:11Z</time>
      </trkpt>
      <trkpt lat="42.983979" lon="-1.870355">
        <ele>550.443</ele>
        <time>2023-06-25T11:02:16Z</time>
      </trkpt>
      <trkpt lat="42.984024" lon="-1.870367">
        <ele>550.817</ele>
        <time>2023-06-25T11:02:19Z</time>
      </trkpt>
      <trkpt lat="42.984067" lon="-1.870392">
        <ele>552.409</ele>
        <time>2023-06-25T11:02:23Z</time>
      </trkpt>
      <trkpt lat="42.984100" lon="-1.870457">
        <ele>552.489</ele>
        <time>2023-06-25T11:02:27Z</time>
      </trkpt>
      <trkpt lat="42.984145" lon="-1.870494">
        <ele>552.511</ele>
        <time>2023-06-25T11:02:30Z</time>
      </trkpt>
      <trkpt lat="42.984192" lon="-1.870522">
        <ele>551.826</ele>
        <time>2023-06-25T11:02:33Z</time>
      </trkpt>
      <trkpt lat="42.984209" lon="-1.870582">
        <ele>551.015</ele>
        <time>2023-06-25T11:02:39Z</time>
      </trkpt>
      <trkpt lat="42.984246" lon="-1.870640">
        <ele>551.169</ele>
        <time>2023-06-25T11:02:43Z</time>
      </trkpt>
      <trkpt lat="42.984256" lon="-1.870705">
        <ele>551.064</ele>
        <time>2023-06-25T11:02:46Z</time>
      </trkpt>
      <trkpt lat="42.984288" lon="-1.870757">
        <ele>551.758</ele>
        <time>2023-06-25T11:02:51Z</time>
      </trkpt>
      <trkpt lat="42.984326" lon="-1.870807">
        <ele>552.182</ele>
        <time>2023-06-25T11:02:56Z</time>
      </trkpt>
      <trkpt lat="42.984351" lon="-1.870859">
        <ele>553.188</ele>
        <time>2023-06-25T11:03:00Z</time>
      </trkpt>
      <trkpt lat="42.984359" lon="-1.870922">
        <ele>553.457</ele>
        <time>2023-06-25T11:03:04Z</time>
      </trkpt>
      <trkpt lat="42.984381" lon="-1.870995">
        <ele>555.300</ele>
        <time>2023-06-25T11:03:09Z</time>
      </trkpt>
      <trkpt lat="42.984418" lon="-1.871070">
        <ele>555.820</ele>
        <time>2023-06-25T11:03:12Z</time>
      </trkpt>
      <trkpt lat="42.984443" lon="-1.871140">
        <ele>555.909</ele>
        <time>2023-06-25T11:03:16Z</time>
      </trkpt>
      <trkpt lat="42.984456" lon="-1.871203">
        <ele>555.916</ele>
        <time>2023-06-25T11:03:20Z</time>
      </trkpt>
      <trkpt lat="42.984481" lon="-1.871271">
        <ele>553.848</ele>
        <time>2023-06-25T11:03:24Z</time>
      </trkpt>
      <trkpt lat="42.984506" lon="-1.871344">
        <ele>552.163</ele>
        <time>2023-06-25T11:03:28Z</time>
      </trkpt>
      <trkpt lat="42.984536" lon="-1.871391">
        <ele>551.412</ele>
        <time>2023-06-25T11:03:32Z</time>
      </trkpt>
      <trkpt lat="42.984563" lon="-1.871446">
        <ele>551.466</ele>
        <time>2023-06-25T11:03:35Z</time>
      </trkpt>
      <trkpt lat="42.984578" lon="-1.871526">
        <ele>551.261</ele>
        <time>2023-06-25T11:03:39Z</time>
      </trkpt>
      <trkpt lat="42.984608" lon="-1.871593">
        <ele>554.165</ele>
        <time>2023-06-25T11:03:46Z</time>
      </trkpt>
      <trkpt lat="42.984628" lon="-1.871651">
        <ele>555.679</ele>
        <time>2023-06-25T11:03:50Z</time>
      </trkpt>
      <trkpt lat="42.984670" lon="-1.871744">
        <ele>556.995</ele>
        <time>2023-06-25T11:03:55Z</time>
      </trkpt>
      <trkpt lat="42.984685" lon="-1.871816">
        <ele>557.181</ele>
        <time>2023-06-25T11:03:59Z</time>
      </trkpt>
      <trkpt lat="42.984712" lon="-1.871874">
        <ele>557.561</ele>
        <time>2023-06-25T11:04:03Z</time>
      </trkpt>
      <trkpt lat="42.984732" lon="-1.871934">
        <ele>559.017</ele>
        <time>2023-06-25T11:04:08Z</time>
      </trkpt>
      <trkpt lat="42.984734" lon="-1.872004">
        <ele>560.609</ele>
        <time>2023-06-25T11:04:11Z</time>
      </trkpt>
      <trkpt lat="42.984801" lon="-1.872047">
        <ele>565.719</ele>
        <time>2023-06-25T11:04:18Z</time>
      </trkpt>
      <trkpt lat="42.984806" lon="-1.872119">
        <ele>567.631</ele>
        <time>2023-06-25T11:04:24Z</time>
      </trkpt>
      <trkpt lat="42.984889" lon="-1.872119">
        <ele>567.666</ele>
        <time>2023-06-25T11:04:31Z</time>
      </trkpt>
      <trkpt lat="42.984931" lon="-1.872072">
        <ele>567.595</ele>
        <time>2023-06-25T11:04:33Z</time>
      </trkpt>
      <trkpt lat="42.984966" lon="-1.872135">
        <ele>563.259</ele>
        <time>2023-06-25T11:04:38Z</time>
      </trkpt>
      <trkpt lat="42.984974" lon="-1.872213">
        <ele>557.974</ele>
        <time>2023-06-25T11:04:41Z</time>
      </trkpt>
      <trkpt lat="42.984981" lon="-1.872298">
        <ele>552.658</ele>
        <time>2023-06-25T11:04:45Z</time>
      </trkpt>
      <trkpt lat="42.984989" lon="-1.872396">
        <ele>549.782</ele>
        <time>2023-06-25T11:04:48Z</time>
      </trkpt>
      <trkpt lat="42.985021" lon="-1.872464">
        <ele>547.328</ele>
        <time>2023-06-25T11:04:51Z</time>
      </trkpt>
      <trkpt lat="42.985049" lon="-1.872517">
        <ele>546.381</ele>
        <time>2023-06-25T11:04:55Z</time>
      </trkpt>
      <trkpt lat="42.985086" lon="-1.872587">
        <ele>544.261</ele>
        <time>2023-06-25T11:04:59Z</time>
      </trkpt>
      <trkpt lat="42.985103" lon="-1.872659">
        <ele>541.317</ele>
        <time>2023-06-25T11:05:02Z</time>
      </trkpt>
      <trkpt lat="42.985135" lon="-1.872709">
        <ele>541.809</ele>
        <time>2023-06-25T11:05:07Z</time>
      </trkpt>
      <trkpt lat="42.985177" lon="-1.872762">
        <ele>542.079</ele>
        <time>2023-06-25T11:05:11Z</time>
      </trkpt>
      <trkpt lat="42.985222" lon="-1.872805">
        <ele>542.611</ele>
        <time>2023-06-25T11:05:15Z</time>
      </trkpt>
      <trkpt lat="42.985252" lon="-1.872853">
        <ele>542.826</ele>
        <time>2023-06-25T11:05:20Z</time>
      </trkpt>
      <trkpt lat="42.985270" lon="-1.872918">
        <ele>542.915</ele>
        <time>2023-06-25T11:05:23Z</time>
      </trkpt>
      <trkpt lat="42.985258" lon="-1.872986">
        <ele>543.469</ele>
        <time>2023-06-25T11:05:27Z</time>
      </trkpt>
      <trkpt lat="42.985268" lon="-1.873058">
        <ele>544.244</ele>
        <time>2023-06-25T11:05:34Z</time>
      </trkpt>
      <trkpt lat="42.985296" lon="-1.873125">
        <ele>544.978</ele>
        <time>2023-06-25T11:05:37Z</time>
      </trkpt>
      <trkpt lat="42.985319" lon="-1.873178">
        <ele>547.722</ele>
        <time>2023-06-25T11:05:40Z</time>
      </trkpt>
      <trkpt lat="42.985337" lon="-1.873238">
        <ele>550.258</ele>
        <time>2023-06-25T11:05:45Z</time>
      </trkpt>
      <trkpt lat="42.985317" lon="-1.873306">
        <ele>551.165</ele>
        <time>2023-06-25T11:05:49Z</time>
      </trkpt>
      <trkpt lat="42.985325" lon="-1.873378">
        <ele>552.468</ele>
        <time>2023-06-25T11:05:55Z</time>
      </trkpt>
      <trkpt lat="42.985340" lon="-1.873445">
        <ele>553.414</ele>
        <time>2023-06-25T11:05:59Z</time>
      </trkpt>
      <trkpt lat="42.985365" lon="-1.873502">
        <ele>554.809</ele>
        <time>2023-06-25T11:06:05Z</time>
      </trkpt>
      <trkpt lat="42.985363" lon="-1.873569">
        <ele>561.067</ele>
        <time>2023-06-25T11:06:28Z</time>
      </trkpt>
      <trkpt lat="42.985400" lon="-1.873632">
        <ele>561.089</ele>
        <time>2023-06-25T11:06:34Z</time>
      </trkpt>
      <trkpt lat="42.985445" lon="-1.873672">
        <ele>561.044</ele>
        <time>2023-06-25T11:06:40Z</time>
      </trkpt>
      <trkpt lat="42.985485" lon="-1.873712">
        <ele>561.213</ele>
        <time>2023-06-25T11:06:46Z</time>
      </trkpt>
      <trkpt lat="42.985515" lon="-1.873764">
        <ele>561.057</ele>
        <time>2023-06-25T11:06:51Z</time>
      </trkpt>
      <trkpt lat="42.985540" lon="-1.873827">
        <ele>561.162</ele>
        <time>2023-06-25T11:06:55Z</time>
      </trkpt>
      <trkpt lat="42.985577" lon="-1.873872">
        <ele>562.456</ele>
        <time>2023-06-25T11:07:01Z</time>
      </trkpt>
      <trkpt lat="42.985609" lon="-1.873937">
        <ele>563.190</ele>
        <time>2023-06-25T11:07:05Z</time>
      </trkpt>
      <trkpt lat="42.985616" lon="-1.874017">
        <ele>563.386</ele>
        <time>2023-06-25T11:07:09Z</time>
      </trkpt>
      <trkpt lat="42.985631" lon="-1.874089">
        <ele>563.437</ele>
        <time>2023-06-25T11:07:13Z</time>
      </trkpt>
      <trkpt lat="42.985663" lon="-1.874141">
        <ele>563.149</ele>
        <time>2023-06-25T11:07:18Z</time>
      </trkpt>
      <trkpt lat="42.985683" lon="-1.874209">
        <ele>562.113</ele>
        <time>2023-06-25T11:07:23Z</time>
      </trkpt>
      <trkpt lat="42.985701" lon="-1.874267">
        <ele>561.509</ele>
        <time>2023-06-25T11:07:27Z</time>
      </trkpt>
      <trkpt lat="42.985714" lon="-1.874330">
        <ele>559.924</ele>
        <time>2023-06-25T11:07:30Z</time>
      </trkpt>
      <trkpt lat="42.985739" lon="-1.874383">
        <ele>558.756</ele>
        <time>2023-06-25T11:07:34Z</time>
      </trkpt>
      <trkpt lat="42.985771" lon="-1.874441">
        <ele>558.361</ele>
        <time>2023-06-25T11:07:38Z</time>
      </trkpt>
      <trkpt lat="42.985804" lon="-1.874503">
        <ele>558.230</ele>
        <time>2023-06-25T11:07:42Z</time>
      </trkpt>
      <trkpt lat="42.985839" lon="-1.874555">
        <ele>558.274</ele>
        <time>2023-06-25T11:07:49Z</time>
      </trkpt>
      <trkpt lat="42.985864" lon="-1.874613">
        <ele>558.489</ele>
        <time>2023-06-25T11:07:54Z</time>
      </trkpt>
      <trkpt lat="42.985891" lon="-1.874663">
        <ele>558.553</ele>
        <time>2023-06-25T11:07:57Z</time>
      </trkpt>
      <trkpt lat="42.985924" lon="-1.874718">
        <ele>558.757</ele>
        <time>2023-06-25T11:08:01Z</time>
      </trkpt>
      <trkpt lat="42.985934" lon="-1.874780">
        <ele>559.013</ele>
        <time>2023-06-25T11:08:06Z</time>
      </trkpt>
      <trkpt lat="42.985966" lon="-1.874838">
        <ele>559.441</ele>
        <time>2023-06-25T11:08:11Z</time>
      </trkpt>
      <trkpt lat="42.985994" lon="-1.874898">
        <ele>560.481</ele>
        <time>2023-06-25T11:08:15Z</time>
      </trkpt>
      <trkpt lat="42.986009" lon="-1.874971">
        <ele>561.409</ele>
        <time>2023-06-25T11:08:19Z</time>
      </trkpt>
      <trkpt lat="42.986017" lon="-1.875033">
        <ele>562.109</ele>
        <time>2023-06-25T11:08:23Z</time>
      </trkpt>
      <trkpt lat="42.986045" lon="-1.875086">
        <ele>562.225</ele>
        <time>2023-06-25T11:08:26Z</time>
      </trkpt>
      <trkpt lat="42.986063" lon="-1.875148">
        <ele>562.397</ele>
        <time>2023-06-25T11:08:29Z</time>
      </trkpt>
      <trkpt lat="42.986085" lon="-1.875211">
        <ele>562.162</ele>
        <time>2023-06-25T11:08:34Z</time>
      </trkpt>
      <trkpt lat="42.986093" lon="-1.875274">
        <ele>562.331</ele>
        <time>2023-06-25T11:08:38Z</time>
      </trkpt>
      <trkpt lat="42.986110" lon="-1.875344">
        <ele>562.345</ele>
        <time>2023-06-25T11:08:41Z</time>
      </trkpt>
      <trkpt lat="42.986108" lon="-1.875411">
        <ele>562.820</ele>
        <time>2023-06-25T11:08:44Z</time>
      </trkpt>
      <trkpt lat="42.986138" lon="-1.875458">
        <ele>562.814</ele>
        <time>2023-06-25T11:08:49Z</time>
      </trkpt>
      <trkpt lat="42.986173" lon="-1.875501">
        <ele>562.828</ele>
        <time>2023-06-25T11:08:53Z</time>
      </trkpt>
      <trkpt lat="42.986201" lon="-1.875564">
        <ele>563.154</ele>
        <time>2023-06-25T11:08:56Z</time>
      </trkpt>
      <trkpt lat="42.986194" lon="-1.875634">
        <ele>563.518</ele>
        <time>2023-06-25T11:09:03Z</time>
      </trkpt>
      <trkpt lat="42.986232" lon="-1.875669">
        <ele>564.298</ele>
        <time>2023-06-25T11:09:11Z</time>
      </trkpt>
      <trkpt lat="42.986232" lon="-1.875597">
        <ele>561.217</ele>
        <time>2023-06-25T11:09:42Z</time>
      </trkpt>
      <trkpt lat="42.986210" lon="-1.875657">
        <ele>556.809</ele>
        <time>2023-06-25T11:10:08Z</time>
      </trkpt>
      <trkpt lat="42.986245" lon="-1.875710">
        <ele>556.692</ele>
        <time>2023-06-25T11:10:15Z</time>
      </trkpt>
      <trkpt lat="42.986282" lon="-1.875757">
        <ele>555.864</ele>
        <time>2023-06-25T11:10:18Z</time>
      </trkpt>
      <trkpt lat="42.986315" lon="-1.875804">
        <ele>555.869</ele>
        <time>2023-06-25T11:10:21Z</time>
      </trkpt>
      <trkpt lat="42.986358" lon="-1.875841">
        <ele>555.618</ele>
        <time>2023-06-25T11:10:25Z</time>
      </trkpt>
      <trkpt lat="42.986396" lon="-1.875878">
        <ele>555.912</ele>
        <time>2023-06-25T11:10:29Z</time>
      </trkpt>
      <trkpt lat="42.986441" lon="-1.875900">
        <ele>555.677</ele>
        <time>2023-06-25T11:10:33Z</time>
      </trkpt>
      <trkpt lat="42.986481" lon="-1.875935">
        <ele>555.431</ele>
        <time>2023-06-25T11:10:37Z</time>
      </trkpt>
      <trkpt lat="42.986526" lon="-1.875983">
        <ele>554.615</ele>
        <time>2023-06-25T11:10:41Z</time>
      </trkpt>
      <trkpt lat="42.986558" lon="-1.876033">
        <ele>554.111</ele>
        <time>2023-06-25T11:10:46Z</time>
      </trkpt>
      <trkpt lat="42.986598" lon="-1.876083">
        <ele>554.122</ele>
        <time>2023-06-25T11:10:51Z</time>
      </trkpt>
      <trkpt lat="42.986635" lon="-1.876133">
        <ele>554.162</ele>
        <time>2023-06-25T11:10:55Z</time>
      </trkpt>
      <trkpt lat="42.986675" lon="-1.876161">
        <ele>554.908</ele>
        <time>2023-06-25T11:10:59Z</time>
      </trkpt>
      <trkpt lat="42.986720" lon="-1.876201">
        <ele>558.809</ele>
        <time>2023-06-25T11:11:04Z</time>
      </trkpt>
      <trkpt lat="42.986743" lon="-1.876258">
        <ele>562.313</ele>
        <time>2023-06-25T11:11:08Z</time>
      </trkpt>
      <trkpt lat="42.986790" lon="-1.876286">
        <ele>564.235</ele>
        <time>2023-06-25T11:11:12Z</time>
      </trkpt>
      <trkpt lat="42.986827" lon="-1.876336">
        <ele>565.810</ele>
        <time>2023-06-25T11:11:16Z</time>
      </trkpt>
      <trkpt lat="42.986864" lon="-1.876388">
        <ele>566.859</ele>
        <time>2023-06-25T11:11:19Z</time>
      </trkpt>
      <trkpt lat="42.986897" lon="-1.876431">
        <ele>568.743</ele>
        <time>2023-06-25T11:11:22Z</time>
      </trkpt>
      <trkpt lat="42.986929" lon="-1.876481">
        <ele>569.818</ele>
        <time>2023-06-25T11:11:26Z</time>
      </trkpt>
      <trkpt lat="42.986977" lon="-1.876536">
        <ele>569.982</ele>
        <time>2023-06-25T11:11:30Z</time>
      </trkpt>
      <trkpt lat="42.987020" lon="-1.876571">
        <ele>569.956</ele>
        <time>2023-06-25T11:11:34Z</time>
      </trkpt>
      <trkpt lat="42.987060" lon="-1.876604">
        <ele>569.132</ele>
        <time>2023-06-25T11:11:41Z</time>
      </trkpt>
      <trkpt lat="42.987103" lon="-1.876649">
        <ele>568.679</ele>
        <time>2023-06-25T11:11:48Z</time>
      </trkpt>
      <trkpt lat="42.987151" lon="-1.876686">
        <ele>567.905</ele>
        <time>2023-06-25T11:11:53Z</time>
      </trkpt>
      <trkpt lat="42.987196" lon="-1.876721">
        <ele>567.125</ele>
        <time>2023-06-25T11:11:58Z</time>
      </trkpt>
      <trkpt lat="42.987229" lon="-1.876773">
        <ele>566.509</ele>
        <time>2023-06-25T11:12:02Z</time>
      </trkpt>
      <trkpt lat="42.987246" lon="-1.876845">
        <ele>566.068</ele>
        <time>2023-06-25T11:12:06Z</time>
      </trkpt>
      <trkpt lat="42.987271" lon="-1.876903">
        <ele>565.820</ele>
        <time>2023-06-25T11:12:10Z</time>
      </trkpt>
      <trkpt lat="42.987309" lon="-1.876946">
        <ele>565.845</ele>
        <time>2023-06-25T11:12:15Z</time>
      </trkpt>
      <trkpt lat="42.987334" lon="-1.877008">
        <ele>566.474</ele>
        <time>2023-06-25T11:12:20Z</time>
      </trkpt>
      <trkpt lat="42.987364" lon="-1.877080">
        <ele>567.368</ele>
        <time>2023-06-25T11:12:25Z</time>
      </trkpt>
      <trkpt lat="42.987384" lon="-1.877140">
        <ele>567.483</ele>
        <time>2023-06-25T11:12:29Z</time>
      </trkpt>
      <trkpt lat="42.987402" lon="-1.877202">
        <ele>568.127</ele>
        <time>2023-06-25T11:12:34Z</time>
      </trkpt>
      <trkpt lat="42.987437" lon="-1.877249">
        <ele>569.961</ele>
        <time>2023-06-25T11:12:38Z</time>
      </trkpt>
      <trkpt lat="42.987460" lon="-1.877302">
        <ele>570.537</ele>
        <time>2023-06-25T11:12:43Z</time>
      </trkpt>
      <trkpt lat="42.987482" lon="-1.877359">
        <ele>570.576</ele>
        <time>2023-06-25T11:12:46Z</time>
      </trkpt>
      <trkpt lat="42.987504" lon="-1.877432">
        <ele>570.590</ele>
        <time>2023-06-25T11:12:51Z</time>
      </trkpt>
      <trkpt lat="42.987516" lon="-1.877510">
        <ele>569.719</ele>
        <time>2023-06-25T11:12:55Z</time>
      </trkpt>
      <trkpt lat="42.987538" lon="-1.877575">
        <ele>569.409</ele>
        <time>2023-06-25T11:13:00Z</time>
      </trkpt>
      <trkpt lat="42.987556" lon="-1.877640">
        <ele>569.388</ele>
        <time>2023-06-25T11:13:05Z</time>
      </trkpt>
      <trkpt lat="42.987594" lon="-1.877695">
        <ele>569.350</ele>
        <time>2023-06-25T11:13:09Z</time>
      </trkpt>
      <trkpt lat="42.987579" lon="-1.877772">
        <ele>570.135</ele>
        <time>2023-06-25T11:13:16Z</time>
      </trkpt>
      <trkpt lat="42.987576" lon="-1.877834">
        <ele>570.344</ele>
        <time>2023-06-25T11:13:19Z</time>
      </trkpt>
      <trkpt lat="42.987566" lon="-1.877909">
        <ele>570.578</ele>
        <time>2023-06-25T11:13:22Z</time>
      </trkpt>
      <trkpt lat="42.987563" lon="-1.877977">
        <ele>570.663</ele>
        <time>2023-06-25T11:13:26Z</time>
      </trkpt>
      <trkpt lat="42.987551" lon="-1.878039">
        <ele>570.677</ele>
        <time>2023-06-25T11:13:34Z</time>
      </trkpt>
      <trkpt lat="42.987531" lon="-1.878096">
        <ele>570.531</ele>
        <time>2023-06-25T11:13:37Z</time>
      </trkpt>
      <trkpt lat="42.987526" lon="-1.878184">
        <ele>570.897</ele>
        <time>2023-06-25T11:13:40Z</time>
      </trkpt>
      <trkpt lat="42.987513" lon="-1.878246">
        <ele>570.687</ele>
        <time>2023-06-25T11:13:43Z</time>
      </trkpt>
      <trkpt lat="42.987525" lon="-1.878309">
        <ele>570.542</ele>
        <time>2023-06-25T11:13:46Z</time>
      </trkpt>
      <trkpt lat="42.987520" lon="-1.878376">
        <ele>570.326</ele>
        <time>2023-06-25T11:13:51Z</time>
      </trkpt>
      <trkpt lat="42.987523" lon="-1.878441">
        <ele>569.809</ele>
        <time>2023-06-25T11:13:54Z</time>
      </trkpt>
      <trkpt lat="42.987513" lon="-1.878509">
        <ele>569.169</ele>
        <time>2023-06-25T11:13:59Z</time>
      </trkpt>
      <trkpt lat="42.987508" lon="-1.878571">
        <ele>567.741</ele>
        <time>2023-06-25T11:14:03Z</time>
      </trkpt>
      <trkpt lat="42.987500" lon="-1.878633">
        <ele>566.526</ele>
        <time>2023-06-25T11:14:07Z</time>
      </trkpt>
      <trkpt lat="42.987482" lon="-1.878706">
        <ele>564.975</ele>
        <time>2023-06-25T11:14:13Z</time>
      </trkpt>
      <trkpt lat="42.987475" lon="-1.878776">
        <ele>564.279</ele>
        <time>2023-06-25T11:14:17Z</time>
      </trkpt>
      <trkpt lat="42.987468" lon="-1.878858">
        <ele>564.134</ele>
        <time>2023-06-25T11:14:22Z</time>
      </trkpt>
      <trkpt lat="42.987448" lon="-1.878925">
        <ele>563.738</ele>
        <time>2023-06-25T11:14:27Z</time>
      </trkpt>
      <trkpt lat="42.987421" lon="-1.878992">
        <ele>563.212</ele>
        <time>2023-06-25T11:14:30Z</time>
      </trkpt>
      <trkpt lat="42.987411" lon="-1.879052">
        <ele>563.588</ele>
        <time>2023-06-25T11:14:34Z</time>
      </trkpt>
      <trkpt lat="42.987426" lon="-1.879127">
        <ele>562.925</ele>
        <time>2023-06-25T11:14:39Z</time>
      </trkpt>
      <trkpt lat="42.987406" lon="-1.879185">
        <ele>562.826</ele>
        <time>2023-06-25T11:14:42Z</time>
      </trkpt>
      <trkpt lat="42.987403" lon="-1.879258">
        <ele>562.608</ele>
        <time>2023-06-25T11:14:48Z</time>
      </trkpt>
      <trkpt lat="42.987408" lon="-1.879325">
        <ele>562.009</ele>
        <time>2023-06-25T11:14:51Z</time>
      </trkpt>
      <trkpt lat="42.987396" lon="-1.879385">
        <ele>560.983</ele>
        <time>2023-06-25T11:14:55Z</time>
      </trkpt>
      <trkpt lat="42.987394" lon="-1.879450">
        <ele>560.855</ele>
        <time>2023-06-25T11:14:59Z</time>
      </trkpt>
      <trkpt lat="42.987379" lon="-1.879533">
        <ele>560.340</ele>
        <time>2023-06-25T11:15:03Z</time>
      </trkpt>
      <trkpt lat="42.987372" lon="-1.879608">
        <ele>560.169</ele>
        <time>2023-06-25T11:15:07Z</time>
      </trkpt>
      <trkpt lat="42.987375" lon="-1.879683">
        <ele>560.193</ele>
        <time>2023-06-25T11:15:11Z</time>
      </trkpt>
      <trkpt lat="42.987377" lon="-1.879751">
        <ele>559.868</ele>
        <time>2023-06-25T11:15:18Z</time>
      </trkpt>
      <trkpt lat="42.987367" lon="-1.879814">
        <ele>559.682</ele>
        <time>2023-06-25T11:15:24Z</time>
      </trkpt>
      <trkpt lat="42.987340" lon="-1.879962">
        <ele>553.086</ele>
        <time>2023-06-25T11:15:43Z</time>
      </trkpt>
      <trkpt lat="42.987327" lon="-1.880034">
        <ele>552.442</ele>
        <time>2023-06-25T11:15:46Z</time>
      </trkpt>
      <trkpt lat="42.987299" lon="-1.880101">
        <ele>554.793</ele>
        <time>2023-06-25T11:15:50Z</time>
      </trkpt>
      <trkpt lat="42.987264" lon="-1.880161">
        <ele>555.565</ele>
        <time>2023-06-25T11:15:53Z</time>
      </trkpt>
      <trkpt lat="42.987251" lon="-1.880226">
        <ele>556.321</ele>
        <time>2023-06-25T11:15:57Z</time>
      </trkpt>
      <trkpt lat="42.987251" lon="-1.880294">
        <ele>559.109</ele>
        <time>2023-06-25T11:16:02Z</time>
      </trkpt>
      <trkpt lat="42.987226" lon="-1.880349">
        <ele>563.280</ele>
        <time>2023-06-25T11:16:07Z</time>
      </trkpt>
      <trkpt lat="42.987229" lon="-1.880414">
        <ele>565.052</ele>
        <time>2023-06-25T11:16:12Z</time>
      </trkpt>
      <trkpt lat="42.987217" lon="-1.880474">
        <ele>565.767</ele>
        <time>2023-06-25T11:16:17Z</time>
      </trkpt>
      <trkpt lat="42.987194" lon="-1.880529">
        <ele>566.476</ele>
        <time>2023-06-25T11:16:24Z</time>
      </trkpt>
      <trkpt lat="42.987157" lon="-1.880581">
        <ele>566.410</ele>
        <time>2023-06-25T11:16:29Z</time>
      </trkpt>
      <trkpt lat="42.987134" lon="-1.880653">
        <ele>566.535</ele>
        <time>2023-06-25T11:16:32Z</time>
      </trkpt>
      <trkpt lat="42.987122" lon="-1.880720">
        <ele>564.089</ele>
        <time>2023-06-25T11:16:38Z</time>
      </trkpt>
      <trkpt lat="42.987115" lon="-1.880785">
        <ele>563.283</ele>
        <time>2023-06-25T11:16:43Z</time>
      </trkpt>
      <trkpt lat="42.987082" lon="-1.880828">
        <ele>558.649</ele>
        <time>2023-06-25T11:16:51Z</time>
      </trkpt>
      <trkpt lat="42.987047" lon="-1.880873">
        <ele>557.664</ele>
        <time>2023-06-25T11:16:55Z</time>
      </trkpt>
      <trkpt lat="42.987012" lon="-1.880926">
        <ele>557.606</ele>
        <time>2023-06-25T11:17:01Z</time>
      </trkpt>
      <trkpt lat="42.986999" lon="-1.880994">
        <ele>557.616</ele>
        <time>2023-06-25T11:17:06Z</time>
      </trkpt>
      <trkpt lat="42.986986" lon="-1.881069">
        <ele>557.709</ele>
        <time>2023-06-25T11:17:12Z</time>
      </trkpt>
      <trkpt lat="42.986976" lon="-1.881132">
        <ele>559.287</ele>
        <time>2023-06-25T11:17:18Z</time>
      </trkpt>
      <trkpt lat="42.986963" lon="-1.881212">
        <ele>559.189</ele>
        <time>2023-06-25T11:17:25Z</time>
      </trkpt>
      <trkpt lat="42.986925" lon="-1.881265">
        <ele>559.234</ele>
        <time>2023-06-25T11:17:29Z</time>
      </trkpt>
      <trkpt lat="42.986898" lon="-1.881323">
        <ele>559.263</ele>
        <time>2023-06-25T11:17:35Z</time>
      </trkpt>
      <trkpt lat="42.986890" lon="-1.881398">
        <ele>559.147</ele>
        <time>2023-06-25T11:17:39Z</time>
      </trkpt>
      <trkpt lat="42.986907" lon="-1.881473">
        <ele>559.182</ele>
        <time>2023-06-25T11:17:42Z</time>
      </trkpt>
      <trkpt lat="42.986935" lon="-1.881531">
        <ele>560.546</ele>
        <time>2023-06-25T11:17:46Z</time>
      </trkpt>
      <trkpt lat="42.986965" lon="-1.881608">
        <ele>560.840</ele>
        <time>2023-06-25T11:17:49Z</time>
      </trkpt>
      <trkpt lat="42.986998" lon="-1.881668">
        <ele>561.976</ele>
        <time>2023-06-25T11:17:53Z</time>
      </trkpt>
      <trkpt lat="42.987031" lon="-1.881720">
        <ele>561.928</ele>
        <time>2023-06-25T11:17:57Z</time>
      </trkpt>
      <trkpt lat="42.987076" lon="-1.881730">
        <ele>561.789</ele>
        <time>2023-06-25T11:18:02Z</time>
      </trkpt>
      <trkpt lat="42.987129" lon="-1.881750">
        <ele>562.017</ele>
        <time>2023-06-25T11:18:06Z</time>
      </trkpt>
      <trkpt lat="42.987176" lon="-1.881788">
        <ele>562.009</ele>
        <time>2023-06-25T11:18:10Z</time>
      </trkpt>
      <trkpt lat="42.987211" lon="-1.881831">
        <ele>561.973</ele>
        <time>2023-06-25T11:18:15Z</time>
      </trkpt>
      <trkpt lat="42.987253" lon="-1.881881">
        <ele>561.595</ele>
        <time>2023-06-25T11:18:20Z</time>
      </trkpt>
      <trkpt lat="42.987291" lon="-1.881924">
        <ele>561.720</ele>
        <time>2023-06-25T11:18:24Z</time>
      </trkpt>
      <trkpt lat="42.987324" lon="-1.881979">
        <ele>560.739</ele>
        <time>2023-06-25T11:18:29Z</time>
      </trkpt>
      <trkpt lat="42.987367" lon="-1.882014">
        <ele>560.643</ele>
        <time>2023-06-25T11:18:32Z</time>
      </trkpt>
      <trkpt lat="42.987404" lon="-1.882062">
        <ele>560.628</ele>
        <time>2023-06-25T11:18:35Z</time>
      </trkpt>
      <trkpt lat="42.987452" lon="-1.882085">
        <ele>560.692</ele>
        <time>2023-06-25T11:18:40Z</time>
      </trkpt>
      <trkpt lat="42.987494" lon="-1.882128">
        <ele>560.316</ele>
        <time>2023-06-25T11:18:44Z</time>
      </trkpt>
      <trkpt lat="42.987534" lon="-1.882168">
        <ele>560.592</ele>
        <time>2023-06-25T11:18:47Z</time>
      </trkpt>
      <trkpt lat="42.987586" lon="-1.882191">
        <ele>557.997</ele>
        <time>2023-06-25T11:18:53Z</time>
      </trkpt>
      <trkpt lat="42.987633" lon="-1.882204">
        <ele>556.123</ele>
        <time>2023-06-25T11:18:57Z</time>
      </trkpt>
      <trkpt lat="42.987675" lon="-1.882231">
        <ele>554.425</ele>
        <time>2023-06-25T11:19:34Z</time>
      </trkpt>
      <trkpt lat="42.987722" lon="-1.882243">
        <ele>554.409</ele>
        <time>2023-06-25T11:19:38Z</time>
      </trkpt>
      <trkpt lat="42.987769" lon="-1.882266">
        <ele>554.410</ele>
        <time>2023-06-25T11:19:41Z</time>
      </trkpt>
      <trkpt lat="42.987827" lon="-1.882313">
        <ele>554.492</ele>
        <time>2023-06-25T11:19:45Z</time>
      </trkpt>
      <trkpt lat="42.987872" lon="-1.882341">
        <ele>554.427</ele>
        <time>2023-06-25T11:19:48Z</time>
      </trkpt>
      <trkpt lat="42.987917" lon="-1.882361">
        <ele>556.416</ele>
        <time>2023-06-25T11:19:52Z</time>
      </trkpt>
      <trkpt lat="42.987959" lon="-1.882384">
        <ele>556.840</ele>
        <time>2023-06-25T11:19:58Z</time>
      </trkpt>
      <trkpt lat="42.988011" lon="-1.882449">
        <ele>557.145</ele>
        <time>2023-06-25T11:20:04Z</time>
      </trkpt>
      <trkpt lat="42.988061" lon="-1.882484">
        <ele>557.369</ele>
        <time>2023-06-25T11:20:09Z</time>
      </trkpt>
      <trkpt lat="42.988081" lon="-1.882556">
        <ele>557.483</ele>
        <time>2023-06-25T11:20:12Z</time>
      </trkpt>
      <trkpt lat="42.988099" lon="-1.882623">
        <ele>558.789</ele>
        <time>2023-06-25T11:20:16Z</time>
      </trkpt>
      <trkpt lat="42.988136" lon="-1.882666">
        <ele>559.939</ele>
        <time>2023-06-25T11:20:20Z</time>
      </trkpt>
      <trkpt lat="42.988153" lon="-1.882726">
        <ele>560.101</ele>
        <time>2023-06-25T11:20:25Z</time>
      </trkpt>
      <trkpt lat="42.988175" lon="-1.882781">
        <ele>560.221</ele>
        <time>2023-06-25T11:20:28Z</time>
      </trkpt>
      <trkpt lat="42.988193" lon="-1.882854">
        <ele>560.309</ele>
        <time>2023-06-25T11:20:34Z</time>
      </trkpt>
      <trkpt lat="42.988208" lon="-1.882916">
        <ele>560.414</ele>
        <time>2023-06-25T11:20:37Z</time>
      </trkpt>
      <trkpt lat="42.988215" lon="-1.882988">
        <ele>561.626</ele>
        <time>2023-06-25T11:20:41Z</time>
      </trkpt>
      <trkpt lat="42.988212" lon="-1.883053">
        <ele>565.011</ele>
        <time>2023-06-25T11:20:46Z</time>
      </trkpt>
      <trkpt lat="42.988207" lon="-1.883131">
        <ele>570.150</ele>
        <time>2023-06-25T11:20:54Z</time>
      </trkpt>
      <trkpt lat="42.988222" lon="-1.883199">
        <ele>572.714</ele>
        <time>2023-06-25T11:20:58Z</time>
      </trkpt>
      <trkpt lat="42.988220" lon="-1.883284">
        <ele>572.549</ele>
        <time>2023-06-25T11:21:02Z</time>
      </trkpt>
      <trkpt lat="42.988217" lon="-1.883349">
        <ele>572.523</ele>
        <time>2023-06-25T11:21:06Z</time>
      </trkpt>
      <trkpt lat="42.988220" lon="-1.883411">
        <ele>572.777</ele>
        <time>2023-06-25T11:21:09Z</time>
      </trkpt>
      <trkpt lat="42.988220" lon="-1.883481">
        <ele>567.733</ele>
        <time>2023-06-25T11:21:13Z</time>
      </trkpt>
      <trkpt lat="42.988207" lon="-1.883554">
        <ele>564.732</ele>
        <time>2023-06-25T11:21:17Z</time>
      </trkpt>
      <trkpt lat="42.988194" lon="-1.883624">
        <ele>561.192</ele>
        <time>2023-06-25T11:21:22Z</time>
      </trkpt>
      <trkpt lat="42.988176" lon="-1.883702">
        <ele>559.211</ele>
        <time>2023-06-25T11:21:27Z</time>
      </trkpt>
      <trkpt lat="42.988158" lon="-1.883764">
        <ele>557.209</ele>
        <time>2023-06-25T11:21:30Z</time>
      </trkpt>
      <trkpt lat="42.988146" lon="-1.883824">
        <ele>557.174</ele>
        <time>2023-06-25T11:21:33Z</time>
      </trkpt>
      <trkpt lat="42.988149" lon="-1.883889">
        <ele>557.196</ele>
        <time>2023-06-25T11:21:36Z</time>
      </trkpt>
      <trkpt lat="42.988137" lon="-1.883964">
        <ele>557.191</ele>
        <time>2023-06-25T11:21:40Z</time>
      </trkpt>
      <trkpt lat="42.988140" lon="-1.884046">
        <ele>559.530</ele>
        <time>2023-06-25T11:21:44Z</time>
      </trkpt>
      <trkpt lat="42.988168" lon="-1.884104">
        <ele>560.024</ele>
        <time>2023-06-25T11:21:48Z</time>
      </trkpt>
      <trkpt lat="42.988190" lon="-1.884169">
        <ele>560.329</ele>
        <time>2023-06-25T11:21:53Z</time>
      </trkpt>
      <trkpt lat="42.988202" lon="-1.884239">
        <ele>560.683</ele>
        <time>2023-06-25T11:21:58Z</time>
      </trkpt>
      <trkpt lat="42.988405" lon="-1.885157">
        <ele>560.937</ele>
        <time>2023-06-25T11:22:50Z</time>
      </trkpt>
      <trkpt lat="42.988457" lon="-1.885182">
        <ele>567.823</ele>
        <time>2023-06-25T11:22:54Z</time>
      </trkpt>
      <trkpt lat="42.988504" lon="-1.885207">
        <ele>567.852</ele>
        <time>2023-06-25T11:22:58Z</time>
      </trkpt>
      <trkpt lat="42.988544" lon="-1.885250">
        <ele>567.053</ele>
        <time>2023-06-25T11:23:02Z</time>
      </trkpt>
      <trkpt lat="42.988589" lon="-1.885287">
        <ele>566.808</ele>
        <time>2023-06-25T11:23:06Z</time>
      </trkpt>
      <trkpt lat="42.988637" lon="-1.885324">
        <ele>566.809</ele>
        <time>2023-06-25T11:23:10Z</time>
      </trkpt>
      <trkpt lat="42.988677" lon="-1.885377">
        <ele>566.636</ele>
        <time>2023-06-25T11:23:14Z</time>
      </trkpt>
      <trkpt lat="42.988707" lon="-1.885425">
        <ele>566.458</ele>
        <time>2023-06-25T11:23:18Z</time>
      </trkpt>
      <trkpt lat="42.988757" lon="-1.885440">
        <ele>565.643</ele>
        <time>2023-06-25T11:23:23Z</time>
      </trkpt>
      <trkpt lat="42.988800" lon="-1.885470">
        <ele>565.392</ele>
        <time>2023-06-25T11:23:28Z</time>
      </trkpt>
      <trkpt lat="42.988848" lon="-1.885490">
        <ele>565.356</ele>
        <time>2023-06-25T11:23:32Z</time>
      </trkpt>
      <trkpt lat="42.988898" lon="-1.885527">
        <ele>565.231</ele>
        <time>2023-06-25T11:23:35Z</time>
      </trkpt>
      <trkpt lat="42.988948" lon="-1.885564">
        <ele>565.055</ele>
        <time>2023-06-25T11:23:39Z</time>
      </trkpt>
      <trkpt lat="42.989000" lon="-1.885582">
        <ele>564.849</ele>
        <time>2023-06-25T11:23:44Z</time>
      </trkpt>
      <trkpt lat="42.989050" lon="-1.885595">
        <ele>564.085</ele>
        <time>2023-06-25T11:23:49Z</time>
      </trkpt>
      <trkpt lat="42.989098" lon="-1.885610">
        <ele>564.114</ele>
        <time>2023-06-25T11:23:53Z</time>
      </trkpt>
      <trkpt lat="42.989143" lon="-1.885615">
        <ele>564.254</ele>
        <time>2023-06-25T11:23:57Z</time>
      </trkpt>
      <trkpt lat="42.989190" lon="-1.885610">
        <ele>564.509</ele>
        <time>2023-06-25T11:24:00Z</time>
      </trkpt>
      <trkpt lat="42.989253" lon="-1.885610">
        <ele>565.209</ele>
        <time>2023-06-25T11:24:03Z</time>
      </trkpt>
      <trkpt lat="42.989310" lon="-1.885630">
        <ele>565.642</ele>
        <time>2023-06-25T11:24:06Z</time>
      </trkpt>
      <trkpt lat="42.989363" lon="-1.885645">
        <ele>565.814</ele>
        <time>2023-06-25T11:24:10Z</time>
      </trkpt>
      <trkpt lat="42.989416" lon="-1.885658">
        <ele>563.919</ele>
        <time>2023-06-25T11:24:14Z</time>
      </trkpt>
      <trkpt lat="42.989461" lon="-1.885681">
        <ele>562.618</ele>
        <time>2023-06-25T11:24:19Z</time>
      </trkpt>
      <trkpt lat="42.989504" lon="-1.885733">
        <ele>561.712</ele>
        <time>2023-06-25T11:24:23Z</time>
      </trkpt>
      <trkpt lat="42.989537" lon="-1.885781">
        <ele>561.447</ele>
        <time>2023-06-25T11:24:27Z</time>
      </trkpt>
      <trkpt lat="42.989560" lon="-1.885839">
        <ele>560.871</ele>
        <time>2023-06-25T11:24:32Z</time>
      </trkpt>
      <trkpt lat="42.989585" lon="-1.885902">
        <ele>560.535</ele>
        <time>2023-06-25T11:24:36Z</time>
      </trkpt>
      <trkpt lat="42.989615" lon="-1.885959">
        <ele>560.511</ele>
        <time>2023-06-25T11:24:41Z</time>
      </trkpt>
      <trkpt lat="42.989633" lon="-1.886019">
        <ele>560.674</ele>
        <time>2023-06-25T11:24:46Z</time>
      </trkpt>
      <trkpt lat="42.989640" lon="-1.886084">
        <ele>561.456</ele>
        <time>2023-06-25T11:24:51Z</time>
      </trkpt>
      <trkpt lat="42.989640" lon="-1.886162">
        <ele>562.921</ele>
        <time>2023-06-25T11:24:55Z</time>
      </trkpt>
      <trkpt lat="42.989643" lon="-1.886224">
        <ele>564.809</ele>
        <time>2023-06-25T11:24:58Z</time>
      </trkpt>
      <trkpt lat="42.989628" lon="-1.886284">
        <ele>566.248</ele>
        <time>2023-06-25T11:25:01Z</time>
      </trkpt>
      <trkpt lat="42.989603" lon="-1.886336">
        <ele>568.220</ele>
        <time>2023-06-25T11:25:05Z</time>
      </trkpt>
      <trkpt lat="42.989568" lon="-1.886378">
        <ele>570.555</ele>
        <time>2023-06-25T11:25:10Z</time>
      </trkpt>
      <trkpt lat="42.989525" lon="-1.886431">
        <ele>574.284</ele>
        <time>2023-06-25T11:25:16Z</time>
      </trkpt>
      <trkpt lat="42.989497" lon="-1.886479">
        <ele>577.148</ele>
        <time>2023-06-25T11:25:19Z</time>
      </trkpt>
      <trkpt lat="42.989470" lon="-1.886529">
        <ele>578.893</ele>
        <time>2023-06-25T11:25:22Z</time>
      </trkpt>
      <trkpt lat="42.989428" lon="-1.886594">
        <ele>579.077</ele>
        <time>2023-06-25T11:25:26Z</time>
      </trkpt>
      <trkpt lat="42.989390" lon="-1.886651">
        <ele>580.461</ele>
        <time>2023-06-25T11:25:32Z</time>
      </trkpt>
      <trkpt lat="42.989352" lon="-1.886704">
        <ele>581.597</ele>
        <time>2023-06-25T11:25:36Z</time>
      </trkpt>
      <trkpt lat="42.989312" lon="-1.886749">
        <ele>581.574</ele>
        <time>2023-06-25T11:25:40Z</time>
      </trkpt>
      <trkpt lat="42.989267" lon="-1.886792">
        <ele>581.556</ele>
        <time>2023-06-25T11:25:44Z</time>
      </trkpt>
      <trkpt lat="42.989225" lon="-1.886837">
        <ele>580.021</ele>
        <time>2023-06-25T11:25:49Z</time>
      </trkpt>
      <trkpt lat="42.989183" lon="-1.886869">
        <ele>579.409</ele>
        <time>2023-06-25T11:25:54Z</time>
      </trkpt>
      <trkpt lat="42.989190" lon="-1.886937">
        <ele>579.268</ele>
        <time>2023-06-25T11:26:03Z</time>
      </trkpt>
      <trkpt lat="42.989137" lon="-1.886915">
        <ele>579.190</ele>
        <time>2023-06-25T11:26:06Z</time>
      </trkpt>
      <trkpt lat="42.989094" lon="-1.886932">
        <ele>579.065</ele>
        <time>2023-06-25T11:26:14Z</time>
      </trkpt>
      <trkpt lat="42.989086" lon="-1.886994">
        <ele>570.824</ele>
        <time>2023-06-25T11:26:26Z</time>
      </trkpt>
      <trkpt lat="42.989041" lon="-1.887022">
        <ele>569.838</ele>
        <time>2023-06-25T11:26:30Z</time>
      </trkpt>
      <trkpt lat="42.989013" lon="-1.887072">
        <ele>568.513</ele>
        <time>2023-06-25T11:26:36Z</time>
      </trkpt>
      <trkpt lat="42.988970" lon="-1.887117">
        <ele>567.887</ele>
        <time>2023-06-25T11:26:41Z</time>
      </trkpt>
      <trkpt lat="42.988938" lon="-1.887169">
        <ele>563.811</ele>
        <time>2023-06-25T11:26:44Z</time>
      </trkpt>
      <trkpt lat="42.988896" lon="-1.887222">
        <ele>562.917</ele>
        <time>2023-06-25T11:26:49Z</time>
      </trkpt>
      <trkpt lat="42.988883" lon="-1.887285">
        <ele>562.913</ele>
        <time>2023-06-25T11:26:55Z</time>
      </trkpt>
      <trkpt lat="42.988843" lon="-1.887345">
        <ele>563.543</ele>
        <time>2023-06-25T11:26:59Z</time>
      </trkpt>
      <trkpt lat="42.988818" lon="-1.887400">
        <ele>563.707</ele>
        <time>2023-06-25T11:27:02Z</time>
      </trkpt>
      <trkpt lat="42.988781" lon="-1.887452">
        <ele>563.909</ele>
        <time>2023-06-25T11:27:05Z</time>
      </trkpt>
      <trkpt lat="42.988759" lon="-1.887512">
        <ele>563.922</ele>
        <time>2023-06-25T11:27:12Z</time>
      </trkpt>
      <trkpt lat="42.988741" lon="-1.887572">
        <ele>563.944</ele>
        <time>2023-06-25T11:27:15Z</time>
      </trkpt>
      <trkpt lat="42.988716" lon="-1.887647">
        <ele>563.519</ele>
        <time>2023-06-25T11:27:19Z</time>
      </trkpt>
      <trkpt lat="42.988699" lon="-1.887712">
        <ele>562.358</ele>
        <time>2023-06-25T11:27:23Z</time>
      </trkpt>
      <trkpt lat="42.988712" lon="-1.887782">
        <ele>562.062</ele>
        <time>2023-06-25T11:27:30Z</time>
      </trkpt>
      <trkpt lat="42.988720" lon="-1.887857">
        <ele>561.597</ele>
        <time>2023-06-25T11:27:34Z</time>
      </trkpt>
      <trkpt lat="42.988707" lon="-1.887942">
        <ele>561.541</ele>
        <time>2023-06-25T11:27:37Z</time>
      </trkpt>
      <trkpt lat="42.988700" lon="-1.888007">
        <ele>561.585</ele>
        <time>2023-06-25T11:27:40Z</time>
      </trkpt>
      <trkpt lat="42.988708" lon="-1.888072">
        <ele>560.721</ele>
        <time>2023-06-25T11:27:43Z</time>
      </trkpt>
      <trkpt lat="42.988746" lon="-1.888134">
        <ele>559.847</ele>
        <time>2023-06-25T11:27:47Z</time>
      </trkpt>
      <trkpt lat="42.988781" lon="-1.888181">
        <ele>559.829</ele>
        <time>2023-06-25T11:27:52Z</time>
      </trkpt>
      <trkpt lat="42.988823" lon="-1.888214">
        <ele>559.821</ele>
        <time>2023-06-25T11:27:55Z</time>
      </trkpt>
      <trkpt lat="42.988868" lon="-1.888267">
        <ele>560.809</ele>
        <time>2023-06-25T11:27:59Z</time>
      </trkpt>
      <trkpt lat="42.988916" lon="-1.888307">
        <ele>562.075</ele>
        <time>2023-06-25T11:28:03Z</time>
      </trkpt>
      <trkpt lat="42.988954" lon="-1.888347">
        <ele>563.077</ele>
        <time>2023-06-25T11:28:08Z</time>
      </trkpt>
      <trkpt lat="42.988996" lon="-1.888377">
        <ele>565.152</ele>
        <time>2023-06-25T11:28:12Z</time>
      </trkpt>
      <trkpt lat="42.989044" lon="-1.888419">
        <ele>567.131</ele>
        <time>2023-06-25T11:28:16Z</time>
      </trkpt>
      <trkpt lat="42.989104" lon="-1.888427">
        <ele>568.395</ele>
        <time>2023-06-25T11:28:20Z</time>
      </trkpt>
      <trkpt lat="42.989156" lon="-1.888432">
        <ele>568.370</ele>
        <time>2023-06-25T11:28:23Z</time>
      </trkpt>
      <trkpt lat="42.989204" lon="-1.888465">
        <ele>568.524</ele>
        <time>2023-06-25T11:28:27Z</time>
      </trkpt>
      <trkpt lat="42.989244" lon="-1.888515">
        <ele>568.518</ele>
        <time>2023-06-25T11:28:31Z</time>
      </trkpt>
      <trkpt lat="42.989277" lon="-1.888558">
        <ele>568.314</ele>
        <time>2023-06-25T11:28:35Z</time>
      </trkpt>
      <trkpt lat="42.989322" lon="-1.888571">
        <ele>568.038</ele>
        <time>2023-06-25T11:28:41Z</time>
      </trkpt>
      <trkpt lat="42.989369" lon="-1.888606">
        <ele>567.070</ele>
        <time>2023-06-25T11:28:46Z</time>
      </trkpt>
      <trkpt lat="42.989426" lon="-1.888618">
        <ele>566.817</ele>
        <time>2023-06-25T11:28:49Z</time>
      </trkpt>
      <trkpt lat="42.989476" lon="-1.888645">
        <ele>566.009</ele>
        <time>2023-06-25T11:28:59Z</time>
      </trkpt>
      <trkpt lat="42.989523" lon="-1.888677">
        <ele>565.674</ele>
        <time>2023-06-25T11:29:03Z</time>
      </trkpt>
      <trkpt lat="42.989570" lon="-1.888714">
        <ele>564.366</ele>
        <time>2023-06-25T11:29:09Z</time>
      </trkpt>
      <trkpt lat="42.989615" lon="-1.888736">
        <ele>562.111</ele>
        <time>2023-06-25T11:29:14Z</time>
      </trkpt>
      <trkpt lat="42.989667" lon="-1.888726">
        <ele>561.670</ele>
        <time>2023-06-25T11:29:18Z</time>
      </trkpt>
      <trkpt lat="42.989717" lon="-1.888704">
        <ele>561.454</ele>
        <time>2023-06-25T11:29:22Z</time>
      </trkpt>
      <trkpt lat="42.989762" lon="-1.888716">
        <ele>561.559</ele>
        <time>2023-06-25T11:29:28Z</time>
      </trkpt>
      <trkpt lat="42.989819" lon="-1.888736">
        <ele>562.973</ele>
        <time>2023-06-25T11:29:31Z</time>
      </trkpt>
      <trkpt lat="42.989869" lon="-1.888729">
        <ele>563.257</ele>
        <time>2023-06-25T11:29:34Z</time>
      </trkpt>
      <trkpt lat="42.989919" lon="-1.888719">
        <ele>563.173</ele>
        <time>2023-06-25T11:29:41Z</time>
      </trkpt>
      <trkpt lat="42.989967" lon="-1.888717">
        <ele>563.019</ele>
        <time>2023-06-25T11:29:44Z</time>
      </trkpt>
      <trkpt lat="42.990020" lon="-1.888717">
        <ele>562.009</ele>
        <time>2023-06-25T11:29:47Z</time>
      </trkpt>
      <trkpt lat="42.990068" lon="-1.888737">
        <ele>561.119</ele>
        <time>2023-06-25T11:29:52Z</time>
      </trkpt>
      <trkpt lat="42.990123" lon="-1.888744">
        <ele>561.009</ele>
        <time>2023-06-25T11:29:56Z</time>
      </trkpt>
      <trkpt lat="42.990171" lon="-1.888767">
        <ele>559.982</ele>
        <time>2023-06-25T11:30:00Z</time>
      </trkpt>
      <trkpt lat="42.990219" lon="-1.888772">
        <ele>559.364</ele>
        <time>2023-06-25T11:30:03Z</time>
      </trkpt>
      <trkpt lat="42.990266" lon="-1.888765">
        <ele>558.879</ele>
        <time>2023-06-25T11:30:07Z</time>
      </trkpt>
      <trkpt lat="42.990323" lon="-1.888745">
        <ele>557.588</ele>
        <time>2023-06-25T11:30:10Z</time>
      </trkpt>
      <trkpt lat="42.990373" lon="-1.888737">
        <ele>556.992</ele>
        <time>2023-06-25T11:30:14Z</time>
      </trkpt>
      <trkpt lat="42.990423" lon="-1.888707">
        <ele>556.667</ele>
        <time>2023-06-25T11:30:18Z</time>
      </trkpt>
      <trkpt lat="42.990476" lon="-1.888697">
        <ele>556.351</ele>
        <time>2023-06-25T11:30:22Z</time>
      </trkpt>
      <trkpt lat="42.990519" lon="-1.888680">
        <ele>556.195</ele>
        <time>2023-06-25T11:30:26Z</time>
      </trkpt>
      <trkpt lat="42.990564" lon="-1.888658">
        <ele>556.151</ele>
        <time>2023-06-25T11:30:30Z</time>
      </trkpt>
      <trkpt lat="42.990617" lon="-1.888630">
        <ele>556.843</ele>
        <time>2023-06-25T11:30:38Z</time>
      </trkpt>
      <trkpt lat="42.990669" lon="-1.888578">
        <ele>557.364</ele>
        <time>2023-06-25T11:30:42Z</time>
      </trkpt>
      <trkpt lat="42.990714" lon="-1.888515">
        <ele>558.610</ele>
        <time>2023-06-25T11:30:45Z</time>
      </trkpt>
      <trkpt lat="42.990744" lon="-1.888465">
        <ele>560.109</ele>
        <time>2023-06-25T11:30:47Z</time>
      </trkpt>
      <trkpt lat="42.990789" lon="-1.888418">
        <ele>561.395</ele>
        <time>2023-06-25T11:30:50Z</time>
      </trkpt>
      <trkpt lat="42.990826" lon="-1.888371">
        <ele>562.397</ele>
        <time>2023-06-25T11:30:55Z</time>
      </trkpt>
      <trkpt lat="42.990848" lon="-1.888303">
        <ele>562.812</ele>
        <time>2023-06-25T11:31:00Z</time>
      </trkpt>
      <trkpt lat="42.990893" lon="-1.888251">
        <ele>565.681</ele>
        <time>2023-06-25T11:31:05Z</time>
      </trkpt>
      <trkpt lat="42.990903" lon="-1.888188">
        <ele>567.035</ele>
        <time>2023-06-25T11:31:08Z</time>
      </trkpt>
      <trkpt lat="42.990921" lon="-1.888131">
        <ele>568.840</ele>
        <time>2023-06-25T11:31:13Z</time>
      </trkpt>
      <trkpt lat="42.990933" lon="-1.888063">
        <ele>568.834</ele>
        <time>2023-06-25T11:31:17Z</time>
      </trkpt>
      <trkpt lat="42.990948" lon="-1.888000">
        <ele>569.278</ele>
        <time>2023-06-25T11:31:20Z</time>
      </trkpt>
      <trkpt lat="42.990938" lon="-1.887927">
        <ele>567.834</ele>
        <time>2023-06-25T11:31:25Z</time>
      </trkpt>
      <trkpt lat="42.990945" lon="-1.887862">
        <ele>564.686</ele>
        <time>2023-06-25T11:31:29Z</time>
      </trkpt>
      <trkpt lat="42.990972" lon="-1.887790">
        <ele>558.160</ele>
        <time>2023-06-25T11:31:34Z</time>
      </trkpt>
      <trkpt lat="42.991015" lon="-1.887738">
        <ele>553.026</ele>
        <time>2023-06-25T11:31:39Z</time>
      </trkpt>
      <trkpt lat="42.991055" lon="-1.887696">
        <ele>550.309</ele>
        <time>2023-06-25T11:31:43Z</time>
      </trkpt>
      <trkpt lat="42.991105" lon="-1.887658">
        <ele>549.189</ele>
        <time>2023-06-25T11:31:47Z</time>
      </trkpt>
      <trkpt lat="42.991145" lon="-1.887628">
        <ele>549.021</ele>
        <time>2023-06-25T11:31:51Z</time>
      </trkpt>
      <trkpt lat="42.991193" lon="-1.887586">
        <ele>549.046</ele>
        <time>2023-06-25T11:31:56Z</time>
      </trkpt>
      <trkpt lat="42.991233" lon="-1.887558">
        <ele>549.625</ele>
        <time>2023-06-25T11:32:00Z</time>
      </trkpt>
      <trkpt lat="42.991285" lon="-1.887536">
        <ele>552.449</ele>
        <time>2023-06-25T11:32:05Z</time>
      </trkpt>
      <trkpt lat="42.991332" lon="-1.887489">
        <ele>553.734</ele>
        <time>2023-06-25T11:32:09Z</time>
      </trkpt>
      <trkpt lat="42.991377" lon="-1.887474">
        <ele>554.128</ele>
        <time>2023-06-25T11:32:13Z</time>
      </trkpt>
      <trkpt lat="42.991422" lon="-1.887444">
        <ele>557.722</ele>
        <time>2023-06-25T11:32:19Z</time>
      </trkpt>
      <trkpt lat="42.991474" lon="-1.887446">
        <ele>560.058</ele>
        <time>2023-06-25T11:32:24Z</time>
      </trkpt>
      <trkpt lat="42.991517" lon="-1.887423">
        <ele>562.611</ele>
        <time>2023-06-25T11:32:29Z</time>
      </trkpt>
      <trkpt lat="42.991567" lon="-1.887438">
        <ele>563.321</ele>
        <time>2023-06-25T11:32:34Z</time>
      </trkpt>
      <trkpt lat="42.991615" lon="-1.887445">
        <ele>563.503</ele>
        <time>2023-06-25T11:32:38Z</time>
      </trkpt>
      <trkpt lat="42.991653" lon="-1.887480">
        <ele>563.609</ele>
        <time>2023-06-25T11:32:42Z</time>
      </trkpt>
      <trkpt lat="42.991696" lon="-1.887512">
        <ele>563.692</ele>
        <time>2023-06-25T11:32:46Z</time>
      </trkpt>
      <trkpt lat="42.991743" lon="-1.887540">
        <ele>563.484</ele>
        <time>2023-06-25T11:32:50Z</time>
      </trkpt>
      <trkpt lat="42.991793" lon="-1.887568">
        <ele>562.949</ele>
        <time>2023-06-25T11:32:55Z</time>
      </trkpt>
      <trkpt lat="42.991830" lon="-1.887605">
        <ele>562.918</ele>
        <time>2023-06-25T11:32:59Z</time>
      </trkpt>
      <trkpt lat="42.991865" lon="-1.887650">
        <ele>561.742</ele>
        <time>2023-06-25T11:33:02Z</time>
      </trkpt>
      <trkpt lat="42.991900" lon="-1.887702">
        <ele>559.577</ele>
        <time>2023-06-25T11:33:06Z</time>
      </trkpt>
      <trkpt lat="42.991937" lon="-1.887744">
        <ele>557.891</ele>
        <time>2023-06-25T11:33:09Z</time>
      </trkpt>
      <trkpt lat="42.991965" lon="-1.887804">
        <ele>556.035</ele>
        <time>2023-06-25T11:33:13Z</time>
      </trkpt>
      <trkpt lat="42.991997" lon="-1.887857">
        <ele>555.661</ele>
        <time>2023-06-25T11:33:17Z</time>
      </trkpt>
      <trkpt lat="42.992025" lon="-1.887912">
        <ele>555.522</ele>
        <time>2023-06-25T11:33:22Z</time>
      </trkpt>
      <trkpt lat="42.992057" lon="-1.887979">
        <ele>555.362</ele>
        <time>2023-06-25T11:33:27Z</time>
      </trkpt>
      <trkpt lat="42.992085" lon="-1.888052">
        <ele>555.208</ele>
        <time>2023-06-25T11:33:31Z</time>
      </trkpt>
      <trkpt lat="42.992125" lon="-1.888097">
        <ele>554.909</ele>
        <time>2023-06-25T11:33:35Z</time>
      </trkpt>
      <trkpt lat="42.992160" lon="-1.888139">
        <ele>554.483</ele>
        <time>2023-06-25T11:33:39Z</time>
      </trkpt>
      <trkpt lat="42.992188" lon="-1.888191">
        <ele>554.125</ele>
        <time>2023-06-25T11:33:42Z</time>
      </trkpt>
      <trkpt lat="42.992218" lon="-1.888246">
        <ele>553.740</ele>
        <time>2023-06-25T11:33:46Z</time>
      </trkpt>
      <trkpt lat="42.992243" lon="-1.888303">
        <ele>553.929</ele>
        <time>2023-06-25T11:33:50Z</time>
      </trkpt>
      <trkpt lat="42.992265" lon="-1.888365">
        <ele>553.923</ele>
        <time>2023-06-25T11:33:54Z</time>
      </trkpt>
      <trkpt lat="42.992308" lon="-1.888412">
        <ele>553.958</ele>
        <time>2023-06-25T11:34:00Z</time>
      </trkpt>
      <trkpt lat="42.992343" lon="-1.888464">
        <ele>554.152</ele>
        <time>2023-06-25T11:34:04Z</time>
      </trkpt>
      <trkpt lat="42.992358" lon="-1.888527">
        <ele>554.476</ele>
        <time>2023-06-25T11:34:10Z</time>
      </trkpt>
      <trkpt lat="42.992386" lon="-1.888580">
        <ele>555.232</ele>
        <time>2023-06-25T11:34:15Z</time>
      </trkpt>
      <trkpt lat="42.992426" lon="-1.888620">
        <ele>555.621</ele>
        <time>2023-06-25T11:34:21Z</time>
      </trkpt>
      <trkpt lat="42.992468" lon="-1.888652">
        <ele>557.841</ele>
        <time>2023-06-25T11:34:27Z</time>
      </trkpt>
      <trkpt lat="42.992510" lon="-1.888687">
        <ele>559.105</ele>
        <time>2023-06-25T11:34:30Z</time>
      </trkpt>
      <trkpt lat="42.992547" lon="-1.888729">
        <ele>560.309</ele>
        <time>2023-06-25T11:34:33Z</time>
      </trkpt>
      <trkpt lat="42.992594" lon="-1.888761">
        <ele>561.853</ele>
        <time>2023-06-25T11:34:37Z</time>
      </trkpt>
      <trkpt lat="42.992631" lon="-1.888806">
        <ele>563.135</ele>
        <time>2023-06-25T11:34:43Z</time>
      </trkpt>
      <trkpt lat="42.992669" lon="-1.888859">
        <ele>563.240</ele>
        <time>2023-06-25T11:34:46Z</time>
      </trkpt>
      <trkpt lat="42.992702" lon="-1.888902">
        <ele>563.699</ele>
        <time>2023-06-25T11:34:50Z</time>
      </trkpt>
      <trkpt lat="42.992730" lon="-1.888952">
        <ele>563.883</ele>
        <time>2023-06-25T11:34:55Z</time>
      </trkpt>
      <trkpt lat="42.992770" lon="-1.889015">
        <ele>563.918</ele>
        <time>2023-06-25T11:34:59Z</time>
      </trkpt>
      <trkpt lat="42.992815" lon="-1.889058">
        <ele>564.472</ele>
        <time>2023-06-25T11:35:03Z</time>
      </trkpt>
      <trkpt lat="42.992865" lon="-1.889105">
        <ele>564.266</ele>
        <time>2023-06-25T11:35:09Z</time>
      </trkpt>
      <trkpt lat="42.992903" lon="-1.889153">
        <ele>564.322</ele>
        <time>2023-06-25T11:35:12Z</time>
      </trkpt>
      <trkpt lat="42.992936" lon="-1.889225">
        <ele>563.711</ele>
        <time>2023-06-25T11:35:16Z</time>
      </trkpt>
      <trkpt lat="42.992978" lon="-1.889270">
        <ele>563.721</ele>
        <time>2023-06-25T11:35:20Z</time>
      </trkpt>
      <trkpt lat="42.993013" lon="-1.889310">
        <ele>563.603</ele>
        <time>2023-06-25T11:35:23Z</time>
      </trkpt>
      <trkpt lat="42.993051" lon="-1.889353">
        <ele>563.509</ele>
        <time>2023-06-25T11:35:28Z</time>
      </trkpt>
      <trkpt lat="42.993079" lon="-1.889406">
        <ele>563.642</ele>
        <time>2023-06-25T11:35:35Z</time>
      </trkpt>
      <trkpt lat="42.993111" lon="-1.889458">
        <ele>563.224</ele>
        <time>2023-06-25T11:35:39Z</time>
      </trkpt>
      <trkpt lat="42.993139" lon="-1.889515">
        <ele>562.829</ele>
        <time>2023-06-25T11:35:42Z</time>
      </trkpt>
      <trkpt lat="42.993179" lon="-1.889575">
        <ele>562.428</ele>
        <time>2023-06-25T11:35:46Z</time>
      </trkpt>
      <trkpt lat="42.993214" lon="-1.889637">
        <ele>561.422</ele>
        <time>2023-06-25T11:35:49Z</time>
      </trkpt>
      <trkpt lat="42.993259" lon="-1.889674">
        <ele>560.537</ele>
        <time>2023-06-25T11:35:53Z</time>
      </trkpt>
      <trkpt lat="42.993284" lon="-1.889727">
        <ele>559.031</ele>
        <time>2023-06-25T11:35:56Z</time>
      </trkpt>
      <trkpt lat="42.993317" lon="-1.889789">
        <ele>558.735</ele>
        <time>2023-06-25T11:36:00Z</time>
      </trkpt>
      <trkpt lat="42.993347" lon="-1.889841">
        <ele>558.691</ele>
        <time>2023-06-25T11:36:05Z</time>
      </trkpt>
      <trkpt lat="42.993379" lon="-1.889889">
        <ele>558.599</ele>
        <time>2023-06-25T11:36:09Z</time>
      </trkpt>
      <trkpt lat="42.993426" lon="-1.889934">
        <ele>558.107</ele>
        <time>2023-06-25T11:36:13Z</time>
      </trkpt>
      <trkpt lat="42.993479" lon="-1.889971">
        <ele>557.327</ele>
        <time>2023-06-25T11:36:18Z</time>
      </trkpt>
      <trkpt lat="42.993526" lon="-1.889999">
        <ele>557.209</ele>
        <time>2023-06-25T11:36:22Z</time>
      </trkpt>
      <trkpt lat="42.993571" lon="-1.890019">
        <ele>557.250</ele>
        <time>2023-06-25T11:36:26Z</time>
      </trkpt>
      <trkpt lat="42.993621" lon="-1.890042">
        <ele>557.292</ele>
        <time>2023-06-25T11:36:29Z</time>
      </trkpt>
      <trkpt lat="42.993664" lon="-1.890070">
        <ele>557.467</ele>
        <time>2023-06-25T11:36:34Z</time>
      </trkpt>
      <trkpt lat="42.993709" lon="-1.890072">
        <ele>557.796</ele>
        <time>2023-06-25T11:36:39Z</time>
      </trkpt>
      <trkpt lat="42.993761" lon="-1.890082">
        <ele>557.960</ele>
        <time>2023-06-25T11:36:43Z</time>
      </trkpt>
      <trkpt lat="42.993809" lon="-1.890052">
        <ele>557.965</ele>
        <time>2023-06-25T11:36:47Z</time>
      </trkpt>
      <trkpt lat="42.993862" lon="-1.890037">
        <ele>557.989</ele>
        <time>2023-06-25T11:36:50Z</time>
      </trkpt>
      <trkpt lat="42.993909" lon="-1.890035">
        <ele>557.913</ele>
        <time>2023-06-25T11:36:53Z</time>
      </trkpt>
      <trkpt lat="42.993956" lon="-1.890025">
        <ele>557.789</ele>
        <time>2023-06-25T11:36:56Z</time>
      </trkpt>
      <trkpt lat="42.994008" lon="-1.890015">
        <ele>557.344</ele>
        <time>2023-06-25T11:37:00Z</time>
      </trkpt>
      <trkpt lat="42.994058" lon="-1.890000">
        <ele>557.505</ele>
        <time>2023-06-25T11:37:05Z</time>
      </trkpt>
      <trkpt lat="42.994116" lon="-1.889973">
        <ele>557.615</ele>
        <time>2023-06-25T11:37:09Z</time>
      </trkpt>
      <trkpt lat="42.994173" lon="-1.889956">
        <ele>557.909</ele>
        <time>2023-06-25T11:37:13Z</time>
      </trkpt>
      <trkpt lat="42.994220" lon="-1.889951">
        <ele>558.135</ele>
        <time>2023-06-25T11:37:17Z</time>
      </trkpt>
      <trkpt lat="42.994265" lon="-1.889933">
        <ele>558.787</ele>
        <time>2023-06-25T11:37:22Z</time>
      </trkpt>
      <trkpt lat="42.994310" lon="-1.889918">
        <ele>559.042</ele>
        <time>2023-06-25T11:37:27Z</time>
      </trkpt>
      <trkpt lat="42.994365" lon="-1.889901">
        <ele>559.131</ele>
        <time>2023-06-25T11:37:31Z</time>
      </trkpt>
      <trkpt lat="42.994413" lon="-1.889891">
        <ele>559.385</ele>
        <time>2023-06-25T11:37:36Z</time>
      </trkpt>
      <trkpt lat="42.994460" lon="-1.889869">
        <ele>560.060</ele>
        <time>2023-06-25T11:37:41Z</time>
      </trkpt>
      <trkpt lat="42.994508" lon="-1.889852">
        <ele>561.134</ele>
        <time>2023-06-25T11:37:47Z</time>
      </trkpt>
      <trkpt lat="42.994553" lon="-1.889852">
        <ele>563.248</ele>
        <time>2023-06-25T11:37:51Z</time>
      </trkpt>
      <trkpt lat="42.994600" lon="-1.889865">
        <ele>564.414</ele>
        <time>2023-06-25T11:37:55Z</time>
      </trkpt>
      <trkpt lat="42.994657" lon="-1.889863">
        <ele>564.737</ele>
        <time>2023-06-25T11:38:00Z</time>
      </trkpt>
      <trkpt lat="42.994712" lon="-1.889841">
        <ele>564.849</ele>
        <time>2023-06-25T11:38:04Z</time>
      </trkpt>
      <trkpt lat="42.994757" lon="-1.889844">
        <ele>564.813</ele>
        <time>2023-06-25T11:38:08Z</time>
      </trkpt>
      <trkpt lat="42.994804" lon="-1.889847">
        <ele>564.709</ele>
        <time>2023-06-25T11:38:12Z</time>
      </trkpt>
      <trkpt lat="42.994856" lon="-1.889847">
        <ele>564.744</ele>
        <time>2023-06-25T11:38:17Z</time>
      </trkpt>
      <trkpt lat="42.994903" lon="-1.889854">
        <ele>565.026</ele>
        <time>2023-06-25T11:38:21Z</time>
      </trkpt>
      <trkpt lat="42.994953" lon="-1.889862">
        <ele>565.481</ele>
        <time>2023-06-25T11:38:27Z</time>
      </trkpt>
      <trkpt lat="42.995011" lon="-1.889874">
        <ele>565.640</ele>
        <time>2023-06-25T11:38:31Z</time>
      </trkpt>
      <trkpt lat="42.995061" lon="-1.889877">
        <ele>566.694</ele>
        <time>2023-06-25T11:38:36Z</time>
      </trkpt>
      <trkpt lat="42.995113" lon="-1.889907">
        <ele>567.349</ele>
        <time>2023-06-25T11:38:41Z</time>
      </trkpt>
      <trkpt lat="42.995160" lon="-1.889907">
        <ele>567.483</ele>
        <time>2023-06-25T11:38:44Z</time>
      </trkpt>
      <trkpt lat="42.995212" lon="-1.889897">
        <ele>567.697</ele>
        <time>2023-06-25T11:38:48Z</time>
      </trkpt>
      <trkpt lat="42.995262" lon="-1.889909">
        <ele>568.263</ele>
        <time>2023-06-25T11:38:54Z</time>
      </trkpt>
      <trkpt lat="42.995314" lon="-1.889924">
        <ele>568.461</ele>
        <time>2023-06-25T11:38:58Z</time>
      </trkpt>
      <trkpt lat="42.995362" lon="-1.889912">
        <ele>568.721</ele>
        <time>2023-06-25T11:39:04Z</time>
      </trkpt>
      <trkpt lat="42.995414" lon="-1.889904">
        <ele>568.913</ele>
        <time>2023-06-25T11:39:09Z</time>
      </trkpt>
      <trkpt lat="42.995452" lon="-1.889866">
        <ele>569.109</ele>
        <time>2023-06-25T11:39:14Z</time>
      </trkpt>
      <trkpt lat="42.995500" lon="-1.889854">
        <ele>569.937</ele>
        <time>2023-06-25T11:39:18Z</time>
      </trkpt>
      <trkpt lat="42.995568" lon="-1.889857">
        <ele>571.689</ele>
        <time>2023-06-25T11:39:23Z</time>
      </trkpt>
      <trkpt lat="42.995618" lon="-1.889834">
        <ele>573.454</ele>
        <time>2023-06-25T11:39:26Z</time>
      </trkpt>
      <trkpt lat="42.995670" lon="-1.889822">
        <ele>575.683</ele>
        <time>2023-06-25T11:39:29Z</time>
      </trkpt>
      <trkpt lat="42.995715" lon="-1.889805">
        <ele>576.837</ele>
        <time>2023-06-25T11:39:32Z</time>
      </trkpt>
      <trkpt lat="42.995768" lon="-1.889768">
        <ele>577.922</ele>
        <time>2023-06-25T11:39:37Z</time>
      </trkpt>
      <trkpt lat="42.995816" lon="-1.889733">
        <ele>577.996</ele>
        <time>2023-06-25T11:39:41Z</time>
      </trkpt>
      <trkpt lat="42.995871" lon="-1.889743">
        <ele>576.990</ele>
        <time>2023-06-25T11:39:49Z</time>
      </trkpt>
      <trkpt lat="42.995908" lon="-1.889700">
        <ele>575.716</ele>
        <time>2023-06-25T11:39:54Z</time>
      </trkpt>
      <trkpt lat="42.995946" lon="-1.889657">
        <ele>574.357</ele>
        <time>2023-06-25T11:40:11Z</time>
      </trkpt>
      <trkpt lat="42.995984" lon="-1.889610">
        <ele>572.500</ele>
        <time>2023-06-25T11:40:19Z</time>
      </trkpt>
      <trkpt lat="42.996037" lon="-1.889598">
        <ele>570.120</ele>
        <time>2023-06-25T11:40:25Z</time>
      </trkpt>
      <trkpt lat="42.996080" lon="-1.889566">
        <ele>569.909</ele>
        <time>2023-06-25T11:40:29Z</time>
      </trkpt>
      <trkpt lat="42.996127" lon="-1.889554">
        <ele>569.996</ele>
        <time>2023-06-25T11:40:33Z</time>
      </trkpt>
      <trkpt lat="42.996172" lon="-1.889519">
        <ele>569.978</ele>
        <time>2023-06-25T11:40:36Z</time>
      </trkpt>
      <trkpt lat="42.996212" lon="-1.889477">
        <ele>569.973</ele>
        <time>2023-06-25T11:40:39Z</time>
      </trkpt>
      <trkpt lat="42.996259" lon="-1.889429">
        <ele>569.932</ele>
        <time>2023-06-25T11:40:44Z</time>
      </trkpt>
      <trkpt lat="42.996309" lon="-1.889391">
        <ele>569.586</ele>
        <time>2023-06-25T11:40:49Z</time>
      </trkpt>
      <trkpt lat="42.996344" lon="-1.889344">
        <ele>569.471</ele>
        <time>2023-06-25T11:40:54Z</time>
      </trkpt>
      <trkpt lat="42.996391" lon="-1.889307">
        <ele>569.485</ele>
        <time>2023-06-25T11:40:58Z</time>
      </trkpt>
      <trkpt lat="42.996436" lon="-1.889277">
        <ele>569.459</ele>
        <time>2023-06-25T11:41:02Z</time>
      </trkpt>
      <trkpt lat="42.996474" lon="-1.889242">
        <ele>569.775</ele>
        <time>2023-06-25T11:41:05Z</time>
      </trkpt>
      <trkpt lat="42.996526" lon="-1.889220">
        <ele>569.963</ele>
        <time>2023-06-25T11:41:09Z</time>
      </trkpt>
      <trkpt lat="42.996573" lon="-1.889197">
        <ele>570.144</ele>
        <time>2023-06-25T11:41:13Z</time>
      </trkpt>
      <trkpt lat="42.996620" lon="-1.889159">
        <ele>570.018</ele>
        <time>2023-06-25T11:41:18Z</time>
      </trkpt>
      <trkpt lat="42.996667" lon="-1.889112">
        <ele>569.909</ele>
        <time>2023-06-25T11:41:22Z</time>
      </trkpt>
      <trkpt lat="42.996715" lon="-1.889065">
        <ele>569.957</ele>
        <time>2023-06-25T11:41:26Z</time>
      </trkpt>
      <trkpt lat="42.996752" lon="-1.889018">
        <ele>569.929</ele>
        <time>2023-06-25T11:41:30Z</time>
      </trkpt>
      <trkpt lat="42.996794" lon="-1.888993">
        <ele>569.524</ele>
        <time>2023-06-25T11:41:35Z</time>
      </trkpt>
      <trkpt lat="42.996841" lon="-1.888955">
        <ele>569.543</ele>
        <time>2023-06-25T11:41:40Z</time>
      </trkpt>
      <trkpt lat="42.996884" lon="-1.888920">
        <ele>569.517</ele>
        <time>2023-06-25T11:41:44Z</time>
      </trkpt>
      <trkpt lat="42.996922" lon="-1.888885">
        <ele>569.512</ele>
        <time>2023-06-25T11:41:47Z</time>
      </trkpt>
      <trkpt lat="42.996972" lon="-1.888875">
        <ele>569.316</ele>
        <time>2023-06-25T11:41:51Z</time>
      </trkpt>
      <trkpt lat="42.997024" lon="-1.888860">
        <ele>568.870</ele>
        <time>2023-06-25T11:41:56Z</time>
      </trkpt>
      <trkpt lat="42.997071" lon="-1.888833">
        <ele>568.276</ele>
        <time>2023-06-25T11:42:01Z</time>
      </trkpt>
      <trkpt lat="42.997123" lon="-1.888820">
        <ele>568.225</ele>
        <time>2023-06-25T11:42:06Z</time>
      </trkpt>
      <trkpt lat="42.997168" lon="-1.888803">
        <ele>568.226</ele>
        <time>2023-06-25T11:42:10Z</time>
      </trkpt>
      <trkpt lat="42.997218" lon="-1.888795">
        <ele>568.208</ele>
        <time>2023-06-25T11:42:13Z</time>
      </trkpt>
      <trkpt lat="42.997268" lon="-1.888797">
        <ele>568.409</ele>
        <time>2023-06-25T11:42:17Z</time>
      </trkpt>
      <trkpt lat="42.997321" lon="-1.888772">
        <ele>568.533</ele>
        <time>2023-06-25T11:42:24Z</time>
      </trkpt>
      <trkpt lat="42.997374" lon="-1.888765">
        <ele>568.525</ele>
        <time>2023-06-25T11:42:27Z</time>
      </trkpt>
      <trkpt lat="42.997426" lon="-1.888777">
        <ele>568.580</ele>
        <time>2023-06-25T11:42:30Z</time>
      </trkpt>
      <trkpt lat="42.997471" lon="-1.888774">
        <ele>568.479</ele>
        <time>2023-06-25T11:42:36Z</time>
      </trkpt>
      <trkpt lat="42.997516" lon="-1.888762">
        <ele>568.323</ele>
        <time>2023-06-25T11:42:39Z</time>
      </trkpt>
      <trkpt lat="42.997566" lon="-1.888757">
        <ele>568.058</ele>
        <time>2023-06-25T11:42:42Z</time>
      </trkpt>
      <trkpt lat="42.997619" lon="-1.888767">
        <ele>568.062</ele>
        <time>2023-06-25T11:42:47Z</time>
      </trkpt>
      <trkpt lat="42.997671" lon="-1.888774">
        <ele>568.046</ele>
        <time>2023-06-25T11:42:51Z</time>
      </trkpt>
      <trkpt lat="42.997724" lon="-1.888781">
        <ele>568.012</ele>
        <time>2023-06-25T11:42:55Z</time>
      </trkpt>
      <trkpt lat="42.997771" lon="-1.888778">
        <ele>568.065</ele>
        <time>2023-06-25T11:42:58Z</time>
      </trkpt>
      <trkpt lat="42.997816" lon="-1.888763">
        <ele>568.268</ele>
        <time>2023-06-25T11:43:04Z</time>
      </trkpt>
      <trkpt lat="42.997864" lon="-1.888760">
        <ele>568.314</ele>
        <time>2023-06-25T11:43:07Z</time>
      </trkpt>
      <trkpt lat="42.997914" lon="-1.888783">
        <ele>568.409</ele>
        <time>2023-06-25T11:43:10Z</time>
      </trkpt>
      <trkpt lat="42.997964" lon="-1.888776">
        <ele>568.827</ele>
        <time>2023-06-25T11:43:16Z</time>
      </trkpt>
      <trkpt lat="42.998016" lon="-1.888769">
        <ele>568.989</ele>
        <time>2023-06-25T11:43:21Z</time>
      </trkpt>
      <trkpt lat="42.998063" lon="-1.888767">
        <ele>568.994</ele>
        <time>2023-06-25T11:43:24Z</time>
      </trkpt>
      <trkpt lat="42.998111" lon="-1.888752">
        <ele>568.933</ele>
        <time>2023-06-25T11:43:28Z</time>
      </trkpt>
      <trkpt lat="42.998166" lon="-1.888734">
        <ele>569.017</ele>
        <time>2023-06-25T11:43:32Z</time>
      </trkpt>
      <trkpt lat="42.998218" lon="-1.888722">
        <ele>569.082</ele>
        <time>2023-06-25T11:43:36Z</time>
      </trkpt>
      <trkpt lat="42.998270" lon="-1.888709">
        <ele>568.936</ele>
        <time>2023-06-25T11:43:40Z</time>
      </trkpt>
      <trkpt lat="42.998327" lon="-1.888692">
        <ele>568.580</ele>
        <time>2023-06-25T11:43:44Z</time>
      </trkpt>
      <trkpt lat="42.998372" lon="-1.888687">
        <ele>568.116</ele>
        <time>2023-06-25T11:43:47Z</time>
      </trkpt>
      <trkpt lat="42.998424" lon="-1.888694">
        <ele>567.739</ele>
        <time>2023-06-25T11:43:53Z</time>
      </trkpt>
      <trkpt lat="42.998479" lon="-1.888686">
        <ele>567.701</ele>
        <time>2023-06-25T11:43:57Z</time>
      </trkpt>
      <trkpt lat="42.998532" lon="-1.888674">
        <ele>567.921</ele>
        <time>2023-06-25T11:44:01Z</time>
      </trkpt>
      <trkpt lat="42.998577" lon="-1.888684">
        <ele>568.109</ele>
        <time>2023-06-25T11:44:04Z</time>
      </trkpt>
      <trkpt lat="42.998622" lon="-1.888676">
        <ele>569.374</ele>
        <time>2023-06-25T11:44:08Z</time>
      </trkpt>
      <trkpt lat="42.998655" lon="-1.888631">
        <ele>570.836</ele>
        <time>2023-06-25T11:44:12Z</time>
      </trkpt>
      <trkpt lat="42.998695" lon="-1.888586">
        <ele>573.521</ele>
        <time>2023-06-25T11:44:17Z</time>
      </trkpt>
      <trkpt lat="42.998740" lon="-1.888546">
        <ele>575.030</ele>
        <time>2023-06-25T11:44:22Z</time>
      </trkpt>
      <trkpt lat="42.998782" lon="-1.888503">
        <ele>575.264</ele>
        <time>2023-06-25T11:44:26Z</time>
      </trkpt>
      <trkpt lat="42.998824" lon="-1.888465">
        <ele>575.389</ele>
        <time>2023-06-25T11:44:30Z</time>
      </trkpt>
      <trkpt lat="42.998874" lon="-1.888458">
        <ele>575.693</ele>
        <time>2023-06-25T11:44:34Z</time>
      </trkpt>
      <trkpt lat="42.998922" lon="-1.888445">
        <ele>576.087</ele>
        <time>2023-06-25T11:44:39Z</time>
      </trkpt>
      <trkpt lat="42.998970" lon="-1.888408">
        <ele>577.033</ele>
        <time>2023-06-25T11:44:43Z</time>
      </trkpt>
      <trkpt lat="42.999012" lon="-1.888381">
        <ele>577.569</ele>
        <time>2023-06-25T11:44:47Z</time>
      </trkpt>
      <trkpt lat="42.999064" lon="-1.888393">
        <ele>578.004</ele>
        <time>2023-06-25T11:44:52Z</time>
      </trkpt>
      <trkpt lat="42.999111" lon="-1.888421">
        <ele>578.424</ele>
        <time>2023-06-25T11:44:58Z</time>
      </trkpt>
      <trkpt lat="42.999156" lon="-1.888413">
        <ele>578.509</ele>
        <time>2023-06-25T11:45:01Z</time>
      </trkpt>
      <trkpt lat="42.999198" lon="-1.888390">
        <ele>578.697</ele>
        <time>2023-06-25T11:45:04Z</time>
      </trkpt>
      <trkpt lat="42.999250" lon="-1.888382">
        <ele>578.619</ele>
        <time>2023-06-25T11:45:09Z</time>
      </trkpt>
      <trkpt lat="42.999297" lon="-1.888430">
        <ele>578.584</ele>
        <time>2023-06-25T11:45:14Z</time>
      </trkpt>
      <trkpt lat="42.999337" lon="-1.888470">
        <ele>578.193</ele>
        <time>2023-06-25T11:45:19Z</time>
      </trkpt>
      <trkpt lat="42.999374" lon="-1.888508">
        <ele>577.877</ele>
        <time>2023-06-25T11:45:24Z</time>
      </trkpt>
      <trkpt lat="42.999414" lon="-1.888555">
        <ele>577.332</ele>
        <time>2023-06-25T11:45:27Z</time>
      </trkpt>
      <trkpt lat="42.999447" lon="-1.888598">
        <ele>576.796</ele>
        <time>2023-06-25T11:45:30Z</time>
      </trkpt>
      <trkpt lat="42.999492" lon="-1.888638">
        <ele>575.930</ele>
        <time>2023-06-25T11:45:35Z</time>
      </trkpt>
      <trkpt lat="42.999534" lon="-1.888671">
        <ele>575.896</ele>
        <time>2023-06-25T11:45:39Z</time>
      </trkpt>
      <trkpt lat="42.999556" lon="-1.888728">
        <ele>573.995</ele>
        <time>2023-06-25T11:45:44Z</time>
      </trkpt>
      <trkpt lat="42.999588" lon="-1.888781">
        <ele>573.149</ele>
        <time>2023-06-25T11:45:49Z</time>
      </trkpt>
      <trkpt lat="42.999616" lon="-1.888833">
        <ele>572.923</ele>
        <time>2023-06-25T11:45:54Z</time>
      </trkpt>
      <trkpt lat="42.999656" lon="-1.888870">
        <ele>571.909</ele>
        <time>2023-06-25T11:45:58Z</time>
      </trkpt>
      <trkpt lat="42.999696" lon="-1.888913">
        <ele>569.270</ele>
        <time>2023-06-25T11:46:03Z</time>
      </trkpt>
      <trkpt lat="42.999733" lon="-1.888961">
        <ele>568.882</ele>
        <time>2023-06-25T11:46:08Z</time>
      </trkpt>
      <trkpt lat="42.999771" lon="-1.888994">
        <ele>568.747</ele>
        <time>2023-06-25T11:46:13Z</time>
      </trkpt>
      <trkpt lat="42.999801" lon="-1.889041">
        <ele>568.776</ele>
        <time>2023-06-25T11:46:16Z</time>
      </trkpt>
      <trkpt lat="42.999831" lon="-1.889088">
        <ele>568.750</ele>
        <time>2023-06-25T11:46:19Z</time>
      </trkpt>
      <trkpt lat="42.999856" lon="-1.889145">
        <ele>568.685</ele>
        <time>2023-06-25T11:46:25Z</time>
      </trkpt>
      <trkpt lat="42.999901" lon="-1.889198">
        <ele>568.779</ele>
        <time>2023-06-25T11:46:29Z</time>
      </trkpt>
      <trkpt lat="42.999936" lon="-1.889258">
        <ele>568.853</ele>
        <time>2023-06-25T11:46:32Z</time>
      </trkpt>
      <trkpt lat="42.999961" lon="-1.889311">
        <ele>569.019</ele>
        <time>2023-06-25T11:46:36Z</time>
      </trkpt>
      <trkpt lat="42.999999" lon="-1.889366">
        <ele>569.489</ele>
        <time>2023-06-25T11:46:40Z</time>
      </trkpt>
      <trkpt lat="43.000036" lon="-1.889406">
        <ele>569.506</ele>
        <time>2023-06-25T11:46:44Z</time>
      </trkpt>
      <trkpt lat="43.000076" lon="-1.889456">
        <ele>569.626</ele>
        <time>2023-06-25T11:46:50Z</time>
      </trkpt>
      <trkpt lat="43.000108" lon="-1.889504">
        <ele>569.509</ele>
        <time>2023-06-25T11:46:54Z</time>
      </trkpt>
      <trkpt lat="43.000138" lon="-1.889561">
        <ele>569.289</ele>
        <time>2023-06-25T11:46:58Z</time>
      </trkpt>
      <trkpt lat="43.000186" lon="-1.889584">
        <ele>568.351</ele>
        <time>2023-06-25T11:47:02Z</time>
      </trkpt>
      <trkpt lat="43.000228" lon="-1.889619">
        <ele>568.366</ele>
        <time>2023-06-25T11:47:07Z</time>
      </trkpt>
      <trkpt lat="43.000256" lon="-1.889682">
        <ele>568.465</ele>
        <time>2023-06-25T11:47:11Z</time>
      </trkpt>
      <trkpt lat="43.000286" lon="-1.889732">
        <ele>569.479</ele>
        <time>2023-06-25T11:47:15Z</time>
      </trkpt>
      <trkpt lat="43.000306" lon="-1.889795">
        <ele>570.124</ele>
        <time>2023-06-25T11:47:19Z</time>
      </trkpt>
      <trkpt lat="43.000329" lon="-1.889857">
        <ele>569.918</ele>
        <time>2023-06-25T11:47:24Z</time>
      </trkpt>
      <trkpt lat="43.000376" lon="-1.889904">
        <ele>569.572</ele>
        <time>2023-06-25T11:47:30Z</time>
      </trkpt>
      <trkpt lat="43.000399" lon="-1.889957">
        <ele>566.958</ele>
        <time>2023-06-25T11:47:35Z</time>
      </trkpt>
      <trkpt lat="43.000429" lon="-1.890020">
        <ele>566.263</ele>
        <time>2023-06-25T11:47:40Z</time>
      </trkpt>
      <trkpt lat="43.000471" lon="-1.890057">
        <ele>565.444</ele>
        <time>2023-06-25T11:47:44Z</time>
      </trkpt>
      <trkpt lat="43.000518" lon="-1.890094">
        <ele>565.118</ele>
        <time>2023-06-25T11:47:48Z</time>
      </trkpt>
      <trkpt lat="43.000546" lon="-1.890151">
        <ele>564.809</ele>
        <time>2023-06-25T11:47:53Z</time>
      </trkpt>
      <trkpt lat="43.000581" lon="-1.890208">
        <ele>565.027</ele>
        <time>2023-06-25T11:47:58Z</time>
      </trkpt>
      <trkpt lat="43.000598" lon="-1.890271">
        <ele>565.099</ele>
        <time>2023-06-25T11:48:02Z</time>
      </trkpt>
      <trkpt lat="43.000626" lon="-1.890319">
        <ele>565.434</ele>
        <time>2023-06-25T11:48:05Z</time>
      </trkpt>
      <trkpt lat="43.000651" lon="-1.890377">
        <ele>566.833</ele>
        <time>2023-06-25T11:48:09Z</time>
      </trkpt>
      <trkpt lat="43.000684" lon="-1.890432">
        <ele>568.197</ele>
        <time>2023-06-25T11:48:14Z</time>
      </trkpt>
      <trkpt lat="43.000721" lon="-1.890470">
        <ele>568.372</ele>
        <time>2023-06-25T11:48:18Z</time>
      </trkpt>
      <trkpt lat="43.000754" lon="-1.890530">
        <ele>568.796</ele>
        <time>2023-06-25T11:48:22Z</time>
      </trkpt>
      <trkpt lat="43.000791" lon="-1.890567">
        <ele>569.820</ele>
        <time>2023-06-25T11:48:27Z</time>
      </trkpt>
      <trkpt lat="43.000828" lon="-1.890610">
        <ele>570.166</ele>
        <time>2023-06-25T11:48:31Z</time>
      </trkpt>
      <trkpt lat="43.000865" lon="-1.890663">
        <ele>570.461</ele>
        <time>2023-06-25T11:48:36Z</time>
      </trkpt>
      <trkpt lat="43.000900" lon="-1.890720">
        <ele>570.521</ele>
        <time>2023-06-25T11:48:41Z</time>
      </trkpt>
      <trkpt lat="43.000935" lon="-1.890773">
        <ele>570.813</ele>
        <time>2023-06-25T11:48:45Z</time>
      </trkpt>
      <trkpt lat="43.000980" lon="-1.890800">
        <ele>570.809</ele>
        <time>2023-06-25T11:48:49Z</time>
      </trkpt>
      <trkpt lat="43.001025" lon="-1.890833">
        <ele>570.557</ele>
        <time>2023-06-25T11:48:53Z</time>
      </trkpt>
      <trkpt lat="43.001055" lon="-1.890898">
        <ele>570.499</ele>
        <time>2023-06-25T11:48:58Z</time>
      </trkpt>
      <trkpt lat="43.001092" lon="-1.890938">
        <ele>568.894</ele>
        <time>2023-06-25T11:49:02Z</time>
      </trkpt>
      <trkpt lat="43.001134" lon="-1.890981">
        <ele>568.833</ele>
        <time>2023-06-25T11:49:06Z</time>
      </trkpt>
      <trkpt lat="43.001169" lon="-1.891039">
        <ele>568.837</ele>
        <time>2023-06-25T11:49:11Z</time>
      </trkpt>
      <trkpt lat="43.001196" lon="-1.891094">
        <ele>568.892</ele>
        <time>2023-06-25T11:49:15Z</time>
      </trkpt>
    </trkseg>
  </trk></gpx>