<?xml version="1.0" encoding="UTF-8"?>
<gpx creator="Wikiloc - https://www.wikiloc.com" version="1.1" xmlns="http://www.topografix.com/GPX/1/1" xmlns:xsi="http://www.w3.org/2001/XMLSchema-instance" xsi:schemaLocation="http://www.topografix.com/GPX/1/1 http://www.topografix.com/GPX/1/1/gpx.xsd">
  <metadata>
    <name>Wikiloc - CASCADA de OINASKA desde ELIZONDO</name>
    <author>
      <name>RUTAS por el MONTE BLOG</name>
      <link href="https://www.wikiloc.com/wikiloc/user.do?id=4600824">
        <text>RUTAS por el MONTE BLOG on Wikiloc</text>
      </link>
    </author>
    <link href="https://www.wikiloc.com/hiking-trails/cascada-de-oinaska-desde-elizondo-166275338">
      <text>CASCADA de OINASKA desde ELIZONDO on Wikiloc</text>
    </link>
    <time>2024-04-06T10:24:46.989Z</time>
  </metadata>
  <wpt lat="43.147885" lon="-1.517328">
    <ele>245.5</ele>
    <time>2024-04-06T08:13:22.999Z</time>
    <name>Parking</name>
    <cmt></cmt>
    <desc></desc>
  </wpt>
  <wpt lat="43.147385" lon="-1.518547">
    <ele>193.6</ele>
    <time>2024-04-06T08:15:42.998Z</time>
    <name>Cruzar puente</name>
    <cmt></cmt>
    <desc></desc>
  </wpt>
  <wpt lat="43.146953" lon="-1.519707">
    <ele>199.8</ele>
    <time>2024-04-06T08:17:15.998Z</time>
    <name>Derecha</name>
    <cmt></cmt>
    <desc></desc>
  </wpt>
  <wpt lat="43.148780" lon="-1.521153">
    <ele>198.6</ele>
    <time>2024-04-06T08:21:46.998Z</time>
    <name>Izquierda</name>
    <cmt></cmt>
    <desc></desc>
  </wpt>
  <wpt lat="43.149145" lon="-1.521447">
    <ele>205.4</ele>
    <time>2024-04-06T08:22:54.998Z</time>
    <name>Seguir punto rosa</name>
    <cmt></cmt>
    <desc></desc>
  </wpt>
  <wpt lat="43.149765" lon="-1.522113">
    <ele>208.3</ele>
    <time>2024-04-06T08:24:39.998Z</time>
    <name>Seguir puntos</name>
    <cmt></cmt>
    <desc></desc>
  </wpt>
  <wpt lat="43.149923" lon="-1.521753">
    <ele>208.9</ele>
    <time>2024-04-06T08:25:39.998Z</time>
    <name>Izquierda</name>
    <cmt></cmt>
    <desc></desc>
  </wpt>
  <wpt lat="43.150122" lon="-1.521823">
    <ele>209.5</ele>
    <time>2024-04-06T08:26:04.997Z</time>
    <name>Seguir punto rosa</name>
    <cmt></cmt>
    <desc></desc>
  </wpt>
  <wpt lat="43.150612" lon="-1.521228">
    <ele>216.0</ele>
    <time>2024-04-06T08:27:22.997Z</time>
    <name>Izquierda punto rosa</name>
    <cmt></cmt>
    <desc></desc>
  </wpt>
  <wpt lat="43.151313" lon="-1.521717">
    <ele>221.6</ele>
    <time>2024-04-06T08:29:34.997Z</time>
    <name>Pista</name>
    <cmt></cmt>
    <desc></desc>
  </wpt>
  <wpt lat="43.151673" lon="-1.523245">
    <ele>251.1</ele>
    <time>2024-04-06T08:32:27.997Z</time>
    <name>Giro 180 grados derecha</name>
    <cmt></cmt>
    <desc></desc>
  </wpt>
  <wpt lat="43.152537" lon="-1.522178">
    <ele>261.7</ele>
    <time>2024-04-06T08:34:42.997Z</time>
    <name>Seguir punto rosa</name>
    <cmt></cmt>
    <desc></desc>
  </wpt>
  <wpt lat="43.153588" lon="-1.519467">
    <ele>245.8</ele>
    <time>2024-04-06T08:38:33.996Z</time>
    <name>Izquierda</name>
    <cmt></cmt>
    <desc></desc>
  </wpt>
  <wpt lat="43.154625" lon="-1.519937">
    <ele>275.5</ele>
    <time>2024-04-06T08:42:59.996Z</time>
    <name>Izquierda escalera</name>
    <cmt></cmt>
    <desc></desc>
  </wpt>
  <wpt lat="43.157392" lon="-1.522218">
    <ele>327.4</ele>
    <time>2024-04-06T09:02:36.995Z</time>
    <name>Cascada Oinaska</name>
    <cmt></cmt>
    <desc></desc>
  </wpt>
  <wpt lat="43.157548" lon="-1.519577">
    <ele>368.6</ele>
    <time>2024-04-06T09:11:07.995Z</time>
    <name>Paso</name>
    <cmt></cmt>
    <desc></desc>
  </wpt>
  <wpt lat="43.157928" lon="-1.519488">
    <ele>395.2</ele>
    <time>2024-04-06T09:14:39.995Z</time>
    <name>Mina1</name>
    <cmt></cmt>
    <desc></desc>
  </wpt>
  <wpt lat="43.157975" lon="-1.517975">
    <ele>400.4</ele>
    <time>2024-04-06T09:17:30.995Z</time>
    <name>Mirador de Elizondo</name>
    <cmt></cmt>
    <desc></desc>
  </wpt>
  <wpt lat="43.158887" lon="-1.519317">
    <ele>429.8</ele>
    <time>2024-04-06T09:24:26.994Z</time>
    <name>Seguir punto rosa l</name>
    <cmt></cmt>
    <desc></desc>
  </wpt>
  <wpt lat="43.159023" lon="-1.523385">
    <ele>417.8</ele>
    <time>2024-04-06T09:31:03.994Z</time>
    <name>Desvío minas</name>
    <cmt></cmt>
    <desc></desc>
  </wpt>
  <wpt lat="43.160633" lon="-1.526017">
    <ele>445.5</ele>
    <time>2024-04-06T09:34:43.994Z</time>
    <name>Mina de Barita</name>
    <cmt></cmt>
    <desc></desc>
  </wpt>
  <wpt lat="43.156558" lon="-1.523452">
    <ele>422.3</ele>
    <time>2024-04-06T09:43:04.993Z</time>
    <name>Portón</name>
    <cmt></cmt>
    <desc></desc>
  </wpt>
  <wpt lat="43.155995" lon="-1.523728">
    <ele>415.8</ele>
    <time>2024-04-06T09:44:18.993Z</time>
    <name>Izquierda</name>
    <cmt></cmt>
    <desc></desc>
  </wpt>
  <wpt lat="43.155215" lon="-1.524365">
    <ele>404.4</ele>
    <time>2024-04-06T09:46:57.993Z</time>
    <name>Izquierda abandonar asfalto</name>
    <cmt></cmt>
    <desc></desc>
  </wpt>
  <wpt lat="43.153782" lon="-1.526175">
    <ele>365.6</ele>
    <time>2024-04-06T09:54:16.992Z</time>
    <name>Cruzar carretera</name>
    <cmt></cmt>
    <desc></desc>
  </wpt>
  <wpt lat="43.153668" lon="-1.528517">
    <ele>343.4</ele>
    <time>2024-04-06T09:57:29.992Z</time>
    <name>Borda</name>
    <cmt></cmt>
    <desc></desc>
  </wpt>
  <wpt lat="43.152767" lon="-1.528782">
    <ele>327.8</ele>
    <time>2024-04-06T09:59:21.992Z</time>
    <name>Seguir punto rosa</name>
    <cmt></cmt>
    <desc></desc>
  </wpt>
  <wpt lat="43.152447" lon="-1.527825">
    <ele>309.0</ele>
    <time>2024-04-06T10:04:45.991Z</time>
    <name>Recto en descenso</name>
    <cmt></cmt>
    <desc></desc>
  </wpt>
  <wpt lat="43.151477" lon="-1.526332">
    <ele>280.1</ele>
    <time>2024-04-06T10:07:42.991Z</time>
    <name>Derecha seguir punto rosa</name>
    <cmt></cmt>
    <desc></desc>
  </wpt>
  <wpt lat="43.151057" lon="-1.525597">
    <ele>272.1</ele>
    <time>2024-04-06T10:08:58.991Z</time>
    <name>Cruzar asfalto</name>
    <cmt></cmt>
    <desc></desc>
  </wpt>
  <wpt lat="43.149352" lon="-1.525035">
    <ele>226.7</ele>
    <time>2024-04-06T10:13:21.990Z</time>
    <name>Izquierda</name>
    <cmt></cmt>
    <desc></desc>
  </wpt>
  <trk>
    <name>CASCADA de OINASKA desde ELIZONDO</name>
    <cmt>Ruta circular desde Elizondo pasando por: 
- Cascada Oinaska (2.1 km) 
- Mirador de Elizondo (2.5 km) 
- Mina de barita (3.5 km)</cmt>
    <desc>Ruta circular desde Elizondo pasando por: 
- Cascada Oinaska (2.1 km) 
- Mirador de Elizondo (2.5 km) 
- Mina de barita (3.5 km)</desc>
    <trkseg>
      <trkpt lat="43.147895" lon="-1.517267">
        <ele>195.044</ele>
        <time>2024-04-06T08:13:08Z</time>
      </trkpt>
      <trkpt lat="43.147885" lon="-1.517329">
        <ele>195.005</ele>
        <time>2024-04-06T08:13:11.999Z</time>
      </trkpt>
      <trkpt lat="43.147883" lon="-1.517394">
        <ele>196.015</ele>
        <time>2024-04-06T08:14:05.999Z</time>
      </trkpt>
      <trkpt lat="43.147856" lon="-1.517457">
        <ele>196.009</ele>
        <time>2024-04-06T08:14:16.999Z</time>
      </trkpt>
      <trkpt lat="43.147858" lon="-1.517525">
        <ele>196.065</ele>
        <time>2024-04-06T08:14:21.999Z</time>
      </trkpt>
      <trkpt lat="43.147848" lon="-1.517588">
        <ele>196.010</ele>
        <time>2024-04-06T08:14:26.999Z</time>
      </trkpt>
      <trkpt lat="43.147826" lon="-1.517656">
        <ele>196.080</ele>
        <time>2024-04-06T08:14:33.999Z</time>
      </trkpt>
      <trkpt lat="43.147804" lon="-1.517728">
        <ele>197.246</ele>
        <time>2024-04-06T08:14:38.999Z</time>
      </trkpt>
      <trkpt lat="43.147779" lon="-1.517803">
        <ele>195.931</ele>
        <time>2024-04-06T08:14:43.999Z</time>
      </trkpt>
      <trkpt lat="43.147767" lon="-1.517865">
        <ele>195.869</ele>
        <time>2024-04-06T08:14:46.999Z</time>
      </trkpt>
      <trkpt lat="43.147745" lon="-1.517927">
        <ele>195.897</ele>
        <time>2024-04-06T08:14:51.999Z</time>
      </trkpt>
      <trkpt lat="43.147725" lon="-1.517992">
        <ele>195.917</ele>
        <time>2024-04-06T08:14:55.999Z</time>
      </trkpt>
      <trkpt lat="43.147700" lon="-1.518045">
        <ele>196.272</ele>
        <time>2024-04-06T08:14:59.999Z</time>
      </trkpt>
      <trkpt lat="43.147650" lon="-1.518085">
        <ele>196.679</ele>
        <time>2024-04-06T08:15:03.999Z</time>
      </trkpt>
      <trkpt lat="43.147655" lon="-1.518155">
        <ele>196.805</ele>
        <time>2024-04-06T08:15:08.999Z</time>
      </trkpt>
      <trkpt lat="43.147657" lon="-1.518220">
        <ele>197.125</ele>
        <time>2024-04-06T08:15:12.999Z</time>
      </trkpt>
      <trkpt lat="43.147627" lon="-1.518268">
        <ele>197.209</ele>
        <time>2024-04-06T08:15:15.999Z</time>
      </trkpt>
      <trkpt lat="43.147587" lon="-1.518320">
        <ele>197.318</ele>
        <time>2024-04-06T08:15:19.999Z</time>
      </trkpt>
      <trkpt lat="43.147542" lon="-1.518355">
        <ele>197.473</ele>
        <time>2024-04-06T08:15:22.999Z</time>
      </trkpt>
      <trkpt lat="43.147485" lon="-1.518385">
        <ele>197.483</ele>
        <time>2024-04-06T08:15:25.998Z</time>
      </trkpt>
      <trkpt lat="43.147443" lon="-1.518428">
        <ele>197.719</ele>
        <time>2024-04-06T08:15:29.998Z</time>
      </trkpt>
      <trkpt lat="43.147418" lon="-1.518500">
        <ele>197.374</ele>
        <time>2024-04-06T08:15:33.998Z</time>
      </trkpt>
      <trkpt lat="43.147383" lon="-1.518547">
        <ele>193.812</ele>
        <time>2024-04-06T08:15:42.998Z</time>
      </trkpt>
      <trkpt lat="43.147363" lon="-1.518614">
        <ele>193.710</ele>
        <time>2024-04-06T08:15:46.998Z</time>
      </trkpt>
      <trkpt lat="43.147336" lon="-1.518671">
        <ele>193.340</ele>
        <time>2024-04-06T08:15:52.998Z</time>
      </trkpt>
      <trkpt lat="43.147314" lon="-1.518726">
        <ele>193.055</ele>
        <time>2024-04-06T08:16:01.998Z</time>
      </trkpt>
      <trkpt lat="43.147287" lon="-1.518779">
        <ele>193.254</ele>
        <time>2024-04-06T08:16:05.998Z</time>
      </trkpt>
      <trkpt lat="43.147252" lon="-1.518836">
        <ele>193.356</ele>
        <time>2024-04-06T08:16:09.998Z</time>
      </trkpt>
      <trkpt lat="43.147222" lon="-1.518888">
        <ele>193.311</ele>
        <time>2024-04-06T08:16:14.998Z</time>
      </trkpt>
      <trkpt lat="43.147194" lon="-1.518940">
        <ele>194.909</ele>
        <time>2024-04-06T08:16:19.998Z</time>
      </trkpt>
      <trkpt lat="43.147162" lon="-1.518988">
        <ele>198.266</ele>
        <time>2024-04-06T08:16:23.998Z</time>
      </trkpt>
      <trkpt lat="43.147132" lon="-1.519048">
        <ele>201.321</ele>
        <time>2024-04-06T08:16:28.998Z</time>
      </trkpt>
      <trkpt lat="43.147120" lon="-1.519113">
        <ele>202.571</ele>
        <time>2024-04-06T08:16:31.998Z</time>
      </trkpt>
      <trkpt lat="43.147113" lon="-1.519195">
        <ele>203.417</ele>
        <time>2024-04-06T08:16:36.998Z</time>
      </trkpt>
      <trkpt lat="43.147093" lon="-1.519262">
        <ele>204.072</ele>
        <time>2024-04-06T08:16:40.998Z</time>
      </trkpt>
      <trkpt lat="43.147066" lon="-1.519314">
        <ele>204.010</ele>
        <time>2024-04-06T08:16:45.998Z</time>
      </trkpt>
      <trkpt lat="43.147051" lon="-1.519379">
        <ele>204.068</ele>
        <time>2024-04-06T08:16:50.998Z</time>
      </trkpt>
      <trkpt lat="43.147023" lon="-1.519431">
        <ele>203.738</ele>
        <time>2024-04-06T08:16:53.998Z</time>
      </trkpt>
      <trkpt lat="43.146993" lon="-1.519506">
        <ele>202.553</ele>
        <time>2024-04-06T08:16:57.998Z</time>
      </trkpt>
      <trkpt lat="43.146968" lon="-1.519574">
        <ele>201.934</ele>
        <time>2024-04-06T08:17:01.998Z</time>
      </trkpt>
      <trkpt lat="43.146955" lon="-1.519646">
        <ele>200.855</ele>
        <time>2024-04-06T08:17:05.998Z</time>
      </trkpt>
      <trkpt lat="43.146950" lon="-1.519709">
        <ele>200.210</ele>
        <time>2024-04-06T08:17:09.998Z</time>
      </trkpt>
      <trkpt lat="43.146945" lon="-1.519772">
        <ele>199.409</ele>
        <time>2024-04-06T08:17:32.998Z</time>
      </trkpt>
      <trkpt lat="43.146992" lon="-1.519780">
        <ele>198.454</ele>
        <time>2024-04-06T08:17:36.998Z</time>
      </trkpt>
      <trkpt lat="43.147027" lon="-1.519820">
        <ele>197.529</ele>
        <time>2024-04-06T08:17:39.998Z</time>
      </trkpt>
      <trkpt lat="43.147050" lon="-1.519873">
        <ele>197.259</ele>
        <time>2024-04-06T08:17:43.998Z</time>
      </trkpt>
      <trkpt lat="43.147102" lon="-1.519875">
        <ele>196.945</ele>
        <time>2024-04-06T08:17:48.998Z</time>
      </trkpt>
      <trkpt lat="43.147147" lon="-1.519908">
        <ele>199.240</ele>
        <time>2024-04-06T08:17:53.998Z</time>
      </trkpt>
      <trkpt lat="43.147245" lon="-1.519981">
        <ele>201.698</ele>
        <time>2024-04-06T08:18:03.998Z</time>
      </trkpt>
      <trkpt lat="43.147302" lon="-1.520024">
        <ele>202.416</ele>
        <time>2024-04-06T08:18:06.998Z</time>
      </trkpt>
      <trkpt lat="43.147355" lon="-1.520069">
        <ele>202.546</ele>
        <time>2024-04-06T08:18:09.998Z</time>
      </trkpt>
      <trkpt lat="43.147403" lon="-1.520077">
        <ele>202.481</ele>
        <time>2024-04-06T08:18:14.998Z</time>
      </trkpt>
      <trkpt lat="43.147453" lon="-1.520112">
        <ele>200.093</ele>
        <time>2024-04-06T08:18:22.998Z</time>
      </trkpt>
      <trkpt lat="43.147496" lon="-1.520132">
        <ele>199.965</ele>
        <time>2024-04-06T08:18:25.998Z</time>
      </trkpt>
      <trkpt lat="43.147543" lon="-1.520159">
        <ele>199.921</ele>
        <time>2024-04-06T08:18:28.998Z</time>
      </trkpt>
      <trkpt lat="43.147588" lon="-1.520192">
        <ele>199.709</ele>
        <time>2024-04-06T08:18:32.998Z</time>
      </trkpt>
      <trkpt lat="43.147633" lon="-1.520232">
        <ele>198.730</ele>
        <time>2024-04-06T08:18:37.998Z</time>
      </trkpt>
      <trkpt lat="43.147681" lon="-1.520264">
        <ele>195.965</ele>
        <time>2024-04-06T08:18:41.998Z</time>
      </trkpt>
      <trkpt lat="43.147733" lon="-1.520292">
        <ele>193.835</ele>
        <time>2024-04-06T08:18:45.998Z</time>
      </trkpt>
      <trkpt lat="43.147780" lon="-1.520324">
        <ele>191.581</ele>
        <time>2024-04-06T08:18:49.998Z</time>
      </trkpt>
      <trkpt lat="43.147828" lon="-1.520362">
        <ele>190.996</ele>
        <time>2024-04-06T08:18:53.998Z</time>
      </trkpt>
      <trkpt lat="43.147875" lon="-1.520392">
        <ele>190.834</ele>
        <time>2024-04-06T08:18:57.998Z</time>
      </trkpt>
      <trkpt lat="43.147925" lon="-1.520424">
        <ele>190.832</ele>
        <time>2024-04-06T08:19:02.998Z</time>
      </trkpt>
      <trkpt lat="43.147977" lon="-1.520444">
        <ele>191.972</ele>
        <time>2024-04-06T08:19:06.998Z</time>
      </trkpt>
      <trkpt lat="43.148024" lon="-1.520482">
        <ele>193.237</ele>
        <time>2024-04-06T08:19:10.998Z</time>
      </trkpt>
      <trkpt lat="43.148076" lon="-1.520507">
        <ele>194.641</ele>
        <time>2024-04-06T08:19:14.998Z</time>
      </trkpt>
      <trkpt lat="43.148119" lon="-1.520537">
        <ele>194.681</ele>
        <time>2024-04-06T08:19:19.998Z</time>
      </trkpt>
      <trkpt lat="43.148166" lon="-1.520574">
        <ele>195.009</ele>
        <time>2024-04-06T08:19:23.998Z</time>
      </trkpt>
      <trkpt lat="43.148211" lon="-1.520612">
        <ele>195.309</ele>
        <time>2024-04-06T08:19:27.998Z</time>
      </trkpt>
      <trkpt lat="43.148256" lon="-1.520657">
        <ele>195.365</ele>
        <time>2024-04-06T08:19:32.998Z</time>
      </trkpt>
      <trkpt lat="43.148301" lon="-1.520690">
        <ele>195.480</ele>
        <time>2024-04-06T08:19:36.998Z</time>
      </trkpt>
      <trkpt lat="43.148353" lon="-1.520703">
        <ele>195.650</ele>
        <time>2024-04-06T08:19:40.998Z</time>
      </trkpt>
      <trkpt lat="43.148401" lon="-1.520726">
        <ele>196.196</ele>
        <time>2024-04-06T08:19:44.998Z</time>
      </trkpt>
      <trkpt lat="43.148448" lon="-1.520759">
        <ele>197.031</ele>
        <time>2024-04-06T08:19:48.998Z</time>
      </trkpt>
      <trkpt lat="43.148496" lon="-1.520789">
        <ele>198.019</ele>
        <time>2024-04-06T08:19:52.998Z</time>
      </trkpt>
      <trkpt lat="43.148534" lon="-1.520829">
        <ele>198.037</ele>
        <time>2024-04-06T08:19:56.998Z</time>
      </trkpt>
      <trkpt lat="43.148574" lon="-1.520872">
        <ele>198.227</ele>
        <time>2024-04-06T08:20:01.998Z</time>
      </trkpt>
      <trkpt lat="43.148621" lon="-1.520884">
        <ele>198.912</ele>
        <time>2024-04-06T08:20:05.998Z</time>
      </trkpt>
      <trkpt lat="43.148663" lon="-1.520907">
        <ele>199.264</ele>
        <time>2024-04-06T08:20:11.998Z</time>
      </trkpt>
      <trkpt lat="43.148700" lon="-1.520950">
        <ele>198.506</ele>
        <time>2024-04-06T08:21:07.998Z</time>
      </trkpt>
      <trkpt lat="43.148747" lon="-1.520955">
        <ele>198.516</ele>
        <time>2024-04-06T08:21:13.998Z</time>
      </trkpt>
      <trkpt lat="43.148775" lon="-1.521025">
        <ele>198.509</ele>
        <time>2024-04-06T08:21:19.998Z</time>
      </trkpt>
      <trkpt lat="43.148770" lon="-1.521088">
        <ele>198.567</ele>
        <time>2024-04-06T08:21:25.998Z</time>
      </trkpt>
      <trkpt lat="43.148778" lon="-1.521151">
        <ele>198.582</ele>
        <time>2024-04-06T08:21:30.998Z</time>
      </trkpt>
      <trkpt lat="43.148798" lon="-1.521208">
        <ele>201.882</ele>
        <time>2024-04-06T08:22:04.998Z</time>
      </trkpt>
      <trkpt lat="43.148841" lon="-1.521266">
        <ele>201.848</ele>
        <time>2024-04-06T08:22:09.998Z</time>
      </trkpt>
      <trkpt lat="43.148861" lon="-1.521331">
        <ele>201.883</ele>
        <time>2024-04-06T08:22:14.998Z</time>
      </trkpt>
      <trkpt lat="43.148904" lon="-1.521361">
        <ele>201.931</ele>
        <time>2024-04-06T08:22:18.998Z</time>
      </trkpt>
      <trkpt lat="43.148957" lon="-1.521364">
        <ele>202.129</ele>
        <time>2024-04-06T08:22:23.998Z</time>
      </trkpt>
      <trkpt lat="43.149007" lon="-1.521381">
        <ele>203.139</ele>
        <time>2024-04-06T08:22:32.998Z</time>
      </trkpt>
      <trkpt lat="43.149059" lon="-1.521409">
        <ele>205.314</ele>
        <time>2024-04-06T08:22:36.998Z</time>
      </trkpt>
      <trkpt lat="43.149097" lon="-1.521444">
        <ele>205.361</ele>
        <time>2024-04-06T08:22:44.998Z</time>
      </trkpt>
      <trkpt lat="43.149142" lon="-1.521444">
        <ele>205.321</ele>
        <time>2024-04-06T08:22:51.998Z</time>
      </trkpt>
      <trkpt lat="43.149184" lon="-1.521474">
        <ele>205.313</ele>
        <time>2024-04-06T08:22:55.998Z</time>
      </trkpt>
      <trkpt lat="43.149224" lon="-1.521511">
        <ele>204.409</ele>
        <time>2024-04-06T08:22:58.998Z</time>
      </trkpt>
      <trkpt lat="43.149256" lon="-1.521559">
        <ele>203.857</ele>
        <time>2024-04-06T08:23:03.998Z</time>
      </trkpt>
      <trkpt lat="43.149296" lon="-1.521601">
        <ele>203.852</ele>
        <time>2024-04-06T08:23:09.998Z</time>
      </trkpt>
      <trkpt lat="43.149333" lon="-1.521641">
        <ele>203.882</ele>
        <time>2024-04-06T08:23:14.998Z</time>
      </trkpt>
      <trkpt lat="43.149378" lon="-1.521661">
        <ele>204.618</ele>
        <time>2024-04-06T08:23:18.998Z</time>
      </trkpt>
      <trkpt lat="43.149420" lon="-1.521701">
        <ele>205.443</ele>
        <time>2024-04-06T08:23:22.998Z</time>
      </trkpt>
      <trkpt lat="43.149462" lon="-1.521743">
        <ele>206.191</ele>
        <time>2024-04-06T08:23:27.998Z</time>
      </trkpt>
      <trkpt lat="43.149500" lon="-1.521791">
        <ele>206.199</ele>
        <time>2024-04-06T08:23:31.998Z</time>
      </trkpt>
      <trkpt lat="43.149538" lon="-1.521826">
        <ele>206.319</ele>
        <time>2024-04-06T08:23:35.998Z</time>
      </trkpt>
      <trkpt lat="43.149573" lon="-1.521876">
        <ele>206.454</ele>
        <time>2024-04-06T08:23:39.998Z</time>
      </trkpt>
      <trkpt lat="43.149611" lon="-1.521924">
        <ele>206.447</ele>
        <time>2024-04-06T08:23:44.998Z</time>
      </trkpt>
      <trkpt lat="43.149653" lon="-1.521981">
        <ele>206.529</ele>
        <time>2024-04-06T08:23:49.998Z</time>
      </trkpt>
      <trkpt lat="43.149693" lon="-1.522034">
        <ele>207.921</ele>
        <time>2024-04-06T08:23:53.998Z</time>
      </trkpt>
      <trkpt lat="43.149721" lon="-1.522082">
        <ele>208.009</ele>
        <time>2024-04-06T08:23:58.998Z</time>
      </trkpt>
      <trkpt lat="43.149763" lon="-1.522110">
        <ele>208.355</ele>
        <time>2024-04-06T08:24:05.998Z</time>
      </trkpt>
      <trkpt lat="43.149801" lon="-1.522072">
        <ele>210.280</ele>
        <time>2024-04-06T08:25:03.998Z</time>
      </trkpt>
      <trkpt lat="43.149826" lon="-1.522010">
        <ele>210.790</ele>
        <time>2024-04-06T08:25:07.998Z</time>
      </trkpt>
      <trkpt lat="43.149838" lon="-1.521945">
        <ele>214.446</ele>
        <time>2024-04-06T08:25:11.998Z</time>
      </trkpt>
      <trkpt lat="43.149866" lon="-1.521873">
        <ele>214.471</ele>
        <time>2024-04-06T08:25:16.998Z</time>
      </trkpt>
      <trkpt lat="43.149894" lon="-1.521808">
        <ele>210.149</ele>
        <time>2024-04-06T08:25:21.998Z</time>
      </trkpt>
      <trkpt lat="43.149921" lon="-1.521750">
        <ele>208.957</ele>
        <time>2024-04-06T08:25:26.998Z</time>
      </trkpt>
      <trkpt lat="43.150119" lon="-1.521820">
        <ele>209.477</ele>
        <time>2024-04-06T08:25:55.997Z</time>
      </trkpt>
      <trkpt lat="43.150139" lon="-1.521750">
        <ele>209.522</ele>
        <time>2024-04-06T08:26:17.997Z</time>
      </trkpt>
      <trkpt lat="43.150172" lon="-1.521695">
        <ele>210.395</ele>
        <time>2024-04-06T08:26:23.997Z</time>
      </trkpt>
      <trkpt lat="43.150229" lon="-1.521675">
        <ele>210.849</ele>
        <time>2024-04-06T08:26:27.997Z</time>
      </trkpt>
      <trkpt lat="43.150264" lon="-1.521620">
        <ele>211.423</ele>
        <time>2024-04-06T08:26:31.997Z</time>
      </trkpt>
      <trkpt lat="43.150306" lon="-1.521592">
        <ele>211.809</ele>
        <time>2024-04-06T08:26:35.997Z</time>
      </trkpt>
      <trkpt lat="43.150341" lon="-1.521549">
        <ele>214.470</ele>
        <time>2024-04-06T08:26:39.997Z</time>
      </trkpt>
      <trkpt lat="43.150383" lon="-1.521494">
        <ele>215.695</ele>
        <time>2024-04-06T08:26:44.997Z</time>
      </trkpt>
      <trkpt lat="43.150420" lon="-1.521457">
        <ele>216.545</ele>
        <time>2024-04-06T08:26:48.997Z</time>
      </trkpt>
      <trkpt lat="43.150470" lon="-1.521422">
        <ele>217.271</ele>
        <time>2024-04-06T08:26:53.997Z</time>
      </trkpt>
      <trkpt lat="43.150502" lon="-1.521367">
        <ele>217.256</ele>
        <time>2024-04-06T08:26:58.997Z</time>
      </trkpt>
      <trkpt lat="43.150542" lon="-1.521317">
        <ele>217.294</ele>
        <time>2024-04-06T08:27:02.997Z</time>
      </trkpt>
      <trkpt lat="43.150587" lon="-1.521284">
        <ele>216.362</ele>
        <time>2024-04-06T08:27:06.997Z</time>
      </trkpt>
      <trkpt lat="43.150610" lon="-1.521226">
        <ele>215.952</ele>
        <time>2024-04-06T08:27:19.997Z</time>
      </trkpt>
      <trkpt lat="43.150672" lon="-1.521228">
        <ele>215.987</ele>
        <time>2024-04-06T08:27:53.997Z</time>
      </trkpt>
      <trkpt lat="43.150720" lon="-1.521241">
        <ele>215.942</ele>
        <time>2024-04-06T08:27:56.997Z</time>
      </trkpt>
      <trkpt lat="43.150765" lon="-1.521264">
        <ele>215.922</ele>
        <time>2024-04-06T08:28:22.997Z</time>
      </trkpt>
      <trkpt lat="43.150815" lon="-1.521271">
        <ele>216.614</ele>
        <time>2024-04-06T08:28:27.997Z</time>
      </trkpt>
      <trkpt lat="43.150858" lon="-1.521298">
        <ele>219.109</ele>
        <time>2024-04-06T08:28:32.997Z</time>
      </trkpt>
      <trkpt lat="43.150895" lon="-1.521338">
        <ele>219.235</ele>
        <time>2024-04-06T08:28:36.997Z</time>
      </trkpt>
      <trkpt lat="43.150938" lon="-1.521371">
        <ele>219.510</ele>
        <time>2024-04-06T08:28:41.997Z</time>
      </trkpt>
      <trkpt lat="43.150981" lon="-1.521393">
        <ele>220.280</ele>
        <time>2024-04-06T08:28:45.997Z</time>
      </trkpt>
      <trkpt lat="43.151023" lon="-1.521435">
        <ele>220.446</ele>
        <time>2024-04-06T08:28:50.997Z</time>
      </trkpt>
      <trkpt lat="43.151068" lon="-1.521465">
        <ele>220.431</ele>
        <time>2024-04-06T08:28:55.997Z</time>
      </trkpt>
      <trkpt lat="43.151110" lon="-1.521497">
        <ele>220.419</ele>
        <time>2024-04-06T08:28:59.997Z</time>
      </trkpt>
      <trkpt lat="43.151157" lon="-1.521542">
        <ele>220.417</ele>
        <time>2024-04-06T08:29:04.997Z</time>
      </trkpt>
      <trkpt lat="43.151194" lon="-1.521600">
        <ele>220.427</ele>
        <time>2024-04-06T08:29:09.997Z</time>
      </trkpt>
      <trkpt lat="43.151236" lon="-1.521647">
        <ele>220.582</ele>
        <time>2024-04-06T08:29:14.997Z</time>
      </trkpt>
      <trkpt lat="43.151271" lon="-1.521689">
        <ele>220.577</ele>
        <time>2024-04-06T08:29:18.997Z</time>
      </trkpt>
      <trkpt lat="43.151313" lon="-1.521716">
        <ele>221.461</ele>
        <time>2024-04-06T08:29:22.997Z</time>
      </trkpt>
      <trkpt lat="43.151358" lon="-1.521741">
        <ele>230.527</ele>
        <time>2024-04-06T08:29:50.997Z</time>
      </trkpt>
      <trkpt lat="43.151393" lon="-1.521791">
        <ele>230.909</ele>
        <time>2024-04-06T08:29:55.997Z</time>
      </trkpt>
      <trkpt lat="43.151440" lon="-1.521839">
        <ele>231.118</ele>
        <time>2024-04-06T08:29:59.997Z</time>
      </trkpt>
      <trkpt lat="43.151480" lon="-1.521877">
        <ele>231.123</ele>
        <time>2024-04-06T08:30:02.997Z</time>
      </trkpt>
      <trkpt lat="43.151527" lon="-1.521905">
        <ele>231.133</ele>
        <time>2024-04-06T08:30:06.997Z</time>
      </trkpt>
      <trkpt lat="43.151555" lon="-1.521967">
        <ele>232.189</ele>
        <time>2024-04-06T08:30:11.997Z</time>
      </trkpt>
      <trkpt lat="43.151555" lon="-1.522035">
        <ele>231.054</ele>
        <time>2024-04-06T08:30:14.997Z</time>
      </trkpt>
      <trkpt lat="43.151547" lon="-1.522103">
        <ele>229.512</ele>
        <time>2024-04-06T08:30:17.997Z</time>
      </trkpt>
      <trkpt lat="43.151545" lon="-1.522170">
        <ele>229.220</ele>
        <time>2024-04-06T08:30:21.997Z</time>
      </trkpt>
      <trkpt lat="43.151560" lon="-1.522242">
        <ele>229.210</ele>
        <time>2024-04-06T08:30:25.997Z</time>
      </trkpt>
      <trkpt lat="43.151547" lon="-1.522310">
        <ele>229.345</ele>
        <time>2024-04-06T08:30:28.997Z</time>
      </trkpt>
      <trkpt lat="43.151555" lon="-1.522390">
        <ele>231.746</ele>
        <time>2024-04-06T08:30:32.997Z</time>
      </trkpt>
      <trkpt lat="43.151577" lon="-1.522458">
        <ele>232.988</ele>
        <time>2024-04-06T08:30:37.997Z</time>
      </trkpt>
      <trkpt lat="43.151607" lon="-1.522516">
        <ele>233.216</ele>
        <time>2024-04-06T08:30:44.997Z</time>
      </trkpt>
      <trkpt lat="43.151649" lon="-1.522558">
        <ele>234.109</ele>
        <time>2024-04-06T08:30:47.997Z</time>
      </trkpt>
      <trkpt lat="43.151702" lon="-1.522600">
        <ele>234.075</ele>
        <time>2024-04-06T08:30:53.997Z</time>
      </trkpt>
      <trkpt lat="43.151742" lon="-1.522630">
        <ele>234.230</ele>
        <time>2024-04-06T08:31:02.997Z</time>
      </trkpt>
      <trkpt lat="43.151784" lon="-1.522667">
        <ele>235.250</ele>
        <time>2024-04-06T08:31:17.997Z</time>
      </trkpt>
      <trkpt lat="43.151827" lon="-1.522702">
        <ele>236.216</ele>
        <time>2024-04-06T08:31:20.997Z</time>
      </trkpt>
      <trkpt lat="43.151869" lon="-1.522745">
        <ele>236.571</ele>
        <time>2024-04-06T08:31:23.997Z</time>
      </trkpt>
      <trkpt lat="43.151912" lon="-1.522795">
        <ele>236.619</ele>
        <time>2024-04-06T08:31:26.997Z</time>
      </trkpt>
      <trkpt lat="43.151940" lon="-1.522843">
        <ele>239.497</ele>
        <time>2024-04-06T08:31:29.997Z</time>
      </trkpt>
      <trkpt lat="43.151952" lon="-1.522923">
        <ele>241.367</ele>
        <time>2024-04-06T08:31:33.997Z</time>
      </trkpt>
      <trkpt lat="43.151945" lon="-1.522996">
        <ele>242.292</ele>
        <time>2024-04-06T08:31:37.997Z</time>
      </trkpt>
      <trkpt lat="43.151932" lon="-1.523061">
        <ele>242.977</ele>
        <time>2024-04-06T08:31:40.997Z</time>
      </trkpt>
      <trkpt lat="43.151894" lon="-1.523109">
        <ele>244.061</ele>
        <time>2024-04-06T08:31:43.997Z</time>
      </trkpt>
      <trkpt lat="43.151852" lon="-1.523139">
        <ele>245.527</ele>
        <time>2024-04-06T08:31:46.997Z</time>
      </trkpt>
      <trkpt lat="43.151800" lon="-1.523166">
        <ele>247.209</ele>
        <time>2024-04-06T08:31:50.997Z</time>
      </trkpt>
      <trkpt lat="43.151755" lon="-1.523188">
        <ele>249.158</ele>
        <time>2024-04-06T08:31:53.997Z</time>
      </trkpt>
      <trkpt lat="43.151718" lon="-1.523238">
        <ele>250.913</ele>
        <time>2024-04-06T08:32:08.997Z</time>
      </trkpt>
      <trkpt lat="43.151673" lon="-1.523243">
        <ele>251.193</ele>
        <time>2024-04-06T08:32:15.997Z</time>
      </trkpt>
      <trkpt lat="43.151726" lon="-1.523273">
        <ele>250.999</ele>
        <time>2024-04-06T08:32:32.997Z</time>
      </trkpt>
      <trkpt lat="43.151773" lon="-1.523286">
        <ele>250.924</ele>
        <time>2024-04-06T08:32:36.997Z</time>
      </trkpt>
      <trkpt lat="43.151818" lon="-1.523278">
        <ele>250.262</ele>
        <time>2024-04-06T08:32:39.997Z</time>
      </trkpt>
      <trkpt lat="43.151863" lon="-1.523271">
        <ele>249.310</ele>
        <time>2024-04-06T08:32:45.997Z</time>
      </trkpt>
      <trkpt lat="43.151920" lon="-1.523264">
        <ele>248.330</ele>
        <time>2024-04-06T08:32:50.997Z</time>
      </trkpt>
      <trkpt lat="43.151965" lon="-1.523244">
        <ele>248.265</ele>
        <time>2024-04-06T08:32:53.997Z</time>
      </trkpt>
      <trkpt lat="43.152010" lon="-1.523234">
        <ele>248.441</ele>
        <time>2024-04-06T08:32:58.997Z</time>
      </trkpt>
      <trkpt lat="43.152060" lon="-1.523232">
        <ele>248.581</ele>
        <time>2024-04-06T08:33:03.997Z</time>
      </trkpt>
      <trkpt lat="43.152105" lon="-1.523210">
        <ele>248.909</ele>
        <time>2024-04-06T08:33:06.997Z</time>
      </trkpt>
      <trkpt lat="43.152150" lon="-1.523173">
        <ele>250.409</ele>
        <time>2024-04-06T08:33:09.997Z</time>
      </trkpt>
      <trkpt lat="43.152193" lon="-1.523140">
        <ele>252.835</ele>
        <time>2024-04-06T08:33:13.997Z</time>
      </trkpt>
      <trkpt lat="43.152221" lon="-1.523075">
        <ele>255.720</ele>
        <time>2024-04-06T08:33:19.997Z</time>
      </trkpt>
      <trkpt lat="43.152238" lon="-1.523015">
        <ele>256.790</ele>
        <time>2024-04-06T08:33:24.997Z</time>
      </trkpt>
      <trkpt lat="43.152238" lon="-1.522953">
        <ele>257.236</ele>
        <time>2024-04-06T08:33:29.997Z</time>
      </trkpt>
      <trkpt lat="43.152235" lon="-1.522885">
        <ele>258.161</ele>
        <time>2024-04-06T08:33:35.997Z</time>
      </trkpt>
      <trkpt lat="43.152243" lon="-1.522820">
        <ele>258.499</ele>
        <time>2024-04-06T08:33:40.997Z</time>
      </trkpt>
      <trkpt lat="43.152258" lon="-1.522750">
        <ele>258.527</ele>
        <time>2024-04-06T08:33:46.997Z</time>
      </trkpt>
      <trkpt lat="43.152263" lon="-1.522683">
        <ele>258.777</ele>
        <time>2024-04-06T08:33:51.997Z</time>
      </trkpt>
      <trkpt lat="43.152286" lon="-1.522620">
        <ele>259.462</ele>
        <time>2024-04-06T08:33:56.997Z</time>
      </trkpt>
      <trkpt lat="43.152316" lon="-1.522568">
        <ele>260.021</ele>
        <time>2024-04-06T08:34:00.997Z</time>
      </trkpt>
      <trkpt lat="43.152346" lon="-1.522506">
        <ele>260.441</ele>
        <time>2024-04-06T08:34:05.997Z</time>
      </trkpt>
      <trkpt lat="43.152374" lon="-1.522454">
        <ele>260.605</ele>
        <time>2024-04-06T08:34:10.997Z</time>
      </trkpt>
      <trkpt lat="43.152414" lon="-1.522401">
        <ele>260.809</ele>
        <time>2024-04-06T08:34:15.997Z</time>
      </trkpt>
      <trkpt lat="43.152446" lon="-1.522349">
        <ele>260.823</ele>
        <time>2024-04-06T08:34:19.997Z</time>
      </trkpt>
      <trkpt lat="43.152491" lon="-1.522302">
        <ele>260.988</ele>
        <time>2024-04-06T08:34:23.997Z</time>
      </trkpt>
      <trkpt lat="43.152516" lon="-1.522244">
        <ele>260.928</ele>
        <time>2024-04-06T08:34:28.997Z</time>
      </trkpt>
      <trkpt lat="43.152536" lon="-1.522174">
        <ele>261.694</ele>
        <time>2024-04-06T08:34:32.997Z</time>
      </trkpt>
      <trkpt lat="43.152559" lon="-1.522111">
        <ele>262.179</ele>
        <time>2024-04-06T08:34:43.997Z</time>
      </trkpt>
      <trkpt lat="43.152561" lon="-1.522048">
        <ele>262.357</ele>
        <time>2024-04-06T08:34:47.997Z</time>
      </trkpt>
      <trkpt lat="43.152553" lon="-1.521983">
        <ele>262.265</ele>
        <time>2024-04-06T08:34:52.997Z</time>
      </trkpt>
      <trkpt lat="43.152560" lon="-1.521906">
        <ele>262.215</ele>
        <time>2024-04-06T08:34:56.997Z</time>
      </trkpt>
      <trkpt lat="43.152577" lon="-1.521836">
        <ele>261.870</ele>
        <time>2024-04-06T08:34:59.997Z</time>
      </trkpt>
      <trkpt lat="43.152585" lon="-1.521774">
        <ele>260.385</ele>
        <time>2024-04-06T08:35:02.997Z</time>
      </trkpt>
      <trkpt lat="43.152573" lon="-1.521709">
        <ele>259.689</ele>
        <time>2024-04-06T08:35:06.997Z</time>
      </trkpt>
      <trkpt lat="43.152565" lon="-1.521646">
        <ele>259.317</ele>
        <time>2024-04-06T08:35:09.997Z</time>
      </trkpt>
      <trkpt lat="43.152565" lon="-1.521573">
        <ele>259.309</ele>
        <time>2024-04-06T08:35:13.997Z</time>
      </trkpt>
      <trkpt lat="43.152582" lon="-1.521510">
        <ele>261.299</ele>
        <time>2024-04-06T08:35:18.997Z</time>
      </trkpt>
      <trkpt lat="43.152592" lon="-1.521440">
        <ele>261.554</ele>
        <time>2024-04-06T08:35:22.997Z</time>
      </trkpt>
      <trkpt lat="43.152612" lon="-1.521368">
        <ele>261.934</ele>
        <time>2024-04-06T08:35:27.997Z</time>
      </trkpt>
      <trkpt lat="43.152649" lon="-1.521303">
        <ele>262.740</ele>
        <time>2024-04-06T08:35:31.997Z</time>
      </trkpt>
      <trkpt lat="43.152682" lon="-1.521255">
        <ele>262.915</ele>
        <time>2024-04-06T08:35:34.997Z</time>
      </trkpt>
      <trkpt lat="43.152714" lon="-1.521195">
        <ele>263.083</ele>
        <time>2024-04-06T08:35:38.997Z</time>
      </trkpt>
      <trkpt lat="43.152742" lon="-1.521142">
        <ele>262.791</ele>
        <time>2024-04-06T08:35:42.997Z</time>
      </trkpt>
      <trkpt lat="43.152779" lon="-1.521089">
        <ele>260.971</ele>
        <time>2024-04-06T08:35:46.997Z</time>
      </trkpt>
      <trkpt lat="43.152804" lon="-1.521037">
        <ele>260.426</ele>
        <time>2024-04-06T08:35:49.997Z</time>
      </trkpt>
      <trkpt lat="43.152834" lon="-1.520984">
        <ele>259.881</ele>
        <time>2024-04-06T08:35:53.997Z</time>
      </trkpt>
      <trkpt lat="43.152876" lon="-1.520927">
        <ele>259.761</ele>
        <time>2024-04-06T08:35:58.997Z</time>
      </trkpt>
      <trkpt lat="43.152893" lon="-1.520864">
        <ele>259.617</ele>
        <time>2024-04-06T08:36:03.997Z</time>
      </trkpt>
      <trkpt lat="43.152921" lon="-1.520807">
        <ele>259.409</ele>
        <time>2024-04-06T08:36:07.997Z</time>
      </trkpt>
      <trkpt lat="43.152951" lon="-1.520750">
        <ele>259.479</ele>
        <time>2024-04-06T08:36:12.997Z</time>
      </trkpt>
      <trkpt lat="43.152986" lon="-1.520698">
        <ele>258.674</ele>
        <time>2024-04-06T08:36:16.997Z</time>
      </trkpt>
      <trkpt lat="43.153009" lon="-1.520631">
        <ele>258.244</ele>
        <time>2024-04-06T08:36:22.997Z</time>
      </trkpt>
      <trkpt lat="43.153041" lon="-1.520573">
        <ele>257.210</ele>
        <time>2024-04-06T08:36:27.997Z</time>
      </trkpt>
      <trkpt lat="43.153081" lon="-1.520530">
        <ele>257.075</ele>
        <time>2024-04-06T08:36:32.997Z</time>
      </trkpt>
      <trkpt lat="43.153123" lon="-1.520478">
        <ele>256.723</ele>
        <time>2024-04-06T08:36:36.997Z</time>
      </trkpt>
      <trkpt lat="43.153160" lon="-1.520426">
        <ele>256.681</ele>
        <time>2024-04-06T08:36:40.997Z</time>
      </trkpt>
      <trkpt lat="43.153207" lon="-1.520378">
        <ele>256.581</ele>
        <time>2024-04-06T08:36:45.997Z</time>
      </trkpt>
      <trkpt lat="43.153240" lon="-1.520323">
        <ele>256.436</ele>
        <time>2024-04-06T08:36:49.996Z</time>
      </trkpt>
      <trkpt lat="43.153272" lon="-1.520263">
        <ele>255.844</ele>
        <time>2024-04-06T08:36:54.996Z</time>
      </trkpt>
      <trkpt lat="43.153307" lon="-1.520203">
        <ele>254.905</ele>
        <time>2024-04-06T08:36:59.996Z</time>
      </trkpt>
      <trkpt lat="43.153335" lon="-1.520146">
        <ele>254.215</ele>
        <time>2024-04-06T08:37:03.996Z</time>
      </trkpt>
      <trkpt lat="43.153367" lon="-1.520088">
        <ele>253.909</ele>
        <time>2024-04-06T08:37:07.996Z</time>
      </trkpt>
      <trkpt lat="43.153399" lon="-1.520035">
        <ele>253.155</ele>
        <time>2024-04-06T08:37:11.996Z</time>
      </trkpt>
      <trkpt lat="43.153414" lon="-1.519957">
        <ele>252.120</ele>
        <time>2024-04-06T08:37:16.996Z</time>
      </trkpt>
      <trkpt lat="43.153451" lon="-1.519909">
        <ele>250.930</ele>
        <time>2024-04-06T08:37:19.996Z</time>
      </trkpt>
      <trkpt lat="43.153479" lon="-1.519852">
        <ele>250.296</ele>
        <time>2024-04-06T08:37:22.996Z</time>
      </trkpt>
      <trkpt lat="43.153507" lon="-1.519794">
        <ele>249.681</ele>
        <time>2024-04-06T08:37:26.996Z</time>
      </trkpt>
      <trkpt lat="43.153522" lon="-1.519736">
        <ele>249.439</ele>
        <time>2024-04-06T08:37:30.996Z</time>
      </trkpt>
      <trkpt lat="43.153544" lon="-1.519674">
        <ele>249.257</ele>
        <time>2024-04-06T08:37:34.996Z</time>
      </trkpt>
      <trkpt lat="43.153564" lon="-1.519606">
        <ele>249.087</ele>
        <time>2024-04-06T08:37:38.996Z</time>
      </trkpt>
      <trkpt lat="43.153579" lon="-1.519546">
        <ele>248.532</ele>
        <time>2024-04-06T08:37:42.996Z</time>
      </trkpt>
      <trkpt lat="43.153591" lon="-1.519464">
        <ele>245.168</ele>
        <time>2024-04-06T08:38:22.996Z</time>
      </trkpt>
      <trkpt lat="43.153549" lon="-1.519494">
        <ele>246.742</ele>
        <time>2024-04-06T08:38:52.996Z</time>
      </trkpt>
      <trkpt lat="43.153594" lon="-1.519469">
        <ele>246.926</ele>
        <time>2024-04-06T08:39:03.996Z</time>
      </trkpt>
      <trkpt lat="43.153647" lon="-1.519459">
        <ele>247.009</ele>
        <time>2024-04-06T08:39:07.996Z</time>
      </trkpt>
      <trkpt lat="43.153724" lon="-1.519359">
        <ele>248.857</ele>
        <time>2024-04-06T08:40:32.996Z</time>
      </trkpt>
      <trkpt lat="43.153767" lon="-1.519339">
        <ele>248.892</ele>
        <time>2024-04-06T08:40:39.996Z</time>
      </trkpt>
      <trkpt lat="43.153869" lon="-1.519404">
        <ele>248.812</ele>
        <time>2024-04-06T08:40:46.996Z</time>
      </trkpt>
      <trkpt lat="43.153909" lon="-1.519441">
        <ele>251.538</ele>
        <time>2024-04-06T08:40:51.996Z</time>
      </trkpt>
      <trkpt lat="43.153939" lon="-1.519488">
        <ele>251.813</ele>
        <time>2024-04-06T08:40:55.996Z</time>
      </trkpt>
      <trkpt lat="43.153981" lon="-1.519540">
        <ele>253.671</ele>
        <time>2024-04-06T08:40:59.996Z</time>
      </trkpt>
      <trkpt lat="43.154029" lon="-1.519548">
        <ele>255.419</ele>
        <time>2024-04-06T08:41:03.996Z</time>
      </trkpt>
      <trkpt lat="43.154071" lon="-1.519598">
        <ele>256.239</ele>
        <time>2024-04-06T08:41:08.996Z</time>
      </trkpt>
      <trkpt lat="43.154131" lon="-1.519696">
        <ele>257.244</ele>
        <time>2024-04-06T08:41:16.996Z</time>
      </trkpt>
      <trkpt lat="43.154589" lon="-1.519969">
        <ele>274.788</ele>
        <time>2024-04-06T08:42:41.996Z</time>
      </trkpt>
      <trkpt lat="43.154627" lon="-1.519934">
        <ele>274.724</ele>
        <time>2024-04-06T08:42:48.996Z</time>
      </trkpt>
      <trkpt lat="43.154600" lon="-1.520101">
        <ele>278.326</ele>
        <time>2024-04-06T08:43:43.996Z</time>
      </trkpt>
      <trkpt lat="43.154615" lon="-1.520373">
        <ele>282.009</ele>
        <time>2024-04-06T08:44:32.996Z</time>
      </trkpt>
      <trkpt lat="43.154677" lon="-1.520415">
        <ele>282.329</ele>
        <time>2024-04-06T08:44:38.996Z</time>
      </trkpt>
      <trkpt lat="43.154712" lon="-1.520465">
        <ele>282.274</ele>
        <time>2024-04-06T08:44:45.996Z</time>
      </trkpt>
      <trkpt lat="43.154777" lon="-1.520462">
        <ele>281.884</ele>
        <time>2024-04-06T08:44:57.996Z</time>
      </trkpt>
      <trkpt lat="43.154854" lon="-1.520417">
        <ele>281.290</ele>
        <time>2024-04-06T08:45:23.996Z</time>
      </trkpt>
      <trkpt lat="43.154792" lon="-1.520479">
        <ele>280.695</ele>
        <time>2024-04-06T08:45:51.996Z</time>
      </trkpt>
      <trkpt lat="43.154749" lon="-1.520531">
        <ele>280.613</ele>
        <time>2024-04-06T08:45:58.996Z</time>
      </trkpt>
      <trkpt lat="43.154782" lon="-1.520586">
        <ele>280.611</ele>
        <time>2024-04-06T08:46:04.996Z</time>
      </trkpt>
      <trkpt lat="43.154807" lon="-1.520531">
        <ele>279.881</ele>
        <time>2024-04-06T08:46:12.996Z</time>
      </trkpt>
      <trkpt lat="43.154770" lon="-1.520479">
        <ele>279.836</ele>
        <time>2024-04-06T08:46:17.996Z</time>
      </trkpt>
      <trkpt lat="43.154708" lon="-1.520447">
        <ele>280.683</ele>
        <time>2024-04-06T08:46:56.996Z</time>
      </trkpt>
      <trkpt lat="43.154768" lon="-1.520434">
        <ele>280.625</ele>
        <time>2024-04-06T08:47:19.996Z</time>
      </trkpt>
      <trkpt lat="43.154825" lon="-1.520489">
        <ele>282.717</ele>
        <time>2024-04-06T08:47:24.996Z</time>
      </trkpt>
      <trkpt lat="43.154935" lon="-1.520542">
        <ele>283.209</ele>
        <time>2024-04-06T08:47:33.996Z</time>
      </trkpt>
      <trkpt lat="43.154970" lon="-1.520590">
        <ele>282.889</ele>
        <time>2024-04-06T08:47:38.996Z</time>
      </trkpt>
      <trkpt lat="43.155020" lon="-1.520627">
        <ele>282.784</ele>
        <time>2024-04-06T08:47:41.996Z</time>
      </trkpt>
      <trkpt lat="43.155057" lon="-1.520669">
        <ele>281.884</ele>
        <time>2024-04-06T08:47:46.996Z</time>
      </trkpt>
      <trkpt lat="43.155090" lon="-1.520719">
        <ele>281.790</ele>
        <time>2024-04-06T08:47:51.996Z</time>
      </trkpt>
      <trkpt lat="43.155122" lon="-1.520784">
        <ele>281.875</ele>
        <time>2024-04-06T08:47:57.996Z</time>
      </trkpt>
      <trkpt lat="43.155195" lon="-1.520841">
        <ele>283.073</ele>
        <time>2024-04-06T08:48:08.996Z</time>
      </trkpt>
      <trkpt lat="43.155240" lon="-1.520854">
        <ele>283.441</ele>
        <time>2024-04-06T08:48:16.996Z</time>
      </trkpt>
      <trkpt lat="43.155285" lon="-1.520851">
        <ele>284.441</ele>
        <time>2024-04-06T08:48:27.996Z</time>
      </trkpt>
      <trkpt lat="43.155355" lon="-1.520868">
        <ele>285.966</ele>
        <time>2024-04-06T08:48:33.996Z</time>
      </trkpt>
      <trkpt lat="43.155390" lon="-1.520910">
        <ele>287.283</ele>
        <time>2024-04-06T08:48:37.996Z</time>
      </trkpt>
      <trkpt lat="43.155457" lon="-1.520928">
        <ele>289.425</ele>
        <time>2024-04-06T08:48:47.996Z</time>
      </trkpt>
      <trkpt lat="43.155514" lon="-1.520950">
        <ele>289.817</ele>
        <time>2024-04-06T08:48:52.996Z</time>
      </trkpt>
      <trkpt lat="43.155594" lon="-1.520960">
        <ele>291.309</ele>
        <time>2024-04-06T08:49:01.996Z</time>
      </trkpt>
      <trkpt lat="43.155741" lon="-1.521028">
        <ele>292.839</ele>
        <time>2024-04-06T08:49:18.996Z</time>
      </trkpt>
      <trkpt lat="43.155786" lon="-1.521008">
        <ele>293.934</ele>
        <time>2024-04-06T08:49:22.996Z</time>
      </trkpt>
      <trkpt lat="43.155849" lon="-1.520978">
        <ele>299.014</ele>
        <time>2024-04-06T08:49:37.996Z</time>
      </trkpt>
      <trkpt lat="43.155894" lon="-1.521006">
        <ele>303.890</ele>
        <time>2024-04-06T08:49:44.996Z</time>
      </trkpt>
      <trkpt lat="43.156002" lon="-1.521023">
        <ele>306.265</ele>
        <time>2024-04-06T08:49:54.996Z</time>
      </trkpt>
      <trkpt lat="43.156105" lon="-1.521080">
        <ele>306.493</ele>
        <time>2024-04-06T08:50:05.996Z</time>
      </trkpt>
      <trkpt lat="43.156158" lon="-1.521120">
        <ele>306.811</ele>
        <time>2024-04-06T08:50:10.996Z</time>
      </trkpt>
      <trkpt lat="43.156206" lon="-1.521133">
        <ele>308.271</ele>
        <time>2024-04-06T08:50:16.996Z</time>
      </trkpt>
      <trkpt lat="43.156308" lon="-1.521116">
        <ele>308.276</ele>
        <time>2024-04-06T08:50:53.996Z</time>
      </trkpt>
      <trkpt lat="43.156350" lon="-1.521141">
        <ele>308.228</ele>
        <time>2024-04-06T08:50:58.996Z</time>
      </trkpt>
      <trkpt lat="43.156388" lon="-1.521179">
        <ele>308.289</ele>
        <time>2024-04-06T08:51:05.996Z</time>
      </trkpt>
      <trkpt lat="43.156445" lon="-1.521217">
        <ele>312.017</ele>
        <time>2024-04-06T08:51:11.996Z</time>
      </trkpt>
      <trkpt lat="43.156643" lon="-1.521340">
        <ele>316.109</ele>
        <time>2024-04-06T08:51:32.996Z</time>
      </trkpt>
      <trkpt lat="43.156701" lon="-1.521358">
        <ele>315.953</ele>
        <time>2024-04-06T08:51:42.996Z</time>
      </trkpt>
      <trkpt lat="43.156751" lon="-1.521363">
        <ele>315.868</ele>
        <time>2024-04-06T08:51:48.996Z</time>
      </trkpt>
      <trkpt lat="43.156793" lon="-1.521410">
        <ele>315.958</ele>
        <time>2024-04-06T08:51:55.996Z</time>
      </trkpt>
      <trkpt lat="43.156818" lon="-1.521477">
        <ele>316.254</ele>
        <time>2024-04-06T08:52:00.996Z</time>
      </trkpt>
      <trkpt lat="43.156815" lon="-1.521572">
        <ele>317.659</ele>
        <time>2024-04-06T08:52:11.996Z</time>
      </trkpt>
      <trkpt lat="43.156857" lon="-1.521614">
        <ele>317.857</ele>
        <time>2024-04-06T08:52:17.996Z</time>
      </trkpt>
      <trkpt lat="43.156815" lon="-1.521641">
        <ele>318.735</ele>
        <time>2024-04-06T08:52:20.996Z</time>
      </trkpt>
      <trkpt lat="43.156818" lon="-1.521714">
        <ele>321.445</ele>
        <time>2024-04-06T08:52:36.996Z</time>
      </trkpt>
      <trkpt lat="43.156875" lon="-1.521704">
        <ele>324.050</ele>
        <time>2024-04-06T08:52:40.996Z</time>
      </trkpt>
      <trkpt lat="43.156923" lon="-1.521697">
        <ele>325.468</ele>
        <time>2024-04-06T08:52:43.996Z</time>
      </trkpt>
      <trkpt lat="43.156978" lon="-1.521709">
        <ele>328.142</ele>
        <time>2024-04-06T08:52:48.996Z</time>
      </trkpt>
      <trkpt lat="43.157030" lon="-1.521706">
        <ele>328.726</ele>
        <time>2024-04-06T08:52:51.996Z</time>
      </trkpt>
      <trkpt lat="43.156992" lon="-1.521766">
        <ele>333.109</ele>
        <time>2024-04-06T08:53:04.996Z</time>
      </trkpt>
      <trkpt lat="43.156989" lon="-1.521829">
        <ele>331.187</ele>
        <time>2024-04-06T08:53:28.996Z</time>
      </trkpt>
      <trkpt lat="43.156982" lon="-1.521926">
        <ele>327.062</ele>
        <time>2024-04-06T08:53:43.996Z</time>
      </trkpt>
      <trkpt lat="43.157014" lon="-1.521974">
        <ele>325.622</ele>
        <time>2024-04-06T08:53:52.996Z</time>
      </trkpt>
      <trkpt lat="43.157064" lon="-1.521966">
        <ele>325.258</ele>
        <time>2024-04-06T08:54:06.996Z</time>
      </trkpt>
      <trkpt lat="43.157131" lon="-1.521968">
        <ele>327.073</ele>
        <time>2024-04-06T08:54:30.996Z</time>
      </trkpt>
      <trkpt lat="43.157164" lon="-1.522016">
        <ele>328.871</ele>
        <time>2024-04-06T08:54:40.996Z</time>
      </trkpt>
      <trkpt lat="43.157219" lon="-1.522029">
        <ele>328.959</ele>
        <time>2024-04-06T08:54:48.996Z</time>
      </trkpt>
      <trkpt lat="43.157299" lon="-1.522052">
        <ele>327.539</ele>
        <time>2024-04-06T08:55:05.996Z</time>
      </trkpt>
      <trkpt lat="43.157324" lon="-1.522105">
        <ele>326.444</ele>
        <time>2024-04-06T08:55:33.996Z</time>
      </trkpt>
      <trkpt lat="43.157327" lon="-1.522188">
        <ele>326.352</ele>
        <time>2024-04-06T08:55:40.996Z</time>
      </trkpt>
      <trkpt lat="43.157402" lon="-1.522160">
        <ele>328.953</ele>
        <time>2024-04-06T08:56:26.995Z</time>
      </trkpt>
      <trkpt lat="43.157507" lon="-1.522275">
        <ele>334.008</ele>
        <time>2024-04-06T08:58:09.995Z</time>
      </trkpt>
      <trkpt lat="43.157422" lon="-1.522250">
        <ele>333.709</ele>
        <time>2024-04-06T08:58:13.995Z</time>
      </trkpt>
      <trkpt lat="43.157377" lon="-1.522243">
        <ele>331.986</ele>
        <time>2024-04-06T08:58:26.995Z</time>
      </trkpt>
      <trkpt lat="43.157357" lon="-1.522300">
        <ele>331.361</ele>
        <time>2024-04-06T08:58:34.995Z</time>
      </trkpt>
      <trkpt lat="43.157394" lon="-1.522217">
        <ele>326.491</ele>
        <time>2024-04-06T09:00:20.995Z</time>
      </trkpt>
      <trkpt lat="43.157347" lon="-1.522275">
        <ele>331.587</ele>
        <time>2024-04-06T09:02:46.995Z</time>
      </trkpt>
      <trkpt lat="43.157294" lon="-1.522275">
        <ele>331.542</ele>
        <time>2024-04-06T09:02:54.995Z</time>
      </trkpt>
      <trkpt lat="43.157247" lon="-1.522268">
        <ele>331.390</ele>
        <time>2024-04-06T09:02:56.995Z</time>
      </trkpt>
      <trkpt lat="43.157227" lon="-1.522208">
        <ele>331.138</ele>
        <time>2024-04-06T09:03:02.995Z</time>
      </trkpt>
      <trkpt lat="43.157204" lon="-1.522151">
        <ele>328.928</ele>
        <time>2024-04-06T09:03:10.995Z</time>
      </trkpt>
      <trkpt lat="43.157177" lon="-1.522098">
        <ele>324.833</ele>
        <time>2024-04-06T09:03:15.995Z</time>
      </trkpt>
      <trkpt lat="43.157107" lon="-1.522026">
        <ele>325.597</ele>
        <time>2024-04-06T09:03:36.995Z</time>
      </trkpt>
      <trkpt lat="43.157135" lon="-1.521929">
        <ele>325.823</ele>
        <time>2024-04-06T09:03:42.995Z</time>
      </trkpt>
      <trkpt lat="43.157173" lon="-1.521812">
        <ele>325.825</ele>
        <time>2024-04-06T09:03:48.995Z</time>
      </trkpt>
      <trkpt lat="43.157178" lon="-1.521737">
        <ele>328.609</ele>
        <time>2024-04-06T09:03:51.995Z</time>
      </trkpt>
      <trkpt lat="43.157203" lon="-1.521647">
        <ele>329.080</ele>
        <time>2024-04-06T09:03:56.995Z</time>
      </trkpt>
      <trkpt lat="43.157181" lon="-1.521590">
        <ele>330.695</ele>
        <time>2024-04-06T09:04:04.995Z</time>
      </trkpt>
      <trkpt lat="43.157198" lon="-1.521522">
        <ele>330.995</ele>
        <time>2024-04-06T09:04:14.995Z</time>
      </trkpt>
      <trkpt lat="43.157183" lon="-1.521430">
        <ele>332.861</ele>
        <time>2024-04-06T09:04:21.995Z</time>
      </trkpt>
      <trkpt lat="43.157178" lon="-1.521367">
        <ele>332.956</ele>
        <time>2024-04-06T09:04:27.995Z</time>
      </trkpt>
      <trkpt lat="43.157163" lon="-1.521302">
        <ele>333.314</ele>
        <time>2024-04-06T09:04:37.995Z</time>
      </trkpt>
      <trkpt lat="43.157178" lon="-1.521230">
        <ele>334.712</ele>
        <time>2024-04-06T09:04:46.995Z</time>
      </trkpt>
      <trkpt lat="43.157201" lon="-1.521175">
        <ele>338.812</ele>
        <time>2024-04-06T09:05:11.995Z</time>
      </trkpt>
      <trkpt lat="43.157258" lon="-1.521122">
        <ele>342.067</ele>
        <time>2024-04-06T09:06:52.995Z</time>
      </trkpt>
      <trkpt lat="43.157251" lon="-1.521045">
        <ele>342.088</ele>
        <time>2024-04-06T09:07:00.995Z</time>
      </trkpt>
      <trkpt lat="43.157228" lon="-1.520988">
        <ele>342.024</ele>
        <time>2024-04-06T09:07:06.995Z</time>
      </trkpt>
      <trkpt lat="43.157231" lon="-1.520925">
        <ele>342.026</ele>
        <time>2024-04-06T09:07:11.995Z</time>
      </trkpt>
      <trkpt lat="43.157241" lon="-1.520858">
        <ele>339.809</ele>
        <time>2024-04-06T09:07:18.995Z</time>
      </trkpt>
      <trkpt lat="43.157244" lon="-1.520795">
        <ele>341.869</ele>
        <time>2024-04-06T09:07:24.995Z</time>
      </trkpt>
      <trkpt lat="43.157209" lon="-1.520728">
        <ele>345.784</ele>
        <time>2024-04-06T09:07:34.995Z</time>
      </trkpt>
      <trkpt lat="43.157201" lon="-1.520666">
        <ele>347.174</ele>
        <time>2024-04-06T09:07:39.995Z</time>
      </trkpt>
      <trkpt lat="43.157216" lon="-1.520594">
        <ele>347.350</ele>
        <time>2024-04-06T09:07:48.995Z</time>
      </trkpt>
      <trkpt lat="43.157239" lon="-1.520537">
        <ele>347.585</ele>
        <time>2024-04-06T09:07:56.995Z</time>
      </trkpt>
      <trkpt lat="43.157232" lon="-1.520475">
        <ele>349.563</ele>
        <time>2024-04-06T09:08:03.995Z</time>
      </trkpt>
      <trkpt lat="43.157255" lon="-1.520400">
        <ele>350.831</ele>
        <time>2024-04-06T09:08:09.995Z</time>
      </trkpt>
      <trkpt lat="43.157280" lon="-1.520320">
        <ele>352.921</ele>
        <time>2024-04-06T09:08:16.995Z</time>
      </trkpt>
      <trkpt lat="43.157270" lon="-1.520255">
        <ele>355.516</ele>
        <time>2024-04-06T09:08:23.995Z</time>
      </trkpt>
      <trkpt lat="43.157268" lon="-1.520173">
        <ele>357.235</ele>
        <time>2024-04-06T09:08:33.995Z</time>
      </trkpt>
      <trkpt lat="43.157243" lon="-1.520110">
        <ele>359.786</ele>
        <time>2024-04-06T09:08:41.995Z</time>
      </trkpt>
      <trkpt lat="43.157378" lon="-1.520105">
        <ele>357.514</ele>
        <time>2024-04-06T09:09:14.995Z</time>
      </trkpt>
      <trkpt lat="43.157346" lon="-1.520060">
        <ele>357.409</ele>
        <time>2024-04-06T09:09:45.995Z</time>
      </trkpt>
      <trkpt lat="43.157308" lon="-1.520013">
        <ele>359.554</ele>
        <time>2024-04-06T09:09:49.995Z</time>
      </trkpt>
      <trkpt lat="43.157278" lon="-1.519956">
        <ele>359.519</ele>
        <time>2024-04-06T09:09:55.995Z</time>
      </trkpt>
      <trkpt lat="43.157286" lon="-1.519879">
        <ele>359.899</ele>
        <time>2024-04-06T09:10:01.995Z</time>
      </trkpt>
      <trkpt lat="43.157286" lon="-1.519816">
        <ele>361.955</ele>
        <time>2024-04-06T09:10:10.995Z</time>
      </trkpt>
      <trkpt lat="43.157298" lon="-1.519756">
        <ele>363.550</ele>
        <time>2024-04-06T09:10:16.995Z</time>
      </trkpt>
      <trkpt lat="43.157323" lon="-1.519701">
        <ele>363.868</ele>
        <time>2024-04-06T09:10:21.995Z</time>
      </trkpt>
      <trkpt lat="43.157353" lon="-1.519653">
        <ele>365.066</ele>
        <time>2024-04-06T09:10:30.995Z</time>
      </trkpt>
      <trkpt lat="43.157396" lon="-1.519620">
        <ele>365.766</ele>
        <time>2024-04-06T09:10:38.995Z</time>
      </trkpt>
      <trkpt lat="43.157446" lon="-1.519602">
        <ele>366.911</ele>
        <time>2024-04-06T09:10:43.995Z</time>
      </trkpt>
      <trkpt lat="43.157493" lon="-1.519587">
        <ele>367.039</ele>
        <time>2024-04-06T09:10:49.995Z</time>
      </trkpt>
      <trkpt lat="43.157548" lon="-1.519572">
        <ele>367.301</ele>
        <time>2024-04-06T09:10:53.995Z</time>
      </trkpt>
      <trkpt lat="43.157575" lon="-1.519484">
        <ele>378.021</ele>
        <time>2024-04-06T09:11:39.995Z</time>
      </trkpt>
      <trkpt lat="43.157622" lon="-1.519456">
        <ele>378.109</ele>
        <time>2024-04-06T09:11:53.995Z</time>
      </trkpt>
      <trkpt lat="43.157659" lon="-1.519419">
        <ele>378.474</ele>
        <time>2024-04-06T09:12:00.995Z</time>
      </trkpt>
      <trkpt lat="43.157704" lon="-1.519387">
        <ele>378.499</ele>
        <time>2024-04-06T09:12:05.995Z</time>
      </trkpt>
      <trkpt lat="43.157749" lon="-1.519342">
        <ele>379.729</ele>
        <time>2024-04-06T09:12:13.995Z</time>
      </trkpt>
      <trkpt lat="43.157789" lon="-1.519292">
        <ele>380.435</ele>
        <time>2024-04-06T09:12:19.995Z</time>
      </trkpt>
      <trkpt lat="43.157834" lon="-1.519270">
        <ele>380.880</ele>
        <time>2024-04-06T09:12:23.995Z</time>
      </trkpt>
      <trkpt lat="43.157872" lon="-1.519232">
        <ele>380.868</ele>
        <time>2024-04-06T09:12:30.995Z</time>
      </trkpt>
      <trkpt lat="43.157910" lon="-1.519182">
        <ele>381.136</ele>
        <time>2024-04-06T09:12:41.995Z</time>
      </trkpt>
      <trkpt lat="43.157918" lon="-1.519117">
        <ele>381.466</ele>
        <time>2024-04-06T09:12:47.995Z</time>
      </trkpt>
      <trkpt lat="43.157950" lon="-1.519067">
        <ele>382.781</ele>
        <time>2024-04-06T09:13:01.995Z</time>
      </trkpt>
      <trkpt lat="43.157997" lon="-1.519062">
        <ele>382.915</ele>
        <time>2024-04-06T09:13:08.995Z</time>
      </trkpt>
      <trkpt lat="43.158042" lon="-1.519054">
        <ele>385.665</ele>
        <time>2024-04-06T09:13:16.995Z</time>
      </trkpt>
      <trkpt lat="43.158087" lon="-1.519031">
        <ele>386.011</ele>
        <time>2024-04-06T09:13:23.995Z</time>
      </trkpt>
      <trkpt lat="43.158055" lon="-1.518968">
        <ele>390.009</ele>
        <time>2024-04-06T09:13:54.995Z</time>
      </trkpt>
      <trkpt lat="43.158077" lon="-1.519040">
        <ele>390.392</ele>
        <time>2024-04-06T09:13:58.995Z</time>
      </trkpt>
      <trkpt lat="43.158100" lon="-1.519108">
        <ele>390.617</ele>
        <time>2024-04-06T09:14:01.995Z</time>
      </trkpt>
      <trkpt lat="43.158102" lon="-1.519175">
        <ele>391.237</ele>
        <time>2024-04-06T09:14:04.995Z</time>
      </trkpt>
      <trkpt lat="43.158094" lon="-1.519243">
        <ele>394.773</ele>
        <time>2024-04-06T09:14:09.995Z</time>
      </trkpt>
      <trkpt lat="43.158051" lon="-1.519270">
        <ele>394.928</ele>
        <time>2024-04-06T09:14:12.995Z</time>
      </trkpt>
      <trkpt lat="43.158011" lon="-1.519313">
        <ele>395.356</ele>
        <time>2024-04-06T09:14:15.995Z</time>
      </trkpt>
      <trkpt lat="43.157968" lon="-1.519356">
        <ele>395.054</ele>
        <time>2024-04-06T09:14:17.995Z</time>
      </trkpt>
      <trkpt lat="43.157941" lon="-1.519411">
        <ele>394.834</ele>
        <time>2024-04-06T09:14:19.995Z</time>
      </trkpt>
      <trkpt lat="43.157929" lon="-1.519484">
        <ele>393.759</ele>
        <time>2024-04-06T09:14:22.995Z</time>
      </trkpt>
      <trkpt lat="43.157879" lon="-1.519511">
        <ele>392.939</ele>
        <time>2024-04-06T09:14:41.995Z</time>
      </trkpt>
      <trkpt lat="43.157892" lon="-1.519439">
        <ele>387.701</ele>
        <time>2024-04-06T09:15:16.995Z</time>
      </trkpt>
      <trkpt lat="43.157922" lon="-1.519366">
        <ele>387.521</ele>
        <time>2024-04-06T09:15:19.995Z</time>
      </trkpt>
      <trkpt lat="43.157957" lon="-1.519318">
        <ele>387.409</ele>
        <time>2024-04-06T09:15:22.995Z</time>
      </trkpt>
      <trkpt lat="43.157990" lon="-1.519270">
        <ele>390.764</ele>
        <time>2024-04-06T09:15:25.995Z</time>
      </trkpt>
      <trkpt lat="43.158018" lon="-1.519212">
        <ele>392.199</ele>
        <time>2024-04-06T09:15:29.995Z</time>
      </trkpt>
      <trkpt lat="43.158046" lon="-1.519144">
        <ele>392.279</ele>
        <time>2024-04-06T09:15:33.995Z</time>
      </trkpt>
      <trkpt lat="43.158076" lon="-1.519087">
        <ele>392.355</ele>
        <time>2024-04-06T09:15:36.995Z</time>
      </trkpt>
      <trkpt lat="43.158106" lon="-1.519009">
        <ele>392.470</ele>
        <time>2024-04-06T09:15:39.995Z</time>
      </trkpt>
      <trkpt lat="43.158116" lon="-1.518921">
        <ele>392.458</ele>
        <time>2024-04-06T09:15:43.995Z</time>
      </trkpt>
      <trkpt lat="43.158114" lon="-1.518859">
        <ele>392.446</ele>
        <time>2024-04-06T09:15:45.995Z</time>
      </trkpt>
      <trkpt lat="43.158119" lon="-1.518792">
        <ele>392.396</ele>
        <time>2024-04-06T09:15:47.995Z</time>
      </trkpt>
      <trkpt lat="43.158117" lon="-1.518710">
        <ele>392.121</ele>
        <time>2024-04-06T09:15:50.995Z</time>
      </trkpt>
      <trkpt lat="43.158110" lon="-1.518647">
        <ele>391.759</ele>
        <time>2024-04-06T09:15:55.995Z</time>
      </trkpt>
      <trkpt lat="43.158107" lon="-1.518582">
        <ele>390.503</ele>
        <time>2024-04-06T09:16:05.995Z</time>
      </trkpt>
      <trkpt lat="43.158089" lon="-1.518519">
        <ele>389.723</ele>
        <time>2024-04-06T09:16:11.995Z</time>
      </trkpt>
      <trkpt lat="43.158081" lon="-1.518452">
        <ele>389.509</ele>
        <time>2024-04-06T09:16:17.995Z</time>
      </trkpt>
      <trkpt lat="43.158081" lon="-1.518387">
        <ele>389.326</ele>
        <time>2024-04-06T09:16:20.995Z</time>
      </trkpt>
      <trkpt lat="43.158066" lon="-1.518324">
        <ele>389.471</ele>
        <time>2024-04-06T09:16:25.995Z</time>
      </trkpt>
      <trkpt lat="43.158033" lon="-1.518272">
        <ele>389.321</ele>
        <time>2024-04-06T09:16:32.995Z</time>
      </trkpt>
      <trkpt lat="43.158018" lon="-1.518212">
        <ele>391.457</ele>
        <time>2024-04-06T09:16:39.995Z</time>
      </trkpt>
      <trkpt lat="43.157996" lon="-1.518149">
        <ele>393.572</ele>
        <time>2024-04-06T09:16:47.995Z</time>
      </trkpt>
      <trkpt lat="43.157968" lon="-1.518096">
        <ele>395.910</ele>
        <time>2024-04-06T09:16:52.995Z</time>
      </trkpt>
      <trkpt lat="43.157963" lon="-1.518034">
        <ele>396.748</ele>
        <time>2024-04-06T09:16:59.995Z</time>
      </trkpt>
      <trkpt lat="43.157975" lon="-1.517972">
        <ele>398.728</ele>
        <time>2024-04-06T09:17:07.995Z</time>
      </trkpt>
      <trkpt lat="43.157938" lon="-1.517910">
        <ele>400.523</ele>
        <time>2024-04-06T09:17:42.995Z</time>
      </trkpt>
      <trkpt lat="43.157971" lon="-1.517960">
        <ele>398.896</ele>
        <time>2024-04-06T09:19:25.995Z</time>
      </trkpt>
      <trkpt lat="43.158013" lon="-1.517932">
        <ele>398.831</ele>
        <time>2024-04-06T09:19:29.995Z</time>
      </trkpt>
      <trkpt lat="43.158033" lon="-1.517870">
        <ele>398.824</ele>
        <time>2024-04-06T09:19:34.995Z</time>
      </trkpt>
      <trkpt lat="43.158078" lon="-1.517863">
        <ele>398.809</ele>
        <time>2024-04-06T09:19:42.995Z</time>
      </trkpt>
      <trkpt lat="43.158110" lon="-1.517921">
        <ele>399.130</ele>
        <time>2024-04-06T09:19:53.995Z</time>
      </trkpt>
      <trkpt lat="43.158173" lon="-1.518001">
        <ele>402.445</ele>
        <time>2024-04-06T09:21:21.994Z</time>
      </trkpt>
      <trkpt lat="43.158221" lon="-1.518041">
        <ele>402.445</ele>
        <time>2024-04-06T09:21:28.994Z</time>
      </trkpt>
      <trkpt lat="43.158261" lon="-1.518078">
        <ele>402.481</ele>
        <time>2024-04-06T09:21:36.994Z</time>
      </trkpt>
      <trkpt lat="43.158294" lon="-1.518121">
        <ele>402.496</ele>
        <time>2024-04-06T09:21:52.994Z</time>
      </trkpt>
      <trkpt lat="43.158336" lon="-1.518153">
        <ele>404.644</ele>
        <time>2024-04-06T09:21:58.994Z</time>
      </trkpt>
      <trkpt lat="43.158363" lon="-1.518205">
        <ele>404.642</ele>
        <time>2024-04-06T09:22:03.994Z</time>
      </trkpt>
      <trkpt lat="43.158396" lon="-1.518257">
        <ele>404.662</ele>
        <time>2024-04-06T09:22:08.994Z</time>
      </trkpt>
      <trkpt lat="43.158431" lon="-1.518305">
        <ele>406.297</ele>
        <time>2024-04-06T09:22:13.994Z</time>
      </trkpt>
      <trkpt lat="43.158468" lon="-1.518347">
        <ele>409.469</ele>
        <time>2024-04-06T09:22:19.994Z</time>
      </trkpt>
      <trkpt lat="43.158503" lon="-1.518400">
        <ele>410.404</ele>
        <time>2024-04-06T09:22:24.994Z</time>
      </trkpt>
      <trkpt lat="43.158530" lon="-1.518450">
        <ele>411.324</ele>
        <time>2024-04-06T09:22:28.994Z</time>
      </trkpt>
      <trkpt lat="43.158558" lon="-1.518500">
        <ele>412.209</ele>
        <time>2024-04-06T09:22:33.994Z</time>
      </trkpt>
      <trkpt lat="43.158596" lon="-1.518535">
        <ele>413.017</ele>
        <time>2024-04-06T09:22:39.994Z</time>
      </trkpt>
      <trkpt lat="43.158631" lon="-1.518577">
        <ele>414.412</ele>
        <time>2024-04-06T09:22:44.994Z</time>
      </trkpt>
      <trkpt lat="43.158671" lon="-1.518624">
        <ele>415.792</ele>
        <time>2024-04-06T09:22:48.994Z</time>
      </trkpt>
      <trkpt lat="43.158688" lon="-1.518682">
        <ele>415.778</ele>
        <time>2024-04-06T09:22:51.994Z</time>
      </trkpt>
      <trkpt lat="43.158706" lon="-1.518745">
        <ele>415.743</ele>
        <time>2024-04-06T09:22:56.994Z</time>
      </trkpt>
      <trkpt lat="43.158729" lon="-1.518818">
        <ele>415.761</ele>
        <time>2024-04-06T09:22:59.994Z</time>
      </trkpt>
      <trkpt lat="43.158746" lon="-1.518886">
        <ele>415.369</ele>
        <time>2024-04-06T09:23:03.994Z</time>
      </trkpt>
      <trkpt lat="43.158763" lon="-1.518961">
        <ele>415.239</ele>
        <time>2024-04-06T09:23:07.994Z</time>
      </trkpt>
      <trkpt lat="43.158760" lon="-1.519024">
        <ele>415.834</ele>
        <time>2024-04-06T09:23:13.994Z</time>
      </trkpt>
      <trkpt lat="43.158763" lon="-1.519094">
        <ele>416.822</ele>
        <time>2024-04-06T09:23:20.994Z</time>
      </trkpt>
      <trkpt lat="43.158801" lon="-1.519136">
        <ele>417.662</ele>
        <time>2024-04-06T09:23:25.994Z</time>
      </trkpt>
      <trkpt lat="43.158818" lon="-1.519201">
        <ele>420.608</ele>
        <time>2024-04-06T09:23:33.994Z</time>
      </trkpt>
      <trkpt lat="43.158835" lon="-1.519261">
        <ele>421.709</ele>
        <time>2024-04-06T09:23:39.994Z</time>
      </trkpt>
      <trkpt lat="43.158887" lon="-1.519313">
        <ele>428.163</ele>
        <time>2024-04-06T09:24:16.994Z</time>
      </trkpt>
      <trkpt lat="43.158884" lon="-1.519383">
        <ele>429.328</ele>
        <time>2024-04-06T09:24:33.994Z</time>
      </trkpt>
      <trkpt lat="43.158899" lon="-1.519448">
        <ele>429.328</ele>
        <time>2024-04-06T09:24:38.994Z</time>
      </trkpt>
      <trkpt lat="43.158926" lon="-1.519506">
        <ele>429.884</ele>
        <time>2024-04-06T09:24:43.994Z</time>
      </trkpt>
      <trkpt lat="43.158918" lon="-1.519579">
        <ele>429.369</ele>
        <time>2024-04-06T09:24:47.994Z</time>
      </trkpt>
      <trkpt lat="43.158901" lon="-1.519651">
        <ele>432.857</ele>
        <time>2024-04-06T09:24:52.994Z</time>
      </trkpt>
      <trkpt lat="43.158891" lon="-1.519728">
        <ele>434.865</ele>
        <time>2024-04-06T09:24:57.994Z</time>
      </trkpt>
      <trkpt lat="43.158888" lon="-1.519808">
        <ele>435.255</ele>
        <time>2024-04-06T09:25:02.994Z</time>
      </trkpt>
      <trkpt lat="43.158890" lon="-1.519878">
        <ele>435.920</ele>
        <time>2024-04-06T09:25:06.994Z</time>
      </trkpt>
      <trkpt lat="43.158892" lon="-1.519940">
        <ele>436.865</ele>
        <time>2024-04-06T09:25:10.994Z</time>
      </trkpt>
      <trkpt lat="43.158892" lon="-1.520017">
        <ele>437.168</ele>
        <time>2024-04-06T09:25:14.994Z</time>
      </trkpt>
      <trkpt lat="43.158895" lon="-1.520087">
        <ele>437.414</ele>
        <time>2024-04-06T09:25:18.994Z</time>
      </trkpt>
      <trkpt lat="43.158902" lon="-1.520150">
        <ele>437.409</ele>
        <time>2024-04-06T09:25:23.994Z</time>
      </trkpt>
      <trkpt lat="43.158887" lon="-1.520222">
        <ele>437.577</ele>
        <time>2024-04-06T09:25:27.994Z</time>
      </trkpt>
      <trkpt lat="43.158869" lon="-1.520279">
        <ele>437.462</ele>
        <time>2024-04-06T09:25:31.994Z</time>
      </trkpt>
      <trkpt lat="43.158844" lon="-1.520334">
        <ele>437.472</ele>
        <time>2024-04-06T09:25:34.994Z</time>
      </trkpt>
      <trkpt lat="43.158829" lon="-1.520397">
        <ele>437.558</ele>
        <time>2024-04-06T09:25:38.994Z</time>
      </trkpt>
      <trkpt lat="43.158799" lon="-1.520444">
        <ele>438.093</ele>
        <time>2024-04-06T09:25:42.994Z</time>
      </trkpt>
      <trkpt lat="43.158797" lon="-1.520512">
        <ele>437.851</ele>
        <time>2024-04-06T09:25:50.994Z</time>
      </trkpt>
      <trkpt lat="43.158789" lon="-1.520590">
        <ele>438.339</ele>
        <time>2024-04-06T09:25:55.994Z</time>
      </trkpt>
      <trkpt lat="43.158769" lon="-1.520653">
        <ele>438.659</ele>
        <time>2024-04-06T09:26:00.994Z</time>
      </trkpt>
      <trkpt lat="43.158741" lon="-1.520720">
        <ele>438.214</ele>
        <time>2024-04-06T09:26:06.994Z</time>
      </trkpt>
      <trkpt lat="43.158736" lon="-1.520787">
        <ele>436.471</ele>
        <time>2024-04-06T09:26:22.994Z</time>
      </trkpt>
      <trkpt lat="43.158699" lon="-1.520835">
        <ele>435.941</ele>
        <time>2024-04-06T09:26:25.994Z</time>
      </trkpt>
      <trkpt lat="43.158676" lon="-1.520897">
        <ele>435.715</ele>
        <time>2024-04-06T09:26:29.994Z</time>
      </trkpt>
      <trkpt lat="43.158666" lon="-1.520970">
        <ele>435.509</ele>
        <time>2024-04-06T09:26:33.994Z</time>
      </trkpt>
      <trkpt lat="43.158651" lon="-1.521033">
        <ele>435.188</ele>
        <time>2024-04-06T09:26:36.994Z</time>
      </trkpt>
      <trkpt lat="43.158636" lon="-1.521100">
        <ele>433.593</ele>
        <time>2024-04-06T09:26:39.994Z</time>
      </trkpt>
      <trkpt lat="43.158638" lon="-1.521175">
        <ele>432.573</ele>
        <time>2024-04-06T09:26:43.994Z</time>
      </trkpt>
      <trkpt lat="43.158648" lon="-1.521253">
        <ele>432.079</ele>
        <time>2024-04-06T09:26:49.994Z</time>
      </trkpt>
      <trkpt lat="43.158633" lon="-1.521318">
        <ele>431.924</ele>
        <time>2024-04-06T09:26:54.994Z</time>
      </trkpt>
      <trkpt lat="43.158638" lon="-1.521680">
        <ele>429.062</ele>
        <time>2024-04-06T09:28:29.994Z</time>
      </trkpt>
      <trkpt lat="43.158653" lon="-1.521755">
        <ele>431.310</ele>
        <time>2024-04-06T09:28:34.994Z</time>
      </trkpt>
      <trkpt lat="43.158628" lon="-1.521832">
        <ele>431.560</ele>
        <time>2024-04-06T09:28:38.994Z</time>
      </trkpt>
      <trkpt lat="43.158613" lon="-1.521905">
        <ele>431.545</ele>
        <time>2024-04-06T09:28:41.994Z</time>
      </trkpt>
      <trkpt lat="43.158600" lon="-1.521983">
        <ele>431.338</ele>
        <time>2024-04-06T09:28:45.994Z</time>
      </trkpt>
      <trkpt lat="43.158598" lon="-1.522063">
        <ele>430.770</ele>
        <time>2024-04-06T09:28:49.994Z</time>
      </trkpt>
      <trkpt lat="43.158606" lon="-1.522133">
        <ele>429.817</ele>
        <time>2024-04-06T09:28:53.994Z</time>
      </trkpt>
      <trkpt lat="43.158593" lon="-1.522216">
        <ele>429.609</ele>
        <time>2024-04-06T09:28:57.994Z</time>
      </trkpt>
      <trkpt lat="43.158576" lon="-1.522301">
        <ele>429.464</ele>
        <time>2024-04-06T09:29:00.994Z</time>
      </trkpt>
      <trkpt lat="43.158573" lon="-1.522368">
        <ele>428.819</ele>
        <time>2024-04-06T09:29:02.994Z</time>
      </trkpt>
      <trkpt lat="43.158575" lon="-1.522448">
        <ele>428.479</ele>
        <time>2024-04-06T09:29:04.994Z</time>
      </trkpt>
      <trkpt lat="43.158583" lon="-1.522516">
        <ele>428.045</ele>
        <time>2024-04-06T09:29:06.994Z</time>
      </trkpt>
      <trkpt lat="43.158601" lon="-1.522576">
        <ele>427.810</ele>
        <time>2024-04-06T09:29:08.994Z</time>
      </trkpt>
      <trkpt lat="43.158626" lon="-1.522651">
        <ele>427.858</ele>
        <time>2024-04-06T09:29:11.994Z</time>
      </trkpt>
      <trkpt lat="43.158669" lon="-1.522711">
        <ele>427.526</ele>
        <time>2024-04-06T09:29:15.994Z</time>
      </trkpt>
      <trkpt lat="43.158702" lon="-1.522774">
        <ele>427.256</ele>
        <time>2024-04-06T09:29:18.994Z</time>
      </trkpt>
      <trkpt lat="43.158734" lon="-1.522852">
        <ele>426.161</ele>
        <time>2024-04-06T09:29:21.994Z</time>
      </trkpt>
      <trkpt lat="43.158762" lon="-1.522907">
        <ele>424.396</ele>
        <time>2024-04-06T09:29:23.994Z</time>
      </trkpt>
      <trkpt lat="43.158790" lon="-1.522955">
        <ele>421.731</ele>
        <time>2024-04-06T09:29:27.994Z</time>
      </trkpt>
      <trkpt lat="43.158810" lon="-1.523025">
        <ele>420.224</ele>
        <time>2024-04-06T09:29:32.994Z</time>
      </trkpt>
      <trkpt lat="43.158833" lon="-1.523093">
        <ele>418.109</ele>
        <time>2024-04-06T09:29:36.994Z</time>
      </trkpt>
      <trkpt lat="43.158866" lon="-1.523150">
        <ele>417.060</ele>
        <time>2024-04-06T09:29:40.994Z</time>
      </trkpt>
      <trkpt lat="43.158874" lon="-1.523227">
        <ele>416.765</ele>
        <time>2024-04-06T09:29:43.994Z</time>
      </trkpt>
      <trkpt lat="43.158921" lon="-1.523262">
        <ele>415.485</ele>
        <time>2024-04-06T09:29:48.994Z</time>
      </trkpt>
      <trkpt lat="43.158944" lon="-1.523317">
        <ele>415.251</ele>
        <time>2024-04-06T09:29:52.994Z</time>
      </trkpt>
      <trkpt lat="43.158986" lon="-1.523340">
        <ele>416.826</ele>
        <time>2024-04-06T09:30:38.994Z</time>
      </trkpt>
      <trkpt lat="43.159024" lon="-1.523380">
        <ele>416.874</ele>
        <time>2024-04-06T09:30:46.994Z</time>
      </trkpt>
      <trkpt lat="43.159082" lon="-1.523363">
        <ele>415.442</ele>
        <time>2024-04-06T09:31:28.994Z</time>
      </trkpt>
      <trkpt lat="43.159119" lon="-1.523430">
        <ele>413.712</ele>
        <time>2024-04-06T09:31:32.994Z</time>
      </trkpt>
      <trkpt lat="43.159152" lon="-1.523480">
        <ele>413.457</ele>
        <time>2024-04-06T09:31:34.994Z</time>
      </trkpt>
      <trkpt lat="43.159194" lon="-1.523522">
        <ele>415.584</ele>
        <time>2024-04-06T09:31:36.994Z</time>
      </trkpt>
      <trkpt lat="43.159241" lon="-1.523552">
        <ele>410.507</ele>
        <time>2024-04-06T09:31:38.994Z</time>
      </trkpt>
      <trkpt lat="43.159293" lon="-1.523580">
        <ele>409.917</ele>
        <time>2024-04-06T09:31:40.994Z</time>
      </trkpt>
      <trkpt lat="43.159343" lon="-1.523608">
        <ele>410.409</ele>
        <time>2024-04-06T09:31:42.994Z</time>
      </trkpt>
      <trkpt lat="43.159385" lon="-1.523645">
        <ele>410.979</ele>
        <time>2024-04-06T09:31:44.994Z</time>
      </trkpt>
      <trkpt lat="43.159422" lon="-1.523697">
        <ele>411.184</ele>
        <time>2024-04-06T09:31:46.994Z</time>
      </trkpt>
      <trkpt lat="43.159442" lon="-1.523762">
        <ele>411.914</ele>
        <time>2024-04-06T09:31:48.994Z</time>
      </trkpt>
      <trkpt lat="43.159469" lon="-1.523824">
        <ele>412.490</ele>
        <time>2024-04-06T09:31:50.994Z</time>
      </trkpt>
      <trkpt lat="43.159514" lon="-1.523879">
        <ele>414.065</ele>
        <time>2024-04-06T09:31:53.994Z</time>
      </trkpt>
      <trkpt lat="43.159554" lon="-1.523909">
        <ele>415.333</ele>
        <time>2024-04-06T09:31:55.994Z</time>
      </trkpt>
      <trkpt lat="43.159602" lon="-1.523976">
        <ele>415.551</ele>
        <time>2024-04-06T09:31:58.994Z</time>
      </trkpt>
      <trkpt lat="43.159625" lon="-1.524044">
        <ele>415.551</ele>
        <time>2024-04-06T09:32:00.994Z</time>
      </trkpt>
      <trkpt lat="43.159647" lon="-1.524134">
        <ele>415.576</ele>
        <time>2024-04-06T09:32:02.994Z</time>
      </trkpt>
      <trkpt lat="43.159672" lon="-1.524217">
        <ele>415.446</ele>
        <time>2024-04-06T09:32:04.994Z</time>
      </trkpt>
      <trkpt lat="43.159702" lon="-1.524280">
        <ele>415.288</ele>
        <time>2024-04-06T09:32:06.994Z</time>
      </trkpt>
      <trkpt lat="43.159734" lon="-1.524327">
        <ele>414.516</ele>
        <time>2024-04-06T09:32:09.994Z</time>
      </trkpt>
      <trkpt lat="43.159771" lon="-1.524367">
        <ele>412.109</ele>
        <time>2024-04-06T09:32:13.994Z</time>
      </trkpt>
      <trkpt lat="43.159814" lon="-1.524424">
        <ele>412.195</ele>
        <time>2024-04-06T09:32:18.994Z</time>
      </trkpt>
      <trkpt lat="43.159839" lon="-1.524487">
        <ele>412.150</ele>
        <time>2024-04-06T09:32:21.994Z</time>
      </trkpt>
      <trkpt lat="43.159866" lon="-1.524539">
        <ele>412.410</ele>
        <time>2024-04-06T09:32:25.994Z</time>
      </trkpt>
      <trkpt lat="43.159879" lon="-1.524599">
        <ele>413.136</ele>
        <time>2024-04-06T09:32:29.994Z</time>
      </trkpt>
      <trkpt lat="43.159896" lon="-1.524672">
        <ele>414.611</ele>
        <time>2024-04-06T09:32:34.994Z</time>
      </trkpt>
      <trkpt lat="43.159918" lon="-1.524744">
        <ele>416.459</ele>
        <time>2024-04-06T09:32:39.994Z</time>
      </trkpt>
      <trkpt lat="43.159873" lon="-1.524749">
        <ele>418.717</ele>
        <time>2024-04-06T09:32:46.994Z</time>
      </trkpt>
      <trkpt lat="43.159901" lon="-1.524822">
        <ele>420.237</ele>
        <time>2024-04-06T09:32:50.994Z</time>
      </trkpt>
      <trkpt lat="43.159943" lon="-1.524932">
        <ele>421.882</ele>
        <time>2024-04-06T09:32:55.994Z</time>
      </trkpt>
      <trkpt lat="43.159988" lon="-1.524979">
        <ele>422.564</ele>
        <time>2024-04-06T09:32:59.994Z</time>
      </trkpt>
      <trkpt lat="43.160026" lon="-1.525039">
        <ele>423.406</ele>
        <time>2024-04-06T09:33:03.994Z</time>
      </trkpt>
      <trkpt lat="43.160063" lon="-1.525102">
        <ele>427.816</ele>
        <time>2024-04-06T09:33:10.994Z</time>
      </trkpt>
      <trkpt lat="43.160078" lon="-1.525162">
        <ele>430.609</ele>
        <time>2024-04-06T09:33:13.994Z</time>
      </trkpt>
      <trkpt lat="43.160120" lon="-1.525215">
        <ele>434.427</ele>
        <time>2024-04-06T09:33:17.994Z</time>
      </trkpt>
      <trkpt lat="43.160148" lon="-1.525268">
        <ele>436.852</ele>
        <time>2024-04-06T09:33:21.994Z</time>
      </trkpt>
      <trkpt lat="43.160173" lon="-1.525326">
        <ele>437.722</ele>
        <time>2024-04-06T09:33:26.994Z</time>
      </trkpt>
      <trkpt lat="43.160171" lon="-1.525401">
        <ele>437.798</ele>
        <time>2024-04-06T09:33:30.994Z</time>
      </trkpt>
      <trkpt lat="43.160184" lon="-1.525464">
        <ele>437.783</ele>
        <time>2024-04-06T09:33:35.994Z</time>
      </trkpt>
      <trkpt lat="43.160224" lon="-1.525509">
        <ele>437.341</ele>
        <time>2024-04-06T09:33:39.994Z</time>
      </trkpt>
      <trkpt lat="43.160261" lon="-1.525561">
        <ele>437.379</ele>
        <time>2024-04-06T09:33:43.994Z</time>
      </trkpt>
      <trkpt lat="43.160296" lon="-1.525601">
        <ele>437.329</ele>
        <time>2024-04-06T09:33:46.994Z</time>
      </trkpt>
      <trkpt lat="43.160341" lon="-1.525673">
        <ele>438.534</ele>
        <time>2024-04-06T09:33:52.994Z</time>
      </trkpt>
      <trkpt lat="43.160371" lon="-1.525720">
        <ele>439.991</ele>
        <time>2024-04-06T09:33:55.994Z</time>
      </trkpt>
      <trkpt lat="43.160421" lon="-1.525772">
        <ele>440.781</ele>
        <time>2024-04-06T09:33:58.994Z</time>
      </trkpt>
      <trkpt lat="43.160463" lon="-1.525805">
        <ele>441.519</ele>
        <time>2024-04-06T09:34:06.994Z</time>
      </trkpt>
      <trkpt lat="43.160503" lon="-1.525835">
        <ele>441.709</ele>
        <time>2024-04-06T09:34:13.994Z</time>
      </trkpt>
      <trkpt lat="43.160515" lon="-1.525902">
        <ele>442.190</ele>
        <time>2024-04-06T09:34:18.994Z</time>
      </trkpt>
      <trkpt lat="43.160553" lon="-1.525945">
        <ele>442.375</ele>
        <time>2024-04-06T09:34:22.994Z</time>
      </trkpt>
      <trkpt lat="43.160596" lon="-1.525982">
        <ele>443.485</ele>
        <time>2024-04-06T09:34:26.994Z</time>
      </trkpt>
      <trkpt lat="43.160636" lon="-1.526012">
        <ele>445.061</ele>
        <time>2024-04-06T09:34:29.994Z</time>
      </trkpt>
      <trkpt lat="43.160699" lon="-1.526057">
        <ele>447.066</ele>
        <time>2024-04-06T09:34:46.994Z</time>
      </trkpt>
      <trkpt lat="43.160744" lon="-1.526077">
        <ele>447.324</ele>
        <time>2024-04-06T09:34:50.994Z</time>
      </trkpt>
      <trkpt lat="43.160796" lon="-1.526105">
        <ele>447.452</ele>
        <time>2024-04-06T09:34:54.994Z</time>
      </trkpt>
      <trkpt lat="43.160836" lon="-1.526138">
        <ele>447.352</ele>
        <time>2024-04-06T09:35:00.994Z</time>
      </trkpt>
      <trkpt lat="43.160888" lon="-1.526161">
        <ele>446.967</ele>
        <time>2024-04-06T09:35:06.994Z</time>
      </trkpt>
      <trkpt lat="43.160938" lon="-1.526178">
        <ele>446.519</ele>
        <time>2024-04-06T09:35:10.994Z</time>
      </trkpt>
      <trkpt lat="43.160990" lon="-1.526210">
        <ele>446.509</ele>
        <time>2024-04-06T09:35:14.994Z</time>
      </trkpt>
      <trkpt lat="43.161028" lon="-1.526245">
        <ele>446.719</ele>
        <time>2024-04-06T09:35:18.994Z</time>
      </trkpt>
      <trkpt lat="43.160993" lon="-1.526180">
        <ele>448.309</ele>
        <time>2024-04-06T09:35:29.994Z</time>
      </trkpt>
      <trkpt lat="43.160970" lon="-1.526123">
        <ele>448.652</ele>
        <time>2024-04-06T09:35:34.994Z</time>
      </trkpt>
      <trkpt lat="43.161008" lon="-1.526086">
        <ele>448.717</ele>
        <time>2024-04-06T09:35:39.994Z</time>
      </trkpt>
      <trkpt lat="43.161053" lon="-1.526119">
        <ele>448.387</ele>
        <time>2024-04-06T09:35:49.994Z</time>
      </trkpt>
      <trkpt lat="43.161060" lon="-1.526184">
        <ele>447.283</ele>
        <time>2024-04-06T09:35:58.994Z</time>
      </trkpt>
      <trkpt lat="43.161110" lon="-1.526212">
        <ele>446.418</ele>
        <time>2024-04-06T09:36:01.994Z</time>
      </trkpt>
      <trkpt lat="43.161148" lon="-1.526257">
        <ele>445.966</ele>
        <time>2024-04-06T09:36:04.994Z</time>
      </trkpt>
      <trkpt lat="43.161181" lon="-1.526300">
        <ele>445.134</ele>
        <time>2024-04-06T09:36:07.994Z</time>
      </trkpt>
      <trkpt lat="43.161219" lon="-1.526345">
        <ele>444.724</ele>
        <time>2024-04-06T09:36:11.994Z</time>
      </trkpt>
      <trkpt lat="43.161187" lon="-1.526300">
        <ele>445.699</ele>
        <time>2024-04-06T09:36:17.994Z</time>
      </trkpt>
      <trkpt lat="43.161147" lon="-1.526265">
        <ele>445.834</ele>
        <time>2024-04-06T09:36:20.994Z</time>
      </trkpt>
      <trkpt lat="43.161124" lon="-1.526205">
        <ele>445.455</ele>
        <time>2024-04-06T09:36:27.994Z</time>
      </trkpt>
      <trkpt lat="43.161074" lon="-1.526173">
        <ele>445.310</ele>
        <time>2024-04-06T09:36:31.994Z</time>
      </trkpt>
      <trkpt lat="43.161024" lon="-1.526150">
        <ele>445.509</ele>
        <time>2024-04-06T09:36:34.994Z</time>
      </trkpt>
      <trkpt lat="43.160957" lon="-1.526142">
        <ele>444.224</ele>
        <time>2024-04-06T09:36:37.994Z</time>
      </trkpt>
      <trkpt lat="43.160889" lon="-1.526124">
        <ele>443.039</ele>
        <time>2024-04-06T09:36:39.994Z</time>
      </trkpt>
      <trkpt lat="43.160842" lon="-1.526106">
        <ele>441.299</ele>
        <time>2024-04-06T09:36:41.994Z</time>
      </trkpt>
      <trkpt lat="43.160799" lon="-1.526084">
        <ele>440.945</ele>
        <time>2024-04-06T09:36:43.994Z</time>
      </trkpt>
      <trkpt lat="43.160739" lon="-1.526037">
        <ele>440.460</ele>
        <time>2024-04-06T09:36:46.994Z</time>
      </trkpt>
      <trkpt lat="43.160689" lon="-1.526024">
        <ele>439.758</ele>
        <time>2024-04-06T09:36:48.994Z</time>
      </trkpt>
      <trkpt lat="43.160632" lon="-1.526031">
        <ele>438.886</ele>
        <time>2024-04-06T09:36:50.994Z</time>
      </trkpt>
      <trkpt lat="43.160565" lon="-1.526029">
        <ele>438.086</ele>
        <time>2024-04-06T09:36:52.994Z</time>
      </trkpt>
      <trkpt lat="43.160503" lon="-1.526006">
        <ele>437.991</ele>
        <time>2024-04-06T09:36:54.994Z</time>
      </trkpt>
      <trkpt lat="43.160448" lon="-1.525981">
        <ele>437.888</ele>
        <time>2024-04-06T09:36:56.994Z</time>
      </trkpt>
      <trkpt lat="43.160398" lon="-1.525949">
        <ele>437.824</ele>
        <time>2024-04-06T09:36:58.994Z</time>
      </trkpt>
      <trkpt lat="43.160353" lon="-1.525929">
        <ele>437.926</ele>
        <time>2024-04-06T09:37:00.994Z</time>
      </trkpt>
      <trkpt lat="43.160300" lon="-1.525902">
        <ele>438.209</ele>
        <time>2024-04-06T09:37:02.993Z</time>
      </trkpt>
      <trkpt lat="43.160258" lon="-1.525860">
        <ele>438.229</ele>
        <time>2024-04-06T09:37:04.993Z</time>
      </trkpt>
      <trkpt lat="43.160216" lon="-1.525825">
        <ele>438.214</ele>
        <time>2024-04-06T09:37:06.993Z</time>
      </trkpt>
      <trkpt lat="43.160166" lon="-1.525797">
        <ele>437.914</ele>
        <time>2024-04-06T09:37:08.993Z</time>
      </trkpt>
      <trkpt lat="43.160131" lon="-1.525732">
        <ele>437.910</ele>
        <time>2024-04-06T09:37:11.993Z</time>
      </trkpt>
      <trkpt lat="43.160101" lon="-1.525667">
        <ele>437.925</ele>
        <time>2024-04-06T09:37:13.993Z</time>
      </trkpt>
      <trkpt lat="43.160064" lon="-1.525607">
        <ele>439.793</ele>
        <time>2024-04-06T09:37:15.993Z</time>
      </trkpt>
      <trkpt lat="43.160031" lon="-1.525532">
        <ele>439.771</ele>
        <time>2024-04-06T09:37:17.993Z</time>
      </trkpt>
      <trkpt lat="43.160001" lon="-1.525480">
        <ele>439.751</ele>
        <time>2024-04-06T09:37:19.993Z</time>
      </trkpt>
      <trkpt lat="43.159964" lon="-1.525420">
        <ele>439.196</ele>
        <time>2024-04-06T09:37:21.993Z</time>
      </trkpt>
      <trkpt lat="43.159921" lon="-1.525348">
        <ele>438.822</ele>
        <time>2024-04-06T09:37:23.993Z</time>
      </trkpt>
      <trkpt lat="43.159888" lon="-1.525276">
        <ele>438.262</ele>
        <time>2024-04-06T09:37:25.993Z</time>
      </trkpt>
      <trkpt lat="43.159848" lon="-1.525193">
        <ele>436.808</ele>
        <time>2024-04-06T09:37:27.993Z</time>
      </trkpt>
      <trkpt lat="43.159840" lon="-1.525116">
        <ele>435.909</ele>
        <time>2024-04-06T09:37:29.993Z</time>
      </trkpt>
      <trkpt lat="43.159838" lon="-1.525041">
        <ele>434.273</ele>
        <time>2024-04-06T09:37:32.993Z</time>
      </trkpt>
      <trkpt lat="43.159836" lon="-1.524976">
        <ele>433.678</ele>
        <time>2024-04-06T09:37:35.993Z</time>
      </trkpt>
      <trkpt lat="43.159843" lon="-1.524906">
        <ele>433.078</ele>
        <time>2024-04-06T09:37:38.993Z</time>
      </trkpt>
      <trkpt lat="43.159828" lon="-1.524828">
        <ele>432.294</ele>
        <time>2024-04-06T09:37:41.993Z</time>
      </trkpt>
      <trkpt lat="43.159810" lon="-1.524763">
        <ele>432.089</ele>
        <time>2024-04-06T09:37:43.993Z</time>
      </trkpt>
      <trkpt lat="43.159790" lon="-1.524681">
        <ele>431.757</ele>
        <time>2024-04-06T09:37:45.993Z</time>
      </trkpt>
      <trkpt lat="43.159770" lon="-1.524581">
        <ele>430.525</ele>
        <time>2024-04-06T09:37:47.993Z</time>
      </trkpt>
      <trkpt lat="43.159757" lon="-1.524504">
        <ele>429.335</ele>
        <time>2024-04-06T09:37:49.993Z</time>
      </trkpt>
      <trkpt lat="43.159742" lon="-1.524419">
        <ele>427.750</ele>
        <time>2024-04-06T09:37:51.993Z</time>
      </trkpt>
      <trkpt lat="43.159735" lon="-1.524337">
        <ele>426.522</ele>
        <time>2024-04-06T09:37:53.993Z</time>
      </trkpt>
      <trkpt lat="43.159740" lon="-1.524262">
        <ele>424.362</ele>
        <time>2024-04-06T09:37:55.993Z</time>
      </trkpt>
      <trkpt lat="43.159748" lon="-1.524184">
        <ele>422.808</ele>
        <time>2024-04-06T09:37:57.993Z</time>
      </trkpt>
      <trkpt lat="43.159718" lon="-1.524134">
        <ele>421.109</ele>
        <time>2024-04-06T09:37:59.993Z</time>
      </trkpt>
      <trkpt lat="43.159666" lon="-1.524077">
        <ele>418.633</ele>
        <time>2024-04-06T09:38:02.993Z</time>
      </trkpt>
      <trkpt lat="43.159621" lon="-1.524037">
        <ele>417.358</ele>
        <time>2024-04-06T09:38:04.993Z</time>
      </trkpt>
      <trkpt lat="43.159554" lon="-1.523992">
        <ele>416.728</ele>
        <time>2024-04-06T09:38:06.993Z</time>
      </trkpt>
      <trkpt lat="43.159499" lon="-1.523919">
        <ele>416.354</ele>
        <time>2024-04-06T09:38:08.993Z</time>
      </trkpt>
      <trkpt lat="43.159462" lon="-1.523847">
        <ele>415.029</ele>
        <time>2024-04-06T09:38:10.993Z</time>
      </trkpt>
      <trkpt lat="43.159434" lon="-1.523757">
        <ele>414.897</ele>
        <time>2024-04-06T09:38:12.993Z</time>
      </trkpt>
      <trkpt lat="43.159386" lon="-1.523700">
        <ele>414.395</ele>
        <time>2024-04-06T09:38:15.993Z</time>
      </trkpt>
      <trkpt lat="43.159344" lon="-1.523657">
        <ele>414.355</ele>
        <time>2024-04-06T09:38:18.993Z</time>
      </trkpt>
      <trkpt lat="43.159304" lon="-1.523629">
        <ele>414.450</ele>
        <time>2024-04-06T09:38:21.993Z</time>
      </trkpt>
      <trkpt lat="43.159241" lon="-1.523606">
        <ele>415.175</ele>
        <time>2024-04-06T09:38:24.993Z</time>
      </trkpt>
      <trkpt lat="43.159189" lon="-1.523588">
        <ele>415.828</ele>
        <time>2024-04-06T09:38:27.993Z</time>
      </trkpt>
      <trkpt lat="43.159137" lon="-1.523551">
        <ele>416.420</ele>
        <time>2024-04-06T09:38:31.993Z</time>
      </trkpt>
      <trkpt lat="43.159102" lon="-1.523498">
        <ele>416.509</ele>
        <time>2024-04-06T09:38:35.993Z</time>
      </trkpt>
      <trkpt lat="43.159087" lon="-1.523438">
        <ele>416.478</ele>
        <time>2024-04-06T09:38:39.993Z</time>
      </trkpt>
      <trkpt lat="43.159150" lon="-1.523678">
        <ele>413.213</ele>
        <time>2024-04-06T09:39:01.993Z</time>
      </trkpt>
      <trkpt lat="43.159193" lon="-1.523725">
        <ele>413.863</ele>
        <time>2024-04-06T09:39:03.993Z</time>
      </trkpt>
      <trkpt lat="43.159230" lon="-1.523775">
        <ele>414.939</ele>
        <time>2024-04-06T09:39:05.993Z</time>
      </trkpt>
      <trkpt lat="43.159248" lon="-1.523858">
        <ele>415.114</ele>
        <time>2024-04-06T09:39:08.993Z</time>
      </trkpt>
      <trkpt lat="43.159260" lon="-1.523931">
        <ele>415.182</ele>
        <time>2024-04-06T09:39:10.993Z</time>
      </trkpt>
      <trkpt lat="43.159243" lon="-1.523989">
        <ele>414.520</ele>
        <time>2024-04-06T09:39:13.993Z</time>
      </trkpt>
      <trkpt lat="43.159181" lon="-1.523996">
        <ele>412.990</ele>
        <time>2024-04-06T09:39:16.993Z</time>
      </trkpt>
      <trkpt lat="43.159119" lon="-1.524001">
        <ele>411.145</ele>
        <time>2024-04-06T09:39:19.993Z</time>
      </trkpt>
      <trkpt lat="43.159067" lon="-1.524006">
        <ele>409.584</ele>
        <time>2024-04-06T09:39:22.993Z</time>
      </trkpt>
      <trkpt lat="43.159022" lon="-1.523996">
        <ele>409.507</ele>
        <time>2024-04-06T09:39:26.993Z</time>
      </trkpt>
      <trkpt lat="43.158970" lon="-1.523978">
        <ele>409.717</ele>
        <time>2024-04-06T09:39:31.993Z</time>
      </trkpt>
      <trkpt lat="43.158927" lon="-1.523946">
        <ele>409.809</ele>
        <time>2024-04-06T09:39:35.993Z</time>
      </trkpt>
      <trkpt lat="43.158882" lon="-1.523903">
        <ele>410.699</ele>
        <time>2024-04-06T09:39:39.993Z</time>
      </trkpt>
      <trkpt lat="43.158832" lon="-1.523876">
        <ele>411.794</ele>
        <time>2024-04-06T09:39:42.993Z</time>
      </trkpt>
      <trkpt lat="43.158767" lon="-1.523834">
        <ele>412.294</ele>
        <time>2024-04-06T09:39:47.993Z</time>
      </trkpt>
      <trkpt lat="43.158712" lon="-1.523832">
        <ele>413.170</ele>
        <time>2024-04-06T09:39:50.993Z</time>
      </trkpt>
      <trkpt lat="43.158657" lon="-1.523832">
        <ele>413.215</ele>
        <time>2024-04-06T09:39:53.993Z</time>
      </trkpt>
      <trkpt lat="43.158610" lon="-1.523819">
        <ele>413.313</ele>
        <time>2024-04-06T09:39:56.993Z</time>
      </trkpt>
      <trkpt lat="43.158555" lon="-1.523806">
        <ele>413.441</ele>
        <time>2024-04-06T09:40:00.993Z</time>
      </trkpt>
      <trkpt lat="43.158505" lon="-1.523779">
        <ele>413.511</ele>
        <time>2024-04-06T09:40:06.993Z</time>
      </trkpt>
      <trkpt lat="43.158457" lon="-1.523762">
        <ele>413.846</ele>
        <time>2024-04-06T09:40:10.993Z</time>
      </trkpt>
      <trkpt lat="43.158404" lon="-1.523739">
        <ele>414.798</ele>
        <time>2024-04-06T09:40:14.993Z</time>
      </trkpt>
      <trkpt lat="43.158354" lon="-1.523726">
        <ele>416.115</ele>
        <time>2024-04-06T09:40:17.993Z</time>
      </trkpt>
      <trkpt lat="43.158301" lon="-1.523708">
        <ele>416.626</ele>
        <time>2024-04-06T09:40:23.993Z</time>
      </trkpt>
      <trkpt lat="43.158256" lon="-1.523683">
        <ele>417.009</ele>
        <time>2024-04-06T09:40:27.993Z</time>
      </trkpt>
      <trkpt lat="43.158133" lon="-1.523633">
        <ele>419.880</ele>
        <time>2024-04-06T09:40:37.993Z</time>
      </trkpt>
      <trkpt lat="43.158080" lon="-1.523603">
        <ele>419.955</ele>
        <time>2024-04-06T09:40:41.993Z</time>
      </trkpt>
      <trkpt lat="43.158032" lon="-1.523576">
        <ele>420.175</ele>
        <time>2024-04-06T09:40:46.993Z</time>
      </trkpt>
      <trkpt lat="43.157987" lon="-1.523546">
        <ele>420.221</ele>
        <time>2024-04-06T09:40:49.993Z</time>
      </trkpt>
      <trkpt lat="43.157940" lon="-1.523533">
        <ele>420.766</ele>
        <time>2024-04-06T09:40:53.993Z</time>
      </trkpt>
      <trkpt lat="43.157893" lon="-1.523535">
        <ele>421.584</ele>
        <time>2024-04-06T09:40:57.993Z</time>
      </trkpt>
      <trkpt lat="43.157841" lon="-1.523537">
        <ele>422.442</ele>
        <time>2024-04-06T09:41:02.993Z</time>
      </trkpt>
      <trkpt lat="43.157794" lon="-1.523542">
        <ele>422.692</ele>
        <time>2024-04-06T09:41:05.993Z</time>
      </trkpt>
      <trkpt lat="43.157744" lon="-1.523530">
        <ele>423.087</ele>
        <time>2024-04-06T09:41:08.993Z</time>
      </trkpt>
      <trkpt lat="43.157694" lon="-1.523505">
        <ele>424.084</ele>
        <time>2024-04-06T09:41:14.993Z</time>
      </trkpt>
      <trkpt lat="43.157641" lon="-1.523505">
        <ele>425.107</ele>
        <time>2024-04-06T09:41:18.993Z</time>
      </trkpt>
      <trkpt lat="43.157593" lon="-1.523503">
        <ele>426.317</ele>
        <time>2024-04-06T09:41:22.993Z</time>
      </trkpt>
      <trkpt lat="43.157546" lon="-1.523495">
        <ele>427.609</ele>
        <time>2024-04-06T09:41:25.993Z</time>
      </trkpt>
      <trkpt lat="43.157501" lon="-1.523485">
        <ele>429.049</ele>
        <time>2024-04-06T09:41:29.993Z</time>
      </trkpt>
      <trkpt lat="43.157456" lon="-1.523455">
        <ele>429.664</ele>
        <time>2024-04-06T09:41:35.993Z</time>
      </trkpt>
      <trkpt lat="43.157408" lon="-1.523423">
        <ele>429.714</ele>
        <time>2024-04-06T09:41:38.993Z</time>
      </trkpt>
      <trkpt lat="43.157355" lon="-1.523396">
        <ele>429.860</ele>
        <time>2024-04-06T09:41:42.993Z</time>
      </trkpt>
      <trkpt lat="43.157310" lon="-1.523389">
        <ele>429.665</ele>
        <time>2024-04-06T09:41:45.993Z</time>
      </trkpt>
      <trkpt lat="43.157258" lon="-1.523361">
        <ele>428.883</ele>
        <time>2024-04-06T09:41:49.993Z</time>
      </trkpt>
      <trkpt lat="43.157215" lon="-1.523344">
        <ele>428.751</ele>
        <time>2024-04-06T09:41:52.993Z</time>
      </trkpt>
      <trkpt lat="43.157158" lon="-1.523332">
        <ele>428.761</ele>
        <time>2024-04-06T09:41:56.993Z</time>
      </trkpt>
      <trkpt lat="43.157113" lon="-1.523329">
        <ele>428.866</ele>
        <time>2024-04-06T09:42:00.993Z</time>
      </trkpt>
      <trkpt lat="43.157066" lon="-1.523329">
        <ele>428.881</ele>
        <time>2024-04-06T09:42:06.993Z</time>
      </trkpt>
      <trkpt lat="43.157009" lon="-1.523319">
        <ele>428.861</ele>
        <time>2024-04-06T09:42:11.993Z</time>
      </trkpt>
      <trkpt lat="43.156961" lon="-1.523311">
        <ele>428.717</ele>
        <time>2024-04-06T09:42:14.993Z</time>
      </trkpt>
      <trkpt lat="43.156908" lon="-1.523304">
        <ele>428.609</ele>
        <time>2024-04-06T09:42:17.993Z</time>
      </trkpt>
      <trkpt lat="43.156856" lon="-1.523322">
        <ele>427.799</ele>
        <time>2024-04-06T09:42:21.993Z</time>
      </trkpt>
      <trkpt lat="43.156806" lon="-1.523344">
        <ele>427.274</ele>
        <time>2024-04-06T09:42:24.993Z</time>
      </trkpt>
      <trkpt lat="43.156753" lon="-1.523376">
        <ele>427.084</ele>
        <time>2024-04-06T09:42:27.993Z</time>
      </trkpt>
      <trkpt lat="43.156703" lon="-1.523394">
        <ele>426.760</ele>
        <time>2024-04-06T09:42:30.993Z</time>
      </trkpt>
      <trkpt lat="43.156656" lon="-1.523407">
        <ele>425.665</ele>
        <time>2024-04-06T09:42:34.993Z</time>
      </trkpt>
      <trkpt lat="43.156611" lon="-1.523429">
        <ele>423.613</ele>
        <time>2024-04-06T09:42:38.993Z</time>
      </trkpt>
      <trkpt lat="43.156558" lon="-1.523444">
        <ele>422.521</ele>
        <time>2024-04-06T09:42:42.993Z</time>
      </trkpt>
      <trkpt lat="43.156505" lon="-1.523474">
        <ele>421.231</ele>
        <time>2024-04-06T09:43:06.993Z</time>
      </trkpt>
      <trkpt lat="43.156462" lon="-1.523492">
        <ele>421.276</ele>
        <time>2024-04-06T09:43:09.993Z</time>
      </trkpt>
      <trkpt lat="43.156407" lon="-1.523499">
        <ele>421.222</ele>
        <time>2024-04-06T09:43:13.993Z</time>
      </trkpt>
      <trkpt lat="43.156365" lon="-1.523534">
        <ele>421.262</ele>
        <time>2024-04-06T09:43:18.993Z</time>
      </trkpt>
      <trkpt lat="43.156320" lon="-1.523554">
        <ele>422.708</ele>
        <time>2024-04-06T09:43:22.993Z</time>
      </trkpt>
      <trkpt lat="43.156270" lon="-1.523567">
        <ele>424.009</ele>
        <time>2024-04-06T09:43:26.993Z</time>
      </trkpt>
      <trkpt lat="43.156223" lon="-1.523585">
        <ele>424.023</ele>
        <time>2024-04-06T09:43:33.993Z</time>
      </trkpt>
      <trkpt lat="43.156171" lon="-1.523603">
        <ele>422.748</ele>
        <time>2024-04-06T09:43:39.993Z</time>
      </trkpt>
      <trkpt lat="43.156123" lon="-1.523630">
        <ele>420.288</ele>
        <time>2024-04-06T09:43:44.993Z</time>
      </trkpt>
      <trkpt lat="43.156076" lon="-1.523642">
        <ele>419.364</ele>
        <time>2024-04-06T09:43:47.993Z</time>
      </trkpt>
      <trkpt lat="43.156033" lon="-1.523675">
        <ele>416.119</ele>
        <time>2024-04-06T09:44:09.993Z</time>
      </trkpt>
      <trkpt lat="43.155995" lon="-1.523720">
        <ele>416.147</ele>
        <time>2024-04-06T09:44:16.993Z</time>
      </trkpt>
      <trkpt lat="43.155950" lon="-1.523727">
        <ele>416.125</ele>
        <time>2024-04-06T09:44:19.993Z</time>
      </trkpt>
      <trkpt lat="43.155892" lon="-1.523697">
        <ele>416.125</ele>
        <time>2024-04-06T09:44:24.993Z</time>
      </trkpt>
      <trkpt lat="43.155865" lon="-1.523749">
        <ele>420.610</ele>
        <time>2024-04-06T09:44:35.993Z</time>
      </trkpt>
      <trkpt lat="43.155815" lon="-1.523747">
        <ele>418.478</ele>
        <time>2024-04-06T09:44:41.993Z</time>
      </trkpt>
      <trkpt lat="43.155767" lon="-1.523762">
        <ele>416.433</ele>
        <time>2024-04-06T09:44:48.993Z</time>
      </trkpt>
      <trkpt lat="43.155724" lon="-1.523792">
        <ele>416.426</ele>
        <time>2024-04-06T09:44:54.993Z</time>
      </trkpt>
      <trkpt lat="43.155681" lon="-1.523817">
        <ele>417.209</ele>
        <time>2024-04-06T09:45:23.993Z</time>
      </trkpt>
      <trkpt lat="43.155634" lon="-1.523827">
        <ele>417.598</ele>
        <time>2024-04-06T09:45:26.993Z</time>
      </trkpt>
      <trkpt lat="43.155587" lon="-1.523845">
        <ele>417.653</ele>
        <time>2024-04-06T09:45:31.993Z</time>
      </trkpt>
      <trkpt lat="43.155544" lon="-1.523887">
        <ele>418.073</ele>
        <time>2024-04-06T09:45:38.993Z</time>
      </trkpt>
      <trkpt lat="43.155492" lon="-1.523915">
        <ele>417.089</ele>
        <time>2024-04-06T09:45:42.993Z</time>
      </trkpt>
      <trkpt lat="43.155452" lon="-1.523943">
        <ele>417.294</ele>
        <time>2024-04-06T09:45:45.993Z</time>
      </trkpt>
      <trkpt lat="43.155417" lon="-1.523993">
        <ele>417.172</ele>
        <time>2024-04-06T09:45:49.993Z</time>
      </trkpt>
      <trkpt lat="43.155392" lon="-1.524066">
        <ele>416.730</ele>
        <time>2024-04-06T09:45:54.993Z</time>
      </trkpt>
      <trkpt lat="43.155339" lon="-1.524164">
        <ele>413.650</ele>
        <time>2024-04-06T09:46:02.993Z</time>
      </trkpt>
      <trkpt lat="43.155291" lon="-1.524201">
        <ele>412.695</ele>
        <time>2024-04-06T09:46:05.993Z</time>
      </trkpt>
      <trkpt lat="43.155251" lon="-1.524231">
        <ele>410.962</ele>
        <time>2024-04-06T09:46:08.993Z</time>
      </trkpt>
      <trkpt lat="43.155213" lon="-1.524264">
        <ele>404.883</ele>
        <time>2024-04-06T09:46:51.993Z</time>
      </trkpt>
      <trkpt lat="43.155216" lon="-1.524356">
        <ele>404.811</ele>
        <time>2024-04-06T09:46:56.993Z</time>
      </trkpt>
      <trkpt lat="43.155216" lon="-1.524356">
        <ele>404.809</ele>
        <time>2024-04-06T09:46:56.993Z</time>
      </trkpt>
      <trkpt lat="43.155188" lon="-1.524296">
        <ele>410.417</ele>
        <time>2024-04-06T09:47:08.993Z</time>
      </trkpt>
      <trkpt lat="43.155158" lon="-1.524244">
        <ele>410.422</ele>
        <time>2024-04-06T09:47:17.993Z</time>
      </trkpt>
      <trkpt lat="43.155120" lon="-1.524194">
        <ele>410.152</ele>
        <time>2024-04-06T09:47:23.993Z</time>
      </trkpt>
      <trkpt lat="43.155112" lon="-1.524129">
        <ele>409.088</ele>
        <time>2024-04-06T09:47:30.993Z</time>
      </trkpt>
      <trkpt lat="43.155067" lon="-1.524054">
        <ele>407.163</ele>
        <time>2024-04-06T09:47:37.993Z</time>
      </trkpt>
      <trkpt lat="43.155015" lon="-1.524061">
        <ele>406.971</ele>
        <time>2024-04-06T09:47:45.993Z</time>
      </trkpt>
      <trkpt lat="43.154973" lon="-1.524093">
        <ele>406.249</ele>
        <time>2024-04-06T09:47:50.993Z</time>
      </trkpt>
      <trkpt lat="43.154951" lon="-1.524196">
        <ele>403.989</ele>
        <time>2024-04-06T09:48:13.993Z</time>
      </trkpt>
      <trkpt lat="43.154984" lon="-1.524238">
        <ele>401.524</ele>
        <time>2024-04-06T09:48:43.993Z</time>
      </trkpt>
      <trkpt lat="43.154891" lon="-1.524270">
        <ele>400.882</ele>
        <time>2024-04-06T09:49:13.993Z</time>
      </trkpt>
      <trkpt lat="43.154874" lon="-1.524328">
        <ele>400.843</ele>
        <time>2024-04-06T09:49:18.993Z</time>
      </trkpt>
      <trkpt lat="43.154846" lon="-1.524433">
        <ele>399.417</ele>
        <time>2024-04-06T09:50:01.993Z</time>
      </trkpt>
      <trkpt lat="43.154808" lon="-1.524471">
        <ele>399.209</ele>
        <time>2024-04-06T09:50:06.993Z</time>
      </trkpt>
      <trkpt lat="43.154776" lon="-1.524526">
        <ele>399.299</ele>
        <time>2024-04-06T09:50:14.993Z</time>
      </trkpt>
      <trkpt lat="43.154728" lon="-1.524594">
        <ele>399.234</ele>
        <time>2024-04-06T09:50:22.993Z</time>
      </trkpt>
      <trkpt lat="43.154688" lon="-1.524649">
        <ele>399.244</ele>
        <time>2024-04-06T09:50:26.993Z</time>
      </trkpt>
      <trkpt lat="43.154660" lon="-1.524709">
        <ele>393.180</ele>
        <time>2024-04-06T09:50:31.993Z</time>
      </trkpt>
      <trkpt lat="43.154625" lon="-1.524757">
        <ele>392.085</ele>
        <time>2024-04-06T09:50:36.993Z</time>
      </trkpt>
      <trkpt lat="43.154598" lon="-1.524810">
        <ele>390.673</ele>
        <time>2024-04-06T09:50:41.993Z</time>
      </trkpt>
      <trkpt lat="43.154550" lon="-1.524908">
        <ele>382.381</ele>
        <time>2024-04-06T09:51:15.993Z</time>
      </trkpt>
      <trkpt lat="43.154515" lon="-1.524958">
        <ele>382.341</ele>
        <time>2024-04-06T09:51:20.993Z</time>
      </trkpt>
      <trkpt lat="43.154485" lon="-1.525008">
        <ele>382.366</ele>
        <time>2024-04-06T09:51:27.993Z</time>
      </trkpt>
      <trkpt lat="43.154440" lon="-1.525041">
        <ele>382.377</ele>
        <time>2024-04-06T09:51:33.993Z</time>
      </trkpt>
      <trkpt lat="43.154413" lon="-1.525099">
        <ele>382.361</ele>
        <time>2024-04-06T09:51:39.992Z</time>
      </trkpt>
      <trkpt lat="43.154380" lon="-1.525151">
        <ele>383.827</ele>
        <time>2024-04-06T09:51:50.992Z</time>
      </trkpt>
      <trkpt lat="43.154330" lon="-1.525163">
        <ele>381.809</ele>
        <time>2024-04-06T09:51:58.992Z</time>
      </trkpt>
      <trkpt lat="43.154275" lon="-1.525171">
        <ele>379.118</ele>
        <time>2024-04-06T09:52:04.992Z</time>
      </trkpt>
      <trkpt lat="43.154228" lon="-1.525169">
        <ele>379.023</ele>
        <time>2024-04-06T09:52:08.992Z</time>
      </trkpt>
      <trkpt lat="43.154185" lon="-1.525189">
        <ele>378.863</ele>
        <time>2024-04-06T09:52:15.992Z</time>
      </trkpt>
      <trkpt lat="43.154145" lon="-1.525226">
        <ele>377.839</ele>
        <time>2024-04-06T09:52:23.992Z</time>
      </trkpt>
      <trkpt lat="43.154112" lon="-1.525278">
        <ele>377.774</ele>
        <time>2024-04-06T09:52:29.992Z</time>
      </trkpt>
      <trkpt lat="43.154065" lon="-1.525335">
        <ele>377.522</ele>
        <time>2024-04-06T09:52:35.992Z</time>
      </trkpt>
      <trkpt lat="43.154038" lon="-1.525402">
        <ele>377.280</ele>
        <time>2024-04-06T09:52:40.992Z</time>
      </trkpt>
      <trkpt lat="43.154013" lon="-1.525465">
        <ele>376.920</ele>
        <time>2024-04-06T09:52:44.992Z</time>
      </trkpt>
      <trkpt lat="43.153991" lon="-1.525535">
        <ele>376.075</ele>
        <time>2024-04-06T09:52:48.992Z</time>
      </trkpt>
      <trkpt lat="43.153979" lon="-1.525598">
        <ele>375.145</ele>
        <time>2024-04-06T09:52:51.992Z</time>
      </trkpt>
      <trkpt lat="43.153966" lon="-1.525665">
        <ele>373.547</ele>
        <time>2024-04-06T09:52:55.992Z</time>
      </trkpt>
      <trkpt lat="43.153951" lon="-1.525745">
        <ele>369.611</ele>
        <time>2024-04-06T09:53:16.992Z</time>
      </trkpt>
      <trkpt lat="43.153943" lon="-1.525813">
        <ele>367.409</ele>
        <time>2024-04-06T09:53:25.992Z</time>
      </trkpt>
      <trkpt lat="43.153925" lon="-1.525871">
        <ele>367.075</ele>
        <time>2024-04-06T09:53:35.992Z</time>
      </trkpt>
      <trkpt lat="43.153903" lon="-1.525933">
        <ele>366.930</ele>
        <time>2024-04-06T09:53:42.992Z</time>
      </trkpt>
      <trkpt lat="43.153870" lon="-1.525995">
        <ele>366.770</ele>
        <time>2024-04-06T09:53:47.992Z</time>
      </trkpt>
      <trkpt lat="43.153835" lon="-1.526062">
        <ele>366.566</ele>
        <time>2024-04-06T09:53:51.992Z</time>
      </trkpt>
      <trkpt lat="43.153808" lon="-1.526114">
        <ele>366.771</ele>
        <time>2024-04-06T09:53:57.992Z</time>
      </trkpt>
      <trkpt lat="43.153783" lon="-1.526166">
        <ele>366.619</ele>
        <time>2024-04-06T09:54:02.992Z</time>
      </trkpt>
      <trkpt lat="43.153728" lon="-1.526223">
        <ele>367.917</ele>
        <time>2024-04-06T09:54:42.992Z</time>
      </trkpt>
      <trkpt lat="43.153718" lon="-1.526290">
        <ele>367.947</ele>
        <time>2024-04-06T09:54:46.992Z</time>
      </trkpt>
      <trkpt lat="43.153708" lon="-1.526355">
        <ele>366.972</ele>
        <time>2024-04-06T09:54:50.992Z</time>
      </trkpt>
      <trkpt lat="43.153688" lon="-1.526427">
        <ele>366.963</ele>
        <time>2024-04-06T09:54:54.992Z</time>
      </trkpt>
      <trkpt lat="43.153676" lon="-1.526495">
        <ele>366.844</ele>
        <time>2024-04-06T09:54:59.992Z</time>
      </trkpt>
      <trkpt lat="43.153668" lon="-1.526570">
        <ele>364.418</ele>
        <time>2024-04-06T09:55:04.992Z</time>
      </trkpt>
      <trkpt lat="43.153648" lon="-1.526673">
        <ele>364.109</ele>
        <time>2024-04-06T09:55:07.992Z</time>
      </trkpt>
      <trkpt lat="43.153641" lon="-1.526761">
        <ele>363.697</ele>
        <time>2024-04-06T09:55:09.992Z</time>
      </trkpt>
      <trkpt lat="43.153649" lon="-1.526834">
        <ele>363.672</ele>
        <time>2024-04-06T09:55:11.992Z</time>
      </trkpt>
      <trkpt lat="43.153659" lon="-1.526914">
        <ele>363.652</ele>
        <time>2024-04-06T09:55:14.992Z</time>
      </trkpt>
      <trkpt lat="43.153661" lon="-1.526981">
        <ele>363.648</ele>
        <time>2024-04-06T09:55:18.992Z</time>
      </trkpt>
      <trkpt lat="43.153664" lon="-1.527053">
        <ele>361.823</ele>
        <time>2024-04-06T09:55:23.992Z</time>
      </trkpt>
      <trkpt lat="43.153659" lon="-1.527128">
        <ele>360.311</ele>
        <time>2024-04-06T09:55:27.992Z</time>
      </trkpt>
      <trkpt lat="43.153697" lon="-1.527186">
        <ele>358.759</ele>
        <time>2024-04-06T09:55:31.992Z</time>
      </trkpt>
      <trkpt lat="43.153715" lon="-1.527251">
        <ele>357.029</ele>
        <time>2024-04-06T09:55:35.992Z</time>
      </trkpt>
      <trkpt lat="43.153728" lon="-1.527323">
        <ele>355.914</ele>
        <time>2024-04-06T09:55:39.992Z</time>
      </trkpt>
      <trkpt lat="43.153746" lon="-1.527386">
        <ele>353.713</ele>
        <time>2024-04-06T09:55:43.992Z</time>
      </trkpt>
      <trkpt lat="43.153778" lon="-1.527434">
        <ele>352.743</ele>
        <time>2024-04-06T09:55:47.992Z</time>
      </trkpt>
      <trkpt lat="43.153801" lon="-1.527489">
        <ele>352.507</ele>
        <time>2024-04-06T09:55:51.992Z</time>
      </trkpt>
      <trkpt lat="43.153808" lon="-1.527572">
        <ele>352.209</ele>
        <time>2024-04-06T09:55:56.992Z</time>
      </trkpt>
      <trkpt lat="43.153800" lon="-1.527645">
        <ele>352.052</ele>
        <time>2024-04-06T09:56:01.992Z</time>
      </trkpt>
      <trkpt lat="43.153793" lon="-1.527712">
        <ele>351.647</ele>
        <time>2024-04-06T09:56:06.992Z</time>
      </trkpt>
      <trkpt lat="43.153798" lon="-1.527777">
        <ele>349.657</ele>
        <time>2024-04-06T09:56:11.992Z</time>
      </trkpt>
      <trkpt lat="43.153820" lon="-1.527845">
        <ele>348.343</ele>
        <time>2024-04-06T09:56:16.992Z</time>
      </trkpt>
      <trkpt lat="43.153827" lon="-1.527912">
        <ele>347.328</ele>
        <time>2024-04-06T09:56:21.992Z</time>
      </trkpt>
      <trkpt lat="43.153809" lon="-1.527979">
        <ele>347.566</ele>
        <time>2024-04-06T09:56:35.992Z</time>
      </trkpt>
      <trkpt lat="43.153784" lon="-1.528046">
        <ele>347.554</ele>
        <time>2024-04-06T09:56:40.992Z</time>
      </trkpt>
      <trkpt lat="43.153787" lon="-1.528113">
        <ele>348.284</ele>
        <time>2024-04-06T09:56:45.992Z</time>
      </trkpt>
      <trkpt lat="43.153782" lon="-1.528180">
        <ele>348.239</ele>
        <time>2024-04-06T09:56:50.992Z</time>
      </trkpt>
      <trkpt lat="43.153794" lon="-1.528245">
        <ele>348.283</ele>
        <time>2024-04-06T09:56:54.992Z</time>
      </trkpt>
      <trkpt lat="43.153784" lon="-1.528310">
        <ele>347.925</ele>
        <time>2024-04-06T09:56:59.992Z</time>
      </trkpt>
      <trkpt lat="43.153789" lon="-1.528372">
        <ele>347.217</ele>
        <time>2024-04-06T09:57:05.992Z</time>
      </trkpt>
      <trkpt lat="43.153752" lon="-1.528419">
        <ele>346.309</ele>
        <time>2024-04-06T09:57:08.992Z</time>
      </trkpt>
      <trkpt lat="43.153715" lon="-1.528481">
        <ele>345.099</ele>
        <time>2024-04-06T09:57:12.992Z</time>
      </trkpt>
      <trkpt lat="43.153668" lon="-1.528509">
        <ele>344.714</ele>
        <time>2024-04-06T09:57:16.992Z</time>
      </trkpt>
      <trkpt lat="43.153648" lon="-1.528596">
        <ele>342.674</ele>
        <time>2024-04-06T09:57:30.992Z</time>
      </trkpt>
      <trkpt lat="43.153601" lon="-1.528601">
        <ele>340.930</ele>
        <time>2024-04-06T09:57:34.992Z</time>
      </trkpt>
      <trkpt lat="43.153549" lon="-1.528601">
        <ele>340.395</ele>
        <time>2024-04-06T09:57:39.992Z</time>
      </trkpt>
      <trkpt lat="43.153476" lon="-1.528603">
        <ele>337.833</ele>
        <time>2024-04-06T09:57:48.992Z</time>
      </trkpt>
      <trkpt lat="43.153438" lon="-1.528638">
        <ele>337.061</ele>
        <time>2024-04-06T09:57:52.992Z</time>
      </trkpt>
      <trkpt lat="43.153371" lon="-1.528638">
        <ele>334.611</ele>
        <time>2024-04-06T09:57:59.992Z</time>
      </trkpt>
      <trkpt lat="43.153324" lon="-1.528651">
        <ele>334.376</ele>
        <time>2024-04-06T09:58:03.992Z</time>
      </trkpt>
      <trkpt lat="43.153277" lon="-1.528659">
        <ele>334.174</ele>
        <time>2024-04-06T09:58:07.992Z</time>
      </trkpt>
      <trkpt lat="43.153230" lon="-1.528671">
        <ele>334.156</ele>
        <time>2024-04-06T09:58:15.992Z</time>
      </trkpt>
      <trkpt lat="43.153183" lon="-1.528654">
        <ele>334.221</ele>
        <time>2024-04-06T09:58:21.992Z</time>
      </trkpt>
      <trkpt lat="43.153138" lon="-1.528627">
        <ele>334.209</ele>
        <time>2024-04-06T09:58:29.992Z</time>
      </trkpt>
      <trkpt lat="43.153086" lon="-1.528620">
        <ele>334.218</ele>
        <time>2024-04-06T09:58:34.992Z</time>
      </trkpt>
      <trkpt lat="43.153041" lon="-1.528637">
        <ele>334.283</ele>
        <time>2024-04-06T09:58:39.992Z</time>
      </trkpt>
      <trkpt lat="43.152993" lon="-1.528642">
        <ele>334.193</ele>
        <time>2024-04-06T09:58:43.992Z</time>
      </trkpt>
      <trkpt lat="43.152948" lon="-1.528675">
        <ele>332.069</ele>
        <time>2024-04-06T09:58:50.992Z</time>
      </trkpt>
      <trkpt lat="43.152888" lon="-1.528682">
        <ele>328.624</ele>
        <time>2024-04-06T09:58:54.992Z</time>
      </trkpt>
      <trkpt lat="43.152840" lon="-1.528695">
        <ele>327.842</ele>
        <time>2024-04-06T09:58:57.992Z</time>
      </trkpt>
      <trkpt lat="43.152793" lon="-1.528717">
        <ele>327.430</ele>
        <time>2024-04-06T09:59:04.992Z</time>
      </trkpt>
      <trkpt lat="43.152765" lon="-1.528774">
        <ele>329.270</ele>
        <time>2024-04-06T09:59:20.992Z</time>
      </trkpt>
      <trkpt lat="43.152805" lon="-1.528744">
        <ele>329.245</ele>
        <time>2024-04-06T09:59:31.992Z</time>
      </trkpt>
      <trkpt lat="43.152757" lon="-1.528756">
        <ele>328.043</ele>
        <time>2024-04-06T10:00:15.992Z</time>
      </trkpt>
      <trkpt lat="43.152820" lon="-1.528746">
        <ele>328.064</ele>
        <time>2024-04-06T10:00:33.992Z</time>
      </trkpt>
      <trkpt lat="43.152762" lon="-1.528734">
        <ele>324.810</ele>
        <time>2024-04-06T10:01:03.992Z</time>
      </trkpt>
      <trkpt lat="43.152652" lon="-1.528684">
        <ele>324.809</ele>
        <time>2024-04-06T10:01:53.992Z</time>
      </trkpt>
      <trkpt lat="43.152577" lon="-1.528686">
        <ele>328.745</ele>
        <time>2024-04-06T10:01:59.992Z</time>
      </trkpt>
      <trkpt lat="43.152492" lon="-1.528649">
        <ele>322.510</ele>
        <time>2024-04-06T10:02:08.992Z</time>
      </trkpt>
      <trkpt lat="43.152449" lon="-1.528594">
        <ele>322.050</ele>
        <time>2024-04-06T10:02:12.992Z</time>
      </trkpt>
      <trkpt lat="43.152406" lon="-1.528566">
        <ele>322.096</ele>
        <time>2024-04-06T10:02:15.992Z</time>
      </trkpt>
      <trkpt lat="43.152358" lon="-1.528561">
        <ele>322.031</ele>
        <time>2024-04-06T10:02:19.992Z</time>
      </trkpt>
      <trkpt lat="43.152311" lon="-1.528539">
        <ele>323.049</ele>
        <time>2024-04-06T10:02:23.992Z</time>
      </trkpt>
      <trkpt lat="43.152273" lon="-1.528499">
        <ele>324.227</ele>
        <time>2024-04-06T10:02:28.992Z</time>
      </trkpt>
      <trkpt lat="43.152255" lon="-1.528437">
        <ele>324.637</ele>
        <time>2024-04-06T10:02:32.992Z</time>
      </trkpt>
      <trkpt lat="43.152262" lon="-1.528375">
        <ele>324.662</ele>
        <time>2024-04-06T10:02:36.992Z</time>
      </trkpt>
      <trkpt lat="43.152310" lon="-1.528368">
        <ele>324.552</ele>
        <time>2024-04-06T10:02:43.991Z</time>
      </trkpt>
      <trkpt lat="43.152360" lon="-1.528366">
        <ele>324.153</ele>
        <time>2024-04-06T10:02:48.991Z</time>
      </trkpt>
      <trkpt lat="43.152417" lon="-1.528353">
        <ele>322.908</ele>
        <time>2024-04-06T10:02:53.991Z</time>
      </trkpt>
      <trkpt lat="43.152464" lon="-1.528355">
        <ele>320.809</ele>
        <time>2024-04-06T10:02:59.991Z</time>
      </trkpt>
      <trkpt lat="43.152517" lon="-1.528347">
        <ele>318.816</ele>
        <time>2024-04-06T10:03:04.991Z</time>
      </trkpt>
      <trkpt lat="43.152562" lon="-1.528337">
        <ele>318.161</ele>
        <time>2024-04-06T10:03:07.991Z</time>
      </trkpt>
      <trkpt lat="43.152612" lon="-1.528315">
        <ele>315.851</ele>
        <time>2024-04-06T10:03:11.991Z</time>
      </trkpt>
      <trkpt lat="43.152654" lon="-1.528288">
        <ele>315.637</ele>
        <time>2024-04-06T10:03:16.991Z</time>
      </trkpt>
      <trkpt lat="43.152701" lon="-1.528266">
        <ele>315.282</ele>
        <time>2024-04-06T10:03:20.991Z</time>
      </trkpt>
      <trkpt lat="43.152749" lon="-1.528229">
        <ele>314.730</ele>
        <time>2024-04-06T10:03:23.991Z</time>
      </trkpt>
      <trkpt lat="43.152771" lon="-1.528171">
        <ele>313.348</ele>
        <time>2024-04-06T10:03:31.991Z</time>
      </trkpt>
      <trkpt lat="43.152729" lon="-1.528123">
        <ele>312.838</ele>
        <time>2024-04-06T10:03:44.991Z</time>
      </trkpt>
      <trkpt lat="43.152691" lon="-1.528076">
        <ele>312.893</ele>
        <time>2024-04-06T10:03:49.991Z</time>
      </trkpt>
      <trkpt lat="43.152651" lon="-1.528031">
        <ele>313.345</ele>
        <time>2024-04-06T10:04:03.991Z</time>
      </trkpt>
      <trkpt lat="43.152613" lon="-1.527991">
        <ele>313.647</ele>
        <time>2024-04-06T10:04:08.991Z</time>
      </trkpt>
      <trkpt lat="43.152580" lon="-1.527931">
        <ele>313.611</ele>
        <time>2024-04-06T10:04:16.991Z</time>
      </trkpt>
      <trkpt lat="43.152555" lon="-1.527864">
        <ele>313.409</ele>
        <time>2024-04-06T10:04:21.991Z</time>
      </trkpt>
      <trkpt lat="43.152495" lon="-1.527829">
        <ele>311.595</ele>
        <time>2024-04-06T10:04:29.991Z</time>
      </trkpt>
      <trkpt lat="43.152448" lon="-1.527816">
        <ele>310.270</ele>
        <time>2024-04-06T10:04:39.991Z</time>
      </trkpt>
      <trkpt lat="43.152393" lon="-1.527831">
        <ele>307.290</ele>
        <time>2024-04-06T10:04:46.991Z</time>
      </trkpt>
      <trkpt lat="43.152406" lon="-1.527761">
        <ele>306.216</ele>
        <time>2024-04-06T10:04:51.991Z</time>
      </trkpt>
      <trkpt lat="43.152383" lon="-1.527703">
        <ele>304.441</ele>
        <time>2024-04-06T10:04:57.991Z</time>
      </trkpt>
      <trkpt lat="43.152338" lon="-1.527670">
        <ele>303.139</ele>
        <time>2024-04-06T10:05:05.991Z</time>
      </trkpt>
      <trkpt lat="43.152290" lon="-1.527652">
        <ele>299.397</ele>
        <time>2024-04-06T10:05:17.991Z</time>
      </trkpt>
      <trkpt lat="43.152248" lon="-1.527624">
        <ele>298.067</ele>
        <time>2024-04-06T10:05:23.991Z</time>
      </trkpt>
      <trkpt lat="43.152195" lon="-1.527626">
        <ele>298.022</ele>
        <time>2024-04-06T10:05:29.991Z</time>
      </trkpt>
      <trkpt lat="43.152150" lon="-1.527596">
        <ele>297.628</ele>
        <time>2024-04-06T10:05:34.991Z</time>
      </trkpt>
      <trkpt lat="43.152108" lon="-1.527573">
        <ele>297.189</ele>
        <time>2024-04-06T10:05:38.991Z</time>
      </trkpt>
      <trkpt lat="43.152058" lon="-1.527560">
        <ele>296.417</ele>
        <time>2024-04-06T10:05:42.991Z</time>
      </trkpt>
      <trkpt lat="43.152018" lon="-1.527515">
        <ele>296.309</ele>
        <time>2024-04-06T10:05:47.991Z</time>
      </trkpt>
      <trkpt lat="43.151993" lon="-1.527463">
        <ele>295.613</ele>
        <time>2024-04-06T10:05:54.991Z</time>
      </trkpt>
      <trkpt lat="43.151941" lon="-1.527375">
        <ele>295.578</ele>
        <time>2024-04-06T10:06:08.991Z</time>
      </trkpt>
      <trkpt lat="43.151881" lon="-1.527312">
        <ele>295.448</ele>
        <time>2024-04-06T10:06:12.991Z</time>
      </trkpt>
      <trkpt lat="43.151859" lon="-1.527235">
        <ele>295.224</ele>
        <time>2024-04-06T10:06:19.991Z</time>
      </trkpt>
      <trkpt lat="43.151817" lon="-1.527180">
        <ele>294.879</ele>
        <time>2024-04-06T10:06:25.991Z</time>
      </trkpt>
      <trkpt lat="43.151789" lon="-1.527112">
        <ele>293.337</ele>
        <time>2024-04-06T10:06:31.991Z</time>
      </trkpt>
      <trkpt lat="43.151646" lon="-1.526839">
        <ele>294.275</ele>
        <time>2024-04-06T10:06:52.991Z</time>
      </trkpt>
      <trkpt lat="43.151589" lon="-1.526832">
        <ele>294.165</ele>
        <time>2024-04-06T10:06:56.991Z</time>
      </trkpt>
      <trkpt lat="43.151554" lon="-1.526787">
        <ele>293.930</ele>
        <time>2024-04-06T10:07:03.991Z</time>
      </trkpt>
      <trkpt lat="43.151504" lon="-1.526757">
        <ele>292.668</ele>
        <time>2024-04-06T10:07:08.991Z</time>
      </trkpt>
      <trkpt lat="43.151474" lon="-1.526705">
        <ele>290.542</ele>
        <time>2024-04-06T10:07:14.991Z</time>
      </trkpt>
      <trkpt lat="43.151479" lon="-1.526625">
        <ele>287.326</ele>
        <time>2024-04-06T10:07:20.991Z</time>
      </trkpt>
      <trkpt lat="43.151481" lon="-1.526562">
        <ele>286.209</ele>
        <time>2024-04-06T10:07:25.991Z</time>
      </trkpt>
      <trkpt lat="43.151493" lon="-1.526485">
        <ele>284.987</ele>
        <time>2024-04-06T10:07:29.991Z</time>
      </trkpt>
      <trkpt lat="43.151488" lon="-1.526392">
        <ele>283.072</ele>
        <time>2024-04-06T10:07:33.991Z</time>
      </trkpt>
      <trkpt lat="43.151478" lon="-1.526325">
        <ele>281.432</ele>
        <time>2024-04-06T10:07:37.991Z</time>
      </trkpt>
      <trkpt lat="43.151408" lon="-1.526200">
        <ele>281.198</ele>
        <time>2024-04-06T10:07:47.991Z</time>
      </trkpt>
      <trkpt lat="43.151363" lon="-1.526190">
        <ele>281.333</ele>
        <time>2024-04-06T10:07:52.991Z</time>
      </trkpt>
      <trkpt lat="43.151326" lon="-1.526138">
        <ele>282.681</ele>
        <time>2024-04-06T10:07:58.991Z</time>
      </trkpt>
      <trkpt lat="43.151286" lon="-1.526108">
        <ele>282.419</ele>
        <time>2024-04-06T10:08:04.991Z</time>
      </trkpt>
      <trkpt lat="43.151251" lon="-1.526051">
        <ele>282.659</ele>
        <time>2024-04-06T10:08:10.991Z</time>
      </trkpt>
      <trkpt lat="43.151221" lon="-1.525993">
        <ele>282.994</ele>
        <time>2024-04-06T10:08:15.991Z</time>
      </trkpt>
      <trkpt lat="43.151183" lon="-1.525960">
        <ele>282.692</ele>
        <time>2024-04-06T10:08:19.991Z</time>
      </trkpt>
      <trkpt lat="43.151135" lon="-1.525917">
        <ele>281.773</ele>
        <time>2024-04-06T10:08:23.991Z</time>
      </trkpt>
      <trkpt lat="43.151088" lon="-1.525885">
        <ele>281.520</ele>
        <time>2024-04-06T10:08:27.991Z</time>
      </trkpt>
      <trkpt lat="43.151053" lon="-1.525832">
        <ele>279.409</ele>
        <time>2024-04-06T10:08:32.991Z</time>
      </trkpt>
      <trkpt lat="43.151028" lon="-1.525774">
        <ele>277.570</ele>
        <time>2024-04-06T10:08:36.991Z</time>
      </trkpt>
      <trkpt lat="43.151020" lon="-1.525706">
        <ele>277.195</ele>
        <time>2024-04-06T10:08:41.991Z</time>
      </trkpt>
      <trkpt lat="43.151027" lon="-1.525644">
        <ele>275.935</ele>
        <time>2024-04-06T10:08:46.991Z</time>
      </trkpt>
      <trkpt lat="43.151059" lon="-1.525591">
        <ele>273.331</ele>
        <time>2024-04-06T10:08:52.991Z</time>
      </trkpt>
      <trkpt lat="43.151009" lon="-1.525523">
        <ele>269.416</ele>
        <time>2024-04-06T10:08:59.991Z</time>
      </trkpt>
      <trkpt lat="43.150972" lon="-1.525475">
        <ele>268.724</ele>
        <time>2024-04-06T10:09:07.991Z</time>
      </trkpt>
      <trkpt lat="43.150927" lon="-1.525455">
        <ele>266.162</ele>
        <time>2024-04-06T10:09:12.991Z</time>
      </trkpt>
      <trkpt lat="43.150880" lon="-1.525460">
        <ele>264.112</ele>
        <time>2024-04-06T10:09:16.991Z</time>
      </trkpt>
      <trkpt lat="43.150825" lon="-1.525483">
        <ele>262.647</ele>
        <time>2024-04-06T10:09:21.991Z</time>
      </trkpt>
      <trkpt lat="43.150775" lon="-1.525518">
        <ele>262.451</ele>
        <time>2024-04-06T10:09:27.991Z</time>
      </trkpt>
      <trkpt lat="43.150722" lon="-1.525548">
        <ele>261.901</ele>
        <time>2024-04-06T10:09:31.991Z</time>
      </trkpt>
      <trkpt lat="43.150659" lon="-1.525578">
        <ele>261.511</ele>
        <time>2024-04-06T10:09:36.991Z</time>
      </trkpt>
      <trkpt lat="43.150604" lon="-1.525608">
        <ele>261.409</ele>
        <time>2024-04-06T10:09:41.991Z</time>
      </trkpt>
      <trkpt lat="43.150547" lon="-1.525638">
        <ele>261.116</ele>
        <time>2024-04-06T10:09:44.991Z</time>
      </trkpt>
      <trkpt lat="43.150500" lon="-1.525670">
        <ele>258.971</ele>
        <time>2024-04-06T10:09:50.991Z</time>
      </trkpt>
      <trkpt lat="43.150440" lon="-1.525678">
        <ele>256.771</ele>
        <time>2024-04-06T10:09:54.991Z</time>
      </trkpt>
      <trkpt lat="43.150392" lon="-1.525698">
        <ele>255.657</ele>
        <time>2024-04-06T10:09:57.991Z</time>
      </trkpt>
      <trkpt lat="43.150350" lon="-1.525725">
        <ele>255.582</ele>
        <time>2024-04-06T10:10:01.991Z</time>
      </trkpt>
      <trkpt lat="43.150307" lon="-1.525747">
        <ele>255.260</ele>
        <time>2024-04-06T10:10:05.991Z</time>
      </trkpt>
      <trkpt lat="43.150255" lon="-1.525707">
        <ele>254.048</ele>
        <time>2024-04-06T10:10:10.991Z</time>
      </trkpt>
      <trkpt lat="43.150208" lon="-1.525682">
        <ele>253.988</ele>
        <time>2024-04-06T10:10:16.991Z</time>
      </trkpt>
      <trkpt lat="43.150098" lon="-1.525612">
        <ele>256.443</ele>
        <time>2024-04-06T10:10:38.991Z</time>
      </trkpt>
      <trkpt lat="43.150073" lon="-1.525699">
        <ele>253.938</ele>
        <time>2024-04-06T10:11:08.991Z</time>
      </trkpt>
      <trkpt lat="43.150056" lon="-1.525632">
        <ele>253.970</ele>
        <time>2024-04-06T10:11:12.991Z</time>
      </trkpt>
      <trkpt lat="43.150038" lon="-1.525575">
        <ele>253.917</ele>
        <time>2024-04-06T10:11:15.991Z</time>
      </trkpt>
      <trkpt lat="43.150008" lon="-1.525523">
        <ele>253.909</ele>
        <time>2024-04-06T10:11:21.991Z</time>
      </trkpt>
      <trkpt lat="43.149965" lon="-1.525498">
        <ele>253.974</ele>
        <time>2024-04-06T10:11:25.991Z</time>
      </trkpt>
      <trkpt lat="43.149908" lon="-1.525485">
        <ele>253.989</ele>
        <time>2024-04-06T10:11:31.991Z</time>
      </trkpt>
      <trkpt lat="43.149871" lon="-1.525448">
        <ele>252.959</ele>
        <time>2024-04-06T10:11:36.991Z</time>
      </trkpt>
      <trkpt lat="43.149838" lon="-1.525403">
        <ele>251.025</ele>
        <time>2024-04-06T10:11:41.991Z</time>
      </trkpt>
      <trkpt lat="43.149791" lon="-1.525383">
        <ele>249.610</ele>
        <time>2024-04-06T10:11:45.991Z</time>
      </trkpt>
      <trkpt lat="43.149749" lon="-1.525340">
        <ele>247.368</ele>
        <time>2024-04-06T10:11:50.991Z</time>
      </trkpt>
      <trkpt lat="43.149706" lon="-1.525293">
        <ele>244.896</ele>
        <time>2024-04-06T10:11:56.991Z</time>
      </trkpt>
      <trkpt lat="43.149664" lon="-1.525258">
        <ele>243.456</ele>
        <time>2024-04-06T10:12:01.991Z</time>
      </trkpt>
      <trkpt lat="43.149619" lon="-1.525226">
        <ele>241.531</ele>
        <time>2024-04-06T10:12:06.991Z</time>
      </trkpt>
      <trkpt lat="43.149571" lon="-1.525203">
        <ele>240.357</ele>
        <time>2024-04-06T10:12:10.991Z</time>
      </trkpt>
      <trkpt lat="43.149523" lon="-1.525170">
        <ele>237.700</ele>
        <time>2024-04-06T10:12:14.991Z</time>
      </trkpt>
      <trkpt lat="43.149468" lon="-1.525148">
        <ele>236.120</ele>
        <time>2024-04-06T10:12:18.991Z</time>
      </trkpt>
      <trkpt lat="43.149421" lon="-1.525118">
        <ele>233.409</ele>
        <time>2024-04-06T10:12:23.990Z</time>
      </trkpt>
      <trkpt lat="43.149379" lon="-1.525093">
        <ele>231.396</ele>
        <time>2024-04-06T10:12:27.990Z</time>
      </trkpt>
      <trkpt lat="43.149349" lon="-1.525040">
        <ele>227.311</ele>
        <time>2024-04-06T10:12:46.990Z</time>
      </trkpt>
      <trkpt lat="43.149322" lon="-1.524980">
        <ele>227.371</ele>
        <time>2024-04-06T10:12:50.990Z</time>
      </trkpt>
      <trkpt lat="43.149352" lon="-1.525030">
        <ele>227.917</ele>
        <time>2024-04-06T10:13:12.990Z</time>
      </trkpt>
      <trkpt lat="43.149319" lon="-1.524988">
        <ele>228.652</ele>
        <time>2024-04-06T10:13:27.990Z</time>
      </trkpt>
      <trkpt lat="43.149346" lon="-1.524935">
        <ele>229.010</ele>
        <time>2024-04-06T10:13:31.990Z</time>
      </trkpt>
      <trkpt lat="43.149384" lon="-1.524883">
        <ele>230.858</ele>
        <time>2024-04-06T10:13:35.990Z</time>
      </trkpt>
      <trkpt lat="43.149412" lon="-1.524835">
        <ele>232.038</ele>
        <time>2024-04-06T10:13:38.990Z</time>
      </trkpt>
      <trkpt lat="43.149439" lon="-1.524775">
        <ele>232.343</ele>
        <time>2024-04-06T10:13:42.990Z</time>
      </trkpt>
      <trkpt lat="43.149482" lon="-1.524732">
        <ele>233.291</ele>
        <time>2024-04-06T10:13:45.990Z</time>
      </trkpt>
      <trkpt lat="43.149512" lon="-1.524674">
        <ele>233.481</ele>
        <time>2024-04-06T10:13:48.990Z</time>
      </trkpt>
      <trkpt lat="43.149552" lon="-1.524609">
        <ele>233.419</ele>
        <time>2024-04-06T10:13:51.990Z</time>
      </trkpt>
      <trkpt lat="43.149584" lon="-1.524542">
        <ele>233.309</ele>
        <time>2024-04-06T10:13:53.990Z</time>
      </trkpt>
      <trkpt lat="43.149602" lon="-1.524460">
        <ele>232.190</ele>
        <time>2024-04-06T10:13:56.990Z</time>
      </trkpt>
      <trkpt lat="43.149617" lon="-1.524393">
        <ele>231.835</ele>
        <time>2024-04-06T10:13:59.990Z</time>
      </trkpt>
      <trkpt lat="43.149625" lon="-1.524326">
        <ele>231.775</ele>
        <time>2024-04-06T10:14:02.990Z</time>
      </trkpt>
      <trkpt lat="43.149633" lon="-1.524248">
        <ele>230.451</ele>
        <time>2024-04-06T10:14:06.990Z</time>
      </trkpt>
      <trkpt lat="43.149641" lon="-1.524186">
        <ele>228.676</ele>
        <time>2024-04-06T10:14:11.990Z</time>
      </trkpt>
      <trkpt lat="43.149644" lon="-1.524123">
        <ele>228.564</ele>
        <time>2024-04-06T10:14:16.990Z</time>
      </trkpt>
      <trkpt lat="43.149651" lon="-1.524058">
        <ele>228.242</ele>
        <time>2024-04-06T10:14:20.990Z</time>
      </trkpt>
      <trkpt lat="43.149658" lon="-1.523995">
        <ele>227.462</ele>
        <time>2024-04-06T10:14:23.990Z</time>
      </trkpt>
      <trkpt lat="43.149660" lon="-1.523932">
        <ele>227.087</ele>
        <time>2024-04-06T10:14:26.990Z</time>
      </trkpt>
      <trkpt lat="43.149675" lon="-1.523867">
        <ele>226.739</ele>
        <time>2024-04-06T10:14:30.990Z</time>
      </trkpt>
      <trkpt lat="43.149680" lon="-1.523795">
        <ele>225.701</ele>
        <time>2024-04-06T10:14:36.990Z</time>
      </trkpt>
      <trkpt lat="43.149688" lon="-1.523727">
        <ele>224.521</ele>
        <time>2024-04-06T10:14:41.990Z</time>
      </trkpt>
      <trkpt lat="43.149690" lon="-1.523652">
        <ele>222.509</ele>
        <time>2024-04-06T10:14:47.990Z</time>
      </trkpt>
      <trkpt lat="43.149703" lon="-1.523577">
        <ele>220.614</ele>
        <time>2024-04-06T10:14:52.990Z</time>
      </trkpt>
      <trkpt lat="43.149708" lon="-1.523512">
        <ele>219.159</ele>
        <time>2024-04-06T10:14:57.990Z</time>
      </trkpt>
      <trkpt lat="43.149736" lon="-1.523447">
        <ele>218.519</ele>
        <time>2024-04-06T10:15:01.990Z</time>
      </trkpt>
      <trkpt lat="43.149763" lon="-1.523394">
        <ele>218.435</ele>
        <time>2024-04-06T10:15:04.990Z</time>
      </trkpt>
      <trkpt lat="43.149801" lon="-1.523342">
        <ele>218.310</ele>
        <time>2024-04-06T10:15:09.990Z</time>
      </trkpt>
      <trkpt lat="43.149813" lon="-1.523274">
        <ele>218.338</ele>
        <time>2024-04-06T10:15:13.990Z</time>
      </trkpt>
      <trkpt lat="43.149833" lon="-1.523204">
        <ele>218.926</ele>
        <time>2024-04-06T10:15:17.990Z</time>
      </trkpt>
      <trkpt lat="43.149848" lon="-1.523146">
        <ele>220.146</ele>
        <time>2024-04-06T10:15:22.990Z</time>
      </trkpt>
      <trkpt lat="43.149865" lon="-1.523079">
        <ele>220.921</ele>
        <time>2024-04-06T10:15:26.990Z</time>
      </trkpt>
      <trkpt lat="43.149892" lon="-1.523029">
        <ele>221.436</ele>
        <time>2024-04-06T10:15:29.990Z</time>
      </trkpt>
      <trkpt lat="43.149912" lon="-1.522957">
        <ele>222.417</ele>
        <time>2024-04-06T10:15:34.990Z</time>
      </trkpt>
      <trkpt lat="43.149924" lon="-1.522887">
        <ele>222.818</ele>
        <time>2024-04-06T10:15:38.990Z</time>
      </trkpt>
      <trkpt lat="43.149952" lon="-1.522834">
        <ele>223.509</ele>
        <time>2024-04-06T10:15:42.990Z</time>
      </trkpt>
      <trkpt lat="43.149984" lon="-1.522781">
        <ele>223.994</ele>
        <time>2024-04-06T10:15:46.990Z</time>
      </trkpt>
      <trkpt lat="43.150007" lon="-1.522723">
        <ele>224.239</ele>
        <time>2024-04-06T10:15:50.990Z</time>
      </trkpt>
      <trkpt lat="43.150047" lon="-1.522671">
        <ele>224.279</ele>
        <time>2024-04-06T10:15:55.990Z</time>
      </trkpt>
      <trkpt lat="43.150080" lon="-1.522624">
        <ele>224.235</ele>
        <time>2024-04-06T10:15:58.990Z</time>
      </trkpt>
      <trkpt lat="43.150103" lon="-1.522562">
        <ele>223.450</ele>
        <time>2024-04-06T10:16:03.990Z</time>
      </trkpt>
      <trkpt lat="43.150100" lon="-1.522500">
        <ele>223.168</ele>
        <time>2024-04-06T10:16:07.990Z</time>
      </trkpt>
      <trkpt lat="43.150077" lon="-1.522437">
        <ele>223.196</ele>
        <time>2024-04-06T10:16:11.990Z</time>
      </trkpt>
      <trkpt lat="43.150064" lon="-1.522370">
        <ele>222.916</ele>
        <time>2024-04-06T10:16:17.990Z</time>
      </trkpt>
      <trkpt lat="43.150089" lon="-1.522308">
        <ele>222.271</ele>
        <time>2024-04-06T10:16:21.990Z</time>
      </trkpt>
      <trkpt lat="43.150106" lon="-1.522250">
        <ele>222.039</ele>
        <time>2024-04-06T10:16:25.990Z</time>
      </trkpt>
      <trkpt lat="43.150129" lon="-1.522185">
        <ele>220.901</ele>
        <time>2024-04-06T10:16:29.990Z</time>
      </trkpt>
      <trkpt lat="43.150137" lon="-1.522115">
        <ele>220.021</ele>
        <time>2024-04-06T10:16:34.990Z</time>
      </trkpt>
      <trkpt lat="43.150157" lon="-1.522050">
        <ele>219.609</ele>
        <time>2024-04-06T10:16:39.990Z</time>
      </trkpt>
      <trkpt lat="43.150162" lon="-1.521977">
        <ele>219.034</ele>
        <time>2024-04-06T10:16:43.990Z</time>
      </trkpt>
      <trkpt lat="43.150155" lon="-1.521915">
        <ele>218.439</ele>
        <time>2024-04-06T10:16:47.990Z</time>
      </trkpt>
      <trkpt lat="43.150122" lon="-1.521863">
        <ele>216.259</ele>
        <time>2024-04-06T10:16:51.990Z</time>
      </trkpt>
      <trkpt lat="43.150017" lon="-1.521703">
        <ele>213.285</ele>
        <time>2024-04-06T10:17:06.990Z</time>
      </trkpt>
      <trkpt lat="43.149969" lon="-1.521655">
        <ele>213.010</ele>
        <time>2024-04-06T10:17:09.990Z</time>
      </trkpt>
      <trkpt lat="43.149929" lon="-1.521620">
        <ele>211.968</ele>
        <time>2024-04-06T10:17:25.990Z</time>
      </trkpt>
      <trkpt lat="43.149931" lon="-1.521548">
        <ele>211.996</ele>
        <time>2024-04-06T10:17:29.990Z</time>
      </trkpt>
      <trkpt lat="43.149901" lon="-1.521483">
        <ele>211.956</ele>
        <time>2024-04-06T10:17:33.990Z</time>
      </trkpt>
      <trkpt lat="43.149858" lon="-1.521453">
        <ele>212.031</ele>
        <time>2024-04-06T10:17:36.990Z</time>
      </trkpt>
      <trkpt lat="43.149820" lon="-1.521415">
        <ele>212.122</ele>
        <time>2024-04-06T10:17:39.990Z</time>
      </trkpt>
      <trkpt lat="43.149788" lon="-1.521367">
        <ele>212.362</ele>
        <time>2024-04-06T10:17:44.990Z</time>
      </trkpt>
      <trkpt lat="43.149755" lon="-1.521317">
        <ele>213.008</ele>
        <time>2024-04-06T10:17:48.990Z</time>
      </trkpt>
      <trkpt lat="43.149713" lon="-1.521282">
        <ele>214.409</ele>
        <time>2024-04-06T10:17:53.990Z</time>
      </trkpt>
      <trkpt lat="43.149678" lon="-1.521235">
        <ele>214.873</ele>
        <time>2024-04-06T10:17:58.990Z</time>
      </trkpt>
      <trkpt lat="43.149633" lon="-1.521208">
        <ele>215.058</ele>
        <time>2024-04-06T10:18:01.990Z</time>
      </trkpt>
      <trkpt lat="43.149578" lon="-1.521173">
        <ele>215.358</ele>
        <time>2024-04-06T10:18:05.990Z</time>
      </trkpt>
      <trkpt lat="43.149541" lon="-1.521133">
        <ele>215.424</ele>
        <time>2024-04-06T10:18:08.990Z</time>
      </trkpt>
      <trkpt lat="43.149501" lon="-1.521100">
        <ele>215.469</ele>
        <time>2024-04-06T10:18:12.990Z</time>
      </trkpt>
      <trkpt lat="43.149473" lon="-1.521045">
        <ele>215.367</ele>
        <time>2024-04-06T10:18:17.990Z</time>
      </trkpt>
      <trkpt lat="43.149431" lon="-1.520997">
        <ele>212.835</ele>
        <time>2024-04-06T10:18:22.990Z</time>
      </trkpt>
      <trkpt lat="43.149384" lon="-1.520970">
        <ele>211.775</ele>
        <time>2024-04-06T10:18:27.990Z</time>
      </trkpt>
      <trkpt lat="43.149331" lon="-1.520945">
        <ele>210.120</ele>
        <time>2024-04-06T10:18:31.990Z</time>
      </trkpt>
      <trkpt lat="43.149276" lon="-1.520923">
        <ele>208.321</ele>
        <time>2024-04-06T10:18:35.990Z</time>
      </trkpt>
      <trkpt lat="43.149213" lon="-1.520918">
        <ele>207.141</ele>
        <time>2024-04-06T10:18:41.990Z</time>
      </trkpt>
      <trkpt lat="43.149158" lon="-1.520925">
        <ele>205.305</ele>
        <time>2024-04-06T10:18:45.990Z</time>
      </trkpt>
      <trkpt lat="43.149098" lon="-1.520920">
        <ele>203.509</ele>
        <time>2024-04-06T10:18:50.990Z</time>
      </trkpt>
      <trkpt lat="43.149051" lon="-1.520923">
        <ele>202.693</ele>
        <time>2024-04-06T10:18:54.990Z</time>
      </trkpt>
      <trkpt lat="43.149006" lon="-1.520915">
        <ele>201.858</ele>
        <time>2024-04-06T10:18:58.990Z</time>
      </trkpt>
      <trkpt lat="43.148879" lon="-1.520903">
        <ele>200.178</ele>
        <time>2024-04-06T10:19:08.990Z</time>
      </trkpt>
      <trkpt lat="43.148817" lon="-1.520896">
        <ele>199.484</ele>
        <time>2024-04-06T10:19:12.990Z</time>
      </trkpt>
      <trkpt lat="43.148770" lon="-1.520899">
        <ele>199.349</ele>
        <time>2024-04-06T10:19:15.990Z</time>
      </trkpt>
      <trkpt lat="43.148722" lon="-1.520906">
        <ele>199.267</ele>
        <time>2024-04-06T10:19:18.990Z</time>
      </trkpt>
      <trkpt lat="43.148675" lon="-1.520891">
        <ele>199.155</ele>
        <time>2024-04-06T10:19:21.990Z</time>
      </trkpt>
      <trkpt lat="43.148625" lon="-1.520869">
        <ele>198.865</ele>
        <time>2024-04-06T10:19:24.990Z</time>
      </trkpt>
      <trkpt lat="43.148578" lon="-1.520846">
        <ele>198.770</ele>
        <time>2024-04-06T10:19:27.990Z</time>
      </trkpt>
      <trkpt lat="43.148538" lon="-1.520813">
        <ele>198.668</ele>
        <time>2024-04-06T10:19:30.990Z</time>
      </trkpt>
      <trkpt lat="43.148496" lon="-1.520785">
        <ele>198.342</ele>
        <time>2024-04-06T10:19:33.990Z</time>
      </trkpt>
      <trkpt lat="43.148446" lon="-1.520758">
        <ele>198.126</ele>
        <time>2024-04-06T10:19:37.990Z</time>
      </trkpt>
      <trkpt lat="43.148399" lon="-1.520718">
        <ele>198.109</ele>
        <time>2024-04-06T10:19:41.990Z</time>
      </trkpt>
      <trkpt lat="43.148357" lon="-1.520680">
        <ele>198.137</ele>
        <time>2024-04-06T10:19:45.990Z</time>
      </trkpt>
      <trkpt lat="43.148317" lon="-1.520638">
        <ele>198.992</ele>
        <time>2024-04-06T10:19:48.990Z</time>
      </trkpt>
      <trkpt lat="43.148267" lon="-1.520608">
        <ele>199.132</ele>
        <time>2024-04-06T10:19:52.990Z</time>
      </trkpt>
      <trkpt lat="43.148217" lon="-1.520611">
        <ele>199.598</ele>
        <time>2024-04-06T10:19:57.990Z</time>
      </trkpt>
      <trkpt lat="43.148167" lon="-1.520591">
        <ele>199.823</ele>
        <time>2024-04-06T10:20:02.990Z</time>
      </trkpt>
      <trkpt lat="43.148122" lon="-1.520574">
        <ele>199.971</ele>
        <time>2024-04-06T10:20:05.990Z</time>
      </trkpt>
      <trkpt lat="43.148075" lon="-1.520544">
        <ele>199.989</ele>
        <time>2024-04-06T10:20:09.990Z</time>
      </trkpt>
      <trkpt lat="43.148027" lon="-1.520499">
        <ele>199.999</ele>
        <time>2024-04-06T10:20:13.990Z</time>
      </trkpt>
      <trkpt lat="43.147982" lon="-1.520471">
        <ele>199.934</ele>
        <time>2024-04-06T10:20:16.990Z</time>
      </trkpt>
      <trkpt lat="43.147939" lon="-1.520428">
        <ele>199.929</ele>
        <time>2024-04-06T10:20:20.990Z</time>
      </trkpt>
      <trkpt lat="43.147927" lon="-1.520368">
        <ele>198.900</ele>
        <time>2024-04-06T10:20:28.990Z</time>
      </trkpt>
      <trkpt lat="43.147874" lon="-1.520340">
        <ele>198.320</ele>
        <time>2024-04-06T10:20:36.990Z</time>
      </trkpt>
      <trkpt lat="43.147829" lon="-1.520307">
        <ele>198.209</ele>
        <time>2024-04-06T10:20:39.990Z</time>
      </trkpt>
      <trkpt lat="43.147786" lon="-1.520280">
        <ele>198.053</ele>
        <time>2024-04-06T10:20:42.990Z</time>
      </trkpt>
      <trkpt lat="43.147743" lon="-1.520263">
        <ele>198.098</ele>
        <time>2024-04-06T10:20:46.990Z</time>
      </trkpt>
      <trkpt lat="43.147696" lon="-1.520235">
        <ele>197.898</ele>
        <time>2024-04-06T10:20:50.990Z</time>
      </trkpt>
      <trkpt lat="43.147648" lon="-1.520202">
        <ele>197.564</ele>
        <time>2024-04-06T10:20:54.990Z</time>
      </trkpt>
      <trkpt lat="43.147601" lon="-1.520174">
        <ele>197.559</ele>
        <time>2024-04-06T10:20:57.990Z</time>
      </trkpt>
      <trkpt lat="43.147543" lon="-1.520152">
        <ele>196.447</ele>
        <time>2024-04-06T10:21:01.990Z</time>
      </trkpt>
      <trkpt lat="43.147501" lon="-1.520122">
        <ele>195.785</ele>
        <time>2024-04-06T10:21:04.990Z</time>
      </trkpt>
      <trkpt lat="43.147458" lon="-1.520097">
        <ele>195.765</ele>
        <time>2024-04-06T10:21:07.990Z</time>
      </trkpt>
      <trkpt lat="43.147411" lon="-1.520067">
        <ele>195.660</ele>
        <time>2024-04-06T10:21:10.990Z</time>
      </trkpt>
      <trkpt lat="43.147368" lon="-1.520027">
        <ele>195.665</ele>
        <time>2024-04-06T10:21:15.990Z</time>
      </trkpt>
      <trkpt lat="43.147316" lon="-1.520014">
        <ele>195.768</ele>
        <time>2024-04-06T10:21:19.990Z</time>
      </trkpt>
      <trkpt lat="43.147268" lon="-1.520001">
        <ele>196.114</ele>
        <time>2024-04-06T10:21:24.990Z</time>
      </trkpt>
      <trkpt lat="43.147223" lon="-1.519943">
        <ele>196.309</ele>
        <time>2024-04-06T10:21:28.990Z</time>
      </trkpt>
      <trkpt lat="43.147176" lon="-1.519935">
        <ele>196.497</ele>
        <time>2024-04-06T10:21:33.990Z</time>
      </trkpt>
      <trkpt lat="43.147136" lon="-1.519903">
        <ele>196.662</ele>
        <time>2024-04-06T10:21:36.990Z</time>
      </trkpt>
      <trkpt lat="43.147093" lon="-1.519863">
        <ele>196.662</ele>
        <time>2024-04-06T10:21:39.990Z</time>
      </trkpt>
      <trkpt lat="43.146995" lon="-1.519701">
        <ele>199.098</ele>
        <time>2024-04-06T10:21:50.990Z</time>
      </trkpt>
      <trkpt lat="43.146980" lon="-1.519636">
        <ele>200.223</ele>
        <time>2024-04-06T10:21:59.990Z</time>
      </trkpt>
      <trkpt lat="43.147032" lon="-1.519546">
        <ele>200.271</ele>
        <time>2024-04-06T10:22:03.990Z</time>
      </trkpt>
      <trkpt lat="43.147069" lon="-1.519484">
        <ele>200.229</ele>
        <time>2024-04-06T10:22:06.990Z</time>
      </trkpt>
      <trkpt lat="43.147101" lon="-1.519421">
        <ele>200.319</ele>
        <time>2024-04-06T10:22:10.990Z</time>
      </trkpt>
      <trkpt lat="43.147128" lon="-1.519366">
        <ele>201.064</ele>
        <time>2024-04-06T10:22:16.989Z</time>
      </trkpt>
      <trkpt lat="43.147168" lon="-1.519326">
        <ele>201.442</ele>
        <time>2024-04-06T10:22:19.989Z</time>
      </trkpt>
      <trkpt lat="43.147198" lon="-1.519278">
        <ele>201.922</ele>
        <time>2024-04-06T10:22:22.989Z</time>
      </trkpt>
      <trkpt lat="43.147243" lon="-1.519233">
        <ele>202.014</ele>
        <time>2024-04-06T10:22:25.989Z</time>
      </trkpt>
      <trkpt lat="43.147275" lon="-1.519175">
        <ele>202.209</ele>
        <time>2024-04-06T10:22:29.989Z</time>
      </trkpt>
      <trkpt lat="43.147273" lon="-1.519102">
        <ele>202.325</ele>
        <time>2024-04-06T10:22:33.989Z</time>
      </trkpt>
      <trkpt lat="43.147281" lon="-1.519037">
        <ele>202.440</ele>
        <time>2024-04-06T10:22:36.989Z</time>
      </trkpt>
      <trkpt lat="43.147313" lon="-1.518984">
        <ele>202.930</ele>
        <time>2024-04-06T10:22:39.989Z</time>
      </trkpt>
      <trkpt lat="43.147323" lon="-1.518921">
        <ele>205.326</ele>
        <time>2024-04-06T10:22:43.989Z</time>
      </trkpt>
      <trkpt lat="43.147340" lon="-1.518863">
        <ele>206.641</ele>
        <time>2024-04-06T10:22:47.989Z</time>
      </trkpt>
      <trkpt lat="43.147360" lon="-1.518796">
        <ele>206.679</ele>
        <time>2024-04-06T10:22:52.989Z</time>
      </trkpt>
      <trkpt lat="43.147377" lon="-1.518738">
        <ele>206.617</ele>
        <time>2024-04-06T10:22:56.989Z</time>
      </trkpt>
      <trkpt lat="43.147397" lon="-1.518675">
        <ele>206.627</ele>
        <time>2024-04-06T10:23:00.989Z</time>
      </trkpt>
      <trkpt lat="43.147422" lon="-1.518608">
        <ele>206.572</ele>
        <time>2024-04-06T10:23:06.989Z</time>
      </trkpt>
      <trkpt lat="43.147435" lon="-1.518523">
        <ele>205.647</ele>
        <time>2024-04-06T10:23:32.989Z</time>
      </trkpt>
      <trkpt lat="43.147467" lon="-1.518466">
        <ele>205.129</ele>
        <time>2024-04-06T10:23:36.989Z</time>
      </trkpt>
      <trkpt lat="43.147500" lon="-1.518414">
        <ele>204.721</ele>
        <time>2024-04-06T10:23:39.989Z</time>
      </trkpt>
      <trkpt lat="43.147527" lon="-1.518357">
        <ele>204.409</ele>
        <time>2024-04-06T10:23:43.989Z</time>
      </trkpt>
      <trkpt lat="43.147554" lon="-1.518295">
        <ele>204.445</ele>
        <time>2024-04-06T10:23:47.989Z</time>
      </trkpt>
      <trkpt lat="43.147561" lon="-1.518220">
        <ele>201.030</ele>
        <time>2024-04-06T10:23:51.989Z</time>
      </trkpt>
      <trkpt lat="43.147583" lon="-1.518140">
        <ele>201.110</ele>
        <time>2024-04-06T10:23:55.989Z</time>
      </trkpt>
      <trkpt lat="43.147626" lon="-1.518083">
        <ele>201.416</ele>
        <time>2024-04-06T10:23:58.989Z</time>
      </trkpt>
      <trkpt lat="43.147663" lon="-1.518021">
        <ele>202.491</ele>
        <time>2024-04-06T10:24:02.989Z</time>
      </trkpt>
      <trkpt lat="43.147711" lon="-1.517988">
        <ele>202.939</ele>
        <time>2024-04-06T10:24:05.989Z</time>
      </trkpt>
      <trkpt lat="43.147736" lon="-1.517933">
        <ele>204.047</ele>
        <time>2024-04-06T10:24:08.989Z</time>
      </trkpt>
      <trkpt lat="43.147778" lon="-1.517890">
        <ele>204.297</ele>
        <time>2024-04-06T10:24:11.989Z</time>
      </trkpt>
      <trkpt lat="43.147801" lon="-1.517827">
        <ele>204.112</ele>
        <time>2024-04-06T10:24:16.989Z</time>
      </trkpt>
      <trkpt lat="43.147796" lon="-1.517757">
        <ele>204.382</ele>
        <time>2024-04-06T10:24:20.989Z</time>
      </trkpt>
      <trkpt lat="43.147839" lon="-1.517709">
        <ele>204.343</ele>
        <time>2024-04-06T10:24:24.989Z</time>
      </trkpt>
      <trkpt lat="43.147874" lon="-1.517654">
        <ele>204.617</ele>
        <time>2024-04-06T10:24:28.989Z</time>
      </trkpt>
      <trkpt lat="43.147894" lon="-1.517592">
        <ele>204.609</ele>
        <time>2024-04-06T10:24:31.989Z</time>
      </trkpt>
      <trkpt lat="43.147904" lon="-1.517525">
        <ele>204.759</ele>
        <time>2024-04-06T10:24:35.989Z</time>
      </trkpt>
      <trkpt lat="43.147904" lon="-1.517462">
        <ele>204.434</ele>
        <time>2024-04-06T10:24:39.989Z</time>
      </trkpt>
      <trkpt lat="43.147909" lon="-1.517400">
        <ele>201.924</ele>
        <time>2024-04-06T10:24:43.989Z</time>
      </trkpt>
      <trkpt lat="43.147916" lon="-1.517335">
        <ele>201.570</ele>
        <time>2024-04-06T10:24:46.989Z</time>
      </trkpt>
    </trkseg>
  </trk></gpx>