<?xml version="1.0" encoding="UTF-8"?>
<gpx creator="StravaGPX Android" xmlns:xsi="http://www.w3.org/2001/XMLSchema-instance" xsi:schemaLocation="http://www.topografix.com/GPX/1/1 http://www.topografix.com/GPX/1/1/gpx.xsd" version="1.1" xmlns="http://www.topografix.com/GPX/1/1">
 <metadata>
  <time>2018-12-31T08:19:02Z</time>
 </metadata>
 <trk>
  <name>Circular Elurretxe Picos</name>
  <type>4</type>
  <trkseg>
   <trkpt lat="43.2953100" lon="-1.7864560">
    <ele>505.3</ele>
    <time>2018-12-31T08:19:02Z</time>
   </trkpt>
   <trkpt lat="43.2953080" lon="-1.7865040">
    <ele>505.2</ele>
    <time>2018-12-31T08:19:05Z</time>
   </trkpt>
   <trkpt lat="43.2952790" lon="-1.7865140">
    <ele>505.0</ele>
    <time>2018-12-31T08:19:08Z</time>
   </trkpt>
   <trkpt lat="43.2952610" lon="-1.7865480">
    <ele>505.2</ele>
    <time>2018-12-31T08:19:12Z</time>
   </trkpt>
   <trkpt lat="43.2952320" lon="-1.7865550">
    <ele>505.3</ele>
    <time>2018-12-31T08:19:19Z</time>
   </trkpt>
   <trkpt lat="43.2952010" lon="-1.7865410">
    <ele>505.5</ele>
    <time>2018-12-31T08:19:24Z</time>
   </trkpt>
   <trkpt lat="43.2951680" lon="-1.7865400">
    <ele>505.6</ele>
    <time>2018-12-31T08:19:28Z</time>
   </trkpt>
   <trkpt lat="43.2951410" lon="-1.7865180">
    <ele>505.8</ele>
    <time>2018-12-31T08:19:31Z</time>
   </trkpt>
   <trkpt lat="43.2951150" lon="-1.7864910">
    <ele>505.9</ele>
    <time>2018-12-31T08:19:35Z</time>
   </trkpt>
   <trkpt lat="43.2951010" lon="-1.7864540">
    <ele>506.1</ele>
    <time>2018-12-31T08:19:38Z</time>
   </trkpt>
   <trkpt lat="43.2950820" lon="-1.7864140">
    <ele>506.3</ele>
    <time>2018-12-31T08:19:41Z</time>
   </trkpt>
   <trkpt lat="43.2950650" lon="-1.7863770">
    <ele>506.5</ele>
    <time>2018-12-31T08:19:44Z</time>
   </trkpt>
   <trkpt lat="43.2950390" lon="-1.7863410">
    <ele>506.7</ele>
    <time>2018-12-31T08:19:48Z</time>
   </trkpt>
   <trkpt lat="43.2950110" lon="-1.7863120">
    <ele>506.9</ele>
    <time>2018-12-31T08:19:52Z</time>
   </trkpt>
   <trkpt lat="43.2949780" lon="-1.7862850">
    <ele>507.1</ele>
    <time>2018-12-31T08:19:54Z</time>
   </trkpt>
   <trkpt lat="43.2949580" lon="-1.7862590">
    <ele>507.3</ele>
    <time>2018-12-31T08:19:58Z</time>
   </trkpt>
   <trkpt lat="43.2949430" lon="-1.7862220">
    <ele>507.4</ele>
    <time>2018-12-31T08:20:02Z</time>
   </trkpt>
   <trkpt lat="43.2949330" lon="-1.7861880">
    <ele>507.6</ele>
    <time>2018-12-31T08:20:05Z</time>
   </trkpt>
   <trkpt lat="43.2949260" lon="-1.7861500">
    <ele>507.8</ele>
    <time>2018-12-31T08:20:08Z</time>
   </trkpt>
   <trkpt lat="43.2949200" lon="-1.7861110">
    <ele>508.0</ele>
    <time>2018-12-31T08:20:11Z</time>
   </trkpt>
   <trkpt lat="43.2949200" lon="-1.7860660">
    <ele>508.2</ele>
    <time>2018-12-31T08:20:15Z</time>
   </trkpt>
   <trkpt lat="43.2949210" lon="-1.7860260">
    <ele>508.4</ele>
    <time>2018-12-31T08:20:18Z</time>
   </trkpt>
   <trkpt lat="43.2949200" lon="-1.7859830">
    <ele>508.6</ele>
    <time>2018-12-31T08:20:21Z</time>
   </trkpt>
   <trkpt lat="43.2949050" lon="-1.7859380">
    <ele>508.8</ele>
    <time>2018-12-31T08:20:24Z</time>
   </trkpt>
   <trkpt lat="43.2948880" lon="-1.7858950">
    <ele>509.0</ele>
    <time>2018-12-31T08:20:27Z</time>
   </trkpt>
   <trkpt lat="43.2948640" lon="-1.7858790">
    <ele>509.2</ele>
    <time>2018-12-31T08:20:30Z</time>
   </trkpt>
   <trkpt lat="43.2948490" lon="-1.7858300">
    <ele>509.4</ele>
    <time>2018-12-31T08:20:34Z</time>
   </trkpt>
   <trkpt lat="43.2948330" lon="-1.7857970">
    <ele>509.5</ele>
    <time>2018-12-31T08:20:37Z</time>
   </trkpt>
   <trkpt lat="43.2948130" lon="-1.7857650">
    <ele>509.7</ele>
    <time>2018-12-31T08:20:40Z</time>
   </trkpt>
   <trkpt lat="43.2947800" lon="-1.7857320">
    <ele>509.9</ele>
    <time>2018-12-31T08:20:42Z</time>
   </trkpt>
   <trkpt lat="43.2947520" lon="-1.7857060">
    <ele>510.1</ele>
    <time>2018-12-31T08:20:44Z</time>
   </trkpt>
   <trkpt lat="43.2947290" lon="-1.7856750">
    <ele>510.3</ele>
    <time>2018-12-31T08:20:47Z</time>
   </trkpt>
   <trkpt lat="43.2947100" lon="-1.7856230">
    <ele>510.8</ele>
    <time>2018-12-31T08:20:50Z</time>
   </trkpt>
   <trkpt lat="43.2946940" lon="-1.7855820">
    <ele>511.2</ele>
    <time>2018-12-31T08:20:53Z</time>
   </trkpt>
   <trkpt lat="43.2946880" lon="-1.7855430">
    <ele>511.5</ele>
    <time>2018-12-31T08:20:56Z</time>
   </trkpt>
   <trkpt lat="43.2946820" lon="-1.7854910">
    <ele>512.0</ele>
    <time>2018-12-31T08:20:58Z</time>
   </trkpt>
   <trkpt lat="43.2946730" lon="-1.7854520">
    <ele>512.4</ele>
    <time>2018-12-31T08:21:06Z</time>
   </trkpt>
   <trkpt lat="43.2946510" lon="-1.7854030">
    <ele>513.1</ele>
    <time>2018-12-31T08:21:10Z</time>
   </trkpt>
   <trkpt lat="43.2946330" lon="-1.7853650">
    <ele>513.6</ele>
    <time>2018-12-31T08:21:12Z</time>
   </trkpt>
   <trkpt lat="43.2946130" lon="-1.7853350">
    <ele>514.0</ele>
    <time>2018-12-31T08:21:14Z</time>
   </trkpt>
   <trkpt lat="43.2945960" lon="-1.7853000">
    <ele>514.4</ele>
    <time>2018-12-31T08:21:16Z</time>
   </trkpt>
   <trkpt lat="43.2945720" lon="-1.7852740">
    <ele>514.8</ele>
    <time>2018-12-31T08:21:18Z</time>
   </trkpt>
   <trkpt lat="43.2945460" lon="-1.7852460">
    <ele>515.2</ele>
    <time>2018-12-31T08:21:20Z</time>
   </trkpt>
   <trkpt lat="43.2945230" lon="-1.7852070">
    <ele>515.9</ele>
    <time>2018-12-31T08:21:22Z</time>
   </trkpt>
   <trkpt lat="43.2944750" lon="-1.7851620">
    <ele>516.9</ele>
    <time>2018-12-31T08:21:24Z</time>
   </trkpt>
   <trkpt lat="43.2944350" lon="-1.7851460">
    <ele>517.6</ele>
    <time>2018-12-31T08:21:27Z</time>
   </trkpt>
   <trkpt lat="43.2944090" lon="-1.7851260">
    <ele>518.1</ele>
    <time>2018-12-31T08:21:31Z</time>
   </trkpt>
   <trkpt lat="43.2943770" lon="-1.7851140">
    <ele>518.7</ele>
    <time>2018-12-31T08:21:35Z</time>
   </trkpt>
   <trkpt lat="43.2943570" lon="-1.7850880">
    <ele>519.2</ele>
    <time>2018-12-31T08:21:37Z</time>
   </trkpt>
   <trkpt lat="43.2943350" lon="-1.7850660">
    <ele>519.6</ele>
    <time>2018-12-31T08:21:39Z</time>
   </trkpt>
   <trkpt lat="43.2943020" lon="-1.7850510">
    <ele>520.3</ele>
    <time>2018-12-31T08:21:43Z</time>
   </trkpt>
   <trkpt lat="43.2942750" lon="-1.7850280">
    <ele>520.9</ele>
    <time>2018-12-31T08:21:46Z</time>
   </trkpt>
   <trkpt lat="43.2942420" lon="-1.7850270">
    <ele>521.6</ele>
    <time>2018-12-31T08:21:54Z</time>
   </trkpt>
   <trkpt lat="43.2942120" lon="-1.7850040">
    <ele>522.2</ele>
    <time>2018-12-31T08:21:58Z</time>
   </trkpt>
   <trkpt lat="43.2941720" lon="-1.7849780">
    <ele>523.0</ele>
    <time>2018-12-31T08:22:00Z</time>
   </trkpt>
   <trkpt lat="43.2941410" lon="-1.7849620">
    <ele>523.6</ele>
    <time>2018-12-31T08:22:02Z</time>
   </trkpt>
   <trkpt lat="43.2941110" lon="-1.7849460">
    <ele>524.1</ele>
    <time>2018-12-31T08:22:04Z</time>
   </trkpt>
   <trkpt lat="43.2940780" lon="-1.7849330">
    <ele>524.7</ele>
    <time>2018-12-31T08:22:07Z</time>
   </trkpt>
   <trkpt lat="43.2940490" lon="-1.7849330">
    <ele>525.1</ele>
    <time>2018-12-31T08:22:12Z</time>
   </trkpt>
   <trkpt lat="43.2940180" lon="-1.7849130">
    <ele>525.7</ele>
    <time>2018-12-31T08:22:15Z</time>
   </trkpt>
   <trkpt lat="43.2939940" lon="-1.7848930">
    <ele>526.1</ele>
    <time>2018-12-31T08:22:17Z</time>
   </trkpt>
   <trkpt lat="43.2939680" lon="-1.7848680">
    <ele>526.6</ele>
    <time>2018-12-31T08:22:19Z</time>
   </trkpt>
   <trkpt lat="43.2939290" lon="-1.7848560">
    <ele>527.3</ele>
    <time>2018-12-31T08:22:22Z</time>
   </trkpt>
   <trkpt lat="43.2938850" lon="-1.7848450">
    <ele>528.1</ele>
    <time>2018-12-31T08:22:25Z</time>
   </trkpt>
   <trkpt lat="43.2938500" lon="-1.7848420">
    <ele>528.7</ele>
    <time>2018-12-31T08:22:27Z</time>
   </trkpt>
   <trkpt lat="43.2938190" lon="-1.7848360">
    <ele>529.2</ele>
    <time>2018-12-31T08:22:31Z</time>
   </trkpt>
   <trkpt lat="43.2937900" lon="-1.7848460">
    <ele>529.7</ele>
    <time>2018-12-31T08:22:36Z</time>
   </trkpt>
   <trkpt lat="43.2937600" lon="-1.7848510">
    <ele>530.2</ele>
    <time>2018-12-31T08:22:40Z</time>
   </trkpt>
   <trkpt lat="43.2937300" lon="-1.7848580">
    <ele>530.7</ele>
    <time>2018-12-31T08:22:43Z</time>
   </trkpt>
   <trkpt lat="43.2937010" lon="-1.7848740">
    <ele>531.3</ele>
    <time>2018-12-31T08:22:46Z</time>
   </trkpt>
   <trkpt lat="43.2936670" lon="-1.7848790">
    <ele>531.9</ele>
    <time>2018-12-31T08:22:50Z</time>
   </trkpt>
   <trkpt lat="43.2936360" lon="-1.7848600">
    <ele>532.4</ele>
    <time>2018-12-31T08:22:54Z</time>
   </trkpt>
   <trkpt lat="43.2936110" lon="-1.7848450">
    <ele>532.9</ele>
    <time>2018-12-31T08:22:56Z</time>
   </trkpt>
   <trkpt lat="43.2935840" lon="-1.7848490">
    <ele>533.3</ele>
    <time>2018-12-31T08:23:00Z</time>
   </trkpt>
   <trkpt lat="43.2935590" lon="-1.7848710">
    <ele>533.8</ele>
    <time>2018-12-31T08:23:03Z</time>
   </trkpt>
   <trkpt lat="43.2935320" lon="-1.7848640">
    <ele>534.2</ele>
    <time>2018-12-31T08:23:16Z</time>
   </trkpt>
   <trkpt lat="43.2934950" lon="-1.7848540">
    <ele>534.8</ele>
    <time>2018-12-31T08:23:23Z</time>
   </trkpt>
   <trkpt lat="43.2934670" lon="-1.7848460">
    <ele>535.3</ele>
    <time>2018-12-31T08:23:27Z</time>
   </trkpt>
   <trkpt lat="43.2934350" lon="-1.7848350">
    <ele>535.7</ele>
    <time>2018-12-31T08:23:31Z</time>
   </trkpt>
   <trkpt lat="43.2933990" lon="-1.7848240">
    <ele>536.0</ele>
    <time>2018-12-31T08:23:34Z</time>
   </trkpt>
   <trkpt lat="43.2933690" lon="-1.7848050">
    <ele>536.4</ele>
    <time>2018-12-31T08:23:36Z</time>
   </trkpt>
   <trkpt lat="43.2933410" lon="-1.7847720">
    <ele>536.8</ele>
    <time>2018-12-31T08:23:39Z</time>
   </trkpt>
   <trkpt lat="43.2933190" lon="-1.7847480">
    <ele>537.0</ele>
    <time>2018-12-31T08:23:41Z</time>
   </trkpt>
   <trkpt lat="43.2932740" lon="-1.7847190">
    <ele>537.4</ele>
    <time>2018-12-31T08:23:45Z</time>
   </trkpt>
   <trkpt lat="43.2932490" lon="-1.7847040">
    <ele>537.6</ele>
    <time>2018-12-31T08:23:51Z</time>
   </trkpt>
   <trkpt lat="43.2932270" lon="-1.7846830">
    <ele>537.8</ele>
    <time>2018-12-31T08:23:54Z</time>
   </trkpt>
   <trkpt lat="43.2932060" lon="-1.7846470">
    <ele>538.0</ele>
    <time>2018-12-31T08:24:02Z</time>
   </trkpt>
   <trkpt lat="43.2931870" lon="-1.7846010">
    <ele>538.2</ele>
    <time>2018-12-31T08:24:05Z</time>
   </trkpt>
   <trkpt lat="43.2931670" lon="-1.7845610">
    <ele>538.4</ele>
    <time>2018-12-31T08:24:07Z</time>
   </trkpt>
   <trkpt lat="43.2931430" lon="-1.7845220">
    <ele>538.7</ele>
    <time>2018-12-31T08:24:09Z</time>
   </trkpt>
   <trkpt lat="43.2931260" lon="-1.7844890">
    <ele>539.0</ele>
    <time>2018-12-31T08:24:13Z</time>
   </trkpt>
   <trkpt lat="43.2931010" lon="-1.7844680">
    <ele>539.3</ele>
    <time>2018-12-31T08:24:15Z</time>
   </trkpt>
   <trkpt lat="43.2930720" lon="-1.7844580">
    <ele>539.7</ele>
    <time>2018-12-31T08:24:17Z</time>
   </trkpt>
   <trkpt lat="43.2930510" lon="-1.7844280">
    <ele>540.1</ele>
    <time>2018-12-31T08:24:22Z</time>
   </trkpt>
   <trkpt lat="43.2930140" lon="-1.7844190">
    <ele>540.5</ele>
    <time>2018-12-31T08:24:26Z</time>
   </trkpt>
   <trkpt lat="43.2929870" lon="-1.7844080">
    <ele>540.9</ele>
    <time>2018-12-31T08:24:31Z</time>
   </trkpt>
   <trkpt lat="43.2929630" lon="-1.7844390">
    <ele>541.4</ele>
    <time>2018-12-31T08:24:53Z</time>
   </trkpt>
   <trkpt lat="43.2929460" lon="-1.7844820">
    <ele>541.9</ele>
    <time>2018-12-31T08:24:55Z</time>
   </trkpt>
   <trkpt lat="43.2929310" lon="-1.7845310">
    <ele>543.1</ele>
    <time>2018-12-31T08:24:57Z</time>
   </trkpt>
   <trkpt lat="43.2929140" lon="-1.7845790">
    <ele>543.8</ele>
    <time>2018-12-31T08:24:59Z</time>
   </trkpt>
   <trkpt lat="43.2928990" lon="-1.7846150">
    <ele>544.2</ele>
    <time>2018-12-31T08:25:01Z</time>
   </trkpt>
   <trkpt lat="43.2928810" lon="-1.7846500">
    <ele>544.7</ele>
    <time>2018-12-31T08:25:03Z</time>
   </trkpt>
   <trkpt lat="43.2928650" lon="-1.7846920">
    <ele>545.2</ele>
    <time>2018-12-31T08:25:05Z</time>
   </trkpt>
   <trkpt lat="43.2928690" lon="-1.7847330">
    <ele>545.7</ele>
    <time>2018-12-31T08:25:08Z</time>
   </trkpt>
   <trkpt lat="43.2928730" lon="-1.7847770">
    <ele>546.2</ele>
    <time>2018-12-31T08:25:10Z</time>
   </trkpt>
   <trkpt lat="43.2928750" lon="-1.7848180">
    <ele>546.6</ele>
    <time>2018-12-31T08:25:12Z</time>
   </trkpt>
   <trkpt lat="43.2928790" lon="-1.7848640">
    <ele>547.0</ele>
    <time>2018-12-31T08:25:14Z</time>
   </trkpt>
   <trkpt lat="43.2928640" lon="-1.7849100">
    <ele>547.5</ele>
    <time>2018-12-31T08:25:18Z</time>
   </trkpt>
   <trkpt lat="43.2928410" lon="-1.7849550">
    <ele>548.0</ele>
    <time>2018-12-31T08:25:21Z</time>
   </trkpt>
   <trkpt lat="43.2928320" lon="-1.7849990">
    <ele>548.5</ele>
    <time>2018-12-31T08:25:23Z</time>
   </trkpt>
   <trkpt lat="43.2928300" lon="-1.7850440">
    <ele>548.9</ele>
    <time>2018-12-31T08:25:25Z</time>
   </trkpt>
   <trkpt lat="43.2928160" lon="-1.7850780">
    <ele>549.3</ele>
    <time>2018-12-31T08:25:28Z</time>
   </trkpt>
   <trkpt lat="43.2928090" lon="-1.7851210">
    <ele>549.7</ele>
    <time>2018-12-31T08:25:30Z</time>
   </trkpt>
   <trkpt lat="43.2927990" lon="-1.7851560">
    <ele>550.1</ele>
    <time>2018-12-31T08:25:32Z</time>
   </trkpt>
   <trkpt lat="43.2927940" lon="-1.7851980">
    <ele>550.5</ele>
    <time>2018-12-31T08:25:36Z</time>
   </trkpt>
   <trkpt lat="43.2927840" lon="-1.7852410">
    <ele>550.9</ele>
    <time>2018-12-31T08:25:40Z</time>
   </trkpt>
   <trkpt lat="43.2927730" lon="-1.7852790">
    <ele>551.3</ele>
    <time>2018-12-31T08:25:43Z</time>
   </trkpt>
   <trkpt lat="43.2927700" lon="-1.7853220">
    <ele>551.8</ele>
    <time>2018-12-31T08:25:45Z</time>
   </trkpt>
   <trkpt lat="43.2927740" lon="-1.7853650">
    <ele>552.2</ele>
    <time>2018-12-31T08:25:49Z</time>
   </trkpt>
   <trkpt lat="43.2927770" lon="-1.7854140">
    <ele>552.8</ele>
    <time>2018-12-31T08:25:53Z</time>
   </trkpt>
   <trkpt lat="43.2927680" lon="-1.7854630">
    <ele>553.2</ele>
    <time>2018-12-31T08:25:56Z</time>
   </trkpt>
   <trkpt lat="43.2927560" lon="-1.7855050">
    <ele>553.6</ele>
    <time>2018-12-31T08:26:00Z</time>
   </trkpt>
   <trkpt lat="43.2927470" lon="-1.7855450">
    <ele>554.0</ele>
    <time>2018-12-31T08:26:04Z</time>
   </trkpt>
   <trkpt lat="43.2927370" lon="-1.7855860">
    <ele>554.4</ele>
    <time>2018-12-31T08:26:06Z</time>
   </trkpt>
   <trkpt lat="43.2927650" lon="-1.7855890">
    <ele>554.9</ele>
    <time>2018-12-31T08:26:13Z</time>
   </trkpt>
   <trkpt lat="43.2927570" lon="-1.7856280">
    <ele>555.3</ele>
    <time>2018-12-31T08:26:33Z</time>
   </trkpt>
   <trkpt lat="43.2927220" lon="-1.7856580">
    <ele>556.1</ele>
    <time>2018-12-31T08:26:35Z</time>
   </trkpt>
   <trkpt lat="43.2926960" lon="-1.7856750">
    <ele>556.6</ele>
    <time>2018-12-31T08:26:40Z</time>
   </trkpt>
   <trkpt lat="43.2926710" lon="-1.7856940">
    <ele>557.1</ele>
    <time>2018-12-31T08:26:42Z</time>
   </trkpt>
   <trkpt lat="43.2926400" lon="-1.7857000">
    <ele>557.7</ele>
    <time>2018-12-31T08:26:44Z</time>
   </trkpt>
   <trkpt lat="43.2926110" lon="-1.7856820">
    <ele>558.3</ele>
    <time>2018-12-31T08:26:47Z</time>
   </trkpt>
   <trkpt lat="43.2925820" lon="-1.7856890">
    <ele>559.5</ele>
    <time>2018-12-31T08:26:50Z</time>
   </trkpt>
   <trkpt lat="43.2925560" lon="-1.7857160">
    <ele>560.2</ele>
    <time>2018-12-31T08:26:54Z</time>
   </trkpt>
   <trkpt lat="43.2925320" lon="-1.7857430">
    <ele>561.0</ele>
    <time>2018-12-31T08:26:57Z</time>
   </trkpt>
   <trkpt lat="43.2924970" lon="-1.7857410">
    <ele>561.9</ele>
    <time>2018-12-31T08:27:00Z</time>
   </trkpt>
   <trkpt lat="43.2924730" lon="-1.7857160">
    <ele>562.8</ele>
    <time>2018-12-31T08:27:02Z</time>
   </trkpt>
   <trkpt lat="43.2924430" lon="-1.7856990">
    <ele>563.7</ele>
    <time>2018-12-31T08:27:06Z</time>
   </trkpt>
   <trkpt lat="43.2924120" lon="-1.7857090">
    <ele>564.5</ele>
    <time>2018-12-31T08:27:09Z</time>
   </trkpt>
   <trkpt lat="43.2923780" lon="-1.7857000">
    <ele>565.4</ele>
    <time>2018-12-31T08:27:12Z</time>
   </trkpt>
   <trkpt lat="43.2923440" lon="-1.7857050">
    <ele>566.3</ele>
    <time>2018-12-31T08:27:15Z</time>
   </trkpt>
   <trkpt lat="43.2923180" lon="-1.7856970">
    <ele>567.1</ele>
    <time>2018-12-31T08:27:18Z</time>
   </trkpt>
   <trkpt lat="43.2922990" lon="-1.7857290">
    <ele>567.9</ele>
    <time>2018-12-31T08:27:31Z</time>
   </trkpt>
   <trkpt lat="43.2922750" lon="-1.7857480">
    <ele>568.7</ele>
    <time>2018-12-31T08:27:36Z</time>
   </trkpt>
   <trkpt lat="43.2922390" lon="-1.7857470">
    <ele>569.7</ele>
    <time>2018-12-31T08:27:44Z</time>
   </trkpt>
   <trkpt lat="43.2922060" lon="-1.7857550">
    <ele>570.6</ele>
    <time>2018-12-31T08:27:47Z</time>
   </trkpt>
   <trkpt lat="43.2921720" lon="-1.7857640">
    <ele>571.5</ele>
    <time>2018-12-31T08:27:49Z</time>
   </trkpt>
   <trkpt lat="43.2921430" lon="-1.7857720">
    <ele>572.4</ele>
    <time>2018-12-31T08:27:53Z</time>
   </trkpt>
   <trkpt lat="43.2921080" lon="-1.7857680">
    <ele>573.4</ele>
    <time>2018-12-31T08:27:56Z</time>
   </trkpt>
   <trkpt lat="43.2920810" lon="-1.7857470">
    <ele>574.4</ele>
    <time>2018-12-31T08:27:58Z</time>
   </trkpt>
   <trkpt lat="43.2920560" lon="-1.7857310">
    <ele>575.2</ele>
    <time>2018-12-31T08:27:59Z</time>
   </trkpt>
   <trkpt lat="43.2920280" lon="-1.7857190">
    <ele>576.0</ele>
    <time>2018-12-31T08:28:01Z</time>
   </trkpt>
   <trkpt lat="43.2920000" lon="-1.7857140">
    <ele>576.7</ele>
    <time>2018-12-31T08:28:04Z</time>
   </trkpt>
   <trkpt lat="43.2919800" lon="-1.7856810">
    <ele>577.5</ele>
    <time>2018-12-31T08:28:08Z</time>
   </trkpt>
   <trkpt lat="43.2919530" lon="-1.7856580">
    <ele>578.2</ele>
    <time>2018-12-31T08:28:10Z</time>
   </trkpt>
   <trkpt lat="43.2919280" lon="-1.7856450">
    <ele>578.8</ele>
    <time>2018-12-31T08:28:15Z</time>
   </trkpt>
   <trkpt lat="43.2918970" lon="-1.7856370">
    <ele>579.4</ele>
    <time>2018-12-31T08:28:18Z</time>
   </trkpt>
   <trkpt lat="43.2918680" lon="-1.7856190">
    <ele>580.0</ele>
    <time>2018-12-31T08:28:23Z</time>
   </trkpt>
   <trkpt lat="43.2918350" lon="-1.7856140">
    <ele>580.6</ele>
    <time>2018-12-31T08:28:25Z</time>
   </trkpt>
   <trkpt lat="43.2918090" lon="-1.7855910">
    <ele>581.2</ele>
    <time>2018-12-31T08:28:29Z</time>
   </trkpt>
   <trkpt lat="43.2917750" lon="-1.7855880">
    <ele>582.3</ele>
    <time>2018-12-31T08:28:34Z</time>
   </trkpt>
   <trkpt lat="43.2917480" lon="-1.7855890">
    <ele>582.9</ele>
    <time>2018-12-31T08:28:39Z</time>
   </trkpt>
   <trkpt lat="43.2917280" lon="-1.7855620">
    <ele>583.5</ele>
    <time>2018-12-31T08:28:42Z</time>
   </trkpt>
   <trkpt lat="43.2916840" lon="-1.7855420">
    <ele>584.4</ele>
    <time>2018-12-31T08:28:45Z</time>
   </trkpt>
   <trkpt lat="43.2916590" lon="-1.7855260">
    <ele>585.0</ele>
    <time>2018-12-31T08:28:48Z</time>
   </trkpt>
   <trkpt lat="43.2916330" lon="-1.7855000">
    <ele>585.7</ele>
    <time>2018-12-31T08:28:53Z</time>
   </trkpt>
   <trkpt lat="43.2916040" lon="-1.7854950">
    <ele>586.3</ele>
    <time>2018-12-31T08:28:57Z</time>
   </trkpt>
   <trkpt lat="43.2915770" lon="-1.7855090">
    <ele>586.9</ele>
    <time>2018-12-31T08:29:08Z</time>
   </trkpt>
   <trkpt lat="43.2915310" lon="-1.7855040">
    <ele>587.7</ele>
    <time>2018-12-31T08:29:11Z</time>
   </trkpt>
   <trkpt lat="43.2915020" lon="-1.7854950">
    <ele>588.2</ele>
    <time>2018-12-31T08:29:12Z</time>
   </trkpt>
   <trkpt lat="43.2914740" lon="-1.7854870">
    <ele>588.8</ele>
    <time>2018-12-31T08:29:15Z</time>
   </trkpt>
   <trkpt lat="43.2914440" lon="-1.7854850">
    <ele>589.4</ele>
    <time>2018-12-31T08:29:19Z</time>
   </trkpt>
   <trkpt lat="43.2914010" lon="-1.7854810">
    <ele>590.4</ele>
    <time>2018-12-31T08:29:22Z</time>
   </trkpt>
   <trkpt lat="43.2913680" lon="-1.7854740">
    <ele>591.0</ele>
    <time>2018-12-31T08:29:25Z</time>
   </trkpt>
   <trkpt lat="43.2913390" lon="-1.7854630">
    <ele>591.6</ele>
    <time>2018-12-31T08:29:28Z</time>
   </trkpt>
   <trkpt lat="43.2913010" lon="-1.7854660">
    <ele>592.2</ele>
    <time>2018-12-31T08:29:31Z</time>
   </trkpt>
   <trkpt lat="43.2912710" lon="-1.7854770">
    <ele>592.8</ele>
    <time>2018-12-31T08:29:36Z</time>
   </trkpt>
   <trkpt lat="43.2912430" lon="-1.7854850">
    <ele>593.4</ele>
    <time>2018-12-31T08:29:40Z</time>
   </trkpt>
   <trkpt lat="43.2911880" lon="-1.7854980">
    <ele>594.6</ele>
    <time>2018-12-31T08:29:42Z</time>
   </trkpt>
   <trkpt lat="43.2911610" lon="-1.7854910">
    <ele>595.3</ele>
    <time>2018-12-31T08:29:44Z</time>
   </trkpt>
   <trkpt lat="43.2911260" lon="-1.7854760">
    <ele>596.2</ele>
    <time>2018-12-31T08:29:47Z</time>
   </trkpt>
   <trkpt lat="43.2911020" lon="-1.7854940">
    <ele>596.8</ele>
    <time>2018-12-31T08:29:58Z</time>
   </trkpt>
   <trkpt lat="43.2910840" lon="-1.7855270">
    <ele>597.5</ele>
    <time>2018-12-31T08:30:00Z</time>
   </trkpt>
   <trkpt lat="43.2910660" lon="-1.7855740">
    <ele>598.3</ele>
    <time>2018-12-31T08:30:04Z</time>
   </trkpt>
   <trkpt lat="43.2910490" lon="-1.7856170">
    <ele>599.1</ele>
    <time>2018-12-31T08:30:06Z</time>
   </trkpt>
   <trkpt lat="43.2910330" lon="-1.7856500">
    <ele>599.8</ele>
    <time>2018-12-31T08:30:09Z</time>
   </trkpt>
   <trkpt lat="43.2910020" lon="-1.7856760">
    <ele>600.8</ele>
    <time>2018-12-31T08:30:13Z</time>
   </trkpt>
   <trkpt lat="43.2909720" lon="-1.7856970">
    <ele>601.8</ele>
    <time>2018-12-31T08:30:16Z</time>
   </trkpt>
   <trkpt lat="43.2909390" lon="-1.7857030">
    <ele>602.9</ele>
    <time>2018-12-31T08:30:20Z</time>
   </trkpt>
   <trkpt lat="43.2909140" lon="-1.7856770">
    <ele>603.9</ele>
    <time>2018-12-31T08:30:23Z</time>
   </trkpt>
   <trkpt lat="43.2908970" lon="-1.7856400">
    <ele>604.9</ele>
    <time>2018-12-31T08:30:27Z</time>
   </trkpt>
   <trkpt lat="43.2908760" lon="-1.7856040">
    <ele>606.0</ele>
    <time>2018-12-31T08:30:30Z</time>
   </trkpt>
   <trkpt lat="43.2908720" lon="-1.7855640">
    <ele>606.8</ele>
    <time>2018-12-31T08:30:35Z</time>
   </trkpt>
   <trkpt lat="43.2908490" lon="-1.7855220">
    <ele>607.8</ele>
    <time>2018-12-31T08:30:39Z</time>
   </trkpt>
   <trkpt lat="43.2908310" lon="-1.7854930">
    <ele>608.5</ele>
    <time>2018-12-31T08:30:41Z</time>
   </trkpt>
   <trkpt lat="43.2908040" lon="-1.7854680">
    <ele>609.6</ele>
    <time>2018-12-31T08:30:54Z</time>
   </trkpt>
   <trkpt lat="43.2907760" lon="-1.7854480">
    <ele>610.6</ele>
    <time>2018-12-31T08:30:56Z</time>
   </trkpt>
   <trkpt lat="43.2907690" lon="-1.7854100">
    <ele>611.3</ele>
    <time>2018-12-31T08:30:59Z</time>
   </trkpt>
   <trkpt lat="43.2907530" lon="-1.7853380">
    <ele>612.5</ele>
    <time>2018-12-31T08:31:02Z</time>
   </trkpt>
   <trkpt lat="43.2907450" lon="-1.7852880">
    <ele>613.2</ele>
    <time>2018-12-31T08:31:03Z</time>
   </trkpt>
   <trkpt lat="43.2907480" lon="-1.7852490">
    <ele>613.7</ele>
    <time>2018-12-31T08:31:06Z</time>
   </trkpt>
   <trkpt lat="43.2907120" lon="-1.7852280">
    <ele>614.4</ele>
    <time>2018-12-31T08:31:22Z</time>
   </trkpt>
   <trkpt lat="43.2906790" lon="-1.7851950">
    <ele>615.2</ele>
    <time>2018-12-31T08:31:25Z</time>
   </trkpt>
   <trkpt lat="43.2906480" lon="-1.7851770">
    <ele>615.8</ele>
    <time>2018-12-31T08:31:28Z</time>
   </trkpt>
   <trkpt lat="43.2906210" lon="-1.7851650">
    <ele>616.4</ele>
    <time>2018-12-31T08:31:30Z</time>
   </trkpt>
   <trkpt lat="43.2905890" lon="-1.7851530">
    <ele>617.0</ele>
    <time>2018-12-31T08:31:33Z</time>
   </trkpt>
   <trkpt lat="43.2905620" lon="-1.7851310">
    <ele>617.5</ele>
    <time>2018-12-31T08:31:35Z</time>
   </trkpt>
   <trkpt lat="43.2905270" lon="-1.7851040">
    <ele>618.1</ele>
    <time>2018-12-31T08:31:42Z</time>
   </trkpt>
   <trkpt lat="43.2905000" lon="-1.7850720">
    <ele>618.7</ele>
    <time>2018-12-31T08:31:44Z</time>
   </trkpt>
   <trkpt lat="43.2904760" lon="-1.7850460">
    <ele>619.2</ele>
    <time>2018-12-31T08:31:47Z</time>
   </trkpt>
   <trkpt lat="43.2904430" lon="-1.7850270">
    <ele>619.7</ele>
    <time>2018-12-31T08:31:50Z</time>
   </trkpt>
   <trkpt lat="43.2903970" lon="-1.7850080">
    <ele>620.4</ele>
    <time>2018-12-31T08:31:54Z</time>
   </trkpt>
   <trkpt lat="43.2903610" lon="-1.7849990">
    <ele>621.0</ele>
    <time>2018-12-31T08:31:56Z</time>
   </trkpt>
   <trkpt lat="43.2903800" lon="-1.7849560">
    <ele>621.6</ele>
    <time>2018-12-31T08:32:02Z</time>
   </trkpt>
   <trkpt lat="43.2903870" lon="-1.7849040">
    <ele>622.3</ele>
    <time>2018-12-31T08:32:04Z</time>
   </trkpt>
   <trkpt lat="43.2903630" lon="-1.7848760">
    <ele>622.8</ele>
    <time>2018-12-31T08:32:10Z</time>
   </trkpt>
   <trkpt lat="43.2903360" lon="-1.7848540">
    <ele>623.3</ele>
    <time>2018-12-31T08:32:12Z</time>
   </trkpt>
   <trkpt lat="43.2903120" lon="-1.7848300">
    <ele>623.9</ele>
    <time>2018-12-31T08:32:16Z</time>
   </trkpt>
   <trkpt lat="43.2902890" lon="-1.7847960">
    <ele>624.5</ele>
    <time>2018-12-31T08:32:20Z</time>
   </trkpt>
   <trkpt lat="43.2902720" lon="-1.7847520">
    <ele>625.2</ele>
    <time>2018-12-31T08:32:24Z</time>
   </trkpt>
   <trkpt lat="43.2902560" lon="-1.7847210">
    <ele>625.7</ele>
    <time>2018-12-31T08:32:31Z</time>
   </trkpt>
   <trkpt lat="43.2902220" lon="-1.7846900">
    <ele>626.4</ele>
    <time>2018-12-31T08:32:42Z</time>
   </trkpt>
   <trkpt lat="43.2901770" lon="-1.7846400">
    <ele>627.4</ele>
    <time>2018-12-31T08:32:44Z</time>
   </trkpt>
   <trkpt lat="43.2901500" lon="-1.7846140">
    <ele>628.0</ele>
    <time>2018-12-31T08:32:45Z</time>
   </trkpt>
   <trkpt lat="43.2901460" lon="-1.7845700">
    <ele>628.5</ele>
    <time>2018-12-31T08:32:49Z</time>
   </trkpt>
   <trkpt lat="43.2901260" lon="-1.7845380">
    <ele>629.0</ele>
    <time>2018-12-31T08:32:55Z</time>
   </trkpt>
   <trkpt lat="43.2900960" lon="-1.7845220">
    <ele>629.5</ele>
    <time>2018-12-31T08:32:58Z</time>
   </trkpt>
   <trkpt lat="43.2900740" lon="-1.7844990">
    <ele>630.1</ele>
    <time>2018-12-31T08:33:00Z</time>
   </trkpt>
   <trkpt lat="43.2900510" lon="-1.7844660">
    <ele>630.9</ele>
    <time>2018-12-31T08:33:03Z</time>
   </trkpt>
   <trkpt lat="43.2900270" lon="-1.7844220">
    <ele>631.7</ele>
    <time>2018-12-31T08:33:05Z</time>
   </trkpt>
   <trkpt lat="43.2900030" lon="-1.7843960">
    <ele>632.3</ele>
    <time>2018-12-31T08:33:08Z</time>
   </trkpt>
   <trkpt lat="43.2899900" lon="-1.7843550">
    <ele>633.1</ele>
    <time>2018-12-31T08:33:11Z</time>
   </trkpt>
   <trkpt lat="43.2899980" lon="-1.7843160">
    <ele>633.8</ele>
    <time>2018-12-31T08:33:17Z</time>
   </trkpt>
   <trkpt lat="43.2899550" lon="-1.7843030">
    <ele>634.8</ele>
    <time>2018-12-31T08:33:21Z</time>
   </trkpt>
   <trkpt lat="43.2899250" lon="-1.7842870">
    <ele>635.5</ele>
    <time>2018-12-31T08:33:23Z</time>
   </trkpt>
   <trkpt lat="43.2899030" lon="-1.7842640">
    <ele>636.2</ele>
    <time>2018-12-31T08:33:26Z</time>
   </trkpt>
   <trkpt lat="43.2898940" lon="-1.7842270">
    <ele>636.7</ele>
    <time>2018-12-31T08:33:29Z</time>
   </trkpt>
   <trkpt lat="43.2898950" lon="-1.7841750">
    <ele>637.3</ele>
    <time>2018-12-31T08:33:33Z</time>
   </trkpt>
   <trkpt lat="43.2898890" lon="-1.7841290">
    <ele>637.9</ele>
    <time>2018-12-31T08:33:37Z</time>
   </trkpt>
   <trkpt lat="43.2898740" lon="-1.7840960">
    <ele>638.4</ele>
    <time>2018-12-31T08:33:40Z</time>
   </trkpt>
   <trkpt lat="43.2898730" lon="-1.7840470">
    <ele>639.0</ele>
    <time>2018-12-31T08:33:44Z</time>
   </trkpt>
   <trkpt lat="43.2898820" lon="-1.7839960">
    <ele>639.7</ele>
    <time>2018-12-31T08:33:49Z</time>
   </trkpt>
   <trkpt lat="43.2898590" lon="-1.7839670">
    <ele>640.3</ele>
    <time>2018-12-31T08:33:53Z</time>
   </trkpt>
   <trkpt lat="43.2898370" lon="-1.7839330">
    <ele>641.0</ele>
    <time>2018-12-31T08:33:56Z</time>
   </trkpt>
   <trkpt lat="43.2898260" lon="-1.7838930">
    <ele>641.5</ele>
    <time>2018-12-31T08:34:02Z</time>
   </trkpt>
   <trkpt lat="43.2898060" lon="-1.7838490">
    <ele>642.2</ele>
    <time>2018-12-31T08:34:04Z</time>
   </trkpt>
   <trkpt lat="43.2898100" lon="-1.7838110">
    <ele>642.6</ele>
    <time>2018-12-31T08:34:07Z</time>
   </trkpt>
   <trkpt lat="43.2897920" lon="-1.7837730">
    <ele>643.0</ele>
    <time>2018-12-31T08:34:11Z</time>
   </trkpt>
   <trkpt lat="43.2897770" lon="-1.7837380">
    <ele>643.4</ele>
    <time>2018-12-31T08:34:14Z</time>
   </trkpt>
   <trkpt lat="43.2897970" lon="-1.7837090">
    <ele>643.8</ele>
    <time>2018-12-31T08:34:23Z</time>
   </trkpt>
   <trkpt lat="43.2897710" lon="-1.7836940">
    <ele>644.3</ele>
    <time>2018-12-31T08:34:38Z</time>
   </trkpt>
   <trkpt lat="43.2897680" lon="-1.7836540">
    <ele>644.6</ele>
    <time>2018-12-31T08:34:46Z</time>
   </trkpt>
   <trkpt lat="43.2897380" lon="-1.7836490">
    <ele>645.0</ele>
    <time>2018-12-31T08:34:54Z</time>
   </trkpt>
   <trkpt lat="43.2897220" lon="-1.7836070">
    <ele>645.4</ele>
    <time>2018-12-31T08:34:58Z</time>
   </trkpt>
   <trkpt lat="43.2896910" lon="-1.7835780">
    <ele>645.8</ele>
    <time>2018-12-31T08:35:02Z</time>
   </trkpt>
   <trkpt lat="43.2896600" lon="-1.7835490">
    <ele>646.4</ele>
    <time>2018-12-31T08:35:05Z</time>
   </trkpt>
   <trkpt lat="43.2896440" lon="-1.7835100">
    <ele>646.9</ele>
    <time>2018-12-31T08:35:09Z</time>
   </trkpt>
   <trkpt lat="43.2896190" lon="-1.7834790">
    <ele>647.4</ele>
    <time>2018-12-31T08:35:14Z</time>
   </trkpt>
   <trkpt lat="43.2895990" lon="-1.7834430">
    <ele>648.0</ele>
    <time>2018-12-31T08:35:18Z</time>
   </trkpt>
   <trkpt lat="43.2895760" lon="-1.7834160">
    <ele>648.5</ele>
    <time>2018-12-31T08:35:24Z</time>
   </trkpt>
   <trkpt lat="43.2895440" lon="-1.7833920">
    <ele>649.2</ele>
    <time>2018-12-31T08:35:28Z</time>
   </trkpt>
   <trkpt lat="43.2895170" lon="-1.7833800">
    <ele>649.8</ele>
    <time>2018-12-31T08:35:31Z</time>
   </trkpt>
   <trkpt lat="43.2894960" lon="-1.7833570">
    <ele>650.3</ele>
    <time>2018-12-31T08:35:34Z</time>
   </trkpt>
   <trkpt lat="43.2894620" lon="-1.7833400">
    <ele>651.3</ele>
    <time>2018-12-31T08:36:07Z</time>
   </trkpt>
   <trkpt lat="43.2894350" lon="-1.7833430">
    <ele>652.1</ele>
    <time>2018-12-31T08:36:09Z</time>
   </trkpt>
   <trkpt lat="43.2894280" lon="-1.7833030">
    <ele>653.1</ele>
    <time>2018-12-31T08:36:19Z</time>
   </trkpt>
   <trkpt lat="43.2893910" lon="-1.7833140">
    <ele>654.5</ele>
    <time>2018-12-31T08:36:22Z</time>
   </trkpt>
   <trkpt lat="43.2893580" lon="-1.7833370">
    <ele>655.9</ele>
    <time>2018-12-31T08:36:25Z</time>
   </trkpt>
   <trkpt lat="43.2893290" lon="-1.7833460">
    <ele>657.0</ele>
    <time>2018-12-31T08:36:28Z</time>
   </trkpt>
   <trkpt lat="43.2893150" lon="-1.7833790">
    <ele>658.1</ele>
    <time>2018-12-31T08:36:33Z</time>
   </trkpt>
   <trkpt lat="43.2892930" lon="-1.7834040">
    <ele>659.3</ele>
    <time>2018-12-31T08:36:38Z</time>
   </trkpt>
   <trkpt lat="43.2892660" lon="-1.7834090">
    <ele>660.4</ele>
    <time>2018-12-31T08:36:54Z</time>
   </trkpt>
   <trkpt lat="43.2892040" lon="-1.7833850">
    <ele>663.1</ele>
    <time>2018-12-31T08:37:03Z</time>
   </trkpt>
   <trkpt lat="43.2891710" lon="-1.7833680">
    <ele>664.6</ele>
    <time>2018-12-31T08:37:05Z</time>
   </trkpt>
   <trkpt lat="43.2891390" lon="-1.7833410">
    <ele>666.2</ele>
    <time>2018-12-31T08:37:08Z</time>
   </trkpt>
   <trkpt lat="43.2890970" lon="-1.7833270">
    <ele>668.0</ele>
    <time>2018-12-31T08:37:11Z</time>
   </trkpt>
   <trkpt lat="43.2890620" lon="-1.7833200">
    <ele>669.4</ele>
    <time>2018-12-31T08:37:13Z</time>
   </trkpt>
   <trkpt lat="43.2890280" lon="-1.7833110">
    <ele>670.8</ele>
    <time>2018-12-31T08:37:15Z</time>
   </trkpt>
   <trkpt lat="43.2890420" lon="-1.7833460">
    <ele>672.0</ele>
    <time>2018-12-31T08:37:28Z</time>
   </trkpt>
   <trkpt lat="43.2890610" lon="-1.7833740">
    <ele>672.9</ele>
    <time>2018-12-31T08:37:35Z</time>
   </trkpt>
   <trkpt lat="43.2890660" lon="-1.7834120">
    <ele>673.8</ele>
    <time>2018-12-31T08:37:38Z</time>
   </trkpt>
   <trkpt lat="43.2890760" lon="-1.7834480">
    <ele>674.6</ele>
    <time>2018-12-31T08:37:40Z</time>
   </trkpt>
   <trkpt lat="43.2890940" lon="-1.7834780">
    <ele>675.5</ele>
    <time>2018-12-31T08:37:42Z</time>
   </trkpt>
   <trkpt lat="43.2891140" lon="-1.7835190">
    <ele>676.4</ele>
    <time>2018-12-31T08:37:45Z</time>
   </trkpt>
   <trkpt lat="43.2891190" lon="-1.7835600">
    <ele>677.2</ele>
    <time>2018-12-31T08:37:47Z</time>
   </trkpt>
   <trkpt lat="43.2891240" lon="-1.7836010">
    <ele>677.9</ele>
    <time>2018-12-31T08:37:49Z</time>
   </trkpt>
   <trkpt lat="43.2891170" lon="-1.7836390">
    <ele>678.5</ele>
    <time>2018-12-31T08:37:52Z</time>
   </trkpt>
   <trkpt lat="43.2891170" lon="-1.7836830">
    <ele>679.0</ele>
    <time>2018-12-31T08:37:55Z</time>
   </trkpt>
   <trkpt lat="43.2891200" lon="-1.7837240">
    <ele>679.5</ele>
    <time>2018-12-31T08:37:58Z</time>
   </trkpt>
   <trkpt lat="43.2891290" lon="-1.7837770">
    <ele>680.3</ele>
    <time>2018-12-31T08:38:01Z</time>
   </trkpt>
   <trkpt lat="43.2891240" lon="-1.7838200">
    <ele>680.9</ele>
    <time>2018-12-31T08:38:04Z</time>
   </trkpt>
   <trkpt lat="43.2891200" lon="-1.7838610">
    <ele>681.5</ele>
    <time>2018-12-31T08:38:06Z</time>
   </trkpt>
   <trkpt lat="43.2891130" lon="-1.7839020">
    <ele>682.0</ele>
    <time>2018-12-31T08:38:08Z</time>
   </trkpt>
   <trkpt lat="43.2891030" lon="-1.7839410">
    <ele>684.2</ele>
    <time>2018-12-31T08:38:11Z</time>
   </trkpt>
   <trkpt lat="43.2891060" lon="-1.7839810">
    <ele>684.6</ele>
    <time>2018-12-31T08:38:14Z</time>
   </trkpt>
   <trkpt lat="43.2891160" lon="-1.7840160">
    <ele>685.1</ele>
    <time>2018-12-31T08:38:19Z</time>
   </trkpt>
   <trkpt lat="43.2891110" lon="-1.7840680">
    <ele>685.7</ele>
    <time>2018-12-31T08:38:22Z</time>
   </trkpt>
   <trkpt lat="43.2890860" lon="-1.7840920">
    <ele>686.8</ele>
    <time>2018-12-31T08:38:26Z</time>
   </trkpt>
   <trkpt lat="43.2890860" lon="-1.7841330">
    <ele>687.9</ele>
    <time>2018-12-31T08:38:30Z</time>
   </trkpt>
   <trkpt lat="43.2890990" lon="-1.7841670">
    <ele>689.0</ele>
    <time>2018-12-31T08:38:35Z</time>
   </trkpt>
   <trkpt lat="43.2890990" lon="-1.7842090">
    <ele>689.8</ele>
    <time>2018-12-31T08:38:40Z</time>
   </trkpt>
   <trkpt lat="43.2890770" lon="-1.7842350">
    <ele>690.3</ele>
    <time>2018-12-31T08:38:49Z</time>
   </trkpt>
   <trkpt lat="43.2890680" lon="-1.7842760">
    <ele>690.9</ele>
    <time>2018-12-31T08:38:55Z</time>
   </trkpt>
   <trkpt lat="43.2890600" lon="-1.7843120">
    <ele>691.6</ele>
    <time>2018-12-31T08:38:57Z</time>
   </trkpt>
   <trkpt lat="43.2890390" lon="-1.7843410">
    <ele>692.8</ele>
    <time>2018-12-31T08:38:59Z</time>
   </trkpt>
   <trkpt lat="43.2890190" lon="-1.7843760">
    <ele>694.2</ele>
    <time>2018-12-31T08:39:02Z</time>
   </trkpt>
   <trkpt lat="43.2889950" lon="-1.7844200">
    <ele>695.8</ele>
    <time>2018-12-31T08:39:05Z</time>
   </trkpt>
   <trkpt lat="43.2889690" lon="-1.7844310">
    <ele>696.9</ele>
    <time>2018-12-31T08:39:07Z</time>
   </trkpt>
   <trkpt lat="43.2889710" lon="-1.7844750">
    <ele>698.2</ele>
    <time>2018-12-31T08:39:13Z</time>
   </trkpt>
   <trkpt lat="43.2889780" lon="-1.7845220">
    <ele>699.6</ele>
    <time>2018-12-31T08:39:16Z</time>
   </trkpt>
   <trkpt lat="43.2889850" lon="-1.7845610">
    <ele>700.7</ele>
    <time>2018-12-31T08:39:19Z</time>
   </trkpt>
   <trkpt lat="43.2889870" lon="-1.7846040">
    <ele>701.9</ele>
    <time>2018-12-31T08:39:23Z</time>
   </trkpt>
   <trkpt lat="43.2889740" lon="-1.7846500">
    <ele>703.3</ele>
    <time>2018-12-31T08:39:27Z</time>
   </trkpt>
   <trkpt lat="43.2889660" lon="-1.7846080">
    <ele>704.4</ele>
    <time>2018-12-31T08:39:35Z</time>
   </trkpt>
   <trkpt lat="43.2889540" lon="-1.7845560">
    <ele>705.7</ele>
    <time>2018-12-31T08:39:39Z</time>
   </trkpt>
   <trkpt lat="43.2889240" lon="-1.7845510">
    <ele>706.8</ele>
    <time>2018-12-31T08:39:42Z</time>
   </trkpt>
   <trkpt lat="43.2889050" lon="-1.7845890">
    <ele>707.9</ele>
    <time>2018-12-31T08:39:45Z</time>
   </trkpt>
   <trkpt lat="43.2889170" lon="-1.7846280">
    <ele>708.9</ele>
    <time>2018-12-31T08:39:48Z</time>
   </trkpt>
   <trkpt lat="43.2889220" lon="-1.7846790">
    <ele>710.2</ele>
    <time>2018-12-31T08:39:52Z</time>
   </trkpt>
   <trkpt lat="43.2889280" lon="-1.7847190">
    <ele>711.2</ele>
    <time>2018-12-31T08:39:59Z</time>
   </trkpt>
   <trkpt lat="43.2889280" lon="-1.7847590">
    <ele>712.3</ele>
    <time>2018-12-31T08:40:04Z</time>
   </trkpt>
   <trkpt lat="43.2889180" lon="-1.7848060">
    <ele>713.6</ele>
    <time>2018-12-31T08:40:14Z</time>
   </trkpt>
   <trkpt lat="43.2889110" lon="-1.7848590">
    <ele>714.6</ele>
    <time>2018-12-31T08:40:18Z</time>
   </trkpt>
   <trkpt lat="43.2888920" lon="-1.7848970">
    <ele>715.0</ele>
    <time>2018-12-31T08:40:21Z</time>
   </trkpt>
   <trkpt lat="43.2888710" lon="-1.7849360">
    <ele>715.3</ele>
    <time>2018-12-31T08:40:24Z</time>
   </trkpt>
   <trkpt lat="43.2888670" lon="-1.7849860">
    <ele>716.1</ele>
    <time>2018-12-31T08:40:29Z</time>
   </trkpt>
   <trkpt lat="43.2888730" lon="-1.7850270">
    <ele>717.0</ele>
    <time>2018-12-31T08:40:33Z</time>
   </trkpt>
   <trkpt lat="43.2888540" lon="-1.7850540">
    <ele>717.8</ele>
    <time>2018-12-31T08:40:41Z</time>
   </trkpt>
   <trkpt lat="43.2888360" lon="-1.7850910">
    <ele>718.7</ele>
    <time>2018-12-31T08:40:44Z</time>
   </trkpt>
   <trkpt lat="43.2888140" lon="-1.7851240">
    <ele>719.6</ele>
    <time>2018-12-31T08:40:49Z</time>
   </trkpt>
   <trkpt lat="43.2888410" lon="-1.7851320">
    <ele>720.3</ele>
    <time>2018-12-31T08:40:56Z</time>
   </trkpt>
   <trkpt lat="43.2888120" lon="-1.7851150">
    <ele>721.1</ele>
    <time>2018-12-31T08:41:04Z</time>
   </trkpt>
   <trkpt lat="43.2887860" lon="-1.7851360">
    <ele>721.7</ele>
    <time>2018-12-31T08:41:12Z</time>
   </trkpt>
   <trkpt lat="43.2887860" lon="-1.7851740">
    <ele>722.3</ele>
    <time>2018-12-31T08:41:15Z</time>
   </trkpt>
   <trkpt lat="43.2887940" lon="-1.7852150">
    <ele>723.0</ele>
    <time>2018-12-31T08:41:17Z</time>
   </trkpt>
   <trkpt lat="43.2887850" lon="-1.7852660">
    <ele>723.0</ele>
    <time>2018-12-31T08:41:20Z</time>
   </trkpt>
   <trkpt lat="43.2887530" lon="-1.7852820">
    <ele>722.8</ele>
    <time>2018-12-31T08:41:22Z</time>
   </trkpt>
   <trkpt lat="43.2887270" lon="-1.7853020">
    <ele>722.6</ele>
    <time>2018-12-31T08:41:27Z</time>
   </trkpt>
   <trkpt lat="43.2887390" lon="-1.7853350">
    <ele>722.4</ele>
    <time>2018-12-31T08:41:31Z</time>
   </trkpt>
   <trkpt lat="43.2887670" lon="-1.7853510">
    <ele>722.5</ele>
    <time>2018-12-31T08:41:35Z</time>
   </trkpt>
   <trkpt lat="43.2887870" lon="-1.7853830">
    <ele>722.6</ele>
    <time>2018-12-31T08:42:29Z</time>
   </trkpt>
   <trkpt lat="43.2888050" lon="-1.7854130">
    <ele>722.6</ele>
    <time>2018-12-31T08:42:33Z</time>
   </trkpt>
   <trkpt lat="43.2888100" lon="-1.7854680">
    <ele>722.8</ele>
    <time>2018-12-31T08:42:38Z</time>
   </trkpt>
   <trkpt lat="43.2888240" lon="-1.7855190">
    <ele>722.7</ele>
    <time>2018-12-31T08:42:40Z</time>
   </trkpt>
   <trkpt lat="43.2887970" lon="-1.7855360">
    <ele>722.7</ele>
    <time>2018-12-31T08:42:46Z</time>
   </trkpt>
   <trkpt lat="43.2887650" lon="-1.7855510">
    <ele>722.7</ele>
    <time>2018-12-31T08:42:53Z</time>
   </trkpt>
   <trkpt lat="43.2887490" lon="-1.7855820">
    <ele>723.3</ele>
    <time>2018-12-31T08:42:57Z</time>
   </trkpt>
   <trkpt lat="43.2887590" lon="-1.7856160">
    <ele>723.9</ele>
    <time>2018-12-31T08:43:06Z</time>
   </trkpt>
   <trkpt lat="43.2887510" lon="-1.7856650">
    <ele>724.7</ele>
    <time>2018-12-31T08:43:10Z</time>
   </trkpt>
   <trkpt lat="43.2887560" lon="-1.7857040">
    <ele>725.0</ele>
    <time>2018-12-31T08:43:14Z</time>
   </trkpt>
   <trkpt lat="43.2887390" lon="-1.7857390">
    <ele>725.3</ele>
    <time>2018-12-31T08:43:20Z</time>
   </trkpt>
   <trkpt lat="43.2887000" lon="-1.7857420">
    <ele>725.7</ele>
    <time>2018-12-31T08:43:33Z</time>
   </trkpt>
   <trkpt lat="43.2886680" lon="-1.7857250">
    <ele>726.4</ele>
    <time>2018-12-31T08:43:35Z</time>
   </trkpt>
   <trkpt lat="43.2886430" lon="-1.7857040">
    <ele>726.9</ele>
    <time>2018-12-31T08:43:38Z</time>
   </trkpt>
   <trkpt lat="43.2886230" lon="-1.7856790">
    <ele>727.4</ele>
    <time>2018-12-31T08:43:49Z</time>
   </trkpt>
   <trkpt lat="43.2886020" lon="-1.7856510">
    <ele>728.0</ele>
    <time>2018-12-31T08:43:53Z</time>
   </trkpt>
   <trkpt lat="43.2885770" lon="-1.7856300">
    <ele>729.1</ele>
    <time>2018-12-31T08:43:57Z</time>
   </trkpt>
   <trkpt lat="43.2885490" lon="-1.7856190">
    <ele>729.2</ele>
    <time>2018-12-31T08:44:03Z</time>
   </trkpt>
   <trkpt lat="43.2885170" lon="-1.7856300">
    <ele>729.3</ele>
    <time>2018-12-31T08:44:07Z</time>
   </trkpt>
   <trkpt lat="43.2884890" lon="-1.7856190">
    <ele>729.4</ele>
    <time>2018-12-31T08:44:12Z</time>
   </trkpt>
   <trkpt lat="43.2884690" lon="-1.7855930">
    <ele>730.2</ele>
    <time>2018-12-31T08:44:41Z</time>
   </trkpt>
   <trkpt lat="43.2884390" lon="-1.7855910">
    <ele>730.5</ele>
    <time>2018-12-31T08:44:48Z</time>
   </trkpt>
   <trkpt lat="43.2884080" lon="-1.7856000">
    <ele>730.8</ele>
    <time>2018-12-31T08:44:53Z</time>
   </trkpt>
   <trkpt lat="43.2883790" lon="-1.7856030">
    <ele>731.1</ele>
    <time>2018-12-31T08:44:57Z</time>
   </trkpt>
   <trkpt lat="43.2883510" lon="-1.7855890">
    <ele>731.4</ele>
    <time>2018-12-31T08:45:08Z</time>
   </trkpt>
   <trkpt lat="43.2883180" lon="-1.7855700">
    <ele>731.9</ele>
    <time>2018-12-31T08:45:11Z</time>
   </trkpt>
   <trkpt lat="43.2882920" lon="-1.7855600">
    <ele>732.3</ele>
    <time>2018-12-31T08:45:14Z</time>
   </trkpt>
   <trkpt lat="43.2882630" lon="-1.7855510">
    <ele>732.7</ele>
    <time>2018-12-31T08:45:42Z</time>
   </trkpt>
   <trkpt lat="43.2882330" lon="-1.7855330">
    <ele>733.2</ele>
    <time>2018-12-31T08:45:47Z</time>
   </trkpt>
   <trkpt lat="43.2882300" lon="-1.7854950">
    <ele>733.6</ele>
    <time>2018-12-31T08:45:54Z</time>
   </trkpt>
   <trkpt lat="43.2882140" lon="-1.7854600">
    <ele>734.0</ele>
    <time>2018-12-31T08:45:58Z</time>
   </trkpt>
   <trkpt lat="43.2881920" lon="-1.7854250">
    <ele>734.6</ele>
    <time>2018-12-31T08:46:06Z</time>
   </trkpt>
   <trkpt lat="43.2881660" lon="-1.7854100">
    <ele>735.0</ele>
    <time>2018-12-31T08:46:09Z</time>
   </trkpt>
   <trkpt lat="43.2881390" lon="-1.7853920">
    <ele>735.5</ele>
    <time>2018-12-31T08:46:12Z</time>
   </trkpt>
   <trkpt lat="43.2881100" lon="-1.7853790">
    <ele>735.9</ele>
    <time>2018-12-31T08:46:15Z</time>
   </trkpt>
   <trkpt lat="43.2880900" lon="-1.7854080">
    <ele>736.4</ele>
    <time>2018-12-31T08:46:27Z</time>
   </trkpt>
   <trkpt lat="43.2880610" lon="-1.7854050">
    <ele>736.8</ele>
    <time>2018-12-31T08:46:32Z</time>
   </trkpt>
   <trkpt lat="43.2880320" lon="-1.7854130">
    <ele>737.3</ele>
    <time>2018-12-31T08:46:35Z</time>
   </trkpt>
   <trkpt lat="43.2879930" lon="-1.7854110">
    <ele>738.0</ele>
    <time>2018-12-31T08:46:38Z</time>
   </trkpt>
   <trkpt lat="43.2879600" lon="-1.7854060">
    <ele>738.5</ele>
    <time>2018-12-31T08:46:40Z</time>
   </trkpt>
   <trkpt lat="43.2879320" lon="-1.7854150">
    <ele>739.0</ele>
    <time>2018-12-31T08:46:49Z</time>
   </trkpt>
   <trkpt lat="43.2878980" lon="-1.7854110">
    <ele>739.7</ele>
    <time>2018-12-31T08:47:07Z</time>
   </trkpt>
   <trkpt lat="43.2878680" lon="-1.7853970">
    <ele>740.2</ele>
    <time>2018-12-31T08:47:09Z</time>
   </trkpt>
   <trkpt lat="43.2878280" lon="-1.7853880">
    <ele>741.0</ele>
    <time>2018-12-31T08:47:12Z</time>
   </trkpt>
   <trkpt lat="43.2877890" lon="-1.7853730">
    <ele>741.5</ele>
    <time>2018-12-31T08:47:14Z</time>
   </trkpt>
   <trkpt lat="43.2877570" lon="-1.7853650">
    <ele>742.0</ele>
    <time>2018-12-31T08:47:17Z</time>
   </trkpt>
   <trkpt lat="43.2877260" lon="-1.7853420">
    <ele>742.4</ele>
    <time>2018-12-31T08:47:22Z</time>
   </trkpt>
   <trkpt lat="43.2877010" lon="-1.7853280">
    <ele>742.8</ele>
    <time>2018-12-31T08:47:27Z</time>
   </trkpt>
   <trkpt lat="43.2877380" lon="-1.7853340">
    <ele>743.3</ele>
    <time>2018-12-31T08:49:15Z</time>
   </trkpt>
   <trkpt lat="43.2877680" lon="-1.7853170">
    <ele>743.7</ele>
    <time>2018-12-31T08:49:18Z</time>
   </trkpt>
   <trkpt lat="43.2877970" lon="-1.7853090">
    <ele>744.1</ele>
    <time>2018-12-31T08:49:24Z</time>
   </trkpt>
   <trkpt lat="43.2878320" lon="-1.7853270">
    <ele>744.6</ele>
    <time>2018-12-31T08:49:27Z</time>
   </trkpt>
   <trkpt lat="43.2878590" lon="-1.7853300">
    <ele>745.0</ele>
    <time>2018-12-31T08:49:29Z</time>
   </trkpt>
   <trkpt lat="43.2878800" lon="-1.7853030">
    <ele>745.4</ele>
    <time>2018-12-31T08:49:37Z</time>
   </trkpt>
   <trkpt lat="43.2878510" lon="-1.7852540">
    <ele>746.3</ele>
    <time>2018-12-31T08:49:45Z</time>
   </trkpt>
   <trkpt lat="43.2878400" lon="-1.7852130">
    <ele>747.3</ele>
    <time>2018-12-31T08:49:48Z</time>
   </trkpt>
   <trkpt lat="43.2878450" lon="-1.7851710">
    <ele>748.2</ele>
    <time>2018-12-31T08:49:53Z</time>
   </trkpt>
   <trkpt lat="43.2878310" lon="-1.7851340">
    <ele>748.9</ele>
    <time>2018-12-31T08:49:55Z</time>
   </trkpt>
   <trkpt lat="43.2878590" lon="-1.7851160">
    <ele>749.7</ele>
    <time>2018-12-31T08:49:58Z</time>
   </trkpt>
   <trkpt lat="43.2878630" lon="-1.7850730">
    <ele>750.5</ele>
    <time>2018-12-31T08:50:04Z</time>
   </trkpt>
   <trkpt lat="43.2878710" lon="-1.7850220">
    <ele>751.4</ele>
    <time>2018-12-31T08:50:08Z</time>
   </trkpt>
   <trkpt lat="43.2879020" lon="-1.7849960">
    <ele>752.5</ele>
    <time>2018-12-31T08:50:10Z</time>
   </trkpt>
   <trkpt lat="43.2879190" lon="-1.7849640">
    <ele>753.4</ele>
    <time>2018-12-31T08:50:14Z</time>
   </trkpt>
   <trkpt lat="43.2879300" lon="-1.7849300">
    <ele>754.1</ele>
    <time>2018-12-31T08:50:21Z</time>
   </trkpt>
   <trkpt lat="43.2879030" lon="-1.7849190">
    <ele>754.8</ele>
    <time>2018-12-31T08:50:24Z</time>
   </trkpt>
   <trkpt lat="43.2878840" lon="-1.7848870">
    <ele>755.5</ele>
    <time>2018-12-31T08:50:40Z</time>
   </trkpt>
   <trkpt lat="43.2878890" lon="-1.7848400">
    <ele>756.2</ele>
    <time>2018-12-31T08:50:48Z</time>
   </trkpt>
   <trkpt lat="43.2878700" lon="-1.7848130">
    <ele>756.8</ele>
    <time>2018-12-31T08:50:58Z</time>
   </trkpt>
   <trkpt lat="43.2878540" lon="-1.7847820">
    <ele>757.0</ele>
    <time>2018-12-31T08:51:06Z</time>
   </trkpt>
   <trkpt lat="43.2878240" lon="-1.7847800">
    <ele>757.3</ele>
    <time>2018-12-31T08:51:21Z</time>
   </trkpt>
   <trkpt lat="43.2878070" lon="-1.7847440">
    <ele>757.6</ele>
    <time>2018-12-31T08:51:26Z</time>
   </trkpt>
   <trkpt lat="43.2877950" lon="-1.7847010">
    <ele>757.8</ele>
    <time>2018-12-31T08:51:28Z</time>
   </trkpt>
   <trkpt lat="43.2877640" lon="-1.7847070">
    <ele>757.9</ele>
    <time>2018-12-31T08:51:32Z</time>
   </trkpt>
   <trkpt lat="43.2877460" lon="-1.7846800">
    <ele>757.9</ele>
    <time>2018-12-31T08:51:35Z</time>
   </trkpt>
   <trkpt lat="43.2877130" lon="-1.7846500">
    <ele>757.9</ele>
    <time>2018-12-31T08:51:38Z</time>
   </trkpt>
   <trkpt lat="43.2877180" lon="-1.7846060">
    <ele>757.8</ele>
    <time>2018-12-31T08:51:44Z</time>
   </trkpt>
   <trkpt lat="43.2877180" lon="-1.7845650">
    <ele>757.7</ele>
    <time>2018-12-31T08:51:46Z</time>
   </trkpt>
   <trkpt lat="43.2877190" lon="-1.7845140">
    <ele>757.6</ele>
    <time>2018-12-31T08:51:48Z</time>
   </trkpt>
   <trkpt lat="43.2877070" lon="-1.7844790">
    <ele>757.5</ele>
    <time>2018-12-31T08:51:50Z</time>
   </trkpt>
   <trkpt lat="43.2876860" lon="-1.7844540">
    <ele>757.4</ele>
    <time>2018-12-31T08:51:53Z</time>
   </trkpt>
   <trkpt lat="43.2876560" lon="-1.7844300">
    <ele>757.3</ele>
    <time>2018-12-31T08:51:56Z</time>
   </trkpt>
   <trkpt lat="43.2876250" lon="-1.7844280">
    <ele>757.2</ele>
    <time>2018-12-31T08:51:59Z</time>
   </trkpt>
   <trkpt lat="43.2876110" lon="-1.7843940">
    <ele>757.1</ele>
    <time>2018-12-31T08:52:01Z</time>
   </trkpt>
   <trkpt lat="43.2876230" lon="-1.7843540">
    <ele>757.1</ele>
    <time>2018-12-31T08:52:16Z</time>
   </trkpt>
   <trkpt lat="43.2876240" lon="-1.7843130">
    <ele>757.1</ele>
    <time>2018-12-31T08:52:23Z</time>
   </trkpt>
   <trkpt lat="43.2876500" lon="-1.7843260">
    <ele>757.1</ele>
    <time>2018-12-31T08:52:40Z</time>
   </trkpt>
   <trkpt lat="43.2876480" lon="-1.7842860">
    <ele>757.1</ele>
    <time>2018-12-31T08:52:45Z</time>
   </trkpt>
   <trkpt lat="43.2876460" lon="-1.7842470">
    <ele>757.1</ele>
    <time>2018-12-31T08:52:47Z</time>
   </trkpt>
   <trkpt lat="43.2876530" lon="-1.7841760">
    <ele>757.1</ele>
    <time>2018-12-31T08:52:50Z</time>
   </trkpt>
   <trkpt lat="43.2876500" lon="-1.7841190">
    <ele>757.2</ele>
    <time>2018-12-31T08:52:52Z</time>
   </trkpt>
   <trkpt lat="43.2876440" lon="-1.7840610">
    <ele>757.4</ele>
    <time>2018-12-31T08:52:54Z</time>
   </trkpt>
   <trkpt lat="43.2876440" lon="-1.7840190">
    <ele>757.7</ele>
    <time>2018-12-31T08:52:56Z</time>
   </trkpt>
   <trkpt lat="43.2876450" lon="-1.7839730">
    <ele>757.9</ele>
    <time>2018-12-31T08:52:58Z</time>
   </trkpt>
   <trkpt lat="43.2876170" lon="-1.7839620">
    <ele>758.2</ele>
    <time>2018-12-31T08:53:03Z</time>
   </trkpt>
   <trkpt lat="43.2875820" lon="-1.7839590">
    <ele>758.6</ele>
    <time>2018-12-31T08:53:14Z</time>
   </trkpt>
   <trkpt lat="43.2875530" lon="-1.7839460">
    <ele>758.9</ele>
    <time>2018-12-31T08:53:17Z</time>
   </trkpt>
   <trkpt lat="43.2875280" lon="-1.7839250">
    <ele>759.4</ele>
    <time>2018-12-31T08:53:21Z</time>
   </trkpt>
   <trkpt lat="43.2875300" lon="-1.7838860">
    <ele>759.9</ele>
    <time>2018-12-31T08:53:25Z</time>
   </trkpt>
   <trkpt lat="43.2875450" lon="-1.7838390">
    <ele>760.6</ele>
    <time>2018-12-31T08:53:28Z</time>
   </trkpt>
   <trkpt lat="43.2875310" lon="-1.7838060">
    <ele>761.2</ele>
    <time>2018-12-31T08:53:50Z</time>
   </trkpt>
   <trkpt lat="43.2875050" lon="-1.7837890">
    <ele>761.8</ele>
    <time>2018-12-31T08:54:12Z</time>
   </trkpt>
   <trkpt lat="43.2874800" lon="-1.7837720">
    <ele>762.4</ele>
    <time>2018-12-31T08:54:20Z</time>
   </trkpt>
   <trkpt lat="43.2874740" lon="-1.7838090">
    <ele>763.0</ele>
    <time>2018-12-31T08:54:46Z</time>
   </trkpt>
   <trkpt lat="43.2874520" lon="-1.7838340">
    <ele>763.6</ele>
    <time>2018-12-31T08:54:49Z</time>
   </trkpt>
   <trkpt lat="43.2874260" lon="-1.7838540">
    <ele>767.5</ele>
    <time>2018-12-31T08:54:52Z</time>
   </trkpt>
   <trkpt lat="43.2873960" lon="-1.7838430">
    <ele>767.6</ele>
    <time>2018-12-31T08:55:00Z</time>
   </trkpt>
   <trkpt lat="43.2873670" lon="-1.7838510">
    <ele>767.7</ele>
    <time>2018-12-31T08:55:05Z</time>
   </trkpt>
   <trkpt lat="43.2873480" lon="-1.7838810">
    <ele>767.9</ele>
    <time>2018-12-31T08:55:12Z</time>
   </trkpt>
   <trkpt lat="43.2873220" lon="-1.7839030">
    <ele>767.8</ele>
    <time>2018-12-31T08:55:15Z</time>
   </trkpt>
   <trkpt lat="43.2872930" lon="-1.7839010">
    <ele>767.7</ele>
    <time>2018-12-31T08:55:18Z</time>
   </trkpt>
   <trkpt lat="43.2872680" lon="-1.7838730">
    <ele>767.6</ele>
    <time>2018-12-31T08:55:25Z</time>
   </trkpt>
   <trkpt lat="43.2872440" lon="-1.7838490">
    <ele>767.5</ele>
    <time>2018-12-31T08:55:30Z</time>
   </trkpt>
   <trkpt lat="43.2872110" lon="-1.7838320">
    <ele>767.2</ele>
    <time>2018-12-31T08:55:34Z</time>
   </trkpt>
   <trkpt lat="43.2871750" lon="-1.7838150">
    <ele>766.9</ele>
    <time>2018-12-31T08:55:37Z</time>
   </trkpt>
   <trkpt lat="43.2871470" lon="-1.7838010">
    <ele>766.7</ele>
    <time>2018-12-31T08:55:40Z</time>
   </trkpt>
   <trkpt lat="43.2871190" lon="-1.7837730">
    <ele>766.5</ele>
    <time>2018-12-31T08:55:45Z</time>
   </trkpt>
   <trkpt lat="43.2870970" lon="-1.7837480">
    <ele>766.3</ele>
    <time>2018-12-31T08:55:48Z</time>
   </trkpt>
   <trkpt lat="43.2870920" lon="-1.7837030">
    <ele>766.0</ele>
    <time>2018-12-31T08:55:53Z</time>
   </trkpt>
   <trkpt lat="43.2870850" lon="-1.7836670">
    <ele>765.9</ele>
    <time>2018-12-31T08:55:56Z</time>
   </trkpt>
   <trkpt lat="43.2870680" lon="-1.7836330">
    <ele>765.7</ele>
    <time>2018-12-31T08:56:02Z</time>
   </trkpt>
   <trkpt lat="43.2870450" lon="-1.7835990">
    <ele>765.5</ele>
    <time>2018-12-31T08:56:06Z</time>
   </trkpt>
   <trkpt lat="43.2870280" lon="-1.7835690">
    <ele>765.3</ele>
    <time>2018-12-31T08:56:09Z</time>
   </trkpt>
   <trkpt lat="43.2870010" lon="-1.7835490">
    <ele>764.9</ele>
    <time>2018-12-31T08:56:13Z</time>
   </trkpt>
   <trkpt lat="43.2869800" lon="-1.7835250">
    <ele>764.5</ele>
    <time>2018-12-31T08:56:17Z</time>
   </trkpt>
   <trkpt lat="43.2869550" lon="-1.7835070">
    <ele>764.0</ele>
    <time>2018-12-31T08:56:27Z</time>
   </trkpt>
   <trkpt lat="43.2869350" lon="-1.7834650">
    <ele>763.5</ele>
    <time>2018-12-31T08:56:31Z</time>
   </trkpt>
   <trkpt lat="43.2869100" lon="-1.7834470">
    <ele>763.0</ele>
    <time>2018-12-31T08:57:00Z</time>
   </trkpt>
   <trkpt lat="43.2869270" lon="-1.7834830">
    <ele>762.5</ele>
    <time>2018-12-31T08:57:40Z</time>
   </trkpt>
   <trkpt lat="43.2869600" lon="-1.7834950">
    <ele>762.0</ele>
    <time>2018-12-31T08:57:49Z</time>
   </trkpt>
   <trkpt lat="43.2869860" lon="-1.7835170">
    <ele>761.6</ele>
    <time>2018-12-31T08:57:57Z</time>
   </trkpt>
   <trkpt lat="43.2869970" lon="-1.7834790">
    <ele>761.5</ele>
    <time>2018-12-31T08:58:33Z</time>
   </trkpt>
   <trkpt lat="43.2870170" lon="-1.7834510">
    <ele>761.3</ele>
    <time>2018-12-31T08:58:39Z</time>
   </trkpt>
   <trkpt lat="43.2870370" lon="-1.7834160">
    <ele>761.1</ele>
    <time>2018-12-31T08:58:49Z</time>
   </trkpt>
   <trkpt lat="43.2870270" lon="-1.7833800">
    <ele>760.9</ele>
    <time>2018-12-31T08:58:57Z</time>
   </trkpt>
   <trkpt lat="43.2870070" lon="-1.7833420">
    <ele>760.6</ele>
    <time>2018-12-31T08:59:05Z</time>
   </trkpt>
   <trkpt lat="43.2870270" lon="-1.7833180">
    <ele>760.3</ele>
    <time>2018-12-31T08:59:11Z</time>
   </trkpt>
   <trkpt lat="43.2870540" lon="-1.7833070">
    <ele>760.0</ele>
    <time>2018-12-31T08:59:16Z</time>
   </trkpt>
   <trkpt lat="43.2870620" lon="-1.7832710">
    <ele>759.7</ele>
    <time>2018-12-31T08:59:21Z</time>
   </trkpt>
   <trkpt lat="43.2870420" lon="-1.7832330">
    <ele>759.7</ele>
    <time>2018-12-31T08:59:31Z</time>
   </trkpt>
   <trkpt lat="43.2870200" lon="-1.7832040">
    <ele>759.7</ele>
    <time>2018-12-31T08:59:35Z</time>
   </trkpt>
   <trkpt lat="43.2870070" lon="-1.7831660">
    <ele>759.6</ele>
    <time>2018-12-31T08:59:41Z</time>
   </trkpt>
   <trkpt lat="43.2870230" lon="-1.7831240">
    <ele>759.5</ele>
    <time>2018-12-31T08:59:47Z</time>
   </trkpt>
   <trkpt lat="43.2870050" lon="-1.7830860">
    <ele>759.4</ele>
    <time>2018-12-31T08:59:50Z</time>
   </trkpt>
   <trkpt lat="43.2869800" lon="-1.7830660">
    <ele>757.9</ele>
    <time>2018-12-31T08:59:53Z</time>
   </trkpt>
   <trkpt lat="43.2869480" lon="-1.7830420">
    <ele>757.3</ele>
    <time>2018-12-31T08:59:55Z</time>
   </trkpt>
   <trkpt lat="43.2869200" lon="-1.7830140">
    <ele>756.7</ele>
    <time>2018-12-31T08:59:57Z</time>
   </trkpt>
   <trkpt lat="43.2868890" lon="-1.7829870">
    <ele>756.1</ele>
    <time>2018-12-31T08:59:59Z</time>
   </trkpt>
   <trkpt lat="43.2868560" lon="-1.7829540">
    <ele>755.5</ele>
    <time>2018-12-31T09:00:01Z</time>
   </trkpt>
   <trkpt lat="43.2868370" lon="-1.7829170">
    <ele>755.1</ele>
    <time>2018-12-31T09:00:04Z</time>
   </trkpt>
   <trkpt lat="43.2868230" lon="-1.7828770">
    <ele>754.7</ele>
    <time>2018-12-31T09:00:12Z</time>
   </trkpt>
   <trkpt lat="43.2867990" lon="-1.7828580">
    <ele>754.4</ele>
    <time>2018-12-31T09:00:15Z</time>
   </trkpt>
   <trkpt lat="43.2867720" lon="-1.7828330">
    <ele>754.0</ele>
    <time>2018-12-31T09:00:19Z</time>
   </trkpt>
   <trkpt lat="43.2867470" lon="-1.7828090">
    <ele>753.7</ele>
    <time>2018-12-31T09:00:22Z</time>
   </trkpt>
   <trkpt lat="43.2867310" lon="-1.7827640">
    <ele>753.4</ele>
    <time>2018-12-31T09:00:25Z</time>
   </trkpt>
   <trkpt lat="43.2867060" lon="-1.7827410">
    <ele>753.1</ele>
    <time>2018-12-31T09:00:27Z</time>
   </trkpt>
   <trkpt lat="43.2866800" lon="-1.7827310">
    <ele>752.9</ele>
    <time>2018-12-31T09:00:30Z</time>
   </trkpt>
   <trkpt lat="43.2866460" lon="-1.7827270">
    <ele>752.6</ele>
    <time>2018-12-31T09:00:33Z</time>
   </trkpt>
   <trkpt lat="43.2866180" lon="-1.7827180">
    <ele>752.1</ele>
    <time>2018-12-31T09:00:35Z</time>
   </trkpt>
   <trkpt lat="43.2865880" lon="-1.7827190">
    <ele>751.6</ele>
    <time>2018-12-31T09:00:39Z</time>
   </trkpt>
   <trkpt lat="43.2865500" lon="-1.7827110">
    <ele>751.1</ele>
    <time>2018-12-31T09:00:42Z</time>
   </trkpt>
   <trkpt lat="43.2865170" lon="-1.7827040">
    <ele>750.7</ele>
    <time>2018-12-31T09:00:45Z</time>
   </trkpt>
   <trkpt lat="43.2864860" lon="-1.7826940">
    <ele>750.3</ele>
    <time>2018-12-31T09:00:53Z</time>
   </trkpt>
   <trkpt lat="43.2864540" lon="-1.7826990">
    <ele>750.0</ele>
    <time>2018-12-31T09:00:58Z</time>
   </trkpt>
   <trkpt lat="43.2864240" lon="-1.7826990">
    <ele>749.8</ele>
    <time>2018-12-31T09:01:05Z</time>
   </trkpt>
   <trkpt lat="43.2863910" lon="-1.7827240">
    <ele>749.7</ele>
    <time>2018-12-31T09:01:11Z</time>
   </trkpt>
   <trkpt lat="43.2863630" lon="-1.7827310">
    <ele>749.6</ele>
    <time>2018-12-31T09:01:25Z</time>
   </trkpt>
   <trkpt lat="43.2863440" lon="-1.7826970">
    <ele>749.6</ele>
    <time>2018-12-31T09:01:28Z</time>
   </trkpt>
   <trkpt lat="43.2863130" lon="-1.7826750">
    <ele>749.6</ele>
    <time>2018-12-31T09:01:33Z</time>
   </trkpt>
   <trkpt lat="43.2862820" lon="-1.7826680">
    <ele>749.7</ele>
    <time>2018-12-31T09:01:37Z</time>
   </trkpt>
   <trkpt lat="43.2862510" lon="-1.7826690">
    <ele>749.9</ele>
    <time>2018-12-31T09:01:41Z</time>
   </trkpt>
   <trkpt lat="43.2862170" lon="-1.7826690">
    <ele>750.2</ele>
    <time>2018-12-31T09:01:46Z</time>
   </trkpt>
   <trkpt lat="43.2861850" lon="-1.7826680">
    <ele>750.4</ele>
    <time>2018-12-31T09:01:50Z</time>
   </trkpt>
   <trkpt lat="43.2861540" lon="-1.7826800">
    <ele>750.8</ele>
    <time>2018-12-31T09:01:54Z</time>
   </trkpt>
   <trkpt lat="43.2861210" lon="-1.7826890">
    <ele>751.4</ele>
    <time>2018-12-31T09:01:58Z</time>
   </trkpt>
   <trkpt lat="43.2860910" lon="-1.7826970">
    <ele>752.0</ele>
    <time>2018-12-31T09:02:04Z</time>
   </trkpt>
   <trkpt lat="43.2860590" lon="-1.7826820">
    <ele>752.6</ele>
    <time>2018-12-31T09:02:15Z</time>
   </trkpt>
   <trkpt lat="43.2860330" lon="-1.7826960">
    <ele>753.2</ele>
    <time>2018-12-31T09:02:19Z</time>
   </trkpt>
   <trkpt lat="43.2860050" lon="-1.7827040">
    <ele>752.6</ele>
    <time>2018-12-31T09:02:33Z</time>
   </trkpt>
   <trkpt lat="43.2859780" lon="-1.7827170">
    <ele>752.0</ele>
    <time>2018-12-31T09:02:42Z</time>
   </trkpt>
   <trkpt lat="43.2859540" lon="-1.7827330">
    <ele>751.6</ele>
    <time>2018-12-31T09:02:47Z</time>
   </trkpt>
   <trkpt lat="43.2859340" lon="-1.7827650">
    <ele>751.0</ele>
    <time>2018-12-31T09:03:05Z</time>
   </trkpt>
   <trkpt lat="43.2858910" lon="-1.7827820">
    <ele>750.4</ele>
    <time>2018-12-31T09:03:09Z</time>
   </trkpt>
   <trkpt lat="43.2858630" lon="-1.7827940">
    <ele>750.3</ele>
    <time>2018-12-31T09:03:11Z</time>
   </trkpt>
   <trkpt lat="43.2858560" lon="-1.7828350">
    <ele>750.3</ele>
    <time>2018-12-31T09:03:15Z</time>
   </trkpt>
   <trkpt lat="43.2858640" lon="-1.7828710">
    <ele>749.6</ele>
    <time>2018-12-31T09:03:21Z</time>
   </trkpt>
   <trkpt lat="43.2858780" lon="-1.7829090">
    <ele>748.9</ele>
    <time>2018-12-31T09:03:26Z</time>
   </trkpt>
   <trkpt lat="43.2858760" lon="-1.7829560">
    <ele>748.7</ele>
    <time>2018-12-31T09:03:30Z</time>
   </trkpt>
   <trkpt lat="43.2858620" lon="-1.7829960">
    <ele>748.4</ele>
    <time>2018-12-31T09:03:36Z</time>
   </trkpt>
   <trkpt lat="43.2858550" lon="-1.7830320">
    <ele>748.2</ele>
    <time>2018-12-31T09:03:49Z</time>
   </trkpt>
   <trkpt lat="43.2858360" lon="-1.7830030">
    <ele>747.9</ele>
    <time>2018-12-31T09:04:13Z</time>
   </trkpt>
   <trkpt lat="43.2858090" lon="-1.7829990">
    <ele>747.8</ele>
    <time>2018-12-31T09:04:19Z</time>
   </trkpt>
   <trkpt lat="43.2857740" lon="-1.7830050">
    <ele>747.9</ele>
    <time>2018-12-31T09:04:23Z</time>
   </trkpt>
   <trkpt lat="43.2857480" lon="-1.7829940">
    <ele>747.9</ele>
    <time>2018-12-31T09:04:30Z</time>
   </trkpt>
   <trkpt lat="43.2857180" lon="-1.7829910">
    <ele>747.8</ele>
    <time>2018-12-31T09:04:38Z</time>
   </trkpt>
   <trkpt lat="43.2856900" lon="-1.7829850">
    <ele>747.7</ele>
    <time>2018-12-31T09:04:49Z</time>
   </trkpt>
   <trkpt lat="43.2856630" lon="-1.7829850">
    <ele>747.6</ele>
    <time>2018-12-31T09:04:55Z</time>
   </trkpt>
   <trkpt lat="43.2856670" lon="-1.7829460">
    <ele>747.6</ele>
    <time>2018-12-31T09:05:46Z</time>
   </trkpt>
   <trkpt lat="43.2856420" lon="-1.7829180">
    <ele>748.0</ele>
    <time>2018-12-31T09:05:50Z</time>
   </trkpt>
   <trkpt lat="43.2856180" lon="-1.7828900">
    <ele>748.4</ele>
    <time>2018-12-31T09:05:55Z</time>
   </trkpt>
   <trkpt lat="43.2855860" lon="-1.7828890">
    <ele>749.0</ele>
    <time>2018-12-31T09:06:25Z</time>
   </trkpt>
   <trkpt lat="43.2855600" lon="-1.7828970">
    <ele>749.8</ele>
    <time>2018-12-31T09:06:45Z</time>
   </trkpt>
   <trkpt lat="43.2855350" lon="-1.7829160">
    <ele>750.4</ele>
    <time>2018-12-31T09:07:25Z</time>
   </trkpt>
   <trkpt lat="43.2855090" lon="-1.7829450">
    <ele>750.8</ele>
    <time>2018-12-31T09:08:25Z</time>
   </trkpt>
   <trkpt lat="43.2854800" lon="-1.7829530">
    <ele>751.1</ele>
    <time>2018-12-31T09:08:32Z</time>
   </trkpt>
   <trkpt lat="43.2854540" lon="-1.7829690">
    <ele>751.4</ele>
    <time>2018-12-31T09:08:46Z</time>
   </trkpt>
   <trkpt lat="43.2854350" lon="-1.7829980">
    <ele>751.7</ele>
    <time>2018-12-31T09:08:52Z</time>
   </trkpt>
   <trkpt lat="43.2854400" lon="-1.7830370">
    <ele>751.9</ele>
    <time>2018-12-31T09:08:57Z</time>
   </trkpt>
   <trkpt lat="43.2854360" lon="-1.7830930">
    <ele>752.3</ele>
    <time>2018-12-31T09:09:00Z</time>
   </trkpt>
   <trkpt lat="43.2854550" lon="-1.7831230">
    <ele>752.9</ele>
    <time>2018-12-31T09:09:09Z</time>
   </trkpt>
   <trkpt lat="43.2854530" lon="-1.7831620">
    <ele>753.3</ele>
    <time>2018-12-31T09:09:18Z</time>
   </trkpt>
   <trkpt lat="43.2854810" lon="-1.7831640">
    <ele>753.7</ele>
    <time>2018-12-31T09:09:30Z</time>
   </trkpt>
   <trkpt lat="43.2854570" lon="-1.7831840">
    <ele>754.1</ele>
    <time>2018-12-31T09:09:51Z</time>
   </trkpt>
   <trkpt lat="43.2854570" lon="-1.7832210">
    <ele>754.3</ele>
    <time>2018-12-31T09:09:56Z</time>
   </trkpt>
   <trkpt lat="43.2854440" lon="-1.7832590">
    <ele>754.5</ele>
    <time>2018-12-31T09:10:01Z</time>
   </trkpt>
   <trkpt lat="43.2854280" lon="-1.7832940">
    <ele>754.7</ele>
    <time>2018-12-31T09:10:10Z</time>
   </trkpt>
   <trkpt lat="43.2854010" lon="-1.7833010">
    <ele>754.7</ele>
    <time>2018-12-31T09:10:21Z</time>
   </trkpt>
   <trkpt lat="43.2853690" lon="-1.7832960">
    <ele>754.7</ele>
    <time>2018-12-31T09:10:28Z</time>
   </trkpt>
   <trkpt lat="43.2853430" lon="-1.7833060">
    <ele>754.7</ele>
    <time>2018-12-31T09:10:32Z</time>
   </trkpt>
   <trkpt lat="43.2853300" lon="-1.7833440">
    <ele>753.1</ele>
    <time>2018-12-31T09:10:36Z</time>
   </trkpt>
   <trkpt lat="43.2853210" lon="-1.7833800">
    <ele>753.2</ele>
    <time>2018-12-31T09:10:42Z</time>
   </trkpt>
   <trkpt lat="43.2852950" lon="-1.7833900">
    <ele>753.3</ele>
    <time>2018-12-31T09:10:48Z</time>
   </trkpt>
   <trkpt lat="43.2852640" lon="-1.7834140">
    <ele>753.4</ele>
    <time>2018-12-31T09:10:53Z</time>
   </trkpt>
   <trkpt lat="43.2852350" lon="-1.7834230">
    <ele>750.5</ele>
    <time>2018-12-31T09:10:56Z</time>
   </trkpt>
   <trkpt lat="43.2852240" lon="-1.7834600">
    <ele>749.6</ele>
    <time>2018-12-31T09:11:21Z</time>
   </trkpt>
   <trkpt lat="43.2852550" lon="-1.7834680">
    <ele>748.7</ele>
    <time>2018-12-31T09:14:01Z</time>
   </trkpt>
   <trkpt lat="43.2852380" lon="-1.7834980">
    <ele>747.8</ele>
    <time>2018-12-31T09:14:19Z</time>
   </trkpt>
   <trkpt lat="43.2852170" lon="-1.7835290">
    <ele>747.0</ele>
    <time>2018-12-31T09:15:00Z</time>
   </trkpt>
   <trkpt lat="43.2851920" lon="-1.7835470">
    <ele>746.7</ele>
    <time>2018-12-31T09:15:06Z</time>
   </trkpt>
   <trkpt lat="43.2851710" lon="-1.7835820">
    <ele>746.5</ele>
    <time>2018-12-31T09:15:10Z</time>
   </trkpt>
   <trkpt lat="43.2851440" lon="-1.7836060">
    <ele>746.2</ele>
    <time>2018-12-31T09:15:13Z</time>
   </trkpt>
   <trkpt lat="43.2851110" lon="-1.7836250">
    <ele>745.9</ele>
    <time>2018-12-31T09:15:17Z</time>
   </trkpt>
   <trkpt lat="43.2850860" lon="-1.7836450">
    <ele>745.6</ele>
    <time>2018-12-31T09:15:24Z</time>
   </trkpt>
   <trkpt lat="43.2850580" lon="-1.7836320">
    <ele>746.9</ele>
    <time>2018-12-31T09:15:33Z</time>
   </trkpt>
   <trkpt lat="43.2850330" lon="-1.7836170">
    <ele>747.1</ele>
    <time>2018-12-31T09:16:01Z</time>
   </trkpt>
   <trkpt lat="43.2850290" lon="-1.7835730">
    <ele>748.3</ele>
    <time>2018-12-31T09:16:10Z</time>
   </trkpt>
   <trkpt lat="43.2850440" lon="-1.7835410">
    <ele>750.0</ele>
    <time>2018-12-31T09:16:17Z</time>
   </trkpt>
   <trkpt lat="43.2850520" lon="-1.7835010">
    <ele>751.7</ele>
    <time>2018-12-31T09:16:36Z</time>
   </trkpt>
   <trkpt lat="43.2850770" lon="-1.7834830">
    <ele>753.3</ele>
    <time>2018-12-31T09:16:44Z</time>
   </trkpt>
   <trkpt lat="43.2850920" lon="-1.7834510">
    <ele>754.7</ele>
    <time>2018-12-31T09:17:12Z</time>
   </trkpt>
   <trkpt lat="43.2851140" lon="-1.7834110">
    <ele>755.5</ele>
    <time>2018-12-31T09:17:14Z</time>
   </trkpt>
   <trkpt lat="43.2851220" lon="-1.7833740">
    <ele>756.4</ele>
    <time>2018-12-31T09:17:16Z</time>
   </trkpt>
   <trkpt lat="43.2851170" lon="-1.7833210">
    <ele>757.7</ele>
    <time>2018-12-31T09:17:19Z</time>
   </trkpt>
   <trkpt lat="43.2851170" lon="-1.7832820">
    <ele>758.7</ele>
    <time>2018-12-31T09:17:23Z</time>
   </trkpt>
   <trkpt lat="43.2851250" lon="-1.7832360">
    <ele>759.4</ele>
    <time>2018-12-31T09:17:27Z</time>
   </trkpt>
   <trkpt lat="43.2851110" lon="-1.7832000">
    <ele>759.4</ele>
    <time>2018-12-31T09:17:35Z</time>
   </trkpt>
   <trkpt lat="43.2851400" lon="-1.7831920">
    <ele>759.7</ele>
    <time>2018-12-31T09:17:46Z</time>
   </trkpt>
   <trkpt lat="43.2851270" lon="-1.7831590">
    <ele>760.0</ele>
    <time>2018-12-31T09:17:51Z</time>
   </trkpt>
   <trkpt lat="43.2851310" lon="-1.7831160">
    <ele>760.1</ele>
    <time>2018-12-31T09:17:56Z</time>
   </trkpt>
   <trkpt lat="43.2851160" lon="-1.7830840">
    <ele>759.9</ele>
    <time>2018-12-31T09:18:08Z</time>
   </trkpt>
   <trkpt lat="43.2850920" lon="-1.7830640">
    <ele>759.7</ele>
    <time>2018-12-31T09:18:13Z</time>
   </trkpt>
   <trkpt lat="43.2850530" lon="-1.7830680">
    <ele>759.5</ele>
    <time>2018-12-31T09:19:36Z</time>
   </trkpt>
   <trkpt lat="43.2850240" lon="-1.7830590">
    <ele>759.3</ele>
    <time>2018-12-31T09:19:45Z</time>
   </trkpt>
   <trkpt lat="43.2849970" lon="-1.7830520">
    <ele>758.9</ele>
    <time>2018-12-31T09:20:02Z</time>
   </trkpt>
   <trkpt lat="43.2849650" lon="-1.7830430">
    <ele>758.5</ele>
    <time>2018-12-31T09:20:06Z</time>
   </trkpt>
   <trkpt lat="43.2849370" lon="-1.7830450">
    <ele>758.1</ele>
    <time>2018-12-31T09:20:10Z</time>
   </trkpt>
   <trkpt lat="43.2849650" lon="-1.7830540">
    <ele>757.8</ele>
    <time>2018-12-31T09:20:14Z</time>
   </trkpt>
   <trkpt lat="43.2849380" lon="-1.7830580">
    <ele>757.5</ele>
    <time>2018-12-31T09:22:06Z</time>
   </trkpt>
   <trkpt lat="43.2849160" lon="-1.7830790">
    <ele>757.2</ele>
    <time>2018-12-31T09:22:12Z</time>
   </trkpt>
   <trkpt lat="43.2849290" lon="-1.7831120">
    <ele>756.9</ele>
    <time>2018-12-31T09:22:24Z</time>
   </trkpt>
   <trkpt lat="43.2848920" lon="-1.7831410">
    <ele>756.6</ele>
    <time>2018-12-31T09:24:15Z</time>
   </trkpt>
   <trkpt lat="43.2848580" lon="-1.7831670">
    <ele>756.4</ele>
    <time>2018-12-31T09:24:18Z</time>
   </trkpt>
   <trkpt lat="43.2848310" lon="-1.7831740">
    <ele>756.2</ele>
    <time>2018-12-31T09:24:20Z</time>
   </trkpt>
   <trkpt lat="43.2848050" lon="-1.7831590">
    <ele>756.2</ele>
    <time>2018-12-31T09:24:24Z</time>
   </trkpt>
   <trkpt lat="43.2847910" lon="-1.7831920">
    <ele>756.2</ele>
    <time>2018-12-31T09:24:27Z</time>
   </trkpt>
   <trkpt lat="43.2847690" lon="-1.7832170">
    <ele>756.3</ele>
    <time>2018-12-31T09:24:32Z</time>
   </trkpt>
   <trkpt lat="43.2847650" lon="-1.7832550">
    <ele>756.3</ele>
    <time>2018-12-31T09:25:08Z</time>
   </trkpt>
   <trkpt lat="43.2847490" lon="-1.7832220">
    <ele>756.4</ele>
    <time>2018-12-31T09:26:12Z</time>
   </trkpt>
   <trkpt lat="43.2847660" lon="-1.7831900">
    <ele>756.5</ele>
    <time>2018-12-31T09:26:20Z</time>
   </trkpt>
   <trkpt lat="43.2847550" lon="-1.7831510">
    <ele>756.4</ele>
    <time>2018-12-31T09:26:31Z</time>
   </trkpt>
   <trkpt lat="43.2847320" lon="-1.7831730">
    <ele>756.3</ele>
    <time>2018-12-31T09:26:55Z</time>
   </trkpt>
   <trkpt lat="43.2847240" lon="-1.7832100">
    <ele>756.3</ele>
    <time>2018-12-31T09:27:02Z</time>
   </trkpt>
   <trkpt lat="43.2846990" lon="-1.7832250">
    <ele>756.4</ele>
    <time>2018-12-31T09:27:20Z</time>
   </trkpt>
   <trkpt lat="43.2846720" lon="-1.7832550">
    <ele>756.4</ele>
    <time>2018-12-31T09:27:43Z</time>
   </trkpt>
   <trkpt lat="43.2846590" lon="-1.7832880">
    <ele>756.5</ele>
    <time>2018-12-31T09:27:46Z</time>
   </trkpt>
   <trkpt lat="43.2846350" lon="-1.7833060">
    <ele>756.6</ele>
    <time>2018-12-31T09:27:47Z</time>
   </trkpt>
   <trkpt lat="43.2845980" lon="-1.7833150">
    <ele>756.8</ele>
    <time>2018-12-31T09:27:49Z</time>
   </trkpt>
   <trkpt lat="43.2845730" lon="-1.7833480">
    <ele>757.0</ele>
    <time>2018-12-31T09:27:56Z</time>
   </trkpt>
   <trkpt lat="43.2845840" lon="-1.7833850">
    <ele>757.1</ele>
    <time>2018-12-31T09:28:04Z</time>
   </trkpt>
   <trkpt lat="43.2845570" lon="-1.7833650">
    <ele>757.2</ele>
    <time>2018-12-31T09:28:23Z</time>
   </trkpt>
   <trkpt lat="43.2845350" lon="-1.7833910">
    <ele>757.2</ele>
    <time>2018-12-31T09:28:37Z</time>
   </trkpt>
   <trkpt lat="43.2845090" lon="-1.7834030">
    <ele>757.2</ele>
    <time>2018-12-31T09:28:44Z</time>
   </trkpt>
   <trkpt lat="43.2844780" lon="-1.7834240">
    <ele>757.2</ele>
    <time>2018-12-31T09:29:19Z</time>
   </trkpt>
   <trkpt lat="43.2844520" lon="-1.7834420">
    <ele>757.2</ele>
    <time>2018-12-31T09:29:28Z</time>
   </trkpt>
   <trkpt lat="43.2844180" lon="-1.7834500">
    <ele>757.2</ele>
    <time>2018-12-31T09:29:32Z</time>
   </trkpt>
   <trkpt lat="43.2844320" lon="-1.7834920">
    <ele>757.1</ele>
    <time>2018-12-31T09:29:50Z</time>
   </trkpt>
   <trkpt lat="43.2844290" lon="-1.7835540">
    <ele>757.1</ele>
    <time>2018-12-31T09:29:54Z</time>
   </trkpt>
   <trkpt lat="43.2844210" lon="-1.7836060">
    <ele>757.1</ele>
    <time>2018-12-31T09:29:56Z</time>
   </trkpt>
   <trkpt lat="43.2844160" lon="-1.7836490">
    <ele>757.3</ele>
    <time>2018-12-31T09:29:59Z</time>
   </trkpt>
   <trkpt lat="43.2844040" lon="-1.7836930">
    <ele>757.4</ele>
    <time>2018-12-31T09:30:01Z</time>
   </trkpt>
   <trkpt lat="43.2843930" lon="-1.7837280">
    <ele>757.6</ele>
    <time>2018-12-31T09:30:04Z</time>
   </trkpt>
   <trkpt lat="43.2843680" lon="-1.7837120">
    <ele>757.6</ele>
    <time>2018-12-31T09:30:09Z</time>
   </trkpt>
   <trkpt lat="43.2843470" lon="-1.7837380">
    <ele>757.7</ele>
    <time>2018-12-31T09:30:15Z</time>
   </trkpt>
   <trkpt lat="43.2843210" lon="-1.7837140">
    <ele>757.8</ele>
    <time>2018-12-31T09:30:50Z</time>
   </trkpt>
   <trkpt lat="43.2842970" lon="-1.7836970">
    <ele>757.9</ele>
    <time>2018-12-31T09:30:53Z</time>
   </trkpt>
   <trkpt lat="43.2842650" lon="-1.7836890">
    <ele>758.1</ele>
    <time>2018-12-31T09:30:57Z</time>
   </trkpt>
   <trkpt lat="43.2842390" lon="-1.7837000">
    <ele>758.0</ele>
    <time>2018-12-31T09:31:01Z</time>
   </trkpt>
   <trkpt lat="43.2841990" lon="-1.7836990">
    <ele>757.8</ele>
    <time>2018-12-31T09:31:03Z</time>
   </trkpt>
   <trkpt lat="43.2841710" lon="-1.7837030">
    <ele>757.8</ele>
    <time>2018-12-31T09:31:05Z</time>
   </trkpt>
   <trkpt lat="43.2841380" lon="-1.7837020">
    <ele>758.2</ele>
    <time>2018-12-31T09:31:08Z</time>
   </trkpt>
   <trkpt lat="43.2841220" lon="-1.7837440">
    <ele>758.7</ele>
    <time>2018-12-31T09:31:21Z</time>
   </trkpt>
   <trkpt lat="43.2840990" lon="-1.7837780">
    <ele>759.2</ele>
    <time>2018-12-31T09:31:24Z</time>
   </trkpt>
   <trkpt lat="43.2840710" lon="-1.7837810">
    <ele>759.7</ele>
    <time>2018-12-31T09:31:41Z</time>
   </trkpt>
   <trkpt lat="43.2840540" lon="-1.7838240">
    <ele>760.1</ele>
    <time>2018-12-31T09:31:49Z</time>
   </trkpt>
   <trkpt lat="43.2840260" lon="-1.7838460">
    <ele>760.5</ele>
    <time>2018-12-31T09:31:57Z</time>
   </trkpt>
   <trkpt lat="43.2839980" lon="-1.7838650">
    <ele>760.8</ele>
    <time>2018-12-31T09:32:00Z</time>
   </trkpt>
   <trkpt lat="43.2839850" lon="-1.7839100">
    <ele>761.3</ele>
    <time>2018-12-31T09:32:06Z</time>
   </trkpt>
   <trkpt lat="43.2839600" lon="-1.7839350">
    <ele>761.5</ele>
    <time>2018-12-31T09:32:09Z</time>
   </trkpt>
   <trkpt lat="43.2839370" lon="-1.7839590">
    <ele>761.5</ele>
    <time>2018-12-31T09:32:12Z</time>
   </trkpt>
   <trkpt lat="43.2839070" lon="-1.7839950">
    <ele>761.6</ele>
    <time>2018-12-31T09:32:16Z</time>
   </trkpt>
   <trkpt lat="43.2839030" lon="-1.7840370">
    <ele>761.5</ele>
    <time>2018-12-31T09:32:27Z</time>
   </trkpt>
   <trkpt lat="43.2838730" lon="-1.7840710">
    <ele>761.6</ele>
    <time>2018-12-31T09:32:33Z</time>
   </trkpt>
   <trkpt lat="43.2838520" lon="-1.7840940">
    <ele>761.8</ele>
    <time>2018-12-31T09:32:34Z</time>
   </trkpt>
   <trkpt lat="43.2838230" lon="-1.7841030">
    <ele>762.1</ele>
    <time>2018-12-31T09:32:38Z</time>
   </trkpt>
   <trkpt lat="43.2837950" lon="-1.7841060">
    <ele>762.4</ele>
    <time>2018-12-31T09:32:41Z</time>
   </trkpt>
   <trkpt lat="43.2837730" lon="-1.7841310">
    <ele>762.7</ele>
    <time>2018-12-31T09:32:46Z</time>
   </trkpt>
   <trkpt lat="43.2837500" lon="-1.7841490">
    <ele>763.2</ele>
    <time>2018-12-31T09:32:50Z</time>
   </trkpt>
   <trkpt lat="43.2837210" lon="-1.7841730">
    <ele>764.2</ele>
    <time>2018-12-31T09:33:00Z</time>
   </trkpt>
   <trkpt lat="43.2836930" lon="-1.7841880">
    <ele>764.6</ele>
    <time>2018-12-31T09:33:06Z</time>
   </trkpt>
   <trkpt lat="43.2836630" lon="-1.7841770">
    <ele>764.1</ele>
    <time>2018-12-31T09:33:09Z</time>
   </trkpt>
   <trkpt lat="43.2836320" lon="-1.7841980">
    <ele>764.0</ele>
    <time>2018-12-31T09:33:16Z</time>
   </trkpt>
   <trkpt lat="43.2836070" lon="-1.7842110">
    <ele>765.4</ele>
    <time>2018-12-31T09:33:21Z</time>
   </trkpt>
   <trkpt lat="43.2835690" lon="-1.7842240">
    <ele>767.0</ele>
    <time>2018-12-31T09:33:27Z</time>
   </trkpt>
   <trkpt lat="43.2835440" lon="-1.7842380">
    <ele>767.8</ele>
    <time>2018-12-31T09:33:30Z</time>
   </trkpt>
   <trkpt lat="43.2835130" lon="-1.7842090">
    <ele>768.3</ele>
    <time>2018-12-31T09:33:35Z</time>
   </trkpt>
   <trkpt lat="43.2834850" lon="-1.7842390">
    <ele>768.2</ele>
    <time>2018-12-31T09:33:49Z</time>
   </trkpt>
   <trkpt lat="43.2834850" lon="-1.7842910">
    <ele>767.7</ele>
    <time>2018-12-31T09:33:52Z</time>
   </trkpt>
   <trkpt lat="43.2834840" lon="-1.7843360">
    <ele>767.1</ele>
    <time>2018-12-31T09:33:56Z</time>
   </trkpt>
   <trkpt lat="43.2834550" lon="-1.7843390">
    <ele>767.6</ele>
    <time>2018-12-31T09:34:01Z</time>
   </trkpt>
   <trkpt lat="43.2834270" lon="-1.7843590">
    <ele>768.6</ele>
    <time>2018-12-31T09:34:04Z</time>
   </trkpt>
   <trkpt lat="43.2834000" lon="-1.7843790">
    <ele>769.2</ele>
    <time>2018-12-31T09:34:09Z</time>
   </trkpt>
   <trkpt lat="43.2833700" lon="-1.7843880">
    <ele>769.6</ele>
    <time>2018-12-31T09:34:14Z</time>
   </trkpt>
   <trkpt lat="43.2833390" lon="-1.7843890">
    <ele>770.1</ele>
    <time>2018-12-31T09:34:17Z</time>
   </trkpt>
   <trkpt lat="43.2833090" lon="-1.7843990">
    <ele>770.8</ele>
    <time>2018-12-31T09:34:19Z</time>
   </trkpt>
   <trkpt lat="43.2832870" lon="-1.7844240">
    <ele>771.2</ele>
    <time>2018-12-31T09:34:24Z</time>
   </trkpt>
   <trkpt lat="43.2832590" lon="-1.7844510">
    <ele>771.0</ele>
    <time>2018-12-31T09:34:30Z</time>
   </trkpt>
   <trkpt lat="43.2832410" lon="-1.7844920">
    <ele>771.4</ele>
    <time>2018-12-31T09:34:32Z</time>
   </trkpt>
   <trkpt lat="43.2832120" lon="-1.7844980">
    <ele>771.9</ele>
    <time>2018-12-31T09:34:35Z</time>
   </trkpt>
   <trkpt lat="43.2831800" lon="-1.7844760">
    <ele>772.7</ele>
    <time>2018-12-31T09:34:39Z</time>
   </trkpt>
   <trkpt lat="43.2831520" lon="-1.7844620">
    <ele>773.3</ele>
    <time>2018-12-31T09:34:41Z</time>
   </trkpt>
   <trkpt lat="43.2831190" lon="-1.7844640">
    <ele>774.0</ele>
    <time>2018-12-31T09:34:45Z</time>
   </trkpt>
   <trkpt lat="43.2830940" lon="-1.7844920">
    <ele>774.6</ele>
    <time>2018-12-31T09:34:50Z</time>
   </trkpt>
   <trkpt lat="43.2830630" lon="-1.7845120">
    <ele>775.2</ele>
    <time>2018-12-31T09:34:54Z</time>
   </trkpt>
   <trkpt lat="43.2830300" lon="-1.7845120">
    <ele>775.8</ele>
    <time>2018-12-31T09:35:01Z</time>
   </trkpt>
   <trkpt lat="43.2830110" lon="-1.7844860">
    <ele>776.2</ele>
    <time>2018-12-31T09:35:10Z</time>
   </trkpt>
   <trkpt lat="43.2829810" lon="-1.7844780">
    <ele>776.8</ele>
    <time>2018-12-31T09:38:19Z</time>
   </trkpt>
   <trkpt lat="43.2829660" lon="-1.7844450">
    <ele>777.3</ele>
    <time>2018-12-31T09:38:23Z</time>
   </trkpt>
   <trkpt lat="43.2829440" lon="-1.7844700">
    <ele>777.7</ele>
    <time>2018-12-31T09:38:28Z</time>
   </trkpt>
   <trkpt lat="43.2829130" lon="-1.7844810">
    <ele>778.3</ele>
    <time>2018-12-31T09:38:32Z</time>
   </trkpt>
   <trkpt lat="43.2828800" lon="-1.7844650">
    <ele>778.8</ele>
    <time>2018-12-31T09:38:34Z</time>
   </trkpt>
   <trkpt lat="43.2828540" lon="-1.7844520">
    <ele>779.1</ele>
    <time>2018-12-31T09:38:38Z</time>
   </trkpt>
   <trkpt lat="43.2828280" lon="-1.7844630">
    <ele>779.4</ele>
    <time>2018-12-31T09:38:42Z</time>
   </trkpt>
   <trkpt lat="43.2828050" lon="-1.7844900">
    <ele>779.8</ele>
    <time>2018-12-31T09:39:00Z</time>
   </trkpt>
   <trkpt lat="43.2827740" lon="-1.7845040">
    <ele>780.1</ele>
    <time>2018-12-31T09:39:09Z</time>
   </trkpt>
   <trkpt lat="43.2827460" lon="-1.7845290">
    <ele>780.4</ele>
    <time>2018-12-31T09:39:12Z</time>
   </trkpt>
   <trkpt lat="43.2827200" lon="-1.7845440">
    <ele>781.0</ele>
    <time>2018-12-31T09:39:15Z</time>
   </trkpt>
   <trkpt lat="43.2826920" lon="-1.7845560">
    <ele>781.8</ele>
    <time>2018-12-31T09:39:19Z</time>
   </trkpt>
   <trkpt lat="43.2826680" lon="-1.7845770">
    <ele>782.6</ele>
    <time>2018-12-31T09:39:22Z</time>
   </trkpt>
   <trkpt lat="43.2826380" lon="-1.7845920">
    <ele>783.1</ele>
    <time>2018-12-31T09:39:26Z</time>
   </trkpt>
   <trkpt lat="43.2826080" lon="-1.7845980">
    <ele>783.6</ele>
    <time>2018-12-31T09:39:31Z</time>
   </trkpt>
   <trkpt lat="43.2825800" lon="-1.7846200">
    <ele>784.2</ele>
    <time>2018-12-31T09:39:38Z</time>
   </trkpt>
   <trkpt lat="43.2825480" lon="-1.7846330">
    <ele>784.7</ele>
    <time>2018-12-31T09:39:44Z</time>
   </trkpt>
   <trkpt lat="43.2825260" lon="-1.7846560">
    <ele>784.9</ele>
    <time>2018-12-31T09:39:49Z</time>
   </trkpt>
   <trkpt lat="43.2825050" lon="-1.7846840">
    <ele>785.1</ele>
    <time>2018-12-31T09:40:10Z</time>
   </trkpt>
   <trkpt lat="43.2824980" lon="-1.7847250">
    <ele>784.9</ele>
    <time>2018-12-31T09:41:19Z</time>
   </trkpt>
   <trkpt lat="43.2824760" lon="-1.7847510">
    <ele>784.5</ele>
    <time>2018-12-31T09:41:24Z</time>
   </trkpt>
   <trkpt lat="43.2824520" lon="-1.7847710">
    <ele>784.8</ele>
    <time>2018-12-31T09:41:36Z</time>
   </trkpt>
   <trkpt lat="43.2824300" lon="-1.7847500">
    <ele>785.1</ele>
    <time>2018-12-31T09:42:09Z</time>
   </trkpt>
   <trkpt lat="43.2824060" lon="-1.7847250">
    <ele>785.2</ele>
    <time>2018-12-31T09:42:25Z</time>
   </trkpt>
   <trkpt lat="43.2823790" lon="-1.7847060">
    <ele>785.1</ele>
    <time>2018-12-31T09:42:28Z</time>
   </trkpt>
   <trkpt lat="43.2823520" lon="-1.7847060">
    <ele>785.0</ele>
    <time>2018-12-31T09:42:30Z</time>
   </trkpt>
   <trkpt lat="43.2823230" lon="-1.7847200">
    <ele>785.0</ele>
    <time>2018-12-31T09:42:33Z</time>
   </trkpt>
   <trkpt lat="43.2823040" lon="-1.7847540">
    <ele>785.1</ele>
    <time>2018-12-31T09:42:38Z</time>
   </trkpt>
   <trkpt lat="43.2822920" lon="-1.7847930">
    <ele>785.3</ele>
    <time>2018-12-31T09:42:55Z</time>
   </trkpt>
   <trkpt lat="43.2822710" lon="-1.7848210">
    <ele>785.4</ele>
    <time>2018-12-31T09:42:59Z</time>
   </trkpt>
   <trkpt lat="43.2822340" lon="-1.7848150">
    <ele>785.4</ele>
    <time>2018-12-31T09:43:05Z</time>
   </trkpt>
   <trkpt lat="43.2822040" lon="-1.7848310">
    <ele>785.3</ele>
    <time>2018-12-31T09:43:09Z</time>
   </trkpt>
   <trkpt lat="43.2821680" lon="-1.7848420">
    <ele>785.2</ele>
    <time>2018-12-31T09:43:17Z</time>
   </trkpt>
   <trkpt lat="43.2821370" lon="-1.7848290">
    <ele>785.0</ele>
    <time>2018-12-31T09:43:20Z</time>
   </trkpt>
   <trkpt lat="43.2821030" lon="-1.7848260">
    <ele>784.7</ele>
    <time>2018-12-31T09:43:26Z</time>
   </trkpt>
   <trkpt lat="43.2820740" lon="-1.7848520">
    <ele>784.3</ele>
    <time>2018-12-31T09:43:31Z</time>
   </trkpt>
   <trkpt lat="43.2820470" lon="-1.7848660">
    <ele>783.9</ele>
    <time>2018-12-31T09:43:34Z</time>
   </trkpt>
   <trkpt lat="43.2820230" lon="-1.7848830">
    <ele>783.4</ele>
    <time>2018-12-31T09:43:41Z</time>
   </trkpt>
   <trkpt lat="43.2819830" lon="-1.7848860">
    <ele>782.7</ele>
    <time>2018-12-31T09:43:51Z</time>
   </trkpt>
   <trkpt lat="43.2819470" lon="-1.7849000">
    <ele>782.0</ele>
    <time>2018-12-31T09:43:54Z</time>
   </trkpt>
   <trkpt lat="43.2819180" lon="-1.7849220">
    <ele>781.4</ele>
    <time>2018-12-31T09:43:57Z</time>
   </trkpt>
   <trkpt lat="43.2818950" lon="-1.7849450">
    <ele>780.8</ele>
    <time>2018-12-31T09:44:01Z</time>
   </trkpt>
   <trkpt lat="43.2818650" lon="-1.7849590">
    <ele>780.1</ele>
    <time>2018-12-31T09:44:06Z</time>
   </trkpt>
   <trkpt lat="43.2818480" lon="-1.7849970">
    <ele>779.5</ele>
    <time>2018-12-31T09:44:11Z</time>
   </trkpt>
   <trkpt lat="43.2818260" lon="-1.7850300">
    <ele>778.7</ele>
    <time>2018-12-31T09:44:14Z</time>
   </trkpt>
   <trkpt lat="43.2818100" lon="-1.7850660">
    <ele>778.0</ele>
    <time>2018-12-31T09:44:18Z</time>
   </trkpt>
   <trkpt lat="43.2817990" lon="-1.7851060">
    <ele>777.3</ele>
    <time>2018-12-31T09:44:22Z</time>
   </trkpt>
   <trkpt lat="43.2817900" lon="-1.7851480">
    <ele>776.4</ele>
    <time>2018-12-31T09:44:28Z</time>
   </trkpt>
   <trkpt lat="43.2817700" lon="-1.7851860">
    <ele>775.4</ele>
    <time>2018-12-31T09:44:31Z</time>
   </trkpt>
   <trkpt lat="43.2817550" lon="-1.7852230">
    <ele>774.4</ele>
    <time>2018-12-31T09:44:34Z</time>
   </trkpt>
   <trkpt lat="43.2817440" lon="-1.7852590">
    <ele>773.4</ele>
    <time>2018-12-31T09:44:39Z</time>
   </trkpt>
   <trkpt lat="43.2817220" lon="-1.7852920">
    <ele>772.1</ele>
    <time>2018-12-31T09:44:44Z</time>
   </trkpt>
   <trkpt lat="43.2817020" lon="-1.7853240">
    <ele>770.8</ele>
    <time>2018-12-31T09:44:50Z</time>
   </trkpt>
   <trkpt lat="43.2816780" lon="-1.7853560">
    <ele>769.2</ele>
    <time>2018-12-31T09:44:54Z</time>
   </trkpt>
   <trkpt lat="43.2816510" lon="-1.7853790">
    <ele>767.7</ele>
    <time>2018-12-31T09:44:57Z</time>
   </trkpt>
   <trkpt lat="43.2816230" lon="-1.7853850">
    <ele>766.9</ele>
    <time>2018-12-31T09:45:05Z</time>
   </trkpt>
   <trkpt lat="43.2815980" lon="-1.7854080">
    <ele>766.9</ele>
    <time>2018-12-31T09:45:15Z</time>
   </trkpt>
   <trkpt lat="43.2815870" lon="-1.7854460">
    <ele>766.9</ele>
    <time>2018-12-31T09:45:48Z</time>
   </trkpt>
   <trkpt lat="43.2816120" lon="-1.7854700">
    <ele>766.9</ele>
    <time>2018-12-31T09:58:04Z</time>
   </trkpt>
   <trkpt lat="43.2816330" lon="-1.7855010">
    <ele>766.4</ele>
    <time>2018-12-31T09:58:09Z</time>
   </trkpt>
   <trkpt lat="43.2816550" lon="-1.7855390">
    <ele>764.9</ele>
    <time>2018-12-31T09:58:13Z</time>
   </trkpt>
   <trkpt lat="43.2816720" lon="-1.7855760">
    <ele>763.5</ele>
    <time>2018-12-31T09:58:16Z</time>
   </trkpt>
   <trkpt lat="43.2816970" lon="-1.7856030">
    <ele>761.7</ele>
    <time>2018-12-31T09:58:23Z</time>
   </trkpt>
   <trkpt lat="43.2817220" lon="-1.7856220">
    <ele>760.1</ele>
    <time>2018-12-31T09:58:27Z</time>
   </trkpt>
   <trkpt lat="43.2817390" lon="-1.7856520">
    <ele>759.3</ele>
    <time>2018-12-31T09:58:32Z</time>
   </trkpt>
   <trkpt lat="43.2817650" lon="-1.7856810">
    <ele>758.6</ele>
    <time>2018-12-31T09:58:42Z</time>
   </trkpt>
   <trkpt lat="43.2817940" lon="-1.7856770">
    <ele>757.8</ele>
    <time>2018-12-31T09:58:47Z</time>
   </trkpt>
   <trkpt lat="43.2818160" lon="-1.7856990">
    <ele>756.7</ele>
    <time>2018-12-31T09:58:54Z</time>
   </trkpt>
   <trkpt lat="43.2818370" lon="-1.7857330">
    <ele>755.3</ele>
    <time>2018-12-31T09:58:58Z</time>
   </trkpt>
   <trkpt lat="43.2818660" lon="-1.7857430">
    <ele>754.2</ele>
    <time>2018-12-31T09:59:09Z</time>
   </trkpt>
   <trkpt lat="43.2818750" lon="-1.7857790">
    <ele>753.4</ele>
    <time>2018-12-31T09:59:29Z</time>
   </trkpt>
   <trkpt lat="43.2818980" lon="-1.7858170">
    <ele>753.4</ele>
    <time>2018-12-31T09:59:34Z</time>
   </trkpt>
   <trkpt lat="43.2819240" lon="-1.7858260">
    <ele>753.3</ele>
    <time>2018-12-31T09:59:37Z</time>
   </trkpt>
   <trkpt lat="43.2819580" lon="-1.7858360">
    <ele>753.0</ele>
    <time>2018-12-31T09:59:58Z</time>
   </trkpt>
   <trkpt lat="43.2819850" lon="-1.7858420">
    <ele>752.3</ele>
    <time>2018-12-31T10:00:15Z</time>
   </trkpt>
   <trkpt lat="43.2820080" lon="-1.7858880">
    <ele>751.2</ele>
    <time>2018-12-31T10:00:21Z</time>
   </trkpt>
   <trkpt lat="43.2820340" lon="-1.7859180">
    <ele>750.3</ele>
    <time>2018-12-31T10:00:25Z</time>
   </trkpt>
   <trkpt lat="43.2820580" lon="-1.7859440">
    <ele>749.5</ele>
    <time>2018-12-31T10:00:37Z</time>
   </trkpt>
   <trkpt lat="43.2820830" lon="-1.7859610">
    <ele>748.8</ele>
    <time>2018-12-31T10:00:42Z</time>
   </trkpt>
   <trkpt lat="43.2821130" lon="-1.7859570">
    <ele>748.1</ele>
    <time>2018-12-31T10:00:55Z</time>
   </trkpt>
   <trkpt lat="43.2821400" lon="-1.7859440">
    <ele>747.3</ele>
    <time>2018-12-31T10:00:59Z</time>
   </trkpt>
   <trkpt lat="43.2821620" lon="-1.7859210">
    <ele>748.1</ele>
    <time>2018-12-31T10:01:04Z</time>
   </trkpt>
   <trkpt lat="43.2821870" lon="-1.7858840">
    <ele>749.4</ele>
    <time>2018-12-31T10:01:29Z</time>
   </trkpt>
   <trkpt lat="43.2822130" lon="-1.7858680">
    <ele>750.0</ele>
    <time>2018-12-31T10:01:33Z</time>
   </trkpt>
   <trkpt lat="43.2822400" lon="-1.7858680">
    <ele>750.4</ele>
    <time>2018-12-31T10:01:47Z</time>
   </trkpt>
   <trkpt lat="43.2822560" lon="-1.7858300">
    <ele>750.8</ele>
    <time>2018-12-31T10:01:56Z</time>
   </trkpt>
   <trkpt lat="43.2822790" lon="-1.7858100">
    <ele>751.2</ele>
    <time>2018-12-31T10:02:04Z</time>
   </trkpt>
   <trkpt lat="43.2823010" lon="-1.7857760">
    <ele>751.6</ele>
    <time>2018-12-31T10:02:10Z</time>
   </trkpt>
   <trkpt lat="43.2823330" lon="-1.7857680">
    <ele>752.0</ele>
    <time>2018-12-31T10:02:17Z</time>
   </trkpt>
   <trkpt lat="43.2823460" lon="-1.7858040">
    <ele>752.4</ele>
    <time>2018-12-31T10:02:23Z</time>
   </trkpt>
   <trkpt lat="43.2823760" lon="-1.7857990">
    <ele>752.8</ele>
    <time>2018-12-31T10:02:28Z</time>
   </trkpt>
   <trkpt lat="43.2823910" lon="-1.7857670">
    <ele>753.6</ele>
    <time>2018-12-31T10:02:59Z</time>
   </trkpt>
   <trkpt lat="43.2824200" lon="-1.7857560">
    <ele>753.3</ele>
    <time>2018-12-31T10:03:06Z</time>
   </trkpt>
   <trkpt lat="43.2824510" lon="-1.7857550">
    <ele>751.8</ele>
    <time>2018-12-31T10:03:14Z</time>
   </trkpt>
   <trkpt lat="43.2824860" lon="-1.7857400">
    <ele>751.0</ele>
    <time>2018-12-31T10:03:18Z</time>
   </trkpt>
   <trkpt lat="43.2825120" lon="-1.7857130">
    <ele>750.4</ele>
    <time>2018-12-31T10:03:21Z</time>
   </trkpt>
   <trkpt lat="43.2825130" lon="-1.7856710">
    <ele>751.4</ele>
    <time>2018-12-31T10:03:27Z</time>
   </trkpt>
   <trkpt lat="43.2825420" lon="-1.7856740">
    <ele>752.1</ele>
    <time>2018-12-31T10:03:46Z</time>
   </trkpt>
   <trkpt lat="43.2825650" lon="-1.7856920">
    <ele>752.1</ele>
    <time>2018-12-31T10:03:55Z</time>
   </trkpt>
   <trkpt lat="43.2825720" lon="-1.7857280">
    <ele>752.1</ele>
    <time>2018-12-31T10:03:59Z</time>
   </trkpt>
   <trkpt lat="43.2825990" lon="-1.7857430">
    <ele>752.4</ele>
    <time>2018-12-31T10:04:05Z</time>
   </trkpt>
   <trkpt lat="43.2826060" lon="-1.7857820">
    <ele>752.3</ele>
    <time>2018-12-31T10:04:16Z</time>
   </trkpt>
   <trkpt lat="43.2825960" lon="-1.7858230">
    <ele>750.5</ele>
    <time>2018-12-31T10:04:25Z</time>
   </trkpt>
   <trkpt lat="43.2825900" lon="-1.7858670">
    <ele>748.5</ele>
    <time>2018-12-31T10:04:31Z</time>
   </trkpt>
   <trkpt lat="43.2825960" lon="-1.7859160">
    <ele>746.6</ele>
    <time>2018-12-31T10:04:35Z</time>
   </trkpt>
   <trkpt lat="43.2825990" lon="-1.7859530">
    <ele>745.5</ele>
    <time>2018-12-31T10:04:39Z</time>
   </trkpt>
   <trkpt lat="43.2825820" lon="-1.7859870">
    <ele>744.4</ele>
    <time>2018-12-31T10:04:42Z</time>
   </trkpt>
   <trkpt lat="43.2825710" lon="-1.7860230">
    <ele>743.0</ele>
    <time>2018-12-31T10:05:23Z</time>
   </trkpt>
   <trkpt lat="43.2825520" lon="-1.7860630">
    <ele>741.1</ele>
    <time>2018-12-31T10:05:30Z</time>
   </trkpt>
   <trkpt lat="43.2825410" lon="-1.7861070">
    <ele>739.1</ele>
    <time>2018-12-31T10:05:37Z</time>
   </trkpt>
   <trkpt lat="43.2825340" lon="-1.7861540">
    <ele>736.6</ele>
    <time>2018-12-31T10:06:07Z</time>
   </trkpt>
   <trkpt lat="43.2825510" lon="-1.7861910">
    <ele>734.4</ele>
    <time>2018-12-31T10:06:14Z</time>
   </trkpt>
   <trkpt lat="43.2825380" lon="-1.7862250">
    <ele>733.3</ele>
    <time>2018-12-31T10:06:32Z</time>
   </trkpt>
   <trkpt lat="43.2825290" lon="-1.7862600">
    <ele>732.3</ele>
    <time>2018-12-31T10:06:38Z</time>
   </trkpt>
   <trkpt lat="43.2825100" lon="-1.7862910">
    <ele>731.3</ele>
    <time>2018-12-31T10:06:40Z</time>
   </trkpt>
   <trkpt lat="43.2825380" lon="-1.7862950">
    <ele>729.8</ele>
    <time>2018-12-31T10:06:54Z</time>
   </trkpt>
   <trkpt lat="43.2825620" lon="-1.7863230">
    <ele>728.0</ele>
    <time>2018-12-31T10:07:04Z</time>
   </trkpt>
   <trkpt lat="43.2825550" lon="-1.7863590">
    <ele>726.4</ele>
    <time>2018-12-31T10:07:15Z</time>
   </trkpt>
   <trkpt lat="43.2825750" lon="-1.7863870">
    <ele>725.3</ele>
    <time>2018-12-31T10:07:42Z</time>
   </trkpt>
   <trkpt lat="43.2825850" lon="-1.7864230">
    <ele>724.7</ele>
    <time>2018-12-31T10:07:49Z</time>
   </trkpt>
   <trkpt lat="43.2825720" lon="-1.7864580">
    <ele>724.0</ele>
    <time>2018-12-31T10:08:01Z</time>
   </trkpt>
   <trkpt lat="43.2825750" lon="-1.7864950">
    <ele>723.3</ele>
    <time>2018-12-31T10:08:10Z</time>
   </trkpt>
   <trkpt lat="43.2825650" lon="-1.7865310">
    <ele>722.5</ele>
    <time>2018-12-31T10:08:25Z</time>
   </trkpt>
   <trkpt lat="43.2825850" lon="-1.7865060">
    <ele>721.7</ele>
    <time>2018-12-31T10:10:18Z</time>
   </trkpt>
   <trkpt lat="43.2826110" lon="-1.7864890">
    <ele>720.9</ele>
    <time>2018-12-31T10:10:23Z</time>
   </trkpt>
   <trkpt lat="43.2826380" lon="-1.7864770">
    <ele>720.0</ele>
    <time>2018-12-31T10:10:29Z</time>
   </trkpt>
   <trkpt lat="43.2826640" lon="-1.7864730">
    <ele>719.1</ele>
    <time>2018-12-31T10:10:33Z</time>
   </trkpt>
   <trkpt lat="43.2826730" lon="-1.7865100">
    <ele>717.6</ele>
    <time>2018-12-31T10:10:46Z</time>
   </trkpt>
   <trkpt lat="43.2826760" lon="-1.7865570">
    <ele>716.3</ele>
    <time>2018-12-31T10:10:48Z</time>
   </trkpt>
   <trkpt lat="43.2826660" lon="-1.7866040">
    <ele>715.5</ele>
    <time>2018-12-31T10:10:50Z</time>
   </trkpt>
   <trkpt lat="43.2826340" lon="-1.7866230">
    <ele>713.5</ele>
    <time>2018-12-31T10:10:53Z</time>
   </trkpt>
   <trkpt lat="43.2826060" lon="-1.7866550">
    <ele>711.9</ele>
    <time>2018-12-31T10:10:56Z</time>
   </trkpt>
   <trkpt lat="43.2825800" lon="-1.7866750">
    <ele>711.4</ele>
    <time>2018-12-31T10:11:06Z</time>
   </trkpt>
   <trkpt lat="43.2825640" lon="-1.7867070">
    <ele>711.0</ele>
    <time>2018-12-31T10:11:13Z</time>
   </trkpt>
   <trkpt lat="43.2825450" lon="-1.7867340">
    <ele>710.5</ele>
    <time>2018-12-31T10:11:22Z</time>
   </trkpt>
   <trkpt lat="43.2825290" lon="-1.7866980">
    <ele>711.3</ele>
    <time>2018-12-31T10:11:30Z</time>
   </trkpt>
   <trkpt lat="43.2824900" lon="-1.7866840">
    <ele>713.3</ele>
    <time>2018-12-31T10:11:37Z</time>
   </trkpt>
   <trkpt lat="43.2824700" lon="-1.7866490">
    <ele>715.0</ele>
    <time>2018-12-31T10:11:51Z</time>
   </trkpt>
   <trkpt lat="43.2824430" lon="-1.7866360">
    <ele>716.5</ele>
    <time>2018-12-31T10:11:54Z</time>
   </trkpt>
   <trkpt lat="43.2824140" lon="-1.7866730">
    <ele>718.4</ele>
    <time>2018-12-31T10:11:58Z</time>
   </trkpt>
   <trkpt lat="43.2823920" lon="-1.7867060">
    <ele>719.2</ele>
    <time>2018-12-31T10:12:00Z</time>
   </trkpt>
   <trkpt lat="43.2823750" lon="-1.7867530">
    <ele>719.4</ele>
    <time>2018-12-31T10:12:02Z</time>
   </trkpt>
   <trkpt lat="43.2823600" lon="-1.7867940">
    <ele>719.3</ele>
    <time>2018-12-31T10:12:05Z</time>
   </trkpt>
   <trkpt lat="43.2823280" lon="-1.7867990">
    <ele>718.9</ele>
    <time>2018-12-31T10:12:13Z</time>
   </trkpt>
   <trkpt lat="43.2822970" lon="-1.7868190">
    <ele>718.1</ele>
    <time>2018-12-31T10:12:16Z</time>
   </trkpt>
   <trkpt lat="43.2822670" lon="-1.7868220">
    <ele>716.8</ele>
    <time>2018-12-31T10:12:20Z</time>
   </trkpt>
   <trkpt lat="43.2822390" lon="-1.7868130">
    <ele>715.0</ele>
    <time>2018-12-31T10:12:32Z</time>
   </trkpt>
   <trkpt lat="43.2821960" lon="-1.7868500">
    <ele>714.9</ele>
    <time>2018-12-31T10:12:38Z</time>
   </trkpt>
   <trkpt lat="43.2821710" lon="-1.7868350">
    <ele>715.5</ele>
    <time>2018-12-31T10:12:58Z</time>
   </trkpt>
   <trkpt lat="43.2821320" lon="-1.7868340">
    <ele>714.3</ele>
    <time>2018-12-31T10:13:06Z</time>
   </trkpt>
   <trkpt lat="43.2821060" lon="-1.7868540">
    <ele>714.0</ele>
    <time>2018-12-31T10:13:08Z</time>
   </trkpt>
   <trkpt lat="43.2820730" lon="-1.7868700">
    <ele>714.6</ele>
    <time>2018-12-31T10:13:11Z</time>
   </trkpt>
   <trkpt lat="43.2820410" lon="-1.7868700">
    <ele>714.8</ele>
    <time>2018-12-31T10:13:14Z</time>
   </trkpt>
   <trkpt lat="43.2820160" lon="-1.7868870">
    <ele>714.8</ele>
    <time>2018-12-31T10:13:44Z</time>
   </trkpt>
   <trkpt lat="43.2819680" lon="-1.7869010">
    <ele>713.9</ele>
    <time>2018-12-31T10:14:47Z</time>
   </trkpt>
   <trkpt lat="43.2819440" lon="-1.7869190">
    <ele>713.4</ele>
    <time>2018-12-31T10:14:55Z</time>
   </trkpt>
   <trkpt lat="43.2819230" lon="-1.7869830">
    <ele>713.2</ele>
    <time>2018-12-31T10:15:01Z</time>
   </trkpt>
   <trkpt lat="43.2819110" lon="-1.7870180">
    <ele>712.7</ele>
    <time>2018-12-31T10:15:04Z</time>
   </trkpt>
   <trkpt lat="43.2818860" lon="-1.7870370">
    <ele>711.4</ele>
    <time>2018-12-31T10:15:08Z</time>
   </trkpt>
   <trkpt lat="43.2818600" lon="-1.7870660">
    <ele>710.1</ele>
    <time>2018-12-31T10:15:12Z</time>
   </trkpt>
   <trkpt lat="43.2818210" lon="-1.7871020">
    <ele>708.4</ele>
    <time>2018-12-31T10:15:15Z</time>
   </trkpt>
   <trkpt lat="43.2817960" lon="-1.7871290">
    <ele>708.2</ele>
    <time>2018-12-31T10:15:17Z</time>
   </trkpt>
   <trkpt lat="43.2817670" lon="-1.7871350">
    <ele>708.1</ele>
    <time>2018-12-31T10:15:20Z</time>
   </trkpt>
   <trkpt lat="43.2817530" lon="-1.7871000">
    <ele>707.4</ele>
    <time>2018-12-31T10:15:25Z</time>
   </trkpt>
   <trkpt lat="43.2817370" lon="-1.7870670">
    <ele>705.8</ele>
    <time>2018-12-31T10:15:32Z</time>
   </trkpt>
   <trkpt lat="43.2817140" lon="-1.7870450">
    <ele>705.2</ele>
    <time>2018-12-31T10:15:42Z</time>
   </trkpt>
   <trkpt lat="43.2816780" lon="-1.7870420">
    <ele>705.1</ele>
    <time>2018-12-31T10:15:47Z</time>
   </trkpt>
   <trkpt lat="43.2816590" lon="-1.7870120">
    <ele>705.0</ele>
    <time>2018-12-31T10:15:53Z</time>
   </trkpt>
   <trkpt lat="43.2816370" lon="-1.7869880">
    <ele>704.9</ele>
    <time>2018-12-31T10:15:59Z</time>
   </trkpt>
   <trkpt lat="43.2816110" lon="-1.7869620">
    <ele>705.3</ele>
    <time>2018-12-31T10:16:04Z</time>
   </trkpt>
   <trkpt lat="43.2815850" lon="-1.7869380">
    <ele>706.2</ele>
    <time>2018-12-31T10:16:08Z</time>
   </trkpt>
   <trkpt lat="43.2815560" lon="-1.7869220">
    <ele>707.1</ele>
    <time>2018-12-31T10:16:11Z</time>
   </trkpt>
   <trkpt lat="43.2815300" lon="-1.7869020">
    <ele>708.2</ele>
    <time>2018-12-31T10:16:21Z</time>
   </trkpt>
   <trkpt lat="43.2815020" lon="-1.7868900">
    <ele>709.1</ele>
    <time>2018-12-31T10:16:36Z</time>
   </trkpt>
   <trkpt lat="43.2814690" lon="-1.7868660">
    <ele>709.0</ele>
    <time>2018-12-31T10:16:41Z</time>
   </trkpt>
   <trkpt lat="43.2814380" lon="-1.7868710">
    <ele>709.5</ele>
    <time>2018-12-31T10:16:48Z</time>
   </trkpt>
   <trkpt lat="43.2814090" lon="-1.7868860">
    <ele>710.7</ele>
    <time>2018-12-31T10:16:50Z</time>
   </trkpt>
   <trkpt lat="43.2813670" lon="-1.7868890">
    <ele>710.9</ele>
    <time>2018-12-31T10:16:52Z</time>
   </trkpt>
   <trkpt lat="43.2813370" lon="-1.7868860">
    <ele>710.4</ele>
    <time>2018-12-31T10:16:55Z</time>
   </trkpt>
   <trkpt lat="43.2813080" lon="-1.7868990">
    <ele>709.4</ele>
    <time>2018-12-31T10:16:58Z</time>
   </trkpt>
   <trkpt lat="43.2812780" lon="-1.7869240">
    <ele>708.3</ele>
    <time>2018-12-31T10:17:02Z</time>
   </trkpt>
   <trkpt lat="43.2812500" lon="-1.7869620">
    <ele>707.0</ele>
    <time>2018-12-31T10:17:04Z</time>
   </trkpt>
   <trkpt lat="43.2812170" lon="-1.7869890">
    <ele>706.3</ele>
    <time>2018-12-31T10:17:07Z</time>
   </trkpt>
   <trkpt lat="43.2811840" lon="-1.7869990">
    <ele>704.3</ele>
    <time>2018-12-31T10:17:11Z</time>
   </trkpt>
   <trkpt lat="43.2811540" lon="-1.7870000">
    <ele>704.4</ele>
    <time>2018-12-31T10:17:18Z</time>
   </trkpt>
   <trkpt lat="43.2811190" lon="-1.7870180">
    <ele>704.5</ele>
    <time>2018-12-31T10:17:21Z</time>
   </trkpt>
   <trkpt lat="43.2810920" lon="-1.7870310">
    <ele>704.5</ele>
    <time>2018-12-31T10:17:23Z</time>
   </trkpt>
   <trkpt lat="43.2810680" lon="-1.7870500">
    <ele>704.7</ele>
    <time>2018-12-31T10:17:25Z</time>
   </trkpt>
   <trkpt lat="43.2810400" lon="-1.7870470">
    <ele>704.8</ele>
    <time>2018-12-31T10:17:29Z</time>
   </trkpt>
   <trkpt lat="43.2810060" lon="-1.7870490">
    <ele>704.9</ele>
    <time>2018-12-31T10:17:34Z</time>
   </trkpt>
   <trkpt lat="43.2809730" lon="-1.7870520">
    <ele>705.0</ele>
    <time>2018-12-31T10:17:38Z</time>
   </trkpt>
   <trkpt lat="43.2809410" lon="-1.7870390">
    <ele>705.2</ele>
    <time>2018-12-31T10:17:43Z</time>
   </trkpt>
   <trkpt lat="43.2809140" lon="-1.7870370">
    <ele>705.3</ele>
    <time>2018-12-31T10:17:46Z</time>
   </trkpt>
   <trkpt lat="43.2808850" lon="-1.7870320">
    <ele>705.4</ele>
    <time>2018-12-31T10:17:51Z</time>
   </trkpt>
   <trkpt lat="43.2808580" lon="-1.7870310">
    <ele>705.6</ele>
    <time>2018-12-31T10:17:54Z</time>
   </trkpt>
   <trkpt lat="43.2808320" lon="-1.7870490">
    <ele>705.7</ele>
    <time>2018-12-31T10:17:56Z</time>
   </trkpt>
   <trkpt lat="43.2807990" lon="-1.7870380">
    <ele>705.9</ele>
    <time>2018-12-31T10:18:02Z</time>
   </trkpt>
   <trkpt lat="43.2807640" lon="-1.7870640">
    <ele>706.1</ele>
    <time>2018-12-31T10:18:05Z</time>
   </trkpt>
   <trkpt lat="43.2807450" lon="-1.7871150">
    <ele>706.4</ele>
    <time>2018-12-31T10:18:10Z</time>
   </trkpt>
   <trkpt lat="43.2807230" lon="-1.7871390">
    <ele>706.6</ele>
    <time>2018-12-31T10:18:12Z</time>
   </trkpt>
   <trkpt lat="43.2806970" lon="-1.7871620">
    <ele>706.8</ele>
    <time>2018-12-31T10:18:15Z</time>
   </trkpt>
   <trkpt lat="43.2806690" lon="-1.7871900">
    <ele>707.0</ele>
    <time>2018-12-31T10:18:18Z</time>
   </trkpt>
   <trkpt lat="43.2806440" lon="-1.7872280">
    <ele>707.3</ele>
    <time>2018-12-31T10:18:21Z</time>
   </trkpt>
   <trkpt lat="43.2806160" lon="-1.7872490">
    <ele>707.5</ele>
    <time>2018-12-31T10:18:24Z</time>
   </trkpt>
   <trkpt lat="43.2805830" lon="-1.7872570">
    <ele>707.8</ele>
    <time>2018-12-31T10:18:27Z</time>
   </trkpt>
   <trkpt lat="43.2805490" lon="-1.7872580">
    <ele>706.4</ele>
    <time>2018-12-31T10:18:30Z</time>
   </trkpt>
   <trkpt lat="43.2805060" lon="-1.7872760">
    <ele>704.6</ele>
    <time>2018-12-31T10:18:37Z</time>
   </trkpt>
   <trkpt lat="43.2804770" lon="-1.7872770">
    <ele>703.8</ele>
    <time>2018-12-31T10:18:42Z</time>
   </trkpt>
   <trkpt lat="43.2804430" lon="-1.7872700">
    <ele>703.0</ele>
    <time>2018-12-31T10:18:50Z</time>
   </trkpt>
   <trkpt lat="43.2804040" lon="-1.7872960">
    <ele>702.1</ele>
    <time>2018-12-31T10:18:53Z</time>
   </trkpt>
   <trkpt lat="43.2803760" lon="-1.7873070">
    <ele>701.8</ele>
    <time>2018-12-31T10:18:56Z</time>
   </trkpt>
   <trkpt lat="43.2803560" lon="-1.7873480">
    <ele>701.5</ele>
    <time>2018-12-31T10:19:00Z</time>
   </trkpt>
   <trkpt lat="43.2803240" lon="-1.7873750">
    <ele>701.7</ele>
    <time>2018-12-31T10:19:02Z</time>
   </trkpt>
   <trkpt lat="43.2803010" lon="-1.7873950">
    <ele>702.0</ele>
    <time>2018-12-31T10:19:04Z</time>
   </trkpt>
   <trkpt lat="43.2802750" lon="-1.7874140">
    <ele>702.8</ele>
    <time>2018-12-31T10:19:11Z</time>
   </trkpt>
   <trkpt lat="43.2802710" lon="-1.7874620">
    <ele>703.7</ele>
    <time>2018-12-31T10:19:15Z</time>
   </trkpt>
   <trkpt lat="43.2802540" lon="-1.7875130">
    <ele>704.6</ele>
    <time>2018-12-31T10:19:17Z</time>
   </trkpt>
   <trkpt lat="43.2802380" lon="-1.7875690">
    <ele>705.2</ele>
    <time>2018-12-31T10:19:19Z</time>
   </trkpt>
   <trkpt lat="43.2802390" lon="-1.7876080">
    <ele>705.0</ele>
    <time>2018-12-31T10:19:22Z</time>
   </trkpt>
   <trkpt lat="43.2802170" lon="-1.7876470">
    <ele>704.8</ele>
    <time>2018-12-31T10:19:25Z</time>
   </trkpt>
   <trkpt lat="43.2801950" lon="-1.7876870">
    <ele>704.5</ele>
    <time>2018-12-31T10:19:29Z</time>
   </trkpt>
   <trkpt lat="43.2801840" lon="-1.7877320">
    <ele>704.3</ele>
    <time>2018-12-31T10:19:34Z</time>
   </trkpt>
   <trkpt lat="43.2801640" lon="-1.7877600">
    <ele>704.6</ele>
    <time>2018-12-31T10:19:38Z</time>
   </trkpt>
   <trkpt lat="43.2801400" lon="-1.7877860">
    <ele>705.0</ele>
    <time>2018-12-31T10:19:41Z</time>
   </trkpt>
   <trkpt lat="43.2801160" lon="-1.7878080">
    <ele>704.7</ele>
    <time>2018-12-31T10:19:43Z</time>
   </trkpt>
   <trkpt lat="43.2800910" lon="-1.7878260">
    <ele>704.2</ele>
    <time>2018-12-31T10:19:51Z</time>
   </trkpt>
   <trkpt lat="43.2800660" lon="-1.7878590">
    <ele>703.6</ele>
    <time>2018-12-31T10:19:55Z</time>
   </trkpt>
   <trkpt lat="43.2800550" lon="-1.7879010">
    <ele>703.4</ele>
    <time>2018-12-31T10:19:59Z</time>
   </trkpt>
   <trkpt lat="43.2800300" lon="-1.7879340">
    <ele>703.3</ele>
    <time>2018-12-31T10:20:01Z</time>
   </trkpt>
   <trkpt lat="43.2800070" lon="-1.7879650">
    <ele>702.6</ele>
    <time>2018-12-31T10:20:03Z</time>
   </trkpt>
   <trkpt lat="43.2799840" lon="-1.7880100">
    <ele>701.8</ele>
    <time>2018-12-31T10:20:05Z</time>
   </trkpt>
   <trkpt lat="43.2799700" lon="-1.7880440">
    <ele>701.2</ele>
    <time>2018-12-31T10:20:06Z</time>
   </trkpt>
   <trkpt lat="43.2799480" lon="-1.7880960">
    <ele>700.2</ele>
    <time>2018-12-31T10:20:07Z</time>
   </trkpt>
   <trkpt lat="43.2799310" lon="-1.7881360">
    <ele>699.6</ele>
    <time>2018-12-31T10:20:09Z</time>
   </trkpt>
   <trkpt lat="43.2799180" lon="-1.7881780">
    <ele>699.0</ele>
    <time>2018-12-31T10:20:12Z</time>
   </trkpt>
   <trkpt lat="43.2799060" lon="-1.7882200">
    <ele>698.4</ele>
    <time>2018-12-31T10:20:21Z</time>
   </trkpt>
   <trkpt lat="43.2799000" lon="-1.7882640">
    <ele>697.8</ele>
    <time>2018-12-31T10:20:25Z</time>
   </trkpt>
   <trkpt lat="43.2798900" lon="-1.7883060">
    <ele>697.2</ele>
    <time>2018-12-31T10:20:27Z</time>
   </trkpt>
   <trkpt lat="43.2798770" lon="-1.7883390">
    <ele>696.6</ele>
    <time>2018-12-31T10:20:30Z</time>
   </trkpt>
   <trkpt lat="43.2798700" lon="-1.7883860">
    <ele>695.9</ele>
    <time>2018-12-31T10:20:33Z</time>
   </trkpt>
   <trkpt lat="43.2798580" lon="-1.7884210">
    <ele>695.3</ele>
    <time>2018-12-31T10:20:37Z</time>
   </trkpt>
   <trkpt lat="43.2798460" lon="-1.7884550">
    <ele>694.7</ele>
    <time>2018-12-31T10:20:40Z</time>
   </trkpt>
   <trkpt lat="43.2798290" lon="-1.7884870">
    <ele>693.7</ele>
    <time>2018-12-31T10:20:44Z</time>
   </trkpt>
   <trkpt lat="43.2798080" lon="-1.7885170">
    <ele>692.6</ele>
    <time>2018-12-31T10:20:46Z</time>
   </trkpt>
   <trkpt lat="43.2797870" lon="-1.7885500">
    <ele>692.2</ele>
    <time>2018-12-31T10:20:48Z</time>
   </trkpt>
   <trkpt lat="43.2797690" lon="-1.7885940">
    <ele>692.4</ele>
    <time>2018-12-31T10:20:53Z</time>
   </trkpt>
   <trkpt lat="43.2797500" lon="-1.7886390">
    <ele>692.4</ele>
    <time>2018-12-31T10:20:56Z</time>
   </trkpt>
   <trkpt lat="43.2797390" lon="-1.7886850">
    <ele>692.0</ele>
    <time>2018-12-31T10:20:59Z</time>
   </trkpt>
   <trkpt lat="43.2797130" lon="-1.7887220">
    <ele>691.7</ele>
    <time>2018-12-31T10:21:05Z</time>
   </trkpt>
   <trkpt lat="43.2796830" lon="-1.7887110">
    <ele>692.0</ele>
    <time>2018-12-31T10:21:10Z</time>
   </trkpt>
   <trkpt lat="43.2796570" lon="-1.7887420">
    <ele>692.2</ele>
    <time>2018-12-31T10:21:14Z</time>
   </trkpt>
   <trkpt lat="43.2796430" lon="-1.7887760">
    <ele>692.1</ele>
    <time>2018-12-31T10:21:17Z</time>
   </trkpt>
   <trkpt lat="43.2796170" lon="-1.7888100">
    <ele>691.7</ele>
    <time>2018-12-31T10:21:20Z</time>
   </trkpt>
   <trkpt lat="43.2795960" lon="-1.7888420">
    <ele>691.4</ele>
    <time>2018-12-31T10:21:22Z</time>
   </trkpt>
   <trkpt lat="43.2795720" lon="-1.7888780">
    <ele>691.9</ele>
    <time>2018-12-31T10:21:25Z</time>
   </trkpt>
   <trkpt lat="43.2795520" lon="-1.7889130">
    <ele>692.4</ele>
    <time>2018-12-31T10:21:28Z</time>
   </trkpt>
   <trkpt lat="43.2795240" lon="-1.7889360">
    <ele>692.7</ele>
    <time>2018-12-31T10:21:31Z</time>
   </trkpt>
   <trkpt lat="43.2794980" lon="-1.7889540">
    <ele>692.9</ele>
    <time>2018-12-31T10:21:33Z</time>
   </trkpt>
   <trkpt lat="43.2794740" lon="-1.7889830">
    <ele>693.1</ele>
    <time>2018-12-31T10:21:35Z</time>
   </trkpt>
   <trkpt lat="43.2794530" lon="-1.7890090">
    <ele>693.4</ele>
    <time>2018-12-31T10:21:37Z</time>
   </trkpt>
   <trkpt lat="43.2794320" lon="-1.7890410">
    <ele>693.8</ele>
    <time>2018-12-31T10:21:39Z</time>
   </trkpt>
   <trkpt lat="43.2794100" lon="-1.7890730">
    <ele>694.1</ele>
    <time>2018-12-31T10:21:41Z</time>
   </trkpt>
   <trkpt lat="43.2793790" lon="-1.7891090">
    <ele>694.4</ele>
    <time>2018-12-31T10:21:44Z</time>
   </trkpt>
   <trkpt lat="43.2793510" lon="-1.7891280">
    <ele>694.7</ele>
    <time>2018-12-31T10:21:47Z</time>
   </trkpt>
   <trkpt lat="43.2793330" lon="-1.7891550">
    <ele>695.1</ele>
    <time>2018-12-31T10:21:49Z</time>
   </trkpt>
   <trkpt lat="43.2793300" lon="-1.7891960">
    <ele>695.5</ele>
    <time>2018-12-31T10:21:52Z</time>
   </trkpt>
   <trkpt lat="43.2793140" lon="-1.7892360">
    <ele>695.9</ele>
    <time>2018-12-31T10:21:55Z</time>
   </trkpt>
   <trkpt lat="43.2793040" lon="-1.7892760">
    <ele>696.1</ele>
    <time>2018-12-31T10:22:01Z</time>
   </trkpt>
   <trkpt lat="43.2792890" lon="-1.7893080">
    <ele>696.2</ele>
    <time>2018-12-31T10:22:03Z</time>
   </trkpt>
   <trkpt lat="43.2792750" lon="-1.7893400">
    <ele>696.1</ele>
    <time>2018-12-31T10:22:06Z</time>
   </trkpt>
   <trkpt lat="43.2792610" lon="-1.7893800">
    <ele>695.6</ele>
    <time>2018-12-31T10:22:09Z</time>
   </trkpt>
   <trkpt lat="43.2792480" lon="-1.7894200">
    <ele>695.0</ele>
    <time>2018-12-31T10:22:11Z</time>
   </trkpt>
   <trkpt lat="43.2792390" lon="-1.7894650">
    <ele>694.8</ele>
    <time>2018-12-31T10:22:14Z</time>
   </trkpt>
   <trkpt lat="43.2792310" lon="-1.7895060">
    <ele>694.6</ele>
    <time>2018-12-31T10:22:17Z</time>
   </trkpt>
   <trkpt lat="43.2792170" lon="-1.7895430">
    <ele>694.5</ele>
    <time>2018-12-31T10:22:20Z</time>
   </trkpt>
   <trkpt lat="43.2792050" lon="-1.7895780">
    <ele>694.2</ele>
    <time>2018-12-31T10:22:22Z</time>
   </trkpt>
   <trkpt lat="43.2791980" lon="-1.7896170">
    <ele>694.0</ele>
    <time>2018-12-31T10:22:24Z</time>
   </trkpt>
   <trkpt lat="43.2791870" lon="-1.7896610">
    <ele>693.6</ele>
    <time>2018-12-31T10:22:26Z</time>
   </trkpt>
   <trkpt lat="43.2791690" lon="-1.7896940">
    <ele>693.5</ele>
    <time>2018-12-31T10:22:29Z</time>
   </trkpt>
   <trkpt lat="43.2791530" lon="-1.7897400">
    <ele>693.4</ele>
    <time>2018-12-31T10:22:32Z</time>
   </trkpt>
   <trkpt lat="43.2791380" lon="-1.7897840">
    <ele>693.3</ele>
    <time>2018-12-31T10:22:35Z</time>
   </trkpt>
   <trkpt lat="43.2791190" lon="-1.7898200">
    <ele>693.1</ele>
    <time>2018-12-31T10:22:38Z</time>
   </trkpt>
   <trkpt lat="43.2790970" lon="-1.7898490">
    <ele>693.0</ele>
    <time>2018-12-31T10:22:41Z</time>
   </trkpt>
   <trkpt lat="43.2790780" lon="-1.7898820">
    <ele>693.1</ele>
    <time>2018-12-31T10:22:44Z</time>
   </trkpt>
   <trkpt lat="43.2790560" lon="-1.7899110">
    <ele>693.2</ele>
    <time>2018-12-31T10:22:47Z</time>
   </trkpt>
   <trkpt lat="43.2790370" lon="-1.7899380">
    <ele>693.3</ele>
    <time>2018-12-31T10:22:49Z</time>
   </trkpt>
   <trkpt lat="43.2790200" lon="-1.7899680">
    <ele>693.2</ele>
    <time>2018-12-31T10:22:51Z</time>
   </trkpt>
   <trkpt lat="43.2790060" lon="-1.7900040">
    <ele>693.1</ele>
    <time>2018-12-31T10:22:55Z</time>
   </trkpt>
   <trkpt lat="43.2789800" lon="-1.7900290">
    <ele>693.0</ele>
    <time>2018-12-31T10:22:58Z</time>
   </trkpt>
   <trkpt lat="43.2789560" lon="-1.7900500">
    <ele>692.9</ele>
    <time>2018-12-31T10:23:00Z</time>
   </trkpt>
   <trkpt lat="43.2789370" lon="-1.7900760">
    <ele>692.8</ele>
    <time>2018-12-31T10:23:04Z</time>
   </trkpt>
   <trkpt lat="43.2789180" lon="-1.7901050">
    <ele>692.9</ele>
    <time>2018-12-31T10:23:10Z</time>
   </trkpt>
   <trkpt lat="43.2788960" lon="-1.7901510">
    <ele>693.1</ele>
    <time>2018-12-31T10:23:13Z</time>
   </trkpt>
   <trkpt lat="43.2788810" lon="-1.7901900">
    <ele>693.2</ele>
    <time>2018-12-31T10:23:15Z</time>
   </trkpt>
   <trkpt lat="43.2788710" lon="-1.7902270">
    <ele>693.1</ele>
    <time>2018-12-31T10:23:17Z</time>
   </trkpt>
   <trkpt lat="43.2788590" lon="-1.7902710">
    <ele>693.1</ele>
    <time>2018-12-31T10:23:20Z</time>
   </trkpt>
   <trkpt lat="43.2788510" lon="-1.7903080">
    <ele>693.0</ele>
    <time>2018-12-31T10:23:22Z</time>
   </trkpt>
   <trkpt lat="43.2788410" lon="-1.7903520">
    <ele>693.1</ele>
    <time>2018-12-31T10:23:26Z</time>
   </trkpt>
   <trkpt lat="43.2788250" lon="-1.7903880">
    <ele>693.1</ele>
    <time>2018-12-31T10:23:29Z</time>
   </trkpt>
   <trkpt lat="43.2788100" lon="-1.7904210">
    <ele>693.1</ele>
    <time>2018-12-31T10:23:31Z</time>
   </trkpt>
   <trkpt lat="43.2787800" lon="-1.7904470">
    <ele>693.0</ele>
    <time>2018-12-31T10:23:35Z</time>
   </trkpt>
   <trkpt lat="43.2787570" lon="-1.7904760">
    <ele>693.0</ele>
    <time>2018-12-31T10:23:37Z</time>
   </trkpt>
   <trkpt lat="43.2787380" lon="-1.7905130">
    <ele>692.9</ele>
    <time>2018-12-31T10:23:39Z</time>
   </trkpt>
   <trkpt lat="43.2787190" lon="-1.7905450">
    <ele>692.8</ele>
    <time>2018-12-31T10:23:41Z</time>
   </trkpt>
   <trkpt lat="43.2787000" lon="-1.7905870">
    <ele>692.5</ele>
    <time>2018-12-31T10:23:44Z</time>
   </trkpt>
   <trkpt lat="43.2787000" lon="-1.7906420">
    <ele>692.0</ele>
    <time>2018-12-31T10:23:47Z</time>
   </trkpt>
   <trkpt lat="43.2786990" lon="-1.7906850">
    <ele>691.4</ele>
    <time>2018-12-31T10:23:49Z</time>
   </trkpt>
   <trkpt lat="43.2787040" lon="-1.7907320">
    <ele>690.4</ele>
    <time>2018-12-31T10:23:51Z</time>
   </trkpt>
   <trkpt lat="43.2787200" lon="-1.7907720">
    <ele>689.3</ele>
    <time>2018-12-31T10:23:55Z</time>
   </trkpt>
   <trkpt lat="43.2787310" lon="-1.7908090">
    <ele>689.2</ele>
    <time>2018-12-31T10:23:57Z</time>
   </trkpt>
   <trkpt lat="43.2787320" lon="-1.7908520">
    <ele>688.7</ele>
    <time>2018-12-31T10:24:00Z</time>
   </trkpt>
   <trkpt lat="43.2787190" lon="-1.7908920">
    <ele>688.2</ele>
    <time>2018-12-31T10:24:03Z</time>
   </trkpt>
   <trkpt lat="43.2787170" lon="-1.7909360">
    <ele>687.7</ele>
    <time>2018-12-31T10:24:08Z</time>
   </trkpt>
   <trkpt lat="43.2787110" lon="-1.7909780">
    <ele>687.2</ele>
    <time>2018-12-31T10:24:13Z</time>
   </trkpt>
   <trkpt lat="43.2787030" lon="-1.7910160">
    <ele>687.0</ele>
    <time>2018-12-31T10:24:16Z</time>
   </trkpt>
   <trkpt lat="43.2787180" lon="-1.7910510">
    <ele>686.0</ele>
    <time>2018-12-31T10:24:20Z</time>
   </trkpt>
   <trkpt lat="43.2787110" lon="-1.7910950">
    <ele>685.3</ele>
    <time>2018-12-31T10:24:23Z</time>
   </trkpt>
   <trkpt lat="43.2786860" lon="-1.7911240">
    <ele>685.0</ele>
    <time>2018-12-31T10:24:26Z</time>
   </trkpt>
   <trkpt lat="43.2786730" lon="-1.7911590">
    <ele>684.8</ele>
    <time>2018-12-31T10:24:29Z</time>
   </trkpt>
   <trkpt lat="43.2786580" lon="-1.7911950">
    <ele>684.6</ele>
    <time>2018-12-31T10:24:33Z</time>
   </trkpt>
   <trkpt lat="43.2786580" lon="-1.7912370">
    <ele>683.9</ele>
    <time>2018-12-31T10:24:39Z</time>
   </trkpt>
   <trkpt lat="43.2786510" lon="-1.7912760">
    <ele>683.1</ele>
    <time>2018-12-31T10:24:45Z</time>
   </trkpt>
   <trkpt lat="43.2786280" lon="-1.7912990">
    <ele>682.9</ele>
    <time>2018-12-31T10:24:48Z</time>
   </trkpt>
   <trkpt lat="43.2785960" lon="-1.7912970">
    <ele>683.3</ele>
    <time>2018-12-31T10:24:51Z</time>
   </trkpt>
   <trkpt lat="43.2785700" lon="-1.7912830">
    <ele>684.3</ele>
    <time>2018-12-31T10:24:54Z</time>
   </trkpt>
   <trkpt lat="43.2785330" lon="-1.7912950">
    <ele>684.0</ele>
    <time>2018-12-31T10:24:58Z</time>
   </trkpt>
   <trkpt lat="43.2785060" lon="-1.7913070">
    <ele>684.3</ele>
    <time>2018-12-31T10:25:00Z</time>
   </trkpt>
   <trkpt lat="43.2784730" lon="-1.7913110">
    <ele>684.5</ele>
    <time>2018-12-31T10:25:04Z</time>
   </trkpt>
   <trkpt lat="43.2784430" lon="-1.7913410">
    <ele>684.0</ele>
    <time>2018-12-31T10:25:08Z</time>
   </trkpt>
   <trkpt lat="43.2784140" lon="-1.7913690">
    <ele>684.1</ele>
    <time>2018-12-31T10:25:11Z</time>
   </trkpt>
   <trkpt lat="43.2783680" lon="-1.7913890">
    <ele>683.6</ele>
    <time>2018-12-31T10:25:16Z</time>
   </trkpt>
   <trkpt lat="43.2783390" lon="-1.7914040">
    <ele>683.7</ele>
    <time>2018-12-31T10:25:19Z</time>
   </trkpt>
   <trkpt lat="43.2783140" lon="-1.7913840">
    <ele>683.8</ele>
    <time>2018-12-31T10:25:23Z</time>
   </trkpt>
   <trkpt lat="43.2782840" lon="-1.7913710">
    <ele>684.3</ele>
    <time>2018-12-31T10:25:27Z</time>
   </trkpt>
   <trkpt lat="43.2782500" lon="-1.7913850">
    <ele>683.8</ele>
    <time>2018-12-31T10:25:30Z</time>
   </trkpt>
   <trkpt lat="43.2782230" lon="-1.7913940">
    <ele>683.8</ele>
    <time>2018-12-31T10:25:34Z</time>
   </trkpt>
   <trkpt lat="43.2781920" lon="-1.7914070">
    <ele>683.7</ele>
    <time>2018-12-31T10:25:37Z</time>
   </trkpt>
   <trkpt lat="43.2781640" lon="-1.7913960">
    <ele>683.6</ele>
    <time>2018-12-31T10:25:42Z</time>
   </trkpt>
   <trkpt lat="43.2781390" lon="-1.7914230">
    <ele>683.0</ele>
    <time>2018-12-31T10:25:44Z</time>
   </trkpt>
   <trkpt lat="43.2781350" lon="-1.7914660">
    <ele>682.3</ele>
    <time>2018-12-31T10:25:49Z</time>
   </trkpt>
   <trkpt lat="43.2781160" lon="-1.7914990">
    <ele>682.2</ele>
    <time>2018-12-31T10:25:52Z</time>
   </trkpt>
   <trkpt lat="43.2780890" lon="-1.7915390">
    <ele>681.5</ele>
    <time>2018-12-31T10:25:55Z</time>
   </trkpt>
   <trkpt lat="43.2780770" lon="-1.7915740">
    <ele>680.7</ele>
    <time>2018-12-31T10:25:58Z</time>
   </trkpt>
   <trkpt lat="43.2780480" lon="-1.7915730">
    <ele>680.6</ele>
    <time>2018-12-31T10:26:02Z</time>
   </trkpt>
   <trkpt lat="43.2780230" lon="-1.7915960">
    <ele>679.8</ele>
    <time>2018-12-31T10:26:04Z</time>
   </trkpt>
   <trkpt lat="43.2779840" lon="-1.7916170">
    <ele>679.5</ele>
    <time>2018-12-31T10:26:07Z</time>
   </trkpt>
   <trkpt lat="43.2779450" lon="-1.7916360">
    <ele>678.6</ele>
    <time>2018-12-31T10:26:09Z</time>
   </trkpt>
   <trkpt lat="43.2779260" lon="-1.7916640">
    <ele>678.5</ele>
    <time>2018-12-31T10:26:11Z</time>
   </trkpt>
   <trkpt lat="43.2779010" lon="-1.7916980">
    <ele>677.6</ele>
    <time>2018-12-31T10:26:14Z</time>
   </trkpt>
   <trkpt lat="43.2778700" lon="-1.7917170">
    <ele>676.8</ele>
    <time>2018-12-31T10:26:18Z</time>
   </trkpt>
   <trkpt lat="43.2778440" lon="-1.7917600">
    <ele>676.0</ele>
    <time>2018-12-31T10:26:21Z</time>
   </trkpt>
   <trkpt lat="43.2778390" lon="-1.7917970">
    <ele>675.7</ele>
    <time>2018-12-31T10:26:24Z</time>
   </trkpt>
   <trkpt lat="43.2778150" lon="-1.7918200">
    <ele>675.3</ele>
    <time>2018-12-31T10:26:29Z</time>
   </trkpt>
   <trkpt lat="43.2777920" lon="-1.7918550">
    <ele>674.9</ele>
    <time>2018-12-31T10:26:32Z</time>
   </trkpt>
   <trkpt lat="43.2777860" lon="-1.7918980">
    <ele>674.5</ele>
    <time>2018-12-31T10:26:34Z</time>
   </trkpt>
   <trkpt lat="43.2777740" lon="-1.7919360">
    <ele>674.2</ele>
    <time>2018-12-31T10:26:38Z</time>
   </trkpt>
   <trkpt lat="43.2777580" lon="-1.7919740">
    <ele>673.8</ele>
    <time>2018-12-31T10:26:41Z</time>
   </trkpt>
   <trkpt lat="43.2777430" lon="-1.7920160">
    <ele>673.4</ele>
    <time>2018-12-31T10:26:44Z</time>
   </trkpt>
   <trkpt lat="43.2777140" lon="-1.7920510">
    <ele>672.9</ele>
    <time>2018-12-31T10:26:47Z</time>
   </trkpt>
   <trkpt lat="43.2776820" lon="-1.7920840">
    <ele>672.3</ele>
    <time>2018-12-31T10:26:49Z</time>
   </trkpt>
   <trkpt lat="43.2777000" lon="-1.7921360">
    <ele>671.8</ele>
    <time>2018-12-31T10:26:58Z</time>
   </trkpt>
   <trkpt lat="43.2776850" lon="-1.7921810">
    <ele>671.3</ele>
    <time>2018-12-31T10:27:01Z</time>
   </trkpt>
   <trkpt lat="43.2776660" lon="-1.7922180">
    <ele>670.8</ele>
    <time>2018-12-31T10:27:07Z</time>
   </trkpt>
   <trkpt lat="43.2776590" lon="-1.7922580">
    <ele>670.4</ele>
    <time>2018-12-31T10:27:11Z</time>
   </trkpt>
   <trkpt lat="43.2776500" lon="-1.7923050">
    <ele>669.9</ele>
    <time>2018-12-31T10:27:14Z</time>
   </trkpt>
   <trkpt lat="43.2776280" lon="-1.7923570">
    <ele>669.4</ele>
    <time>2018-12-31T10:27:16Z</time>
   </trkpt>
   <trkpt lat="43.2776010" lon="-1.7924190">
    <ele>668.8</ele>
    <time>2018-12-31T10:27:18Z</time>
   </trkpt>
   <trkpt lat="43.2775810" lon="-1.7924490">
    <ele>668.5</ele>
    <time>2018-12-31T10:27:20Z</time>
   </trkpt>
   <trkpt lat="43.2775610" lon="-1.7924840">
    <ele>668.1</ele>
    <time>2018-12-31T10:27:23Z</time>
   </trkpt>
   <trkpt lat="43.2775460" lon="-1.7925160">
    <ele>667.8</ele>
    <time>2018-12-31T10:27:25Z</time>
   </trkpt>
   <trkpt lat="43.2775260" lon="-1.7925560">
    <ele>667.5</ele>
    <time>2018-12-31T10:27:28Z</time>
   </trkpt>
   <trkpt lat="43.2775050" lon="-1.7925980">
    <ele>667.2</ele>
    <time>2018-12-31T10:27:31Z</time>
   </trkpt>
   <trkpt lat="43.2774980" lon="-1.7926360">
    <ele>667.0</ele>
    <time>2018-12-31T10:27:34Z</time>
   </trkpt>
   <trkpt lat="43.2774720" lon="-1.7926680">
    <ele>666.8</ele>
    <time>2018-12-31T10:27:38Z</time>
   </trkpt>
   <trkpt lat="43.2774430" lon="-1.7927050">
    <ele>666.6</ele>
    <time>2018-12-31T10:27:41Z</time>
   </trkpt>
   <trkpt lat="43.2774140" lon="-1.7927350">
    <ele>666.4</ele>
    <time>2018-12-31T10:27:44Z</time>
   </trkpt>
   <trkpt lat="43.2773890" lon="-1.7927640">
    <ele>666.3</ele>
    <time>2018-12-31T10:27:47Z</time>
   </trkpt>
   <trkpt lat="43.2773770" lon="-1.7928020">
    <ele>666.3</ele>
    <time>2018-12-31T10:27:49Z</time>
   </trkpt>
   <trkpt lat="43.2773600" lon="-1.7928490">
    <ele>666.3</ele>
    <time>2018-12-31T10:27:55Z</time>
   </trkpt>
   <trkpt lat="43.2773510" lon="-1.7928940">
    <ele>666.3</ele>
    <time>2018-12-31T10:27:57Z</time>
   </trkpt>
   <trkpt lat="43.2773560" lon="-1.7929400">
    <ele>666.4</ele>
    <time>2018-12-31T10:28:01Z</time>
   </trkpt>
   <trkpt lat="43.2773580" lon="-1.7929780">
    <ele>666.4</ele>
    <time>2018-12-31T10:28:03Z</time>
   </trkpt>
   <trkpt lat="43.2773350" lon="-1.7930030">
    <ele>666.4</ele>
    <time>2018-12-31T10:28:06Z</time>
   </trkpt>
   <trkpt lat="43.2773170" lon="-1.7930410">
    <ele>666.4</ele>
    <time>2018-12-31T10:28:10Z</time>
   </trkpt>
   <trkpt lat="43.2772940" lon="-1.7930700">
    <ele>666.4</ele>
    <time>2018-12-31T10:28:23Z</time>
   </trkpt>
   <trkpt lat="43.2772720" lon="-1.7930970">
    <ele>666.4</ele>
    <time>2018-12-31T10:28:27Z</time>
   </trkpt>
   <trkpt lat="43.2772460" lon="-1.7931170">
    <ele>666.4</ele>
    <time>2018-12-31T10:28:29Z</time>
   </trkpt>
   <trkpt lat="43.2772120" lon="-1.7931320">
    <ele>666.3</ele>
    <time>2018-12-31T10:28:33Z</time>
   </trkpt>
   <trkpt lat="43.2771860" lon="-1.7931490">
    <ele>666.2</ele>
    <time>2018-12-31T10:28:36Z</time>
   </trkpt>
   <trkpt lat="43.2771610" lon="-1.7931730">
    <ele>666.2</ele>
    <time>2018-12-31T10:28:38Z</time>
   </trkpt>
   <trkpt lat="43.2771370" lon="-1.7932090">
    <ele>666.0</ele>
    <time>2018-12-31T10:28:40Z</time>
   </trkpt>
   <trkpt lat="43.2771090" lon="-1.7932340">
    <ele>665.9</ele>
    <time>2018-12-31T10:28:43Z</time>
   </trkpt>
   <trkpt lat="43.2770860" lon="-1.7932840">
    <ele>665.7</ele>
    <time>2018-12-31T10:28:45Z</time>
   </trkpt>
   <trkpt lat="43.2770700" lon="-1.7933670">
    <ele>665.4</ele>
    <time>2018-12-31T10:28:51Z</time>
   </trkpt>
   <trkpt lat="43.2770430" lon="-1.7933790">
    <ele>665.3</ele>
    <time>2018-12-31T10:28:57Z</time>
   </trkpt>
   <trkpt lat="43.2770170" lon="-1.7934000">
    <ele>665.1</ele>
    <time>2018-12-31T10:28:59Z</time>
   </trkpt>
   <trkpt lat="43.2770000" lon="-1.7934350">
    <ele>665.0</ele>
    <time>2018-12-31T10:29:03Z</time>
   </trkpt>
   <trkpt lat="43.2769740" lon="-1.7934780">
    <ele>664.7</ele>
    <time>2018-12-31T10:29:06Z</time>
   </trkpt>
   <trkpt lat="43.2769540" lon="-1.7935120">
    <ele>664.6</ele>
    <time>2018-12-31T10:29:09Z</time>
   </trkpt>
   <trkpt lat="43.2769290" lon="-1.7935400">
    <ele>664.4</ele>
    <time>2018-12-31T10:29:12Z</time>
   </trkpt>
   <trkpt lat="43.2769180" lon="-1.7935860">
    <ele>664.2</ele>
    <time>2018-12-31T10:29:15Z</time>
   </trkpt>
   <trkpt lat="43.2768990" lon="-1.7936130">
    <ele>664.1</ele>
    <time>2018-12-31T10:29:19Z</time>
   </trkpt>
   <trkpt lat="43.2768760" lon="-1.7936450">
    <ele>663.9</ele>
    <time>2018-12-31T10:29:23Z</time>
   </trkpt>
   <trkpt lat="43.2768530" lon="-1.7936890">
    <ele>663.8</ele>
    <time>2018-12-31T10:29:26Z</time>
   </trkpt>
   <trkpt lat="43.2768290" lon="-1.7937350">
    <ele>663.6</ele>
    <time>2018-12-31T10:29:28Z</time>
   </trkpt>
   <trkpt lat="43.2768170" lon="-1.7937730">
    <ele>663.5</ele>
    <time>2018-12-31T10:29:33Z</time>
   </trkpt>
   <trkpt lat="43.2767930" lon="-1.7938110">
    <ele>663.4</ele>
    <time>2018-12-31T10:29:35Z</time>
   </trkpt>
   <trkpt lat="43.2767740" lon="-1.7938600">
    <ele>663.4</ele>
    <time>2018-12-31T10:29:37Z</time>
   </trkpt>
   <trkpt lat="43.2767530" lon="-1.7938890">
    <ele>663.3</ele>
    <time>2018-12-31T10:29:41Z</time>
   </trkpt>
   <trkpt lat="43.2767290" lon="-1.7939190">
    <ele>663.3</ele>
    <time>2018-12-31T10:29:43Z</time>
   </trkpt>
   <trkpt lat="43.2766970" lon="-1.7939360">
    <ele>663.0</ele>
    <time>2018-12-31T10:29:46Z</time>
   </trkpt>
   <trkpt lat="43.2766740" lon="-1.7939570">
    <ele>662.9</ele>
    <time>2018-12-31T10:29:48Z</time>
   </trkpt>
   <trkpt lat="43.2766470" lon="-1.7939890">
    <ele>662.6</ele>
    <time>2018-12-31T10:29:50Z</time>
   </trkpt>
   <trkpt lat="43.2766190" lon="-1.7939990">
    <ele>662.5</ele>
    <time>2018-12-31T10:29:53Z</time>
   </trkpt>
   <trkpt lat="43.2765950" lon="-1.7940280">
    <ele>662.3</ele>
    <time>2018-12-31T10:29:56Z</time>
   </trkpt>
   <trkpt lat="43.2765690" lon="-1.7940740">
    <ele>661.8</ele>
    <time>2018-12-31T10:29:58Z</time>
   </trkpt>
   <trkpt lat="43.2765430" lon="-1.7940990">
    <ele>661.4</ele>
    <time>2018-12-31T10:30:02Z</time>
   </trkpt>
   <trkpt lat="43.2765210" lon="-1.7941250">
    <ele>661.0</ele>
    <time>2018-12-31T10:30:05Z</time>
   </trkpt>
   <trkpt lat="43.2764880" lon="-1.7941540">
    <ele>660.5</ele>
    <time>2018-12-31T10:30:08Z</time>
   </trkpt>
   <trkpt lat="43.2764680" lon="-1.7941920">
    <ele>660.0</ele>
    <time>2018-12-31T10:30:10Z</time>
   </trkpt>
   <trkpt lat="43.2764480" lon="-1.7942320">
    <ele>659.4</ele>
    <time>2018-12-31T10:30:15Z</time>
   </trkpt>
   <trkpt lat="43.2764260" lon="-1.7942550">
    <ele>658.9</ele>
    <time>2018-12-31T10:30:18Z</time>
   </trkpt>
   <trkpt lat="43.2764110" lon="-1.7942960">
    <ele>658.3</ele>
    <time>2018-12-31T10:30:21Z</time>
   </trkpt>
   <trkpt lat="43.2764050" lon="-1.7943430">
    <ele>657.4</ele>
    <time>2018-12-31T10:30:23Z</time>
   </trkpt>
   <trkpt lat="43.2764210" lon="-1.7943820">
    <ele>656.6</ele>
    <time>2018-12-31T10:30:29Z</time>
   </trkpt>
   <trkpt lat="43.2764010" lon="-1.7944240">
    <ele>655.7</ele>
    <time>2018-12-31T10:30:32Z</time>
   </trkpt>
   <trkpt lat="43.2763850" lon="-1.7944680">
    <ele>654.8</ele>
    <time>2018-12-31T10:30:34Z</time>
   </trkpt>
   <trkpt lat="43.2763770" lon="-1.7945040">
    <ele>654.1</ele>
    <time>2018-12-31T10:30:36Z</time>
   </trkpt>
   <trkpt lat="43.2763600" lon="-1.7945340">
    <ele>653.4</ele>
    <time>2018-12-31T10:30:40Z</time>
   </trkpt>
   <trkpt lat="43.2763500" lon="-1.7945940">
    <ele>652.4</ele>
    <time>2018-12-31T10:30:43Z</time>
   </trkpt>
   <trkpt lat="43.2763420" lon="-1.7946300">
    <ele>651.8</ele>
    <time>2018-12-31T10:30:45Z</time>
   </trkpt>
   <trkpt lat="43.2763260" lon="-1.7946610">
    <ele>651.1</ele>
    <time>2018-12-31T10:30:49Z</time>
   </trkpt>
   <trkpt lat="43.2763640" lon="-1.7946480">
    <ele>650.1</ele>
    <time>2018-12-31T10:31:06Z</time>
   </trkpt>
   <trkpt lat="43.2763280" lon="-1.7946740">
    <ele>648.7</ele>
    <time>2018-12-31T10:31:19Z</time>
   </trkpt>
   <trkpt lat="43.2763130" lon="-1.7947060">
    <ele>647.6</ele>
    <time>2018-12-31T10:31:24Z</time>
   </trkpt>
   <trkpt lat="43.2763430" lon="-1.7947260">
    <ele>647.6</ele>
    <time>2018-12-31T10:31:28Z</time>
   </trkpt>
   <trkpt lat="43.2763700" lon="-1.7947220">
    <ele>647.7</ele>
    <time>2018-12-31T10:31:41Z</time>
   </trkpt>
   <trkpt lat="43.2763920" lon="-1.7947550">
    <ele>647.7</ele>
    <time>2018-12-31T10:32:07Z</time>
   </trkpt>
   <trkpt lat="43.2764180" lon="-1.7947630">
    <ele>644.3</ele>
    <time>2018-12-31T10:32:13Z</time>
   </trkpt>
   <trkpt lat="43.2764410" lon="-1.7947930">
    <ele>643.9</ele>
    <time>2018-12-31T10:32:36Z</time>
   </trkpt>
   <trkpt lat="43.2764640" lon="-1.7948160">
    <ele>643.5</ele>
    <time>2018-12-31T10:32:41Z</time>
   </trkpt>
   <trkpt lat="43.2764930" lon="-1.7948270">
    <ele>643.0</ele>
    <time>2018-12-31T10:32:44Z</time>
   </trkpt>
   <trkpt lat="43.2765090" lon="-1.7948580">
    <ele>642.6</ele>
    <time>2018-12-31T10:32:48Z</time>
   </trkpt>
   <trkpt lat="43.2765180" lon="-1.7948980">
    <ele>642.2</ele>
    <time>2018-12-31T10:32:52Z</time>
   </trkpt>
   <trkpt lat="43.2765130" lon="-1.7949500">
    <ele>641.6</ele>
    <time>2018-12-31T10:32:55Z</time>
   </trkpt>
   <trkpt lat="43.2765040" lon="-1.7949870">
    <ele>641.2</ele>
    <time>2018-12-31T10:32:58Z</time>
   </trkpt>
   <trkpt lat="43.2764940" lon="-1.7950390">
    <ele>640.6</ele>
    <time>2018-12-31T10:33:05Z</time>
   </trkpt>
   <trkpt lat="43.2764700" lon="-1.7950720">
    <ele>640.1</ele>
    <time>2018-12-31T10:33:09Z</time>
   </trkpt>
   <trkpt lat="43.2764440" lon="-1.7950850">
    <ele>639.6</ele>
    <time>2018-12-31T10:33:18Z</time>
   </trkpt>
   <trkpt lat="43.2764380" lon="-1.7951230">
    <ele>639.2</ele>
    <time>2018-12-31T10:33:24Z</time>
   </trkpt>
   <trkpt lat="43.2764170" lon="-1.7951490">
    <ele>638.8</ele>
    <time>2018-12-31T10:33:38Z</time>
   </trkpt>
   <trkpt lat="43.2764010" lon="-1.7951880">
    <ele>638.3</ele>
    <time>2018-12-31T10:33:41Z</time>
   </trkpt>
   <trkpt lat="43.2763800" lon="-1.7952140">
    <ele>637.9</ele>
    <time>2018-12-31T10:33:45Z</time>
   </trkpt>
   <trkpt lat="43.2763480" lon="-1.7952380">
    <ele>636.4</ele>
    <time>2018-12-31T10:33:53Z</time>
   </trkpt>
   <trkpt lat="43.2763220" lon="-1.7952230">
    <ele>635.2</ele>
    <time>2018-12-31T10:34:00Z</time>
   </trkpt>
   <trkpt lat="43.2762990" lon="-1.7952480">
    <ele>633.9</ele>
    <time>2018-12-31T10:34:06Z</time>
   </trkpt>
   <trkpt lat="43.2762780" lon="-1.7952780">
    <ele>632.6</ele>
    <time>2018-12-31T10:34:23Z</time>
   </trkpt>
   <trkpt lat="43.2762670" lon="-1.7953150">
    <ele>631.5</ele>
    <time>2018-12-31T10:34:31Z</time>
   </trkpt>
   <trkpt lat="43.2762380" lon="-1.7953220">
    <ele>630.7</ele>
    <time>2018-12-31T10:35:06Z</time>
   </trkpt>
   <trkpt lat="43.2762170" lon="-1.7953480">
    <ele>630.0</ele>
    <time>2018-12-31T10:35:09Z</time>
   </trkpt>
   <trkpt lat="43.2761890" lon="-1.7953690">
    <ele>629.2</ele>
    <time>2018-12-31T10:35:12Z</time>
   </trkpt>
   <trkpt lat="43.2761620" lon="-1.7953770">
    <ele>628.4</ele>
    <time>2018-12-31T10:35:21Z</time>
   </trkpt>
   <trkpt lat="43.2761320" lon="-1.7954010">
    <ele>627.5</ele>
    <time>2018-12-31T10:35:28Z</time>
   </trkpt>
   <trkpt lat="43.2761000" lon="-1.7954060">
    <ele>626.7</ele>
    <time>2018-12-31T10:35:31Z</time>
   </trkpt>
   <trkpt lat="43.2760760" lon="-1.7954310">
    <ele>626.1</ele>
    <time>2018-12-31T10:35:34Z</time>
   </trkpt>
   <trkpt lat="43.2760480" lon="-1.7954470">
    <ele>625.4</ele>
    <time>2018-12-31T10:35:38Z</time>
   </trkpt>
   <trkpt lat="43.2760170" lon="-1.7954660">
    <ele>624.6</ele>
    <time>2018-12-31T10:35:42Z</time>
   </trkpt>
   <trkpt lat="43.2759870" lon="-1.7954750">
    <ele>623.8</ele>
    <time>2018-12-31T10:35:47Z</time>
   </trkpt>
   <trkpt lat="43.2759590" lon="-1.7954710">
    <ele>623.2</ele>
    <time>2018-12-31T10:35:50Z</time>
   </trkpt>
   <trkpt lat="43.2759310" lon="-1.7954820">
    <ele>622.6</ele>
    <time>2018-12-31T10:35:58Z</time>
   </trkpt>
   <trkpt lat="43.2759040" lon="-1.7954910">
    <ele>621.9</ele>
    <time>2018-12-31T10:36:00Z</time>
   </trkpt>
   <trkpt lat="43.2758780" lon="-1.7955130">
    <ele>621.1</ele>
    <time>2018-12-31T10:36:03Z</time>
   </trkpt>
   <trkpt lat="43.2758580" lon="-1.7954840">
    <ele>620.2</ele>
    <time>2018-12-31T10:36:24Z</time>
   </trkpt>
   <trkpt lat="43.2758430" lon="-1.7955170">
    <ele>619.4</ele>
    <time>2018-12-31T10:36:41Z</time>
   </trkpt>
   <trkpt lat="43.2758190" lon="-1.7955360">
    <ele>618.4</ele>
    <time>2018-12-31T10:36:49Z</time>
   </trkpt>
   <trkpt lat="43.2758110" lon="-1.7955750">
    <ele>617.3</ele>
    <time>2018-12-31T10:36:56Z</time>
   </trkpt>
   <trkpt lat="43.2758110" lon="-1.7956190">
    <ele>616.0</ele>
    <time>2018-12-31T10:36:58Z</time>
   </trkpt>
   <trkpt lat="43.2758090" lon="-1.7956590">
    <ele>614.8</ele>
    <time>2018-12-31T10:37:01Z</time>
   </trkpt>
   <trkpt lat="43.2758230" lon="-1.7957060">
    <ele>613.4</ele>
    <time>2018-12-31T10:37:06Z</time>
   </trkpt>
   <trkpt lat="43.2758280" lon="-1.7957450">
    <ele>612.2</ele>
    <time>2018-12-31T10:37:09Z</time>
   </trkpt>
   <trkpt lat="43.2758300" lon="-1.7957950">
    <ele>610.4</ele>
    <time>2018-12-31T10:37:15Z</time>
   </trkpt>
   <trkpt lat="43.2758390" lon="-1.7958330">
    <ele>609.0</ele>
    <time>2018-12-31T10:37:28Z</time>
   </trkpt>
   <trkpt lat="43.2758470" lon="-1.7958720">
    <ele>607.5</ele>
    <time>2018-12-31T10:37:34Z</time>
   </trkpt>
   <trkpt lat="43.2758700" lon="-1.7959030">
    <ele>605.9</ele>
    <time>2018-12-31T10:37:38Z</time>
   </trkpt>
   <trkpt lat="43.2758680" lon="-1.7959430">
    <ele>604.6</ele>
    <time>2018-12-31T10:37:42Z</time>
   </trkpt>
   <trkpt lat="43.2758600" lon="-1.7959810">
    <ele>604.0</ele>
    <time>2018-12-31T10:37:47Z</time>
   </trkpt>
   <trkpt lat="43.2758560" lon="-1.7960240">
    <ele>603.5</ele>
    <time>2018-12-31T10:37:51Z</time>
   </trkpt>
   <trkpt lat="43.2758480" lon="-1.7960660">
    <ele>602.9</ele>
    <time>2018-12-31T10:37:56Z</time>
   </trkpt>
   <trkpt lat="43.2758610" lon="-1.7961130">
    <ele>602.2</ele>
    <time>2018-12-31T10:38:00Z</time>
   </trkpt>
   <trkpt lat="43.2758630" lon="-1.7961560">
    <ele>601.7</ele>
    <time>2018-12-31T10:38:04Z</time>
   </trkpt>
   <trkpt lat="43.2758540" lon="-1.7961920">
    <ele>601.2</ele>
    <time>2018-12-31T10:38:08Z</time>
   </trkpt>
   <trkpt lat="43.2758690" lon="-1.7962300">
    <ele>600.6</ele>
    <time>2018-12-31T10:38:13Z</time>
   </trkpt>
   <trkpt lat="43.2758620" lon="-1.7962750">
    <ele>600.0</ele>
    <time>2018-12-31T10:38:17Z</time>
   </trkpt>
   <trkpt lat="43.2758670" lon="-1.7963130">
    <ele>599.5</ele>
    <time>2018-12-31T10:38:22Z</time>
   </trkpt>
   <trkpt lat="43.2758570" lon="-1.7963530">
    <ele>598.9</ele>
    <time>2018-12-31T10:38:26Z</time>
   </trkpt>
   <trkpt lat="43.2758690" lon="-1.7963920">
    <ele>597.9</ele>
    <time>2018-12-31T10:38:31Z</time>
   </trkpt>
   <trkpt lat="43.2758920" lon="-1.7964120">
    <ele>597.2</ele>
    <time>2018-12-31T10:38:39Z</time>
   </trkpt>
   <trkpt lat="43.2759150" lon="-1.7964330">
    <ele>596.5</ele>
    <time>2018-12-31T10:38:44Z</time>
   </trkpt>
   <trkpt lat="43.2759210" lon="-1.7964720">
    <ele>595.7</ele>
    <time>2018-12-31T10:38:53Z</time>
   </trkpt>
   <trkpt lat="43.2759160" lon="-1.7965200">
    <ele>594.9</ele>
    <time>2018-12-31T10:38:56Z</time>
   </trkpt>
   <trkpt lat="43.2758970" lon="-1.7965500">
    <ele>594.1</ele>
    <time>2018-12-31T10:39:00Z</time>
   </trkpt>
   <trkpt lat="43.2758760" lon="-1.7965800">
    <ele>593.4</ele>
    <time>2018-12-31T10:39:05Z</time>
   </trkpt>
   <trkpt lat="43.2758520" lon="-1.7965990">
    <ele>592.7</ele>
    <time>2018-12-31T10:39:09Z</time>
   </trkpt>
   <trkpt lat="43.2758230" lon="-1.7966170">
    <ele>591.9</ele>
    <time>2018-12-31T10:39:13Z</time>
   </trkpt>
   <trkpt lat="43.2757960" lon="-1.7966080">
    <ele>591.2</ele>
    <time>2018-12-31T10:39:19Z</time>
   </trkpt>
   <trkpt lat="43.2757670" lon="-1.7966160">
    <ele>590.4</ele>
    <time>2018-12-31T10:39:26Z</time>
   </trkpt>
   <trkpt lat="43.2757330" lon="-1.7966260">
    <ele>589.6</ele>
    <time>2018-12-31T10:39:32Z</time>
   </trkpt>
   <trkpt lat="43.2757000" lon="-1.7966160">
    <ele>588.7</ele>
    <time>2018-12-31T10:39:36Z</time>
   </trkpt>
   <trkpt lat="43.2756690" lon="-1.7965970">
    <ele>588.0</ele>
    <time>2018-12-31T10:39:40Z</time>
   </trkpt>
   <trkpt lat="43.2756390" lon="-1.7965990">
    <ele>587.4</ele>
    <time>2018-12-31T10:39:43Z</time>
   </trkpt>
   <trkpt lat="43.2756110" lon="-1.7966150">
    <ele>586.8</ele>
    <time>2018-12-31T10:39:48Z</time>
   </trkpt>
   <trkpt lat="43.2756080" lon="-1.7966570">
    <ele>586.2</ele>
    <time>2018-12-31T10:40:07Z</time>
   </trkpt>
   <trkpt lat="43.2756180" lon="-1.7967000">
    <ele>585.7</ele>
    <time>2018-12-31T10:40:13Z</time>
   </trkpt>
   <trkpt lat="43.2756410" lon="-1.7967280">
    <ele>585.2</ele>
    <time>2018-12-31T10:40:19Z</time>
   </trkpt>
   <trkpt lat="43.2756630" lon="-1.7967620">
    <ele>584.6</ele>
    <time>2018-12-31T10:40:27Z</time>
   </trkpt>
   <trkpt lat="43.2756750" lon="-1.7968030">
    <ele>584.0</ele>
    <time>2018-12-31T10:40:31Z</time>
   </trkpt>
   <trkpt lat="43.2756690" lon="-1.7968550">
    <ele>583.3</ele>
    <time>2018-12-31T10:40:40Z</time>
   </trkpt>
   <trkpt lat="43.2756710" lon="-1.7969070">
    <ele>582.7</ele>
    <time>2018-12-31T10:40:43Z</time>
   </trkpt>
   <trkpt lat="43.2756750" lon="-1.7969500">
    <ele>582.1</ele>
    <time>2018-12-31T10:40:45Z</time>
   </trkpt>
   <trkpt lat="43.2756730" lon="-1.7969920">
    <ele>581.6</ele>
    <time>2018-12-31T10:40:48Z</time>
   </trkpt>
   <trkpt lat="43.2756750" lon="-1.7970350">
    <ele>581.0</ele>
    <time>2018-12-31T10:40:52Z</time>
   </trkpt>
   <trkpt lat="43.2756640" lon="-1.7970740">
    <ele>580.6</ele>
    <time>2018-12-31T10:40:56Z</time>
   </trkpt>
   <trkpt lat="43.2756540" lon="-1.7971110">
    <ele>580.2</ele>
    <time>2018-12-31T10:41:02Z</time>
   </trkpt>
   <trkpt lat="43.2756500" lon="-1.7971490">
    <ele>579.8</ele>
    <time>2018-12-31T10:41:06Z</time>
   </trkpt>
   <trkpt lat="43.2756530" lon="-1.7971870">
    <ele>579.4</ele>
    <time>2018-12-31T10:41:11Z</time>
   </trkpt>
   <trkpt lat="43.2756550" lon="-1.7972380">
    <ele>578.9</ele>
    <time>2018-12-31T10:41:15Z</time>
   </trkpt>
   <trkpt lat="43.2756550" lon="-1.7972840">
    <ele>578.4</ele>
    <time>2018-12-31T10:41:18Z</time>
   </trkpt>
   <trkpt lat="43.2756520" lon="-1.7973230">
    <ele>578.1</ele>
    <time>2018-12-31T10:41:21Z</time>
   </trkpt>
   <trkpt lat="43.2756470" lon="-1.7973660">
    <ele>577.8</ele>
    <time>2018-12-31T10:41:24Z</time>
   </trkpt>
   <trkpt lat="43.2756230" lon="-1.7973980">
    <ele>577.4</ele>
    <time>2018-12-31T10:41:27Z</time>
   </trkpt>
   <trkpt lat="43.2756160" lon="-1.7974430">
    <ele>577.2</ele>
    <time>2018-12-31T10:41:31Z</time>
   </trkpt>
   <trkpt lat="43.2756310" lon="-1.7974750">
    <ele>577.4</ele>
    <time>2018-12-31T10:41:34Z</time>
   </trkpt>
   <trkpt lat="43.2756610" lon="-1.7974820">
    <ele>577.6</ele>
    <time>2018-12-31T10:41:38Z</time>
   </trkpt>
   <trkpt lat="43.2756850" lon="-1.7974570">
    <ele>577.9</ele>
    <time>2018-12-31T10:41:46Z</time>
   </trkpt>
   <trkpt lat="43.2757080" lon="-1.7974360">
    <ele>578.1</ele>
    <time>2018-12-31T10:41:49Z</time>
   </trkpt>
   <trkpt lat="43.2757380" lon="-1.7974190">
    <ele>578.4</ele>
    <time>2018-12-31T10:41:53Z</time>
   </trkpt>
   <trkpt lat="43.2757630" lon="-1.7974020">
    <ele>578.6</ele>
    <time>2018-12-31T10:41:56Z</time>
   </trkpt>
   <trkpt lat="43.2757990" lon="-1.7973900">
    <ele>578.8</ele>
    <time>2018-12-31T10:41:59Z</time>
   </trkpt>
   <trkpt lat="43.2758330" lon="-1.7973800">
    <ele>579.0</ele>
    <time>2018-12-31T10:42:02Z</time>
   </trkpt>
   <trkpt lat="43.2758600" lon="-1.7973930">
    <ele>579.2</ele>
    <time>2018-12-31T10:42:06Z</time>
   </trkpt>
   <trkpt lat="43.2758940" lon="-1.7973850">
    <ele>579.4</ele>
    <time>2018-12-31T10:42:10Z</time>
   </trkpt>
   <trkpt lat="43.2759330" lon="-1.7973770">
    <ele>579.7</ele>
    <time>2018-12-31T10:42:14Z</time>
   </trkpt>
   <trkpt lat="43.2759610" lon="-1.7973690">
    <ele>579.9</ele>
    <time>2018-12-31T10:42:16Z</time>
   </trkpt>
   <trkpt lat="43.2759920" lon="-1.7973600">
    <ele>580.1</ele>
    <time>2018-12-31T10:42:18Z</time>
   </trkpt>
   <trkpt lat="43.2760230" lon="-1.7973510">
    <ele>580.4</ele>
    <time>2018-12-31T10:42:20Z</time>
   </trkpt>
   <trkpt lat="43.2760550" lon="-1.7973360">
    <ele>580.6</ele>
    <time>2018-12-31T10:42:22Z</time>
   </trkpt>
   <trkpt lat="43.2760920" lon="-1.7973200">
    <ele>580.8</ele>
    <time>2018-12-31T10:42:24Z</time>
   </trkpt>
   <trkpt lat="43.2761220" lon="-1.7973030">
    <ele>581.1</ele>
    <time>2018-12-31T10:42:27Z</time>
   </trkpt>
   <trkpt lat="43.2761620" lon="-1.7972860">
    <ele>581.5</ele>
    <time>2018-12-31T10:42:30Z</time>
   </trkpt>
   <trkpt lat="43.2761940" lon="-1.7972770">
    <ele>581.8</ele>
    <time>2018-12-31T10:42:32Z</time>
   </trkpt>
   <trkpt lat="43.2762260" lon="-1.7972550">
    <ele>582.2</ele>
    <time>2018-12-31T10:42:35Z</time>
   </trkpt>
   <trkpt lat="43.2762580" lon="-1.7972380">
    <ele>582.5</ele>
    <time>2018-12-31T10:42:38Z</time>
   </trkpt>
   <trkpt lat="43.2762900" lon="-1.7972200">
    <ele>582.8</ele>
    <time>2018-12-31T10:42:43Z</time>
   </trkpt>
   <trkpt lat="43.2763200" lon="-1.7972060">
    <ele>583.1</ele>
    <time>2018-12-31T10:42:46Z</time>
   </trkpt>
   <trkpt lat="43.2763460" lon="-1.7971880">
    <ele>583.3</ele>
    <time>2018-12-31T10:42:51Z</time>
   </trkpt>
   <trkpt lat="43.2763740" lon="-1.7971620">
    <ele>583.6</ele>
    <time>2018-12-31T10:42:54Z</time>
   </trkpt>
   <trkpt lat="43.2763980" lon="-1.7971420">
    <ele>583.8</ele>
    <time>2018-12-31T10:42:57Z</time>
   </trkpt>
   <trkpt lat="43.2764170" lon="-1.7971080">
    <ele>584.1</ele>
    <time>2018-12-31T10:43:01Z</time>
   </trkpt>
   <trkpt lat="43.2764550" lon="-1.7971020">
    <ele>584.4</ele>
    <time>2018-12-31T10:43:05Z</time>
   </trkpt>
   <trkpt lat="43.2764870" lon="-1.7970950">
    <ele>584.7</ele>
    <time>2018-12-31T10:43:07Z</time>
   </trkpt>
   <trkpt lat="43.2765240" lon="-1.7970930">
    <ele>585.0</ele>
    <time>2018-12-31T10:43:09Z</time>
   </trkpt>
   <trkpt lat="43.2765620" lon="-1.7970860">
    <ele>585.4</ele>
    <time>2018-12-31T10:43:11Z</time>
   </trkpt>
   <trkpt lat="43.2765910" lon="-1.7970830">
    <ele>586.7</ele>
    <time>2018-12-31T10:43:13Z</time>
   </trkpt>
   <trkpt lat="43.2766210" lon="-1.7970800">
    <ele>588.0</ele>
    <time>2018-12-31T10:43:16Z</time>
   </trkpt>
   <trkpt lat="43.2766550" lon="-1.7970630">
    <ele>589.6</ele>
    <time>2018-12-31T10:43:19Z</time>
   </trkpt>
   <trkpt lat="43.2766840" lon="-1.7970520">
    <ele>590.0</ele>
    <time>2018-12-31T10:43:21Z</time>
   </trkpt>
   <trkpt lat="43.2767200" lon="-1.7970450">
    <ele>590.4</ele>
    <time>2018-12-31T10:43:25Z</time>
   </trkpt>
   <trkpt lat="43.2767440" lon="-1.7970250">
    <ele>590.8</ele>
    <time>2018-12-31T10:43:30Z</time>
   </trkpt>
   <trkpt lat="43.2767730" lon="-1.7970130">
    <ele>591.2</ele>
    <time>2018-12-31T10:43:33Z</time>
   </trkpt>
   <trkpt lat="43.2768070" lon="-1.7969970">
    <ele>591.8</ele>
    <time>2018-12-31T10:43:38Z</time>
   </trkpt>
   <trkpt lat="43.2768340" lon="-1.7969890">
    <ele>592.2</ele>
    <time>2018-12-31T10:43:41Z</time>
   </trkpt>
   <trkpt lat="43.2768690" lon="-1.7969860">
    <ele>591.4</ele>
    <time>2018-12-31T10:43:47Z</time>
   </trkpt>
   <trkpt lat="43.2769010" lon="-1.7969820">
    <ele>590.4</ele>
    <time>2018-12-31T10:43:51Z</time>
   </trkpt>
   <trkpt lat="43.2769290" lon="-1.7969720">
    <ele>589.4</ele>
    <time>2018-12-31T10:43:56Z</time>
   </trkpt>
   <trkpt lat="43.2769520" lon="-1.7969490">
    <ele>587.8</ele>
    <time>2018-12-31T10:44:03Z</time>
   </trkpt>
   <trkpt lat="43.2769820" lon="-1.7969300">
    <ele>585.4</ele>
    <time>2018-12-31T10:44:06Z</time>
   </trkpt>
   <trkpt lat="43.2770130" lon="-1.7969140">
    <ele>583.0</ele>
    <time>2018-12-31T10:44:08Z</time>
   </trkpt>
   <trkpt lat="43.2770380" lon="-1.7968970">
    <ele>582.2</ele>
    <time>2018-12-31T10:44:10Z</time>
   </trkpt>
   <trkpt lat="43.2770610" lon="-1.7968720">
    <ele>582.5</ele>
    <time>2018-12-31T10:44:13Z</time>
   </trkpt>
   <trkpt lat="43.2770870" lon="-1.7968570">
    <ele>582.8</ele>
    <time>2018-12-31T10:44:15Z</time>
   </trkpt>
   <trkpt lat="43.2771180" lon="-1.7968400">
    <ele>583.0</ele>
    <time>2018-12-31T10:44:17Z</time>
   </trkpt>
   <trkpt lat="43.2771600" lon="-1.7968300">
    <ele>583.1</ele>
    <time>2018-12-31T10:44:19Z</time>
   </trkpt>
   <trkpt lat="43.2771880" lon="-1.7968320">
    <ele>585.3</ele>
    <time>2018-12-31T10:44:22Z</time>
   </trkpt>
   <trkpt lat="43.2772120" lon="-1.7967970">
    <ele>588.9</ele>
    <time>2018-12-31T10:44:26Z</time>
   </trkpt>
   <trkpt lat="43.2772380" lon="-1.7967720">
    <ele>591.1</ele>
    <time>2018-12-31T10:44:29Z</time>
   </trkpt>
   <trkpt lat="43.2772620" lon="-1.7967520">
    <ele>592.9</ele>
    <time>2018-12-31T10:44:31Z</time>
   </trkpt>
   <trkpt lat="43.2772860" lon="-1.7967280">
    <ele>594.3</ele>
    <time>2018-12-31T10:44:34Z</time>
   </trkpt>
   <trkpt lat="43.2773210" lon="-1.7967070">
    <ele>595.1</ele>
    <time>2018-12-31T10:44:37Z</time>
   </trkpt>
   <trkpt lat="43.2773610" lon="-1.7966780">
    <ele>595.3</ele>
    <time>2018-12-31T10:44:40Z</time>
   </trkpt>
   <trkpt lat="43.2773930" lon="-1.7966610">
    <ele>594.8</ele>
    <time>2018-12-31T10:44:42Z</time>
   </trkpt>
   <trkpt lat="43.2774210" lon="-1.7966540">
    <ele>594.4</ele>
    <time>2018-12-31T10:44:44Z</time>
   </trkpt>
   <trkpt lat="43.2774480" lon="-1.7966180">
    <ele>593.5</ele>
    <time>2018-12-31T10:44:47Z</time>
   </trkpt>
   <trkpt lat="43.2774790" lon="-1.7965900">
    <ele>592.7</ele>
    <time>2018-12-31T10:44:50Z</time>
   </trkpt>
   <trkpt lat="43.2775110" lon="-1.7965570">
    <ele>592.1</ele>
    <time>2018-12-31T10:44:53Z</time>
   </trkpt>
   <trkpt lat="43.2775340" lon="-1.7965280">
    <ele>591.7</ele>
    <time>2018-12-31T10:44:55Z</time>
   </trkpt>
   <trkpt lat="43.2775540" lon="-1.7964950">
    <ele>591.4</ele>
    <time>2018-12-31T10:44:57Z</time>
   </trkpt>
   <trkpt lat="43.2775790" lon="-1.7964680">
    <ele>591.3</ele>
    <time>2018-12-31T10:44:59Z</time>
   </trkpt>
   <trkpt lat="43.2776100" lon="-1.7964410">
    <ele>591.3</ele>
    <time>2018-12-31T10:45:02Z</time>
   </trkpt>
   <trkpt lat="43.2776300" lon="-1.7964140">
    <ele>591.2</ele>
    <time>2018-12-31T10:45:05Z</time>
   </trkpt>
   <trkpt lat="43.2776570" lon="-1.7963820">
    <ele>590.8</ele>
    <time>2018-12-31T10:45:08Z</time>
   </trkpt>
   <trkpt lat="43.2776810" lon="-1.7963560">
    <ele>590.5</ele>
    <time>2018-12-31T10:45:11Z</time>
   </trkpt>
   <trkpt lat="43.2777020" lon="-1.7963200">
    <ele>590.4</ele>
    <time>2018-12-31T10:45:15Z</time>
   </trkpt>
   <trkpt lat="43.2777150" lon="-1.7962840">
    <ele>590.5</ele>
    <time>2018-12-31T10:45:18Z</time>
   </trkpt>
   <trkpt lat="43.2777430" lon="-1.7962510">
    <ele>590.6</ele>
    <time>2018-12-31T10:45:21Z</time>
   </trkpt>
   <trkpt lat="43.2777730" lon="-1.7962190">
    <ele>591.0</ele>
    <time>2018-12-31T10:45:24Z</time>
   </trkpt>
   <trkpt lat="43.2778070" lon="-1.7961910">
    <ele>591.4</ele>
    <time>2018-12-31T10:45:27Z</time>
   </trkpt>
   <trkpt lat="43.2778330" lon="-1.7961780">
    <ele>591.3</ele>
    <time>2018-12-31T10:45:29Z</time>
   </trkpt>
   <trkpt lat="43.2778580" lon="-1.7961430">
    <ele>591.0</ele>
    <time>2018-12-31T10:45:31Z</time>
   </trkpt>
   <trkpt lat="43.2778740" lon="-1.7961010">
    <ele>590.7</ele>
    <time>2018-12-31T10:45:34Z</time>
   </trkpt>
   <trkpt lat="43.2778960" lon="-1.7960590">
    <ele>590.4</ele>
    <time>2018-12-31T10:45:37Z</time>
   </trkpt>
   <trkpt lat="43.2779190" lon="-1.7960220">
    <ele>590.1</ele>
    <time>2018-12-31T10:45:40Z</time>
   </trkpt>
   <trkpt lat="43.2779330" lon="-1.7959750">
    <ele>590.1</ele>
    <time>2018-12-31T10:45:43Z</time>
   </trkpt>
   <trkpt lat="43.2779470" lon="-1.7959360">
    <ele>590.6</ele>
    <time>2018-12-31T10:45:46Z</time>
   </trkpt>
   <trkpt lat="43.2779600" lon="-1.7958980">
    <ele>591.2</ele>
    <time>2018-12-31T10:45:49Z</time>
   </trkpt>
   <trkpt lat="43.2779810" lon="-1.7958630">
    <ele>591.5</ele>
    <time>2018-12-31T10:45:52Z</time>
   </trkpt>
   <trkpt lat="43.2779970" lon="-1.7958270">
    <ele>591.5</ele>
    <time>2018-12-31T10:45:54Z</time>
   </trkpt>
   <trkpt lat="43.2780140" lon="-1.7957910">
    <ele>591.5</ele>
    <time>2018-12-31T10:45:56Z</time>
   </trkpt>
   <trkpt lat="43.2780290" lon="-1.7957470">
    <ele>591.7</ele>
    <time>2018-12-31T10:45:59Z</time>
   </trkpt>
   <trkpt lat="43.2780520" lon="-1.7957160">
    <ele>591.9</ele>
    <time>2018-12-31T10:46:01Z</time>
   </trkpt>
   <trkpt lat="43.2780820" lon="-1.7956930">
    <ele>592.2</ele>
    <time>2018-12-31T10:46:04Z</time>
   </trkpt>
   <trkpt lat="43.2781010" lon="-1.7956580">
    <ele>592.2</ele>
    <time>2018-12-31T10:46:07Z</time>
   </trkpt>
   <trkpt lat="43.2781150" lon="-1.7956190">
    <ele>592.1</ele>
    <time>2018-12-31T10:46:09Z</time>
   </trkpt>
   <trkpt lat="43.2781330" lon="-1.7955840">
    <ele>592.0</ele>
    <time>2018-12-31T10:46:12Z</time>
   </trkpt>
   <trkpt lat="43.2781620" lon="-1.7955770">
    <ele>592.3</ele>
    <time>2018-12-31T10:46:15Z</time>
   </trkpt>
   <trkpt lat="43.2781680" lon="-1.7955350">
    <ele>592.8</ele>
    <time>2018-12-31T10:46:17Z</time>
   </trkpt>
   <trkpt lat="43.2781800" lon="-1.7954880">
    <ele>593.3</ele>
    <time>2018-12-31T10:46:19Z</time>
   </trkpt>
   <trkpt lat="43.2781950" lon="-1.7954540">
    <ele>593.6</ele>
    <time>2018-12-31T10:46:22Z</time>
   </trkpt>
   <trkpt lat="43.2782040" lon="-1.7954120">
    <ele>593.9</ele>
    <time>2018-12-31T10:46:26Z</time>
   </trkpt>
   <trkpt lat="43.2782250" lon="-1.7953870">
    <ele>594.2</ele>
    <time>2018-12-31T10:46:30Z</time>
   </trkpt>
   <trkpt lat="43.2782510" lon="-1.7953480">
    <ele>594.3</ele>
    <time>2018-12-31T10:46:34Z</time>
   </trkpt>
   <trkpt lat="43.2782680" lon="-1.7952960">
    <ele>594.5</ele>
    <time>2018-12-31T10:46:37Z</time>
   </trkpt>
   <trkpt lat="43.2782790" lon="-1.7952370">
    <ele>595.0</ele>
    <time>2018-12-31T10:46:39Z</time>
   </trkpt>
   <trkpt lat="43.2782820" lon="-1.7951820">
    <ele>595.8</ele>
    <time>2018-12-31T10:46:41Z</time>
   </trkpt>
   <trkpt lat="43.2782920" lon="-1.7951270">
    <ele>596.6</ele>
    <time>2018-12-31T10:46:43Z</time>
   </trkpt>
   <trkpt lat="43.2783060" lon="-1.7950780">
    <ele>597.0</ele>
    <time>2018-12-31T10:46:46Z</time>
   </trkpt>
   <trkpt lat="43.2783160" lon="-1.7950350">
    <ele>597.4</ele>
    <time>2018-12-31T10:46:48Z</time>
   </trkpt>
   <trkpt lat="43.2783310" lon="-1.7949970">
    <ele>597.6</ele>
    <time>2018-12-31T10:46:50Z</time>
   </trkpt>
   <trkpt lat="43.2783370" lon="-1.7949490">
    <ele>597.8</ele>
    <time>2018-12-31T10:46:53Z</time>
   </trkpt>
   <trkpt lat="43.2783360" lon="-1.7949050">
    <ele>598.0</ele>
    <time>2018-12-31T10:46:56Z</time>
   </trkpt>
   <trkpt lat="43.2783540" lon="-1.7948670">
    <ele>598.7</ele>
    <time>2018-12-31T10:46:59Z</time>
   </trkpt>
   <trkpt lat="43.2783790" lon="-1.7948510">
    <ele>599.4</ele>
    <time>2018-12-31T10:47:03Z</time>
   </trkpt>
   <trkpt lat="43.2783950" lon="-1.7948190">
    <ele>600.1</ele>
    <time>2018-12-31T10:47:05Z</time>
   </trkpt>
   <trkpt lat="43.2784280" lon="-1.7947920">
    <ele>600.7</ele>
    <time>2018-12-31T10:47:08Z</time>
   </trkpt>
   <trkpt lat="43.2784570" lon="-1.7947710">
    <ele>601.1</ele>
    <time>2018-12-31T10:47:11Z</time>
   </trkpt>
   <trkpt lat="43.2784780" lon="-1.7947450">
    <ele>601.5</ele>
    <time>2018-12-31T10:47:15Z</time>
   </trkpt>
   <trkpt lat="43.2785110" lon="-1.7947300">
    <ele>601.8</ele>
    <time>2018-12-31T10:47:20Z</time>
   </trkpt>
   <trkpt lat="43.2785470" lon="-1.7947020">
    <ele>602.2</ele>
    <time>2018-12-31T10:47:22Z</time>
   </trkpt>
   <trkpt lat="43.2785860" lon="-1.7946810">
    <ele>603.0</ele>
    <time>2018-12-31T10:47:24Z</time>
   </trkpt>
   <trkpt lat="43.2786150" lon="-1.7946690">
    <ele>603.6</ele>
    <time>2018-12-31T10:47:26Z</time>
   </trkpt>
   <trkpt lat="43.2786430" lon="-1.7946480">
    <ele>604.1</ele>
    <time>2018-12-31T10:47:28Z</time>
   </trkpt>
   <trkpt lat="43.2786820" lon="-1.7946400">
    <ele>604.3</ele>
    <time>2018-12-31T10:47:30Z</time>
   </trkpt>
   <trkpt lat="43.2787140" lon="-1.7946140">
    <ele>604.3</ele>
    <time>2018-12-31T10:47:33Z</time>
   </trkpt>
   <trkpt lat="43.2787360" lon="-1.7945930">
    <ele>604.1</ele>
    <time>2018-12-31T10:47:35Z</time>
   </trkpt>
   <trkpt lat="43.2787650" lon="-1.7945810">
    <ele>604.0</ele>
    <time>2018-12-31T10:47:37Z</time>
   </trkpt>
   <trkpt lat="43.2787930" lon="-1.7945780">
    <ele>604.3</ele>
    <time>2018-12-31T10:47:39Z</time>
   </trkpt>
   <trkpt lat="43.2788230" lon="-1.7945770">
    <ele>604.6</ele>
    <time>2018-12-31T10:47:41Z</time>
   </trkpt>
   <trkpt lat="43.2788600" lon="-1.7945850">
    <ele>605.0</ele>
    <time>2018-12-31T10:47:43Z</time>
   </trkpt>
   <trkpt lat="43.2788920" lon="-1.7945940">
    <ele>605.3</ele>
    <time>2018-12-31T10:47:45Z</time>
   </trkpt>
   <trkpt lat="43.2789230" lon="-1.7945970">
    <ele>605.6</ele>
    <time>2018-12-31T10:47:47Z</time>
   </trkpt>
   <trkpt lat="43.2789640" lon="-1.7945760">
    <ele>605.6</ele>
    <time>2018-12-31T10:47:50Z</time>
   </trkpt>
   <trkpt lat="43.2789870" lon="-1.7945400">
    <ele>605.5</ele>
    <time>2018-12-31T10:47:53Z</time>
   </trkpt>
   <trkpt lat="43.2790300" lon="-1.7945480">
    <ele>605.7</ele>
    <time>2018-12-31T10:47:58Z</time>
   </trkpt>
   <trkpt lat="43.2790560" lon="-1.7945630">
    <ele>605.9</ele>
    <time>2018-12-31T10:48:00Z</time>
   </trkpt>
   <trkpt lat="43.2790830" lon="-1.7945880">
    <ele>606.2</ele>
    <time>2018-12-31T10:48:03Z</time>
   </trkpt>
   <trkpt lat="43.2791120" lon="-1.7945830">
    <ele>606.3</ele>
    <time>2018-12-31T10:48:06Z</time>
   </trkpt>
   <trkpt lat="43.2791390" lon="-1.7945680">
    <ele>606.2</ele>
    <time>2018-12-31T10:48:11Z</time>
   </trkpt>
   <trkpt lat="43.2791650" lon="-1.7945580">
    <ele>606.1</ele>
    <time>2018-12-31T10:48:14Z</time>
   </trkpt>
   <trkpt lat="43.2791910" lon="-1.7945390">
    <ele>606.1</ele>
    <time>2018-12-31T10:48:16Z</time>
   </trkpt>
   <trkpt lat="43.2792340" lon="-1.7945340">
    <ele>606.7</ele>
    <time>2018-12-31T10:48:19Z</time>
   </trkpt>
   <trkpt lat="43.2792610" lon="-1.7945270">
    <ele>607.2</ele>
    <time>2018-12-31T10:48:21Z</time>
   </trkpt>
   <trkpt lat="43.2792930" lon="-1.7945200">
    <ele>607.2</ele>
    <time>2018-12-31T10:48:25Z</time>
   </trkpt>
   <trkpt lat="43.2793320" lon="-1.7945140">
    <ele>607.2</ele>
    <time>2018-12-31T10:48:28Z</time>
   </trkpt>
   <trkpt lat="43.2793600" lon="-1.7945010">
    <ele>607.5</ele>
    <time>2018-12-31T10:48:31Z</time>
   </trkpt>
   <trkpt lat="43.2793900" lon="-1.7944940">
    <ele>608.0</ele>
    <time>2018-12-31T10:48:33Z</time>
   </trkpt>
   <trkpt lat="43.2794280" lon="-1.7944840">
    <ele>608.2</ele>
    <time>2018-12-31T10:48:35Z</time>
   </trkpt>
   <trkpt lat="43.2794600" lon="-1.7944670">
    <ele>607.9</ele>
    <time>2018-12-31T10:48:38Z</time>
   </trkpt>
   <trkpt lat="43.2794910" lon="-1.7944510">
    <ele>607.7</ele>
    <time>2018-12-31T10:48:41Z</time>
   </trkpt>
   <trkpt lat="43.2795180" lon="-1.7944330">
    <ele>607.6</ele>
    <time>2018-12-31T10:48:43Z</time>
   </trkpt>
   <trkpt lat="43.2795480" lon="-1.7944110">
    <ele>607.4</ele>
    <time>2018-12-31T10:48:45Z</time>
   </trkpt>
   <trkpt lat="43.2795760" lon="-1.7943790">
    <ele>607.4</ele>
    <time>2018-12-31T10:48:48Z</time>
   </trkpt>
   <trkpt lat="43.2795960" lon="-1.7943530">
    <ele>607.4</ele>
    <time>2018-12-31T10:48:52Z</time>
   </trkpt>
   <trkpt lat="43.2796250" lon="-1.7943350">
    <ele>607.4</ele>
    <time>2018-12-31T10:48:54Z</time>
   </trkpt>
   <trkpt lat="43.2796550" lon="-1.7943190">
    <ele>607.1</ele>
    <time>2018-12-31T10:48:58Z</time>
   </trkpt>
   <trkpt lat="43.2796790" lon="-1.7942940">
    <ele>606.3</ele>
    <time>2018-12-31T10:49:02Z</time>
   </trkpt>
   <trkpt lat="43.2796990" lon="-1.7942670">
    <ele>605.7</ele>
    <time>2018-12-31T10:49:05Z</time>
   </trkpt>
   <trkpt lat="43.2797220" lon="-1.7942390">
    <ele>605.1</ele>
    <time>2018-12-31T10:49:09Z</time>
   </trkpt>
   <trkpt lat="43.2797510" lon="-1.7942180">
    <ele>605.6</ele>
    <time>2018-12-31T10:49:13Z</time>
   </trkpt>
   <trkpt lat="43.2797700" lon="-1.7941890">
    <ele>606.0</ele>
    <time>2018-12-31T10:49:15Z</time>
   </trkpt>
   <trkpt lat="43.2797840" lon="-1.7941460">
    <ele>605.7</ele>
    <time>2018-12-31T10:49:19Z</time>
   </trkpt>
   <trkpt lat="43.2797960" lon="-1.7941110">
    <ele>605.3</ele>
    <time>2018-12-31T10:49:23Z</time>
   </trkpt>
   <trkpt lat="43.2798220" lon="-1.7940870">
    <ele>604.7</ele>
    <time>2018-12-31T10:49:29Z</time>
   </trkpt>
   <trkpt lat="43.2798510" lon="-1.7940740">
    <ele>604.0</ele>
    <time>2018-12-31T10:49:34Z</time>
   </trkpt>
   <trkpt lat="43.2798760" lon="-1.7940590">
    <ele>603.4</ele>
    <time>2018-12-31T10:49:39Z</time>
   </trkpt>
   <trkpt lat="43.2798920" lon="-1.7940250">
    <ele>602.8</ele>
    <time>2018-12-31T10:49:42Z</time>
   </trkpt>
   <trkpt lat="43.2799130" lon="-1.7940000">
    <ele>602.2</ele>
    <time>2018-12-31T10:49:46Z</time>
   </trkpt>
   <trkpt lat="43.2799490" lon="-1.7939810">
    <ele>601.4</ele>
    <time>2018-12-31T10:49:49Z</time>
   </trkpt>
   <trkpt lat="43.2799830" lon="-1.7939730">
    <ele>600.3</ele>
    <time>2018-12-31T10:49:51Z</time>
   </trkpt>
   <trkpt lat="43.2800180" lon="-1.7939480">
    <ele>599.0</ele>
    <time>2018-12-31T10:49:54Z</time>
   </trkpt>
   <trkpt lat="43.2800480" lon="-1.7939310">
    <ele>598.1</ele>
    <time>2018-12-31T10:49:57Z</time>
   </trkpt>
   <trkpt lat="43.2800620" lon="-1.7938890">
    <ele>597.3</ele>
    <time>2018-12-31T10:50:02Z</time>
   </trkpt>
   <trkpt lat="43.2800870" lon="-1.7938560">
    <ele>596.5</ele>
    <time>2018-12-31T10:50:05Z</time>
   </trkpt>
   <trkpt lat="43.2801090" lon="-1.7938310">
    <ele>595.3</ele>
    <time>2018-12-31T10:50:12Z</time>
   </trkpt>
   <trkpt lat="43.2801350" lon="-1.7938070">
    <ele>594.1</ele>
    <time>2018-12-31T10:50:15Z</time>
   </trkpt>
   <trkpt lat="43.2801440" lon="-1.7937690">
    <ele>593.0</ele>
    <time>2018-12-31T10:50:19Z</time>
   </trkpt>
   <trkpt lat="43.2801560" lon="-1.7937230">
    <ele>591.4</ele>
    <time>2018-12-31T10:50:22Z</time>
   </trkpt>
   <trkpt lat="43.2801780" lon="-1.7936850">
    <ele>590.2</ele>
    <time>2018-12-31T10:50:25Z</time>
   </trkpt>
   <trkpt lat="43.2801750" lon="-1.7936480">
    <ele>590.0</ele>
    <time>2018-12-31T10:50:27Z</time>
   </trkpt>
   <trkpt lat="43.2801580" lon="-1.7936040">
    <ele>589.7</ele>
    <time>2018-12-31T10:50:30Z</time>
   </trkpt>
   <trkpt lat="43.2801480" lon="-1.7935620">
    <ele>588.5</ele>
    <time>2018-12-31T10:50:33Z</time>
   </trkpt>
   <trkpt lat="43.2801490" lon="-1.7935170">
    <ele>587.2</ele>
    <time>2018-12-31T10:50:36Z</time>
   </trkpt>
   <trkpt lat="43.2801560" lon="-1.7934790">
    <ele>586.6</ele>
    <time>2018-12-31T10:50:39Z</time>
   </trkpt>
   <trkpt lat="43.2801720" lon="-1.7934400">
    <ele>586.5</ele>
    <time>2018-12-31T10:50:45Z</time>
   </trkpt>
   <trkpt lat="43.2801910" lon="-1.7934130">
    <ele>586.4</ele>
    <time>2018-12-31T10:50:48Z</time>
   </trkpt>
   <trkpt lat="43.2802200" lon="-1.7933980">
    <ele>586.3</ele>
    <time>2018-12-31T10:50:50Z</time>
   </trkpt>
   <trkpt lat="43.2802500" lon="-1.7933550">
    <ele>586.2</ele>
    <time>2018-12-31T10:50:52Z</time>
   </trkpt>
   <trkpt lat="43.2802690" lon="-1.7933200">
    <ele>586.1</ele>
    <time>2018-12-31T10:50:54Z</time>
   </trkpt>
   <trkpt lat="43.2802880" lon="-1.7932820">
    <ele>586.0</ele>
    <time>2018-12-31T10:50:57Z</time>
   </trkpt>
   <trkpt lat="43.2802930" lon="-1.7932340">
    <ele>585.9</ele>
    <time>2018-12-31T10:51:00Z</time>
   </trkpt>
   <trkpt lat="43.2803050" lon="-1.7931900">
    <ele>586.0</ele>
    <time>2018-12-31T10:51:03Z</time>
   </trkpt>
   <trkpt lat="43.2803140" lon="-1.7931540">
    <ele>586.1</ele>
    <time>2018-12-31T10:51:06Z</time>
   </trkpt>
   <trkpt lat="43.2803420" lon="-1.7931310">
    <ele>586.5</ele>
    <time>2018-12-31T10:51:09Z</time>
   </trkpt>
   <trkpt lat="43.2803770" lon="-1.7931230">
    <ele>587.0</ele>
    <time>2018-12-31T10:51:12Z</time>
   </trkpt>
   <trkpt lat="43.2804040" lon="-1.7931120">
    <ele>587.4</ele>
    <time>2018-12-31T10:51:22Z</time>
   </trkpt>
   <trkpt lat="43.2804280" lon="-1.7930840">
    <ele>586.9</ele>
    <time>2018-12-31T10:51:27Z</time>
   </trkpt>
   <trkpt lat="43.2804610" lon="-1.7930770">
    <ele>586.5</ele>
    <time>2018-12-31T10:51:33Z</time>
   </trkpt>
   <trkpt lat="43.2804840" lon="-1.7930500">
    <ele>586.3</ele>
    <time>2018-12-31T10:51:39Z</time>
   </trkpt>
   <trkpt lat="43.2805100" lon="-1.7930400">
    <ele>586.2</ele>
    <time>2018-12-31T10:51:45Z</time>
   </trkpt>
   <trkpt lat="43.2805390" lon="-1.7930250">
    <ele>585.2</ele>
    <time>2018-12-31T10:51:49Z</time>
   </trkpt>
   <trkpt lat="43.2805660" lon="-1.7930160">
    <ele>584.2</ele>
    <time>2018-12-31T10:51:51Z</time>
   </trkpt>
   <trkpt lat="43.2805880" lon="-1.7929910">
    <ele>583.4</ele>
    <time>2018-12-31T10:51:56Z</time>
   </trkpt>
   <trkpt lat="43.2806260" lon="-1.7929680">
    <ele>582.3</ele>
    <time>2018-12-31T10:52:00Z</time>
   </trkpt>
   <trkpt lat="43.2806500" lon="-1.7929460">
    <ele>581.6</ele>
    <time>2018-12-31T10:52:02Z</time>
   </trkpt>
   <trkpt lat="43.2806730" lon="-1.7929100">
    <ele>580.6</ele>
    <time>2018-12-31T10:52:05Z</time>
   </trkpt>
   <trkpt lat="43.2806920" lon="-1.7928710">
    <ele>579.7</ele>
    <time>2018-12-31T10:52:08Z</time>
   </trkpt>
   <trkpt lat="43.2807110" lon="-1.7928190">
    <ele>578.8</ele>
    <time>2018-12-31T10:52:11Z</time>
   </trkpt>
   <trkpt lat="43.2807280" lon="-1.7927880">
    <ele>578.2</ele>
    <time>2018-12-31T10:52:14Z</time>
   </trkpt>
   <trkpt lat="43.2807370" lon="-1.7927400">
    <ele>577.4</ele>
    <time>2018-12-31T10:52:17Z</time>
   </trkpt>
   <trkpt lat="43.2807520" lon="-1.7927030">
    <ele>576.2</ele>
    <time>2018-12-31T10:52:20Z</time>
   </trkpt>
   <trkpt lat="43.2807720" lon="-1.7926620">
    <ele>574.8</ele>
    <time>2018-12-31T10:52:23Z</time>
   </trkpt>
   <trkpt lat="43.2807970" lon="-1.7926200">
    <ele>573.7</ele>
    <time>2018-12-31T10:52:26Z</time>
   </trkpt>
   <trkpt lat="43.2808200" lon="-1.7925970">
    <ele>573.4</ele>
    <time>2018-12-31T10:52:29Z</time>
   </trkpt>
   <trkpt lat="43.2808440" lon="-1.7925690">
    <ele>572.9</ele>
    <time>2018-12-31T10:52:32Z</time>
   </trkpt>
   <trkpt lat="43.2808710" lon="-1.7925320">
    <ele>571.8</ele>
    <time>2018-12-31T10:52:35Z</time>
   </trkpt>
   <trkpt lat="43.2808980" lon="-1.7925040">
    <ele>571.4</ele>
    <time>2018-12-31T10:52:39Z</time>
   </trkpt>
   <trkpt lat="43.2809000" lon="-1.7924580">
    <ele>571.5</ele>
    <time>2018-12-31T10:52:42Z</time>
   </trkpt>
   <trkpt lat="43.2808980" lon="-1.7924160">
    <ele>571.1</ele>
    <time>2018-12-31T10:52:46Z</time>
   </trkpt>
   <trkpt lat="43.2808940" lon="-1.7923600">
    <ele>569.9</ele>
    <time>2018-12-31T10:52:50Z</time>
   </trkpt>
   <trkpt lat="43.2809090" lon="-1.7923250">
    <ele>569.3</ele>
    <time>2018-12-31T10:52:55Z</time>
   </trkpt>
   <trkpt lat="43.2809130" lon="-1.7922730">
    <ele>569.0</ele>
    <time>2018-12-31T10:52:58Z</time>
   </trkpt>
   <trkpt lat="43.2809220" lon="-1.7922190">
    <ele>568.7</ele>
    <time>2018-12-31T10:53:01Z</time>
   </trkpt>
   <trkpt lat="43.2809300" lon="-1.7921770">
    <ele>568.3</ele>
    <time>2018-12-31T10:53:03Z</time>
   </trkpt>
   <trkpt lat="43.2809340" lon="-1.7921280">
    <ele>568.0</ele>
    <time>2018-12-31T10:53:05Z</time>
   </trkpt>
   <trkpt lat="43.2809350" lon="-1.7920790">
    <ele>567.5</ele>
    <time>2018-12-31T10:53:07Z</time>
   </trkpt>
   <trkpt lat="43.2809350" lon="-1.7920370">
    <ele>567.2</ele>
    <time>2018-12-31T10:53:09Z</time>
   </trkpt>
   <trkpt lat="43.2809280" lon="-1.7919800">
    <ele>567.3</ele>
    <time>2018-12-31T10:53:11Z</time>
   </trkpt>
   <trkpt lat="43.2809270" lon="-1.7919340">
    <ele>567.5</ele>
    <time>2018-12-31T10:53:13Z</time>
   </trkpt>
   <trkpt lat="43.2809230" lon="-1.7918930">
    <ele>567.5</ele>
    <time>2018-12-31T10:53:16Z</time>
   </trkpt>
   <trkpt lat="43.2809170" lon="-1.7918470">
    <ele>567.1</ele>
    <time>2018-12-31T10:53:19Z</time>
   </trkpt>
   <trkpt lat="43.2809430" lon="-1.7918220">
    <ele>566.8</ele>
    <time>2018-12-31T10:53:23Z</time>
   </trkpt>
   <trkpt lat="43.2809620" lon="-1.7917860">
    <ele>566.9</ele>
    <time>2018-12-31T10:53:28Z</time>
   </trkpt>
   <trkpt lat="43.2809550" lon="-1.7917380">
    <ele>567.0</ele>
    <time>2018-12-31T10:53:31Z</time>
   </trkpt>
   <trkpt lat="43.2809450" lon="-1.7917020">
    <ele>567.1</ele>
    <time>2018-12-31T10:53:33Z</time>
   </trkpt>
   <trkpt lat="43.2809360" lon="-1.7916520">
    <ele>567.2</ele>
    <time>2018-12-31T10:53:36Z</time>
   </trkpt>
   <trkpt lat="43.2809230" lon="-1.7916070">
    <ele>567.4</ele>
    <time>2018-12-31T10:53:39Z</time>
   </trkpt>
   <trkpt lat="43.2809130" lon="-1.7915620">
    <ele>567.6</ele>
    <time>2018-12-31T10:53:42Z</time>
   </trkpt>
   <trkpt lat="43.2808930" lon="-1.7915290">
    <ele>567.7</ele>
    <time>2018-12-31T10:53:47Z</time>
   </trkpt>
   <trkpt lat="43.2808750" lon="-1.7915020">
    <ele>567.8</ele>
    <time>2018-12-31T10:53:48Z</time>
   </trkpt>
   <trkpt lat="43.2808560" lon="-1.7914730">
    <ele>568.0</ele>
    <time>2018-12-31T10:53:53Z</time>
   </trkpt>
   <trkpt lat="43.2808330" lon="-1.7914280">
    <ele>568.4</ele>
    <time>2018-12-31T10:53:59Z</time>
   </trkpt>
   <trkpt lat="43.2808080" lon="-1.7914020">
    <ele>568.5</ele>
    <time>2018-12-31T10:54:02Z</time>
   </trkpt>
   <trkpt lat="43.2808030" lon="-1.7913620">
    <ele>568.7</ele>
    <time>2018-12-31T10:54:07Z</time>
   </trkpt>
   <trkpt lat="43.2808020" lon="-1.7913060">
    <ele>569.2</ele>
    <time>2018-12-31T10:54:09Z</time>
   </trkpt>
   <trkpt lat="43.2808140" lon="-1.7912700">
    <ele>569.9</ele>
    <time>2018-12-31T10:54:13Z</time>
   </trkpt>
   <trkpt lat="43.2808100" lon="-1.7912300">
    <ele>570.6</ele>
    <time>2018-12-31T10:54:17Z</time>
   </trkpt>
   <trkpt lat="43.2807910" lon="-1.7911810">
    <ele>571.3</ele>
    <time>2018-12-31T10:54:19Z</time>
   </trkpt>
   <trkpt lat="43.2807760" lon="-1.7911230">
    <ele>571.5</ele>
    <time>2018-12-31T10:54:21Z</time>
   </trkpt>
   <trkpt lat="43.2807830" lon="-1.7910510">
    <ele>572.3</ele>
    <time>2018-12-31T10:54:22Z</time>
   </trkpt>
   <trkpt lat="43.2807940" lon="-1.7910050">
    <ele>573.4</ele>
    <time>2018-12-31T10:54:23Z</time>
   </trkpt>
   <trkpt lat="43.2808120" lon="-1.7909680">
    <ele>574.3</ele>
    <time>2018-12-31T10:54:25Z</time>
   </trkpt>
   <trkpt lat="43.2808270" lon="-1.7909340">
    <ele>575.3</ele>
    <time>2018-12-31T10:54:26Z</time>
   </trkpt>
   <trkpt lat="43.2808290" lon="-1.7908920">
    <ele>576.3</ele>
    <time>2018-12-31T10:54:28Z</time>
   </trkpt>
   <trkpt lat="43.2808550" lon="-1.7908630">
    <ele>577.3</ele>
    <time>2018-12-31T10:54:30Z</time>
   </trkpt>
   <trkpt lat="43.2808710" lon="-1.7908320">
    <ele>577.6</ele>
    <time>2018-12-31T10:54:32Z</time>
   </trkpt>
   <trkpt lat="43.2808810" lon="-1.7907860">
    <ele>578.0</ele>
    <time>2018-12-31T10:54:35Z</time>
   </trkpt>
   <trkpt lat="43.2808750" lon="-1.7907470">
    <ele>578.7</ele>
    <time>2018-12-31T10:54:38Z</time>
   </trkpt>
   <trkpt lat="43.2808790" lon="-1.7907020">
    <ele>580.1</ele>
    <time>2018-12-31T10:54:40Z</time>
   </trkpt>
   <trkpt lat="43.2808780" lon="-1.7906500">
    <ele>581.7</ele>
    <time>2018-12-31T10:54:42Z</time>
   </trkpt>
   <trkpt lat="43.2808800" lon="-1.7905960">
    <ele>582.3</ele>
    <time>2018-12-31T10:54:45Z</time>
   </trkpt>
   <trkpt lat="43.2808920" lon="-1.7905550">
    <ele>582.9</ele>
    <time>2018-12-31T10:54:47Z</time>
   </trkpt>
   <trkpt lat="43.2808940" lon="-1.7905070">
    <ele>583.5</ele>
    <time>2018-12-31T10:54:51Z</time>
   </trkpt>
   <trkpt lat="43.2809100" lon="-1.7904690">
    <ele>584.1</ele>
    <time>2018-12-31T10:54:55Z</time>
   </trkpt>
   <trkpt lat="43.2809370" lon="-1.7904510">
    <ele>584.7</ele>
    <time>2018-12-31T10:54:57Z</time>
   </trkpt>
   <trkpt lat="43.2809600" lon="-1.7904290">
    <ele>585.3</ele>
    <time>2018-12-31T10:55:01Z</time>
   </trkpt>
   <trkpt lat="43.2809760" lon="-1.7903990">
    <ele>585.8</ele>
    <time>2018-12-31T10:55:07Z</time>
   </trkpt>
   <trkpt lat="43.2809940" lon="-1.7903620">
    <ele>586.6</ele>
    <time>2018-12-31T10:55:13Z</time>
   </trkpt>
   <trkpt lat="43.2810030" lon="-1.7903260">
    <ele>587.4</ele>
    <time>2018-12-31T10:55:15Z</time>
   </trkpt>
   <trkpt lat="43.2810300" lon="-1.7902950">
    <ele>587.9</ele>
    <time>2018-12-31T10:55:18Z</time>
   </trkpt>
   <trkpt lat="43.2810630" lon="-1.7902800">
    <ele>587.9</ele>
    <time>2018-12-31T10:55:20Z</time>
   </trkpt>
   <trkpt lat="43.2810930" lon="-1.7902520">
    <ele>588.1</ele>
    <time>2018-12-31T10:55:23Z</time>
   </trkpt>
   <trkpt lat="43.2811270" lon="-1.7902220">
    <ele>588.9</ele>
    <time>2018-12-31T10:55:25Z</time>
   </trkpt>
   <trkpt lat="43.2811370" lon="-1.7901810">
    <ele>589.4</ele>
    <time>2018-12-31T10:55:28Z</time>
   </trkpt>
   <trkpt lat="43.2811330" lon="-1.7901360">
    <ele>589.2</ele>
    <time>2018-12-31T10:55:31Z</time>
   </trkpt>
   <trkpt lat="43.2811380" lon="-1.7900980">
    <ele>589.1</ele>
    <time>2018-12-31T10:55:34Z</time>
   </trkpt>
   <trkpt lat="43.2811540" lon="-1.7900460">
    <ele>589.0</ele>
    <time>2018-12-31T10:55:37Z</time>
   </trkpt>
   <trkpt lat="43.2811680" lon="-1.7900070">
    <ele>588.9</ele>
    <time>2018-12-31T10:55:40Z</time>
   </trkpt>
   <trkpt lat="43.2811850" lon="-1.7899650">
    <ele>588.7</ele>
    <time>2018-12-31T10:55:43Z</time>
   </trkpt>
   <trkpt lat="43.2811900" lon="-1.7899240">
    <ele>588.2</ele>
    <time>2018-12-31T10:55:49Z</time>
   </trkpt>
   <trkpt lat="43.2812060" lon="-1.7898860">
    <ele>587.7</ele>
    <time>2018-12-31T10:55:52Z</time>
   </trkpt>
   <trkpt lat="43.2812160" lon="-1.7898470">
    <ele>587.5</ele>
    <time>2018-12-31T10:55:55Z</time>
   </trkpt>
   <trkpt lat="43.2812180" lon="-1.7898050">
    <ele>587.8</ele>
    <time>2018-12-31T10:56:00Z</time>
   </trkpt>
   <trkpt lat="43.2812420" lon="-1.7897770">
    <ele>588.0</ele>
    <time>2018-12-31T10:56:03Z</time>
   </trkpt>
   <trkpt lat="43.2812600" lon="-1.7897470">
    <ele>588.0</ele>
    <time>2018-12-31T10:56:06Z</time>
   </trkpt>
   <trkpt lat="43.2812840" lon="-1.7897240">
    <ele>587.8</ele>
    <time>2018-12-31T10:56:11Z</time>
   </trkpt>
   <trkpt lat="43.2813220" lon="-1.7897070">
    <ele>587.7</ele>
    <time>2018-12-31T10:56:13Z</time>
   </trkpt>
   <trkpt lat="43.2813490" lon="-1.7896940">
    <ele>588.0</ele>
    <time>2018-12-31T10:56:14Z</time>
   </trkpt>
   <trkpt lat="43.2813780" lon="-1.7896770">
    <ele>588.4</ele>
    <time>2018-12-31T10:56:17Z</time>
   </trkpt>
   <trkpt lat="43.2814100" lon="-1.7896570">
    <ele>588.6</ele>
    <time>2018-12-31T10:56:20Z</time>
   </trkpt>
   <trkpt lat="43.2814380" lon="-1.7896260">
    <ele>588.4</ele>
    <time>2018-12-31T10:56:22Z</time>
   </trkpt>
   <trkpt lat="43.2814760" lon="-1.7896120">
    <ele>588.2</ele>
    <time>2018-12-31T10:56:25Z</time>
   </trkpt>
   <trkpt lat="43.2815090" lon="-1.7896010">
    <ele>588.7</ele>
    <time>2018-12-31T10:56:28Z</time>
   </trkpt>
   <trkpt lat="43.2815390" lon="-1.7895730">
    <ele>589.2</ele>
    <time>2018-12-31T10:56:31Z</time>
   </trkpt>
   <trkpt lat="43.2815580" lon="-1.7895430">
    <ele>589.5</ele>
    <time>2018-12-31T10:56:44Z</time>
   </trkpt>
   <trkpt lat="43.2815790" lon="-1.7895170">
    <ele>589.7</ele>
    <time>2018-12-31T10:56:46Z</time>
   </trkpt>
   <trkpt lat="43.2816030" lon="-1.7894920">
    <ele>589.9</ele>
    <time>2018-12-31T10:56:52Z</time>
   </trkpt>
   <trkpt lat="43.2816360" lon="-1.7894930">
    <ele>589.8</ele>
    <time>2018-12-31T10:56:55Z</time>
   </trkpt>
   <trkpt lat="43.2816730" lon="-1.7894880">
    <ele>589.7</ele>
    <time>2018-12-31T10:56:59Z</time>
   </trkpt>
   <trkpt lat="43.2817050" lon="-1.7894980">
    <ele>589.8</ele>
    <time>2018-12-31T10:57:03Z</time>
   </trkpt>
   <trkpt lat="43.2817310" lon="-1.7895160">
    <ele>590.3</ele>
    <time>2018-12-31T10:57:06Z</time>
   </trkpt>
   <trkpt lat="43.2817690" lon="-1.7895310">
    <ele>591.0</ele>
    <time>2018-12-31T10:57:11Z</time>
   </trkpt>
   <trkpt lat="43.2818010" lon="-1.7895300">
    <ele>590.9</ele>
    <time>2018-12-31T10:57:13Z</time>
   </trkpt>
   <trkpt lat="43.2818370" lon="-1.7895290">
    <ele>590.9</ele>
    <time>2018-12-31T10:57:16Z</time>
   </trkpt>
   <trkpt lat="43.2818650" lon="-1.7895440">
    <ele>591.5</ele>
    <time>2018-12-31T10:57:20Z</time>
   </trkpt>
   <trkpt lat="43.2818850" lon="-1.7895850">
    <ele>592.6</ele>
    <time>2018-12-31T10:57:28Z</time>
   </trkpt>
   <trkpt lat="43.2819100" lon="-1.7896020">
    <ele>593.4</ele>
    <time>2018-12-31T10:57:31Z</time>
   </trkpt>
   <trkpt lat="43.2819380" lon="-1.7895920">
    <ele>593.1</ele>
    <time>2018-12-31T10:57:34Z</time>
   </trkpt>
   <trkpt lat="43.2819670" lon="-1.7895970">
    <ele>592.8</ele>
    <time>2018-12-31T10:57:38Z</time>
   </trkpt>
   <trkpt lat="43.2819770" lon="-1.7896330">
    <ele>592.6</ele>
    <time>2018-12-31T10:57:41Z</time>
   </trkpt>
   <trkpt lat="43.2820000" lon="-1.7896550">
    <ele>592.6</ele>
    <time>2018-12-31T10:57:44Z</time>
   </trkpt>
   <trkpt lat="43.2820270" lon="-1.7896670">
    <ele>592.7</ele>
    <time>2018-12-31T10:57:47Z</time>
   </trkpt>
   <trkpt lat="43.2820600" lon="-1.7896800">
    <ele>592.4</ele>
    <time>2018-12-31T10:57:50Z</time>
   </trkpt>
   <trkpt lat="43.2820980" lon="-1.7896890">
    <ele>591.3</ele>
    <time>2018-12-31T10:57:53Z</time>
   </trkpt>
   <trkpt lat="43.2821250" lon="-1.7896880">
    <ele>590.5</ele>
    <time>2018-12-31T10:57:58Z</time>
   </trkpt>
   <trkpt lat="43.2821530" lon="-1.7896900">
    <ele>589.5</ele>
    <time>2018-12-31T10:58:02Z</time>
   </trkpt>
   <trkpt lat="43.2821810" lon="-1.7897040">
    <ele>588.4</ele>
    <time>2018-12-31T10:58:05Z</time>
   </trkpt>
   <trkpt lat="43.2822130" lon="-1.7897070">
    <ele>586.3</ele>
    <time>2018-12-31T10:58:08Z</time>
   </trkpt>
   <trkpt lat="43.2822450" lon="-1.7896930">
    <ele>584.0</ele>
    <time>2018-12-31T10:58:13Z</time>
   </trkpt>
   <trkpt lat="43.2822760" lon="-1.7896970">
    <ele>583.0</ele>
    <time>2018-12-31T10:58:17Z</time>
   </trkpt>
   <trkpt lat="43.2823030" lon="-1.7896940">
    <ele>582.3</ele>
    <time>2018-12-31T10:58:19Z</time>
   </trkpt>
   <trkpt lat="43.2823260" lon="-1.7896750">
    <ele>581.5</ele>
    <time>2018-12-31T10:58:22Z</time>
   </trkpt>
   <trkpt lat="43.2823600" lon="-1.7896630">
    <ele>579.7</ele>
    <time>2018-12-31T10:58:26Z</time>
   </trkpt>
   <trkpt lat="43.2823900" lon="-1.7896560">
    <ele>577.9</ele>
    <time>2018-12-31T10:58:32Z</time>
   </trkpt>
   <trkpt lat="43.2824170" lon="-1.7896480">
    <ele>576.3</ele>
    <time>2018-12-31T10:58:43Z</time>
   </trkpt>
   <trkpt lat="43.2823780" lon="-1.7896360">
    <ele>573.2</ele>
    <time>2018-12-31T10:58:48Z</time>
   </trkpt>
   <trkpt lat="43.2823440" lon="-1.7896350">
    <ele>570.5</ele>
    <time>2018-12-31T10:58:52Z</time>
   </trkpt>
   <trkpt lat="43.2823330" lon="-1.7896790">
    <ele>568.3</ele>
    <time>2018-12-31T10:58:58Z</time>
   </trkpt>
   <trkpt lat="43.2823080" lon="-1.7897210">
    <ele>566.0</ele>
    <time>2018-12-31T10:59:01Z</time>
   </trkpt>
   <trkpt lat="43.2822900" lon="-1.7897570">
    <ele>564.3</ele>
    <time>2018-12-31T10:59:03Z</time>
   </trkpt>
   <trkpt lat="43.2822860" lon="-1.7897950">
    <ele>563.4</ele>
    <time>2018-12-31T10:59:07Z</time>
   </trkpt>
   <trkpt lat="43.2822870" lon="-1.7898360">
    <ele>562.3</ele>
    <time>2018-12-31T10:59:10Z</time>
   </trkpt>
   <trkpt lat="43.2822730" lon="-1.7898740">
    <ele>561.2</ele>
    <time>2018-12-31T10:59:14Z</time>
   </trkpt>
   <trkpt lat="43.2822800" lon="-1.7899180">
    <ele>560.0</ele>
    <time>2018-12-31T10:59:22Z</time>
   </trkpt>
   <trkpt lat="43.2822680" lon="-1.7899750">
    <ele>558.3</ele>
    <time>2018-12-31T10:59:25Z</time>
   </trkpt>
   <trkpt lat="43.2822560" lon="-1.7900170">
    <ele>556.4</ele>
    <time>2018-12-31T10:59:27Z</time>
   </trkpt>
   <trkpt lat="43.2822430" lon="-1.7900590">
    <ele>553.5</ele>
    <time>2018-12-31T10:59:30Z</time>
   </trkpt>
   <trkpt lat="43.2822260" lon="-1.7901000">
    <ele>551.0</ele>
    <time>2018-12-31T10:59:38Z</time>
   </trkpt>
   <trkpt lat="43.2822160" lon="-1.7901430">
    <ele>549.3</ele>
    <time>2018-12-31T10:59:43Z</time>
   </trkpt>
   <trkpt lat="43.2821910" lon="-1.7901720">
    <ele>547.9</ele>
    <time>2018-12-31T10:59:46Z</time>
   </trkpt>
   <trkpt lat="43.2821820" lon="-1.7902110">
    <ele>546.8</ele>
    <time>2018-12-31T10:59:50Z</time>
   </trkpt>
   <trkpt lat="43.2822000" lon="-1.7902400">
    <ele>545.9</ele>
    <time>2018-12-31T10:59:53Z</time>
   </trkpt>
   <trkpt lat="43.2822390" lon="-1.7902440">
    <ele>544.6</ele>
    <time>2018-12-31T10:59:55Z</time>
   </trkpt>
   <trkpt lat="43.2822730" lon="-1.7902460">
    <ele>543.5</ele>
    <time>2018-12-31T10:59:58Z</time>
   </trkpt>
   <trkpt lat="43.2823020" lon="-1.7902390">
    <ele>542.8</ele>
    <time>2018-12-31T11:00:01Z</time>
   </trkpt>
   <trkpt lat="43.2823390" lon="-1.7902290">
    <ele>542.2</ele>
    <time>2018-12-31T11:00:05Z</time>
   </trkpt>
   <trkpt lat="43.2823660" lon="-1.7902170">
    <ele>539.8</ele>
    <time>2018-12-31T11:00:09Z</time>
   </trkpt>
   <trkpt lat="43.2823820" lon="-1.7902530">
    <ele>537.2</ele>
    <time>2018-12-31T11:00:14Z</time>
   </trkpt>
   <trkpt lat="43.2824050" lon="-1.7902960">
    <ele>535.7</ele>
    <time>2018-12-31T11:00:19Z</time>
   </trkpt>
   <trkpt lat="43.2824280" lon="-1.7903220">
    <ele>535.1</ele>
    <time>2018-12-31T11:00:21Z</time>
   </trkpt>
   <trkpt lat="43.2824200" lon="-1.7903610">
    <ele>533.3</ele>
    <time>2018-12-31T11:00:25Z</time>
   </trkpt>
   <trkpt lat="43.2824240" lon="-1.7904020">
    <ele>531.4</ele>
    <time>2018-12-31T11:00:32Z</time>
   </trkpt>
   <trkpt lat="43.2824090" lon="-1.7904560">
    <ele>529.0</ele>
    <time>2018-12-31T11:00:34Z</time>
   </trkpt>
   <trkpt lat="43.2823900" lon="-1.7904920">
    <ele>527.2</ele>
    <time>2018-12-31T11:00:36Z</time>
   </trkpt>
   <trkpt lat="43.2823690" lon="-1.7905340">
    <ele>525.7</ele>
    <time>2018-12-31T11:00:38Z</time>
   </trkpt>
   <trkpt lat="43.2823490" lon="-1.7905690">
    <ele>524.6</ele>
    <time>2018-12-31T11:00:39Z</time>
   </trkpt>
   <trkpt lat="43.2823340" lon="-1.7906100">
    <ele>523.2</ele>
    <time>2018-12-31T11:00:41Z</time>
   </trkpt>
   <trkpt lat="43.2823650" lon="-1.7906120">
    <ele>521.6</ele>
    <time>2018-12-31T11:00:49Z</time>
   </trkpt>
   <trkpt lat="43.2823980" lon="-1.7905850">
    <ele>519.6</ele>
    <time>2018-12-31T11:01:02Z</time>
   </trkpt>
   <trkpt lat="43.2824310" lon="-1.7905860">
    <ele>518.5</ele>
    <time>2018-12-31T11:01:05Z</time>
   </trkpt>
   <trkpt lat="43.2824540" lon="-1.7906090">
    <ele>517.6</ele>
    <time>2018-12-31T11:01:08Z</time>
   </trkpt>
   <trkpt lat="43.2824720" lon="-1.7906410">
    <ele>516.5</ele>
    <time>2018-12-31T11:01:13Z</time>
   </trkpt>
   <trkpt lat="43.2824690" lon="-1.7906820">
    <ele>515.1</ele>
    <time>2018-12-31T11:01:23Z</time>
   </trkpt>
   <trkpt lat="43.2824660" lon="-1.7907210">
    <ele>513.7</ele>
    <time>2018-12-31T11:01:29Z</time>
   </trkpt>
   <trkpt lat="43.2824580" lon="-1.7907600">
    <ele>512.3</ele>
    <time>2018-12-31T11:01:39Z</time>
   </trkpt>
   <trkpt lat="43.2824410" lon="-1.7908000">
    <ele>510.3</ele>
    <time>2018-12-31T11:01:45Z</time>
   </trkpt>
   <trkpt lat="43.2824060" lon="-1.7908280">
    <ele>508.7</ele>
    <time>2018-12-31T11:01:48Z</time>
   </trkpt>
   <trkpt lat="43.2823810" lon="-1.7908650">
    <ele>507.9</ele>
    <time>2018-12-31T11:01:52Z</time>
   </trkpt>
   <trkpt lat="43.2823640" lon="-1.7908970">
    <ele>507.2</ele>
    <time>2018-12-31T11:01:54Z</time>
   </trkpt>
   <trkpt lat="43.2823410" lon="-1.7909230">
    <ele>506.4</ele>
    <time>2018-12-31T11:01:57Z</time>
   </trkpt>
   <trkpt lat="43.2823620" lon="-1.7909460">
    <ele>505.8</ele>
    <time>2018-12-31T11:02:00Z</time>
   </trkpt>
   <trkpt lat="43.2823830" lon="-1.7909760">
    <ele>505.4</ele>
    <time>2018-12-31T11:02:02Z</time>
   </trkpt>
   <trkpt lat="43.2823760" lon="-1.7910170">
    <ele>505.4</ele>
    <time>2018-12-31T11:02:08Z</time>
   </trkpt>
   <trkpt lat="43.2823960" lon="-1.7910480">
    <ele>505.5</ele>
    <time>2018-12-31T11:02:12Z</time>
   </trkpt>
   <trkpt lat="43.2824250" lon="-1.7910680">
    <ele>505.1</ele>
    <time>2018-12-31T11:02:17Z</time>
   </trkpt>
   <trkpt lat="43.2824530" lon="-1.7910730">
    <ele>504.8</ele>
    <time>2018-12-31T11:02:28Z</time>
   </trkpt>
   <trkpt lat="43.2824810" lon="-1.7910940">
    <ele>504.3</ele>
    <time>2018-12-31T11:02:33Z</time>
   </trkpt>
   <trkpt lat="43.2824910" lon="-1.7911320">
    <ele>503.7</ele>
    <time>2018-12-31T11:02:38Z</time>
   </trkpt>
   <trkpt lat="43.2825270" lon="-1.7911320">
    <ele>502.1</ele>
    <time>2018-12-31T11:02:41Z</time>
   </trkpt>
   <trkpt lat="43.2825550" lon="-1.7911340">
    <ele>500.7</ele>
    <time>2018-12-31T11:02:43Z</time>
   </trkpt>
   <trkpt lat="43.2825890" lon="-1.7911320">
    <ele>499.4</ele>
    <time>2018-12-31T11:02:46Z</time>
   </trkpt>
   <trkpt lat="43.2826200" lon="-1.7911230">
    <ele>498.4</ele>
    <time>2018-12-31T11:02:48Z</time>
   </trkpt>
   <trkpt lat="43.2826590" lon="-1.7911270">
    <ele>496.7</ele>
    <time>2018-12-31T11:02:50Z</time>
   </trkpt>
   <trkpt lat="43.2826880" lon="-1.7911280">
    <ele>494.8</ele>
    <time>2018-12-31T11:02:53Z</time>
   </trkpt>
   <trkpt lat="43.2827220" lon="-1.7911460">
    <ele>492.5</ele>
    <time>2018-12-31T11:02:56Z</time>
   </trkpt>
   <trkpt lat="43.2827550" lon="-1.7911550">
    <ele>490.8</ele>
    <time>2018-12-31T11:02:58Z</time>
   </trkpt>
   <trkpt lat="43.2827890" lon="-1.7911540">
    <ele>489.1</ele>
    <time>2018-12-31T11:03:00Z</time>
   </trkpt>
   <trkpt lat="43.2828210" lon="-1.7911410">
    <ele>487.8</ele>
    <time>2018-12-31T11:03:03Z</time>
   </trkpt>
   <trkpt lat="43.2828480" lon="-1.7911180">
    <ele>486.9</ele>
    <time>2018-12-31T11:03:07Z</time>
   </trkpt>
   <trkpt lat="43.2828890" lon="-1.7911180">
    <ele>485.8</ele>
    <time>2018-12-31T11:03:12Z</time>
   </trkpt>
   <trkpt lat="43.2829200" lon="-1.7911200">
    <ele>484.9</ele>
    <time>2018-12-31T11:03:15Z</time>
   </trkpt>
   <trkpt lat="43.2829560" lon="-1.7910960">
    <ele>483.8</ele>
    <time>2018-12-31T11:03:19Z</time>
   </trkpt>
   <trkpt lat="43.2829890" lon="-1.7910720">
    <ele>482.7</ele>
    <time>2018-12-31T11:03:23Z</time>
   </trkpt>
   <trkpt lat="43.2830220" lon="-1.7910600">
    <ele>482.7</ele>
    <time>2018-12-31T11:03:25Z</time>
   </trkpt>
   <trkpt lat="43.2830380" lon="-1.7910190">
    <ele>482.5</ele>
    <time>2018-12-31T11:03:33Z</time>
   </trkpt>
   <trkpt lat="43.2830610" lon="-1.7909880">
    <ele>481.7</ele>
    <time>2018-12-31T11:03:38Z</time>
   </trkpt>
   <trkpt lat="43.2830960" lon="-1.7909780">
    <ele>481.6</ele>
    <time>2018-12-31T11:03:41Z</time>
   </trkpt>
   <trkpt lat="43.2831290" lon="-1.7909690">
    <ele>481.9</ele>
    <time>2018-12-31T11:03:44Z</time>
   </trkpt>
   <trkpt lat="43.2831350" lon="-1.7909280">
    <ele>482.1</ele>
    <time>2018-12-31T11:03:55Z</time>
   </trkpt>
   <trkpt lat="43.2831460" lon="-1.7908910">
    <ele>482.4</ele>
    <time>2018-12-31T11:03:57Z</time>
   </trkpt>
   <trkpt lat="43.2832050" lon="-1.7908370">
    <ele>482.8</ele>
    <time>2018-12-31T11:04:02Z</time>
   </trkpt>
   <trkpt lat="43.2832100" lon="-1.7907810">
    <ele>482.9</ele>
    <time>2018-12-31T11:04:04Z</time>
   </trkpt>
   <trkpt lat="43.2831820" lon="-1.7907520">
    <ele>482.5</ele>
    <time>2018-12-31T11:04:06Z</time>
   </trkpt>
   <trkpt lat="43.2831520" lon="-1.7907510">
    <ele>482.0</ele>
    <time>2018-12-31T11:04:26Z</time>
   </trkpt>
   <trkpt lat="43.2831530" lon="-1.7907130">
    <ele>481.4</ele>
    <time>2018-12-31T11:04:40Z</time>
   </trkpt>
   <trkpt lat="43.2831860" lon="-1.7907490">
    <ele>479.6</ele>
    <time>2018-12-31T11:04:44Z</time>
   </trkpt>
   <trkpt lat="43.2831830" lon="-1.7907910">
    <ele>478.2</ele>
    <time>2018-12-31T11:04:46Z</time>
   </trkpt>
   <trkpt lat="43.2831920" lon="-1.7908330">
    <ele>476.4</ele>
    <time>2018-12-31T11:04:49Z</time>
   </trkpt>
   <trkpt lat="43.2832180" lon="-1.7908420">
    <ele>474.8</ele>
    <time>2018-12-31T11:04:52Z</time>
   </trkpt>
   <trkpt lat="43.2832410" lon="-1.7908720">
    <ele>472.8</ele>
    <time>2018-12-31T11:04:57Z</time>
   </trkpt>
   <trkpt lat="43.2832680" lon="-1.7908630">
    <ele>471.6</ele>
    <time>2018-12-31T11:05:05Z</time>
   </trkpt>
   <trkpt lat="43.2833090" lon="-1.7908640">
    <ele>470.1</ele>
    <time>2018-12-31T11:05:11Z</time>
   </trkpt>
   <trkpt lat="43.2833470" lon="-1.7908570">
    <ele>468.6</ele>
    <time>2018-12-31T11:05:13Z</time>
   </trkpt>
   <trkpt lat="43.2833790" lon="-1.7908500">
    <ele>466.9</ele>
    <time>2018-12-31T11:05:15Z</time>
   </trkpt>
   <trkpt lat="43.2834240" lon="-1.7908410">
    <ele>464.5</ele>
    <time>2018-12-31T11:05:17Z</time>
   </trkpt>
   <trkpt lat="43.2834540" lon="-1.7908400">
    <ele>462.5</ele>
    <time>2018-12-31T11:05:22Z</time>
   </trkpt>
   <trkpt lat="43.2834960" lon="-1.7908430">
    <ele>459.6</ele>
    <time>2018-12-31T11:05:25Z</time>
   </trkpt>
   <trkpt lat="43.2835240" lon="-1.7908580">
    <ele>457.6</ele>
    <time>2018-12-31T11:05:28Z</time>
   </trkpt>
   <trkpt lat="43.2835610" lon="-1.7908500">
    <ele>455.9</ele>
    <time>2018-12-31T11:05:31Z</time>
   </trkpt>
   <trkpt lat="43.2835910" lon="-1.7908250">
    <ele>454.5</ele>
    <time>2018-12-31T11:05:33Z</time>
   </trkpt>
   <trkpt lat="43.2836220" lon="-1.7908000">
    <ele>455.5</ele>
    <time>2018-12-31T11:05:35Z</time>
   </trkpt>
   <trkpt lat="43.2836250" lon="-1.7908370">
    <ele>455.1</ele>
    <time>2018-12-31T11:05:39Z</time>
   </trkpt>
   <trkpt lat="43.2836180" lon="-1.7908820">
    <ele>453.7</ele>
    <time>2018-12-31T11:05:43Z</time>
   </trkpt>
   <trkpt lat="43.2835970" lon="-1.7909070">
    <ele>452.6</ele>
    <time>2018-12-31T11:05:50Z</time>
   </trkpt>
   <trkpt lat="43.2835750" lon="-1.7909460">
    <ele>451.2</ele>
    <time>2018-12-31T11:05:58Z</time>
   </trkpt>
   <trkpt lat="43.2835560" lon="-1.7909820">
    <ele>449.1</ele>
    <time>2018-12-31T11:06:02Z</time>
   </trkpt>
   <trkpt lat="43.2835680" lon="-1.7910210">
    <ele>447.1</ele>
    <time>2018-12-31T11:06:18Z</time>
   </trkpt>
   <trkpt lat="43.2835930" lon="-1.7910350">
    <ele>445.2</ele>
    <time>2018-12-31T11:06:30Z</time>
   </trkpt>
   <trkpt lat="43.2836090" lon="-1.7910710">
    <ele>442.8</ele>
    <time>2018-12-31T11:06:38Z</time>
   </trkpt>
   <trkpt lat="43.2836430" lon="-1.7910790">
    <ele>440.8</ele>
    <time>2018-12-31T11:06:41Z</time>
   </trkpt>
   <trkpt lat="43.2836660" lon="-1.7911070">
    <ele>439.2</ele>
    <time>2018-12-31T11:06:44Z</time>
   </trkpt>
   <trkpt lat="43.2836760" lon="-1.7911490">
    <ele>437.6</ele>
    <time>2018-12-31T11:06:47Z</time>
   </trkpt>
   <trkpt lat="43.2836990" lon="-1.7911720">
    <ele>436.2</ele>
    <time>2018-12-31T11:06:53Z</time>
   </trkpt>
   <trkpt lat="43.2837280" lon="-1.7911790">
    <ele>434.8</ele>
    <time>2018-12-31T11:07:06Z</time>
   </trkpt>
   <trkpt lat="43.2837600" lon="-1.7911670">
    <ele>433.4</ele>
    <time>2018-12-31T11:07:09Z</time>
   </trkpt>
   <trkpt lat="43.2837840" lon="-1.7911450">
    <ele>432.2</ele>
    <time>2018-12-31T11:07:12Z</time>
   </trkpt>
   <trkpt lat="43.2838100" lon="-1.7911320">
    <ele>431.1</ele>
    <time>2018-12-31T11:07:15Z</time>
   </trkpt>
   <trkpt lat="43.2838490" lon="-1.7911260">
    <ele>430.4</ele>
    <time>2018-12-31T11:07:18Z</time>
   </trkpt>
   <trkpt lat="43.2838800" lon="-1.7911150">
    <ele>429.9</ele>
    <time>2018-12-31T11:07:20Z</time>
   </trkpt>
   <trkpt lat="43.2839150" lon="-1.7911030">
    <ele>429.0</ele>
    <time>2018-12-31T11:07:22Z</time>
   </trkpt>
   <trkpt lat="43.2839420" lon="-1.7910840">
    <ele>427.8</ele>
    <time>2018-12-31T11:07:23Z</time>
   </trkpt>
   <trkpt lat="43.2839840" lon="-1.7910690">
    <ele>426.0</ele>
    <time>2018-12-31T11:07:25Z</time>
   </trkpt>
   <trkpt lat="43.2840220" lon="-1.7910560">
    <ele>425.6</ele>
    <time>2018-12-31T11:07:27Z</time>
   </trkpt>
   <trkpt lat="43.2840600" lon="-1.7910310">
    <ele>425.5</ele>
    <time>2018-12-31T11:07:30Z</time>
   </trkpt>
   <trkpt lat="43.2840970" lon="-1.7909980">
    <ele>424.6</ele>
    <time>2018-12-31T11:07:32Z</time>
   </trkpt>
   <trkpt lat="43.2841270" lon="-1.7909840">
    <ele>423.3</ele>
    <time>2018-12-31T11:07:38Z</time>
   </trkpt>
   <trkpt lat="43.2841550" lon="-1.7909650">
    <ele>422.0</ele>
    <time>2018-12-31T11:07:41Z</time>
   </trkpt>
   <trkpt lat="43.2841830" lon="-1.7909490">
    <ele>421.0</ele>
    <time>2018-12-31T11:07:44Z</time>
   </trkpt>
   <trkpt lat="43.2842120" lon="-1.7909370">
    <ele>420.4</ele>
    <time>2018-12-31T11:07:47Z</time>
   </trkpt>
   <trkpt lat="43.2842510" lon="-1.7909190">
    <ele>419.4</ele>
    <time>2018-12-31T11:07:50Z</time>
   </trkpt>
   <trkpt lat="43.2842810" lon="-1.7909210">
    <ele>418.7</ele>
    <time>2018-12-31T11:07:52Z</time>
   </trkpt>
   <trkpt lat="43.2843100" lon="-1.7909060">
    <ele>417.9</ele>
    <time>2018-12-31T11:07:56Z</time>
   </trkpt>
   <trkpt lat="43.2843210" lon="-1.7908680">
    <ele>417.1</ele>
    <time>2018-12-31T11:07:59Z</time>
   </trkpt>
   <trkpt lat="43.2843350" lon="-1.7908360">
    <ele>416.5</ele>
    <time>2018-12-31T11:08:01Z</time>
   </trkpt>
   <trkpt lat="43.2843560" lon="-1.7907880">
    <ele>416.0</ele>
    <time>2018-12-31T11:08:04Z</time>
   </trkpt>
   <trkpt lat="43.2843580" lon="-1.7907350">
    <ele>415.5</ele>
    <time>2018-12-31T11:08:07Z</time>
   </trkpt>
   <trkpt lat="43.2843440" lon="-1.7906920">
    <ele>414.2</ele>
    <time>2018-12-31T11:08:09Z</time>
   </trkpt>
   <trkpt lat="43.2843350" lon="-1.7906470">
    <ele>412.7</ele>
    <time>2018-12-31T11:08:12Z</time>
   </trkpt>
   <trkpt lat="43.2843430" lon="-1.7906060">
    <ele>411.4</ele>
    <time>2018-12-31T11:08:15Z</time>
   </trkpt>
   <trkpt lat="43.2843710" lon="-1.7905890">
    <ele>410.7</ele>
    <time>2018-12-31T11:08:17Z</time>
   </trkpt>
   <trkpt lat="43.2843940" lon="-1.7905580">
    <ele>410.2</ele>
    <time>2018-12-31T11:08:20Z</time>
   </trkpt>
   <trkpt lat="43.2844190" lon="-1.7905330">
    <ele>409.7</ele>
    <time>2018-12-31T11:08:24Z</time>
   </trkpt>
   <trkpt lat="43.2844480" lon="-1.7905180">
    <ele>409.9</ele>
    <time>2018-12-31T11:08:27Z</time>
   </trkpt>
   <trkpt lat="43.2844710" lon="-1.7904940">
    <ele>410.4</ele>
    <time>2018-12-31T11:08:30Z</time>
   </trkpt>
   <trkpt lat="43.2845040" lon="-1.7904940">
    <ele>411.0</ele>
    <time>2018-12-31T11:08:33Z</time>
   </trkpt>
   <trkpt lat="43.2845390" lon="-1.7904980">
    <ele>411.9</ele>
    <time>2018-12-31T11:08:35Z</time>
   </trkpt>
   <trkpt lat="43.2845780" lon="-1.7904920">
    <ele>413.1</ele>
    <time>2018-12-31T11:08:37Z</time>
   </trkpt>
   <trkpt lat="43.2846200" lon="-1.7904890">
    <ele>415.4</ele>
    <time>2018-12-31T11:08:40Z</time>
   </trkpt>
   <trkpt lat="43.2846500" lon="-1.7904760">
    <ele>417.6</ele>
    <time>2018-12-31T11:08:43Z</time>
   </trkpt>
   <trkpt lat="43.2845880" lon="-1.7904790">
    <ele>421.8</ele>
    <time>2018-12-31T11:08:50Z</time>
   </trkpt>
   <trkpt lat="43.2845610" lon="-1.7904850">
    <ele>423.5</ele>
    <time>2018-12-31T11:08:52Z</time>
   </trkpt>
   <trkpt lat="43.2845300" lon="-1.7905020">
    <ele>425.6</ele>
    <time>2018-12-31T11:08:56Z</time>
   </trkpt>
   <trkpt lat="43.2845410" lon="-1.7905440">
    <ele>427.5</ele>
    <time>2018-12-31T11:09:01Z</time>
   </trkpt>
   <trkpt lat="43.2845700" lon="-1.7905610">
    <ele>429.3</ele>
    <time>2018-12-31T11:09:08Z</time>
   </trkpt>
   <trkpt lat="43.2845990" lon="-1.7905410">
    <ele>431.2</ele>
    <time>2018-12-31T11:09:13Z</time>
   </trkpt>
   <trkpt lat="43.2846090" lon="-1.7904960">
    <ele>433.0</ele>
    <time>2018-12-31T11:09:17Z</time>
   </trkpt>
   <trkpt lat="43.2846310" lon="-1.7904560">
    <ele>434.8</ele>
    <time>2018-12-31T11:09:21Z</time>
   </trkpt>
   <trkpt lat="43.2846550" lon="-1.7904350">
    <ele>436.2</ele>
    <time>2018-12-31T11:09:25Z</time>
   </trkpt>
   <trkpt lat="43.2846910" lon="-1.7904230">
    <ele>437.9</ele>
    <time>2018-12-31T11:09:28Z</time>
   </trkpt>
   <trkpt lat="43.2847150" lon="-1.7903960">
    <ele>439.3</ele>
    <time>2018-12-31T11:09:30Z</time>
   </trkpt>
   <trkpt lat="43.2847380" lon="-1.7903720">
    <ele>440.5</ele>
    <time>2018-12-31T11:09:36Z</time>
   </trkpt>
   <trkpt lat="43.2847640" lon="-1.7903330">
    <ele>441.8</ele>
    <time>2018-12-31T11:09:43Z</time>
   </trkpt>
   <trkpt lat="43.2847760" lon="-1.7902980">
    <ele>442.8</ele>
    <time>2018-12-31T11:09:48Z</time>
   </trkpt>
   <trkpt lat="43.2847770" lon="-1.7902570">
    <ele>443.8</ele>
    <time>2018-12-31T11:09:54Z</time>
   </trkpt>
   <trkpt lat="43.2848120" lon="-1.7902410">
    <ele>445.0</ele>
    <time>2018-12-31T11:09:56Z</time>
   </trkpt>
   <trkpt lat="43.2848250" lon="-1.7902020">
    <ele>446.0</ele>
    <time>2018-12-31T11:09:59Z</time>
   </trkpt>
   <trkpt lat="43.2848380" lon="-1.7901660">
    <ele>446.9</ele>
    <time>2018-12-31T11:10:03Z</time>
   </trkpt>
   <trkpt lat="43.2848610" lon="-1.7901230">
    <ele>447.9</ele>
    <time>2018-12-31T11:10:06Z</time>
   </trkpt>
   <trkpt lat="43.2848870" lon="-1.7900980">
    <ele>448.2</ele>
    <time>2018-12-31T11:10:08Z</time>
   </trkpt>
   <trkpt lat="43.2849070" lon="-1.7900440">
    <ele>448.2</ele>
    <time>2018-12-31T11:10:11Z</time>
   </trkpt>
   <trkpt lat="43.2849210" lon="-1.7900120">
    <ele>447.8</ele>
    <time>2018-12-31T11:10:13Z</time>
   </trkpt>
   <trkpt lat="43.2849610" lon="-1.7900190">
    <ele>446.8</ele>
    <time>2018-12-31T11:10:16Z</time>
   </trkpt>
   <trkpt lat="43.2849840" lon="-1.7899880">
    <ele>445.8</ele>
    <time>2018-12-31T11:10:20Z</time>
   </trkpt>
   <trkpt lat="43.2849930" lon="-1.7899460">
    <ele>445.1</ele>
    <time>2018-12-31T11:10:23Z</time>
   </trkpt>
   <trkpt lat="43.2849830" lon="-1.7899100">
    <ele>444.5</ele>
    <time>2018-12-31T11:10:25Z</time>
   </trkpt>
   <trkpt lat="43.2849730" lon="-1.7898740">
    <ele>443.6</ele>
    <time>2018-12-31T11:10:27Z</time>
   </trkpt>
   <trkpt lat="43.2849960" lon="-1.7898510">
    <ele>442.5</ele>
    <time>2018-12-31T11:10:31Z</time>
   </trkpt>
   <trkpt lat="43.2850280" lon="-1.7898530">
    <ele>441.9</ele>
    <time>2018-12-31T11:10:33Z</time>
   </trkpt>
   <trkpt lat="43.2850590" lon="-1.7898550">
    <ele>441.6</ele>
    <time>2018-12-31T11:10:37Z</time>
   </trkpt>
   <trkpt lat="43.2850850" lon="-1.7898720">
    <ele>440.6</ele>
    <time>2018-12-31T11:10:48Z</time>
   </trkpt>
   <trkpt lat="43.2851090" lon="-1.7899120">
    <ele>439.0</ele>
    <time>2018-12-31T11:10:53Z</time>
   </trkpt>
   <trkpt lat="43.2851380" lon="-1.7899240">
    <ele>437.8</ele>
    <time>2018-12-31T11:10:56Z</time>
   </trkpt>
   <trkpt lat="43.2851640" lon="-1.7899480">
    <ele>436.9</ele>
    <time>2018-12-31T11:11:03Z</time>
   </trkpt>
   <trkpt lat="43.2851920" lon="-1.7899710">
    <ele>435.9</ele>
    <time>2018-12-31T11:11:10Z</time>
   </trkpt>
   <trkpt lat="43.2852150" lon="-1.7900000">
    <ele>435.0</ele>
    <time>2018-12-31T11:11:14Z</time>
   </trkpt>
   <trkpt lat="43.2852360" lon="-1.7900290">
    <ele>434.2</ele>
    <time>2018-12-31T11:11:20Z</time>
   </trkpt>
   <trkpt lat="43.2852670" lon="-1.7900360">
    <ele>433.3</ele>
    <time>2018-12-31T11:11:24Z</time>
   </trkpt>
   <trkpt lat="43.2852820" lon="-1.7900760">
    <ele>432.4</ele>
    <time>2018-12-31T11:11:27Z</time>
   </trkpt>
   <trkpt lat="43.2852940" lon="-1.7901240">
    <ele>431.4</ele>
    <time>2018-12-31T11:11:30Z</time>
   </trkpt>
   <trkpt lat="43.2853160" lon="-1.7901510">
    <ele>430.6</ele>
    <time>2018-12-31T11:11:34Z</time>
   </trkpt>
   <trkpt lat="43.2853210" lon="-1.7902020">
    <ele>429.3</ele>
    <time>2018-12-31T11:11:37Z</time>
   </trkpt>
   <trkpt lat="43.2853370" lon="-1.7902470">
    <ele>428.0</ele>
    <time>2018-12-31T11:11:40Z</time>
   </trkpt>
   <trkpt lat="43.2853460" lon="-1.7902870">
    <ele>426.9</ele>
    <time>2018-12-31T11:11:43Z</time>
   </trkpt>
   <trkpt lat="43.2853650" lon="-1.7903180">
    <ele>426.0</ele>
    <time>2018-12-31T11:11:49Z</time>
   </trkpt>
   <trkpt lat="43.2853820" lon="-1.7903650">
    <ele>424.8</ele>
    <time>2018-12-31T11:11:53Z</time>
   </trkpt>
   <trkpt lat="43.2853970" lon="-1.7903950">
    <ele>423.6</ele>
    <time>2018-12-31T11:11:59Z</time>
   </trkpt>
   <trkpt lat="43.2854160" lon="-1.7904450">
    <ele>421.6</ele>
    <time>2018-12-31T11:12:03Z</time>
   </trkpt>
   <trkpt lat="43.2854250" lon="-1.7904890">
    <ele>420.1</ele>
    <time>2018-12-31T11:12:05Z</time>
   </trkpt>
   <trkpt lat="43.2854300" lon="-1.7905290">
    <ele>419.1</ele>
    <time>2018-12-31T11:12:09Z</time>
   </trkpt>
   <trkpt lat="43.2854570" lon="-1.7905210">
    <ele>418.2</ele>
    <time>2018-12-31T11:12:13Z</time>
   </trkpt>
   <trkpt lat="43.2854720" lon="-1.7905530">
    <ele>417.2</ele>
    <time>2018-12-31T11:12:16Z</time>
   </trkpt>
   <trkpt lat="43.2854920" lon="-1.7905880">
    <ele>415.5</ele>
    <time>2018-12-31T11:12:19Z</time>
   </trkpt>
   <trkpt lat="43.2855120" lon="-1.7906300">
    <ele>413.5</ele>
    <time>2018-12-31T11:12:22Z</time>
   </trkpt>
   <trkpt lat="43.2855310" lon="-1.7906640">
    <ele>412.4</ele>
    <time>2018-12-31T11:12:25Z</time>
   </trkpt>
   <trkpt lat="43.2855430" lon="-1.7907050">
    <ele>411.5</ele>
    <time>2018-12-31T11:12:28Z</time>
   </trkpt>
   <trkpt lat="43.2855570" lon="-1.7907470">
    <ele>410.7</ele>
    <time>2018-12-31T11:12:31Z</time>
   </trkpt>
   <trkpt lat="43.2855810" lon="-1.7907750">
    <ele>409.7</ele>
    <time>2018-12-31T11:12:34Z</time>
   </trkpt>
   <trkpt lat="43.2856060" lon="-1.7908130">
    <ele>408.5</ele>
    <time>2018-12-31T11:12:37Z</time>
   </trkpt>
   <trkpt lat="43.2856190" lon="-1.7908460">
    <ele>407.6</ele>
    <time>2018-12-31T11:12:40Z</time>
   </trkpt>
   <trkpt lat="43.2856190" lon="-1.7908870">
    <ele>406.3</ele>
    <time>2018-12-31T11:12:43Z</time>
   </trkpt>
   <trkpt lat="43.2856520" lon="-1.7909040">
    <ele>404.7</ele>
    <time>2018-12-31T11:12:49Z</time>
   </trkpt>
   <trkpt lat="43.2856840" lon="-1.7909230">
    <ele>403.4</ele>
    <time>2018-12-31T11:12:52Z</time>
   </trkpt>
   <trkpt lat="43.2856890" lon="-1.7909650">
    <ele>402.7</ele>
    <time>2018-12-31T11:12:54Z</time>
   </trkpt>
   <trkpt lat="43.2857060" lon="-1.7910020">
    <ele>402.0</ele>
    <time>2018-12-31T11:12:56Z</time>
   </trkpt>
   <trkpt lat="43.2857330" lon="-1.7910180">
    <ele>401.4</ele>
    <time>2018-12-31T11:12:58Z</time>
   </trkpt>
   <trkpt lat="43.2857370" lon="-1.7910650">
    <ele>400.7</ele>
    <time>2018-12-31T11:13:01Z</time>
   </trkpt>
   <trkpt lat="43.2857450" lon="-1.7911130">
    <ele>399.9</ele>
    <time>2018-12-31T11:13:05Z</time>
   </trkpt>
   <trkpt lat="43.2857550" lon="-1.7911590">
    <ele>400.2</ele>
    <time>2018-12-31T11:13:08Z</time>
   </trkpt>
   <trkpt lat="43.2857600" lon="-1.7912040">
    <ele>401.1</ele>
    <time>2018-12-31T11:13:12Z</time>
   </trkpt>
   <trkpt lat="43.2857550" lon="-1.7912480">
    <ele>402.0</ele>
    <time>2018-12-31T11:13:15Z</time>
   </trkpt>
   <trkpt lat="43.2857600" lon="-1.7912870">
    <ele>402.7</ele>
    <time>2018-12-31T11:13:18Z</time>
   </trkpt>
   <trkpt lat="43.2857650" lon="-1.7913260">
    <ele>403.5</ele>
    <time>2018-12-31T11:13:20Z</time>
   </trkpt>
   <trkpt lat="43.2857850" lon="-1.7913620">
    <ele>404.3</ele>
    <time>2018-12-31T11:13:23Z</time>
   </trkpt>
   <trkpt lat="43.2857930" lon="-1.7913980">
    <ele>405.3</ele>
    <time>2018-12-31T11:13:25Z</time>
   </trkpt>
   <trkpt lat="43.2858190" lon="-1.7914410">
    <ele>406.8</ele>
    <time>2018-12-31T11:13:28Z</time>
   </trkpt>
   <trkpt lat="43.2858420" lon="-1.7914760">
    <ele>407.8</ele>
    <time>2018-12-31T11:13:31Z</time>
   </trkpt>
   <trkpt lat="43.2858630" lon="-1.7915000">
    <ele>408.2</ele>
    <time>2018-12-31T11:13:35Z</time>
   </trkpt>
   <trkpt lat="43.2858850" lon="-1.7915300">
    <ele>408.6</ele>
    <time>2018-12-31T11:13:39Z</time>
   </trkpt>
   <trkpt lat="43.2859160" lon="-1.7915340">
    <ele>409.1</ele>
    <time>2018-12-31T11:13:42Z</time>
   </trkpt>
   <trkpt lat="43.2859480" lon="-1.7915420">
    <ele>409.7</ele>
    <time>2018-12-31T11:13:45Z</time>
   </trkpt>
   <trkpt lat="43.2859800" lon="-1.7915550">
    <ele>410.3</ele>
    <time>2018-12-31T11:13:48Z</time>
   </trkpt>
   <trkpt lat="43.2860070" lon="-1.7915650">
    <ele>410.9</ele>
    <time>2018-12-31T11:13:52Z</time>
   </trkpt>
   <trkpt lat="43.2860430" lon="-1.7915690">
    <ele>411.7</ele>
    <time>2018-12-31T11:13:55Z</time>
   </trkpt>
   <trkpt lat="43.2860770" lon="-1.7915750">
    <ele>412.3</ele>
    <time>2018-12-31T11:13:57Z</time>
   </trkpt>
   <trkpt lat="43.2861050" lon="-1.7915730">
    <ele>411.9</ele>
    <time>2018-12-31T11:14:01Z</time>
   </trkpt>
   <trkpt lat="43.2861340" lon="-1.7915510">
    <ele>411.5</ele>
    <time>2018-12-31T11:14:03Z</time>
   </trkpt>
   <trkpt lat="43.2861680" lon="-1.7915370">
    <ele>410.9</ele>
    <time>2018-12-31T11:14:06Z</time>
   </trkpt>
   <trkpt lat="43.2861970" lon="-1.7915490">
    <ele>410.4</ele>
    <time>2018-12-31T11:14:08Z</time>
   </trkpt>
   <trkpt lat="43.2862270" lon="-1.7915580">
    <ele>410.0</ele>
    <time>2018-12-31T11:14:10Z</time>
   </trkpt>
   <trkpt lat="43.2862640" lon="-1.7915590">
    <ele>410.2</ele>
    <time>2018-12-31T11:14:12Z</time>
   </trkpt>
   <trkpt lat="43.2863090" lon="-1.7915790">
    <ele>410.5</ele>
    <time>2018-12-31T11:14:15Z</time>
   </trkpt>
   <trkpt lat="43.2863430" lon="-1.7915930">
    <ele>409.9</ele>
    <time>2018-12-31T11:14:17Z</time>
   </trkpt>
   <trkpt lat="43.2863740" lon="-1.7916000">
    <ele>409.4</ele>
    <time>2018-12-31T11:14:19Z</time>
   </trkpt>
   <trkpt lat="43.2864040" lon="-1.7916060">
    <ele>409.4</ele>
    <time>2018-12-31T11:14:22Z</time>
   </trkpt>
   <trkpt lat="43.2864800" lon="-1.7916650">
    <ele>409.5</ele>
    <time>2018-12-31T11:14:27Z</time>
   </trkpt>
   <trkpt lat="43.2865120" lon="-1.7916780">
    <ele>409.0</ele>
    <time>2018-12-31T11:14:31Z</time>
   </trkpt>
   <trkpt lat="43.2865400" lon="-1.7916870">
    <ele>408.6</ele>
    <time>2018-12-31T11:14:33Z</time>
   </trkpt>
   <trkpt lat="43.2865700" lon="-1.7916950">
    <ele>408.3</ele>
    <time>2018-12-31T11:14:36Z</time>
   </trkpt>
   <trkpt lat="43.2865930" lon="-1.7917250">
    <ele>408.4</ele>
    <time>2018-12-31T11:14:40Z</time>
   </trkpt>
   <trkpt lat="43.2866220" lon="-1.7917330">
    <ele>408.4</ele>
    <time>2018-12-31T11:14:44Z</time>
   </trkpt>
   <trkpt lat="43.2866460" lon="-1.7917510">
    <ele>408.5</ele>
    <time>2018-12-31T11:14:47Z</time>
   </trkpt>
   <trkpt lat="43.2866730" lon="-1.7917520">
    <ele>408.5</ele>
    <time>2018-12-31T11:14:50Z</time>
   </trkpt>
   <trkpt lat="43.2866950" lon="-1.7917220">
    <ele>408.5</ele>
    <time>2018-12-31T11:14:57Z</time>
   </trkpt>
   <trkpt lat="43.2867240" lon="-1.7917310">
    <ele>408.5</ele>
    <time>2018-12-31T11:15:01Z</time>
   </trkpt>
   <trkpt lat="43.2867660" lon="-1.7917350">
    <ele>408.4</ele>
    <time>2018-12-31T11:15:03Z</time>
   </trkpt>
   <trkpt lat="43.2867930" lon="-1.7917280">
    <ele>408.4</ele>
    <time>2018-12-31T11:15:08Z</time>
   </trkpt>
   <trkpt lat="43.2868370" lon="-1.7917310">
    <ele>408.3</ele>
    <time>2018-12-31T11:15:13Z</time>
   </trkpt>
   <trkpt lat="43.2868860" lon="-1.7917310">
    <ele>408.1</ele>
    <time>2018-12-31T11:15:15Z</time>
   </trkpt>
   <trkpt lat="43.2869150" lon="-1.7917450">
    <ele>407.9</ele>
    <time>2018-12-31T11:15:17Z</time>
   </trkpt>
   <trkpt lat="43.2869460" lon="-1.7917640">
    <ele>407.8</ele>
    <time>2018-12-31T11:15:21Z</time>
   </trkpt>
   <trkpt lat="43.2869820" lon="-1.7917750">
    <ele>407.6</ele>
    <time>2018-12-31T11:15:23Z</time>
   </trkpt>
   <trkpt lat="43.2870120" lon="-1.7917860">
    <ele>407.4</ele>
    <time>2018-12-31T11:15:24Z</time>
   </trkpt>
   <trkpt lat="43.2870410" lon="-1.7917920">
    <ele>407.3</ele>
    <time>2018-12-31T11:15:26Z</time>
   </trkpt>
   <trkpt lat="43.2870700" lon="-1.7917980">
    <ele>407.1</ele>
    <time>2018-12-31T11:15:30Z</time>
   </trkpt>
   <trkpt lat="43.2871000" lon="-1.7918090">
    <ele>406.9</ele>
    <time>2018-12-31T11:15:37Z</time>
   </trkpt>
   <trkpt lat="43.2871370" lon="-1.7917980">
    <ele>406.7</ele>
    <time>2018-12-31T11:15:41Z</time>
   </trkpt>
   <trkpt lat="43.2871670" lon="-1.7917840">
    <ele>406.5</ele>
    <time>2018-12-31T11:15:45Z</time>
   </trkpt>
   <trkpt lat="43.2871960" lon="-1.7917700">
    <ele>406.4</ele>
    <time>2018-12-31T11:15:48Z</time>
   </trkpt>
   <trkpt lat="43.2872260" lon="-1.7917670">
    <ele>406.2</ele>
    <time>2018-12-31T11:15:50Z</time>
   </trkpt>
   <trkpt lat="43.2872590" lon="-1.7917720">
    <ele>406.0</ele>
    <time>2018-12-31T11:15:54Z</time>
   </trkpt>
   <trkpt lat="43.2872980" lon="-1.7917950">
    <ele>406.0</ele>
    <time>2018-12-31T11:15:56Z</time>
   </trkpt>
   <trkpt lat="43.2873280" lon="-1.7918010">
    <ele>406.6</ele>
    <time>2018-12-31T11:15:59Z</time>
   </trkpt>
   <trkpt lat="43.2873540" lon="-1.7917870">
    <ele>407.2</ele>
    <time>2018-12-31T11:16:02Z</time>
   </trkpt>
   <trkpt lat="43.2873870" lon="-1.7917700">
    <ele>407.0</ele>
    <time>2018-12-31T11:16:04Z</time>
   </trkpt>
   <trkpt lat="43.2874210" lon="-1.7917570">
    <ele>406.9</ele>
    <time>2018-12-31T11:16:06Z</time>
   </trkpt>
   <trkpt lat="43.2874580" lon="-1.7917400">
    <ele>406.7</ele>
    <time>2018-12-31T11:16:09Z</time>
   </trkpt>
   <trkpt lat="43.2874870" lon="-1.7917220">
    <ele>406.6</ele>
    <time>2018-12-31T11:16:11Z</time>
   </trkpt>
   <trkpt lat="43.2875120" lon="-1.7917070">
    <ele>406.6</ele>
    <time>2018-12-31T11:16:13Z</time>
   </trkpt>
   <trkpt lat="43.2875500" lon="-1.7916980">
    <ele>406.6</ele>
    <time>2018-12-31T11:16:17Z</time>
   </trkpt>
   <trkpt lat="43.2875900" lon="-1.7916980">
    <ele>406.6</ele>
    <time>2018-12-31T11:16:20Z</time>
   </trkpt>
   <trkpt lat="43.2876170" lon="-1.7916980">
    <ele>406.6</ele>
    <time>2018-12-31T11:16:22Z</time>
   </trkpt>
   <trkpt lat="43.2876400" lon="-1.7917170">
    <ele>406.6</ele>
    <time>2018-12-31T11:16:25Z</time>
   </trkpt>
   <trkpt lat="43.2876700" lon="-1.7917160">
    <ele>406.7</ele>
    <time>2018-12-31T11:16:29Z</time>
   </trkpt>
   <trkpt lat="43.2876990" lon="-1.7917080">
    <ele>406.8</ele>
    <time>2018-12-31T11:16:32Z</time>
   </trkpt>
   <trkpt lat="43.2877330" lon="-1.7917160">
    <ele>406.9</ele>
    <time>2018-12-31T11:16:34Z</time>
   </trkpt>
   <trkpt lat="43.2877630" lon="-1.7917170">
    <ele>407.3</ele>
    <time>2018-12-31T11:16:36Z</time>
   </trkpt>
   <trkpt lat="43.2877940" lon="-1.7917180">
    <ele>408.1</ele>
    <time>2018-12-31T11:16:39Z</time>
   </trkpt>
   <trkpt lat="43.2878220" lon="-1.7917140">
    <ele>408.9</ele>
    <time>2018-12-31T11:16:43Z</time>
   </trkpt>
   <trkpt lat="43.2878540" lon="-1.7916990">
    <ele>409.8</ele>
    <time>2018-12-31T11:16:47Z</time>
   </trkpt>
   <trkpt lat="43.2878910" lon="-1.7916810">
    <ele>410.9</ele>
    <time>2018-12-31T11:16:50Z</time>
   </trkpt>
   <trkpt lat="43.2879220" lon="-1.7916660">
    <ele>412.0</ele>
    <time>2018-12-31T11:16:53Z</time>
   </trkpt>
   <trkpt lat="43.2879480" lon="-1.7916300">
    <ele>413.2</ele>
    <time>2018-12-31T11:16:56Z</time>
   </trkpt>
   <trkpt lat="43.2879650" lon="-1.7915980">
    <ele>414.5</ele>
    <time>2018-12-31T11:16:58Z</time>
   </trkpt>
   <trkpt lat="43.2879760" lon="-1.7915580">
    <ele>415.8</ele>
    <time>2018-12-31T11:17:00Z</time>
   </trkpt>
   <trkpt lat="43.2880030" lon="-1.7915460">
    <ele>416.9</ele>
    <time>2018-12-31T11:17:02Z</time>
   </trkpt>
   <trkpt lat="43.2880350" lon="-1.7915320">
    <ele>417.9</ele>
    <time>2018-12-31T11:17:05Z</time>
   </trkpt>
   <trkpt lat="43.2880640" lon="-1.7915130">
    <ele>418.8</ele>
    <time>2018-12-31T11:17:07Z</time>
   </trkpt>
   <trkpt lat="43.2880950" lon="-1.7914920">
    <ele>420.2</ele>
    <time>2018-12-31T11:17:11Z</time>
   </trkpt>
   <trkpt lat="43.2881240" lon="-1.7914570">
    <ele>421.8</ele>
    <time>2018-12-31T11:17:14Z</time>
   </trkpt>
   <trkpt lat="43.2881560" lon="-1.7914230">
    <ele>423.6</ele>
    <time>2018-12-31T11:17:17Z</time>
   </trkpt>
   <trkpt lat="43.2881760" lon="-1.7913920">
    <ele>425.0</ele>
    <time>2018-12-31T11:17:20Z</time>
   </trkpt>
   <trkpt lat="43.2882000" lon="-1.7913600">
    <ele>426.4</ele>
    <time>2018-12-31T11:17:23Z</time>
   </trkpt>
   <trkpt lat="43.2882190" lon="-1.7913230">
    <ele>427.7</ele>
    <time>2018-12-31T11:17:26Z</time>
   </trkpt>
   <trkpt lat="43.2882430" lon="-1.7912830">
    <ele>429.2</ele>
    <time>2018-12-31T11:17:29Z</time>
   </trkpt>
   <trkpt lat="43.2882700" lon="-1.7912410">
    <ele>430.6</ele>
    <time>2018-12-31T11:17:32Z</time>
   </trkpt>
   <trkpt lat="43.2882710" lon="-1.7912030">
    <ele>431.6</ele>
    <time>2018-12-31T11:17:36Z</time>
   </trkpt>
   <trkpt lat="43.2882950" lon="-1.7911840">
    <ele>432.5</ele>
    <time>2018-12-31T11:17:38Z</time>
   </trkpt>
   <trkpt lat="43.2883250" lon="-1.7911810">
    <ele>433.4</ele>
    <time>2018-12-31T11:17:42Z</time>
   </trkpt>
   <trkpt lat="43.2883430" lon="-1.7911500">
    <ele>434.3</ele>
    <time>2018-12-31T11:17:47Z</time>
   </trkpt>
   <trkpt lat="43.2883720" lon="-1.7911330">
    <ele>435.2</ele>
    <time>2018-12-31T11:17:52Z</time>
   </trkpt>
   <trkpt lat="43.2883860" lon="-1.7910890">
    <ele>436.1</ele>
    <time>2018-12-31T11:17:57Z</time>
   </trkpt>
   <trkpt lat="43.2884070" lon="-1.7910590">
    <ele>436.7</ele>
    <time>2018-12-31T11:18:00Z</time>
   </trkpt>
   <trkpt lat="43.2884130" lon="-1.7911070">
    <ele>435.4</ele>
    <time>2018-12-31T11:18:15Z</time>
   </trkpt>
   <trkpt lat="43.2884360" lon="-1.7911490">
    <ele>434.0</ele>
    <time>2018-12-31T11:18:20Z</time>
   </trkpt>
   <trkpt lat="43.2884590" lon="-1.7911820">
    <ele>433.0</ele>
    <time>2018-12-31T11:18:24Z</time>
   </trkpt>
   <trkpt lat="43.2884710" lon="-1.7912180">
    <ele>432.7</ele>
    <time>2018-12-31T11:18:27Z</time>
   </trkpt>
   <trkpt lat="43.2884850" lon="-1.7912540">
    <ele>432.3</ele>
    <time>2018-12-31T11:18:30Z</time>
   </trkpt>
   <trkpt lat="43.2885130" lon="-1.7912760">
    <ele>431.9</ele>
    <time>2018-12-31T11:18:34Z</time>
   </trkpt>
   <trkpt lat="43.2885410" lon="-1.7912900">
    <ele>431.2</ele>
    <time>2018-12-31T11:18:37Z</time>
   </trkpt>
   <trkpt lat="43.2885670" lon="-1.7913130">
    <ele>430.5</ele>
    <time>2018-12-31T11:18:40Z</time>
   </trkpt>
   <trkpt lat="43.2885910" lon="-1.7913420">
    <ele>430.0</ele>
    <time>2018-12-31T11:18:43Z</time>
   </trkpt>
   <trkpt lat="43.2886000" lon="-1.7913880">
    <ele>429.5</ele>
    <time>2018-12-31T11:18:46Z</time>
   </trkpt>
   <trkpt lat="43.2886150" lon="-1.7914280">
    <ele>429.1</ele>
    <time>2018-12-31T11:18:50Z</time>
   </trkpt>
   <trkpt lat="43.2886390" lon="-1.7914510">
    <ele>429.2</ele>
    <time>2018-12-31T11:18:53Z</time>
   </trkpt>
   <trkpt lat="43.2886620" lon="-1.7914720">
    <ele>429.2</ele>
    <time>2018-12-31T11:18:55Z</time>
   </trkpt>
   <trkpt lat="43.2886900" lon="-1.7914830">
    <ele>429.3</ele>
    <time>2018-12-31T11:18:58Z</time>
   </trkpt>
   <trkpt lat="43.2887110" lon="-1.7915070">
    <ele>428.6</ele>
    <time>2018-12-31T11:19:01Z</time>
   </trkpt>
   <trkpt lat="43.2887340" lon="-1.7915310">
    <ele>427.9</ele>
    <time>2018-12-31T11:19:04Z</time>
   </trkpt>
   <trkpt lat="43.2887510" lon="-1.7915620">
    <ele>427.2</ele>
    <time>2018-12-31T11:19:06Z</time>
   </trkpt>
   <trkpt lat="43.2887600" lon="-1.7915980">
    <ele>426.8</ele>
    <time>2018-12-31T11:19:11Z</time>
   </trkpt>
   <trkpt lat="43.2887790" lon="-1.7916390">
    <ele>426.2</ele>
    <time>2018-12-31T11:19:15Z</time>
   </trkpt>
   <trkpt lat="43.2888040" lon="-1.7916630">
    <ele>425.8</ele>
    <time>2018-12-31T11:19:19Z</time>
   </trkpt>
   <trkpt lat="43.2888080" lon="-1.7917080">
    <ele>425.5</ele>
    <time>2018-12-31T11:19:23Z</time>
   </trkpt>
   <trkpt lat="43.2888350" lon="-1.7917310">
    <ele>425.3</ele>
    <time>2018-12-31T11:19:30Z</time>
   </trkpt>
   <trkpt lat="43.2888610" lon="-1.7917640">
    <ele>425.2</ele>
    <time>2018-12-31T11:19:35Z</time>
   </trkpt>
   <trkpt lat="43.2888760" lon="-1.7917970">
    <ele>425.1</ele>
    <time>2018-12-31T11:19:40Z</time>
   </trkpt>
   <trkpt lat="43.2889050" lon="-1.7918100">
    <ele>424.9</ele>
    <time>2018-12-31T11:19:45Z</time>
   </trkpt>
   <trkpt lat="43.2889330" lon="-1.7918290">
    <ele>424.8</ele>
    <time>2018-12-31T11:19:49Z</time>
   </trkpt>
   <trkpt lat="43.2889600" lon="-1.7918110">
    <ele>425.1</ele>
    <time>2018-12-31T11:19:54Z</time>
   </trkpt>
   <trkpt lat="43.2889870" lon="-1.7918210">
    <ele>425.3</ele>
    <time>2018-12-31T11:20:00Z</time>
   </trkpt>
   <trkpt lat="43.2890220" lon="-1.7918220">
    <ele>425.6</ele>
    <time>2018-12-31T11:20:04Z</time>
   </trkpt>
   <trkpt lat="43.2890570" lon="-1.7918250">
    <ele>425.8</ele>
    <time>2018-12-31T11:20:08Z</time>
   </trkpt>
   <trkpt lat="43.2890850" lon="-1.7918240">
    <ele>426.1</ele>
    <time>2018-12-31T11:20:10Z</time>
   </trkpt>
   <trkpt lat="43.2891110" lon="-1.7917970">
    <ele>426.7</ele>
    <time>2018-12-31T11:20:20Z</time>
   </trkpt>
   <trkpt lat="43.2891420" lon="-1.7917880">
    <ele>427.4</ele>
    <time>2018-12-31T11:20:22Z</time>
   </trkpt>
   <trkpt lat="43.2891750" lon="-1.7917820">
    <ele>427.7</ele>
    <time>2018-12-31T11:20:25Z</time>
   </trkpt>
   <trkpt lat="43.2892130" lon="-1.7917700">
    <ele>427.7</ele>
    <time>2018-12-31T11:20:29Z</time>
   </trkpt>
   <trkpt lat="43.2892370" lon="-1.7917450">
    <ele>427.9</ele>
    <time>2018-12-31T11:20:33Z</time>
   </trkpt>
   <trkpt lat="43.2892550" lon="-1.7917060">
    <ele>428.9</ele>
    <time>2018-12-31T11:20:37Z</time>
   </trkpt>
   <trkpt lat="43.2892830" lon="-1.7916890">
    <ele>429.8</ele>
    <time>2018-12-31T11:20:40Z</time>
   </trkpt>
   <trkpt lat="43.2893110" lon="-1.7916640">
    <ele>430.8</ele>
    <time>2018-12-31T11:20:43Z</time>
   </trkpt>
   <trkpt lat="43.2893400" lon="-1.7916630">
    <ele>431.7</ele>
    <time>2018-12-31T11:20:47Z</time>
   </trkpt>
   <trkpt lat="43.2893610" lon="-1.7916390">
    <ele>432.4</ele>
    <time>2018-12-31T11:20:52Z</time>
   </trkpt>
   <trkpt lat="43.2893800" lon="-1.7916110">
    <ele>433.2</ele>
    <time>2018-12-31T11:20:54Z</time>
   </trkpt>
   <trkpt lat="43.2894000" lon="-1.7915820">
    <ele>434.0</ele>
    <time>2018-12-31T11:20:57Z</time>
   </trkpt>
   <trkpt lat="43.2894260" lon="-1.7915660">
    <ele>434.7</ele>
    <time>2018-12-31T11:21:00Z</time>
   </trkpt>
   <trkpt lat="43.2894290" lon="-1.7915230">
    <ele>435.5</ele>
    <time>2018-12-31T11:21:04Z</time>
   </trkpt>
   <trkpt lat="43.2894370" lon="-1.7914800">
    <ele>436.4</ele>
    <time>2018-12-31T11:21:08Z</time>
   </trkpt>
   <trkpt lat="43.2894180" lon="-1.7914410">
    <ele>437.2</ele>
    <time>2018-12-31T11:21:15Z</time>
   </trkpt>
   <trkpt lat="43.2894060" lon="-1.7914040">
    <ele>438.0</ele>
    <time>2018-12-31T11:21:19Z</time>
   </trkpt>
   <trkpt lat="43.2893780" lon="-1.7913840">
    <ele>438.8</ele>
    <time>2018-12-31T11:21:23Z</time>
   </trkpt>
   <trkpt lat="43.2893520" lon="-1.7913780">
    <ele>439.5</ele>
    <time>2018-12-31T11:21:26Z</time>
   </trkpt>
   <trkpt lat="43.2893230" lon="-1.7913660">
    <ele>440.1</ele>
    <time>2018-12-31T11:21:30Z</time>
   </trkpt>
   <trkpt lat="43.2892940" lon="-1.7913730">
    <ele>440.8</ele>
    <time>2018-12-31T11:21:35Z</time>
   </trkpt>
   <trkpt lat="43.2892690" lon="-1.7913460">
    <ele>441.5</ele>
    <time>2018-12-31T11:21:38Z</time>
   </trkpt>
   <trkpt lat="43.2892460" lon="-1.7913180">
    <ele>442.2</ele>
    <time>2018-12-31T11:21:44Z</time>
   </trkpt>
   <trkpt lat="43.2892350" lon="-1.7912760">
    <ele>443.3</ele>
    <time>2018-12-31T11:21:46Z</time>
   </trkpt>
   <trkpt lat="43.2892360" lon="-1.7912380">
    <ele>444.2</ele>
    <time>2018-12-31T11:21:48Z</time>
   </trkpt>
   <trkpt lat="43.2892550" lon="-1.7912040">
    <ele>445.0</ele>
    <time>2018-12-31T11:21:52Z</time>
   </trkpt>
   <trkpt lat="43.2892780" lon="-1.7911830">
    <ele>445.7</ele>
    <time>2018-12-31T11:21:59Z</time>
   </trkpt>
   <trkpt lat="43.2892900" lon="-1.7911480">
    <ele>446.4</ele>
    <time>2018-12-31T11:22:04Z</time>
   </trkpt>
   <trkpt lat="43.2893170" lon="-1.7911270">
    <ele>447.4</ele>
    <time>2018-12-31T11:22:09Z</time>
   </trkpt>
   <trkpt lat="43.2893480" lon="-1.7911260">
    <ele>448.3</ele>
    <time>2018-12-31T11:22:18Z</time>
   </trkpt>
   <trkpt lat="43.2893780" lon="-1.7911160">
    <ele>449.2</ele>
    <time>2018-12-31T11:22:21Z</time>
   </trkpt>
   <trkpt lat="43.2894000" lon="-1.7910920">
    <ele>449.9</ele>
    <time>2018-12-31T11:22:26Z</time>
   </trkpt>
   <trkpt lat="43.2894120" lon="-1.7910570">
    <ele>450.8</ele>
    <time>2018-12-31T11:22:31Z</time>
   </trkpt>
   <trkpt lat="43.2894090" lon="-1.7910170">
    <ele>451.7</ele>
    <time>2018-12-31T11:22:35Z</time>
   </trkpt>
   <trkpt lat="43.2894250" lon="-1.7909740">
    <ele>452.5</ele>
    <time>2018-12-31T11:22:39Z</time>
   </trkpt>
   <trkpt lat="43.2894480" lon="-1.7909540">
    <ele>453.2</ele>
    <time>2018-12-31T11:22:43Z</time>
   </trkpt>
   <trkpt lat="43.2894770" lon="-1.7909550">
    <ele>453.8</ele>
    <time>2018-12-31T11:22:46Z</time>
   </trkpt>
   <trkpt lat="43.2895030" lon="-1.7909190">
    <ele>454.5</ele>
    <time>2018-12-31T11:22:50Z</time>
   </trkpt>
   <trkpt lat="43.2895240" lon="-1.7908930">
    <ele>454.9</ele>
    <time>2018-12-31T11:22:53Z</time>
   </trkpt>
   <trkpt lat="43.2895550" lon="-1.7908680">
    <ele>455.4</ele>
    <time>2018-12-31T11:22:56Z</time>
   </trkpt>
   <trkpt lat="43.2895810" lon="-1.7908480">
    <ele>455.7</ele>
    <time>2018-12-31T11:22:59Z</time>
   </trkpt>
   <trkpt lat="43.2896050" lon="-1.7908210">
    <ele>456.1</ele>
    <time>2018-12-31T11:23:02Z</time>
   </trkpt>
   <trkpt lat="43.2896310" lon="-1.7908100">
    <ele>456.3</ele>
    <time>2018-12-31T11:23:04Z</time>
   </trkpt>
   <trkpt lat="43.2896550" lon="-1.7907930">
    <ele>456.6</ele>
    <time>2018-12-31T11:23:06Z</time>
   </trkpt>
   <trkpt lat="43.2896700" lon="-1.7907600">
    <ele>456.8</ele>
    <time>2018-12-31T11:23:10Z</time>
   </trkpt>
   <trkpt lat="43.2896970" lon="-1.7907200">
    <ele>457.0</ele>
    <time>2018-12-31T11:23:14Z</time>
   </trkpt>
   <trkpt lat="43.2897180" lon="-1.7906940">
    <ele>457.0</ele>
    <time>2018-12-31T11:23:17Z</time>
   </trkpt>
   <trkpt lat="43.2897300" lon="-1.7906600">
    <ele>457.1</ele>
    <time>2018-12-31T11:23:20Z</time>
   </trkpt>
   <trkpt lat="43.2897530" lon="-1.7906380">
    <ele>457.1</ele>
    <time>2018-12-31T11:23:25Z</time>
   </trkpt>
   <trkpt lat="43.2897720" lon="-1.7906100">
    <ele>457.1</ele>
    <time>2018-12-31T11:23:30Z</time>
   </trkpt>
   <trkpt lat="43.2897980" lon="-1.7905830">
    <ele>457.2</ele>
    <time>2018-12-31T11:23:36Z</time>
   </trkpt>
   <trkpt lat="43.2898230" lon="-1.7905350">
    <ele>457.2</ele>
    <time>2018-12-31T11:23:39Z</time>
   </trkpt>
   <trkpt lat="43.2898410" lon="-1.7904980">
    <ele>457.4</ele>
    <time>2018-12-31T11:23:41Z</time>
   </trkpt>
   <trkpt lat="43.2898720" lon="-1.7904850">
    <ele>457.5</ele>
    <time>2018-12-31T11:23:47Z</time>
   </trkpt>
   <trkpt lat="43.2899010" lon="-1.7904830">
    <ele>457.6</ele>
    <time>2018-12-31T11:23:49Z</time>
   </trkpt>
   <trkpt lat="43.2899390" lon="-1.7904540">
    <ele>457.9</ele>
    <time>2018-12-31T11:23:51Z</time>
   </trkpt>
   <trkpt lat="43.2899660" lon="-1.7904330">
    <ele>458.3</ele>
    <time>2018-12-31T11:23:53Z</time>
   </trkpt>
   <trkpt lat="43.2899890" lon="-1.7904070">
    <ele>458.7</ele>
    <time>2018-12-31T11:23:55Z</time>
   </trkpt>
   <trkpt lat="43.2899980" lon="-1.7903560">
    <ele>459.4</ele>
    <time>2018-12-31T11:23:59Z</time>
   </trkpt>
   <trkpt lat="43.2900160" lon="-1.7903220">
    <ele>460.1</ele>
    <time>2018-12-31T11:24:04Z</time>
   </trkpt>
   <trkpt lat="43.2900340" lon="-1.7902860">
    <ele>460.9</ele>
    <time>2018-12-31T11:24:09Z</time>
   </trkpt>
   <trkpt lat="43.2900400" lon="-1.7902470">
    <ele>461.6</ele>
    <time>2018-12-31T11:24:15Z</time>
   </trkpt>
   <trkpt lat="43.2900500" lon="-1.7902010">
    <ele>462.6</ele>
    <time>2018-12-31T11:24:21Z</time>
   </trkpt>
   <trkpt lat="43.2900660" lon="-1.7901680">
    <ele>463.3</ele>
    <time>2018-12-31T11:24:25Z</time>
   </trkpt>
   <trkpt lat="43.2900490" lon="-1.7901380">
    <ele>464.1</ele>
    <time>2018-12-31T11:24:29Z</time>
   </trkpt>
   <trkpt lat="43.2900620" lon="-1.7900990">
    <ele>464.9</ele>
    <time>2018-12-31T11:24:34Z</time>
   </trkpt>
   <trkpt lat="43.2900790" lon="-1.7900490">
    <ele>465.9</ele>
    <time>2018-12-31T11:24:38Z</time>
   </trkpt>
   <trkpt lat="43.2900920" lon="-1.7900160">
    <ele>466.5</ele>
    <time>2018-12-31T11:24:40Z</time>
   </trkpt>
   <trkpt lat="43.2901100" lon="-1.7899720">
    <ele>467.3</ele>
    <time>2018-12-31T11:24:43Z</time>
   </trkpt>
   <trkpt lat="43.2901250" lon="-1.7899400">
    <ele>467.9</ele>
    <time>2018-12-31T11:24:47Z</time>
   </trkpt>
   <trkpt lat="43.2901220" lon="-1.7898890">
    <ele>468.7</ele>
    <time>2018-12-31T11:24:52Z</time>
   </trkpt>
   <trkpt lat="43.2901370" lon="-1.7898510">
    <ele>469.3</ele>
    <time>2018-12-31T11:24:55Z</time>
   </trkpt>
   <trkpt lat="43.2901440" lon="-1.7898130">
    <ele>469.9</ele>
    <time>2018-12-31T11:25:04Z</time>
   </trkpt>
   <trkpt lat="43.2901550" lon="-1.7897750">
    <ele>470.4</ele>
    <time>2018-12-31T11:25:08Z</time>
   </trkpt>
   <trkpt lat="43.2901540" lon="-1.7897380">
    <ele>471.0</ele>
    <time>2018-12-31T11:25:12Z</time>
   </trkpt>
   <trkpt lat="43.2901770" lon="-1.7897080">
    <ele>471.6</ele>
    <time>2018-12-31T11:25:16Z</time>
   </trkpt>
   <trkpt lat="43.2901890" lon="-1.7896740">
    <ele>472.2</ele>
    <time>2018-12-31T11:25:18Z</time>
   </trkpt>
   <trkpt lat="43.2902140" lon="-1.7896380">
    <ele>473.0</ele>
    <time>2018-12-31T11:25:21Z</time>
   </trkpt>
   <trkpt lat="43.2902400" lon="-1.7896050">
    <ele>473.7</ele>
    <time>2018-12-31T11:25:24Z</time>
   </trkpt>
   <trkpt lat="43.2902580" lon="-1.7895740">
    <ele>474.3</ele>
    <time>2018-12-31T11:25:27Z</time>
   </trkpt>
   <trkpt lat="43.2902710" lon="-1.7895390">
    <ele>474.9</ele>
    <time>2018-12-31T11:25:30Z</time>
   </trkpt>
   <trkpt lat="43.2902780" lon="-1.7894940">
    <ele>475.3</ele>
    <time>2018-12-31T11:25:33Z</time>
   </trkpt>
   <trkpt lat="43.2902890" lon="-1.7894550">
    <ele>475.6</ele>
    <time>2018-12-31T11:25:37Z</time>
   </trkpt>
   <trkpt lat="43.2902970" lon="-1.7894060">
    <ele>475.9</ele>
    <time>2018-12-31T11:25:41Z</time>
   </trkpt>
   <trkpt lat="43.2903040" lon="-1.7893680">
    <ele>476.0</ele>
    <time>2018-12-31T11:25:45Z</time>
   </trkpt>
   <trkpt lat="43.2903310" lon="-1.7893570">
    <ele>476.1</ele>
    <time>2018-12-31T11:25:50Z</time>
   </trkpt>
   <trkpt lat="43.2903520" lon="-1.7893220">
    <ele>476.2</ele>
    <time>2018-12-31T11:25:54Z</time>
   </trkpt>
   <trkpt lat="43.2903680" lon="-1.7892920">
    <ele>476.1</ele>
    <time>2018-12-31T11:25:59Z</time>
   </trkpt>
   <trkpt lat="43.2903980" lon="-1.7892820">
    <ele>476.1</ele>
    <time>2018-12-31T11:26:03Z</time>
   </trkpt>
   <trkpt lat="43.2904260" lon="-1.7892620">
    <ele>476.0</ele>
    <time>2018-12-31T11:26:07Z</time>
   </trkpt>
   <trkpt lat="43.2904530" lon="-1.7892580">
    <ele>476.0</ele>
    <time>2018-12-31T11:26:09Z</time>
   </trkpt>
   <trkpt lat="43.2904820" lon="-1.7892410">
    <ele>475.7</ele>
    <time>2018-12-31T11:26:11Z</time>
   </trkpt>
   <trkpt lat="43.2904850" lon="-1.7892010">
    <ele>475.4</ele>
    <time>2018-12-31T11:26:17Z</time>
   </trkpt>
   <trkpt lat="43.2904970" lon="-1.7891630">
    <ele>475.0</ele>
    <time>2018-12-31T11:26:20Z</time>
   </trkpt>
   <trkpt lat="43.2905290" lon="-1.7891260">
    <ele>474.5</ele>
    <time>2018-12-31T11:26:25Z</time>
   </trkpt>
   <trkpt lat="43.2905480" lon="-1.7890820">
    <ele>474.0</ele>
    <time>2018-12-31T11:26:29Z</time>
   </trkpt>
   <trkpt lat="43.2905520" lon="-1.7890390">
    <ele>473.6</ele>
    <time>2018-12-31T11:26:31Z</time>
   </trkpt>
   <trkpt lat="43.2905740" lon="-1.7890000">
    <ele>473.1</ele>
    <time>2018-12-31T11:26:34Z</time>
   </trkpt>
   <trkpt lat="43.2905910" lon="-1.7889620">
    <ele>472.8</ele>
    <time>2018-12-31T11:26:36Z</time>
   </trkpt>
   <trkpt lat="43.2906060" lon="-1.7889310">
    <ele>472.5</ele>
    <time>2018-12-31T11:26:39Z</time>
   </trkpt>
   <trkpt lat="43.2906350" lon="-1.7889060">
    <ele>472.2</ele>
    <time>2018-12-31T11:26:42Z</time>
   </trkpt>
   <trkpt lat="43.2906680" lon="-1.7888870">
    <ele>472.0</ele>
    <time>2018-12-31T11:26:45Z</time>
   </trkpt>
   <trkpt lat="43.2906970" lon="-1.7888680">
    <ele>471.8</ele>
    <time>2018-12-31T11:26:48Z</time>
   </trkpt>
   <trkpt lat="43.2907200" lon="-1.7888410">
    <ele>471.7</ele>
    <time>2018-12-31T11:26:53Z</time>
   </trkpt>
   <trkpt lat="43.2907530" lon="-1.7888300">
    <ele>471.7</ele>
    <time>2018-12-31T11:26:58Z</time>
   </trkpt>
   <trkpt lat="43.2907830" lon="-1.7888170">
    <ele>471.6</ele>
    <time>2018-12-31T11:27:00Z</time>
   </trkpt>
   <trkpt lat="43.2908050" lon="-1.7888410">
    <ele>471.7</ele>
    <time>2018-12-31T11:27:04Z</time>
   </trkpt>
   <trkpt lat="43.2908380" lon="-1.7887840">
    <ele>471.9</ele>
    <time>2018-12-31T11:27:08Z</time>
   </trkpt>
   <trkpt lat="43.2908570" lon="-1.7887500">
    <ele>472.0</ele>
    <time>2018-12-31T11:27:10Z</time>
   </trkpt>
   <trkpt lat="43.2908780" lon="-1.7887130">
    <ele>472.2</ele>
    <time>2018-12-31T11:27:14Z</time>
   </trkpt>
   <trkpt lat="43.2908940" lon="-1.7886820">
    <ele>472.5</ele>
    <time>2018-12-31T11:27:19Z</time>
   </trkpt>
   <trkpt lat="43.2909140" lon="-1.7886560">
    <ele>472.7</ele>
    <time>2018-12-31T11:27:21Z</time>
   </trkpt>
   <trkpt lat="43.2909400" lon="-1.7886450">
    <ele>473.0</ele>
    <time>2018-12-31T11:27:25Z</time>
   </trkpt>
   <trkpt lat="43.2909700" lon="-1.7886410">
    <ele>473.2</ele>
    <time>2018-12-31T11:27:28Z</time>
   </trkpt>
   <trkpt lat="43.2909970" lon="-1.7886650">
    <ele>473.5</ele>
    <time>2018-12-31T11:27:31Z</time>
   </trkpt>
   <trkpt lat="43.2910240" lon="-1.7886820">
    <ele>473.7</ele>
    <time>2018-12-31T11:27:36Z</time>
   </trkpt>
   <trkpt lat="43.2910520" lon="-1.7886400">
    <ele>474.1</ele>
    <time>2018-12-31T11:27:39Z</time>
   </trkpt>
   <trkpt lat="43.2910830" lon="-1.7886130">
    <ele>474.4</ele>
    <time>2018-12-31T11:27:41Z</time>
   </trkpt>
   <trkpt lat="43.2911090" lon="-1.7885860">
    <ele>474.8</ele>
    <time>2018-12-31T11:27:44Z</time>
   </trkpt>
   <trkpt lat="43.2911390" lon="-1.7885910">
    <ele>475.2</ele>
    <time>2018-12-31T11:27:47Z</time>
   </trkpt>
   <trkpt lat="43.2911610" lon="-1.7886230">
    <ele>475.6</ele>
    <time>2018-12-31T11:27:50Z</time>
   </trkpt>
   <trkpt lat="43.2911950" lon="-1.7886310">
    <ele>476.0</ele>
    <time>2018-12-31T11:27:53Z</time>
   </trkpt>
   <trkpt lat="43.2912190" lon="-1.7886670">
    <ele>476.4</ele>
    <time>2018-12-31T11:27:56Z</time>
   </trkpt>
   <trkpt lat="43.2912310" lon="-1.7887100">
    <ele>476.7</ele>
    <time>2018-12-31T11:27:59Z</time>
   </trkpt>
   <trkpt lat="43.2912630" lon="-1.7887310">
    <ele>477.0</ele>
    <time>2018-12-31T11:28:03Z</time>
   </trkpt>
   <trkpt lat="43.2912800" lon="-1.7887720">
    <ele>477.2</ele>
    <time>2018-12-31T11:28:06Z</time>
   </trkpt>
   <trkpt lat="43.2912940" lon="-1.7888080">
    <ele>477.5</ele>
    <time>2018-12-31T11:28:08Z</time>
   </trkpt>
   <trkpt lat="43.2913020" lon="-1.7888480">
    <ele>477.7</ele>
    <time>2018-12-31T11:28:12Z</time>
   </trkpt>
   <trkpt lat="43.2913160" lon="-1.7888930">
    <ele>478.0</ele>
    <time>2018-12-31T11:28:18Z</time>
   </trkpt>
   <trkpt lat="43.2913360" lon="-1.7889330">
    <ele>478.3</ele>
    <time>2018-12-31T11:28:21Z</time>
   </trkpt>
   <trkpt lat="43.2913580" lon="-1.7889550">
    <ele>478.5</ele>
    <time>2018-12-31T11:28:23Z</time>
   </trkpt>
   <trkpt lat="43.2913870" lon="-1.7889730">
    <ele>478.7</ele>
    <time>2018-12-31T11:28:26Z</time>
   </trkpt>
   <trkpt lat="43.2914210" lon="-1.7889940">
    <ele>478.9</ele>
    <time>2018-12-31T11:28:29Z</time>
   </trkpt>
   <trkpt lat="43.2914420" lon="-1.7890190">
    <ele>479.1</ele>
    <time>2018-12-31T11:28:32Z</time>
   </trkpt>
   <trkpt lat="43.2914420" lon="-1.7890640">
    <ele>479.2</ele>
    <time>2018-12-31T11:28:35Z</time>
   </trkpt>
   <trkpt lat="43.2914650" lon="-1.7890860">
    <ele>479.3</ele>
    <time>2018-12-31T11:28:37Z</time>
   </trkpt>
   <trkpt lat="43.2914830" lon="-1.7891150">
    <ele>479.4</ele>
    <time>2018-12-31T11:28:40Z</time>
   </trkpt>
   <trkpt lat="43.2915050" lon="-1.7891440">
    <ele>479.5</ele>
    <time>2018-12-31T11:28:43Z</time>
   </trkpt>
   <trkpt lat="43.2915170" lon="-1.7891840">
    <ele>479.6</ele>
    <time>2018-12-31T11:28:46Z</time>
   </trkpt>
   <trkpt lat="43.2915300" lon="-1.7892320">
    <ele>479.7</ele>
    <time>2018-12-31T11:28:49Z</time>
   </trkpt>
   <trkpt lat="43.2915510" lon="-1.7892580">
    <ele>479.8</ele>
    <time>2018-12-31T11:28:51Z</time>
   </trkpt>
   <trkpt lat="43.2915890" lon="-1.7892540">
    <ele>479.9</ele>
    <time>2018-12-31T11:28:55Z</time>
   </trkpt>
   <trkpt lat="43.2916200" lon="-1.7892600">
    <ele>480.0</ele>
    <time>2018-12-31T11:28:59Z</time>
   </trkpt>
   <trkpt lat="43.2916550" lon="-1.7892610">
    <ele>480.0</ele>
    <time>2018-12-31T11:29:03Z</time>
   </trkpt>
   <trkpt lat="43.2917050" lon="-1.7892780">
    <ele>480.1</ele>
    <time>2018-12-31T11:29:05Z</time>
   </trkpt>
   <trkpt lat="43.2917350" lon="-1.7892950">
    <ele>480.2</ele>
    <time>2018-12-31T11:29:07Z</time>
   </trkpt>
   <trkpt lat="43.2917680" lon="-1.7893030">
    <ele>480.3</ele>
    <time>2018-12-31T11:29:10Z</time>
   </trkpt>
   <trkpt lat="43.2917970" lon="-1.7893060">
    <ele>480.3</ele>
    <time>2018-12-31T11:29:14Z</time>
   </trkpt>
   <trkpt lat="43.2918350" lon="-1.7893250">
    <ele>480.5</ele>
    <time>2018-12-31T11:29:18Z</time>
   </trkpt>
   <trkpt lat="43.2918530" lon="-1.7893630">
    <ele>480.6</ele>
    <time>2018-12-31T11:29:21Z</time>
   </trkpt>
   <trkpt lat="43.2918750" lon="-1.7893980">
    <ele>480.8</ele>
    <time>2018-12-31T11:29:23Z</time>
   </trkpt>
   <trkpt lat="43.2918970" lon="-1.7894300">
    <ele>481.0</ele>
    <time>2018-12-31T11:29:25Z</time>
   </trkpt>
   <trkpt lat="43.2919220" lon="-1.7894710">
    <ele>481.2</ele>
    <time>2018-12-31T11:29:27Z</time>
   </trkpt>
   <trkpt lat="43.2919390" lon="-1.7895150">
    <ele>481.5</ele>
    <time>2018-12-31T11:29:29Z</time>
   </trkpt>
   <trkpt lat="43.2919660" lon="-1.7895300">
    <ele>481.7</ele>
    <time>2018-12-31T11:29:32Z</time>
   </trkpt>
   <trkpt lat="43.2919890" lon="-1.7895640">
    <ele>481.9</ele>
    <time>2018-12-31T11:29:35Z</time>
   </trkpt>
   <trkpt lat="43.2920270" lon="-1.7895780">
    <ele>482.3</ele>
    <time>2018-12-31T11:29:37Z</time>
   </trkpt>
   <trkpt lat="43.2920610" lon="-1.7895920">
    <ele>482.6</ele>
    <time>2018-12-31T11:29:39Z</time>
   </trkpt>
   <trkpt lat="43.2920860" lon="-1.7896150">
    <ele>483.0</ele>
    <time>2018-12-31T11:29:41Z</time>
   </trkpt>
   <trkpt lat="43.2921110" lon="-1.7896280">
    <ele>483.3</ele>
    <time>2018-12-31T11:29:43Z</time>
   </trkpt>
   <trkpt lat="43.2921380" lon="-1.7896460">
    <ele>483.6</ele>
    <time>2018-12-31T11:29:45Z</time>
   </trkpt>
   <trkpt lat="43.2921700" lon="-1.7896540">
    <ele>483.9</ele>
    <time>2018-12-31T11:29:48Z</time>
   </trkpt>
   <trkpt lat="43.2922040" lon="-1.7896850">
    <ele>484.3</ele>
    <time>2018-12-31T11:29:51Z</time>
   </trkpt>
   <trkpt lat="43.2922340" lon="-1.7897080">
    <ele>484.5</ele>
    <time>2018-12-31T11:29:54Z</time>
   </trkpt>
   <trkpt lat="43.2922630" lon="-1.7897390">
    <ele>484.8</ele>
    <time>2018-12-31T11:29:57Z</time>
   </trkpt>
   <trkpt lat="43.2922870" lon="-1.7897570">
    <ele>485.0</ele>
    <time>2018-12-31T11:30:00Z</time>
   </trkpt>
   <trkpt lat="43.2923100" lon="-1.7897890">
    <ele>485.2</ele>
    <time>2018-12-31T11:30:06Z</time>
   </trkpt>
   <trkpt lat="43.2923400" lon="-1.7898050">
    <ele>485.4</ele>
    <time>2018-12-31T11:30:09Z</time>
   </trkpt>
   <trkpt lat="43.2923670" lon="-1.7897900">
    <ele>485.6</ele>
    <time>2018-12-31T11:30:14Z</time>
   </trkpt>
   <trkpt lat="43.2923990" lon="-1.7897760">
    <ele>485.9</ele>
    <time>2018-12-31T11:30:18Z</time>
   </trkpt>
   <trkpt lat="43.2924330" lon="-1.7897830">
    <ele>486.4</ele>
    <time>2018-12-31T11:30:25Z</time>
   </trkpt>
   <trkpt lat="43.2924640" lon="-1.7897880">
    <ele>486.9</ele>
    <time>2018-12-31T11:30:29Z</time>
   </trkpt>
   <trkpt lat="43.2924940" lon="-1.7897920">
    <ele>487.4</ele>
    <time>2018-12-31T11:30:32Z</time>
   </trkpt>
   <trkpt lat="43.2925230" lon="-1.7897710">
    <ele>488.1</ele>
    <time>2018-12-31T11:30:36Z</time>
   </trkpt>
   <trkpt lat="43.2925490" lon="-1.7897550">
    <ele>488.8</ele>
    <time>2018-12-31T11:30:39Z</time>
   </trkpt>
   <trkpt lat="43.2925770" lon="-1.7897260">
    <ele>489.6</ele>
    <time>2018-12-31T11:30:43Z</time>
   </trkpt>
   <trkpt lat="43.2925960" lon="-1.7896990">
    <ele>490.2</ele>
    <time>2018-12-31T11:30:46Z</time>
   </trkpt>
   <trkpt lat="43.2926110" lon="-1.7896650">
    <ele>491.0</ele>
    <time>2018-12-31T11:30:49Z</time>
   </trkpt>
   <trkpt lat="43.2926330" lon="-1.7896400">
    <ele>491.8</ele>
    <time>2018-12-31T11:30:52Z</time>
   </trkpt>
   <trkpt lat="43.2926640" lon="-1.7896610">
    <ele>492.8</ele>
    <time>2018-12-31T11:30:55Z</time>
   </trkpt>
   <trkpt lat="43.2926950" lon="-1.7896580">
    <ele>493.7</ele>
    <time>2018-12-31T11:31:01Z</time>
   </trkpt>
   <trkpt lat="43.2927060" lon="-1.7896180">
    <ele>494.5</ele>
    <time>2018-12-31T11:31:09Z</time>
   </trkpt>
   <trkpt lat="43.2927400" lon="-1.7895910">
    <ele>495.7</ele>
    <time>2018-12-31T11:31:12Z</time>
   </trkpt>
   <trkpt lat="43.2927570" lon="-1.7895530">
    <ele>496.7</ele>
    <time>2018-12-31T11:31:16Z</time>
   </trkpt>
   <trkpt lat="43.2927780" lon="-1.7895200">
    <ele>497.8</ele>
    <time>2018-12-31T11:31:23Z</time>
   </trkpt>
   <trkpt lat="43.2927850" lon="-1.7894820">
    <ele>498.8</ele>
    <time>2018-12-31T11:31:27Z</time>
   </trkpt>
   <trkpt lat="43.2928060" lon="-1.7894560">
    <ele>499.7</ele>
    <time>2018-12-31T11:31:30Z</time>
   </trkpt>
   <trkpt lat="43.2928370" lon="-1.7894450">
    <ele>500.8</ele>
    <time>2018-12-31T11:31:33Z</time>
   </trkpt>
   <trkpt lat="43.2928140" lon="-1.7894210">
    <ele>501.7</ele>
    <time>2018-12-31T11:31:46Z</time>
   </trkpt>
   <trkpt lat="43.2927870" lon="-1.7894250">
    <ele>502.6</ele>
    <time>2018-12-31T11:31:51Z</time>
   </trkpt>
   <trkpt lat="43.2927850" lon="-1.7893880">
    <ele>503.5</ele>
    <time>2018-12-31T11:31:58Z</time>
   </trkpt>
   <trkpt lat="43.2927940" lon="-1.7893480">
    <ele>504.4</ele>
    <time>2018-12-31T11:32:02Z</time>
   </trkpt>
   <trkpt lat="43.2927860" lon="-1.7893060">
    <ele>505.3</ele>
    <time>2018-12-31T11:32:07Z</time>
   </trkpt>
   <trkpt lat="43.2928080" lon="-1.7892760">
    <ele>506.0</ele>
    <time>2018-12-31T11:32:10Z</time>
   </trkpt>
   <trkpt lat="43.2928350" lon="-1.7892520">
    <ele>506.5</ele>
    <time>2018-12-31T11:32:13Z</time>
   </trkpt>
   <trkpt lat="43.2928760" lon="-1.7892350">
    <ele>507.1</ele>
    <time>2018-12-31T11:32:16Z</time>
   </trkpt>
   <trkpt lat="43.2928870" lon="-1.7891990">
    <ele>507.3</ele>
    <time>2018-12-31T11:32:20Z</time>
   </trkpt>
   <trkpt lat="43.2928910" lon="-1.7891550">
    <ele>507.5</ele>
    <time>2018-12-31T11:32:24Z</time>
   </trkpt>
   <trkpt lat="43.2929180" lon="-1.7891290">
    <ele>507.6</ele>
    <time>2018-12-31T11:32:28Z</time>
   </trkpt>
   <trkpt lat="43.2929530" lon="-1.7891050">
    <ele>507.6</ele>
    <time>2018-12-31T11:32:32Z</time>
   </trkpt>
   <trkpt lat="43.2929810" lon="-1.7890860">
    <ele>507.6</ele>
    <time>2018-12-31T11:32:39Z</time>
   </trkpt>
   <trkpt lat="43.2929960" lon="-1.7890550">
    <ele>507.6</ele>
    <time>2018-12-31T11:32:44Z</time>
   </trkpt>
   <trkpt lat="43.2930130" lon="-1.7890200">
    <ele>507.7</ele>
    <time>2018-12-31T11:32:47Z</time>
   </trkpt>
   <trkpt lat="43.2930420" lon="-1.7889970">
    <ele>507.7</ele>
    <time>2018-12-31T11:32:50Z</time>
   </trkpt>
   <trkpt lat="43.2930500" lon="-1.7889560">
    <ele>507.7</ele>
    <time>2018-12-31T11:32:54Z</time>
   </trkpt>
   <trkpt lat="43.2930730" lon="-1.7889360">
    <ele>507.8</ele>
    <time>2018-12-31T11:32:57Z</time>
   </trkpt>
   <trkpt lat="43.2931020" lon="-1.7889190">
    <ele>507.9</ele>
    <time>2018-12-31T11:33:00Z</time>
   </trkpt>
   <trkpt lat="43.2931350" lon="-1.7888880">
    <ele>508.0</ele>
    <time>2018-12-31T11:33:03Z</time>
   </trkpt>
   <trkpt lat="43.2931630" lon="-1.7888660">
    <ele>508.1</ele>
    <time>2018-12-31T11:33:05Z</time>
   </trkpt>
   <trkpt lat="43.2931810" lon="-1.7888370">
    <ele>508.2</ele>
    <time>2018-12-31T11:33:08Z</time>
   </trkpt>
   <trkpt lat="43.2932010" lon="-1.7888060">
    <ele>508.3</ele>
    <time>2018-12-31T11:33:11Z</time>
   </trkpt>
   <trkpt lat="43.2932180" lon="-1.7887720">
    <ele>508.5</ele>
    <time>2018-12-31T11:33:14Z</time>
   </trkpt>
   <trkpt lat="43.2932320" lon="-1.7887280">
    <ele>508.6</ele>
    <time>2018-12-31T11:33:17Z</time>
   </trkpt>
   <trkpt lat="43.2932470" lon="-1.7886920">
    <ele>508.8</ele>
    <time>2018-12-31T11:33:19Z</time>
   </trkpt>
   <trkpt lat="43.2932680" lon="-1.7886620">
    <ele>509.0</ele>
    <time>2018-12-31T11:33:21Z</time>
   </trkpt>
   <trkpt lat="43.2932860" lon="-1.7886320">
    <ele>509.1</ele>
    <time>2018-12-31T11:33:23Z</time>
   </trkpt>
   <trkpt lat="43.2933050" lon="-1.7886030">
    <ele>509.3</ele>
    <time>2018-12-31T11:33:25Z</time>
   </trkpt>
   <trkpt lat="43.2933290" lon="-1.7885710">
    <ele>509.4</ele>
    <time>2018-12-31T11:33:27Z</time>
   </trkpt>
   <trkpt lat="43.2933360" lon="-1.7885270">
    <ele>509.6</ele>
    <time>2018-12-31T11:33:31Z</time>
   </trkpt>
   <trkpt lat="43.2933530" lon="-1.7884880">
    <ele>509.8</ele>
    <time>2018-12-31T11:33:33Z</time>
   </trkpt>
   <trkpt lat="43.2933660" lon="-1.7884350">
    <ele>510.0</ele>
    <time>2018-12-31T11:33:37Z</time>
   </trkpt>
   <trkpt lat="43.2933850" lon="-1.7883940">
    <ele>510.1</ele>
    <time>2018-12-31T11:33:40Z</time>
   </trkpt>
   <trkpt lat="43.2934100" lon="-1.7883610">
    <ele>510.3</ele>
    <time>2018-12-31T11:33:43Z</time>
   </trkpt>
   <trkpt lat="43.2934220" lon="-1.7883170">
    <ele>510.5</ele>
    <time>2018-12-31T11:33:46Z</time>
   </trkpt>
   <trkpt lat="43.2934160" lon="-1.7882580">
    <ele>510.7</ele>
    <time>2018-12-31T11:33:49Z</time>
   </trkpt>
   <trkpt lat="43.2934090" lon="-1.7882100">
    <ele>510.9</ele>
    <time>2018-12-31T11:33:51Z</time>
   </trkpt>
   <trkpt lat="43.2934150" lon="-1.7881570">
    <ele>511.1</ele>
    <time>2018-12-31T11:33:54Z</time>
   </trkpt>
   <trkpt lat="43.2934290" lon="-1.7881250">
    <ele>511.2</ele>
    <time>2018-12-31T11:33:56Z</time>
   </trkpt>
   <trkpt lat="43.2934430" lon="-1.7880750">
    <ele>511.3</ele>
    <time>2018-12-31T11:33:59Z</time>
   </trkpt>
   <trkpt lat="43.2934670" lon="-1.7880410">
    <ele>511.4</ele>
    <time>2018-12-31T11:34:02Z</time>
   </trkpt>
   <trkpt lat="43.2934850" lon="-1.7880110">
    <ele>511.4</ele>
    <time>2018-12-31T11:34:04Z</time>
   </trkpt>
   <trkpt lat="43.2934910" lon="-1.7879740">
    <ele>511.4</ele>
    <time>2018-12-31T11:34:06Z</time>
   </trkpt>
   <trkpt lat="43.2935010" lon="-1.7879230">
    <ele>511.4</ele>
    <time>2018-12-31T11:34:09Z</time>
   </trkpt>
   <trkpt lat="43.2935170" lon="-1.7878820">
    <ele>511.4</ele>
    <time>2018-12-31T11:34:11Z</time>
   </trkpt>
   <trkpt lat="43.2935440" lon="-1.7878370">
    <ele>511.3</ele>
    <time>2018-12-31T11:34:14Z</time>
   </trkpt>
   <trkpt lat="43.2935590" lon="-1.7877990">
    <ele>511.3</ele>
    <time>2018-12-31T11:34:17Z</time>
   </trkpt>
   <trkpt lat="43.2935380" lon="-1.7877540">
    <ele>511.3</ele>
    <time>2018-12-31T11:34:20Z</time>
   </trkpt>
   <trkpt lat="43.2935190" lon="-1.7877230">
    <ele>511.2</ele>
    <time>2018-12-31T11:34:23Z</time>
   </trkpt>
   <trkpt lat="43.2935280" lon="-1.7876810">
    <ele>511.2</ele>
    <time>2018-12-31T11:34:26Z</time>
   </trkpt>
   <trkpt lat="43.2935360" lon="-1.7876420">
    <ele>511.2</ele>
    <time>2018-12-31T11:34:30Z</time>
   </trkpt>
   <trkpt lat="43.2935530" lon="-1.7876100">
    <ele>511.2</ele>
    <time>2018-12-31T11:34:32Z</time>
   </trkpt>
   <trkpt lat="43.2935690" lon="-1.7875740">
    <ele>511.2</ele>
    <time>2018-12-31T11:34:35Z</time>
   </trkpt>
   <trkpt lat="43.2935720" lon="-1.7875350">
    <ele>511.2</ele>
    <time>2018-12-31T11:34:38Z</time>
   </trkpt>
   <trkpt lat="43.2935750" lon="-1.7874840">
    <ele>511.3</ele>
    <time>2018-12-31T11:34:42Z</time>
   </trkpt>
   <trkpt lat="43.2935720" lon="-1.7874180">
    <ele>511.3</ele>
    <time>2018-12-31T11:34:45Z</time>
   </trkpt>
   <trkpt lat="43.2935690" lon="-1.7873780">
    <ele>511.3</ele>
    <time>2018-12-31T11:34:47Z</time>
   </trkpt>
   <trkpt lat="43.2935900" lon="-1.7873370">
    <ele>511.3</ele>
    <time>2018-12-31T11:34:50Z</time>
   </trkpt>
   <trkpt lat="43.2936140" lon="-1.7873180">
    <ele>511.4</ele>
    <time>2018-12-31T11:34:52Z</time>
   </trkpt>
   <trkpt lat="43.2936430" lon="-1.7872930">
    <ele>511.4</ele>
    <time>2018-12-31T11:34:54Z</time>
   </trkpt>
   <trkpt lat="43.2936580" lon="-1.7872450">
    <ele>511.5</ele>
    <time>2018-12-31T11:34:57Z</time>
   </trkpt>
   <trkpt lat="43.2936680" lon="-1.7872090">
    <ele>511.5</ele>
    <time>2018-12-31T11:34:59Z</time>
   </trkpt>
   <trkpt lat="43.2936980" lon="-1.7871830">
    <ele>511.5</ele>
    <time>2018-12-31T11:35:02Z</time>
   </trkpt>
   <trkpt lat="43.2937130" lon="-1.7871160">
    <ele>511.3</ele>
    <time>2018-12-31T11:35:05Z</time>
   </trkpt>
   <trkpt lat="43.2937270" lon="-1.7870790">
    <ele>511.2</ele>
    <time>2018-12-31T11:35:07Z</time>
   </trkpt>
   <trkpt lat="43.2937340" lon="-1.7870370">
    <ele>511.1</ele>
    <time>2018-12-31T11:35:10Z</time>
   </trkpt>
   <trkpt lat="43.2937480" lon="-1.7869950">
    <ele>511.0</ele>
    <time>2018-12-31T11:35:14Z</time>
   </trkpt>
   <trkpt lat="43.2937630" lon="-1.7869640">
    <ele>510.9</ele>
    <time>2018-12-31T11:35:20Z</time>
   </trkpt>
   <trkpt lat="43.2937870" lon="-1.7869330">
    <ele>510.8</ele>
    <time>2018-12-31T11:35:24Z</time>
   </trkpt>
   <trkpt lat="43.2938090" lon="-1.7868930">
    <ele>510.7</ele>
    <time>2018-12-31T11:35:26Z</time>
   </trkpt>
   <trkpt lat="43.2938390" lon="-1.7868500">
    <ele>510.5</ele>
    <time>2018-12-31T11:35:28Z</time>
   </trkpt>
   <trkpt lat="43.2938690" lon="-1.7868080">
    <ele>510.4</ele>
    <time>2018-12-31T11:35:30Z</time>
   </trkpt>
   <trkpt lat="43.2939030" lon="-1.7867760">
    <ele>510.0</ele>
    <time>2018-12-31T11:35:32Z</time>
   </trkpt>
   <trkpt lat="43.2939310" lon="-1.7867420">
    <ele>509.8</ele>
    <time>2018-12-31T11:35:34Z</time>
   </trkpt>
   <trkpt lat="43.2939510" lon="-1.7867070">
    <ele>509.6</ele>
    <time>2018-12-31T11:35:37Z</time>
   </trkpt>
   <trkpt lat="43.2939760" lon="-1.7866830">
    <ele>509.4</ele>
    <time>2018-12-31T11:35:40Z</time>
   </trkpt>
   <trkpt lat="43.2940080" lon="-1.7866910">
    <ele>509.2</ele>
    <time>2018-12-31T11:35:43Z</time>
   </trkpt>
   <trkpt lat="43.2940280" lon="-1.7866560">
    <ele>509.0</ele>
    <time>2018-12-31T11:35:51Z</time>
   </trkpt>
   <trkpt lat="43.2940530" lon="-1.7866350">
    <ele>508.8</ele>
    <time>2018-12-31T11:35:54Z</time>
   </trkpt>
   <trkpt lat="43.2940850" lon="-1.7866030">
    <ele>508.6</ele>
    <time>2018-12-31T11:35:57Z</time>
   </trkpt>
   <trkpt lat="43.2941150" lon="-1.7865780">
    <ele>508.3</ele>
    <time>2018-12-31T11:36:00Z</time>
   </trkpt>
   <trkpt lat="43.2941440" lon="-1.7865790">
    <ele>508.1</ele>
    <time>2018-12-31T11:36:02Z</time>
   </trkpt>
   <trkpt lat="43.2941760" lon="-1.7865680">
    <ele>507.8</ele>
    <time>2018-12-31T11:36:04Z</time>
   </trkpt>
   <trkpt lat="43.2942170" lon="-1.7865550">
    <ele>507.6</ele>
    <time>2018-12-31T11:36:07Z</time>
   </trkpt>
   <trkpt lat="43.2942550" lon="-1.7865380">
    <ele>507.3</ele>
    <time>2018-12-31T11:36:09Z</time>
   </trkpt>
   <trkpt lat="43.2942850" lon="-1.7865180">
    <ele>507.1</ele>
    <time>2018-12-31T11:36:11Z</time>
   </trkpt>
   <trkpt lat="43.2943250" lon="-1.7864950">
    <ele>506.9</ele>
    <time>2018-12-31T11:36:14Z</time>
   </trkpt>
   <trkpt lat="43.2943620" lon="-1.7864830">
    <ele>506.8</ele>
    <time>2018-12-31T11:36:16Z</time>
   </trkpt>
   <trkpt lat="43.2943980" lon="-1.7864800">
    <ele>506.6</ele>
    <time>2018-12-31T11:36:19Z</time>
   </trkpt>
   <trkpt lat="43.2944370" lon="-1.7864560">
    <ele>506.3</ele>
    <time>2018-12-31T11:36:22Z</time>
   </trkpt>
   <trkpt lat="43.2944770" lon="-1.7864460">
    <ele>506.0</ele>
    <time>2018-12-31T11:36:24Z</time>
   </trkpt>
   <trkpt lat="43.2945040" lon="-1.7864390">
    <ele>505.8</ele>
    <time>2018-12-31T11:36:26Z</time>
   </trkpt>
   <trkpt lat="43.2945360" lon="-1.7864360">
    <ele>505.6</ele>
    <time>2018-12-31T11:36:28Z</time>
   </trkpt>
   <trkpt lat="43.2945760" lon="-1.7864240">
    <ele>505.3</ele>
    <time>2018-12-31T11:36:30Z</time>
   </trkpt>
   <trkpt lat="43.2946120" lon="-1.7864070">
    <ele>505.0</ele>
    <time>2018-12-31T11:36:32Z</time>
   </trkpt>
   <trkpt lat="43.2946430" lon="-1.7863890">
    <ele>504.8</ele>
    <time>2018-12-31T11:36:35Z</time>
   </trkpt>
   <trkpt lat="43.2946920" lon="-1.7863960">
    <ele>504.6</ele>
    <time>2018-12-31T11:36:47Z</time>
   </trkpt>
   <trkpt lat="43.2947310" lon="-1.7863950">
    <ele>504.5</ele>
    <time>2018-12-31T11:36:49Z</time>
   </trkpt>
   <trkpt lat="43.2947580" lon="-1.7863870">
    <ele>504.4</ele>
    <time>2018-12-31T11:36:51Z</time>
   </trkpt>
   <trkpt lat="43.2947870" lon="-1.7863710">
    <ele>504.3</ele>
    <time>2018-12-31T11:36:53Z</time>
   </trkpt>
   <trkpt lat="43.2948140" lon="-1.7863700">
    <ele>504.3</ele>
    <time>2018-12-31T11:36:55Z</time>
   </trkpt>
   <trkpt lat="43.2948470" lon="-1.7863820">
    <ele>504.2</ele>
    <time>2018-12-31T11:36:58Z</time>
   </trkpt>
   <trkpt lat="43.2948760" lon="-1.7863650">
    <ele>504.2</ele>
    <time>2018-12-31T11:37:05Z</time>
   </trkpt>
   <trkpt lat="43.2949080" lon="-1.7863640">
    <ele>504.2</ele>
    <time>2018-12-31T11:37:07Z</time>
   </trkpt>
   <trkpt lat="43.2949380" lon="-1.7863750">
    <ele>504.1</ele>
    <time>2018-12-31T11:37:09Z</time>
   </trkpt>
   <trkpt lat="43.2949720" lon="-1.7863880">
    <ele>504.2</ele>
    <time>2018-12-31T11:37:11Z</time>
   </trkpt>
   <trkpt lat="43.2950090" lon="-1.7863900">
    <ele>504.3</ele>
    <time>2018-12-31T11:37:17Z</time>
   </trkpt>
   <trkpt lat="43.2950360" lon="-1.7864000">
    <ele>504.4</ele>
    <time>2018-12-31T11:37:20Z</time>
   </trkpt>
   <trkpt lat="43.2950630" lon="-1.7864090">
    <ele>504.4</ele>
    <time>2018-12-31T11:37:23Z</time>
   </trkpt>
   <trkpt lat="43.2950910" lon="-1.7864290">
    <ele>504.6</ele>
    <time>2018-12-31T11:37:26Z</time>
   </trkpt>
   <trkpt lat="43.2951150" lon="-1.7864610">
    <ele>504.7</ele>
    <time>2018-12-31T11:37:30Z</time>
   </trkpt>
   <trkpt lat="43.2951390" lon="-1.7864990">
    <ele>504.8</ele>
    <time>2018-12-31T11:37:33Z</time>
   </trkpt>
  </trkseg>
 </trk>
</gpx>
