<?xml version="1.0" encoding="UTF-8"?>
<gpx creator="StravaGPX iPhone" xmlns:xsi="http://www.w3.org/2001/XMLSchema-instance" xsi:schemaLocation="http://www.topografix.com/GPX/1/1 http://www.topografix.com/GPX/1/1/gpx.xsd" version="1.1" xmlns="http://www.topografix.com/GPX/1/1">
 <metadata>
  <time>2019-01-05T08:50:16Z</time>
 </metadata>
 <trk>
  <name>Excursión de mañana</name>
  <type>4</type>
  <trkseg>
   <trkpt lat="42.9790000" lon="-2.3995760">
    <ele>710.7</ele>
    <time>2019-01-05T08:50:16Z</time>
   </trkpt>
   <trkpt lat="42.9790760" lon="-2.3995960">
    <ele>712.3</ele>
    <time>2019-01-05T08:50:17Z</time>
   </trkpt>
   <trkpt lat="42.9791630" lon="-2.3996110">
    <ele>713.7</ele>
    <time>2019-01-05T08:50:19Z</time>
   </trkpt>
   <trkpt lat="42.9791730" lon="-2.3995130">
    <ele>714.7</ele>
    <time>2019-01-05T08:50:21Z</time>
   </trkpt>
   <trkpt lat="42.9792060" lon="-2.3995490">
    <ele>715.3</ele>
    <time>2019-01-05T08:50:22Z</time>
   </trkpt>
   <trkpt lat="42.9792080" lon="-2.3995280">
    <ele>715.6</ele>
    <time>2019-01-05T08:50:23Z</time>
   </trkpt>
   <trkpt lat="42.9792270" lon="-2.3994840">
    <ele>716.1</ele>
    <time>2019-01-05T08:50:26Z</time>
   </trkpt>
   <trkpt lat="42.9792470" lon="-2.3994450">
    <ele>716.7</ele>
    <time>2019-01-05T08:50:29Z</time>
   </trkpt>
   <trkpt lat="42.9792620" lon="-2.3994060">
    <ele>717.3</ele>
    <time>2019-01-05T08:50:32Z</time>
   </trkpt>
   <trkpt lat="42.9792730" lon="-2.3993610">
    <ele>718.0</ele>
    <time>2019-01-05T08:50:35Z</time>
   </trkpt>
   <trkpt lat="42.9792880" lon="-2.3993220">
    <ele>718.6</ele>
    <time>2019-01-05T08:50:38Z</time>
   </trkpt>
   <trkpt lat="42.9793050" lon="-2.3992820">
    <ele>719.1</ele>
    <time>2019-01-05T08:50:41Z</time>
   </trkpt>
   <trkpt lat="42.9793200" lon="-2.3992510">
    <ele>719.4</ele>
    <time>2019-01-05T08:50:44Z</time>
   </trkpt>
   <trkpt lat="42.9793400" lon="-2.3992260">
    <ele>719.8</ele>
    <time>2019-01-05T08:50:48Z</time>
   </trkpt>
   <trkpt lat="42.9793390" lon="-2.3991850">
    <ele>720.2</ele>
    <time>2019-01-05T08:50:54Z</time>
   </trkpt>
   <trkpt lat="42.9793310" lon="-2.3991370">
    <ele>720.7</ele>
    <time>2019-01-05T08:50:59Z</time>
   </trkpt>
   <trkpt lat="42.9793260" lon="-2.3990910">
    <ele>721.3</ele>
    <time>2019-01-05T08:51:02Z</time>
   </trkpt>
   <trkpt lat="42.9793230" lon="-2.3990500">
    <ele>721.8</ele>
    <time>2019-01-05T08:51:05Z</time>
   </trkpt>
   <trkpt lat="42.9793250" lon="-2.3990110">
    <ele>722.4</ele>
    <time>2019-01-05T08:51:08Z</time>
   </trkpt>
   <trkpt lat="42.9793300" lon="-2.3989630">
    <ele>723.0</ele>
    <time>2019-01-05T08:51:13Z</time>
   </trkpt>
   <trkpt lat="42.9793310" lon="-2.3989250">
    <ele>723.5</ele>
    <time>2019-01-05T08:51:16Z</time>
   </trkpt>
   <trkpt lat="42.9793390" lon="-2.3988860">
    <ele>724.1</ele>
    <time>2019-01-05T08:51:19Z</time>
   </trkpt>
   <trkpt lat="42.9793490" lon="-2.3988400">
    <ele>724.7</ele>
    <time>2019-01-05T08:51:23Z</time>
   </trkpt>
   <trkpt lat="42.9793550" lon="-2.3988020">
    <ele>725.3</ele>
    <time>2019-01-05T08:51:26Z</time>
   </trkpt>
   <trkpt lat="42.9793620" lon="-2.3987610">
    <ele>725.9</ele>
    <time>2019-01-05T08:51:29Z</time>
   </trkpt>
   <trkpt lat="42.9793680" lon="-2.3987210">
    <ele>726.4</ele>
    <time>2019-01-05T08:51:32Z</time>
   </trkpt>
   <trkpt lat="42.9793770" lon="-2.3986770">
    <ele>727.1</ele>
    <time>2019-01-05T08:51:36Z</time>
   </trkpt>
   <trkpt lat="42.9793830" lon="-2.3986280">
    <ele>727.6</ele>
    <time>2019-01-05T08:51:40Z</time>
   </trkpt>
   <trkpt lat="42.9793890" lon="-2.3985820">
    <ele>728.0</ele>
    <time>2019-01-05T08:51:43Z</time>
   </trkpt>
   <trkpt lat="42.9793960" lon="-2.3985360">
    <ele>728.4</ele>
    <time>2019-01-05T08:51:46Z</time>
   </trkpt>
   <trkpt lat="42.9794110" lon="-2.3984960">
    <ele>728.8</ele>
    <time>2019-01-05T08:51:49Z</time>
   </trkpt>
   <trkpt lat="42.9794150" lon="-2.3984560">
    <ele>729.2</ele>
    <time>2019-01-05T08:51:52Z</time>
   </trkpt>
   <trkpt lat="42.9794140" lon="-2.3984140">
    <ele>729.7</ele>
    <time>2019-01-05T08:51:56Z</time>
   </trkpt>
   <trkpt lat="42.9794090" lon="-2.3983710">
    <ele>730.2</ele>
    <time>2019-01-05T08:52:00Z</time>
   </trkpt>
   <trkpt lat="42.9794020" lon="-2.3983280">
    <ele>730.4</ele>
    <time>2019-01-05T08:52:04Z</time>
   </trkpt>
   <trkpt lat="42.9794010" lon="-2.3982860">
    <ele>730.3</ele>
    <time>2019-01-05T08:52:12Z</time>
   </trkpt>
   <trkpt lat="42.9793860" lon="-2.3982440">
    <ele>730.2</ele>
    <time>2019-01-05T08:52:16Z</time>
   </trkpt>
   <trkpt lat="42.9793730" lon="-2.3982090">
    <ele>730.1</ele>
    <time>2019-01-05T08:52:21Z</time>
   </trkpt>
   <trkpt lat="42.9793600" lon="-2.3981710">
    <ele>730.0</ele>
    <time>2019-01-05T08:52:25Z</time>
   </trkpt>
   <trkpt lat="42.9793520" lon="-2.3981270">
    <ele>730.0</ele>
    <time>2019-01-05T08:52:28Z</time>
   </trkpt>
   <trkpt lat="42.9793450" lon="-2.3980720">
    <ele>729.9</ele>
    <time>2019-01-05T08:52:31Z</time>
   </trkpt>
   <trkpt lat="42.9793400" lon="-2.3980320">
    <ele>729.9</ele>
    <time>2019-01-05T08:52:33Z</time>
   </trkpt>
   <trkpt lat="42.9793380" lon="-2.3979840">
    <ele>729.9</ele>
    <time>2019-01-05T08:52:36Z</time>
   </trkpt>
   <trkpt lat="42.9793260" lon="-2.3979390">
    <ele>730.0</ele>
    <time>2019-01-05T08:52:39Z</time>
   </trkpt>
   <trkpt lat="42.9793130" lon="-2.3979040">
    <ele>730.1</ele>
    <time>2019-01-05T08:52:43Z</time>
   </trkpt>
   <trkpt lat="42.9793130" lon="-2.3978590">
    <ele>730.3</ele>
    <time>2019-01-05T08:52:46Z</time>
   </trkpt>
   <trkpt lat="42.9793160" lon="-2.3978120">
    <ele>730.7</ele>
    <time>2019-01-05T08:52:49Z</time>
   </trkpt>
   <trkpt lat="42.9793130" lon="-2.3977750">
    <ele>730.9</ele>
    <time>2019-01-05T08:52:52Z</time>
   </trkpt>
   <trkpt lat="42.9793130" lon="-2.3977380">
    <ele>731.2</ele>
    <time>2019-01-05T08:52:55Z</time>
   </trkpt>
   <trkpt lat="42.9793110" lon="-2.3976870">
    <ele>731.6</ele>
    <time>2019-01-05T08:52:58Z</time>
   </trkpt>
   <trkpt lat="42.9793020" lon="-2.3976510">
    <ele>732.1</ele>
    <time>2019-01-05T08:53:00Z</time>
   </trkpt>
   <trkpt lat="42.9792920" lon="-2.3976030">
    <ele>732.6</ele>
    <time>2019-01-05T08:53:03Z</time>
   </trkpt>
   <trkpt lat="42.9792810" lon="-2.3975590">
    <ele>732.6</ele>
    <time>2019-01-05T08:53:07Z</time>
   </trkpt>
   <trkpt lat="42.9792720" lon="-2.3975160">
    <ele>732.6</ele>
    <time>2019-01-05T08:53:10Z</time>
   </trkpt>
   <trkpt lat="42.9792710" lon="-2.3974660">
    <ele>732.6</ele>
    <time>2019-01-05T08:53:14Z</time>
   </trkpt>
   <trkpt lat="42.9792850" lon="-2.3974340">
    <ele>732.6</ele>
    <time>2019-01-05T08:53:17Z</time>
   </trkpt>
   <trkpt lat="42.9792690" lon="-2.3974030">
    <ele>732.6</ele>
    <time>2019-01-05T08:53:20Z</time>
   </trkpt>
   <trkpt lat="42.9792340" lon="-2.3973830">
    <ele>732.6</ele>
    <time>2019-01-05T08:53:23Z</time>
   </trkpt>
   <trkpt lat="42.9792070" lon="-2.3973620">
    <ele>732.6</ele>
    <time>2019-01-05T08:53:26Z</time>
   </trkpt>
   <trkpt lat="42.9791800" lon="-2.3973400">
    <ele>732.6</ele>
    <time>2019-01-05T08:53:29Z</time>
   </trkpt>
   <trkpt lat="42.9791540" lon="-2.3973220">
    <ele>732.5</ele>
    <time>2019-01-05T08:53:32Z</time>
   </trkpt>
   <trkpt lat="42.9791270" lon="-2.3973130">
    <ele>732.5</ele>
    <time>2019-01-05T08:53:35Z</time>
   </trkpt>
   <trkpt lat="42.9790980" lon="-2.3973100">
    <ele>732.5</ele>
    <time>2019-01-05T08:53:38Z</time>
   </trkpt>
   <trkpt lat="42.9790680" lon="-2.3973050">
    <ele>733.2</ele>
    <time>2019-01-05T08:53:43Z</time>
   </trkpt>
   <trkpt lat="42.9790380" lon="-2.3972940">
    <ele>733.5</ele>
    <time>2019-01-05T08:53:47Z</time>
   </trkpt>
   <trkpt lat="42.9790120" lon="-2.3972780">
    <ele>733.6</ele>
    <time>2019-01-05T08:53:51Z</time>
   </trkpt>
   <trkpt lat="42.9789860" lon="-2.3972610">
    <ele>733.8</ele>
    <time>2019-01-05T08:53:56Z</time>
   </trkpt>
   <trkpt lat="42.9789570" lon="-2.3972610">
    <ele>733.8</ele>
    <time>2019-01-05T08:54:05Z</time>
   </trkpt>
   <trkpt lat="42.9789290" lon="-2.3972530">
    <ele>733.8</ele>
    <time>2019-01-05T08:54:15Z</time>
   </trkpt>
   <trkpt lat="42.9789010" lon="-2.3972400">
    <ele>733.7</ele>
    <time>2019-01-05T08:54:19Z</time>
   </trkpt>
   <trkpt lat="42.9788760" lon="-2.3972210">
    <ele>733.6</ele>
    <time>2019-01-05T08:54:25Z</time>
   </trkpt>
   <trkpt lat="42.9788440" lon="-2.3972130">
    <ele>733.3</ele>
    <time>2019-01-05T08:54:29Z</time>
   </trkpt>
   <trkpt lat="42.9788170" lon="-2.3972090">
    <ele>733.1</ele>
    <time>2019-01-05T08:54:33Z</time>
   </trkpt>
   <trkpt lat="42.9787920" lon="-2.3972290">
    <ele>732.7</ele>
    <time>2019-01-05T08:54:42Z</time>
   </trkpt>
   <trkpt lat="42.9787630" lon="-2.3972160">
    <ele>732.4</ele>
    <time>2019-01-05T08:54:49Z</time>
   </trkpt>
   <trkpt lat="42.9787310" lon="-2.3972240">
    <ele>731.9</ele>
    <time>2019-01-05T08:54:55Z</time>
   </trkpt>
   <trkpt lat="42.9787050" lon="-2.3972400">
    <ele>731.5</ele>
    <time>2019-01-05T08:55:00Z</time>
   </trkpt>
   <trkpt lat="42.9786780" lon="-2.3972320">
    <ele>731.1</ele>
    <time>2019-01-05T08:55:05Z</time>
   </trkpt>
   <trkpt lat="42.9786500" lon="-2.3972270">
    <ele>730.6</ele>
    <time>2019-01-05T08:55:10Z</time>
   </trkpt>
   <trkpt lat="42.9786170" lon="-2.3972400">
    <ele>730.0</ele>
    <time>2019-01-05T08:55:15Z</time>
   </trkpt>
   <trkpt lat="42.9785860" lon="-2.3972480">
    <ele>729.4</ele>
    <time>2019-01-05T08:55:23Z</time>
   </trkpt>
   <trkpt lat="42.9785560" lon="-2.3972440">
    <ele>728.8</ele>
    <time>2019-01-05T08:55:29Z</time>
   </trkpt>
   <trkpt lat="42.9785290" lon="-2.3972290">
    <ele>728.2</ele>
    <time>2019-01-05T08:55:33Z</time>
   </trkpt>
   <trkpt lat="42.9785080" lon="-2.3972030">
    <ele>727.6</ele>
    <time>2019-01-05T08:55:37Z</time>
   </trkpt>
   <trkpt lat="42.9784780" lon="-2.3971830">
    <ele>726.9</ele>
    <time>2019-01-05T08:55:42Z</time>
   </trkpt>
   <trkpt lat="42.9784500" lon="-2.3971610">
    <ele>725.7</ele>
    <time>2019-01-05T08:55:46Z</time>
   </trkpt>
   <trkpt lat="42.9784160" lon="-2.3971500">
    <ele>726.3</ele>
    <time>2019-01-05T08:55:49Z</time>
   </trkpt>
   <trkpt lat="42.9783850" lon="-2.3971310">
    <ele>726.8</ele>
    <time>2019-01-05T08:55:52Z</time>
   </trkpt>
   <trkpt lat="42.9783620" lon="-2.3971060">
    <ele>727.2</ele>
    <time>2019-01-05T08:55:55Z</time>
   </trkpt>
   <trkpt lat="42.9783370" lon="-2.3970800">
    <ele>727.6</ele>
    <time>2019-01-05T08:55:58Z</time>
   </trkpt>
   <trkpt lat="42.9783140" lon="-2.3970560">
    <ele>728.0</ele>
    <time>2019-01-05T08:56:01Z</time>
   </trkpt>
   <trkpt lat="42.9782950" lon="-2.3970280">
    <ele>728.3</ele>
    <time>2019-01-05T08:56:04Z</time>
   </trkpt>
   <trkpt lat="42.9782660" lon="-2.3970010">
    <ele>728.8</ele>
    <time>2019-01-05T08:56:07Z</time>
   </trkpt>
   <trkpt lat="42.9782330" lon="-2.3970060">
    <ele>729.3</ele>
    <time>2019-01-05T08:56:09Z</time>
   </trkpt>
   <trkpt lat="42.9782040" lon="-2.3969950">
    <ele>729.8</ele>
    <time>2019-01-05T08:56:13Z</time>
   </trkpt>
   <trkpt lat="42.9781940" lon="-2.3969510">
    <ele>730.1</ele>
    <time>2019-01-05T08:56:16Z</time>
   </trkpt>
   <trkpt lat="42.9781780" lon="-2.3969020">
    <ele>730.5</ele>
    <time>2019-01-05T08:56:19Z</time>
   </trkpt>
   <trkpt lat="42.9781710" lon="-2.3968640">
    <ele>730.8</ele>
    <time>2019-01-05T08:56:21Z</time>
   </trkpt>
   <trkpt lat="42.9781720" lon="-2.3968190">
    <ele>731.0</ele>
    <time>2019-01-05T08:56:23Z</time>
   </trkpt>
   <trkpt lat="42.9781790" lon="-2.3967770">
    <ele>731.3</ele>
    <time>2019-01-05T08:56:25Z</time>
   </trkpt>
   <trkpt lat="42.9781880" lon="-2.3967230">
    <ele>731.6</ele>
    <time>2019-01-05T08:56:28Z</time>
   </trkpt>
   <trkpt lat="42.9781990" lon="-2.3966740">
    <ele>731.8</ele>
    <time>2019-01-05T08:56:31Z</time>
   </trkpt>
   <trkpt lat="42.9782110" lon="-2.3966300">
    <ele>732.1</ele>
    <time>2019-01-05T08:56:34Z</time>
   </trkpt>
   <trkpt lat="42.9782210" lon="-2.3965890">
    <ele>732.4</ele>
    <time>2019-01-05T08:56:37Z</time>
   </trkpt>
   <trkpt lat="42.9782260" lon="-2.3965460">
    <ele>732.7</ele>
    <time>2019-01-05T08:56:40Z</time>
   </trkpt>
   <trkpt lat="42.9782330" lon="-2.3965030">
    <ele>733.1</ele>
    <time>2019-01-05T08:56:43Z</time>
   </trkpt>
   <trkpt lat="42.9782410" lon="-2.3964580">
    <ele>733.5</ele>
    <time>2019-01-05T08:56:46Z</time>
   </trkpt>
   <trkpt lat="42.9782430" lon="-2.3964140">
    <ele>733.9</ele>
    <time>2019-01-05T08:56:49Z</time>
   </trkpt>
   <trkpt lat="42.9782360" lon="-2.3963760">
    <ele>734.3</ele>
    <time>2019-01-05T08:56:52Z</time>
   </trkpt>
   <trkpt lat="42.9782210" lon="-2.3963380">
    <ele>734.7</ele>
    <time>2019-01-05T08:56:55Z</time>
   </trkpt>
   <trkpt lat="42.9781970" lon="-2.3963050">
    <ele>735.1</ele>
    <time>2019-01-05T08:56:58Z</time>
   </trkpt>
   <trkpt lat="42.9781620" lon="-2.3962770">
    <ele>735.6</ele>
    <time>2019-01-05T08:57:01Z</time>
   </trkpt>
   <trkpt lat="42.9781320" lon="-2.3962470">
    <ele>735.9</ele>
    <time>2019-01-05T08:57:04Z</time>
   </trkpt>
   <trkpt lat="42.9781110" lon="-2.3962230">
    <ele>736.2</ele>
    <time>2019-01-05T08:57:06Z</time>
   </trkpt>
   <trkpt lat="42.9780920" lon="-2.3961890">
    <ele>736.5</ele>
    <time>2019-01-05T08:57:09Z</time>
   </trkpt>
   <trkpt lat="42.9780760" lon="-2.3961440">
    <ele>736.8</ele>
    <time>2019-01-05T08:57:13Z</time>
   </trkpt>
   <trkpt lat="42.9780540" lon="-2.3961080">
    <ele>737.0</ele>
    <time>2019-01-05T08:57:16Z</time>
   </trkpt>
   <trkpt lat="42.9780350" lon="-2.3960670">
    <ele>737.2</ele>
    <time>2019-01-05T08:57:19Z</time>
   </trkpt>
   <trkpt lat="42.9780220" lon="-2.3960210">
    <ele>737.4</ele>
    <time>2019-01-05T08:57:22Z</time>
   </trkpt>
   <trkpt lat="42.9780050" lon="-2.3959820">
    <ele>737.4</ele>
    <time>2019-01-05T08:57:25Z</time>
   </trkpt>
   <trkpt lat="42.9779920" lon="-2.3959440">
    <ele>737.4</ele>
    <time>2019-01-05T08:57:28Z</time>
   </trkpt>
   <trkpt lat="42.9779870" lon="-2.3959040">
    <ele>737.4</ele>
    <time>2019-01-05T08:57:31Z</time>
   </trkpt>
   <trkpt lat="42.9779720" lon="-2.3958720">
    <ele>737.4</ele>
    <time>2019-01-05T08:57:35Z</time>
   </trkpt>
   <trkpt lat="42.9779700" lon="-2.3958310">
    <ele>737.4</ele>
    <time>2019-01-05T08:57:40Z</time>
   </trkpt>
   <trkpt lat="42.9779660" lon="-2.3957820">
    <ele>737.3</ele>
    <time>2019-01-05T08:57:44Z</time>
   </trkpt>
   <trkpt lat="42.9779580" lon="-2.3957390">
    <ele>737.3</ele>
    <time>2019-01-05T08:57:47Z</time>
   </trkpt>
   <trkpt lat="42.9779420" lon="-2.3956950">
    <ele>737.3</ele>
    <time>2019-01-05T08:57:51Z</time>
   </trkpt>
   <trkpt lat="42.9779320" lon="-2.3956520">
    <ele>737.3</ele>
    <time>2019-01-05T08:57:54Z</time>
   </trkpt>
   <trkpt lat="42.9779310" lon="-2.3956130">
    <ele>737.3</ele>
    <time>2019-01-05T08:57:57Z</time>
   </trkpt>
   <trkpt lat="42.9779230" lon="-2.3955700">
    <ele>737.3</ele>
    <time>2019-01-05T08:58:00Z</time>
   </trkpt>
   <trkpt lat="42.9779170" lon="-2.3955290">
    <ele>737.2</ele>
    <time>2019-01-05T08:58:04Z</time>
   </trkpt>
   <trkpt lat="42.9779160" lon="-2.3954870">
    <ele>737.2</ele>
    <time>2019-01-05T08:58:08Z</time>
   </trkpt>
   <trkpt lat="42.9779140" lon="-2.3954460">
    <ele>737.5</ele>
    <time>2019-01-05T08:58:11Z</time>
   </trkpt>
   <trkpt lat="42.9779180" lon="-2.3954040">
    <ele>737.8</ele>
    <time>2019-01-05T08:58:14Z</time>
   </trkpt>
   <trkpt lat="42.9779230" lon="-2.3953600">
    <ele>738.1</ele>
    <time>2019-01-05T08:58:17Z</time>
   </trkpt>
   <trkpt lat="42.9779250" lon="-2.3953130">
    <ele>738.4</ele>
    <time>2019-01-05T08:58:20Z</time>
   </trkpt>
   <trkpt lat="42.9779260" lon="-2.3952710">
    <ele>738.7</ele>
    <time>2019-01-05T08:58:23Z</time>
   </trkpt>
   <trkpt lat="42.9779250" lon="-2.3952230">
    <ele>739.0</ele>
    <time>2019-01-05T08:58:27Z</time>
   </trkpt>
   <trkpt lat="42.9779210" lon="-2.3951800">
    <ele>739.3</ele>
    <time>2019-01-05T08:58:30Z</time>
   </trkpt>
   <trkpt lat="42.9779230" lon="-2.3951370">
    <ele>739.5</ele>
    <time>2019-01-05T08:58:34Z</time>
   </trkpt>
   <trkpt lat="42.9779230" lon="-2.3950970">
    <ele>739.7</ele>
    <time>2019-01-05T08:58:38Z</time>
   </trkpt>
   <trkpt lat="42.9779240" lon="-2.3950590">
    <ele>740.0</ele>
    <time>2019-01-05T08:58:42Z</time>
   </trkpt>
   <trkpt lat="42.9779200" lon="-2.3950140">
    <ele>740.2</ele>
    <time>2019-01-05T08:58:46Z</time>
   </trkpt>
   <trkpt lat="42.9779200" lon="-2.3949720">
    <ele>740.5</ele>
    <time>2019-01-05T08:58:49Z</time>
   </trkpt>
   <trkpt lat="42.9779160" lon="-2.3949260">
    <ele>740.8</ele>
    <time>2019-01-05T08:58:52Z</time>
   </trkpt>
   <trkpt lat="42.9779150" lon="-2.3948870">
    <ele>741.0</ele>
    <time>2019-01-05T08:58:55Z</time>
   </trkpt>
   <trkpt lat="42.9779150" lon="-2.3948480">
    <ele>741.2</ele>
    <time>2019-01-05T08:58:58Z</time>
   </trkpt>
   <trkpt lat="42.9779170" lon="-2.3948110">
    <ele>741.4</ele>
    <time>2019-01-05T08:59:01Z</time>
   </trkpt>
   <trkpt lat="42.9779180" lon="-2.3947710">
    <ele>741.7</ele>
    <time>2019-01-05T08:59:05Z</time>
   </trkpt>
   <trkpt lat="42.9779110" lon="-2.3947330">
    <ele>741.9</ele>
    <time>2019-01-05T08:59:09Z</time>
   </trkpt>
   <trkpt lat="42.9779120" lon="-2.3946960">
    <ele>742.1</ele>
    <time>2019-01-05T08:59:12Z</time>
   </trkpt>
   <trkpt lat="42.9779110" lon="-2.3946560">
    <ele>742.4</ele>
    <time>2019-01-05T08:59:15Z</time>
   </trkpt>
   <trkpt lat="42.9779120" lon="-2.3946170">
    <ele>742.6</ele>
    <time>2019-01-05T08:59:18Z</time>
   </trkpt>
   <trkpt lat="42.9779140" lon="-2.3945800">
    <ele>742.9</ele>
    <time>2019-01-05T08:59:21Z</time>
   </trkpt>
   <trkpt lat="42.9779160" lon="-2.3945320">
    <ele>743.2</ele>
    <time>2019-01-05T08:59:25Z</time>
   </trkpt>
   <trkpt lat="42.9779120" lon="-2.3944950">
    <ele>743.4</ele>
    <time>2019-01-05T08:59:28Z</time>
   </trkpt>
   <trkpt lat="42.9779080" lon="-2.3944580">
    <ele>743.6</ele>
    <time>2019-01-05T08:59:31Z</time>
   </trkpt>
   <trkpt lat="42.9779080" lon="-2.3944150">
    <ele>743.9</ele>
    <time>2019-01-05T08:59:34Z</time>
   </trkpt>
   <trkpt lat="42.9779070" lon="-2.3943750">
    <ele>744.1</ele>
    <time>2019-01-05T08:59:37Z</time>
   </trkpt>
   <trkpt lat="42.9779080" lon="-2.3943300">
    <ele>744.4</ele>
    <time>2019-01-05T08:59:40Z</time>
   </trkpt>
   <trkpt lat="42.9779090" lon="-2.3942920">
    <ele>744.6</ele>
    <time>2019-01-05T08:59:43Z</time>
   </trkpt>
   <trkpt lat="42.9779100" lon="-2.3942500">
    <ele>744.8</ele>
    <time>2019-01-05T08:59:46Z</time>
   </trkpt>
   <trkpt lat="42.9779130" lon="-2.3942080">
    <ele>745.0</ele>
    <time>2019-01-05T08:59:49Z</time>
   </trkpt>
   <trkpt lat="42.9779160" lon="-2.3941640">
    <ele>745.2</ele>
    <time>2019-01-05T08:59:52Z</time>
   </trkpt>
   <trkpt lat="42.9779150" lon="-2.3941260">
    <ele>745.4</ele>
    <time>2019-01-05T08:59:55Z</time>
   </trkpt>
   <trkpt lat="42.9779110" lon="-2.3940870">
    <ele>745.5</ele>
    <time>2019-01-05T08:59:58Z</time>
   </trkpt>
   <trkpt lat="42.9779090" lon="-2.3940500">
    <ele>745.7</ele>
    <time>2019-01-05T09:00:01Z</time>
   </trkpt>
   <trkpt lat="42.9779120" lon="-2.3940080">
    <ele>745.8</ele>
    <time>2019-01-05T09:00:04Z</time>
   </trkpt>
   <trkpt lat="42.9779120" lon="-2.3939650">
    <ele>746.0</ele>
    <time>2019-01-05T09:00:07Z</time>
   </trkpt>
   <trkpt lat="42.9779160" lon="-2.3939160">
    <ele>746.1</ele>
    <time>2019-01-05T09:00:10Z</time>
   </trkpt>
   <trkpt lat="42.9779140" lon="-2.3938680">
    <ele>746.2</ele>
    <time>2019-01-05T09:00:14Z</time>
   </trkpt>
   <trkpt lat="42.9779100" lon="-2.3938250">
    <ele>746.3</ele>
    <time>2019-01-05T09:00:18Z</time>
   </trkpt>
   <trkpt lat="42.9779070" lon="-2.3937810">
    <ele>746.4</ele>
    <time>2019-01-05T09:00:21Z</time>
   </trkpt>
   <trkpt lat="42.9778930" lon="-2.3937330">
    <ele>746.5</ele>
    <time>2019-01-05T09:00:24Z</time>
   </trkpt>
   <trkpt lat="42.9778780" lon="-2.3936870">
    <ele>746.7</ele>
    <time>2019-01-05T09:00:27Z</time>
   </trkpt>
   <trkpt lat="42.9778590" lon="-2.3936420">
    <ele>746.9</ele>
    <time>2019-01-05T09:00:30Z</time>
   </trkpt>
   <trkpt lat="42.9778450" lon="-2.3936000">
    <ele>747.1</ele>
    <time>2019-01-05T09:00:33Z</time>
   </trkpt>
   <trkpt lat="42.9778360" lon="-2.3935580">
    <ele>747.4</ele>
    <time>2019-01-05T09:00:36Z</time>
   </trkpt>
   <trkpt lat="42.9778320" lon="-2.3935080">
    <ele>747.7</ele>
    <time>2019-01-05T09:00:39Z</time>
   </trkpt>
   <trkpt lat="42.9778330" lon="-2.3934700">
    <ele>748.0</ele>
    <time>2019-01-05T09:00:41Z</time>
   </trkpt>
   <trkpt lat="42.9778330" lon="-2.3934340">
    <ele>748.3</ele>
    <time>2019-01-05T09:00:43Z</time>
   </trkpt>
   <trkpt lat="42.9778300" lon="-2.3933810">
    <ele>748.7</ele>
    <time>2019-01-05T09:00:46Z</time>
   </trkpt>
   <trkpt lat="42.9778290" lon="-2.3933420">
    <ele>749.0</ele>
    <time>2019-01-05T09:00:49Z</time>
   </trkpt>
   <trkpt lat="42.9778320" lon="-2.3932960">
    <ele>749.5</ele>
    <time>2019-01-05T09:00:53Z</time>
   </trkpt>
   <trkpt lat="42.9778360" lon="-2.3932510">
    <ele>749.8</ele>
    <time>2019-01-05T09:00:56Z</time>
   </trkpt>
   <trkpt lat="42.9778420" lon="-2.3932110">
    <ele>750.1</ele>
    <time>2019-01-05T09:00:59Z</time>
   </trkpt>
   <trkpt lat="42.9778510" lon="-2.3931610">
    <ele>750.5</ele>
    <time>2019-01-05T09:01:02Z</time>
   </trkpt>
   <trkpt lat="42.9778630" lon="-2.3931110">
    <ele>750.8</ele>
    <time>2019-01-05T09:01:05Z</time>
   </trkpt>
   <trkpt lat="42.9778700" lon="-2.3930630">
    <ele>751.1</ele>
    <time>2019-01-05T09:01:08Z</time>
   </trkpt>
   <trkpt lat="42.9778790" lon="-2.3930220">
    <ele>751.3</ele>
    <time>2019-01-05T09:01:11Z</time>
   </trkpt>
   <trkpt lat="42.9778820" lon="-2.3929750">
    <ele>751.4</ele>
    <time>2019-01-05T09:01:14Z</time>
   </trkpt>
   <trkpt lat="42.9778830" lon="-2.3929380">
    <ele>751.4</ele>
    <time>2019-01-05T09:01:18Z</time>
   </trkpt>
   <trkpt lat="42.9778800" lon="-2.3929010">
    <ele>751.4</ele>
    <time>2019-01-05T09:01:22Z</time>
   </trkpt>
   <trkpt lat="42.9778740" lon="-2.3928610">
    <ele>751.4</ele>
    <time>2019-01-05T09:01:26Z</time>
   </trkpt>
   <trkpt lat="42.9778560" lon="-2.3928250">
    <ele>751.3</ele>
    <time>2019-01-05T09:01:30Z</time>
   </trkpt>
   <trkpt lat="42.9778380" lon="-2.3927850">
    <ele>751.3</ele>
    <time>2019-01-05T09:01:34Z</time>
   </trkpt>
   <trkpt lat="42.9778160" lon="-2.3927580">
    <ele>751.3</ele>
    <time>2019-01-05T09:01:37Z</time>
   </trkpt>
   <trkpt lat="42.9777860" lon="-2.3927380">
    <ele>751.2</ele>
    <time>2019-01-05T09:01:40Z</time>
   </trkpt>
   <trkpt lat="42.9777660" lon="-2.3927100">
    <ele>751.1</ele>
    <time>2019-01-05T09:01:44Z</time>
   </trkpt>
   <trkpt lat="42.9777400" lon="-2.3926830">
    <ele>751.0</ele>
    <time>2019-01-05T09:01:48Z</time>
   </trkpt>
   <trkpt lat="42.9777100" lon="-2.3926610">
    <ele>751.0</ele>
    <time>2019-01-05T09:01:53Z</time>
   </trkpt>
   <trkpt lat="42.9776830" lon="-2.3926480">
    <ele>750.9</ele>
    <time>2019-01-05T09:01:57Z</time>
   </trkpt>
   <trkpt lat="42.9776510" lon="-2.3926360">
    <ele>750.9</ele>
    <time>2019-01-05T09:02:01Z</time>
   </trkpt>
   <trkpt lat="42.9776160" lon="-2.3926410">
    <ele>750.9</ele>
    <time>2019-01-05T09:02:04Z</time>
   </trkpt>
   <trkpt lat="42.9775880" lon="-2.3926490">
    <ele>750.9</ele>
    <time>2019-01-05T09:02:06Z</time>
   </trkpt>
   <trkpt lat="42.9775500" lon="-2.3926590">
    <ele>751.0</ele>
    <time>2019-01-05T09:02:09Z</time>
   </trkpt>
   <trkpt lat="42.9775130" lon="-2.3926600">
    <ele>751.0</ele>
    <time>2019-01-05T09:02:12Z</time>
   </trkpt>
   <trkpt lat="42.9774820" lon="-2.3926540">
    <ele>751.1</ele>
    <time>2019-01-05T09:02:15Z</time>
   </trkpt>
   <trkpt lat="42.9774490" lon="-2.3926480">
    <ele>751.1</ele>
    <time>2019-01-05T09:02:18Z</time>
   </trkpt>
   <trkpt lat="42.9774160" lon="-2.3926410">
    <ele>751.2</ele>
    <time>2019-01-05T09:02:21Z</time>
   </trkpt>
   <trkpt lat="42.9773880" lon="-2.3926310">
    <ele>751.2</ele>
    <time>2019-01-05T09:02:24Z</time>
   </trkpt>
   <trkpt lat="42.9773590" lon="-2.3926240">
    <ele>751.2</ele>
    <time>2019-01-05T09:02:27Z</time>
   </trkpt>
   <trkpt lat="42.9773220" lon="-2.3926140">
    <ele>751.2</ele>
    <time>2019-01-05T09:02:31Z</time>
   </trkpt>
   <trkpt lat="42.9772900" lon="-2.3926150">
    <ele>751.2</ele>
    <time>2019-01-05T09:02:34Z</time>
   </trkpt>
   <trkpt lat="42.9772570" lon="-2.3926040">
    <ele>751.1</ele>
    <time>2019-01-05T09:02:37Z</time>
   </trkpt>
   <trkpt lat="42.9772310" lon="-2.3925920">
    <ele>751.1</ele>
    <time>2019-01-05T09:02:39Z</time>
   </trkpt>
   <trkpt lat="42.9772050" lon="-2.3925670">
    <ele>751.0</ele>
    <time>2019-01-05T09:02:42Z</time>
   </trkpt>
   <trkpt lat="42.9771720" lon="-2.3925470">
    <ele>750.9</ele>
    <time>2019-01-05T09:02:45Z</time>
   </trkpt>
   <trkpt lat="42.9771440" lon="-2.3925390">
    <ele>750.8</ele>
    <time>2019-01-05T09:02:47Z</time>
   </trkpt>
   <trkpt lat="42.9771160" lon="-2.3925290">
    <ele>750.7</ele>
    <time>2019-01-05T09:02:50Z</time>
   </trkpt>
   <trkpt lat="42.9770930" lon="-2.3925080">
    <ele>750.6</ele>
    <time>2019-01-05T09:02:53Z</time>
   </trkpt>
   <trkpt lat="42.9770590" lon="-2.3924930">
    <ele>750.4</ele>
    <time>2019-01-05T09:02:57Z</time>
   </trkpt>
   <trkpt lat="42.9770280" lon="-2.3924930">
    <ele>750.3</ele>
    <time>2019-01-05T09:03:00Z</time>
   </trkpt>
   <trkpt lat="42.9769970" lon="-2.3924890">
    <ele>750.2</ele>
    <time>2019-01-05T09:03:03Z</time>
   </trkpt>
   <trkpt lat="42.9769670" lon="-2.3924750">
    <ele>750.1</ele>
    <time>2019-01-05T09:03:06Z</time>
   </trkpt>
   <trkpt lat="42.9769300" lon="-2.3924640">
    <ele>750.0</ele>
    <time>2019-01-05T09:03:09Z</time>
   </trkpt>
   <trkpt lat="42.9768950" lon="-2.3924600">
    <ele>749.9</ele>
    <time>2019-01-05T09:03:12Z</time>
   </trkpt>
   <trkpt lat="42.9768590" lon="-2.3924540">
    <ele>749.8</ele>
    <time>2019-01-05T09:03:15Z</time>
   </trkpt>
   <trkpt lat="42.9768280" lon="-2.3924470">
    <ele>749.7</ele>
    <time>2019-01-05T09:03:18Z</time>
   </trkpt>
   <trkpt lat="42.9767930" lon="-2.3924330">
    <ele>749.5</ele>
    <time>2019-01-05T09:03:21Z</time>
   </trkpt>
   <trkpt lat="42.9767590" lon="-2.3924090">
    <ele>749.4</ele>
    <time>2019-01-05T09:03:24Z</time>
   </trkpt>
   <trkpt lat="42.9767320" lon="-2.3923830">
    <ele>749.2</ele>
    <time>2019-01-05T09:03:27Z</time>
   </trkpt>
   <trkpt lat="42.9767120" lon="-2.3923500">
    <ele>749.1</ele>
    <time>2019-01-05T09:03:30Z</time>
   </trkpt>
   <trkpt lat="42.9766980" lon="-2.3923120">
    <ele>751.0</ele>
    <time>2019-01-05T09:03:33Z</time>
   </trkpt>
   <trkpt lat="42.9766780" lon="-2.3922800">
    <ele>752.3</ele>
    <time>2019-01-05T09:03:37Z</time>
   </trkpt>
   <trkpt lat="42.9766570" lon="-2.3922430">
    <ele>753.7</ele>
    <time>2019-01-05T09:04:01Z</time>
   </trkpt>
   <trkpt lat="42.9766630" lon="-2.3921990">
    <ele>755.0</ele>
    <time>2019-01-05T09:04:29Z</time>
   </trkpt>
   <trkpt lat="42.9766820" lon="-2.3921630">
    <ele>756.2</ele>
    <time>2019-01-05T09:04:35Z</time>
   </trkpt>
   <trkpt lat="42.9766670" lon="-2.3921310">
    <ele>757.2</ele>
    <time>2019-01-05T09:04:42Z</time>
   </trkpt>
   <trkpt lat="42.9766710" lon="-2.3920910">
    <ele>758.2</ele>
    <time>2019-01-05T09:04:48Z</time>
   </trkpt>
   <trkpt lat="42.9766680" lon="-2.3920510">
    <ele>759.2</ele>
    <time>2019-01-05T09:04:54Z</time>
   </trkpt>
   <trkpt lat="42.9766640" lon="-2.3920070">
    <ele>760.3</ele>
    <time>2019-01-05T09:05:00Z</time>
   </trkpt>
   <trkpt lat="42.9766680" lon="-2.3919650">
    <ele>761.2</ele>
    <time>2019-01-05T09:05:05Z</time>
   </trkpt>
   <trkpt lat="42.9766650" lon="-2.3919190">
    <ele>762.3</ele>
    <time>2019-01-05T09:05:09Z</time>
   </trkpt>
   <trkpt lat="42.9766640" lon="-2.3918750">
    <ele>763.2</ele>
    <time>2019-01-05T09:05:12Z</time>
   </trkpt>
   <trkpt lat="42.9766550" lon="-2.3918390">
    <ele>763.9</ele>
    <time>2019-01-05T09:05:15Z</time>
   </trkpt>
   <trkpt lat="42.9766470" lon="-2.3917990">
    <ele>764.7</ele>
    <time>2019-01-05T09:05:19Z</time>
   </trkpt>
   <trkpt lat="42.9766330" lon="-2.3917630">
    <ele>765.4</ele>
    <time>2019-01-05T09:05:22Z</time>
   </trkpt>
   <trkpt lat="42.9766220" lon="-2.3917230">
    <ele>766.1</ele>
    <time>2019-01-05T09:05:25Z</time>
   </trkpt>
   <trkpt lat="42.9766120" lon="-2.3916860">
    <ele>766.8</ele>
    <time>2019-01-05T09:05:28Z</time>
   </trkpt>
   <trkpt lat="42.9765990" lon="-2.3916470">
    <ele>767.5</ele>
    <time>2019-01-05T09:05:32Z</time>
   </trkpt>
   <trkpt lat="42.9765910" lon="-2.3916080">
    <ele>768.2</ele>
    <time>2019-01-05T09:05:36Z</time>
   </trkpt>
   <trkpt lat="42.9765890" lon="-2.3915640">
    <ele>768.9</ele>
    <time>2019-01-05T09:05:40Z</time>
   </trkpt>
   <trkpt lat="42.9765820" lon="-2.3915170">
    <ele>769.7</ele>
    <time>2019-01-05T09:05:45Z</time>
   </trkpt>
   <trkpt lat="42.9765700" lon="-2.3914750">
    <ele>770.5</ele>
    <time>2019-01-05T09:05:51Z</time>
   </trkpt>
   <trkpt lat="42.9765570" lon="-2.3914400">
    <ele>771.2</ele>
    <time>2019-01-05T09:05:54Z</time>
   </trkpt>
   <trkpt lat="42.9765550" lon="-2.3913920">
    <ele>772.1</ele>
    <time>2019-01-05T09:05:58Z</time>
   </trkpt>
   <trkpt lat="42.9765490" lon="-2.3913540">
    <ele>772.8</ele>
    <time>2019-01-05T09:06:01Z</time>
   </trkpt>
   <trkpt lat="42.9765340" lon="-2.3913090">
    <ele>773.8</ele>
    <time>2019-01-05T09:06:04Z</time>
   </trkpt>
   <trkpt lat="42.9765320" lon="-2.3912700">
    <ele>774.6</ele>
    <time>2019-01-05T09:06:06Z</time>
   </trkpt>
   <trkpt lat="42.9765380" lon="-2.3912250">
    <ele>775.6</ele>
    <time>2019-01-05T09:06:09Z</time>
   </trkpt>
   <trkpt lat="42.9765310" lon="-2.3911840">
    <ele>776.5</ele>
    <time>2019-01-05T09:06:13Z</time>
   </trkpt>
   <trkpt lat="42.9765200" lon="-2.3911450">
    <ele>777.3</ele>
    <time>2019-01-05T09:06:16Z</time>
   </trkpt>
   <trkpt lat="42.9765130" lon="-2.3911060">
    <ele>778.2</ele>
    <time>2019-01-05T09:06:19Z</time>
   </trkpt>
   <trkpt lat="42.9765060" lon="-2.3910660">
    <ele>779.0</ele>
    <time>2019-01-05T09:06:22Z</time>
   </trkpt>
   <trkpt lat="42.9764940" lon="-2.3910270">
    <ele>779.9</ele>
    <time>2019-01-05T09:06:25Z</time>
   </trkpt>
   <trkpt lat="42.9764870" lon="-2.3909910">
    <ele>780.7</ele>
    <time>2019-01-05T09:06:28Z</time>
   </trkpt>
   <trkpt lat="42.9764880" lon="-2.3909500">
    <ele>781.5</ele>
    <time>2019-01-05T09:06:32Z</time>
   </trkpt>
   <trkpt lat="42.9764830" lon="-2.3909100">
    <ele>782.4</ele>
    <time>2019-01-05T09:06:35Z</time>
   </trkpt>
   <trkpt lat="42.9764770" lon="-2.3908640">
    <ele>783.3</ele>
    <time>2019-01-05T09:06:40Z</time>
   </trkpt>
   <trkpt lat="42.9764630" lon="-2.3908190">
    <ele>784.3</ele>
    <time>2019-01-05T09:06:44Z</time>
   </trkpt>
   <trkpt lat="42.9764460" lon="-2.3907850">
    <ele>785.0</ele>
    <time>2019-01-05T09:06:47Z</time>
   </trkpt>
   <trkpt lat="42.9764320" lon="-2.3907470">
    <ele>785.8</ele>
    <time>2019-01-05T09:06:50Z</time>
   </trkpt>
   <trkpt lat="42.9764240" lon="-2.3907030">
    <ele>786.7</ele>
    <time>2019-01-05T09:06:53Z</time>
   </trkpt>
   <trkpt lat="42.9764290" lon="-2.3906590">
    <ele>787.4</ele>
    <time>2019-01-05T09:06:57Z</time>
   </trkpt>
   <trkpt lat="42.9764290" lon="-2.3906200">
    <ele>788.0</ele>
    <time>2019-01-05T09:07:00Z</time>
   </trkpt>
   <trkpt lat="42.9764350" lon="-2.3905790">
    <ele>788.7</ele>
    <time>2019-01-05T09:07:04Z</time>
   </trkpt>
   <trkpt lat="42.9764400" lon="-2.3905350">
    <ele>789.5</ele>
    <time>2019-01-05T09:07:09Z</time>
   </trkpt>
   <trkpt lat="42.9764440" lon="-2.3904870">
    <ele>790.5</ele>
    <time>2019-01-05T09:07:13Z</time>
   </trkpt>
   <trkpt lat="42.9764410" lon="-2.3904360">
    <ele>791.5</ele>
    <time>2019-01-05T09:07:16Z</time>
   </trkpt>
   <trkpt lat="42.9764420" lon="-2.3903960">
    <ele>792.3</ele>
    <time>2019-01-05T09:07:19Z</time>
   </trkpt>
   <trkpt lat="42.9764460" lon="-2.3903550">
    <ele>793.2</ele>
    <time>2019-01-05T09:07:22Z</time>
   </trkpt>
   <trkpt lat="42.9764520" lon="-2.3903100">
    <ele>794.1</ele>
    <time>2019-01-05T09:07:25Z</time>
   </trkpt>
   <trkpt lat="42.9764450" lon="-2.3902630">
    <ele>795.1</ele>
    <time>2019-01-05T09:07:29Z</time>
   </trkpt>
   <trkpt lat="42.9764420" lon="-2.3902160">
    <ele>796.0</ele>
    <time>2019-01-05T09:07:33Z</time>
   </trkpt>
   <trkpt lat="42.9764410" lon="-2.3901720">
    <ele>796.9</ele>
    <time>2019-01-05T09:07:37Z</time>
   </trkpt>
   <trkpt lat="42.9764460" lon="-2.3901300">
    <ele>797.8</ele>
    <time>2019-01-05T09:07:40Z</time>
   </trkpt>
   <trkpt lat="42.9764410" lon="-2.3900750">
    <ele>798.9</ele>
    <time>2019-01-05T09:07:43Z</time>
   </trkpt>
   <trkpt lat="42.9764470" lon="-2.3900250">
    <ele>800.0</ele>
    <time>2019-01-05T09:07:46Z</time>
   </trkpt>
   <trkpt lat="42.9764590" lon="-2.3899860">
    <ele>800.9</ele>
    <time>2019-01-05T09:07:49Z</time>
   </trkpt>
   <trkpt lat="42.9764640" lon="-2.3899440">
    <ele>801.7</ele>
    <time>2019-01-05T09:07:52Z</time>
   </trkpt>
   <trkpt lat="42.9764710" lon="-2.3899060">
    <ele>802.5</ele>
    <time>2019-01-05T09:07:56Z</time>
   </trkpt>
   <trkpt lat="42.9764850" lon="-2.3898670">
    <ele>803.3</ele>
    <time>2019-01-05T09:08:02Z</time>
   </trkpt>
   <trkpt lat="42.9764880" lon="-2.3898280">
    <ele>804.1</ele>
    <time>2019-01-05T09:08:06Z</time>
   </trkpt>
   <trkpt lat="42.9765000" lon="-2.3897880">
    <ele>804.9</ele>
    <time>2019-01-05T09:08:11Z</time>
   </trkpt>
   <trkpt lat="42.9765180" lon="-2.3897580">
    <ele>805.7</ele>
    <time>2019-01-05T09:08:14Z</time>
   </trkpt>
   <trkpt lat="42.9765400" lon="-2.3897300">
    <ele>806.5</ele>
    <time>2019-01-05T09:08:18Z</time>
   </trkpt>
   <trkpt lat="42.9765610" lon="-2.3896970">
    <ele>807.4</ele>
    <time>2019-01-05T09:08:21Z</time>
   </trkpt>
   <trkpt lat="42.9765800" lon="-2.3896650">
    <ele>808.3</ele>
    <time>2019-01-05T09:08:25Z</time>
   </trkpt>
   <trkpt lat="42.9766000" lon="-2.3896350">
    <ele>809.1</ele>
    <time>2019-01-05T09:08:28Z</time>
   </trkpt>
   <trkpt lat="42.9766270" lon="-2.3896050">
    <ele>810.1</ele>
    <time>2019-01-05T09:08:32Z</time>
   </trkpt>
   <trkpt lat="42.9766470" lon="-2.3895670">
    <ele>811.0</ele>
    <time>2019-01-05T09:08:35Z</time>
   </trkpt>
   <trkpt lat="42.9766620" lon="-2.3895300">
    <ele>811.9</ele>
    <time>2019-01-05T09:08:38Z</time>
   </trkpt>
   <trkpt lat="42.9766820" lon="-2.3894950">
    <ele>812.9</ele>
    <time>2019-01-05T09:08:41Z</time>
   </trkpt>
   <trkpt lat="42.9767000" lon="-2.3894570">
    <ele>813.9</ele>
    <time>2019-01-05T09:08:45Z</time>
   </trkpt>
   <trkpt lat="42.9767230" lon="-2.3894240">
    <ele>814.9</ele>
    <time>2019-01-05T09:08:49Z</time>
   </trkpt>
   <trkpt lat="42.9767420" lon="-2.3893900">
    <ele>815.9</ele>
    <time>2019-01-05T09:08:52Z</time>
   </trkpt>
   <trkpt lat="42.9767700" lon="-2.3893590">
    <ele>817.1</ele>
    <time>2019-01-05T09:08:56Z</time>
   </trkpt>
   <trkpt lat="42.9767920" lon="-2.3893340">
    <ele>818.0</ele>
    <time>2019-01-05T09:09:00Z</time>
   </trkpt>
   <trkpt lat="42.9768110" lon="-2.3892990">
    <ele>819.1</ele>
    <time>2019-01-05T09:09:04Z</time>
   </trkpt>
   <trkpt lat="42.9768240" lon="-2.3892640">
    <ele>820.1</ele>
    <time>2019-01-05T09:09:08Z</time>
   </trkpt>
   <trkpt lat="42.9768370" lon="-2.3892240">
    <ele>821.2</ele>
    <time>2019-01-05T09:09:12Z</time>
   </trkpt>
   <trkpt lat="42.9768600" lon="-2.3891960">
    <ele>822.2</ele>
    <time>2019-01-05T09:09:16Z</time>
   </trkpt>
   <trkpt lat="42.9768820" lon="-2.3891580">
    <ele>823.4</ele>
    <time>2019-01-05T09:09:20Z</time>
   </trkpt>
   <trkpt lat="42.9768890" lon="-2.3891180">
    <ele>824.4</ele>
    <time>2019-01-05T09:09:25Z</time>
   </trkpt>
   <trkpt lat="42.9768920" lon="-2.3890790">
    <ele>825.3</ele>
    <time>2019-01-05T09:09:29Z</time>
   </trkpt>
   <trkpt lat="42.9768730" lon="-2.3890480">
    <ele>827.0</ele>
    <time>2019-01-05T09:09:32Z</time>
   </trkpt>
   <trkpt lat="42.9768590" lon="-2.3890170">
    <ele>827.6</ele>
    <time>2019-01-05T09:09:38Z</time>
   </trkpt>
   <trkpt lat="42.9768350" lon="-2.3889920">
    <ele>828.3</ele>
    <time>2019-01-05T09:09:41Z</time>
   </trkpt>
   <trkpt lat="42.9768350" lon="-2.3889470">
    <ele>828.9</ele>
    <time>2019-01-05T09:09:47Z</time>
   </trkpt>
   <trkpt lat="42.9768110" lon="-2.3889160">
    <ele>829.5</ele>
    <time>2019-01-05T09:09:52Z</time>
   </trkpt>
   <trkpt lat="42.9767970" lon="-2.3888840">
    <ele>830.0</ele>
    <time>2019-01-05T09:09:55Z</time>
   </trkpt>
   <trkpt lat="42.9767750" lon="-2.3888550">
    <ele>830.5</ele>
    <time>2019-01-05T09:10:00Z</time>
   </trkpt>
   <trkpt lat="42.9767500" lon="-2.3888320">
    <ele>831.0</ele>
    <time>2019-01-05T09:10:03Z</time>
   </trkpt>
   <trkpt lat="42.9767310" lon="-2.3888020">
    <ele>831.4</ele>
    <time>2019-01-05T09:10:07Z</time>
   </trkpt>
   <trkpt lat="42.9767080" lon="-2.3887820">
    <ele>831.7</ele>
    <time>2019-01-05T09:10:10Z</time>
   </trkpt>
   <trkpt lat="42.9766850" lon="-2.3887610">
    <ele>832.1</ele>
    <time>2019-01-05T09:10:12Z</time>
   </trkpt>
   <trkpt lat="42.9766570" lon="-2.3887320">
    <ele>832.5</ele>
    <time>2019-01-05T09:10:14Z</time>
   </trkpt>
   <trkpt lat="42.9766240" lon="-2.3887230">
    <ele>832.9</ele>
    <time>2019-01-05T09:10:17Z</time>
   </trkpt>
   <trkpt lat="42.9765930" lon="-2.3887070">
    <ele>833.4</ele>
    <time>2019-01-05T09:10:21Z</time>
   </trkpt>
   <trkpt lat="42.9765730" lon="-2.3886800">
    <ele>833.9</ele>
    <time>2019-01-05T09:10:24Z</time>
   </trkpt>
   <trkpt lat="42.9765420" lon="-2.3886550">
    <ele>834.3</ele>
    <time>2019-01-05T09:10:29Z</time>
   </trkpt>
   <trkpt lat="42.9765120" lon="-2.3886310">
    <ele>834.7</ele>
    <time>2019-01-05T09:10:32Z</time>
   </trkpt>
   <trkpt lat="42.9764890" lon="-2.3886110">
    <ele>835.0</ele>
    <time>2019-01-05T09:10:36Z</time>
   </trkpt>
   <trkpt lat="42.9764570" lon="-2.3885990">
    <ele>835.5</ele>
    <time>2019-01-05T09:10:39Z</time>
   </trkpt>
   <trkpt lat="42.9764280" lon="-2.3885780">
    <ele>835.9</ele>
    <time>2019-01-05T09:10:42Z</time>
   </trkpt>
   <trkpt lat="42.9764000" lon="-2.3885440">
    <ele>836.4</ele>
    <time>2019-01-05T09:10:46Z</time>
   </trkpt>
   <trkpt lat="42.9763770" lon="-2.3885170">
    <ele>836.8</ele>
    <time>2019-01-05T09:10:49Z</time>
   </trkpt>
   <trkpt lat="42.9763530" lon="-2.3884890">
    <ele>837.1</ele>
    <time>2019-01-05T09:10:52Z</time>
   </trkpt>
   <trkpt lat="42.9763270" lon="-2.3884560">
    <ele>837.5</ele>
    <time>2019-01-05T09:10:55Z</time>
   </trkpt>
   <trkpt lat="42.9763000" lon="-2.3884220">
    <ele>837.9</ele>
    <time>2019-01-05T09:10:58Z</time>
   </trkpt>
   <trkpt lat="42.9762820" lon="-2.3883930">
    <ele>838.1</ele>
    <time>2019-01-05T09:11:01Z</time>
   </trkpt>
   <trkpt lat="42.9762560" lon="-2.3883650">
    <ele>838.5</ele>
    <time>2019-01-05T09:11:04Z</time>
   </trkpt>
   <trkpt lat="42.9762270" lon="-2.3883400">
    <ele>838.8</ele>
    <time>2019-01-05T09:11:07Z</time>
   </trkpt>
   <trkpt lat="42.9761970" lon="-2.3883150">
    <ele>839.2</ele>
    <time>2019-01-05T09:11:10Z</time>
   </trkpt>
   <trkpt lat="42.9761610" lon="-2.3883010">
    <ele>839.6</ele>
    <time>2019-01-05T09:11:13Z</time>
   </trkpt>
   <trkpt lat="42.9761300" lon="-2.3882840">
    <ele>839.9</ele>
    <time>2019-01-05T09:11:16Z</time>
   </trkpt>
   <trkpt lat="42.9760990" lon="-2.3882740">
    <ele>840.2</ele>
    <time>2019-01-05T09:11:19Z</time>
   </trkpt>
   <trkpt lat="42.9760630" lon="-2.3882520">
    <ele>840.6</ele>
    <time>2019-01-05T09:11:22Z</time>
   </trkpt>
   <trkpt lat="42.9760330" lon="-2.3882280">
    <ele>840.9</ele>
    <time>2019-01-05T09:11:25Z</time>
   </trkpt>
   <trkpt lat="42.9760190" lon="-2.3881820">
    <ele>841.3</ele>
    <time>2019-01-05T09:11:28Z</time>
   </trkpt>
   <trkpt lat="42.9759950" lon="-2.3881650">
    <ele>841.5</ele>
    <time>2019-01-05T09:11:30Z</time>
   </trkpt>
   <trkpt lat="42.9759690" lon="-2.3881490">
    <ele>841.8</ele>
    <time>2019-01-05T09:11:32Z</time>
   </trkpt>
   <trkpt lat="42.9759460" lon="-2.3881250">
    <ele>842.1</ele>
    <time>2019-01-05T09:11:34Z</time>
   </trkpt>
   <trkpt lat="42.9759180" lon="-2.3881030">
    <ele>842.4</ele>
    <time>2019-01-05T09:11:37Z</time>
   </trkpt>
   <trkpt lat="42.9758920" lon="-2.3880790">
    <ele>842.7</ele>
    <time>2019-01-05T09:11:40Z</time>
   </trkpt>
   <trkpt lat="42.9758640" lon="-2.3880570">
    <ele>843.0</ele>
    <time>2019-01-05T09:11:43Z</time>
   </trkpt>
   <trkpt lat="42.9758340" lon="-2.3880320">
    <ele>843.4</ele>
    <time>2019-01-05T09:11:46Z</time>
   </trkpt>
   <trkpt lat="42.9758080" lon="-2.3880100">
    <ele>843.7</ele>
    <time>2019-01-05T09:11:49Z</time>
   </trkpt>
   <trkpt lat="42.9757700" lon="-2.3879970">
    <ele>844.0</ele>
    <time>2019-01-05T09:11:53Z</time>
   </trkpt>
   <trkpt lat="42.9757460" lon="-2.3879740">
    <ele>844.3</ele>
    <time>2019-01-05T09:11:56Z</time>
   </trkpt>
   <trkpt lat="42.9757350" lon="-2.3879360">
    <ele>844.6</ele>
    <time>2019-01-05T09:11:59Z</time>
   </trkpt>
   <trkpt lat="42.9757170" lon="-2.3878930">
    <ele>845.0</ele>
    <time>2019-01-05T09:12:02Z</time>
   </trkpt>
   <trkpt lat="42.9756980" lon="-2.3878610">
    <ele>845.3</ele>
    <time>2019-01-05T09:12:05Z</time>
   </trkpt>
   <trkpt lat="42.9756760" lon="-2.3878380">
    <ele>845.6</ele>
    <time>2019-01-05T09:12:08Z</time>
   </trkpt>
   <trkpt lat="42.9756520" lon="-2.3878090">
    <ele>845.9</ele>
    <time>2019-01-05T09:12:12Z</time>
   </trkpt>
   <trkpt lat="42.9756330" lon="-2.3877710">
    <ele>846.3</ele>
    <time>2019-01-05T09:12:16Z</time>
   </trkpt>
   <trkpt lat="42.9756200" lon="-2.3877250">
    <ele>846.6</ele>
    <time>2019-01-05T09:12:20Z</time>
   </trkpt>
   <trkpt lat="42.9756040" lon="-2.3876840">
    <ele>847.0</ele>
    <time>2019-01-05T09:12:23Z</time>
   </trkpt>
   <trkpt lat="42.9755790" lon="-2.3876540">
    <ele>847.3</ele>
    <time>2019-01-05T09:12:26Z</time>
   </trkpt>
   <trkpt lat="42.9755590" lon="-2.3876220">
    <ele>847.6</ele>
    <time>2019-01-05T09:12:29Z</time>
   </trkpt>
   <trkpt lat="42.9755370" lon="-2.3875970">
    <ele>847.9</ele>
    <time>2019-01-05T09:12:32Z</time>
   </trkpt>
   <trkpt lat="42.9755180" lon="-2.3875660">
    <ele>848.2</ele>
    <time>2019-01-05T09:12:35Z</time>
   </trkpt>
   <trkpt lat="42.9754930" lon="-2.3875390">
    <ele>848.5</ele>
    <time>2019-01-05T09:12:38Z</time>
   </trkpt>
   <trkpt lat="42.9754640" lon="-2.3875140">
    <ele>848.8</ele>
    <time>2019-01-05T09:12:41Z</time>
   </trkpt>
   <trkpt lat="42.9754390" lon="-2.3874810">
    <ele>849.2</ele>
    <time>2019-01-05T09:12:45Z</time>
   </trkpt>
   <trkpt lat="42.9754260" lon="-2.3874470">
    <ele>849.4</ele>
    <time>2019-01-05T09:12:48Z</time>
   </trkpt>
   <trkpt lat="42.9754100" lon="-2.3874140">
    <ele>849.7</ele>
    <time>2019-01-05T09:12:51Z</time>
   </trkpt>
   <trkpt lat="42.9754000" lon="-2.3873740">
    <ele>850.0</ele>
    <time>2019-01-05T09:12:56Z</time>
   </trkpt>
   <trkpt lat="42.9754070" lon="-2.3873220">
    <ele>850.3</ele>
    <time>2019-01-05T09:13:00Z</time>
   </trkpt>
   <trkpt lat="42.9754100" lon="-2.3872790">
    <ele>850.6</ele>
    <time>2019-01-05T09:13:04Z</time>
   </trkpt>
   <trkpt lat="42.9754020" lon="-2.3872400">
    <ele>850.9</ele>
    <time>2019-01-05T09:13:07Z</time>
   </trkpt>
   <trkpt lat="42.9753940" lon="-2.3872010">
    <ele>851.1</ele>
    <time>2019-01-05T09:13:11Z</time>
   </trkpt>
   <trkpt lat="42.9753980" lon="-2.3871590">
    <ele>851.4</ele>
    <time>2019-01-05T09:13:17Z</time>
   </trkpt>
   <trkpt lat="42.9753890" lon="-2.3871210">
    <ele>851.7</ele>
    <time>2019-01-05T09:13:21Z</time>
   </trkpt>
   <trkpt lat="42.9753910" lon="-2.3870790">
    <ele>852.0</ele>
    <time>2019-01-05T09:13:25Z</time>
   </trkpt>
   <trkpt lat="42.9753810" lon="-2.3870410">
    <ele>852.3</ele>
    <time>2019-01-05T09:13:30Z</time>
   </trkpt>
   <trkpt lat="42.9753710" lon="-2.3870020">
    <ele>852.6</ele>
    <time>2019-01-05T09:13:33Z</time>
   </trkpt>
   <trkpt lat="42.9753670" lon="-2.3869550">
    <ele>852.9</ele>
    <time>2019-01-05T09:13:37Z</time>
   </trkpt>
   <trkpt lat="42.9753590" lon="-2.3869160">
    <ele>853.2</ele>
    <time>2019-01-05T09:13:40Z</time>
   </trkpt>
   <trkpt lat="42.9753580" lon="-2.3868720">
    <ele>853.5</ele>
    <time>2019-01-05T09:13:43Z</time>
   </trkpt>
   <trkpt lat="42.9753480" lon="-2.3868250">
    <ele>853.8</ele>
    <time>2019-01-05T09:13:47Z</time>
   </trkpt>
   <trkpt lat="42.9753320" lon="-2.3867770">
    <ele>854.2</ele>
    <time>2019-01-05T09:13:51Z</time>
   </trkpt>
   <trkpt lat="42.9753230" lon="-2.3867360">
    <ele>854.5</ele>
    <time>2019-01-05T09:13:55Z</time>
   </trkpt>
   <trkpt lat="42.9753350" lon="-2.3866950">
    <ele>854.8</ele>
    <time>2019-01-05T09:13:59Z</time>
   </trkpt>
   <trkpt lat="42.9753280" lon="-2.3866580">
    <ele>855.1</ele>
    <time>2019-01-05T09:14:02Z</time>
   </trkpt>
   <trkpt lat="42.9753150" lon="-2.3866170">
    <ele>855.5</ele>
    <time>2019-01-05T09:14:06Z</time>
   </trkpt>
   <trkpt lat="42.9753070" lon="-2.3865700">
    <ele>855.8</ele>
    <time>2019-01-05T09:14:10Z</time>
   </trkpt>
   <trkpt lat="42.9753030" lon="-2.3865310">
    <ele>856.1</ele>
    <time>2019-01-05T09:14:14Z</time>
   </trkpt>
   <trkpt lat="42.9753100" lon="-2.3864890">
    <ele>856.4</ele>
    <time>2019-01-05T09:14:18Z</time>
   </trkpt>
   <trkpt lat="42.9752900" lon="-2.3864510">
    <ele>856.8</ele>
    <time>2019-01-05T09:14:22Z</time>
   </trkpt>
   <trkpt lat="42.9752750" lon="-2.3864210">
    <ele>857.0</ele>
    <time>2019-01-05T09:14:25Z</time>
   </trkpt>
   <trkpt lat="42.9752510" lon="-2.3863890">
    <ele>857.4</ele>
    <time>2019-01-05T09:14:28Z</time>
   </trkpt>
   <trkpt lat="42.9752300" lon="-2.3863500">
    <ele>857.8</ele>
    <time>2019-01-05T09:14:32Z</time>
   </trkpt>
   <trkpt lat="42.9752100" lon="-2.3863100">
    <ele>858.1</ele>
    <time>2019-01-05T09:14:35Z</time>
   </trkpt>
   <trkpt lat="42.9752010" lon="-2.3862720">
    <ele>858.4</ele>
    <time>2019-01-05T09:14:38Z</time>
   </trkpt>
   <trkpt lat="42.9751880" lon="-2.3862380">
    <ele>858.7</ele>
    <time>2019-01-05T09:14:41Z</time>
   </trkpt>
   <trkpt lat="42.9751710" lon="-2.3862090">
    <ele>859.0</ele>
    <time>2019-01-05T09:14:44Z</time>
   </trkpt>
   <trkpt lat="42.9751520" lon="-2.3861810">
    <ele>859.3</ele>
    <time>2019-01-05T09:14:48Z</time>
   </trkpt>
   <trkpt lat="42.9751290" lon="-2.3861590">
    <ele>859.5</ele>
    <time>2019-01-05T09:14:52Z</time>
   </trkpt>
   <trkpt lat="42.9751050" lon="-2.3861210">
    <ele>860.0</ele>
    <time>2019-01-05T09:14:56Z</time>
   </trkpt>
   <trkpt lat="42.9750810" lon="-2.3860890">
    <ele>860.3</ele>
    <time>2019-01-05T09:15:00Z</time>
   </trkpt>
   <trkpt lat="42.9750600" lon="-2.3860640">
    <ele>860.7</ele>
    <time>2019-01-05T09:15:04Z</time>
   </trkpt>
   <trkpt lat="42.9750400" lon="-2.3860360">
    <ele>861.1</ele>
    <time>2019-01-05T09:15:09Z</time>
   </trkpt>
   <trkpt lat="42.9750200" lon="-2.3860030">
    <ele>861.5</ele>
    <time>2019-01-05T09:15:14Z</time>
   </trkpt>
   <trkpt lat="42.9749990" lon="-2.3859690">
    <ele>861.9</ele>
    <time>2019-01-05T09:15:18Z</time>
   </trkpt>
   <trkpt lat="42.9749750" lon="-2.3859460">
    <ele>862.3</ele>
    <time>2019-01-05T09:15:21Z</time>
   </trkpt>
   <trkpt lat="42.9749570" lon="-2.3859120">
    <ele>862.6</ele>
    <time>2019-01-05T09:15:24Z</time>
   </trkpt>
   <trkpt lat="42.9749430" lon="-2.3858760">
    <ele>863.0</ele>
    <time>2019-01-05T09:15:27Z</time>
   </trkpt>
   <trkpt lat="42.9749280" lon="-2.3858400">
    <ele>863.5</ele>
    <time>2019-01-05T09:15:30Z</time>
   </trkpt>
   <trkpt lat="42.9749060" lon="-2.3858020">
    <ele>864.0</ele>
    <time>2019-01-05T09:15:33Z</time>
   </trkpt>
   <trkpt lat="42.9748850" lon="-2.3857620">
    <ele>864.5</ele>
    <time>2019-01-05T09:15:36Z</time>
   </trkpt>
   <trkpt lat="42.9748640" lon="-2.3857180">
    <ele>864.9</ele>
    <time>2019-01-05T09:15:39Z</time>
   </trkpt>
   <trkpt lat="42.9748520" lon="-2.3856730">
    <ele>865.3</ele>
    <time>2019-01-05T09:15:43Z</time>
   </trkpt>
   <trkpt lat="42.9748430" lon="-2.3856260">
    <ele>865.6</ele>
    <time>2019-01-05T09:15:47Z</time>
   </trkpt>
   <trkpt lat="42.9748350" lon="-2.3855850">
    <ele>865.9</ele>
    <time>2019-01-05T09:15:51Z</time>
   </trkpt>
   <trkpt lat="42.9748120" lon="-2.3855540">
    <ele>866.2</ele>
    <time>2019-01-05T09:15:56Z</time>
   </trkpt>
   <trkpt lat="42.9747880" lon="-2.3855210">
    <ele>866.4</ele>
    <time>2019-01-05T09:16:00Z</time>
   </trkpt>
   <trkpt lat="42.9747700" lon="-2.3854910">
    <ele>866.7</ele>
    <time>2019-01-05T09:16:04Z</time>
   </trkpt>
   <trkpt lat="42.9747480" lon="-2.3854690">
    <ele>866.9</ele>
    <time>2019-01-05T09:16:07Z</time>
   </trkpt>
   <trkpt lat="42.9747260" lon="-2.3854360">
    <ele>867.2</ele>
    <time>2019-01-05T09:16:11Z</time>
   </trkpt>
   <trkpt lat="42.9746990" lon="-2.3854220">
    <ele>867.6</ele>
    <time>2019-01-05T09:16:14Z</time>
   </trkpt>
   <trkpt lat="42.9746690" lon="-2.3854000">
    <ele>867.9</ele>
    <time>2019-01-05T09:16:18Z</time>
   </trkpt>
   <trkpt lat="42.9746520" lon="-2.3853690">
    <ele>868.3</ele>
    <time>2019-01-05T09:16:22Z</time>
   </trkpt>
   <trkpt lat="42.9746380" lon="-2.3853320">
    <ele>868.6</ele>
    <time>2019-01-05T09:16:26Z</time>
   </trkpt>
   <trkpt lat="42.9746270" lon="-2.3852960">
    <ele>868.9</ele>
    <time>2019-01-05T09:16:29Z</time>
   </trkpt>
   <trkpt lat="42.9746220" lon="-2.3852550">
    <ele>869.3</ele>
    <time>2019-01-05T09:16:33Z</time>
   </trkpt>
   <trkpt lat="42.9746220" lon="-2.3852150">
    <ele>869.6</ele>
    <time>2019-01-05T09:16:37Z</time>
   </trkpt>
   <trkpt lat="42.9746150" lon="-2.3851720">
    <ele>869.8</ele>
    <time>2019-01-05T09:16:42Z</time>
   </trkpt>
   <trkpt lat="42.9746060" lon="-2.3851340">
    <ele>870.1</ele>
    <time>2019-01-05T09:16:45Z</time>
   </trkpt>
   <trkpt lat="42.9745890" lon="-2.3850980">
    <ele>870.3</ele>
    <time>2019-01-05T09:16:49Z</time>
   </trkpt>
   <trkpt lat="42.9745730" lon="-2.3850680">
    <ele>870.6</ele>
    <time>2019-01-05T09:16:54Z</time>
   </trkpt>
   <trkpt lat="42.9745440" lon="-2.3850590">
    <ele>870.9</ele>
    <time>2019-01-05T09:17:00Z</time>
   </trkpt>
   <trkpt lat="42.9745240" lon="-2.3850310">
    <ele>871.1</ele>
    <time>2019-01-05T09:17:31Z</time>
   </trkpt>
   <trkpt lat="42.9745010" lon="-2.3850130">
    <ele>871.4</ele>
    <time>2019-01-05T09:18:11Z</time>
   </trkpt>
   <trkpt lat="42.9745050" lon="-2.3849740">
    <ele>871.6</ele>
    <time>2019-01-05T09:20:03Z</time>
   </trkpt>
   <trkpt lat="42.9745090" lon="-2.3849300">
    <ele>871.8</ele>
    <time>2019-01-05T09:20:13Z</time>
   </trkpt>
   <trkpt lat="42.9745200" lon="-2.3848940">
    <ele>872.0</ele>
    <time>2019-01-05T09:20:20Z</time>
   </trkpt>
   <trkpt lat="42.9745310" lon="-2.3848600">
    <ele>872.2</ele>
    <time>2019-01-05T09:20:28Z</time>
   </trkpt>
   <trkpt lat="42.9745270" lon="-2.3848200">
    <ele>872.4</ele>
    <time>2019-01-05T09:20:34Z</time>
   </trkpt>
   <trkpt lat="42.9745250" lon="-2.3847810">
    <ele>872.6</ele>
    <time>2019-01-05T09:20:39Z</time>
   </trkpt>
   <trkpt lat="42.9745210" lon="-2.3847360">
    <ele>872.9</ele>
    <time>2019-01-05T09:20:43Z</time>
   </trkpt>
   <trkpt lat="42.9745260" lon="-2.3846920">
    <ele>873.2</ele>
    <time>2019-01-05T09:20:48Z</time>
   </trkpt>
   <trkpt lat="42.9745240" lon="-2.3846540">
    <ele>873.4</ele>
    <time>2019-01-05T09:20:52Z</time>
   </trkpt>
   <trkpt lat="42.9745250" lon="-2.3846070">
    <ele>873.7</ele>
    <time>2019-01-05T09:20:56Z</time>
   </trkpt>
   <trkpt lat="42.9745190" lon="-2.3845680">
    <ele>874.0</ele>
    <time>2019-01-05T09:20:59Z</time>
   </trkpt>
   <trkpt lat="42.9745090" lon="-2.3845320">
    <ele>874.2</ele>
    <time>2019-01-05T09:21:02Z</time>
   </trkpt>
   <trkpt lat="42.9745030" lon="-2.3844850">
    <ele>874.4</ele>
    <time>2019-01-05T09:21:06Z</time>
   </trkpt>
   <trkpt lat="42.9744970" lon="-2.3844420">
    <ele>874.7</ele>
    <time>2019-01-05T09:21:10Z</time>
   </trkpt>
   <trkpt lat="42.9744960" lon="-2.3844020">
    <ele>874.8</ele>
    <time>2019-01-05T09:21:14Z</time>
   </trkpt>
   <trkpt lat="42.9744940" lon="-2.3843640">
    <ele>875.0</ele>
    <time>2019-01-05T09:21:18Z</time>
   </trkpt>
   <trkpt lat="42.9744960" lon="-2.3843210">
    <ele>875.2</ele>
    <time>2019-01-05T09:21:22Z</time>
   </trkpt>
   <trkpt lat="42.9744860" lon="-2.3842860">
    <ele>875.4</ele>
    <time>2019-01-05T09:21:25Z</time>
   </trkpt>
   <trkpt lat="42.9744820" lon="-2.3842450">
    <ele>875.6</ele>
    <time>2019-01-05T09:21:28Z</time>
   </trkpt>
   <trkpt lat="42.9744630" lon="-2.3842020">
    <ele>875.8</ele>
    <time>2019-01-05T09:21:32Z</time>
   </trkpt>
   <trkpt lat="42.9744580" lon="-2.3841540">
    <ele>876.0</ele>
    <time>2019-01-05T09:21:36Z</time>
   </trkpt>
   <trkpt lat="42.9744580" lon="-2.3841080">
    <ele>876.2</ele>
    <time>2019-01-05T09:21:39Z</time>
   </trkpt>
   <trkpt lat="42.9744580" lon="-2.3840710">
    <ele>876.4</ele>
    <time>2019-01-05T09:21:42Z</time>
   </trkpt>
   <trkpt lat="42.9744540" lon="-2.3840260">
    <ele>876.6</ele>
    <time>2019-01-05T09:21:45Z</time>
   </trkpt>
   <trkpt lat="42.9744480" lon="-2.3839870">
    <ele>876.8</ele>
    <time>2019-01-05T09:21:48Z</time>
   </trkpt>
   <trkpt lat="42.9744410" lon="-2.3839440">
    <ele>877.0</ele>
    <time>2019-01-05T09:21:52Z</time>
   </trkpt>
   <trkpt lat="42.9744450" lon="-2.3839050">
    <ele>877.2</ele>
    <time>2019-01-05T09:21:58Z</time>
   </trkpt>
   <trkpt lat="42.9744430" lon="-2.3838620">
    <ele>877.4</ele>
    <time>2019-01-05T09:22:02Z</time>
   </trkpt>
   <trkpt lat="42.9744280" lon="-2.3838280">
    <ele>877.6</ele>
    <time>2019-01-05T09:22:05Z</time>
   </trkpt>
   <trkpt lat="42.9744180" lon="-2.3837850">
    <ele>877.9</ele>
    <time>2019-01-05T09:22:08Z</time>
   </trkpt>
   <trkpt lat="42.9744130" lon="-2.3837450">
    <ele>878.1</ele>
    <time>2019-01-05T09:22:11Z</time>
   </trkpt>
   <trkpt lat="42.9744120" lon="-2.3837010">
    <ele>878.4</ele>
    <time>2019-01-05T09:22:15Z</time>
   </trkpt>
   <trkpt lat="42.9744010" lon="-2.3836640">
    <ele>878.6</ele>
    <time>2019-01-05T09:22:18Z</time>
   </trkpt>
   <trkpt lat="42.9743830" lon="-2.3836280">
    <ele>878.8</ele>
    <time>2019-01-05T09:22:21Z</time>
   </trkpt>
   <trkpt lat="42.9743670" lon="-2.3835890">
    <ele>879.0</ele>
    <time>2019-01-05T09:22:24Z</time>
   </trkpt>
   <trkpt lat="42.9743480" lon="-2.3835570">
    <ele>879.3</ele>
    <time>2019-01-05T09:22:27Z</time>
   </trkpt>
   <trkpt lat="42.9743300" lon="-2.3835160">
    <ele>879.6</ele>
    <time>2019-01-05T09:22:31Z</time>
   </trkpt>
   <trkpt lat="42.9743230" lon="-2.3834750">
    <ele>879.9</ele>
    <time>2019-01-05T09:22:34Z</time>
   </trkpt>
   <trkpt lat="42.9743100" lon="-2.3834380">
    <ele>880.1</ele>
    <time>2019-01-05T09:22:38Z</time>
   </trkpt>
   <trkpt lat="42.9743050" lon="-2.3833910">
    <ele>880.3</ele>
    <time>2019-01-05T09:22:41Z</time>
   </trkpt>
   <trkpt lat="42.9743060" lon="-2.3833380">
    <ele>880.6</ele>
    <time>2019-01-05T09:22:44Z</time>
   </trkpt>
   <trkpt lat="42.9742910" lon="-2.3833010">
    <ele>880.7</ele>
    <time>2019-01-05T09:22:47Z</time>
   </trkpt>
   <trkpt lat="42.9742660" lon="-2.3832700">
    <ele>880.9</ele>
    <time>2019-01-05T09:22:50Z</time>
   </trkpt>
   <trkpt lat="42.9742450" lon="-2.3832320">
    <ele>881.2</ele>
    <time>2019-01-05T09:22:53Z</time>
   </trkpt>
   <trkpt lat="42.9742460" lon="-2.3831930">
    <ele>881.4</ele>
    <time>2019-01-05T09:22:56Z</time>
   </trkpt>
   <trkpt lat="42.9742520" lon="-2.3831530">
    <ele>881.6</ele>
    <time>2019-01-05T09:22:59Z</time>
   </trkpt>
   <trkpt lat="42.9742510" lon="-2.3831060">
    <ele>881.9</ele>
    <time>2019-01-05T09:23:03Z</time>
   </trkpt>
   <trkpt lat="42.9742490" lon="-2.3830660">
    <ele>882.1</ele>
    <time>2019-01-05T09:23:07Z</time>
   </trkpt>
   <trkpt lat="42.9742570" lon="-2.3830300">
    <ele>882.2</ele>
    <time>2019-01-05T09:23:10Z</time>
   </trkpt>
   <trkpt lat="42.9742680" lon="-2.3829900">
    <ele>882.5</ele>
    <time>2019-01-05T09:23:14Z</time>
   </trkpt>
   <trkpt lat="42.9742650" lon="-2.3829410">
    <ele>882.9</ele>
    <time>2019-01-05T09:23:18Z</time>
   </trkpt>
   <trkpt lat="42.9742730" lon="-2.3828990">
    <ele>883.2</ele>
    <time>2019-01-05T09:23:22Z</time>
   </trkpt>
   <trkpt lat="42.9742810" lon="-2.3828600">
    <ele>883.4</ele>
    <time>2019-01-05T09:23:25Z</time>
   </trkpt>
   <trkpt lat="42.9743010" lon="-2.3828290">
    <ele>883.7</ele>
    <time>2019-01-05T09:23:28Z</time>
   </trkpt>
   <trkpt lat="42.9743070" lon="-2.3827860">
    <ele>884.0</ele>
    <time>2019-01-05T09:23:32Z</time>
   </trkpt>
   <trkpt lat="42.9743000" lon="-2.3827390">
    <ele>884.4</ele>
    <time>2019-01-05T09:23:35Z</time>
   </trkpt>
   <trkpt lat="42.9742910" lon="-2.3827010">
    <ele>884.7</ele>
    <time>2019-01-05T09:23:38Z</time>
   </trkpt>
   <trkpt lat="42.9742780" lon="-2.3826630">
    <ele>885.1</ele>
    <time>2019-01-05T09:23:41Z</time>
   </trkpt>
   <trkpt lat="42.9742660" lon="-2.3826180">
    <ele>885.5</ele>
    <time>2019-01-05T09:23:45Z</time>
   </trkpt>
   <trkpt lat="42.9742390" lon="-2.3825900">
    <ele>886.0</ele>
    <time>2019-01-05T09:23:48Z</time>
   </trkpt>
   <trkpt lat="42.9742120" lon="-2.3825660">
    <ele>886.5</ele>
    <time>2019-01-05T09:23:50Z</time>
   </trkpt>
   <trkpt lat="42.9741890" lon="-2.3825450">
    <ele>886.9</ele>
    <time>2019-01-05T09:23:52Z</time>
   </trkpt>
   <trkpt lat="42.9741620" lon="-2.3825120">
    <ele>887.5</ele>
    <time>2019-01-05T09:23:55Z</time>
   </trkpt>
   <trkpt lat="42.9741380" lon="-2.3824860">
    <ele>888.0</ele>
    <time>2019-01-05T09:23:57Z</time>
   </trkpt>
   <trkpt lat="42.9741180" lon="-2.3824610">
    <ele>888.5</ele>
    <time>2019-01-05T09:23:59Z</time>
   </trkpt>
   <trkpt lat="42.9740990" lon="-2.3824250">
    <ele>889.0</ele>
    <time>2019-01-05T09:24:02Z</time>
   </trkpt>
   <trkpt lat="42.9740800" lon="-2.3823980">
    <ele>889.5</ele>
    <time>2019-01-05T09:24:05Z</time>
   </trkpt>
   <trkpt lat="42.9740610" lon="-2.3823680">
    <ele>890.0</ele>
    <time>2019-01-05T09:24:08Z</time>
   </trkpt>
   <trkpt lat="42.9740400" lon="-2.3823260">
    <ele>890.6</ele>
    <time>2019-01-05T09:24:11Z</time>
   </trkpt>
   <trkpt lat="42.9740270" lon="-2.3822910">
    <ele>891.0</ele>
    <time>2019-01-05T09:24:14Z</time>
   </trkpt>
   <trkpt lat="42.9740130" lon="-2.3822550">
    <ele>891.5</ele>
    <time>2019-01-05T09:24:19Z</time>
   </trkpt>
   <trkpt lat="42.9740040" lon="-2.3822170">
    <ele>891.9</ele>
    <time>2019-01-05T09:24:23Z</time>
   </trkpt>
   <trkpt lat="42.9740080" lon="-2.3821800">
    <ele>892.3</ele>
    <time>2019-01-05T09:24:27Z</time>
   </trkpt>
   <trkpt lat="42.9739930" lon="-2.3821450">
    <ele>892.7</ele>
    <time>2019-01-05T09:24:32Z</time>
   </trkpt>
   <trkpt lat="42.9739720" lon="-2.3821070">
    <ele>893.1</ele>
    <time>2019-01-05T09:24:37Z</time>
   </trkpt>
   <trkpt lat="42.9739580" lon="-2.3820740">
    <ele>893.5</ele>
    <time>2019-01-05T09:24:41Z</time>
   </trkpt>
   <trkpt lat="42.9739400" lon="-2.3820460">
    <ele>893.9</ele>
    <time>2019-01-05T09:24:44Z</time>
   </trkpt>
   <trkpt lat="42.9739170" lon="-2.3820170">
    <ele>894.3</ele>
    <time>2019-01-05T09:24:48Z</time>
   </trkpt>
   <trkpt lat="42.9738900" lon="-2.3820010">
    <ele>894.8</ele>
    <time>2019-01-05T09:24:51Z</time>
   </trkpt>
   <trkpt lat="42.9738620" lon="-2.3819800">
    <ele>895.2</ele>
    <time>2019-01-05T09:24:55Z</time>
   </trkpt>
   <trkpt lat="42.9738310" lon="-2.3819490">
    <ele>895.8</ele>
    <time>2019-01-05T09:24:59Z</time>
   </trkpt>
   <trkpt lat="42.9738040" lon="-2.3819290">
    <ele>896.1</ele>
    <time>2019-01-05T09:25:02Z</time>
   </trkpt>
   <trkpt lat="42.9737730" lon="-2.3819160">
    <ele>896.4</ele>
    <time>2019-01-05T09:25:05Z</time>
   </trkpt>
   <trkpt lat="42.9737420" lon="-2.3818960">
    <ele>897.1</ele>
    <time>2019-01-05T09:25:09Z</time>
   </trkpt>
   <trkpt lat="42.9737170" lon="-2.3818750">
    <ele>897.0</ele>
    <time>2019-01-05T09:25:14Z</time>
   </trkpt>
   <trkpt lat="42.9736870" lon="-2.3818550">
    <ele>897.0</ele>
    <time>2019-01-05T09:25:20Z</time>
   </trkpt>
   <trkpt lat="42.9736560" lon="-2.3818520">
    <ele>896.9</ele>
    <time>2019-01-05T09:25:23Z</time>
   </trkpt>
   <trkpt lat="42.9736210" lon="-2.3818620">
    <ele>896.9</ele>
    <time>2019-01-05T09:25:27Z</time>
   </trkpt>
   <trkpt lat="42.9735910" lon="-2.3818720">
    <ele>896.8</ele>
    <time>2019-01-05T09:25:30Z</time>
   </trkpt>
   <trkpt lat="42.9735610" lon="-2.3818830">
    <ele>896.8</ele>
    <time>2019-01-05T09:25:33Z</time>
   </trkpt>
   <trkpt lat="42.9735330" lon="-2.3819000">
    <ele>896.8</ele>
    <time>2019-01-05T09:25:36Z</time>
   </trkpt>
   <trkpt lat="42.9735020" lon="-2.3819170">
    <ele>896.7</ele>
    <time>2019-01-05T09:25:39Z</time>
   </trkpt>
   <trkpt lat="42.9734720" lon="-2.3819420">
    <ele>896.7</ele>
    <time>2019-01-05T09:25:42Z</time>
   </trkpt>
   <trkpt lat="42.9734410" lon="-2.3819700">
    <ele>896.6</ele>
    <time>2019-01-05T09:25:45Z</time>
   </trkpt>
   <trkpt lat="42.9734140" lon="-2.3819910">
    <ele>896.6</ele>
    <time>2019-01-05T09:25:48Z</time>
   </trkpt>
   <trkpt lat="42.9733830" lon="-2.3820040">
    <ele>896.6</ele>
    <time>2019-01-05T09:25:52Z</time>
   </trkpt>
   <trkpt lat="42.9733580" lon="-2.3820230">
    <ele>896.5</ele>
    <time>2019-01-05T09:25:55Z</time>
   </trkpt>
   <trkpt lat="42.9733320" lon="-2.3820440">
    <ele>896.5</ele>
    <time>2019-01-05T09:25:59Z</time>
   </trkpt>
   <trkpt lat="42.9733150" lon="-2.3820750">
    <ele>896.5</ele>
    <time>2019-01-05T09:26:02Z</time>
   </trkpt>
   <trkpt lat="42.9732950" lon="-2.3821030">
    <ele>896.4</ele>
    <time>2019-01-05T09:26:06Z</time>
   </trkpt>
   <trkpt lat="42.9732720" lon="-2.3821370">
    <ele>896.4</ele>
    <time>2019-01-05T09:26:10Z</time>
   </trkpt>
   <trkpt lat="42.9732470" lon="-2.3821680">
    <ele>896.3</ele>
    <time>2019-01-05T09:26:13Z</time>
   </trkpt>
   <trkpt lat="42.9732170" lon="-2.3821950">
    <ele>896.2</ele>
    <time>2019-01-05T09:26:17Z</time>
   </trkpt>
   <trkpt lat="42.9731860" lon="-2.3822040">
    <ele>896.1</ele>
    <time>2019-01-05T09:26:21Z</time>
   </trkpt>
   <trkpt lat="42.9731720" lon="-2.3822410">
    <ele>896.1</ele>
    <time>2019-01-05T09:26:25Z</time>
   </trkpt>
   <trkpt lat="42.9731590" lon="-2.3822740">
    <ele>896.0</ele>
    <time>2019-01-05T09:26:28Z</time>
   </trkpt>
   <trkpt lat="42.9731340" lon="-2.3823030">
    <ele>895.9</ele>
    <time>2019-01-05T09:26:32Z</time>
   </trkpt>
   <trkpt lat="42.9731070" lon="-2.3823220">
    <ele>895.8</ele>
    <time>2019-01-05T09:26:35Z</time>
   </trkpt>
   <trkpt lat="42.9730800" lon="-2.3823370">
    <ele>895.8</ele>
    <time>2019-01-05T09:26:38Z</time>
   </trkpt>
   <trkpt lat="42.9730500" lon="-2.3823510">
    <ele>895.7</ele>
    <time>2019-01-05T09:26:42Z</time>
   </trkpt>
   <trkpt lat="42.9730220" lon="-2.3823670">
    <ele>895.6</ele>
    <time>2019-01-05T09:26:45Z</time>
   </trkpt>
   <trkpt lat="42.9729990" lon="-2.3823870">
    <ele>895.5</ele>
    <time>2019-01-05T09:26:48Z</time>
   </trkpt>
   <trkpt lat="42.9729740" lon="-2.3824150">
    <ele>895.5</ele>
    <time>2019-01-05T09:26:54Z</time>
   </trkpt>
   <trkpt lat="42.9729380" lon="-2.3824110">
    <ele>895.4</ele>
    <time>2019-01-05T09:26:58Z</time>
   </trkpt>
   <trkpt lat="42.9729050" lon="-2.3824120">
    <ele>895.3</ele>
    <time>2019-01-05T09:27:05Z</time>
   </trkpt>
   <trkpt lat="42.9728750" lon="-2.3824060">
    <ele>895.2</ele>
    <time>2019-01-05T09:27:09Z</time>
   </trkpt>
   <trkpt lat="42.9728380" lon="-2.3824040">
    <ele>895.1</ele>
    <time>2019-01-05T09:27:13Z</time>
   </trkpt>
   <trkpt lat="42.9728100" lon="-2.3823890">
    <ele>895.0</ele>
    <time>2019-01-05T09:27:17Z</time>
   </trkpt>
   <trkpt lat="42.9727770" lon="-2.3823750">
    <ele>895.0</ele>
    <time>2019-01-05T09:27:21Z</time>
   </trkpt>
   <trkpt lat="42.9727450" lon="-2.3823660">
    <ele>894.9</ele>
    <time>2019-01-05T09:27:24Z</time>
   </trkpt>
   <trkpt lat="42.9727160" lon="-2.3823640">
    <ele>894.8</ele>
    <time>2019-01-05T09:27:28Z</time>
   </trkpt>
   <trkpt lat="42.9726870" lon="-2.3823550">
    <ele>894.7</ele>
    <time>2019-01-05T09:27:32Z</time>
   </trkpt>
   <trkpt lat="42.9726530" lon="-2.3823440">
    <ele>894.5</ele>
    <time>2019-01-05T09:27:35Z</time>
   </trkpt>
   <trkpt lat="42.9726190" lon="-2.3823420">
    <ele>894.4</ele>
    <time>2019-01-05T09:27:40Z</time>
   </trkpt>
   <trkpt lat="42.9725920" lon="-2.3823260">
    <ele>894.3</ele>
    <time>2019-01-05T09:27:44Z</time>
   </trkpt>
   <trkpt lat="42.9725670" lon="-2.3823110">
    <ele>894.1</ele>
    <time>2019-01-05T09:27:48Z</time>
   </trkpt>
   <trkpt lat="42.9725410" lon="-2.3822830">
    <ele>894.0</ele>
    <time>2019-01-05T09:27:53Z</time>
   </trkpt>
   <trkpt lat="42.9725150" lon="-2.3822560">
    <ele>893.9</ele>
    <time>2019-01-05T09:27:57Z</time>
   </trkpt>
   <trkpt lat="42.9724920" lon="-2.3822310">
    <ele>893.8</ele>
    <time>2019-01-05T09:28:01Z</time>
   </trkpt>
   <trkpt lat="42.9724700" lon="-2.3822040">
    <ele>893.7</ele>
    <time>2019-01-05T09:28:06Z</time>
   </trkpt>
   <trkpt lat="42.9724570" lon="-2.3821680">
    <ele>893.6</ele>
    <time>2019-01-05T09:28:11Z</time>
   </trkpt>
   <trkpt lat="42.9724510" lon="-2.3821300">
    <ele>893.8</ele>
    <time>2019-01-05T09:28:15Z</time>
   </trkpt>
   <trkpt lat="42.9724460" lon="-2.3820870">
    <ele>894.0</ele>
    <time>2019-01-05T09:28:20Z</time>
   </trkpt>
   <trkpt lat="42.9724450" lon="-2.3820500">
    <ele>894.2</ele>
    <time>2019-01-05T09:28:24Z</time>
   </trkpt>
   <trkpt lat="42.9724520" lon="-2.3820050">
    <ele>894.4</ele>
    <time>2019-01-05T09:28:29Z</time>
   </trkpt>
   <trkpt lat="42.9724680" lon="-2.3819690">
    <ele>894.6</ele>
    <time>2019-01-05T09:28:34Z</time>
   </trkpt>
   <trkpt lat="42.9724790" lon="-2.3819350">
    <ele>894.9</ele>
    <time>2019-01-05T09:28:38Z</time>
   </trkpt>
   <trkpt lat="42.9724730" lon="-2.3818940">
    <ele>895.1</ele>
    <time>2019-01-05T09:28:41Z</time>
   </trkpt>
   <trkpt lat="42.9724680" lon="-2.3818560">
    <ele>895.3</ele>
    <time>2019-01-05T09:28:44Z</time>
   </trkpt>
   <trkpt lat="42.9724700" lon="-2.3818190">
    <ele>895.5</ele>
    <time>2019-01-05T09:28:47Z</time>
   </trkpt>
   <trkpt lat="42.9724710" lon="-2.3817800">
    <ele>895.7</ele>
    <time>2019-01-05T09:28:50Z</time>
   </trkpt>
   <trkpt lat="42.9724740" lon="-2.3817360">
    <ele>895.9</ele>
    <time>2019-01-05T09:28:53Z</time>
   </trkpt>
   <trkpt lat="42.9724790" lon="-2.3816930">
    <ele>896.2</ele>
    <time>2019-01-05T09:28:57Z</time>
   </trkpt>
   <trkpt lat="42.9724840" lon="-2.3816560">
    <ele>896.4</ele>
    <time>2019-01-05T09:29:00Z</time>
   </trkpt>
   <trkpt lat="42.9724810" lon="-2.3816100">
    <ele>896.7</ele>
    <time>2019-01-05T09:29:04Z</time>
   </trkpt>
   <trkpt lat="42.9724860" lon="-2.3815730">
    <ele>896.9</ele>
    <time>2019-01-05T09:29:07Z</time>
   </trkpt>
   <trkpt lat="42.9724970" lon="-2.3815380">
    <ele>897.2</ele>
    <time>2019-01-05T09:29:11Z</time>
   </trkpt>
   <trkpt lat="42.9724940" lon="-2.3815010">
    <ele>897.5</ele>
    <time>2019-01-05T09:29:14Z</time>
   </trkpt>
   <trkpt lat="42.9724850" lon="-2.3814560">
    <ele>897.7</ele>
    <time>2019-01-05T09:29:17Z</time>
   </trkpt>
   <trkpt lat="42.9724700" lon="-2.3814210">
    <ele>898.0</ele>
    <time>2019-01-05T09:29:21Z</time>
   </trkpt>
   <trkpt lat="42.9724570" lon="-2.3813880">
    <ele>898.2</ele>
    <time>2019-01-05T09:29:24Z</time>
   </trkpt>
   <trkpt lat="42.9724420" lon="-2.3813540">
    <ele>898.4</ele>
    <time>2019-01-05T09:29:27Z</time>
   </trkpt>
   <trkpt lat="42.9724230" lon="-2.3813160">
    <ele>898.7</ele>
    <time>2019-01-05T09:29:30Z</time>
   </trkpt>
   <trkpt lat="42.9724090" lon="-2.3812760">
    <ele>898.9</ele>
    <time>2019-01-05T09:29:33Z</time>
   </trkpt>
   <trkpt lat="42.9724140" lon="-2.3812350">
    <ele>899.1</ele>
    <time>2019-01-05T09:29:36Z</time>
   </trkpt>
   <trkpt lat="42.9724000" lon="-2.3811940">
    <ele>899.4</ele>
    <time>2019-01-05T09:29:39Z</time>
   </trkpt>
   <trkpt lat="42.9723870" lon="-2.3811600">
    <ele>899.7</ele>
    <time>2019-01-05T09:29:42Z</time>
   </trkpt>
   <trkpt lat="42.9723710" lon="-2.3811240">
    <ele>900.1</ele>
    <time>2019-01-05T09:29:45Z</time>
   </trkpt>
   <trkpt lat="42.9723600" lon="-2.3810840">
    <ele>900.3</ele>
    <time>2019-01-05T09:29:48Z</time>
   </trkpt>
   <trkpt lat="42.9723440" lon="-2.3810510">
    <ele>900.5</ele>
    <time>2019-01-05T09:29:51Z</time>
   </trkpt>
   <trkpt lat="42.9723340" lon="-2.3810150">
    <ele>900.7</ele>
    <time>2019-01-05T09:29:54Z</time>
   </trkpt>
   <trkpt lat="42.9723250" lon="-2.3809740">
    <ele>900.9</ele>
    <time>2019-01-05T09:29:57Z</time>
   </trkpt>
   <trkpt lat="42.9723130" lon="-2.3809360">
    <ele>901.1</ele>
    <time>2019-01-05T09:30:04Z</time>
   </trkpt>
   <trkpt lat="42.9723170" lon="-2.3808880">
    <ele>901.5</ele>
    <time>2019-01-05T09:30:08Z</time>
   </trkpt>
   <trkpt lat="42.9723130" lon="-2.3808510">
    <ele>901.7</ele>
    <time>2019-01-05T09:30:12Z</time>
   </trkpt>
   <trkpt lat="42.9723010" lon="-2.3808140">
    <ele>902.1</ele>
    <time>2019-01-05T09:30:16Z</time>
   </trkpt>
   <trkpt lat="42.9722910" lon="-2.3807760">
    <ele>902.4</ele>
    <time>2019-01-05T09:30:20Z</time>
   </trkpt>
   <trkpt lat="42.9722800" lon="-2.3807350">
    <ele>902.6</ele>
    <time>2019-01-05T09:30:23Z</time>
   </trkpt>
   <trkpt lat="42.9722750" lon="-2.3806960">
    <ele>902.8</ele>
    <time>2019-01-05T09:30:26Z</time>
   </trkpt>
   <trkpt lat="42.9722590" lon="-2.3806510">
    <ele>903.0</ele>
    <time>2019-01-05T09:30:30Z</time>
   </trkpt>
   <trkpt lat="42.9722460" lon="-2.3806170">
    <ele>903.2</ele>
    <time>2019-01-05T09:30:34Z</time>
   </trkpt>
   <trkpt lat="42.9722310" lon="-2.3805800">
    <ele>903.4</ele>
    <time>2019-01-05T09:30:37Z</time>
   </trkpt>
   <trkpt lat="42.9722240" lon="-2.3805340">
    <ele>903.7</ele>
    <time>2019-01-05T09:30:42Z</time>
   </trkpt>
   <trkpt lat="42.9722160" lon="-2.3804940">
    <ele>904.0</ele>
    <time>2019-01-05T09:30:46Z</time>
   </trkpt>
   <trkpt lat="42.9722050" lon="-2.3804550">
    <ele>904.2</ele>
    <time>2019-01-05T09:30:51Z</time>
   </trkpt>
   <trkpt lat="42.9722070" lon="-2.3804130">
    <ele>904.5</ele>
    <time>2019-01-05T09:30:55Z</time>
   </trkpt>
   <trkpt lat="42.9722070" lon="-2.3803690">
    <ele>904.7</ele>
    <time>2019-01-05T09:30:59Z</time>
   </trkpt>
   <trkpt lat="42.9722140" lon="-2.3803270">
    <ele>905.0</ele>
    <time>2019-01-05T09:31:03Z</time>
   </trkpt>
   <trkpt lat="42.9722130" lon="-2.3802830">
    <ele>905.2</ele>
    <time>2019-01-05T09:31:07Z</time>
   </trkpt>
   <trkpt lat="42.9722130" lon="-2.3802460">
    <ele>905.4</ele>
    <time>2019-01-05T09:31:10Z</time>
   </trkpt>
   <trkpt lat="42.9722090" lon="-2.3802010">
    <ele>905.7</ele>
    <time>2019-01-05T09:31:14Z</time>
   </trkpt>
   <trkpt lat="42.9722070" lon="-2.3801550">
    <ele>905.9</ele>
    <time>2019-01-05T09:31:17Z</time>
   </trkpt>
   <trkpt lat="42.9722040" lon="-2.3801140">
    <ele>906.1</ele>
    <time>2019-01-05T09:31:20Z</time>
   </trkpt>
   <trkpt lat="42.9721970" lon="-2.3800660">
    <ele>906.4</ele>
    <time>2019-01-05T09:31:24Z</time>
   </trkpt>
   <trkpt lat="42.9721720" lon="-2.3800220">
    <ele>906.7</ele>
    <time>2019-01-05T09:31:30Z</time>
   </trkpt>
   <trkpt lat="42.9721460" lon="-2.3800030">
    <ele>907.0</ele>
    <time>2019-01-05T09:31:35Z</time>
   </trkpt>
   <trkpt lat="42.9721160" lon="-2.3799870">
    <ele>907.3</ele>
    <time>2019-01-05T09:31:39Z</time>
   </trkpt>
   <trkpt lat="42.9720810" lon="-2.3799740">
    <ele>907.7</ele>
    <time>2019-01-05T09:31:43Z</time>
   </trkpt>
   <trkpt lat="42.9720470" lon="-2.3799690">
    <ele>908.0</ele>
    <time>2019-01-05T09:31:47Z</time>
   </trkpt>
   <trkpt lat="42.9720160" lon="-2.3799540">
    <ele>908.3</ele>
    <time>2019-01-05T09:31:51Z</time>
   </trkpt>
   <trkpt lat="42.9719910" lon="-2.3799380">
    <ele>908.6</ele>
    <time>2019-01-05T09:31:55Z</time>
   </trkpt>
   <trkpt lat="42.9719550" lon="-2.3799280">
    <ele>909.1</ele>
    <time>2019-01-05T09:31:59Z</time>
   </trkpt>
   <trkpt lat="42.9719230" lon="-2.3799130">
    <ele>909.5</ele>
    <time>2019-01-05T09:32:03Z</time>
   </trkpt>
   <trkpt lat="42.9719030" lon="-2.3798830">
    <ele>909.8</ele>
    <time>2019-01-05T09:32:08Z</time>
   </trkpt>
   <trkpt lat="42.9718790" lon="-2.3798640">
    <ele>910.0</ele>
    <time>2019-01-05T09:32:12Z</time>
   </trkpt>
   <trkpt lat="42.9718500" lon="-2.3798540">
    <ele>910.2</ele>
    <time>2019-01-05T09:32:16Z</time>
   </trkpt>
   <trkpt lat="42.9718280" lon="-2.3798330">
    <ele>910.3</ele>
    <time>2019-01-05T09:32:20Z</time>
   </trkpt>
   <trkpt lat="42.9718170" lon="-2.3797910">
    <ele>910.5</ele>
    <time>2019-01-05T09:32:24Z</time>
   </trkpt>
   <trkpt lat="42.9718060" lon="-2.3797570">
    <ele>910.7</ele>
    <time>2019-01-05T09:32:26Z</time>
   </trkpt>
   <trkpt lat="42.9717780" lon="-2.3797210">
    <ele>910.9</ele>
    <time>2019-01-05T09:32:29Z</time>
   </trkpt>
   <trkpt lat="42.9717630" lon="-2.3796860">
    <ele>911.0</ele>
    <time>2019-01-05T09:32:33Z</time>
   </trkpt>
   <trkpt lat="42.9717480" lon="-2.3796490">
    <ele>911.3</ele>
    <time>2019-01-05T09:32:36Z</time>
   </trkpt>
   <trkpt lat="42.9717230" lon="-2.3796260">
    <ele>911.6</ele>
    <time>2019-01-05T09:32:39Z</time>
   </trkpt>
   <trkpt lat="42.9716970" lon="-2.3795970">
    <ele>911.9</ele>
    <time>2019-01-05T09:32:43Z</time>
   </trkpt>
   <trkpt lat="42.9716710" lon="-2.3795670">
    <ele>912.1</ele>
    <time>2019-01-05T09:32:46Z</time>
   </trkpt>
   <trkpt lat="42.9716420" lon="-2.3795460">
    <ele>912.3</ele>
    <time>2019-01-05T09:32:49Z</time>
   </trkpt>
   <trkpt lat="42.9716190" lon="-2.3795100">
    <ele>912.5</ele>
    <time>2019-01-05T09:32:53Z</time>
   </trkpt>
   <trkpt lat="42.9715880" lon="-2.3794810">
    <ele>912.7</ele>
    <time>2019-01-05T09:32:56Z</time>
   </trkpt>
   <trkpt lat="42.9715690" lon="-2.3794520">
    <ele>912.9</ele>
    <time>2019-01-05T09:32:59Z</time>
   </trkpt>
   <trkpt lat="42.9715470" lon="-2.3794210">
    <ele>913.1</ele>
    <time>2019-01-05T09:33:02Z</time>
   </trkpt>
   <trkpt lat="42.9715100" lon="-2.3794030">
    <ele>913.4</ele>
    <time>2019-01-05T09:33:05Z</time>
   </trkpt>
   <trkpt lat="42.9714890" lon="-2.3793730">
    <ele>913.6</ele>
    <time>2019-01-05T09:33:09Z</time>
   </trkpt>
   <trkpt lat="42.9714750" lon="-2.3793410">
    <ele>913.8</ele>
    <time>2019-01-05T09:33:14Z</time>
   </trkpt>
   <trkpt lat="42.9714590" lon="-2.3793030">
    <ele>914.0</ele>
    <time>2019-01-05T09:33:18Z</time>
   </trkpt>
   <trkpt lat="42.9714350" lon="-2.3792700">
    <ele>914.4</ele>
    <time>2019-01-05T09:33:22Z</time>
   </trkpt>
   <trkpt lat="42.9714130" lon="-2.3792410">
    <ele>914.8</ele>
    <time>2019-01-05T09:33:25Z</time>
   </trkpt>
   <trkpt lat="42.9713950" lon="-2.3792130">
    <ele>915.1</ele>
    <time>2019-01-05T09:33:27Z</time>
   </trkpt>
   <trkpt lat="42.9713750" lon="-2.3791830">
    <ele>915.4</ele>
    <time>2019-01-05T09:33:29Z</time>
   </trkpt>
   <trkpt lat="42.9713580" lon="-2.3791480">
    <ele>915.7</ele>
    <time>2019-01-05T09:33:31Z</time>
   </trkpt>
   <trkpt lat="42.9713340" lon="-2.3791170">
    <ele>916.1</ele>
    <time>2019-01-05T09:33:33Z</time>
   </trkpt>
   <trkpt lat="42.9713110" lon="-2.3790860">
    <ele>916.4</ele>
    <time>2019-01-05T09:33:35Z</time>
   </trkpt>
   <trkpt lat="42.9712900" lon="-2.3790600">
    <ele>916.8</ele>
    <time>2019-01-05T09:33:37Z</time>
   </trkpt>
   <trkpt lat="42.9712660" lon="-2.3790360">
    <ele>917.1</ele>
    <time>2019-01-05T09:33:39Z</time>
   </trkpt>
   <trkpt lat="42.9712420" lon="-2.3790160">
    <ele>917.4</ele>
    <time>2019-01-05T09:33:41Z</time>
   </trkpt>
   <trkpt lat="42.9712130" lon="-2.3789910">
    <ele>917.7</ele>
    <time>2019-01-05T09:33:45Z</time>
   </trkpt>
   <trkpt lat="42.9711860" lon="-2.3789750">
    <ele>918.0</ele>
    <time>2019-01-05T09:33:48Z</time>
   </trkpt>
   <trkpt lat="42.9711600" lon="-2.3789540">
    <ele>918.3</ele>
    <time>2019-01-05T09:33:51Z</time>
   </trkpt>
   <trkpt lat="42.9711420" lon="-2.3789240">
    <ele>918.6</ele>
    <time>2019-01-05T09:33:54Z</time>
   </trkpt>
   <trkpt lat="42.9711250" lon="-2.3788900">
    <ele>918.9</ele>
    <time>2019-01-05T09:33:58Z</time>
   </trkpt>
   <trkpt lat="42.9711000" lon="-2.3788640">
    <ele>919.3</ele>
    <time>2019-01-05T09:34:02Z</time>
   </trkpt>
   <trkpt lat="42.9710950" lon="-2.3788220">
    <ele>919.7</ele>
    <time>2019-01-05T09:34:06Z</time>
   </trkpt>
   <trkpt lat="42.9710790" lon="-2.3787870">
    <ele>920.1</ele>
    <time>2019-01-05T09:34:10Z</time>
   </trkpt>
   <trkpt lat="42.9710500" lon="-2.3787500">
    <ele>920.6</ele>
    <time>2019-01-05T09:34:14Z</time>
   </trkpt>
   <trkpt lat="42.9710270" lon="-2.3787080">
    <ele>921.0</ele>
    <time>2019-01-05T09:34:17Z</time>
   </trkpt>
   <trkpt lat="42.9710120" lon="-2.3786770">
    <ele>921.2</ele>
    <time>2019-01-05T09:34:19Z</time>
   </trkpt>
   <trkpt lat="42.9709990" lon="-2.3786310">
    <ele>921.5</ele>
    <time>2019-01-05T09:34:22Z</time>
   </trkpt>
   <trkpt lat="42.9709940" lon="-2.3785880">
    <ele>921.8</ele>
    <time>2019-01-05T09:34:25Z</time>
   </trkpt>
   <trkpt lat="42.9709870" lon="-2.3785490">
    <ele>922.0</ele>
    <time>2019-01-05T09:34:28Z</time>
   </trkpt>
   <trkpt lat="42.9709750" lon="-2.3785040">
    <ele>922.3</ele>
    <time>2019-01-05T09:34:31Z</time>
   </trkpt>
   <trkpt lat="42.9709700" lon="-2.3784560">
    <ele>922.6</ele>
    <time>2019-01-05T09:34:35Z</time>
   </trkpt>
   <trkpt lat="42.9709770" lon="-2.3784040">
    <ele>922.9</ele>
    <time>2019-01-05T09:34:40Z</time>
   </trkpt>
   <trkpt lat="42.9709670" lon="-2.3783660">
    <ele>923.2</ele>
    <time>2019-01-05T09:34:43Z</time>
   </trkpt>
   <trkpt lat="42.9709520" lon="-2.3783330">
    <ele>923.5</ele>
    <time>2019-01-05T09:34:46Z</time>
   </trkpt>
   <trkpt lat="42.9709210" lon="-2.3783100">
    <ele>923.9</ele>
    <time>2019-01-05T09:34:49Z</time>
   </trkpt>
   <trkpt lat="42.9708910" lon="-2.3782980">
    <ele>924.2</ele>
    <time>2019-01-05T09:34:52Z</time>
   </trkpt>
   <trkpt lat="42.9708770" lon="-2.3782580">
    <ele>924.5</ele>
    <time>2019-01-05T09:34:57Z</time>
   </trkpt>
   <trkpt lat="42.9708830" lon="-2.3782090">
    <ele>924.9</ele>
    <time>2019-01-05T09:35:02Z</time>
   </trkpt>
   <trkpt lat="42.9708890" lon="-2.3781660">
    <ele>925.2</ele>
    <time>2019-01-05T09:35:04Z</time>
   </trkpt>
   <trkpt lat="42.9708870" lon="-2.3781140">
    <ele>925.5</ele>
    <time>2019-01-05T09:35:07Z</time>
   </trkpt>
   <trkpt lat="42.9708790" lon="-2.3780720">
    <ele>925.8</ele>
    <time>2019-01-05T09:35:10Z</time>
   </trkpt>
   <trkpt lat="42.9708730" lon="-2.3780260">
    <ele>926.1</ele>
    <time>2019-01-05T09:35:14Z</time>
   </trkpt>
   <trkpt lat="42.9708700" lon="-2.3779750">
    <ele>926.5</ele>
    <time>2019-01-05T09:35:18Z</time>
   </trkpt>
   <trkpt lat="42.9708650" lon="-2.3779310">
    <ele>926.8</ele>
    <time>2019-01-05T09:35:21Z</time>
   </trkpt>
   <trkpt lat="42.9708570" lon="-2.3778880">
    <ele>927.0</ele>
    <time>2019-01-05T09:35:25Z</time>
   </trkpt>
   <trkpt lat="42.9708510" lon="-2.3778370">
    <ele>927.3</ele>
    <time>2019-01-05T09:35:29Z</time>
   </trkpt>
   <trkpt lat="42.9708570" lon="-2.3777970">
    <ele>927.5</ele>
    <time>2019-01-05T09:35:32Z</time>
   </trkpt>
   <trkpt lat="42.9708660" lon="-2.3777580">
    <ele>927.7</ele>
    <time>2019-01-05T09:35:35Z</time>
   </trkpt>
   <trkpt lat="42.9708650" lon="-2.3777140">
    <ele>928.0</ele>
    <time>2019-01-05T09:35:38Z</time>
   </trkpt>
   <trkpt lat="42.9708560" lon="-2.3776710">
    <ele>928.2</ele>
    <time>2019-01-05T09:35:42Z</time>
   </trkpt>
   <trkpt lat="42.9708500" lon="-2.3776260">
    <ele>928.5</ele>
    <time>2019-01-05T09:35:45Z</time>
   </trkpt>
   <trkpt lat="42.9708330" lon="-2.3775790">
    <ele>928.8</ele>
    <time>2019-01-05T09:35:48Z</time>
   </trkpt>
   <trkpt lat="42.9708200" lon="-2.3775320">
    <ele>929.1</ele>
    <time>2019-01-05T09:35:51Z</time>
   </trkpt>
   <trkpt lat="42.9708120" lon="-2.3774880">
    <ele>929.4</ele>
    <time>2019-01-05T09:35:54Z</time>
   </trkpt>
   <trkpt lat="42.9708040" lon="-2.3774400">
    <ele>929.6</ele>
    <time>2019-01-05T09:35:57Z</time>
   </trkpt>
   <trkpt lat="42.9707940" lon="-2.3774040">
    <ele>929.9</ele>
    <time>2019-01-05T09:36:00Z</time>
   </trkpt>
   <trkpt lat="42.9707840" lon="-2.3773540">
    <ele>930.3</ele>
    <time>2019-01-05T09:36:03Z</time>
   </trkpt>
   <trkpt lat="42.9707770" lon="-2.3773160">
    <ele>930.6</ele>
    <time>2019-01-05T09:36:05Z</time>
   </trkpt>
   <trkpt lat="42.9707680" lon="-2.3772810">
    <ele>930.9</ele>
    <time>2019-01-05T09:36:07Z</time>
   </trkpt>
   <trkpt lat="42.9707490" lon="-2.3772500">
    <ele>931.3</ele>
    <time>2019-01-05T09:36:11Z</time>
   </trkpt>
   <trkpt lat="42.9707370" lon="-2.3772170">
    <ele>931.5</ele>
    <time>2019-01-05T09:36:15Z</time>
   </trkpt>
   <trkpt lat="42.9707330" lon="-2.3771760">
    <ele>931.9</ele>
    <time>2019-01-05T09:36:21Z</time>
   </trkpt>
   <trkpt lat="42.9707330" lon="-2.3771400">
    <ele>932.2</ele>
    <time>2019-01-05T09:36:24Z</time>
   </trkpt>
   <trkpt lat="42.9707370" lon="-2.3771000">
    <ele>932.6</ele>
    <time>2019-01-05T09:36:27Z</time>
   </trkpt>
   <trkpt lat="42.9707370" lon="-2.3770470">
    <ele>933.1</ele>
    <time>2019-01-05T09:36:30Z</time>
   </trkpt>
   <trkpt lat="42.9707390" lon="-2.3770100">
    <ele>933.3</ele>
    <time>2019-01-05T09:36:33Z</time>
   </trkpt>
   <trkpt lat="42.9707420" lon="-2.3769700">
    <ele>933.7</ele>
    <time>2019-01-05T09:36:37Z</time>
   </trkpt>
   <trkpt lat="42.9707400" lon="-2.3769230">
    <ele>934.0</ele>
    <time>2019-01-05T09:36:40Z</time>
   </trkpt>
   <trkpt lat="42.9707340" lon="-2.3768790">
    <ele>934.4</ele>
    <time>2019-01-05T09:36:43Z</time>
   </trkpt>
   <trkpt lat="42.9707220" lon="-2.3768410">
    <ele>934.7</ele>
    <time>2019-01-05T09:36:47Z</time>
   </trkpt>
   <trkpt lat="42.9707170" lon="-2.3768020">
    <ele>935.0</ele>
    <time>2019-01-05T09:36:51Z</time>
   </trkpt>
   <trkpt lat="42.9707260" lon="-2.3767470">
    <ele>935.5</ele>
    <time>2019-01-05T09:36:58Z</time>
   </trkpt>
   <trkpt lat="42.9707350" lon="-2.3767010">
    <ele>936.1</ele>
    <time>2019-01-05T09:37:01Z</time>
   </trkpt>
   <trkpt lat="42.9707350" lon="-2.3766620">
    <ele>936.6</ele>
    <time>2019-01-05T09:37:05Z</time>
   </trkpt>
   <trkpt lat="42.9707430" lon="-2.3766240">
    <ele>937.1</ele>
    <time>2019-01-05T09:37:09Z</time>
   </trkpt>
   <trkpt lat="42.9707690" lon="-2.3765990">
    <ele>937.5</ele>
    <time>2019-01-05T09:37:13Z</time>
   </trkpt>
   <trkpt lat="42.9707930" lon="-2.3765660">
    <ele>938.0</ele>
    <time>2019-01-05T09:37:16Z</time>
   </trkpt>
   <trkpt lat="42.9708110" lon="-2.3765370">
    <ele>938.4</ele>
    <time>2019-01-05T09:37:19Z</time>
   </trkpt>
   <trkpt lat="42.9708210" lon="-2.3764950">
    <ele>938.9</ele>
    <time>2019-01-05T09:37:25Z</time>
   </trkpt>
   <trkpt lat="42.9708230" lon="-2.3764470">
    <ele>939.4</ele>
    <time>2019-01-05T09:37:29Z</time>
   </trkpt>
   <trkpt lat="42.9708290" lon="-2.3764010">
    <ele>939.8</ele>
    <time>2019-01-05T09:37:33Z</time>
   </trkpt>
   <trkpt lat="42.9708290" lon="-2.3763500">
    <ele>940.3</ele>
    <time>2019-01-05T09:37:37Z</time>
   </trkpt>
   <trkpt lat="42.9708260" lon="-2.3763110">
    <ele>940.7</ele>
    <time>2019-01-05T09:37:40Z</time>
   </trkpt>
   <trkpt lat="42.9708360" lon="-2.3762640">
    <ele>941.2</ele>
    <time>2019-01-05T09:37:43Z</time>
   </trkpt>
   <trkpt lat="42.9708530" lon="-2.3762340">
    <ele>941.5</ele>
    <time>2019-01-05T09:37:45Z</time>
   </trkpt>
   <trkpt lat="42.9708720" lon="-2.3761910">
    <ele>941.9</ele>
    <time>2019-01-05T09:37:48Z</time>
   </trkpt>
   <trkpt lat="42.9708670" lon="-2.3761490">
    <ele>942.2</ele>
    <time>2019-01-05T09:37:51Z</time>
   </trkpt>
   <trkpt lat="42.9708540" lon="-2.3761070">
    <ele>942.5</ele>
    <time>2019-01-05T09:37:56Z</time>
   </trkpt>
   <trkpt lat="42.9708420" lon="-2.3760610">
    <ele>943.0</ele>
    <time>2019-01-05T09:38:01Z</time>
   </trkpt>
   <trkpt lat="42.9708250" lon="-2.3760210">
    <ele>943.5</ele>
    <time>2019-01-05T09:38:05Z</time>
   </trkpt>
   <trkpt lat="42.9708130" lon="-2.3759850">
    <ele>943.8</ele>
    <time>2019-01-05T09:38:08Z</time>
   </trkpt>
   <trkpt lat="42.9708020" lon="-2.3759510">
    <ele>944.1</ele>
    <time>2019-01-05T09:38:12Z</time>
   </trkpt>
   <trkpt lat="42.9707950" lon="-2.3759140">
    <ele>944.4</ele>
    <time>2019-01-05T09:38:15Z</time>
   </trkpt>
   <trkpt lat="42.9707960" lon="-2.3758700">
    <ele>944.7</ele>
    <time>2019-01-05T09:38:18Z</time>
   </trkpt>
   <trkpt lat="42.9708010" lon="-2.3758270">
    <ele>945.1</ele>
    <time>2019-01-05T09:38:21Z</time>
   </trkpt>
   <trkpt lat="42.9707990" lon="-2.3757810">
    <ele>945.6</ele>
    <time>2019-01-05T09:38:24Z</time>
   </trkpt>
   <trkpt lat="42.9707860" lon="-2.3757420">
    <ele>946.0</ele>
    <time>2019-01-05T09:38:27Z</time>
   </trkpt>
   <trkpt lat="42.9707790" lon="-2.3757060">
    <ele>946.4</ele>
    <time>2019-01-05T09:38:34Z</time>
   </trkpt>
   <trkpt lat="42.9707810" lon="-2.3756670">
    <ele>946.7</ele>
    <time>2019-01-05T09:38:40Z</time>
   </trkpt>
   <trkpt lat="42.9707940" lon="-2.3756220">
    <ele>947.1</ele>
    <time>2019-01-05T09:38:43Z</time>
   </trkpt>
   <trkpt lat="42.9708030" lon="-2.3755730">
    <ele>947.6</ele>
    <time>2019-01-05T09:38:46Z</time>
   </trkpt>
   <trkpt lat="42.9708060" lon="-2.3755250">
    <ele>948.1</ele>
    <time>2019-01-05T09:38:49Z</time>
   </trkpt>
   <trkpt lat="42.9708130" lon="-2.3754810">
    <ele>948.5</ele>
    <time>2019-01-05T09:38:53Z</time>
   </trkpt>
   <trkpt lat="42.9707890" lon="-2.3754450">
    <ele>949.0</ele>
    <time>2019-01-05T09:38:57Z</time>
   </trkpt>
   <trkpt lat="42.9707630" lon="-2.3754190">
    <ele>949.4</ele>
    <time>2019-01-05T09:39:01Z</time>
   </trkpt>
   <trkpt lat="42.9707420" lon="-2.3753910">
    <ele>949.8</ele>
    <time>2019-01-05T09:39:04Z</time>
   </trkpt>
   <trkpt lat="42.9707160" lon="-2.3753610">
    <ele>950.2</ele>
    <time>2019-01-05T09:39:07Z</time>
   </trkpt>
   <trkpt lat="42.9706930" lon="-2.3753300">
    <ele>950.5</ele>
    <time>2019-01-05T09:39:13Z</time>
   </trkpt>
   <trkpt lat="42.9706680" lon="-2.3753100">
    <ele>950.9</ele>
    <time>2019-01-05T09:39:16Z</time>
   </trkpt>
   <trkpt lat="42.9706430" lon="-2.3752920">
    <ele>951.3</ele>
    <time>2019-01-05T09:39:18Z</time>
   </trkpt>
   <trkpt lat="42.9706180" lon="-2.3752690">
    <ele>951.8</ele>
    <time>2019-01-05T09:39:20Z</time>
   </trkpt>
   <trkpt lat="42.9705920" lon="-2.3752540">
    <ele>952.4</ele>
    <time>2019-01-05T09:39:23Z</time>
   </trkpt>
   <trkpt lat="42.9705630" lon="-2.3752500">
    <ele>952.9</ele>
    <time>2019-01-05T09:39:26Z</time>
   </trkpt>
   <trkpt lat="42.9705280" lon="-2.3752440">
    <ele>953.5</ele>
    <time>2019-01-05T09:39:30Z</time>
   </trkpt>
   <trkpt lat="42.9704910" lon="-2.3752510">
    <ele>954.2</ele>
    <time>2019-01-05T09:39:34Z</time>
   </trkpt>
   <trkpt lat="42.9704610" lon="-2.3752550">
    <ele>954.8</ele>
    <time>2019-01-05T09:39:37Z</time>
   </trkpt>
   <trkpt lat="42.9704230" lon="-2.3752590">
    <ele>955.6</ele>
    <time>2019-01-05T09:39:40Z</time>
   </trkpt>
   <trkpt lat="42.9703930" lon="-2.3752690">
    <ele>956.2</ele>
    <time>2019-01-05T09:39:44Z</time>
   </trkpt>
   <trkpt lat="42.9703590" lon="-2.3752800">
    <ele>956.9</ele>
    <time>2019-01-05T09:39:48Z</time>
   </trkpt>
   <trkpt lat="42.9703310" lon="-2.3752960">
    <ele>957.5</ele>
    <time>2019-01-05T09:39:52Z</time>
   </trkpt>
   <trkpt lat="42.9703020" lon="-2.3753070">
    <ele>958.1</ele>
    <time>2019-01-05T09:39:57Z</time>
   </trkpt>
   <trkpt lat="42.9702730" lon="-2.3753040">
    <ele>958.7</ele>
    <time>2019-01-05T09:40:03Z</time>
   </trkpt>
   <trkpt lat="42.9702390" lon="-2.3752930">
    <ele>959.4</ele>
    <time>2019-01-05T09:40:07Z</time>
   </trkpt>
   <trkpt lat="42.9702040" lon="-2.3752870">
    <ele>960.0</ele>
    <time>2019-01-05T09:40:11Z</time>
   </trkpt>
   <trkpt lat="42.9701740" lon="-2.3752790">
    <ele>960.5</ele>
    <time>2019-01-05T09:40:15Z</time>
   </trkpt>
   <trkpt lat="42.9701350" lon="-2.3752710">
    <ele>961.1</ele>
    <time>2019-01-05T09:40:18Z</time>
   </trkpt>
   <trkpt lat="42.9701060" lon="-2.3752720">
    <ele>961.7</ele>
    <time>2019-01-05T09:40:20Z</time>
   </trkpt>
   <trkpt lat="42.9700750" lon="-2.3752820">
    <ele>962.2</ele>
    <time>2019-01-05T09:40:25Z</time>
   </trkpt>
   <trkpt lat="42.9700360" lon="-2.3752730">
    <ele>962.8</ele>
    <time>2019-01-05T09:40:29Z</time>
   </trkpt>
   <trkpt lat="42.9700050" lon="-2.3752650">
    <ele>963.3</ele>
    <time>2019-01-05T09:40:32Z</time>
   </trkpt>
   <trkpt lat="42.9699750" lon="-2.3752540">
    <ele>963.8</ele>
    <time>2019-01-05T09:40:37Z</time>
   </trkpt>
   <trkpt lat="42.9699430" lon="-2.3752450">
    <ele>964.3</ele>
    <time>2019-01-05T09:40:41Z</time>
   </trkpt>
   <trkpt lat="42.9699080" lon="-2.3752410">
    <ele>964.6</ele>
    <time>2019-01-05T09:40:44Z</time>
   </trkpt>
   <trkpt lat="42.9698810" lon="-2.3752440">
    <ele>964.9</ele>
    <time>2019-01-05T09:40:47Z</time>
   </trkpt>
   <trkpt lat="42.9698530" lon="-2.3752410">
    <ele>965.2</ele>
    <time>2019-01-05T09:40:51Z</time>
   </trkpt>
   <trkpt lat="42.9698250" lon="-2.3752390">
    <ele>965.4</ele>
    <time>2019-01-05T09:40:54Z</time>
   </trkpt>
   <trkpt lat="42.9697950" lon="-2.3752290">
    <ele>965.7</ele>
    <time>2019-01-05T09:40:57Z</time>
   </trkpt>
   <trkpt lat="42.9697580" lon="-2.3752280">
    <ele>966.0</ele>
    <time>2019-01-05T09:41:00Z</time>
   </trkpt>
   <trkpt lat="42.9697280" lon="-2.3752210">
    <ele>966.3</ele>
    <time>2019-01-05T09:41:03Z</time>
   </trkpt>
   <trkpt lat="42.9697020" lon="-2.3752060">
    <ele>966.5</ele>
    <time>2019-01-05T09:41:06Z</time>
   </trkpt>
   <trkpt lat="42.9696700" lon="-2.3751870">
    <ele>966.7</ele>
    <time>2019-01-05T09:41:10Z</time>
   </trkpt>
   <trkpt lat="42.9696360" lon="-2.3751790">
    <ele>967.0</ele>
    <time>2019-01-05T09:41:14Z</time>
   </trkpt>
   <trkpt lat="42.9696060" lon="-2.3751630">
    <ele>967.2</ele>
    <time>2019-01-05T09:41:18Z</time>
   </trkpt>
   <trkpt lat="42.9695830" lon="-2.3751400">
    <ele>967.5</ele>
    <time>2019-01-05T09:41:22Z</time>
   </trkpt>
   <trkpt lat="42.9695670" lon="-2.3751050">
    <ele>967.8</ele>
    <time>2019-01-05T09:41:27Z</time>
   </trkpt>
   <trkpt lat="42.9695400" lon="-2.3750910">
    <ele>968.3</ele>
    <time>2019-01-05T09:41:30Z</time>
   </trkpt>
   <trkpt lat="42.9695110" lon="-2.3750680">
    <ele>968.7</ele>
    <time>2019-01-05T09:41:33Z</time>
   </trkpt>
   <trkpt lat="42.9694900" lon="-2.3750400">
    <ele>969.0</ele>
    <time>2019-01-05T09:41:36Z</time>
   </trkpt>
   <trkpt lat="42.9694780" lon="-2.3750010">
    <ele>969.3</ele>
    <time>2019-01-05T09:41:40Z</time>
   </trkpt>
   <trkpt lat="42.9694500" lon="-2.3749680">
    <ele>969.7</ele>
    <time>2019-01-05T09:41:44Z</time>
   </trkpt>
   <trkpt lat="42.9694320" lon="-2.3749340">
    <ele>970.0</ele>
    <time>2019-01-05T09:41:47Z</time>
   </trkpt>
   <trkpt lat="42.9694130" lon="-2.3748980">
    <ele>970.3</ele>
    <time>2019-01-05T09:41:51Z</time>
   </trkpt>
   <trkpt lat="42.9693890" lon="-2.3748640">
    <ele>970.8</ele>
    <time>2019-01-05T09:41:54Z</time>
   </trkpt>
   <trkpt lat="42.9693670" lon="-2.3748410">
    <ele>971.2</ele>
    <time>2019-01-05T09:41:57Z</time>
   </trkpt>
   <trkpt lat="42.9693380" lon="-2.3748220">
    <ele>971.7</ele>
    <time>2019-01-05T09:42:01Z</time>
   </trkpt>
   <trkpt lat="42.9693090" lon="-2.3748150">
    <ele>972.1</ele>
    <time>2019-01-05T09:42:04Z</time>
   </trkpt>
   <trkpt lat="42.9692800" lon="-2.3747930">
    <ele>972.6</ele>
    <time>2019-01-05T09:42:09Z</time>
   </trkpt>
   <trkpt lat="42.9692670" lon="-2.3747590">
    <ele>973.0</ele>
    <time>2019-01-05T09:42:12Z</time>
   </trkpt>
   <trkpt lat="42.9692480" lon="-2.3747120">
    <ele>973.6</ele>
    <time>2019-01-05T09:42:16Z</time>
   </trkpt>
   <trkpt lat="42.9692400" lon="-2.3746680">
    <ele>974.1</ele>
    <time>2019-01-05T09:42:19Z</time>
   </trkpt>
   <trkpt lat="42.9692150" lon="-2.3746330">
    <ele>974.6</ele>
    <time>2019-01-05T09:42:22Z</time>
   </trkpt>
   <trkpt lat="42.9691920" lon="-2.3745850">
    <ele>975.1</ele>
    <time>2019-01-05T09:42:29Z</time>
   </trkpt>
   <trkpt lat="42.9691920" lon="-2.3745450">
    <ele>975.5</ele>
    <time>2019-01-05T09:42:44Z</time>
   </trkpt>
   <trkpt lat="42.9691670" lon="-2.3745320">
    <ele>975.9</ele>
    <time>2019-01-05T09:42:51Z</time>
   </trkpt>
   <trkpt lat="42.9691300" lon="-2.3745210">
    <ele>976.6</ele>
    <time>2019-01-05T09:42:55Z</time>
   </trkpt>
   <trkpt lat="42.9691230" lon="-2.3744830">
    <ele>977.1</ele>
    <time>2019-01-05T09:43:00Z</time>
   </trkpt>
   <trkpt lat="42.9691170" lon="-2.3744300">
    <ele>977.6</ele>
    <time>2019-01-05T09:43:07Z</time>
   </trkpt>
   <trkpt lat="42.9691200" lon="-2.3743900">
    <ele>978.0</ele>
    <time>2019-01-05T09:43:26Z</time>
   </trkpt>
   <trkpt lat="42.9691020" lon="-2.3743500">
    <ele>978.6</ele>
    <time>2019-01-05T09:43:33Z</time>
   </trkpt>
   <trkpt lat="42.9690810" lon="-2.3743140">
    <ele>979.1</ele>
    <time>2019-01-05T09:43:37Z</time>
   </trkpt>
   <trkpt lat="42.9690740" lon="-2.3742730">
    <ele>979.6</ele>
    <time>2019-01-05T09:43:41Z</time>
   </trkpt>
   <trkpt lat="42.9690590" lon="-2.3742320">
    <ele>980.2</ele>
    <time>2019-01-05T09:43:45Z</time>
   </trkpt>
   <trkpt lat="42.9690410" lon="-2.3741980">
    <ele>980.6</ele>
    <time>2019-01-05T09:43:50Z</time>
   </trkpt>
   <trkpt lat="42.9690250" lon="-2.3741570">
    <ele>981.0</ele>
    <time>2019-01-05T09:43:53Z</time>
   </trkpt>
   <trkpt lat="42.9690150" lon="-2.3741180">
    <ele>981.4</ele>
    <time>2019-01-05T09:43:56Z</time>
   </trkpt>
   <trkpt lat="42.9690010" lon="-2.3740860">
    <ele>981.7</ele>
    <time>2019-01-05T09:43:59Z</time>
   </trkpt>
   <trkpt lat="42.9689730" lon="-2.3740570">
    <ele>982.3</ele>
    <time>2019-01-05T09:44:02Z</time>
   </trkpt>
   <trkpt lat="42.9689440" lon="-2.3740330">
    <ele>982.8</ele>
    <time>2019-01-05T09:44:06Z</time>
   </trkpt>
   <trkpt lat="42.9689190" lon="-2.3740040">
    <ele>983.3</ele>
    <time>2019-01-05T09:44:10Z</time>
   </trkpt>
   <trkpt lat="42.9688970" lon="-2.3739630">
    <ele>983.9</ele>
    <time>2019-01-05T09:44:14Z</time>
   </trkpt>
   <trkpt lat="42.9688770" lon="-2.3739210">
    <ele>984.4</ele>
    <time>2019-01-05T09:44:17Z</time>
   </trkpt>
   <trkpt lat="42.9688570" lon="-2.3738880">
    <ele>984.8</ele>
    <time>2019-01-05T09:44:20Z</time>
   </trkpt>
   <trkpt lat="42.9688300" lon="-2.3738580">
    <ele>985.3</ele>
    <time>2019-01-05T09:44:24Z</time>
   </trkpt>
   <trkpt lat="42.9688160" lon="-2.3738130">
    <ele>986.0</ele>
    <time>2019-01-05T09:44:28Z</time>
   </trkpt>
   <trkpt lat="42.9688010" lon="-2.3737750">
    <ele>986.6</ele>
    <time>2019-01-05T09:44:31Z</time>
   </trkpt>
   <trkpt lat="42.9687920" lon="-2.3737340">
    <ele>987.1</ele>
    <time>2019-01-05T09:44:34Z</time>
   </trkpt>
   <trkpt lat="42.9687920" lon="-2.3736900">
    <ele>987.6</ele>
    <time>2019-01-05T09:44:37Z</time>
   </trkpt>
   <trkpt lat="42.9687930" lon="-2.3736520">
    <ele>988.0</ele>
    <time>2019-01-05T09:44:39Z</time>
   </trkpt>
   <trkpt lat="42.9687850" lon="-2.3736020">
    <ele>988.5</ele>
    <time>2019-01-05T09:44:42Z</time>
   </trkpt>
   <trkpt lat="42.9687710" lon="-2.3735650">
    <ele>988.9</ele>
    <time>2019-01-05T09:44:45Z</time>
   </trkpt>
   <trkpt lat="42.9687690" lon="-2.3735230">
    <ele>989.3</ele>
    <time>2019-01-05T09:44:48Z</time>
   </trkpt>
   <trkpt lat="42.9687500" lon="-2.3734810">
    <ele>990.0</ele>
    <time>2019-01-05T09:44:51Z</time>
   </trkpt>
   <trkpt lat="42.9687300" lon="-2.3734560">
    <ele>990.5</ele>
    <time>2019-01-05T09:44:54Z</time>
   </trkpt>
   <trkpt lat="42.9687040" lon="-2.3734220">
    <ele>991.2</ele>
    <time>2019-01-05T09:44:57Z</time>
   </trkpt>
   <trkpt lat="42.9686870" lon="-2.3733850">
    <ele>991.7</ele>
    <time>2019-01-05T09:45:00Z</time>
   </trkpt>
   <trkpt lat="42.9686640" lon="-2.3733490">
    <ele>992.3</ele>
    <time>2019-01-05T09:45:04Z</time>
   </trkpt>
   <trkpt lat="42.9686430" lon="-2.3733190">
    <ele>992.8</ele>
    <time>2019-01-05T09:45:07Z</time>
   </trkpt>
   <trkpt lat="42.9686200" lon="-2.3732990">
    <ele>993.2</ele>
    <time>2019-01-05T09:45:11Z</time>
   </trkpt>
   <trkpt lat="42.9685990" lon="-2.3732760">
    <ele>993.6</ele>
    <time>2019-01-05T09:45:15Z</time>
   </trkpt>
   <trkpt lat="42.9685770" lon="-2.3732420">
    <ele>994.1</ele>
    <time>2019-01-05T09:45:18Z</time>
   </trkpt>
   <trkpt lat="42.9685570" lon="-2.3732080">
    <ele>994.6</ele>
    <time>2019-01-05T09:45:22Z</time>
   </trkpt>
   <trkpt lat="42.9685420" lon="-2.3731710">
    <ele>995.0</ele>
    <time>2019-01-05T09:45:25Z</time>
   </trkpt>
   <trkpt lat="42.9685280" lon="-2.3731300">
    <ele>995.6</ele>
    <time>2019-01-05T09:45:28Z</time>
   </trkpt>
   <trkpt lat="42.9685150" lon="-2.3730920">
    <ele>996.3</ele>
    <time>2019-01-05T09:45:31Z</time>
   </trkpt>
   <trkpt lat="42.9684930" lon="-2.3730610">
    <ele>996.8</ele>
    <time>2019-01-05T09:45:35Z</time>
   </trkpt>
   <trkpt lat="42.9684660" lon="-2.3730320">
    <ele>997.3</ele>
    <time>2019-01-05T09:45:38Z</time>
   </trkpt>
   <trkpt lat="42.9684440" lon="-2.3730060">
    <ele>997.7</ele>
    <time>2019-01-05T09:45:41Z</time>
   </trkpt>
   <trkpt lat="42.9684400" lon="-2.3729650">
    <ele>998.2</ele>
    <time>2019-01-05T09:45:44Z</time>
   </trkpt>
   <trkpt lat="42.9684290" lon="-2.3729220">
    <ele>998.6</ele>
    <time>2019-01-05T09:45:47Z</time>
   </trkpt>
   <trkpt lat="42.9684080" lon="-2.3728900">
    <ele>999.2</ele>
    <time>2019-01-05T09:45:50Z</time>
   </trkpt>
   <trkpt lat="42.9683920" lon="-2.3728510">
    <ele>999.9</ele>
    <time>2019-01-05T09:45:55Z</time>
   </trkpt>
   <trkpt lat="42.9683750" lon="-2.3728160">
    <ele>1000.5</ele>
    <time>2019-01-05T09:45:59Z</time>
   </trkpt>
   <trkpt lat="42.9683640" lon="-2.3727810">
    <ele>1001.0</ele>
    <time>2019-01-05T09:46:03Z</time>
   </trkpt>
   <trkpt lat="42.9683540" lon="-2.3727420">
    <ele>1001.5</ele>
    <time>2019-01-05T09:46:06Z</time>
   </trkpt>
   <trkpt lat="42.9683240" lon="-2.3726890">
    <ele>1002.2</ele>
    <time>2019-01-05T09:46:22Z</time>
   </trkpt>
   <trkpt lat="42.9682980" lon="-2.3726710">
    <ele>1002.6</ele>
    <time>2019-01-05T09:47:40Z</time>
   </trkpt>
   <trkpt lat="42.9682850" lon="-2.3726310">
    <ele>1003.0</ele>
    <time>2019-01-05T09:47:50Z</time>
   </trkpt>
   <trkpt lat="42.9682830" lon="-2.3725850">
    <ele>1003.7</ele>
    <time>2019-01-05T09:47:56Z</time>
   </trkpt>
   <trkpt lat="42.9682710" lon="-2.3725420">
    <ele>1004.4</ele>
    <time>2019-01-05T09:48:01Z</time>
   </trkpt>
   <trkpt lat="42.9682580" lon="-2.3725060">
    <ele>1004.9</ele>
    <time>2019-01-05T09:48:04Z</time>
   </trkpt>
   <trkpt lat="42.9682460" lon="-2.3724720">
    <ele>1005.4</ele>
    <time>2019-01-05T09:48:07Z</time>
   </trkpt>
   <trkpt lat="42.9682280" lon="-2.3724260">
    <ele>1006.1</ele>
    <time>2019-01-05T09:48:11Z</time>
   </trkpt>
   <trkpt lat="42.9682040" lon="-2.3723900">
    <ele>1006.8</ele>
    <time>2019-01-05T09:48:14Z</time>
   </trkpt>
   <trkpt lat="42.9681890" lon="-2.3723590">
    <ele>1007.3</ele>
    <time>2019-01-05T09:48:17Z</time>
   </trkpt>
   <trkpt lat="42.9681710" lon="-2.3723280">
    <ele>1007.9</ele>
    <time>2019-01-05T09:48:21Z</time>
   </trkpt>
   <trkpt lat="42.9681510" lon="-2.3722960">
    <ele>1008.4</ele>
    <time>2019-01-05T09:48:25Z</time>
   </trkpt>
   <trkpt lat="42.9681370" lon="-2.3722600">
    <ele>1008.9</ele>
    <time>2019-01-05T09:48:32Z</time>
   </trkpt>
   <trkpt lat="42.9681270" lon="-2.3722230">
    <ele>1009.3</ele>
    <time>2019-01-05T09:48:38Z</time>
   </trkpt>
   <trkpt lat="42.9681170" lon="-2.3721810">
    <ele>1009.9</ele>
    <time>2019-01-05T09:48:42Z</time>
   </trkpt>
   <trkpt lat="42.9681040" lon="-2.3721470">
    <ele>1010.4</ele>
    <time>2019-01-05T09:48:46Z</time>
   </trkpt>
   <trkpt lat="42.9680990" lon="-2.3721100">
    <ele>1010.8</ele>
    <time>2019-01-05T09:48:51Z</time>
   </trkpt>
   <trkpt lat="42.9680770" lon="-2.3720820">
    <ele>1011.1</ele>
    <time>2019-01-05T09:48:54Z</time>
   </trkpt>
   <trkpt lat="42.9680590" lon="-2.3720530">
    <ele>1011.4</ele>
    <time>2019-01-05T09:48:58Z</time>
   </trkpt>
   <trkpt lat="42.9680370" lon="-2.3720240">
    <ele>1011.7</ele>
    <time>2019-01-05T09:49:02Z</time>
   </trkpt>
   <trkpt lat="42.9680240" lon="-2.3719900">
    <ele>1012.0</ele>
    <time>2019-01-05T09:49:07Z</time>
   </trkpt>
   <trkpt lat="42.9680260" lon="-2.3719520">
    <ele>1012.4</ele>
    <time>2019-01-05T09:49:10Z</time>
   </trkpt>
   <trkpt lat="42.9680320" lon="-2.3719100">
    <ele>1012.8</ele>
    <time>2019-01-05T09:49:14Z</time>
   </trkpt>
   <trkpt lat="42.9680290" lon="-2.3718610">
    <ele>1013.4</ele>
    <time>2019-01-05T09:49:20Z</time>
   </trkpt>
   <trkpt lat="42.9680180" lon="-2.3718180">
    <ele>1013.8</ele>
    <time>2019-01-05T09:49:25Z</time>
   </trkpt>
   <trkpt lat="42.9680190" lon="-2.3717690">
    <ele>1014.3</ele>
    <time>2019-01-05T09:49:31Z</time>
   </trkpt>
   <trkpt lat="42.9680060" lon="-2.3717350">
    <ele>1014.6</ele>
    <time>2019-01-05T09:49:35Z</time>
   </trkpt>
   <trkpt lat="42.9679960" lon="-2.3717000">
    <ele>1014.9</ele>
    <time>2019-01-05T09:49:40Z</time>
   </trkpt>
   <trkpt lat="42.9680020" lon="-2.3716570">
    <ele>1015.3</ele>
    <time>2019-01-05T09:49:45Z</time>
   </trkpt>
   <trkpt lat="42.9679870" lon="-2.3716170">
    <ele>1015.7</ele>
    <time>2019-01-05T09:49:50Z</time>
   </trkpt>
   <trkpt lat="42.9679750" lon="-2.3715810">
    <ele>1016.1</ele>
    <time>2019-01-05T09:49:54Z</time>
   </trkpt>
   <trkpt lat="42.9679740" lon="-2.3715430">
    <ele>1016.4</ele>
    <time>2019-01-05T09:49:59Z</time>
   </trkpt>
   <trkpt lat="42.9679460" lon="-2.3715240">
    <ele>1016.8</ele>
    <time>2019-01-05T09:50:06Z</time>
   </trkpt>
   <trkpt lat="42.9679410" lon="-2.3714860">
    <ele>1017.1</ele>
    <time>2019-01-05T09:50:10Z</time>
   </trkpt>
   <trkpt lat="42.9679370" lon="-2.3714490">
    <ele>1017.4</ele>
    <time>2019-01-05T09:50:13Z</time>
   </trkpt>
   <trkpt lat="42.9679240" lon="-2.3714120">
    <ele>1017.7</ele>
    <time>2019-01-05T09:50:17Z</time>
   </trkpt>
   <trkpt lat="42.9679190" lon="-2.3713730">
    <ele>1018.0</ele>
    <time>2019-01-05T09:50:22Z</time>
   </trkpt>
   <trkpt lat="42.9679240" lon="-2.3713320">
    <ele>1018.3</ele>
    <time>2019-01-05T09:50:25Z</time>
   </trkpt>
   <trkpt lat="42.9679180" lon="-2.3712870">
    <ele>1018.5</ele>
    <time>2019-01-05T09:50:29Z</time>
   </trkpt>
   <trkpt lat="42.9679120" lon="-2.3712440">
    <ele>1018.8</ele>
    <time>2019-01-05T09:50:33Z</time>
   </trkpt>
   <trkpt lat="42.9679050" lon="-2.3712010">
    <ele>1019.1</ele>
    <time>2019-01-05T09:50:36Z</time>
   </trkpt>
   <trkpt lat="42.9678950" lon="-2.3711660">
    <ele>1019.3</ele>
    <time>2019-01-05T09:50:39Z</time>
   </trkpt>
   <trkpt lat="42.9678710" lon="-2.3711390">
    <ele>1019.5</ele>
    <time>2019-01-05T09:50:42Z</time>
   </trkpt>
   <trkpt lat="42.9678470" lon="-2.3710990">
    <ele>1019.9</ele>
    <time>2019-01-05T09:50:45Z</time>
   </trkpt>
   <trkpt lat="42.9678320" lon="-2.3710600">
    <ele>1020.3</ele>
    <time>2019-01-05T09:50:48Z</time>
   </trkpt>
   <trkpt lat="42.9678210" lon="-2.3710140">
    <ele>1020.6</ele>
    <time>2019-01-05T09:50:52Z</time>
   </trkpt>
   <trkpt lat="42.9678070" lon="-2.3709730">
    <ele>1021.1</ele>
    <time>2019-01-05T09:50:55Z</time>
   </trkpt>
   <trkpt lat="42.9678000" lon="-2.3709320">
    <ele>1021.6</ele>
    <time>2019-01-05T09:50:59Z</time>
   </trkpt>
   <trkpt lat="42.9677820" lon="-2.3708980">
    <ele>1021.9</ele>
    <time>2019-01-05T09:51:03Z</time>
   </trkpt>
   <trkpt lat="42.9677710" lon="-2.3708550">
    <ele>1022.3</ele>
    <time>2019-01-05T09:51:07Z</time>
   </trkpt>
   <trkpt lat="42.9677680" lon="-2.3708110">
    <ele>1022.7</ele>
    <time>2019-01-05T09:51:10Z</time>
   </trkpt>
   <trkpt lat="42.9677540" lon="-2.3707720">
    <ele>1023.2</ele>
    <time>2019-01-05T09:51:13Z</time>
   </trkpt>
   <trkpt lat="42.9677400" lon="-2.3707400">
    <ele>1023.6</ele>
    <time>2019-01-05T09:51:16Z</time>
   </trkpt>
   <trkpt lat="42.9677200" lon="-2.3707140">
    <ele>1024.0</ele>
    <time>2019-01-05T09:51:19Z</time>
   </trkpt>
   <trkpt lat="42.9676940" lon="-2.3706770">
    <ele>1024.5</ele>
    <time>2019-01-05T09:51:22Z</time>
   </trkpt>
   <trkpt lat="42.9676800" lon="-2.3706290">
    <ele>1025.0</ele>
    <time>2019-01-05T09:51:25Z</time>
   </trkpt>
   <trkpt lat="42.9676700" lon="-2.3705860">
    <ele>1025.4</ele>
    <time>2019-01-05T09:51:29Z</time>
   </trkpt>
   <trkpt lat="42.9676630" lon="-2.3705450">
    <ele>1025.8</ele>
    <time>2019-01-05T09:51:32Z</time>
   </trkpt>
   <trkpt lat="42.9676530" lon="-2.3704960">
    <ele>1026.4</ele>
    <time>2019-01-05T09:51:36Z</time>
   </trkpt>
   <trkpt lat="42.9676290" lon="-2.3704520">
    <ele>1026.9</ele>
    <time>2019-01-05T09:51:39Z</time>
   </trkpt>
   <trkpt lat="42.9676170" lon="-2.3704180">
    <ele>1027.3</ele>
    <time>2019-01-05T09:51:41Z</time>
   </trkpt>
   <trkpt lat="42.9675910" lon="-2.3703870">
    <ele>1027.7</ele>
    <time>2019-01-05T09:51:44Z</time>
   </trkpt>
   <trkpt lat="42.9675740" lon="-2.3703540">
    <ele>1028.0</ele>
    <time>2019-01-05T09:51:47Z</time>
   </trkpt>
   <trkpt lat="42.9675470" lon="-2.3703170">
    <ele>1028.3</ele>
    <time>2019-01-05T09:51:50Z</time>
   </trkpt>
   <trkpt lat="42.9675310" lon="-2.3702880">
    <ele>1028.6</ele>
    <time>2019-01-05T09:51:52Z</time>
   </trkpt>
   <trkpt lat="42.9675150" lon="-2.3702580">
    <ele>1028.8</ele>
    <time>2019-01-05T09:51:54Z</time>
   </trkpt>
   <trkpt lat="42.9674950" lon="-2.3702170">
    <ele>1029.2</ele>
    <time>2019-01-05T09:51:57Z</time>
   </trkpt>
   <trkpt lat="42.9674770" lon="-2.3701820">
    <ele>1029.6</ele>
    <time>2019-01-05T09:52:00Z</time>
   </trkpt>
   <trkpt lat="42.9674600" lon="-2.3701490">
    <ele>1029.9</ele>
    <time>2019-01-05T09:52:03Z</time>
   </trkpt>
   <trkpt lat="42.9674260" lon="-2.3701270">
    <ele>1030.2</ele>
    <time>2019-01-05T09:52:07Z</time>
   </trkpt>
   <trkpt lat="42.9674000" lon="-2.3700880">
    <ele>1030.5</ele>
    <time>2019-01-05T09:52:10Z</time>
   </trkpt>
   <trkpt lat="42.9673850" lon="-2.3700470">
    <ele>1030.7</ele>
    <time>2019-01-05T09:52:13Z</time>
   </trkpt>
   <trkpt lat="42.9673730" lon="-2.3700040">
    <ele>1031.0</ele>
    <time>2019-01-05T09:52:16Z</time>
   </trkpt>
   <trkpt lat="42.9673640" lon="-2.3699640">
    <ele>1031.2</ele>
    <time>2019-01-05T09:52:19Z</time>
   </trkpt>
   <trkpt lat="42.9673580" lon="-2.3699270">
    <ele>1031.5</ele>
    <time>2019-01-05T09:52:22Z</time>
   </trkpt>
   <trkpt lat="42.9673540" lon="-2.3698830">
    <ele>1031.8</ele>
    <time>2019-01-05T09:52:25Z</time>
   </trkpt>
   <trkpt lat="42.9673390" lon="-2.3698450">
    <ele>1032.2</ele>
    <time>2019-01-05T09:52:28Z</time>
   </trkpt>
   <trkpt lat="42.9673250" lon="-2.3697980">
    <ele>1032.5</ele>
    <time>2019-01-05T09:52:32Z</time>
   </trkpt>
   <trkpt lat="42.9673060" lon="-2.3697680">
    <ele>1032.7</ele>
    <time>2019-01-05T09:52:35Z</time>
   </trkpt>
   <trkpt lat="42.9672840" lon="-2.3697340">
    <ele>1033.0</ele>
    <time>2019-01-05T09:52:38Z</time>
   </trkpt>
   <trkpt lat="42.9672550" lon="-2.3697070">
    <ele>1033.4</ele>
    <time>2019-01-05T09:52:42Z</time>
   </trkpt>
   <trkpt lat="42.9672270" lon="-2.3696790">
    <ele>1033.9</ele>
    <time>2019-01-05T09:52:45Z</time>
   </trkpt>
   <trkpt lat="42.9672030" lon="-2.3696620">
    <ele>1034.2</ele>
    <time>2019-01-05T09:52:47Z</time>
   </trkpt>
   <trkpt lat="42.9671760" lon="-2.3696360">
    <ele>1034.6</ele>
    <time>2019-01-05T09:52:50Z</time>
   </trkpt>
   <trkpt lat="42.9671460" lon="-2.3696150">
    <ele>1035.0</ele>
    <time>2019-01-05T09:52:54Z</time>
   </trkpt>
   <trkpt lat="42.9671250" lon="-2.3695810">
    <ele>1035.4</ele>
    <time>2019-01-05T09:52:58Z</time>
   </trkpt>
   <trkpt lat="42.9671090" lon="-2.3695490">
    <ele>1035.8</ele>
    <time>2019-01-05T09:53:01Z</time>
   </trkpt>
   <trkpt lat="42.9670820" lon="-2.3695300">
    <ele>1036.3</ele>
    <time>2019-01-05T09:53:05Z</time>
   </trkpt>
   <trkpt lat="42.9670680" lon="-2.3694910">
    <ele>1036.8</ele>
    <time>2019-01-05T09:53:08Z</time>
   </trkpt>
   <trkpt lat="42.9670420" lon="-2.3694530">
    <ele>1037.5</ele>
    <time>2019-01-05T09:53:11Z</time>
   </trkpt>
   <trkpt lat="42.9670090" lon="-2.3694380">
    <ele>1038.2</ele>
    <time>2019-01-05T09:53:15Z</time>
   </trkpt>
   <trkpt lat="42.9669850" lon="-2.3694120">
    <ele>1038.8</ele>
    <time>2019-01-05T09:53:18Z</time>
   </trkpt>
   <trkpt lat="42.9669630" lon="-2.3693900">
    <ele>1039.3</ele>
    <time>2019-01-05T09:53:20Z</time>
   </trkpt>
   <trkpt lat="42.9669400" lon="-2.3693700">
    <ele>1039.8</ele>
    <time>2019-01-05T09:53:22Z</time>
   </trkpt>
   <trkpt lat="42.9669060" lon="-2.3693520">
    <ele>1040.5</ele>
    <time>2019-01-05T09:53:25Z</time>
   </trkpt>
   <trkpt lat="42.9668830" lon="-2.3693220">
    <ele>1041.1</ele>
    <time>2019-01-05T09:53:28Z</time>
   </trkpt>
   <trkpt lat="42.9668660" lon="-2.3692890">
    <ele>1041.6</ele>
    <time>2019-01-05T09:53:30Z</time>
   </trkpt>
   <trkpt lat="42.9668560" lon="-2.3692530">
    <ele>1042.1</ele>
    <time>2019-01-05T09:53:32Z</time>
   </trkpt>
   <trkpt lat="42.9668470" lon="-2.3692160">
    <ele>1042.6</ele>
    <time>2019-01-05T09:53:34Z</time>
   </trkpt>
   <trkpt lat="42.9668280" lon="-2.3691660">
    <ele>1043.4</ele>
    <time>2019-01-05T09:53:37Z</time>
   </trkpt>
   <trkpt lat="42.9668170" lon="-2.3691250">
    <ele>1043.9</ele>
    <time>2019-01-05T09:53:40Z</time>
   </trkpt>
   <trkpt lat="42.9667880" lon="-2.3690930">
    <ele>1044.5</ele>
    <time>2019-01-05T09:53:43Z</time>
   </trkpt>
   <trkpt lat="42.9667590" lon="-2.3690600">
    <ele>1045.0</ele>
    <time>2019-01-05T09:53:46Z</time>
   </trkpt>
   <trkpt lat="42.9667420" lon="-2.3690320">
    <ele>1045.4</ele>
    <time>2019-01-05T09:53:49Z</time>
   </trkpt>
   <trkpt lat="42.9667170" lon="-2.3690040">
    <ele>1045.9</ele>
    <time>2019-01-05T09:53:53Z</time>
   </trkpt>
   <trkpt lat="42.9666950" lon="-2.3689790">
    <ele>1046.3</ele>
    <time>2019-01-05T09:53:56Z</time>
   </trkpt>
   <trkpt lat="42.9666750" lon="-2.3689420">
    <ele>1046.7</ele>
    <time>2019-01-05T09:53:59Z</time>
   </trkpt>
   <trkpt lat="42.9666650" lon="-2.3689050">
    <ele>1047.1</ele>
    <time>2019-01-05T09:54:02Z</time>
   </trkpt>
   <trkpt lat="42.9666340" lon="-2.3688760">
    <ele>1047.6</ele>
    <time>2019-01-05T09:54:06Z</time>
   </trkpt>
   <trkpt lat="42.9666290" lon="-2.3688300">
    <ele>1048.0</ele>
    <time>2019-01-05T09:54:09Z</time>
   </trkpt>
   <trkpt lat="42.9666250" lon="-2.3687860">
    <ele>1048.7</ele>
    <time>2019-01-05T09:54:12Z</time>
   </trkpt>
   <trkpt lat="42.9666040" lon="-2.3687470">
    <ele>1049.4</ele>
    <time>2019-01-05T09:54:15Z</time>
   </trkpt>
   <trkpt lat="42.9665760" lon="-2.3687060">
    <ele>1050.1</ele>
    <time>2019-01-05T09:54:18Z</time>
   </trkpt>
   <trkpt lat="42.9665520" lon="-2.3686860">
    <ele>1050.6</ele>
    <time>2019-01-05T09:54:20Z</time>
   </trkpt>
   <trkpt lat="42.9665280" lon="-2.3686510">
    <ele>1051.2</ele>
    <time>2019-01-05T09:54:23Z</time>
   </trkpt>
   <trkpt lat="42.9665060" lon="-2.3686210">
    <ele>1051.8</ele>
    <time>2019-01-05T09:54:26Z</time>
   </trkpt>
   <trkpt lat="42.9664840" lon="-2.3685910">
    <ele>1052.5</ele>
    <time>2019-01-05T09:54:29Z</time>
   </trkpt>
   <trkpt lat="42.9664580" lon="-2.3685630">
    <ele>1053.1</ele>
    <time>2019-01-05T09:54:32Z</time>
   </trkpt>
   <trkpt lat="42.9664240" lon="-2.3685540">
    <ele>1053.8</ele>
    <time>2019-01-05T09:54:36Z</time>
   </trkpt>
   <trkpt lat="42.9664020" lon="-2.3685330">
    <ele>1060.4</ele>
    <time>2019-01-05T09:54:39Z</time>
   </trkpt>
   <trkpt lat="42.9663940" lon="-2.3684870">
    <ele>1061.1</ele>
    <time>2019-01-05T09:54:42Z</time>
   </trkpt>
   <trkpt lat="42.9663870" lon="-2.3684380">
    <ele>1061.8</ele>
    <time>2019-01-05T09:54:46Z</time>
   </trkpt>
   <trkpt lat="42.9664040" lon="-2.3684090">
    <ele>1062.3</ele>
    <time>2019-01-05T09:54:51Z</time>
   </trkpt>
   <trkpt lat="42.9664290" lon="-2.3684260">
    <ele>1062.8</ele>
    <time>2019-01-05T09:54:57Z</time>
   </trkpt>
   <trkpt lat="42.9664420" lon="-2.3684600">
    <ele>1063.3</ele>
    <time>2019-01-05T09:55:01Z</time>
   </trkpt>
   <trkpt lat="42.9664690" lon="-2.3684720">
    <ele>1064.1</ele>
    <time>2019-01-05T09:55:06Z</time>
   </trkpt>
   <trkpt lat="42.9664990" lon="-2.3684690">
    <ele>1064.9</ele>
    <time>2019-01-05T09:55:09Z</time>
   </trkpt>
   <trkpt lat="42.9665300" lon="-2.3684670">
    <ele>1065.7</ele>
    <time>2019-01-05T09:55:12Z</time>
   </trkpt>
   <trkpt lat="42.9665640" lon="-2.3684670">
    <ele>1066.5</ele>
    <time>2019-01-05T09:55:17Z</time>
   </trkpt>
   <trkpt lat="42.9665920" lon="-2.3684620">
    <ele>1067.1</ele>
    <time>2019-01-05T09:55:22Z</time>
   </trkpt>
   <trkpt lat="42.9665850" lon="-2.3684210">
    <ele>1067.8</ele>
    <time>2019-01-05T09:55:27Z</time>
   </trkpt>
   <trkpt lat="42.9665810" lon="-2.3683800">
    <ele>1068.5</ele>
    <time>2019-01-05T09:55:32Z</time>
   </trkpt>
   <trkpt lat="42.9665790" lon="-2.3683400">
    <ele>1069.1</ele>
    <time>2019-01-05T09:55:37Z</time>
   </trkpt>
   <trkpt lat="42.9665600" lon="-2.3683110">
    <ele>1069.8</ele>
    <time>2019-01-05T09:55:43Z</time>
   </trkpt>
   <trkpt lat="42.9665350" lon="-2.3682850">
    <ele>1070.4</ele>
    <time>2019-01-05T09:55:48Z</time>
   </trkpt>
   <trkpt lat="42.9665200" lon="-2.3682500">
    <ele>1071.1</ele>
    <time>2019-01-05T09:55:54Z</time>
   </trkpt>
   <trkpt lat="42.9665250" lon="-2.3682110">
    <ele>1071.7</ele>
    <time>2019-01-05T09:56:00Z</time>
   </trkpt>
   <trkpt lat="42.9665090" lon="-2.3681690">
    <ele>1072.4</ele>
    <time>2019-01-05T09:56:06Z</time>
   </trkpt>
   <trkpt lat="42.9664940" lon="-2.3681370">
    <ele>1072.9</ele>
    <time>2019-01-05T09:56:09Z</time>
   </trkpt>
   <trkpt lat="42.9664900" lon="-2.3680940">
    <ele>1073.6</ele>
    <time>2019-01-05T09:56:14Z</time>
   </trkpt>
   <trkpt lat="42.9664860" lon="-2.3680550">
    <ele>1074.2</ele>
    <time>2019-01-05T09:56:19Z</time>
   </trkpt>
   <trkpt lat="42.9664680" lon="-2.3680210">
    <ele>1074.8</ele>
    <time>2019-01-05T09:56:23Z</time>
   </trkpt>
   <trkpt lat="42.9664530" lon="-2.3679840">
    <ele>1075.3</ele>
    <time>2019-01-05T09:56:26Z</time>
   </trkpt>
   <trkpt lat="42.9664340" lon="-2.3679520">
    <ele>1075.8</ele>
    <time>2019-01-05T09:56:29Z</time>
   </trkpt>
   <trkpt lat="42.9664210" lon="-2.3679140">
    <ele>1076.3</ele>
    <time>2019-01-05T09:56:32Z</time>
   </trkpt>
   <trkpt lat="42.9664170" lon="-2.3678730">
    <ele>1076.7</ele>
    <time>2019-01-05T09:56:35Z</time>
   </trkpt>
   <trkpt lat="42.9664070" lon="-2.3678330">
    <ele>1077.2</ele>
    <time>2019-01-05T09:56:38Z</time>
   </trkpt>
   <trkpt lat="42.9663820" lon="-2.3677960">
    <ele>1077.6</ele>
    <time>2019-01-05T09:56:41Z</time>
   </trkpt>
   <trkpt lat="42.9663540" lon="-2.3677630">
    <ele>1078.1</ele>
    <time>2019-01-05T09:56:44Z</time>
   </trkpt>
   <trkpt lat="42.9663360" lon="-2.3677350">
    <ele>1078.4</ele>
    <time>2019-01-05T09:56:48Z</time>
   </trkpt>
   <trkpt lat="42.9663320" lon="-2.3676960">
    <ele>1078.7</ele>
    <time>2019-01-05T09:56:53Z</time>
   </trkpt>
   <trkpt lat="42.9663280" lon="-2.3676570">
    <ele>1079.0</ele>
    <time>2019-01-05T09:57:01Z</time>
   </trkpt>
   <trkpt lat="42.9663200" lon="-2.3676200">
    <ele>1079.4</ele>
    <time>2019-01-05T09:57:04Z</time>
   </trkpt>
   <trkpt lat="42.9663010" lon="-2.3675910">
    <ele>1079.7</ele>
    <time>2019-01-05T09:57:07Z</time>
   </trkpt>
   <trkpt lat="42.9662820" lon="-2.3675540">
    <ele>1080.0</ele>
    <time>2019-01-05T09:57:11Z</time>
   </trkpt>
   <trkpt lat="42.9662520" lon="-2.3675310">
    <ele>1080.4</ele>
    <time>2019-01-05T09:57:15Z</time>
   </trkpt>
   <trkpt lat="42.9662260" lon="-2.3675010">
    <ele>1080.7</ele>
    <time>2019-01-05T09:57:19Z</time>
   </trkpt>
   <trkpt lat="42.9662060" lon="-2.3674710">
    <ele>1081.0</ele>
    <time>2019-01-05T09:57:22Z</time>
   </trkpt>
   <trkpt lat="42.9661930" lon="-2.3674290">
    <ele>1081.3</ele>
    <time>2019-01-05T09:57:25Z</time>
   </trkpt>
   <trkpt lat="42.9661860" lon="-2.3673870">
    <ele>1081.6</ele>
    <time>2019-01-05T09:57:28Z</time>
   </trkpt>
   <trkpt lat="42.9661760" lon="-2.3673500">
    <ele>1081.8</ele>
    <time>2019-01-05T09:57:31Z</time>
   </trkpt>
   <trkpt lat="42.9661730" lon="-2.3673020">
    <ele>1083.7</ele>
    <time>2019-01-05T09:57:35Z</time>
   </trkpt>
   <trkpt lat="42.9661710" lon="-2.3672610">
    <ele>1084.7</ele>
    <time>2019-01-05T09:57:38Z</time>
   </trkpt>
   <trkpt lat="42.9661660" lon="-2.3672180">
    <ele>1085.9</ele>
    <time>2019-01-05T09:57:42Z</time>
   </trkpt>
   <trkpt lat="42.9661590" lon="-2.3671760">
    <ele>1086.9</ele>
    <time>2019-01-05T09:57:47Z</time>
   </trkpt>
   <trkpt lat="42.9661470" lon="-2.3671420">
    <ele>1087.7</ele>
    <time>2019-01-05T09:57:51Z</time>
   </trkpt>
   <trkpt lat="42.9661320" lon="-2.3671060">
    <ele>1088.6</ele>
    <time>2019-01-05T09:57:55Z</time>
   </trkpt>
   <trkpt lat="42.9661270" lon="-2.3670700">
    <ele>1089.5</ele>
    <time>2019-01-05T09:57:58Z</time>
   </trkpt>
   <trkpt lat="42.9661200" lon="-2.3670330">
    <ele>1090.4</ele>
    <time>2019-01-05T09:58:02Z</time>
   </trkpt>
   <trkpt lat="42.9661150" lon="-2.3669900">
    <ele>1091.3</ele>
    <time>2019-01-05T09:58:06Z</time>
   </trkpt>
   <trkpt lat="42.9661110" lon="-2.3669480">
    <ele>1092.2</ele>
    <time>2019-01-05T09:58:16Z</time>
   </trkpt>
   <trkpt lat="42.9661000" lon="-2.3669050">
    <ele>1093.2</ele>
    <time>2019-01-05T09:58:21Z</time>
   </trkpt>
   <trkpt lat="42.9660870" lon="-2.3668610">
    <ele>1094.2</ele>
    <time>2019-01-05T09:58:28Z</time>
   </trkpt>
   <trkpt lat="42.9660770" lon="-2.3668260">
    <ele>1094.9</ele>
    <time>2019-01-05T09:58:31Z</time>
   </trkpt>
   <trkpt lat="42.9660630" lon="-2.3667900">
    <ele>1095.7</ele>
    <time>2019-01-05T09:58:34Z</time>
   </trkpt>
   <trkpt lat="42.9660510" lon="-2.3667510">
    <ele>1096.5</ele>
    <time>2019-01-05T09:58:38Z</time>
   </trkpt>
   <trkpt lat="42.9660350" lon="-2.3667100">
    <ele>1097.3</ele>
    <time>2019-01-05T09:58:42Z</time>
   </trkpt>
   <trkpt lat="42.9660140" lon="-2.3666770">
    <ele>1097.9</ele>
    <time>2019-01-05T09:58:45Z</time>
   </trkpt>
   <trkpt lat="42.9659910" lon="-2.3666450">
    <ele>1098.6</ele>
    <time>2019-01-05T09:58:49Z</time>
   </trkpt>
   <trkpt lat="42.9659760" lon="-2.3666080">
    <ele>1099.1</ele>
    <time>2019-01-05T09:58:53Z</time>
   </trkpt>
   <trkpt lat="42.9659580" lon="-2.3665800">
    <ele>1099.6</ele>
    <time>2019-01-05T09:58:56Z</time>
   </trkpt>
   <trkpt lat="42.9659430" lon="-2.3665490">
    <ele>1100.2</ele>
    <time>2019-01-05T09:58:59Z</time>
   </trkpt>
   <trkpt lat="42.9659240" lon="-2.3665100">
    <ele>1100.8</ele>
    <time>2019-01-05T09:59:03Z</time>
   </trkpt>
   <trkpt lat="42.9659130" lon="-2.3664760">
    <ele>1101.3</ele>
    <time>2019-01-05T09:59:07Z</time>
   </trkpt>
   <trkpt lat="42.9658960" lon="-2.3664400">
    <ele>1101.8</ele>
    <time>2019-01-05T09:59:11Z</time>
   </trkpt>
   <trkpt lat="42.9658780" lon="-2.3664130">
    <ele>1102.3</ele>
    <time>2019-01-05T09:59:15Z</time>
   </trkpt>
   <trkpt lat="42.9658530" lon="-2.3663770">
    <ele>1103.0</ele>
    <time>2019-01-05T09:59:19Z</time>
   </trkpt>
   <trkpt lat="42.9658380" lon="-2.3663460">
    <ele>1103.4</ele>
    <time>2019-01-05T09:59:22Z</time>
   </trkpt>
   <trkpt lat="42.9658180" lon="-2.3663080">
    <ele>1103.9</ele>
    <time>2019-01-05T09:59:26Z</time>
   </trkpt>
   <trkpt lat="42.9658050" lon="-2.3662740">
    <ele>1104.4</ele>
    <time>2019-01-05T09:59:29Z</time>
   </trkpt>
   <trkpt lat="42.9657970" lon="-2.3662380">
    <ele>1104.9</ele>
    <time>2019-01-05T09:59:32Z</time>
   </trkpt>
   <trkpt lat="42.9657860" lon="-2.3662030">
    <ele>1105.3</ele>
    <time>2019-01-05T09:59:36Z</time>
   </trkpt>
   <trkpt lat="42.9657700" lon="-2.3661590">
    <ele>1105.9</ele>
    <time>2019-01-05T09:59:40Z</time>
   </trkpt>
   <trkpt lat="42.9657600" lon="-2.3661240">
    <ele>1106.3</ele>
    <time>2019-01-05T09:59:43Z</time>
   </trkpt>
   <trkpt lat="42.9657450" lon="-2.3660820">
    <ele>1106.8</ele>
    <time>2019-01-05T09:59:47Z</time>
   </trkpt>
   <trkpt lat="42.9657370" lon="-2.3660360">
    <ele>1107.5</ele>
    <time>2019-01-05T09:59:51Z</time>
   </trkpt>
   <trkpt lat="42.9657320" lon="-2.3660000">
    <ele>1108.1</ele>
    <time>2019-01-05T09:59:54Z</time>
   </trkpt>
   <trkpt lat="42.9657220" lon="-2.3659650">
    <ele>1108.7</ele>
    <time>2019-01-05T09:59:57Z</time>
   </trkpt>
   <trkpt lat="42.9657020" lon="-2.3659300">
    <ele>1109.3</ele>
    <time>2019-01-05T10:00:01Z</time>
   </trkpt>
   <trkpt lat="42.9656960" lon="-2.3658860">
    <ele>1110.0</ele>
    <time>2019-01-05T10:00:05Z</time>
   </trkpt>
   <trkpt lat="42.9656820" lon="-2.3658490">
    <ele>1110.8</ele>
    <time>2019-01-05T10:00:09Z</time>
   </trkpt>
   <trkpt lat="42.9656650" lon="-2.3658160">
    <ele>1111.6</ele>
    <time>2019-01-05T10:00:13Z</time>
   </trkpt>
   <trkpt lat="42.9656530" lon="-2.3657830">
    <ele>1112.1</ele>
    <time>2019-01-05T10:00:17Z</time>
   </trkpt>
   <trkpt lat="42.9656510" lon="-2.3657410">
    <ele>1112.6</ele>
    <time>2019-01-05T10:00:22Z</time>
   </trkpt>
   <trkpt lat="42.9656490" lon="-2.3657020">
    <ele>1113.2</ele>
    <time>2019-01-05T10:00:26Z</time>
   </trkpt>
   <trkpt lat="42.9656440" lon="-2.3656600">
    <ele>1113.9</ele>
    <time>2019-01-05T10:00:30Z</time>
   </trkpt>
   <trkpt lat="42.9656280" lon="-2.3656220">
    <ele>1114.6</ele>
    <time>2019-01-05T10:00:34Z</time>
   </trkpt>
   <trkpt lat="42.9656110" lon="-2.3655940">
    <ele>1115.3</ele>
    <time>2019-01-05T10:00:37Z</time>
   </trkpt>
   <trkpt lat="42.9655910" lon="-2.3655540">
    <ele>1116.3</ele>
    <time>2019-01-05T10:00:41Z</time>
   </trkpt>
   <trkpt lat="42.9655740" lon="-2.3655170">
    <ele>1117.1</ele>
    <time>2019-01-05T10:00:44Z</time>
   </trkpt>
   <trkpt lat="42.9655650" lon="-2.3654770">
    <ele>1117.9</ele>
    <time>2019-01-05T10:01:15Z</time>
   </trkpt>
   <trkpt lat="42.9655540" lon="-2.3654360">
    <ele>1118.7</ele>
    <time>2019-01-05T10:01:18Z</time>
   </trkpt>
   <trkpt lat="42.9655360" lon="-2.3654030">
    <ele>1119.6</ele>
    <time>2019-01-05T10:01:22Z</time>
   </trkpt>
   <trkpt lat="42.9655230" lon="-2.3653690">
    <ele>1120.4</ele>
    <time>2019-01-05T10:01:26Z</time>
   </trkpt>
   <trkpt lat="42.9655050" lon="-2.3653350">
    <ele>1121.2</ele>
    <time>2019-01-05T10:01:30Z</time>
   </trkpt>
   <trkpt lat="42.9654870" lon="-2.3653040">
    <ele>1122.0</ele>
    <time>2019-01-05T10:01:34Z</time>
   </trkpt>
   <trkpt lat="42.9654700" lon="-2.3652710">
    <ele>1122.7</ele>
    <time>2019-01-05T10:01:38Z</time>
   </trkpt>
   <trkpt lat="42.9654530" lon="-2.3652360">
    <ele>1123.5</ele>
    <time>2019-01-05T10:01:42Z</time>
   </trkpt>
   <trkpt lat="42.9654370" lon="-2.3652040">
    <ele>1124.2</ele>
    <time>2019-01-05T10:01:48Z</time>
   </trkpt>
   <trkpt lat="42.9654160" lon="-2.3651790">
    <ele>1124.9</ele>
    <time>2019-01-05T10:01:53Z</time>
   </trkpt>
   <trkpt lat="42.9654010" lon="-2.3651460">
    <ele>1125.6</ele>
    <time>2019-01-05T10:01:56Z</time>
   </trkpt>
   <trkpt lat="42.9653920" lon="-2.3651110">
    <ele>1126.3</ele>
    <time>2019-01-05T10:01:59Z</time>
   </trkpt>
   <trkpt lat="42.9653830" lon="-2.3650690">
    <ele>1127.1</ele>
    <time>2019-01-05T10:02:03Z</time>
   </trkpt>
   <trkpt lat="42.9653790" lon="-2.3650210">
    <ele>1128.1</ele>
    <time>2019-01-05T10:02:08Z</time>
   </trkpt>
   <trkpt lat="42.9653770" lon="-2.3649790">
    <ele>1128.7</ele>
    <time>2019-01-05T10:02:11Z</time>
   </trkpt>
   <trkpt lat="42.9653770" lon="-2.3649380">
    <ele>1129.2</ele>
    <time>2019-01-05T10:02:14Z</time>
   </trkpt>
   <trkpt lat="42.9653760" lon="-2.3648960">
    <ele>1129.8</ele>
    <time>2019-01-05T10:02:17Z</time>
   </trkpt>
   <trkpt lat="42.9653560" lon="-2.3648680">
    <ele>1130.3</ele>
    <time>2019-01-05T10:02:21Z</time>
   </trkpt>
   <trkpt lat="42.9653280" lon="-2.3648490">
    <ele>1130.9</ele>
    <time>2019-01-05T10:02:26Z</time>
   </trkpt>
   <trkpt lat="42.9653020" lon="-2.3648250">
    <ele>1131.5</ele>
    <time>2019-01-05T10:02:31Z</time>
   </trkpt>
   <trkpt lat="42.9652750" lon="-2.3648160">
    <ele>1132.0</ele>
    <time>2019-01-05T10:02:35Z</time>
   </trkpt>
   <trkpt lat="42.9652470" lon="-2.3648100">
    <ele>1132.6</ele>
    <time>2019-01-05T10:02:39Z</time>
   </trkpt>
   <trkpt lat="42.9652220" lon="-2.3647870">
    <ele>1133.2</ele>
    <time>2019-01-05T10:02:43Z</time>
   </trkpt>
   <trkpt lat="42.9652010" lon="-2.3647640">
    <ele>1133.8</ele>
    <time>2019-01-05T10:02:47Z</time>
   </trkpt>
   <trkpt lat="42.9651730" lon="-2.3647450">
    <ele>1134.4</ele>
    <time>2019-01-05T10:02:51Z</time>
   </trkpt>
   <trkpt lat="42.9651480" lon="-2.3647070">
    <ele>1135.1</ele>
    <time>2019-01-05T10:02:56Z</time>
   </trkpt>
   <trkpt lat="42.9651370" lon="-2.3646680">
    <ele>1135.7</ele>
    <time>2019-01-05T10:02:59Z</time>
   </trkpt>
   <trkpt lat="42.9651190" lon="-2.3646350">
    <ele>1136.2</ele>
    <time>2019-01-05T10:03:02Z</time>
   </trkpt>
   <trkpt lat="42.9650980" lon="-2.3646050">
    <ele>1136.6</ele>
    <time>2019-01-05T10:03:05Z</time>
   </trkpt>
   <trkpt lat="42.9650700" lon="-2.3645900">
    <ele>1137.1</ele>
    <time>2019-01-05T10:03:08Z</time>
   </trkpt>
   <trkpt lat="42.9650390" lon="-2.3645800">
    <ele>1137.6</ele>
    <time>2019-01-05T10:03:11Z</time>
   </trkpt>
   <trkpt lat="42.9650080" lon="-2.3645650">
    <ele>1138.1</ele>
    <time>2019-01-05T10:03:14Z</time>
   </trkpt>
   <trkpt lat="42.9649830" lon="-2.3645430">
    <ele>1138.6</ele>
    <time>2019-01-05T10:03:17Z</time>
   </trkpt>
   <trkpt lat="42.9649590" lon="-2.3645170">
    <ele>1139.1</ele>
    <time>2019-01-05T10:03:20Z</time>
   </trkpt>
   <trkpt lat="42.9649380" lon="-2.3644940">
    <ele>1139.5</ele>
    <time>2019-01-05T10:03:23Z</time>
   </trkpt>
   <trkpt lat="42.9649130" lon="-2.3644650">
    <ele>1140.0</ele>
    <time>2019-01-05T10:03:26Z</time>
   </trkpt>
   <trkpt lat="42.9648910" lon="-2.3644330">
    <ele>1140.5</ele>
    <time>2019-01-05T10:03:29Z</time>
   </trkpt>
   <trkpt lat="42.9648650" lon="-2.3644060">
    <ele>1140.9</ele>
    <time>2019-01-05T10:03:32Z</time>
   </trkpt>
   <trkpt lat="42.9648330" lon="-2.3643890">
    <ele>1141.4</ele>
    <time>2019-01-05T10:03:35Z</time>
   </trkpt>
   <trkpt lat="42.9647980" lon="-2.3643800">
    <ele>1141.9</ele>
    <time>2019-01-05T10:03:38Z</time>
   </trkpt>
   <trkpt lat="42.9647690" lon="-2.3643580">
    <ele>1142.4</ele>
    <time>2019-01-05T10:03:41Z</time>
   </trkpt>
   <trkpt lat="42.9647410" lon="-2.3643280">
    <ele>1142.9</ele>
    <time>2019-01-05T10:03:44Z</time>
   </trkpt>
   <trkpt lat="42.9647150" lon="-2.3643160">
    <ele>1143.3</ele>
    <time>2019-01-05T10:03:46Z</time>
   </trkpt>
   <trkpt lat="42.9646770" lon="-2.3643130">
    <ele>1143.7</ele>
    <time>2019-01-05T10:03:49Z</time>
   </trkpt>
   <trkpt lat="42.9646400" lon="-2.3642970">
    <ele>1144.2</ele>
    <time>2019-01-05T10:03:52Z</time>
   </trkpt>
   <trkpt lat="42.9646090" lon="-2.3642830">
    <ele>1144.5</ele>
    <time>2019-01-05T10:03:55Z</time>
   </trkpt>
   <trkpt lat="42.9645830" lon="-2.3642740">
    <ele>1144.7</ele>
    <time>2019-01-05T10:03:57Z</time>
   </trkpt>
   <trkpt lat="42.9645540" lon="-2.3642650">
    <ele>1145.0</ele>
    <time>2019-01-05T10:03:59Z</time>
   </trkpt>
   <trkpt lat="42.9645190" lon="-2.3642530">
    <ele>1145.2</ele>
    <time>2019-01-05T10:04:02Z</time>
   </trkpt>
   <trkpt lat="42.9645490" lon="-2.3642630">
    <ele>1145.4</ele>
    <time>2019-01-05T10:04:17Z</time>
   </trkpt>
   <trkpt lat="42.9645740" lon="-2.3642790">
    <ele>1145.6</ele>
    <time>2019-01-05T10:04:22Z</time>
   </trkpt>
   <trkpt lat="42.9645960" lon="-2.3643120">
    <ele>1145.7</ele>
    <time>2019-01-05T10:04:43Z</time>
   </trkpt>
   <trkpt lat="42.9646250" lon="-2.3643300">
    <ele>1145.9</ele>
    <time>2019-01-05T10:04:47Z</time>
   </trkpt>
   <trkpt lat="42.9646120" lon="-2.3642950">
    <ele>1146.0</ele>
    <time>2019-01-05T10:05:32Z</time>
   </trkpt>
   <trkpt lat="42.9645850" lon="-2.3642840">
    <ele>1146.1</ele>
    <time>2019-01-05T10:05:37Z</time>
   </trkpt>
   <trkpt lat="42.9645600" lon="-2.3642610">
    <ele>1146.3</ele>
    <time>2019-01-05T10:05:41Z</time>
   </trkpt>
   <trkpt lat="42.9645320" lon="-2.3642520">
    <ele>1146.4</ele>
    <time>2019-01-05T10:05:45Z</time>
   </trkpt>
   <trkpt lat="42.9645060" lon="-2.3642350">
    <ele>1146.6</ele>
    <time>2019-01-05T10:05:48Z</time>
   </trkpt>
   <trkpt lat="42.9644730" lon="-2.3642330">
    <ele>1146.8</ele>
    <time>2019-01-05T10:05:53Z</time>
   </trkpt>
   <trkpt lat="42.9644340" lon="-2.3642410">
    <ele>1147.2</ele>
    <time>2019-01-05T10:05:57Z</time>
   </trkpt>
   <trkpt lat="42.9644010" lon="-2.3642520">
    <ele>1147.5</ele>
    <time>2019-01-05T10:06:00Z</time>
   </trkpt>
   <trkpt lat="42.9643700" lon="-2.3642620">
    <ele>1147.8</ele>
    <time>2019-01-05T10:06:03Z</time>
   </trkpt>
   <trkpt lat="42.9643420" lon="-2.3642770">
    <ele>1148.1</ele>
    <time>2019-01-05T10:06:07Z</time>
   </trkpt>
   <trkpt lat="42.9643140" lon="-2.3642990">
    <ele>1148.6</ele>
    <time>2019-01-05T10:06:11Z</time>
   </trkpt>
   <trkpt lat="42.9642820" lon="-2.3642850">
    <ele>1149.1</ele>
    <time>2019-01-05T10:06:19Z</time>
   </trkpt>
   <trkpt lat="42.9642550" lon="-2.3642690">
    <ele>1149.6</ele>
    <time>2019-01-05T10:06:23Z</time>
   </trkpt>
   <trkpt lat="42.9642380" lon="-2.3642370">
    <ele>1150.0</ele>
    <time>2019-01-05T10:06:29Z</time>
   </trkpt>
   <trkpt lat="42.9642110" lon="-2.3642140">
    <ele>1150.6</ele>
    <time>2019-01-05T10:06:33Z</time>
   </trkpt>
   <trkpt lat="42.9641850" lon="-2.3641870">
    <ele>1151.2</ele>
    <time>2019-01-05T10:06:38Z</time>
   </trkpt>
   <trkpt lat="42.9641620" lon="-2.3641650">
    <ele>1151.7</ele>
    <time>2019-01-05T10:06:41Z</time>
   </trkpt>
   <trkpt lat="42.9641380" lon="-2.3641370">
    <ele>1152.4</ele>
    <time>2019-01-05T10:06:45Z</time>
   </trkpt>
   <trkpt lat="42.9641120" lon="-2.3641090">
    <ele>1153.1</ele>
    <time>2019-01-05T10:06:49Z</time>
   </trkpt>
   <trkpt lat="42.9640880" lon="-2.3640860">
    <ele>1153.7</ele>
    <time>2019-01-05T10:06:53Z</time>
   </trkpt>
   <trkpt lat="42.9640630" lon="-2.3640590">
    <ele>1154.4</ele>
    <time>2019-01-05T10:06:57Z</time>
   </trkpt>
   <trkpt lat="42.9640410" lon="-2.3640330">
    <ele>1155.1</ele>
    <time>2019-01-05T10:07:00Z</time>
   </trkpt>
   <trkpt lat="42.9640150" lon="-2.3640140">
    <ele>1155.9</ele>
    <time>2019-01-05T10:07:03Z</time>
   </trkpt>
   <trkpt lat="42.9639900" lon="-2.3639840">
    <ele>1156.7</ele>
    <time>2019-01-05T10:07:06Z</time>
   </trkpt>
   <trkpt lat="42.9639610" lon="-2.3639560">
    <ele>1157.5</ele>
    <time>2019-01-05T10:07:10Z</time>
   </trkpt>
   <trkpt lat="42.9639360" lon="-2.3639300">
    <ele>1158.2</ele>
    <time>2019-01-05T10:07:14Z</time>
   </trkpt>
   <trkpt lat="42.9639160" lon="-2.3639050">
    <ele>1158.8</ele>
    <time>2019-01-05T10:07:17Z</time>
   </trkpt>
   <trkpt lat="42.9638870" lon="-2.3638770">
    <ele>1159.5</ele>
    <time>2019-01-05T10:07:20Z</time>
   </trkpt>
   <trkpt lat="42.9638630" lon="-2.3638570">
    <ele>1160.1</ele>
    <time>2019-01-05T10:07:23Z</time>
   </trkpt>
   <trkpt lat="42.9638470" lon="-2.3638230">
    <ele>1160.7</ele>
    <time>2019-01-05T10:07:26Z</time>
   </trkpt>
   <trkpt lat="42.9638330" lon="-2.3637830">
    <ele>1162.3</ele>
    <time>2019-01-05T10:07:29Z</time>
   </trkpt>
   <trkpt lat="42.9638220" lon="-2.3637420">
    <ele>1162.6</ele>
    <time>2019-01-05T10:07:33Z</time>
   </trkpt>
   <trkpt lat="42.9638120" lon="-2.3636990">
    <ele>1163.0</ele>
    <time>2019-01-05T10:07:37Z</time>
   </trkpt>
   <trkpt lat="42.9637990" lon="-2.3636590">
    <ele>1163.4</ele>
    <time>2019-01-05T10:07:40Z</time>
   </trkpt>
   <trkpt lat="42.9637860" lon="-2.3636170">
    <ele>1163.8</ele>
    <time>2019-01-05T10:07:43Z</time>
   </trkpt>
   <trkpt lat="42.9637730" lon="-2.3635760">
    <ele>1164.1</ele>
    <time>2019-01-05T10:07:46Z</time>
   </trkpt>
   <trkpt lat="42.9637650" lon="-2.3635350">
    <ele>1164.4</ele>
    <time>2019-01-05T10:07:49Z</time>
   </trkpt>
   <trkpt lat="42.9637540" lon="-2.3634930">
    <ele>1164.6</ele>
    <time>2019-01-05T10:07:53Z</time>
   </trkpt>
   <trkpt lat="42.9637540" lon="-2.3634490">
    <ele>1164.9</ele>
    <time>2019-01-05T10:07:57Z</time>
   </trkpt>
   <trkpt lat="42.9637570" lon="-2.3634100">
    <ele>1165.1</ele>
    <time>2019-01-05T10:08:01Z</time>
   </trkpt>
   <trkpt lat="42.9637580" lon="-2.3633680">
    <ele>1165.3</ele>
    <time>2019-01-05T10:08:05Z</time>
   </trkpt>
   <trkpt lat="42.9637560" lon="-2.3633220">
    <ele>1165.5</ele>
    <time>2019-01-05T10:08:09Z</time>
   </trkpt>
   <trkpt lat="42.9637570" lon="-2.3632840">
    <ele>1165.7</ele>
    <time>2019-01-05T10:08:13Z</time>
   </trkpt>
   <trkpt lat="42.9637680" lon="-2.3632500">
    <ele>1165.9</ele>
    <time>2019-01-05T10:08:21Z</time>
   </trkpt>
   <trkpt lat="42.9637710" lon="-2.3632110">
    <ele>1166.1</ele>
    <time>2019-01-05T10:08:32Z</time>
   </trkpt>
   <trkpt lat="42.9638060" lon="-2.3631820">
    <ele>1166.3</ele>
    <time>2019-01-05T10:09:32Z</time>
   </trkpt>
   <trkpt lat="42.9637910" lon="-2.3632180">
    <ele>1166.5</ele>
    <time>2019-01-05T10:09:48Z</time>
   </trkpt>
   <trkpt lat="42.9637680" lon="-2.3631840">
    <ele>1166.6</ele>
    <time>2019-01-05T10:10:05Z</time>
   </trkpt>
   <trkpt lat="42.9637450" lon="-2.3631630">
    <ele>1166.8</ele>
    <time>2019-01-05T10:10:10Z</time>
   </trkpt>
   <trkpt lat="42.9637540" lon="-2.3631240">
    <ele>1166.9</ele>
    <time>2019-01-05T10:10:15Z</time>
   </trkpt>
   <trkpt lat="42.9637650" lon="-2.3630880">
    <ele>1167.0</ele>
    <time>2019-01-05T10:10:22Z</time>
   </trkpt>
   <trkpt lat="42.9637540" lon="-2.3630440">
    <ele>1167.2</ele>
    <time>2019-01-05T10:10:52Z</time>
   </trkpt>
   <trkpt lat="42.9637370" lon="-2.3630100">
    <ele>1167.5</ele>
    <time>2019-01-05T10:11:08Z</time>
   </trkpt>
   <trkpt lat="42.9637450" lon="-2.3629690">
    <ele>1167.4</ele>
    <time>2019-01-05T10:11:20Z</time>
   </trkpt>
   <trkpt lat="42.9637140" lon="-2.3629580">
    <ele>1167.4</ele>
    <time>2019-01-05T10:11:28Z</time>
   </trkpt>
   <trkpt lat="42.9637070" lon="-2.3629190">
    <ele>1167.4</ele>
    <time>2019-01-05T10:11:47Z</time>
   </trkpt>
   <trkpt lat="42.9636980" lon="-2.3628820">
    <ele>1167.3</ele>
    <time>2019-01-05T10:11:51Z</time>
   </trkpt>
   <trkpt lat="42.9636740" lon="-2.3628490">
    <ele>1167.3</ele>
    <time>2019-01-05T10:11:59Z</time>
   </trkpt>
   <trkpt lat="42.9636620" lon="-2.3628070">
    <ele>1167.3</ele>
    <time>2019-01-05T10:12:02Z</time>
   </trkpt>
   <trkpt lat="42.9636460" lon="-2.3627700">
    <ele>1167.2</ele>
    <time>2019-01-05T10:12:05Z</time>
   </trkpt>
   <trkpt lat="42.9636250" lon="-2.3627400">
    <ele>1167.2</ele>
    <time>2019-01-05T10:12:10Z</time>
   </trkpt>
   <trkpt lat="42.9636030" lon="-2.3627100">
    <ele>1167.1</ele>
    <time>2019-01-05T10:12:15Z</time>
   </trkpt>
   <trkpt lat="42.9635880" lon="-2.3626710">
    <ele>1167.0</ele>
    <time>2019-01-05T10:12:19Z</time>
   </trkpt>
   <trkpt lat="42.9635830" lon="-2.3626340">
    <ele>1167.0</ele>
    <time>2019-01-05T10:12:22Z</time>
   </trkpt>
   <trkpt lat="42.9635640" lon="-2.3625970">
    <ele>1166.9</ele>
    <time>2019-01-05T10:12:27Z</time>
   </trkpt>
   <trkpt lat="42.9635420" lon="-2.3625650">
    <ele>1166.8</ele>
    <time>2019-01-05T10:12:32Z</time>
   </trkpt>
   <trkpt lat="42.9635360" lon="-2.3625230">
    <ele>1166.7</ele>
    <time>2019-01-05T10:12:35Z</time>
   </trkpt>
   <trkpt lat="42.9635290" lon="-2.3624770">
    <ele>1166.6</ele>
    <time>2019-01-05T10:12:39Z</time>
   </trkpt>
   <trkpt lat="42.9635160" lon="-2.3624370">
    <ele>1166.5</ele>
    <time>2019-01-05T10:12:42Z</time>
   </trkpt>
   <trkpt lat="42.9635150" lon="-2.3623980">
    <ele>1166.4</ele>
    <time>2019-01-05T10:12:45Z</time>
   </trkpt>
   <trkpt lat="42.9635060" lon="-2.3623620">
    <ele>1166.3</ele>
    <time>2019-01-05T10:12:48Z</time>
   </trkpt>
   <trkpt lat="42.9634880" lon="-2.3623280">
    <ele>1166.1</ele>
    <time>2019-01-05T10:12:52Z</time>
   </trkpt>
   <trkpt lat="42.9634680" lon="-2.3623010">
    <ele>1166.0</ele>
    <time>2019-01-05T10:12:56Z</time>
   </trkpt>
   <trkpt lat="42.9634530" lon="-2.3622660">
    <ele>1165.9</ele>
    <time>2019-01-05T10:12:59Z</time>
   </trkpt>
   <trkpt lat="42.9634430" lon="-2.3622240">
    <ele>1165.8</ele>
    <time>2019-01-05T10:13:02Z</time>
   </trkpt>
   <trkpt lat="42.9634350" lon="-2.3621850">
    <ele>1165.6</ele>
    <time>2019-01-05T10:13:05Z</time>
   </trkpt>
   <trkpt lat="42.9634210" lon="-2.3621400">
    <ele>1165.5</ele>
    <time>2019-01-05T10:13:09Z</time>
   </trkpt>
   <trkpt lat="42.9634100" lon="-2.3621010">
    <ele>1165.4</ele>
    <time>2019-01-05T10:13:12Z</time>
   </trkpt>
   <trkpt lat="42.9633960" lon="-2.3620650">
    <ele>1165.3</ele>
    <time>2019-01-05T10:13:16Z</time>
   </trkpt>
   <trkpt lat="42.9633900" lon="-2.3620260">
    <ele>1165.2</ele>
    <time>2019-01-05T10:13:20Z</time>
   </trkpt>
   <trkpt lat="42.9633890" lon="-2.3619870">
    <ele>1165.1</ele>
    <time>2019-01-05T10:13:25Z</time>
   </trkpt>
   <trkpt lat="42.9633740" lon="-2.3619550">
    <ele>1165.0</ele>
    <time>2019-01-05T10:13:30Z</time>
   </trkpt>
   <trkpt lat="42.9633720" lon="-2.3619060">
    <ele>1164.9</ele>
    <time>2019-01-05T10:13:34Z</time>
   </trkpt>
   <trkpt lat="42.9633680" lon="-2.3618640">
    <ele>1164.8</ele>
    <time>2019-01-05T10:13:38Z</time>
   </trkpt>
   <trkpt lat="42.9633700" lon="-2.3618190">
    <ele>1164.6</ele>
    <time>2019-01-05T10:13:41Z</time>
   </trkpt>
   <trkpt lat="42.9633700" lon="-2.3617720">
    <ele>1164.4</ele>
    <time>2019-01-05T10:13:45Z</time>
   </trkpt>
   <trkpt lat="42.9633730" lon="-2.3617290">
    <ele>1164.2</ele>
    <time>2019-01-05T10:13:49Z</time>
   </trkpt>
   <trkpt lat="42.9633840" lon="-2.3616790">
    <ele>1163.9</ele>
    <time>2019-01-05T10:13:52Z</time>
   </trkpt>
   <trkpt lat="42.9633950" lon="-2.3616390">
    <ele>1163.8</ele>
    <time>2019-01-05T10:13:54Z</time>
   </trkpt>
   <trkpt lat="42.9634030" lon="-2.3615890">
    <ele>1163.6</ele>
    <time>2019-01-05T10:13:57Z</time>
   </trkpt>
   <trkpt lat="42.9634100" lon="-2.3615410">
    <ele>1163.4</ele>
    <time>2019-01-05T10:14:00Z</time>
   </trkpt>
   <trkpt lat="42.9634210" lon="-2.3614940">
    <ele>1163.2</ele>
    <time>2019-01-05T10:14:02Z</time>
   </trkpt>
   <trkpt lat="42.9634370" lon="-2.3614360">
    <ele>1163.0</ele>
    <time>2019-01-05T10:14:04Z</time>
   </trkpt>
   <trkpt lat="42.9634530" lon="-2.3613830">
    <ele>1162.7</ele>
    <time>2019-01-05T10:14:06Z</time>
   </trkpt>
   <trkpt lat="42.9634590" lon="-2.3613370">
    <ele>1162.6</ele>
    <time>2019-01-05T10:14:08Z</time>
   </trkpt>
   <trkpt lat="42.9634540" lon="-2.3612860">
    <ele>1162.4</ele>
    <time>2019-01-05T10:14:11Z</time>
   </trkpt>
   <trkpt lat="42.9634530" lon="-2.3612340">
    <ele>1162.3</ele>
    <time>2019-01-05T10:14:14Z</time>
   </trkpt>
   <trkpt lat="42.9634530" lon="-2.3611940">
    <ele>1162.2</ele>
    <time>2019-01-05T10:14:16Z</time>
   </trkpt>
   <trkpt lat="42.9634540" lon="-2.3611550">
    <ele>1162.1</ele>
    <time>2019-01-05T10:14:18Z</time>
   </trkpt>
   <trkpt lat="42.9634560" lon="-2.3611060">
    <ele>1162.0</ele>
    <time>2019-01-05T10:14:21Z</time>
   </trkpt>
   <trkpt lat="42.9634590" lon="-2.3610680">
    <ele>1161.9</ele>
    <time>2019-01-05T10:14:23Z</time>
   </trkpt>
   <trkpt lat="42.9634610" lon="-2.3610160">
    <ele>1161.7</ele>
    <time>2019-01-05T10:14:26Z</time>
   </trkpt>
   <trkpt lat="42.9634590" lon="-2.3609710">
    <ele>1161.6</ele>
    <time>2019-01-05T10:14:28Z</time>
   </trkpt>
   <trkpt lat="42.9634580" lon="-2.3609180">
    <ele>1161.5</ele>
    <time>2019-01-05T10:14:31Z</time>
   </trkpt>
   <trkpt lat="42.9634550" lon="-2.3608810">
    <ele>1161.4</ele>
    <time>2019-01-05T10:14:33Z</time>
   </trkpt>
   <trkpt lat="42.9634540" lon="-2.3608430">
    <ele>1161.3</ele>
    <time>2019-01-05T10:14:35Z</time>
   </trkpt>
   <trkpt lat="42.9634500" lon="-2.3607950">
    <ele>1161.2</ele>
    <time>2019-01-05T10:14:38Z</time>
   </trkpt>
   <trkpt lat="42.9634450" lon="-2.3607450">
    <ele>1161.1</ele>
    <time>2019-01-05T10:14:41Z</time>
   </trkpt>
   <trkpt lat="42.9634320" lon="-2.3607040">
    <ele>1161.1</ele>
    <time>2019-01-05T10:14:46Z</time>
   </trkpt>
   <trkpt lat="42.9634240" lon="-2.3606650">
    <ele>1161.0</ele>
    <time>2019-01-05T10:14:49Z</time>
   </trkpt>
   <trkpt lat="42.9634150" lon="-2.3606250">
    <ele>1161.0</ele>
    <time>2019-01-05T10:14:55Z</time>
   </trkpt>
   <trkpt lat="42.9634110" lon="-2.3605870">
    <ele>1160.9</ele>
    <time>2019-01-05T10:14:59Z</time>
   </trkpt>
   <trkpt lat="42.9634160" lon="-2.3605400">
    <ele>1160.8</ele>
    <time>2019-01-05T10:15:03Z</time>
   </trkpt>
   <trkpt lat="42.9634100" lon="-2.3604970">
    <ele>1160.8</ele>
    <time>2019-01-05T10:15:06Z</time>
   </trkpt>
   <trkpt lat="42.9634090" lon="-2.3604500">
    <ele>1160.7</ele>
    <time>2019-01-05T10:15:09Z</time>
   </trkpt>
   <trkpt lat="42.9634100" lon="-2.3604110">
    <ele>1160.6</ele>
    <time>2019-01-05T10:15:12Z</time>
   </trkpt>
   <trkpt lat="42.9634070" lon="-2.3603680">
    <ele>1160.6</ele>
    <time>2019-01-05T10:15:16Z</time>
   </trkpt>
   <trkpt lat="42.9634030" lon="-2.3603260">
    <ele>1160.5</ele>
    <time>2019-01-05T10:15:20Z</time>
   </trkpt>
   <trkpt lat="42.9634100" lon="-2.3602870">
    <ele>1160.4</ele>
    <time>2019-01-05T10:15:22Z</time>
   </trkpt>
   <trkpt lat="42.9634140" lon="-2.3602490">
    <ele>1160.3</ele>
    <time>2019-01-05T10:15:24Z</time>
   </trkpt>
   <trkpt lat="42.9634200" lon="-2.3602100">
    <ele>1160.3</ele>
    <time>2019-01-05T10:15:26Z</time>
   </trkpt>
   <trkpt lat="42.9634270" lon="-2.3601740">
    <ele>1160.2</ele>
    <time>2019-01-05T10:15:28Z</time>
   </trkpt>
   <trkpt lat="42.9634370" lon="-2.3601230">
    <ele>1160.1</ele>
    <time>2019-01-05T10:15:31Z</time>
   </trkpt>
   <trkpt lat="42.9634420" lon="-2.3600690">
    <ele>1159.9</ele>
    <time>2019-01-05T10:15:34Z</time>
   </trkpt>
   <trkpt lat="42.9634420" lon="-2.3600310">
    <ele>1159.8</ele>
    <time>2019-01-05T10:15:37Z</time>
   </trkpt>
   <trkpt lat="42.9634360" lon="-2.3599860">
    <ele>1159.7</ele>
    <time>2019-01-05T10:15:41Z</time>
   </trkpt>
   <trkpt lat="42.9634230" lon="-2.3599490">
    <ele>1159.5</ele>
    <time>2019-01-05T10:15:44Z</time>
   </trkpt>
   <trkpt lat="42.9634270" lon="-2.3599090">
    <ele>1159.4</ele>
    <time>2019-01-05T10:15:46Z</time>
   </trkpt>
   <trkpt lat="42.9634350" lon="-2.3598630">
    <ele>1159.3</ele>
    <time>2019-01-05T10:15:48Z</time>
   </trkpt>
   <trkpt lat="42.9634450" lon="-2.3598100">
    <ele>1159.2</ele>
    <time>2019-01-05T10:15:50Z</time>
   </trkpt>
   <trkpt lat="42.9634560" lon="-2.3597590">
    <ele>1159.1</ele>
    <time>2019-01-05T10:15:52Z</time>
   </trkpt>
   <trkpt lat="42.9634640" lon="-2.3597110">
    <ele>1159.0</ele>
    <time>2019-01-05T10:15:54Z</time>
   </trkpt>
   <trkpt lat="42.9634680" lon="-2.3596730">
    <ele>1158.9</ele>
    <time>2019-01-05T10:15:56Z</time>
   </trkpt>
   <trkpt lat="42.9634700" lon="-2.3596190">
    <ele>1158.8</ele>
    <time>2019-01-05T10:15:59Z</time>
   </trkpt>
   <trkpt lat="42.9634630" lon="-2.3595700">
    <ele>1158.7</ele>
    <time>2019-01-05T10:16:02Z</time>
   </trkpt>
   <trkpt lat="42.9634530" lon="-2.3595240">
    <ele>1158.6</ele>
    <time>2019-01-05T10:16:06Z</time>
   </trkpt>
   <trkpt lat="42.9634500" lon="-2.3594820">
    <ele>1158.6</ele>
    <time>2019-01-05T10:16:09Z</time>
   </trkpt>
   <trkpt lat="42.9634480" lon="-2.3594310">
    <ele>1158.5</ele>
    <time>2019-01-05T10:16:12Z</time>
   </trkpt>
   <trkpt lat="42.9634410" lon="-2.3593820">
    <ele>1158.3</ele>
    <time>2019-01-05T10:16:15Z</time>
   </trkpt>
   <trkpt lat="42.9634270" lon="-2.3593360">
    <ele>1158.2</ele>
    <time>2019-01-05T10:16:18Z</time>
   </trkpt>
   <trkpt lat="42.9634180" lon="-2.3592930">
    <ele>1158.2</ele>
    <time>2019-01-05T10:16:21Z</time>
   </trkpt>
   <trkpt lat="42.9634150" lon="-2.3592540">
    <ele>1158.1</ele>
    <time>2019-01-05T10:16:24Z</time>
   </trkpt>
   <trkpt lat="42.9634110" lon="-2.3592040">
    <ele>1158.0</ele>
    <time>2019-01-05T10:16:28Z</time>
   </trkpt>
   <trkpt lat="42.9633990" lon="-2.3591640">
    <ele>1158.0</ele>
    <time>2019-01-05T10:16:31Z</time>
   </trkpt>
   <trkpt lat="42.9633910" lon="-2.3591280">
    <ele>1157.9</ele>
    <time>2019-01-05T10:16:33Z</time>
   </trkpt>
   <trkpt lat="42.9633840" lon="-2.3590890">
    <ele>1157.8</ele>
    <time>2019-01-05T10:16:36Z</time>
   </trkpt>
   <trkpt lat="42.9633790" lon="-2.3590420">
    <ele>1157.8</ele>
    <time>2019-01-05T10:16:39Z</time>
   </trkpt>
   <trkpt lat="42.9633560" lon="-2.3590090">
    <ele>1157.7</ele>
    <time>2019-01-05T10:16:47Z</time>
   </trkpt>
   <trkpt lat="42.9633370" lon="-2.3590380">
    <ele>1157.6</ele>
    <time>2019-01-05T10:16:54Z</time>
   </trkpt>
   <trkpt lat="42.9633640" lon="-2.3589990">
    <ele>1157.5</ele>
    <time>2019-01-05T10:16:57Z</time>
   </trkpt>
   <trkpt lat="42.9633810" lon="-2.3589620">
    <ele>1157.4</ele>
    <time>2019-01-05T10:16:59Z</time>
   </trkpt>
   <trkpt lat="42.9633880" lon="-2.3589110">
    <ele>1157.2</ele>
    <time>2019-01-05T10:17:03Z</time>
   </trkpt>
   <trkpt lat="42.9633560" lon="-2.3588970">
    <ele>1157.1</ele>
    <time>2019-01-05T10:17:08Z</time>
   </trkpt>
   <trkpt lat="42.9633120" lon="-2.3589110">
    <ele>1156.9</ele>
    <time>2019-01-05T10:17:19Z</time>
   </trkpt>
   <trkpt lat="42.9633350" lon="-2.3588540">
    <ele>1156.6</ele>
    <time>2019-01-05T10:17:39Z</time>
   </trkpt>
   <trkpt lat="42.9633090" lon="-2.3589010">
    <ele>1156.4</ele>
    <time>2019-01-05T10:21:15Z</time>
   </trkpt>
   <trkpt lat="42.9633210" lon="-2.3588580">
    <ele>1156.2</ele>
    <time>2019-01-05T10:21:27Z</time>
   </trkpt>
   <trkpt lat="42.9633310" lon="-2.3588220">
    <ele>1156.0</ele>
    <time>2019-01-05T10:21:32Z</time>
   </trkpt>
   <trkpt lat="42.9633240" lon="-2.3587860">
    <ele>1155.9</ele>
    <time>2019-01-05T10:21:36Z</time>
   </trkpt>
   <trkpt lat="42.9633210" lon="-2.3587440">
    <ele>1155.6</ele>
    <time>2019-01-05T10:21:40Z</time>
   </trkpt>
   <trkpt lat="42.9633150" lon="-2.3587070">
    <ele>1155.5</ele>
    <time>2019-01-05T10:21:43Z</time>
   </trkpt>
   <trkpt lat="42.9633140" lon="-2.3586610">
    <ele>1155.4</ele>
    <time>2019-01-05T10:21:47Z</time>
   </trkpt>
   <trkpt lat="42.9633090" lon="-2.3586240">
    <ele>1155.3</ele>
    <time>2019-01-05T10:21:50Z</time>
   </trkpt>
   <trkpt lat="42.9632970" lon="-2.3585790">
    <ele>1155.1</ele>
    <time>2019-01-05T10:21:53Z</time>
   </trkpt>
   <trkpt lat="42.9632830" lon="-2.3585340">
    <ele>1155.0</ele>
    <time>2019-01-05T10:21:56Z</time>
   </trkpt>
   <trkpt lat="42.9632700" lon="-2.3584920">
    <ele>1154.8</ele>
    <time>2019-01-05T10:21:59Z</time>
   </trkpt>
   <trkpt lat="42.9632530" lon="-2.3584420">
    <ele>1155.0</ele>
    <time>2019-01-05T10:22:02Z</time>
   </trkpt>
   <trkpt lat="42.9632410" lon="-2.3583960">
    <ele>1155.0</ele>
    <time>2019-01-05T10:22:05Z</time>
   </trkpt>
   <trkpt lat="42.9632320" lon="-2.3583600">
    <ele>1155.0</ele>
    <time>2019-01-05T10:22:08Z</time>
   </trkpt>
   <trkpt lat="42.9632170" lon="-2.3583150">
    <ele>1155.0</ele>
    <time>2019-01-05T10:22:11Z</time>
   </trkpt>
   <trkpt lat="42.9632010" lon="-2.3582710">
    <ele>1155.0</ele>
    <time>2019-01-05T10:22:14Z</time>
   </trkpt>
   <trkpt lat="42.9631890" lon="-2.3582360">
    <ele>1155.0</ele>
    <time>2019-01-05T10:22:17Z</time>
   </trkpt>
   <trkpt lat="42.9631780" lon="-2.3581940">
    <ele>1154.9</ele>
    <time>2019-01-05T10:22:20Z</time>
   </trkpt>
   <trkpt lat="42.9631710" lon="-2.3581510">
    <ele>1154.9</ele>
    <time>2019-01-05T10:22:23Z</time>
   </trkpt>
   <trkpt lat="42.9631690" lon="-2.3581120">
    <ele>1154.8</ele>
    <time>2019-01-05T10:22:26Z</time>
   </trkpt>
   <trkpt lat="42.9631710" lon="-2.3580720">
    <ele>1154.7</ele>
    <time>2019-01-05T10:22:29Z</time>
   </trkpt>
   <trkpt lat="42.9631690" lon="-2.3580340">
    <ele>1154.6</ele>
    <time>2019-01-05T10:22:32Z</time>
   </trkpt>
   <trkpt lat="42.9631630" lon="-2.3579870">
    <ele>1154.4</ele>
    <time>2019-01-05T10:22:35Z</time>
   </trkpt>
   <trkpt lat="42.9631580" lon="-2.3579420">
    <ele>1154.2</ele>
    <time>2019-01-05T10:22:38Z</time>
   </trkpt>
   <trkpt lat="42.9631560" lon="-2.3578950">
    <ele>1153.9</ele>
    <time>2019-01-05T10:22:41Z</time>
   </trkpt>
   <trkpt lat="42.9631590" lon="-2.3578490">
    <ele>1153.6</ele>
    <time>2019-01-05T10:22:44Z</time>
   </trkpt>
   <trkpt lat="42.9631680" lon="-2.3578040">
    <ele>1153.3</ele>
    <time>2019-01-05T10:22:48Z</time>
   </trkpt>
   <trkpt lat="42.9631830" lon="-2.3577610">
    <ele>1152.9</ele>
    <time>2019-01-05T10:23:02Z</time>
   </trkpt>
   <trkpt lat="42.9631690" lon="-2.3577220">
    <ele>1152.6</ele>
    <time>2019-01-05T10:23:11Z</time>
   </trkpt>
   <trkpt lat="42.9631750" lon="-2.3576790">
    <ele>1152.2</ele>
    <time>2019-01-05T10:23:35Z</time>
   </trkpt>
   <trkpt lat="42.9631480" lon="-2.3576600">
    <ele>1151.8</ele>
    <time>2019-01-05T10:23:40Z</time>
   </trkpt>
   <trkpt lat="42.9631240" lon="-2.3576290">
    <ele>1151.4</ele>
    <time>2019-01-05T10:23:43Z</time>
   </trkpt>
   <trkpt lat="42.9631030" lon="-2.3576050">
    <ele>1151.0</ele>
    <time>2019-01-05T10:23:46Z</time>
   </trkpt>
   <trkpt lat="42.9630770" lon="-2.3575850">
    <ele>1150.5</ele>
    <time>2019-01-05T10:23:54Z</time>
   </trkpt>
   <trkpt lat="42.9630530" lon="-2.3575540">
    <ele>1149.9</ele>
    <time>2019-01-05T10:23:57Z</time>
   </trkpt>
   <trkpt lat="42.9630300" lon="-2.3575170">
    <ele>1149.3</ele>
    <time>2019-01-05T10:24:01Z</time>
   </trkpt>
   <trkpt lat="42.9630070" lon="-2.3574810">
    <ele>1148.6</ele>
    <time>2019-01-05T10:24:05Z</time>
   </trkpt>
   <trkpt lat="42.9629910" lon="-2.3574430">
    <ele>1148.0</ele>
    <time>2019-01-05T10:24:09Z</time>
   </trkpt>
   <trkpt lat="42.9629690" lon="-2.3574180">
    <ele>1147.5</ele>
    <time>2019-01-05T10:24:13Z</time>
   </trkpt>
   <trkpt lat="42.9629520" lon="-2.3573810">
    <ele>1146.9</ele>
    <time>2019-01-05T10:24:19Z</time>
   </trkpt>
   <trkpt lat="42.9629350" lon="-2.3573510">
    <ele>1146.4</ele>
    <time>2019-01-05T10:24:23Z</time>
   </trkpt>
   <trkpt lat="42.9629130" lon="-2.3573160">
    <ele>1145.7</ele>
    <time>2019-01-05T10:24:27Z</time>
   </trkpt>
   <trkpt lat="42.9628920" lon="-2.3572900">
    <ele>1145.2</ele>
    <time>2019-01-05T10:24:30Z</time>
   </trkpt>
   <trkpt lat="42.9628690" lon="-2.3572600">
    <ele>1144.6</ele>
    <time>2019-01-05T10:24:33Z</time>
   </trkpt>
   <trkpt lat="42.9628430" lon="-2.3572200">
    <ele>1143.8</ele>
    <time>2019-01-05T10:24:37Z</time>
   </trkpt>
   <trkpt lat="42.9628260" lon="-2.3571900">
    <ele>1143.3</ele>
    <time>2019-01-05T10:24:39Z</time>
   </trkpt>
   <trkpt lat="42.9628080" lon="-2.3571600">
    <ele>1142.8</ele>
    <time>2019-01-05T10:24:42Z</time>
   </trkpt>
   <trkpt lat="42.9627910" lon="-2.3571300">
    <ele>1142.3</ele>
    <time>2019-01-05T10:24:47Z</time>
   </trkpt>
   <trkpt lat="42.9627680" lon="-2.3570950">
    <ele>1141.8</ele>
    <time>2019-01-05T10:24:57Z</time>
   </trkpt>
   <trkpt lat="42.9627530" lon="-2.3570630">
    <ele>1141.4</ele>
    <time>2019-01-05T10:24:59Z</time>
   </trkpt>
   <trkpt lat="42.9627370" lon="-2.3570260">
    <ele>1140.9</ele>
    <time>2019-01-05T10:25:02Z</time>
   </trkpt>
   <trkpt lat="42.9627150" lon="-2.3569870">
    <ele>1140.4</ele>
    <time>2019-01-05T10:25:05Z</time>
   </trkpt>
   <trkpt lat="42.9626890" lon="-2.3569550">
    <ele>1140.1</ele>
    <time>2019-01-05T10:25:08Z</time>
   </trkpt>
   <trkpt lat="42.9626690" lon="-2.3569170">
    <ele>1139.7</ele>
    <time>2019-01-05T10:25:11Z</time>
   </trkpt>
   <trkpt lat="42.9626540" lon="-2.3568830">
    <ele>1139.4</ele>
    <time>2019-01-05T10:25:14Z</time>
   </trkpt>
   <trkpt lat="42.9626280" lon="-2.3568510">
    <ele>1139.1</ele>
    <time>2019-01-05T10:25:18Z</time>
   </trkpt>
   <trkpt lat="42.9626080" lon="-2.3568130">
    <ele>1138.8</ele>
    <time>2019-01-05T10:25:22Z</time>
   </trkpt>
   <trkpt lat="42.9625900" lon="-2.3567750">
    <ele>1138.6</ele>
    <time>2019-01-05T10:25:26Z</time>
   </trkpt>
   <trkpt lat="42.9625760" lon="-2.3567380">
    <ele>1138.4</ele>
    <time>2019-01-05T10:25:29Z</time>
   </trkpt>
   <trkpt lat="42.9625620" lon="-2.3567060">
    <ele>1138.3</ele>
    <time>2019-01-05T10:25:32Z</time>
   </trkpt>
   <trkpt lat="42.9625500" lon="-2.3566710">
    <ele>1138.2</ele>
    <time>2019-01-05T10:25:35Z</time>
   </trkpt>
   <trkpt lat="42.9625380" lon="-2.3566360">
    <ele>1138.1</ele>
    <time>2019-01-05T10:25:38Z</time>
   </trkpt>
   <trkpt lat="42.9625220" lon="-2.3565990">
    <ele>1138.1</ele>
    <time>2019-01-05T10:25:42Z</time>
   </trkpt>
   <trkpt lat="42.9625050" lon="-2.3565650">
    <ele>1138.0</ele>
    <time>2019-01-05T10:25:45Z</time>
   </trkpt>
   <trkpt lat="42.9624830" lon="-2.3565340">
    <ele>1138.0</ele>
    <time>2019-01-05T10:25:48Z</time>
   </trkpt>
   <trkpt lat="42.9624600" lon="-2.3565030">
    <ele>1138.0</ele>
    <time>2019-01-05T10:25:51Z</time>
   </trkpt>
   <trkpt lat="42.9624360" lon="-2.3564720">
    <ele>1137.9</ele>
    <time>2019-01-05T10:25:54Z</time>
   </trkpt>
   <trkpt lat="42.9624100" lon="-2.3564390">
    <ele>1137.9</ele>
    <time>2019-01-05T10:25:57Z</time>
   </trkpt>
   <trkpt lat="42.9623890" lon="-2.3564050">
    <ele>1137.8</ele>
    <time>2019-01-05T10:26:00Z</time>
   </trkpt>
   <trkpt lat="42.9623720" lon="-2.3563690">
    <ele>1137.7</ele>
    <time>2019-01-05T10:26:03Z</time>
   </trkpt>
   <trkpt lat="42.9623560" lon="-2.3563350">
    <ele>1137.5</ele>
    <time>2019-01-05T10:26:06Z</time>
   </trkpt>
   <trkpt lat="42.9623380" lon="-2.3563020">
    <ele>1137.3</ele>
    <time>2019-01-05T10:26:09Z</time>
   </trkpt>
   <trkpt lat="42.9623190" lon="-2.3562700">
    <ele>1137.1</ele>
    <time>2019-01-05T10:26:12Z</time>
   </trkpt>
   <trkpt lat="42.9622920" lon="-2.3562410">
    <ele>1136.9</ele>
    <time>2019-01-05T10:26:15Z</time>
   </trkpt>
   <trkpt lat="42.9622700" lon="-2.3562180">
    <ele>1136.6</ele>
    <time>2019-01-05T10:26:17Z</time>
   </trkpt>
   <trkpt lat="42.9622470" lon="-2.3561890">
    <ele>1136.4</ele>
    <time>2019-01-05T10:26:20Z</time>
   </trkpt>
   <trkpt lat="42.9622340" lon="-2.3561500">
    <ele>1136.1</ele>
    <time>2019-01-05T10:26:23Z</time>
   </trkpt>
   <trkpt lat="42.9622180" lon="-2.3561070">
    <ele>1135.7</ele>
    <time>2019-01-05T10:26:26Z</time>
   </trkpt>
   <trkpt lat="42.9622020" lon="-2.3560750">
    <ele>1135.4</ele>
    <time>2019-01-05T10:26:29Z</time>
   </trkpt>
   <trkpt lat="42.9621870" lon="-2.3560450">
    <ele>1135.1</ele>
    <time>2019-01-05T10:26:32Z</time>
   </trkpt>
   <trkpt lat="42.9621720" lon="-2.3560080">
    <ele>1134.8</ele>
    <time>2019-01-05T10:26:35Z</time>
   </trkpt>
   <trkpt lat="42.9621530" lon="-2.3559780">
    <ele>1134.6</ele>
    <time>2019-01-05T10:26:38Z</time>
   </trkpt>
   <trkpt lat="42.9621320" lon="-2.3559510">
    <ele>1134.3</ele>
    <time>2019-01-05T10:26:41Z</time>
   </trkpt>
   <trkpt lat="42.9621120" lon="-2.3559190">
    <ele>1134.0</ele>
    <time>2019-01-05T10:26:44Z</time>
   </trkpt>
   <trkpt lat="42.9620910" lon="-2.3558840">
    <ele>1133.6</ele>
    <time>2019-01-05T10:26:47Z</time>
   </trkpt>
   <trkpt lat="42.9620710" lon="-2.3558530">
    <ele>1133.2</ele>
    <time>2019-01-05T10:26:50Z</time>
   </trkpt>
   <trkpt lat="42.9620470" lon="-2.3558280">
    <ele>1132.9</ele>
    <time>2019-01-05T10:26:53Z</time>
   </trkpt>
   <trkpt lat="42.9620140" lon="-2.3558080">
    <ele>1132.9</ele>
    <time>2019-01-05T10:26:57Z</time>
   </trkpt>
   <trkpt lat="42.9619860" lon="-2.3557930">
    <ele>1132.9</ele>
    <time>2019-01-05T10:27:00Z</time>
   </trkpt>
   <trkpt lat="42.9619590" lon="-2.3557710">
    <ele>1132.9</ele>
    <time>2019-01-05T10:27:03Z</time>
   </trkpt>
   <trkpt lat="42.9619480" lon="-2.3557300">
    <ele>1132.8</ele>
    <time>2019-01-05T10:27:06Z</time>
   </trkpt>
   <trkpt lat="42.9619430" lon="-2.3556910">
    <ele>1132.8</ele>
    <time>2019-01-05T10:27:09Z</time>
   </trkpt>
   <trkpt lat="42.9619260" lon="-2.3556490">
    <ele>1132.8</ele>
    <time>2019-01-05T10:27:12Z</time>
   </trkpt>
   <trkpt lat="42.9619110" lon="-2.3556190">
    <ele>1132.7</ele>
    <time>2019-01-05T10:27:18Z</time>
   </trkpt>
   <trkpt lat="42.9619020" lon="-2.3555830">
    <ele>1132.7</ele>
    <time>2019-01-05T10:27:24Z</time>
   </trkpt>
   <trkpt lat="42.9619060" lon="-2.3555460">
    <ele>1132.7</ele>
    <time>2019-01-05T10:27:29Z</time>
   </trkpt>
   <trkpt lat="42.9619360" lon="-2.3555310">
    <ele>1132.7</ele>
    <time>2019-01-05T10:27:34Z</time>
   </trkpt>
   <trkpt lat="42.9619580" lon="-2.3555570">
    <ele>1132.6</ele>
    <time>2019-01-05T10:27:39Z</time>
   </trkpt>
   <trkpt lat="42.9619860" lon="-2.3555880">
    <ele>1132.6</ele>
    <time>2019-01-05T10:27:49Z</time>
   </trkpt>
   <trkpt lat="42.9619550" lon="-2.3556080">
    <ele>1132.6</ele>
    <time>2019-01-05T10:28:04Z</time>
   </trkpt>
   <trkpt lat="42.9619280" lon="-2.3556120">
    <ele>1132.5</ele>
    <time>2019-01-05T10:28:12Z</time>
   </trkpt>
   <trkpt lat="42.9619330" lon="-2.3555700">
    <ele>1132.5</ele>
    <time>2019-01-05T10:28:25Z</time>
   </trkpt>
   <trkpt lat="42.9619640" lon="-2.3555590">
    <ele>1132.5</ele>
    <time>2019-01-05T10:28:29Z</time>
   </trkpt>
   <trkpt lat="42.9619830" lon="-2.3555290">
    <ele>1132.4</ele>
    <time>2019-01-05T10:28:35Z</time>
   </trkpt>
   <trkpt lat="42.9620070" lon="-2.3555090">
    <ele>1132.4</ele>
    <time>2019-01-05T10:29:00Z</time>
   </trkpt>
   <trkpt lat="42.9620300" lon="-2.3555330">
    <ele>1132.4</ele>
    <time>2019-01-05T10:29:04Z</time>
   </trkpt>
   <trkpt lat="42.9620600" lon="-2.3555290">
    <ele>1132.4</ele>
    <time>2019-01-05T10:29:12Z</time>
   </trkpt>
   <trkpt lat="42.9620810" lon="-2.3555510">
    <ele>1132.3</ele>
    <time>2019-01-05T10:29:14Z</time>
   </trkpt>
   <trkpt lat="42.9620570" lon="-2.3555840">
    <ele>1132.3</ele>
    <time>2019-01-05T10:29:18Z</time>
   </trkpt>
   <trkpt lat="42.9620870" lon="-2.3556330">
    <ele>1132.3</ele>
    <time>2019-01-05T10:29:27Z</time>
   </trkpt>
   <trkpt lat="42.9620950" lon="-2.3556930">
    <ele>1132.2</ele>
    <time>2019-01-05T10:29:42Z</time>
   </trkpt>
   <trkpt lat="42.9621210" lon="-2.3556820">
    <ele>1132.2</ele>
    <time>2019-01-05T10:29:47Z</time>
   </trkpt>
   <trkpt lat="42.9621150" lon="-2.3556450">
    <ele>1132.2</ele>
    <time>2019-01-05T10:29:51Z</time>
   </trkpt>
   <trkpt lat="42.9621380" lon="-2.3556230">
    <ele>1132.1</ele>
    <time>2019-01-05T10:30:36Z</time>
   </trkpt>
   <trkpt lat="42.9621670" lon="-2.3556070">
    <ele>1132.1</ele>
    <time>2019-01-05T10:30:39Z</time>
   </trkpt>
   <trkpt lat="42.9621940" lon="-2.3555840">
    <ele>1132.1</ele>
    <time>2019-01-05T10:30:42Z</time>
   </trkpt>
   <trkpt lat="42.9621860" lon="-2.3555480">
    <ele>1132.1</ele>
    <time>2019-01-05T10:31:29Z</time>
   </trkpt>
   <trkpt lat="42.9621560" lon="-2.3555310">
    <ele>1132.0</ele>
    <time>2019-01-05T10:31:30Z</time>
   </trkpt>
   <trkpt lat="42.9621260" lon="-2.3555250">
    <ele>1132.0</ele>
    <time>2019-01-05T10:31:31Z</time>
   </trkpt>
   <trkpt lat="42.9620970" lon="-2.3555200">
    <ele>1132.0</ele>
    <time>2019-01-05T10:31:32Z</time>
   </trkpt>
   <trkpt lat="42.9620580" lon="-2.3555260">
    <ele>1131.9</ele>
    <time>2019-01-05T10:31:34Z</time>
   </trkpt>
   <trkpt lat="42.9620240" lon="-2.3555410">
    <ele>1131.9</ele>
    <time>2019-01-05T10:31:36Z</time>
   </trkpt>
   <trkpt lat="42.9619870" lon="-2.3555640">
    <ele>1131.9</ele>
    <time>2019-01-05T10:31:42Z</time>
   </trkpt>
   <trkpt lat="42.9620110" lon="-2.3555390">
    <ele>1131.8</ele>
    <time>2019-01-05T10:31:46Z</time>
   </trkpt>
   <trkpt lat="42.9620380" lon="-2.3555500">
    <ele>1131.8</ele>
    <time>2019-01-05T10:31:49Z</time>
   </trkpt>
   <trkpt lat="42.9620640" lon="-2.3555820">
    <ele>1131.8</ele>
    <time>2019-01-05T10:31:52Z</time>
   </trkpt>
   <trkpt lat="42.9620810" lon="-2.3556120">
    <ele>1131.7</ele>
    <time>2019-01-05T10:31:53Z</time>
   </trkpt>
   <trkpt lat="42.9620970" lon="-2.3556490">
    <ele>1131.7</ele>
    <time>2019-01-05T10:31:54Z</time>
   </trkpt>
   <trkpt lat="42.9620670" lon="-2.3556490">
    <ele>1131.7</ele>
    <time>2019-01-05T10:31:59Z</time>
   </trkpt>
   <trkpt lat="42.9620520" lon="-2.3556160">
    <ele>1131.7</ele>
    <time>2019-01-05T10:32:08Z</time>
   </trkpt>
   <trkpt lat="42.9620850" lon="-2.3556040">
    <ele>1131.6</ele>
    <time>2019-01-05T10:32:12Z</time>
   </trkpt>
   <trkpt lat="42.9621090" lon="-2.3555660">
    <ele>1131.6</ele>
    <time>2019-01-05T10:32:16Z</time>
   </trkpt>
   <trkpt lat="42.9620750" lon="-2.3555620">
    <ele>1131.6</ele>
    <time>2019-01-05T10:32:21Z</time>
   </trkpt>
   <trkpt lat="42.9620470" lon="-2.3555510">
    <ele>1131.5</ele>
    <time>2019-01-05T10:32:23Z</time>
   </trkpt>
   <trkpt lat="42.9620180" lon="-2.3555470">
    <ele>1131.5</ele>
    <time>2019-01-05T10:32:25Z</time>
   </trkpt>
   <trkpt lat="42.9619870" lon="-2.3555550">
    <ele>1131.5</ele>
    <time>2019-01-05T10:32:28Z</time>
   </trkpt>
   <trkpt lat="42.9619640" lon="-2.3555750">
    <ele>1131.4</ele>
    <time>2019-01-05T10:32:43Z</time>
   </trkpt>
   <trkpt lat="42.9619690" lon="-2.3555370">
    <ele>1131.4</ele>
    <time>2019-01-05T10:54:05Z</time>
   </trkpt>
   <trkpt lat="42.9619930" lon="-2.3555070">
    <ele>1131.4</ele>
    <time>2019-01-05T10:54:45Z</time>
   </trkpt>
   <trkpt lat="42.9620040" lon="-2.3554660">
    <ele>1131.3</ele>
    <time>2019-01-05T10:54:53Z</time>
   </trkpt>
   <trkpt lat="42.9620030" lon="-2.3554290">
    <ele>1131.3</ele>
    <time>2019-01-05T10:54:55Z</time>
   </trkpt>
   <trkpt lat="42.9620050" lon="-2.3553900">
    <ele>1131.3</ele>
    <time>2019-01-05T10:54:57Z</time>
   </trkpt>
   <trkpt lat="42.9620320" lon="-2.3553680">
    <ele>1131.3</ele>
    <time>2019-01-05T10:55:01Z</time>
   </trkpt>
   <trkpt lat="42.9620560" lon="-2.3553410">
    <ele>1131.3</ele>
    <time>2019-01-05T10:55:11Z</time>
   </trkpt>
   <trkpt lat="42.9620670" lon="-2.3553000">
    <ele>1131.3</ele>
    <time>2019-01-05T10:55:29Z</time>
   </trkpt>
   <trkpt lat="42.9620400" lon="-2.3552830">
    <ele>1131.3</ele>
    <time>2019-01-05T10:55:33Z</time>
   </trkpt>
   <trkpt lat="42.9620140" lon="-2.3552570">
    <ele>1131.2</ele>
    <time>2019-01-05T10:55:37Z</time>
   </trkpt>
   <trkpt lat="42.9619950" lon="-2.3552280">
    <ele>1131.2</ele>
    <time>2019-01-05T10:55:41Z</time>
   </trkpt>
   <trkpt lat="42.9619720" lon="-2.3551870">
    <ele>1131.2</ele>
    <time>2019-01-05T10:55:44Z</time>
   </trkpt>
   <trkpt lat="42.9619610" lon="-2.3551530">
    <ele>1131.2</ele>
    <time>2019-01-05T10:55:48Z</time>
   </trkpt>
   <trkpt lat="42.9619780" lon="-2.3551830">
    <ele>1131.1</ele>
    <time>2019-01-05T10:57:57Z</time>
   </trkpt>
   <trkpt lat="42.9619920" lon="-2.3552180">
    <ele>1131.1</ele>
    <time>2019-01-05T10:59:20Z</time>
   </trkpt>
   <trkpt lat="42.9619870" lon="-2.3552630">
    <ele>1131.1</ele>
    <time>2019-01-05T10:59:23Z</time>
   </trkpt>
   <trkpt lat="42.9619840" lon="-2.3553020">
    <ele>1131.2</ele>
    <time>2019-01-05T10:59:32Z</time>
   </trkpt>
   <trkpt lat="42.9619910" lon="-2.3553420">
    <ele>1131.2</ele>
    <time>2019-01-05T10:59:36Z</time>
   </trkpt>
   <trkpt lat="42.9620070" lon="-2.3553780">
    <ele>1131.3</ele>
    <time>2019-01-05T10:59:39Z</time>
   </trkpt>
   <trkpt lat="42.9619960" lon="-2.3554140">
    <ele>1131.3</ele>
    <time>2019-01-05T10:59:42Z</time>
   </trkpt>
   <trkpt lat="42.9619860" lon="-2.3554480">
    <ele>1131.4</ele>
    <time>2019-01-05T10:59:47Z</time>
   </trkpt>
   <trkpt lat="42.9619760" lon="-2.3554860">
    <ele>1131.5</ele>
    <time>2019-01-05T11:00:01Z</time>
   </trkpt>
   <trkpt lat="42.9619640" lon="-2.3555270">
    <ele>1131.6</ele>
    <time>2019-01-05T11:02:18Z</time>
   </trkpt>
   <trkpt lat="42.9619870" lon="-2.3555520">
    <ele>1131.8</ele>
    <time>2019-01-05T11:02:55Z</time>
   </trkpt>
   <trkpt lat="42.9619810" lon="-2.3555930">
    <ele>1131.9</ele>
    <time>2019-01-05T11:07:58Z</time>
   </trkpt>
   <trkpt lat="42.9619830" lon="-2.3556420">
    <ele>1132.1</ele>
    <time>2019-01-05T11:08:01Z</time>
   </trkpt>
   <trkpt lat="42.9619890" lon="-2.3556850">
    <ele>1132.2</ele>
    <time>2019-01-05T11:08:04Z</time>
   </trkpt>
   <trkpt lat="42.9620210" lon="-2.3557040">
    <ele>1132.4</ele>
    <time>2019-01-05T11:08:08Z</time>
   </trkpt>
   <trkpt lat="42.9620490" lon="-2.3557070">
    <ele>1132.5</ele>
    <time>2019-01-05T11:08:10Z</time>
   </trkpt>
   <trkpt lat="42.9620700" lon="-2.3557300">
    <ele>1132.6</ele>
    <time>2019-01-05T11:08:12Z</time>
   </trkpt>
   <trkpt lat="42.9620810" lon="-2.3557700">
    <ele>1132.8</ele>
    <time>2019-01-05T11:08:14Z</time>
   </trkpt>
   <trkpt lat="42.9620950" lon="-2.3558090">
    <ele>1132.9</ele>
    <time>2019-01-05T11:08:16Z</time>
   </trkpt>
   <trkpt lat="42.9621050" lon="-2.3558440">
    <ele>1133.0</ele>
    <time>2019-01-05T11:08:18Z</time>
   </trkpt>
   <trkpt lat="42.9621210" lon="-2.3558820">
    <ele>1133.2</ele>
    <time>2019-01-05T11:08:21Z</time>
   </trkpt>
   <trkpt lat="42.9621310" lon="-2.3559170">
    <ele>1133.9</ele>
    <time>2019-01-05T11:08:25Z</time>
   </trkpt>
   <trkpt lat="42.9621560" lon="-2.3559560">
    <ele>1134.3</ele>
    <time>2019-01-05T11:08:28Z</time>
   </trkpt>
   <trkpt lat="42.9621860" lon="-2.3559940">
    <ele>1134.6</ele>
    <time>2019-01-05T11:08:31Z</time>
   </trkpt>
   <trkpt lat="42.9622000" lon="-2.3560310">
    <ele>1134.9</ele>
    <time>2019-01-05T11:08:34Z</time>
   </trkpt>
   <trkpt lat="42.9622120" lon="-2.3560770">
    <ele>1135.3</ele>
    <time>2019-01-05T11:08:38Z</time>
   </trkpt>
   <trkpt lat="42.9622230" lon="-2.3561230">
    <ele>1135.6</ele>
    <time>2019-01-05T11:08:41Z</time>
   </trkpt>
   <trkpt lat="42.9622400" lon="-2.3561540">
    <ele>1135.9</ele>
    <time>2019-01-05T11:08:44Z</time>
   </trkpt>
   <trkpt lat="42.9622560" lon="-2.3561890">
    <ele>1136.2</ele>
    <time>2019-01-05T11:08:47Z</time>
   </trkpt>
   <trkpt lat="42.9622760" lon="-2.3562150">
    <ele>1136.5</ele>
    <time>2019-01-05T11:08:50Z</time>
   </trkpt>
   <trkpt lat="42.9622950" lon="-2.3562440">
    <ele>1136.7</ele>
    <time>2019-01-05T11:08:53Z</time>
   </trkpt>
   <trkpt lat="42.9623170" lon="-2.3562720">
    <ele>1137.0</ele>
    <time>2019-01-05T11:08:56Z</time>
   </trkpt>
   <trkpt lat="42.9623310" lon="-2.3563170">
    <ele>1137.2</ele>
    <time>2019-01-05T11:09:00Z</time>
   </trkpt>
   <trkpt lat="42.9623310" lon="-2.3563620">
    <ele>1137.4</ele>
    <time>2019-01-05T11:09:03Z</time>
   </trkpt>
   <trkpt lat="42.9623440" lon="-2.3564010">
    <ele>1137.6</ele>
    <time>2019-01-05T11:09:07Z</time>
   </trkpt>
   <trkpt lat="42.9623640" lon="-2.3564420">
    <ele>1137.7</ele>
    <time>2019-01-05T11:09:13Z</time>
   </trkpt>
   <trkpt lat="42.9623830" lon="-2.3564740">
    <ele>1137.8</ele>
    <time>2019-01-05T11:09:16Z</time>
   </trkpt>
   <trkpt lat="42.9624040" lon="-2.3565010">
    <ele>1137.9</ele>
    <time>2019-01-05T11:09:19Z</time>
   </trkpt>
   <trkpt lat="42.9624320" lon="-2.3565230">
    <ele>1138.0</ele>
    <time>2019-01-05T11:09:22Z</time>
   </trkpt>
   <trkpt lat="42.9624570" lon="-2.3565460">
    <ele>1138.0</ele>
    <time>2019-01-05T11:09:25Z</time>
   </trkpt>
   <trkpt lat="42.9624870" lon="-2.3565770">
    <ele>1138.0</ele>
    <time>2019-01-05T11:09:28Z</time>
   </trkpt>
   <trkpt lat="42.9625120" lon="-2.3566000">
    <ele>1138.0</ele>
    <time>2019-01-05T11:09:31Z</time>
   </trkpt>
   <trkpt lat="42.9625520" lon="-2.3566220">
    <ele>1138.1</ele>
    <time>2019-01-05T11:09:34Z</time>
   </trkpt>
   <trkpt lat="42.9625800" lon="-2.3566490">
    <ele>1138.2</ele>
    <time>2019-01-05T11:09:37Z</time>
   </trkpt>
   <trkpt lat="42.9625880" lon="-2.3566850">
    <ele>1138.2</ele>
    <time>2019-01-05T11:09:40Z</time>
   </trkpt>
   <trkpt lat="42.9626060" lon="-2.3567280">
    <ele>1138.4</ele>
    <time>2019-01-05T11:09:43Z</time>
   </trkpt>
   <trkpt lat="42.9626220" lon="-2.3567710">
    <ele>1138.6</ele>
    <time>2019-01-05T11:09:46Z</time>
   </trkpt>
   <trkpt lat="42.9626280" lon="-2.3568140">
    <ele>1138.8</ele>
    <time>2019-01-05T11:09:49Z</time>
   </trkpt>
   <trkpt lat="42.9626390" lon="-2.3568500">
    <ele>1139.1</ele>
    <time>2019-01-05T11:09:52Z</time>
   </trkpt>
   <trkpt lat="42.9626570" lon="-2.3568930">
    <ele>1139.3</ele>
    <time>2019-01-05T11:09:55Z</time>
   </trkpt>
   <trkpt lat="42.9626770" lon="-2.3569270">
    <ele>1139.7</ele>
    <time>2019-01-05T11:09:59Z</time>
   </trkpt>
   <trkpt lat="42.9627100" lon="-2.3569620">
    <ele>1140.1</ele>
    <time>2019-01-05T11:10:02Z</time>
   </trkpt>
   <trkpt lat="42.9627290" lon="-2.3569990">
    <ele>1140.5</ele>
    <time>2019-01-05T11:10:05Z</time>
   </trkpt>
   <trkpt lat="42.9627420" lon="-2.3570380">
    <ele>1140.9</ele>
    <time>2019-01-05T11:10:08Z</time>
   </trkpt>
   <trkpt lat="42.9627510" lon="-2.3570780">
    <ele>1141.3</ele>
    <time>2019-01-05T11:10:11Z</time>
   </trkpt>
   <trkpt lat="42.9627660" lon="-2.3571150">
    <ele>1141.8</ele>
    <time>2019-01-05T11:10:14Z</time>
   </trkpt>
   <trkpt lat="42.9627990" lon="-2.3571480">
    <ele>1142.4</ele>
    <time>2019-01-05T11:10:17Z</time>
   </trkpt>
   <trkpt lat="42.9628300" lon="-2.3571640">
    <ele>1143.0</ele>
    <time>2019-01-05T11:10:19Z</time>
   </trkpt>
   <trkpt lat="42.9628550" lon="-2.3571810">
    <ele>1143.4</ele>
    <time>2019-01-05T11:10:21Z</time>
   </trkpt>
   <trkpt lat="42.9628650" lon="-2.3572220">
    <ele>1144.0</ele>
    <time>2019-01-05T11:10:25Z</time>
   </trkpt>
   <trkpt lat="42.9628730" lon="-2.3572660">
    <ele>1144.6</ele>
    <time>2019-01-05T11:10:30Z</time>
   </trkpt>
   <trkpt lat="42.9628940" lon="-2.3572960">
    <ele>1145.2</ele>
    <time>2019-01-05T11:10:33Z</time>
   </trkpt>
   <trkpt lat="42.9629190" lon="-2.3573260">
    <ele>1145.9</ele>
    <time>2019-01-05T11:10:37Z</time>
   </trkpt>
   <trkpt lat="42.9629350" lon="-2.3573630">
    <ele>1146.4</ele>
    <time>2019-01-05T11:10:42Z</time>
   </trkpt>
   <trkpt lat="42.9629740" lon="-2.3573670">
    <ele>1147.2</ele>
    <time>2019-01-05T11:10:46Z</time>
   </trkpt>
   <trkpt lat="42.9630010" lon="-2.3573850">
    <ele>1147.7</ele>
    <time>2019-01-05T11:10:48Z</time>
   </trkpt>
   <trkpt lat="42.9630270" lon="-2.3574140">
    <ele>1148.3</ele>
    <time>2019-01-05T11:10:52Z</time>
   </trkpt>
   <trkpt lat="42.9630510" lon="-2.3574380">
    <ele>1148.9</ele>
    <time>2019-01-05T11:10:55Z</time>
   </trkpt>
   <trkpt lat="42.9630530" lon="-2.3574820">
    <ele>1149.5</ele>
    <time>2019-01-05T11:10:59Z</time>
   </trkpt>
   <trkpt lat="42.9630660" lon="-2.3575180">
    <ele>1150.0</ele>
    <time>2019-01-05T11:11:02Z</time>
   </trkpt>
   <trkpt lat="42.9630750" lon="-2.3575550">
    <ele>1150.5</ele>
    <time>2019-01-05T11:11:05Z</time>
   </trkpt>
   <trkpt lat="42.9631020" lon="-2.3575900">
    <ele>1151.1</ele>
    <time>2019-01-05T11:11:09Z</time>
   </trkpt>
   <trkpt lat="42.9631250" lon="-2.3576110">
    <ele>1151.4</ele>
    <time>2019-01-05T11:11:12Z</time>
   </trkpt>
   <trkpt lat="42.9631480" lon="-2.3576390">
    <ele>1151.5</ele>
    <time>2019-01-05T11:11:15Z</time>
   </trkpt>
   <trkpt lat="42.9631780" lon="-2.3576590">
    <ele>1151.8</ele>
    <time>2019-01-05T11:11:18Z</time>
   </trkpt>
   <trkpt lat="42.9632050" lon="-2.3576740">
    <ele>1151.7</ele>
    <time>2019-01-05T11:11:23Z</time>
   </trkpt>
   <trkpt lat="42.9632390" lon="-2.3576780">
    <ele>1152.0</ele>
    <time>2019-01-05T11:11:27Z</time>
   </trkpt>
   <trkpt lat="42.9632740" lon="-2.3576820">
    <ele>1152.1</ele>
    <time>2019-01-05T11:11:31Z</time>
   </trkpt>
   <trkpt lat="42.9633070" lon="-2.3576860">
    <ele>1152.4</ele>
    <time>2019-01-05T11:11:35Z</time>
   </trkpt>
   <trkpt lat="42.9633340" lon="-2.3576970">
    <ele>1152.6</ele>
    <time>2019-01-05T11:11:38Z</time>
   </trkpt>
   <trkpt lat="42.9633640" lon="-2.3577130">
    <ele>1152.8</ele>
    <time>2019-01-05T11:11:42Z</time>
   </trkpt>
   <trkpt lat="42.9633920" lon="-2.3577370">
    <ele>1152.8</ele>
    <time>2019-01-05T11:11:45Z</time>
   </trkpt>
   <trkpt lat="42.9634120" lon="-2.3577730">
    <ele>1153.1</ele>
    <time>2019-01-05T11:11:47Z</time>
   </trkpt>
   <trkpt lat="42.9634270" lon="-2.3578140">
    <ele>1153.4</ele>
    <time>2019-01-05T11:11:50Z</time>
   </trkpt>
   <trkpt lat="42.9634300" lon="-2.3578550">
    <ele>1153.4</ele>
    <time>2019-01-05T11:11:53Z</time>
   </trkpt>
   <trkpt lat="42.9634230" lon="-2.3579030">
    <ele>1153.2</ele>
    <time>2019-01-05T11:11:56Z</time>
   </trkpt>
   <trkpt lat="42.9634180" lon="-2.3579410">
    <ele>1153.2</ele>
    <time>2019-01-05T11:11:58Z</time>
   </trkpt>
   <trkpt lat="42.9634130" lon="-2.3579860">
    <ele>1153.2</ele>
    <time>2019-01-05T11:12:01Z</time>
   </trkpt>
   <trkpt lat="42.9634170" lon="-2.3580300">
    <ele>1153.3</ele>
    <time>2019-01-05T11:12:05Z</time>
   </trkpt>
   <trkpt lat="42.9634230" lon="-2.3580670">
    <ele>1153.4</ele>
    <time>2019-01-05T11:12:08Z</time>
   </trkpt>
   <trkpt lat="42.9634170" lon="-2.3581170">
    <ele>1153.6</ele>
    <time>2019-01-05T11:12:12Z</time>
   </trkpt>
   <trkpt lat="42.9634270" lon="-2.3581630">
    <ele>1153.8</ele>
    <time>2019-01-05T11:12:15Z</time>
   </trkpt>
   <trkpt lat="42.9634480" lon="-2.3581970">
    <ele>1154.1</ele>
    <time>2019-01-05T11:12:18Z</time>
   </trkpt>
   <trkpt lat="42.9634720" lon="-2.3582260">
    <ele>1154.3</ele>
    <time>2019-01-05T11:12:21Z</time>
   </trkpt>
   <trkpt lat="42.9634990" lon="-2.3582660">
    <ele>1154.9</ele>
    <time>2019-01-05T11:12:24Z</time>
   </trkpt>
   <trkpt lat="42.9635190" lon="-2.3582970">
    <ele>1155.3</ele>
    <time>2019-01-05T11:12:26Z</time>
   </trkpt>
   <trkpt lat="42.9635430" lon="-2.3583280">
    <ele>1155.8</ele>
    <time>2019-01-05T11:12:29Z</time>
   </trkpt>
   <trkpt lat="42.9635610" lon="-2.3583670">
    <ele>1156.2</ele>
    <time>2019-01-05T11:12:32Z</time>
   </trkpt>
   <trkpt lat="42.9635770" lon="-2.3583980">
    <ele>1156.4</ele>
    <time>2019-01-05T11:12:35Z</time>
   </trkpt>
   <trkpt lat="42.9635910" lon="-2.3584410">
    <ele>1156.7</ele>
    <time>2019-01-05T11:12:38Z</time>
   </trkpt>
   <trkpt lat="42.9635980" lon="-2.3584830">
    <ele>1157.0</ele>
    <time>2019-01-05T11:12:42Z</time>
   </trkpt>
   <trkpt lat="42.9636080" lon="-2.3585280">
    <ele>1157.4</ele>
    <time>2019-01-05T11:12:45Z</time>
   </trkpt>
   <trkpt lat="42.9636230" lon="-2.3585600">
    <ele>1157.7</ele>
    <time>2019-01-05T11:12:48Z</time>
   </trkpt>
   <trkpt lat="42.9636270" lon="-2.3586000">
    <ele>1158.1</ele>
    <time>2019-01-05T11:12:53Z</time>
   </trkpt>
   <trkpt lat="42.9636450" lon="-2.3586330">
    <ele>1158.7</ele>
    <time>2019-01-05T11:12:58Z</time>
   </trkpt>
   <trkpt lat="42.9636640" lon="-2.3586670">
    <ele>1159.3</ele>
    <time>2019-01-05T11:13:02Z</time>
   </trkpt>
   <trkpt lat="42.9636870" lon="-2.3586980">
    <ele>1159.9</ele>
    <time>2019-01-05T11:13:06Z</time>
   </trkpt>
   <trkpt lat="42.9637120" lon="-2.3587220">
    <ele>1160.5</ele>
    <time>2019-01-05T11:13:14Z</time>
   </trkpt>
   <trkpt lat="42.9637260" lon="-2.3587550">
    <ele>1161.1</ele>
    <time>2019-01-05T11:13:19Z</time>
   </trkpt>
   <trkpt lat="42.9637490" lon="-2.3587800">
    <ele>1161.5</ele>
    <time>2019-01-05T11:13:23Z</time>
   </trkpt>
   <trkpt lat="42.9637790" lon="-2.3587990">
    <ele>1161.9</ele>
    <time>2019-01-05T11:13:27Z</time>
   </trkpt>
   <trkpt lat="42.9638050" lon="-2.3588200">
    <ele>1162.4</ele>
    <time>2019-01-05T11:13:32Z</time>
   </trkpt>
   <trkpt lat="42.9638300" lon="-2.3588370">
    <ele>1163.0</ele>
    <time>2019-01-05T11:13:37Z</time>
   </trkpt>
   <trkpt lat="42.9638480" lon="-2.3588700">
    <ele>1163.6</ele>
    <time>2019-01-05T11:13:42Z</time>
   </trkpt>
   <trkpt lat="42.9638780" lon="-2.3588900">
    <ele>1164.0</ele>
    <time>2019-01-05T11:13:46Z</time>
   </trkpt>
   <trkpt lat="42.9638980" lon="-2.3589160">
    <ele>1164.6</ele>
    <time>2019-01-05T11:13:50Z</time>
   </trkpt>
   <trkpt lat="42.9639220" lon="-2.3589350">
    <ele>1165.2</ele>
    <time>2019-01-05T11:13:54Z</time>
   </trkpt>
   <trkpt lat="42.9639450" lon="-2.3589660">
    <ele>1165.9</ele>
    <time>2019-01-05T11:13:58Z</time>
   </trkpt>
   <trkpt lat="42.9639620" lon="-2.3589970">
    <ele>1166.5</ele>
    <time>2019-01-05T11:14:02Z</time>
   </trkpt>
   <trkpt lat="42.9639810" lon="-2.3590320">
    <ele>1167.1</ele>
    <time>2019-01-05T11:14:15Z</time>
   </trkpt>
   <trkpt lat="42.9639970" lon="-2.3590640">
    <ele>1167.6</ele>
    <time>2019-01-05T11:14:18Z</time>
   </trkpt>
   <trkpt lat="42.9640190" lon="-2.3590910">
    <ele>1168.2</ele>
    <time>2019-01-05T11:14:22Z</time>
   </trkpt>
   <trkpt lat="42.9640400" lon="-2.3591130">
    <ele>1168.6</ele>
    <time>2019-01-05T11:14:26Z</time>
   </trkpt>
   <trkpt lat="42.9640570" lon="-2.3591430">
    <ele>1168.9</ele>
    <time>2019-01-05T11:14:31Z</time>
   </trkpt>
   <trkpt lat="42.9640820" lon="-2.3591650">
    <ele>1169.2</ele>
    <time>2019-01-05T11:14:35Z</time>
   </trkpt>
   <trkpt lat="42.9641060" lon="-2.3591970">
    <ele>1170.0</ele>
    <time>2019-01-05T11:14:41Z</time>
   </trkpt>
   <trkpt lat="42.9641360" lon="-2.3592160">
    <ele>1170.7</ele>
    <time>2019-01-05T11:14:45Z</time>
   </trkpt>
   <trkpt lat="42.9641620" lon="-2.3592400">
    <ele>1171.3</ele>
    <time>2019-01-05T11:14:49Z</time>
   </trkpt>
   <trkpt lat="42.9641880" lon="-2.3592580">
    <ele>1171.8</ele>
    <time>2019-01-05T11:14:54Z</time>
   </trkpt>
   <trkpt lat="42.9642130" lon="-2.3592740">
    <ele>1172.3</ele>
    <time>2019-01-05T11:14:58Z</time>
   </trkpt>
   <trkpt lat="42.9642430" lon="-2.3592920">
    <ele>1172.9</ele>
    <time>2019-01-05T11:15:02Z</time>
   </trkpt>
   <trkpt lat="42.9642690" lon="-2.3593030">
    <ele>1173.4</ele>
    <time>2019-01-05T11:15:07Z</time>
   </trkpt>
   <trkpt lat="42.9642990" lon="-2.3593140">
    <ele>1174.0</ele>
    <time>2019-01-05T11:15:42Z</time>
   </trkpt>
   <trkpt lat="42.9643260" lon="-2.3593220">
    <ele>1174.3</ele>
    <time>2019-01-05T11:15:47Z</time>
   </trkpt>
   <trkpt lat="42.9643540" lon="-2.3593180">
    <ele>1174.6</ele>
    <time>2019-01-05T11:15:51Z</time>
   </trkpt>
   <trkpt lat="42.9643860" lon="-2.3593210">
    <ele>1175.0</ele>
    <time>2019-01-05T11:15:55Z</time>
   </trkpt>
   <trkpt lat="42.9644190" lon="-2.3593320">
    <ele>1175.4</ele>
    <time>2019-01-05T11:15:58Z</time>
   </trkpt>
   <trkpt lat="42.9644480" lon="-2.3593520">
    <ele>1175.9</ele>
    <time>2019-01-05T11:16:02Z</time>
   </trkpt>
   <trkpt lat="42.9644750" lon="-2.3593580">
    <ele>1176.3</ele>
    <time>2019-01-05T11:16:06Z</time>
   </trkpt>
   <trkpt lat="42.9645030" lon="-2.3593720">
    <ele>1176.7</ele>
    <time>2019-01-05T11:16:11Z</time>
   </trkpt>
   <trkpt lat="42.9645370" lon="-2.3593750">
    <ele>1177.2</ele>
    <time>2019-01-05T11:16:17Z</time>
   </trkpt>
   <trkpt lat="42.9645690" lon="-2.3593830">
    <ele>1177.6</ele>
    <time>2019-01-05T11:16:21Z</time>
   </trkpt>
   <trkpt lat="42.9646010" lon="-2.3593980">
    <ele>1178.1</ele>
    <time>2019-01-05T11:16:25Z</time>
   </trkpt>
   <trkpt lat="42.9646300" lon="-2.3594100">
    <ele>1178.6</ele>
    <time>2019-01-05T11:16:29Z</time>
   </trkpt>
   <trkpt lat="42.9646560" lon="-2.3594190">
    <ele>1179.1</ele>
    <time>2019-01-05T11:16:34Z</time>
   </trkpt>
   <trkpt lat="42.9646870" lon="-2.3594260">
    <ele>1179.5</ele>
    <time>2019-01-05T11:16:39Z</time>
   </trkpt>
   <trkpt lat="42.9647140" lon="-2.3594360">
    <ele>1179.8</ele>
    <time>2019-01-05T11:16:42Z</time>
   </trkpt>
   <trkpt lat="42.9647420" lon="-2.3594560">
    <ele>1180.2</ele>
    <time>2019-01-05T11:16:47Z</time>
   </trkpt>
   <trkpt lat="42.9647710" lon="-2.3594650">
    <ele>1180.7</ele>
    <time>2019-01-05T11:16:51Z</time>
   </trkpt>
   <trkpt lat="42.9648040" lon="-2.3594630">
    <ele>1181.3</ele>
    <time>2019-01-05T11:16:57Z</time>
   </trkpt>
   <trkpt lat="42.9648360" lon="-2.3594740">
    <ele>1181.9</ele>
    <time>2019-01-05T11:17:03Z</time>
   </trkpt>
   <trkpt lat="42.9648600" lon="-2.3594370">
    <ele>1182.4</ele>
    <time>2019-01-05T11:17:25Z</time>
   </trkpt>
   <trkpt lat="42.9648800" lon="-2.3594010">
    <ele>1182.9</ele>
    <time>2019-01-05T11:17:28Z</time>
   </trkpt>
   <trkpt lat="42.9648990" lon="-2.3593750">
    <ele>1183.4</ele>
    <time>2019-01-05T11:17:31Z</time>
   </trkpt>
   <trkpt lat="42.9649120" lon="-2.3593410">
    <ele>1183.8</ele>
    <time>2019-01-05T11:17:34Z</time>
   </trkpt>
   <trkpt lat="42.9649180" lon="-2.3592980">
    <ele>1184.3</ele>
    <time>2019-01-05T11:17:37Z</time>
   </trkpt>
   <trkpt lat="42.9649180" lon="-2.3592550">
    <ele>1185.0</ele>
    <time>2019-01-05T11:17:40Z</time>
   </trkpt>
   <trkpt lat="42.9649130" lon="-2.3592140">
    <ele>1185.5</ele>
    <time>2019-01-05T11:17:43Z</time>
   </trkpt>
   <trkpt lat="42.9649060" lon="-2.3591750">
    <ele>1185.7</ele>
    <time>2019-01-05T11:17:46Z</time>
   </trkpt>
   <trkpt lat="42.9649110" lon="-2.3591300">
    <ele>1185.9</ele>
    <time>2019-01-05T11:17:49Z</time>
   </trkpt>
   <trkpt lat="42.9649150" lon="-2.3590890">
    <ele>1185.9</ele>
    <time>2019-01-05T11:17:53Z</time>
   </trkpt>
   <trkpt lat="42.9649030" lon="-2.3590500">
    <ele>1186.0</ele>
    <time>2019-01-05T11:18:02Z</time>
   </trkpt>
   <trkpt lat="42.9649160" lon="-2.3590110">
    <ele>1186.1</ele>
    <time>2019-01-05T11:18:06Z</time>
   </trkpt>
   <trkpt lat="42.9649120" lon="-2.3589620">
    <ele>1186.2</ele>
    <time>2019-01-05T11:18:11Z</time>
   </trkpt>
   <trkpt lat="42.9649120" lon="-2.3589150">
    <ele>1186.3</ele>
    <time>2019-01-05T11:18:15Z</time>
   </trkpt>
   <trkpt lat="42.9649090" lon="-2.3588710">
    <ele>1186.3</ele>
    <time>2019-01-05T11:18:18Z</time>
   </trkpt>
   <trkpt lat="42.9649060" lon="-2.3588300">
    <ele>1186.2</ele>
    <time>2019-01-05T11:18:21Z</time>
   </trkpt>
   <trkpt lat="42.9649150" lon="-2.3587860">
    <ele>1186.2</ele>
    <time>2019-01-05T11:18:25Z</time>
   </trkpt>
   <trkpt lat="42.9649120" lon="-2.3587490">
    <ele>1186.0</ele>
    <time>2019-01-05T11:18:28Z</time>
   </trkpt>
   <trkpt lat="42.9649190" lon="-2.3587040">
    <ele>1185.9</ele>
    <time>2019-01-05T11:18:32Z</time>
   </trkpt>
   <trkpt lat="42.9649310" lon="-2.3586630">
    <ele>1185.7</ele>
    <time>2019-01-05T11:18:35Z</time>
   </trkpt>
   <trkpt lat="42.9649440" lon="-2.3586280">
    <ele>1185.6</ele>
    <time>2019-01-05T11:18:38Z</time>
   </trkpt>
   <trkpt lat="42.9649600" lon="-2.3585960">
    <ele>1185.4</ele>
    <time>2019-01-05T11:18:41Z</time>
   </trkpt>
   <trkpt lat="42.9649630" lon="-2.3585540">
    <ele>1185.3</ele>
    <time>2019-01-05T11:18:45Z</time>
   </trkpt>
   <trkpt lat="42.9649510" lon="-2.3585100">
    <ele>1185.2</ele>
    <time>2019-01-05T11:18:48Z</time>
   </trkpt>
   <trkpt lat="42.9649340" lon="-2.3584760">
    <ele>1185.1</ele>
    <time>2019-01-05T11:18:51Z</time>
   </trkpt>
   <trkpt lat="42.9649480" lon="-2.3585100">
    <ele>1185.1</ele>
    <time>2019-01-05T11:19:07Z</time>
   </trkpt>
   <trkpt lat="42.9649400" lon="-2.3585470">
    <ele>1185.1</ele>
    <time>2019-01-05T11:19:11Z</time>
   </trkpt>
   <trkpt lat="42.9649500" lon="-2.3585900">
    <ele>1185.0</ele>
    <time>2019-01-05T11:19:15Z</time>
   </trkpt>
   <trkpt lat="42.9649440" lon="-2.3586340">
    <ele>1184.8</ele>
    <time>2019-01-05T11:19:20Z</time>
   </trkpt>
   <trkpt lat="42.9649470" lon="-2.3586730">
    <ele>1184.7</ele>
    <time>2019-01-05T11:19:26Z</time>
   </trkpt>
   <trkpt lat="42.9649560" lon="-2.3587100">
    <ele>1184.7</ele>
    <time>2019-01-05T11:19:48Z</time>
   </trkpt>
   <trkpt lat="42.9649650" lon="-2.3587460">
    <ele>1184.7</ele>
    <time>2019-01-05T11:20:01Z</time>
   </trkpt>
   <trkpt lat="42.9649720" lon="-2.3587830">
    <ele>1184.7</ele>
    <time>2019-01-05T11:20:06Z</time>
   </trkpt>
   <trkpt lat="42.9649870" lon="-2.3588200">
    <ele>1184.9</ele>
    <time>2019-01-05T11:20:09Z</time>
   </trkpt>
   <trkpt lat="42.9649820" lon="-2.3588680">
    <ele>1185.1</ele>
    <time>2019-01-05T11:20:12Z</time>
   </trkpt>
   <trkpt lat="42.9650010" lon="-2.3589110">
    <ele>1185.3</ele>
    <time>2019-01-05T11:20:15Z</time>
   </trkpt>
   <trkpt lat="42.9650180" lon="-2.3589450">
    <ele>1185.5</ele>
    <time>2019-01-05T11:20:17Z</time>
   </trkpt>
   <trkpt lat="42.9650270" lon="-2.3589910">
    <ele>1185.7</ele>
    <time>2019-01-05T11:20:20Z</time>
   </trkpt>
   <trkpt lat="42.9650290" lon="-2.3590450">
    <ele>1186.2</ele>
    <time>2019-01-05T11:20:23Z</time>
   </trkpt>
   <trkpt lat="42.9650330" lon="-2.3590960">
    <ele>1186.8</ele>
    <time>2019-01-05T11:20:26Z</time>
   </trkpt>
   <trkpt lat="42.9650370" lon="-2.3591440">
    <ele>1187.0</ele>
    <time>2019-01-05T11:20:29Z</time>
   </trkpt>
   <trkpt lat="42.9650300" lon="-2.3591820">
    <ele>1187.2</ele>
    <time>2019-01-05T11:20:31Z</time>
   </trkpt>
   <trkpt lat="42.9650230" lon="-2.3592200">
    <ele>1187.5</ele>
    <time>2019-01-05T11:20:35Z</time>
   </trkpt>
   <trkpt lat="42.9650460" lon="-2.3592460">
    <ele>1187.8</ele>
    <time>2019-01-05T11:20:56Z</time>
   </trkpt>
   <trkpt lat="42.9650540" lon="-2.3592900">
    <ele>1188.1</ele>
    <time>2019-01-05T11:21:00Z</time>
   </trkpt>
   <trkpt lat="42.9650590" lon="-2.3593260">
    <ele>1188.4</ele>
    <time>2019-01-05T11:21:03Z</time>
   </trkpt>
   <trkpt lat="42.9650690" lon="-2.3593630">
    <ele>1188.8</ele>
    <time>2019-01-05T11:21:06Z</time>
   </trkpt>
   <trkpt lat="42.9650780" lon="-2.3593990">
    <ele>1189.2</ele>
    <time>2019-01-05T11:21:11Z</time>
   </trkpt>
   <trkpt lat="42.9650890" lon="-2.3594340">
    <ele>1189.4</ele>
    <time>2019-01-05T11:21:14Z</time>
   </trkpt>
   <trkpt lat="42.9650940" lon="-2.3594800">
    <ele>1189.7</ele>
    <time>2019-01-05T11:21:18Z</time>
   </trkpt>
   <trkpt lat="42.9651110" lon="-2.3595210">
    <ele>1190.0</ele>
    <time>2019-01-05T11:21:22Z</time>
   </trkpt>
   <trkpt lat="42.9651210" lon="-2.3595650">
    <ele>1190.5</ele>
    <time>2019-01-05T11:21:26Z</time>
   </trkpt>
   <trkpt lat="42.9651380" lon="-2.3595980">
    <ele>1190.9</ele>
    <time>2019-01-05T11:21:29Z</time>
   </trkpt>
   <trkpt lat="42.9651660" lon="-2.3596240">
    <ele>1191.7</ele>
    <time>2019-01-05T11:21:33Z</time>
   </trkpt>
   <trkpt lat="42.9651940" lon="-2.3596530">
    <ele>1192.5</ele>
    <time>2019-01-05T11:21:37Z</time>
   </trkpt>
   <trkpt lat="42.9652190" lon="-2.3596810">
    <ele>1193.3</ele>
    <time>2019-01-05T11:21:41Z</time>
   </trkpt>
   <trkpt lat="42.9652420" lon="-2.3597010">
    <ele>1193.8</ele>
    <time>2019-01-05T11:21:44Z</time>
   </trkpt>
   <trkpt lat="42.9652690" lon="-2.3597310">
    <ele>1194.6</ele>
    <time>2019-01-05T11:21:47Z</time>
   </trkpt>
   <trkpt lat="42.9652990" lon="-2.3597510">
    <ele>1195.6</ele>
    <time>2019-01-05T11:21:51Z</time>
   </trkpt>
   <trkpt lat="42.9653190" lon="-2.3597780">
    <ele>1196.4</ele>
    <time>2019-01-05T11:21:54Z</time>
   </trkpt>
   <trkpt lat="42.9653390" lon="-2.3598100">
    <ele>1197.3</ele>
    <time>2019-01-05T11:21:58Z</time>
   </trkpt>
   <trkpt lat="42.9653630" lon="-2.3598460">
    <ele>1198.2</ele>
    <time>2019-01-05T11:22:02Z</time>
   </trkpt>
   <trkpt lat="42.9653830" lon="-2.3598740">
    <ele>1198.9</ele>
    <time>2019-01-05T11:22:05Z</time>
   </trkpt>
   <trkpt lat="42.9654020" lon="-2.3599030">
    <ele>1199.7</ele>
    <time>2019-01-05T11:22:08Z</time>
   </trkpt>
   <trkpt lat="42.9654290" lon="-2.3599350">
    <ele>1200.9</ele>
    <time>2019-01-05T11:22:12Z</time>
   </trkpt>
   <trkpt lat="42.9654460" lon="-2.3599680">
    <ele>1201.9</ele>
    <time>2019-01-05T11:22:16Z</time>
   </trkpt>
   <trkpt lat="42.9654540" lon="-2.3600040">
    <ele>1202.7</ele>
    <time>2019-01-05T11:22:20Z</time>
   </trkpt>
   <trkpt lat="42.9654790" lon="-2.3600370">
    <ele>1203.6</ele>
    <time>2019-01-05T11:22:24Z</time>
   </trkpt>
   <trkpt lat="42.9655060" lon="-2.3600640">
    <ele>1204.4</ele>
    <time>2019-01-05T11:22:27Z</time>
   </trkpt>
   <trkpt lat="42.9655150" lon="-2.3600990">
    <ele>1205.1</ele>
    <time>2019-01-05T11:22:30Z</time>
   </trkpt>
   <trkpt lat="42.9655310" lon="-2.3601380">
    <ele>1205.9</ele>
    <time>2019-01-05T11:22:34Z</time>
   </trkpt>
   <trkpt lat="42.9655480" lon="-2.3601720">
    <ele>1206.6</ele>
    <time>2019-01-05T11:22:38Z</time>
   </trkpt>
   <trkpt lat="42.9655640" lon="-2.3602040">
    <ele>1207.5</ele>
    <time>2019-01-05T11:22:41Z</time>
   </trkpt>
   <trkpt lat="42.9655890" lon="-2.3602400">
    <ele>1208.7</ele>
    <time>2019-01-05T11:22:45Z</time>
   </trkpt>
   <trkpt lat="42.9656120" lon="-2.3602750">
    <ele>1209.8</ele>
    <time>2019-01-05T11:22:49Z</time>
   </trkpt>
   <trkpt lat="42.9656290" lon="-2.3603110">
    <ele>1210.8</ele>
    <time>2019-01-05T11:22:53Z</time>
   </trkpt>
   <trkpt lat="42.9656530" lon="-2.3603430">
    <ele>1211.9</ele>
    <time>2019-01-05T11:22:57Z</time>
   </trkpt>
   <trkpt lat="42.9656790" lon="-2.3603740">
    <ele>1213.0</ele>
    <time>2019-01-05T11:23:01Z</time>
   </trkpt>
   <trkpt lat="42.9656790" lon="-2.3604120">
    <ele>1213.9</ele>
    <time>2019-01-05T11:23:06Z</time>
   </trkpt>
   <trkpt lat="42.9656930" lon="-2.3604530">
    <ele>1214.9</ele>
    <time>2019-01-05T11:23:10Z</time>
   </trkpt>
   <trkpt lat="42.9657130" lon="-2.3604860">
    <ele>1215.9</ele>
    <time>2019-01-05T11:23:14Z</time>
   </trkpt>
   <trkpt lat="42.9657370" lon="-2.3605180">
    <ele>1217.2</ele>
    <time>2019-01-05T11:23:18Z</time>
   </trkpt>
   <trkpt lat="42.9657480" lon="-2.3605570">
    <ele>1218.4</ele>
    <time>2019-01-05T11:23:22Z</time>
   </trkpt>
   <trkpt lat="42.9657560" lon="-2.3605970">
    <ele>1219.5</ele>
    <time>2019-01-05T11:23:27Z</time>
   </trkpt>
   <trkpt lat="42.9657750" lon="-2.3606230">
    <ele>1220.4</ele>
    <time>2019-01-05T11:23:31Z</time>
   </trkpt>
   <trkpt lat="42.9657980" lon="-2.3606520">
    <ele>1221.4</ele>
    <time>2019-01-05T11:23:35Z</time>
   </trkpt>
   <trkpt lat="42.9658200" lon="-2.3606730">
    <ele>1222.1</ele>
    <time>2019-01-05T11:23:38Z</time>
   </trkpt>
   <trkpt lat="42.9658490" lon="-2.3606910">
    <ele>1222.9</ele>
    <time>2019-01-05T11:23:41Z</time>
   </trkpt>
   <trkpt lat="42.9658780" lon="-2.3607100">
    <ele>1223.8</ele>
    <time>2019-01-05T11:23:45Z</time>
   </trkpt>
   <trkpt lat="42.9659040" lon="-2.3607230">
    <ele>1224.7</ele>
    <time>2019-01-05T11:23:50Z</time>
   </trkpt>
   <trkpt lat="42.9659200" lon="-2.3607570">
    <ele>1225.7</ele>
    <time>2019-01-05T11:23:54Z</time>
   </trkpt>
   <trkpt lat="42.9659290" lon="-2.3607940">
    <ele>1226.7</ele>
    <time>2019-01-05T11:23:59Z</time>
   </trkpt>
   <trkpt lat="42.9659530" lon="-2.3608230">
    <ele>1227.8</ele>
    <time>2019-01-05T11:24:05Z</time>
   </trkpt>
   <trkpt lat="42.9659750" lon="-2.3608550">
    <ele>1228.7</ele>
    <time>2019-01-05T11:24:13Z</time>
   </trkpt>
   <trkpt lat="42.9659930" lon="-2.3608930">
    <ele>1229.7</ele>
    <time>2019-01-05T11:24:17Z</time>
   </trkpt>
   <trkpt lat="42.9659970" lon="-2.3609300">
    <ele>1230.4</ele>
    <time>2019-01-05T11:24:23Z</time>
   </trkpt>
   <trkpt lat="42.9660190" lon="-2.3609540">
    <ele>1230.9</ele>
    <time>2019-01-05T11:24:27Z</time>
   </trkpt>
   <trkpt lat="42.9660260" lon="-2.3609930">
    <ele>1231.6</ele>
    <time>2019-01-05T11:24:32Z</time>
   </trkpt>
   <trkpt lat="42.9660410" lon="-2.3610240">
    <ele>1232.1</ele>
    <time>2019-01-05T11:24:37Z</time>
   </trkpt>
   <trkpt lat="42.9660630" lon="-2.3610520">
    <ele>1232.6</ele>
    <time>2019-01-05T11:24:41Z</time>
   </trkpt>
   <trkpt lat="42.9660940" lon="-2.3610690">
    <ele>1233.0</ele>
    <time>2019-01-05T11:24:45Z</time>
   </trkpt>
   <trkpt lat="42.9660960" lon="-2.3611090">
    <ele>1233.7</ele>
    <time>2019-01-05T11:24:52Z</time>
   </trkpt>
   <trkpt lat="42.9660850" lon="-2.3611490">
    <ele>1234.5</ele>
    <time>2019-01-05T11:24:59Z</time>
   </trkpt>
   <trkpt lat="42.9660780" lon="-2.3611840">
    <ele>1235.2</ele>
    <time>2019-01-05T11:25:04Z</time>
   </trkpt>
   <trkpt lat="42.9660750" lon="-2.3612230">
    <ele>1235.9</ele>
    <time>2019-01-05T11:25:07Z</time>
   </trkpt>
   <trkpt lat="42.9660990" lon="-2.3612540">
    <ele>1236.7</ele>
    <time>2019-01-05T11:25:10Z</time>
   </trkpt>
   <trkpt lat="42.9661220" lon="-2.3612790">
    <ele>1237.2</ele>
    <time>2019-01-05T11:25:13Z</time>
   </trkpt>
   <trkpt lat="42.9661410" lon="-2.3613060">
    <ele>1237.7</ele>
    <time>2019-01-05T11:25:16Z</time>
   </trkpt>
   <trkpt lat="42.9661630" lon="-2.3613370">
    <ele>1238.3</ele>
    <time>2019-01-05T11:25:19Z</time>
   </trkpt>
   <trkpt lat="42.9661890" lon="-2.3613570">
    <ele>1238.8</ele>
    <time>2019-01-05T11:25:23Z</time>
   </trkpt>
   <trkpt lat="42.9661990" lon="-2.3613940">
    <ele>1239.4</ele>
    <time>2019-01-05T11:25:27Z</time>
   </trkpt>
   <trkpt lat="42.9662180" lon="-2.3614270">
    <ele>1239.8</ele>
    <time>2019-01-05T11:25:31Z</time>
   </trkpt>
   <trkpt lat="42.9662400" lon="-2.3614510">
    <ele>1240.2</ele>
    <time>2019-01-05T11:25:34Z</time>
   </trkpt>
   <trkpt lat="42.9662720" lon="-2.3614720">
    <ele>1240.6</ele>
    <time>2019-01-05T11:25:38Z</time>
   </trkpt>
   <trkpt lat="42.9663040" lon="-2.3614990">
    <ele>1241.1</ele>
    <time>2019-01-05T11:25:42Z</time>
   </trkpt>
   <trkpt lat="42.9663290" lon="-2.3615200">
    <ele>1241.5</ele>
    <time>2019-01-05T11:25:45Z</time>
   </trkpt>
   <trkpt lat="42.9663580" lon="-2.3615360">
    <ele>1241.9</ele>
    <time>2019-01-05T11:25:50Z</time>
   </trkpt>
   <trkpt lat="42.9663850" lon="-2.3615480">
    <ele>1242.2</ele>
    <time>2019-01-05T11:25:55Z</time>
   </trkpt>
   <trkpt lat="42.9664120" lon="-2.3615670">
    <ele>1242.5</ele>
    <time>2019-01-05T11:26:01Z</time>
   </trkpt>
   <trkpt lat="42.9664390" lon="-2.3615710">
    <ele>1242.6</ele>
    <time>2019-01-05T11:26:04Z</time>
   </trkpt>
   <trkpt lat="42.9664640" lon="-2.3615850">
    <ele>1242.8</ele>
    <time>2019-01-05T11:26:08Z</time>
   </trkpt>
   <trkpt lat="42.9664970" lon="-2.3615630">
    <ele>1242.9</ele>
    <time>2019-01-05T11:26:12Z</time>
   </trkpt>
   <trkpt lat="42.9665260" lon="-2.3615620">
    <ele>1243.0</ele>
    <time>2019-01-05T11:26:17Z</time>
   </trkpt>
   <trkpt lat="42.9665480" lon="-2.3615960">
    <ele>1243.2</ele>
    <time>2019-01-05T11:26:23Z</time>
   </trkpt>
   <trkpt lat="42.9665730" lon="-2.3616160">
    <ele>1243.3</ele>
    <time>2019-01-05T11:26:28Z</time>
   </trkpt>
   <trkpt lat="42.9665830" lon="-2.3616510">
    <ele>1243.3</ele>
    <time>2019-01-05T11:26:32Z</time>
   </trkpt>
   <trkpt lat="42.9666010" lon="-2.3616830">
    <ele>1243.3</ele>
    <time>2019-01-05T11:26:37Z</time>
   </trkpt>
   <trkpt lat="42.9666240" lon="-2.3617090">
    <ele>1243.3</ele>
    <time>2019-01-05T11:26:41Z</time>
   </trkpt>
   <trkpt lat="42.9666490" lon="-2.3617300">
    <ele>1243.3</ele>
    <time>2019-01-05T11:26:44Z</time>
   </trkpt>
   <trkpt lat="42.9666780" lon="-2.3617400">
    <ele>1243.3</ele>
    <time>2019-01-05T11:26:49Z</time>
   </trkpt>
   <trkpt lat="42.9667050" lon="-2.3617570">
    <ele>1243.2</ele>
    <time>2019-01-05T11:26:53Z</time>
   </trkpt>
   <trkpt lat="42.9666900" lon="-2.3617880">
    <ele>1243.1</ele>
    <time>2019-01-05T11:27:04Z</time>
   </trkpt>
   <trkpt lat="42.9666720" lon="-2.3618160">
    <ele>1243.0</ele>
    <time>2019-01-05T11:27:12Z</time>
   </trkpt>
   <trkpt lat="42.9666640" lon="-2.3618570">
    <ele>1242.8</ele>
    <time>2019-01-05T11:27:32Z</time>
   </trkpt>
   <trkpt lat="42.9666610" lon="-2.3618960">
    <ele>1242.7</ele>
    <time>2019-01-05T11:27:37Z</time>
   </trkpt>
   <trkpt lat="42.9666760" lon="-2.3619380">
    <ele>1242.5</ele>
    <time>2019-01-05T11:27:42Z</time>
   </trkpt>
   <trkpt lat="42.9666970" lon="-2.3619640">
    <ele>1242.3</ele>
    <time>2019-01-05T11:27:46Z</time>
   </trkpt>
   <trkpt lat="42.9667250" lon="-2.3619840">
    <ele>1242.0</ele>
    <time>2019-01-05T11:27:51Z</time>
   </trkpt>
   <trkpt lat="42.9667610" lon="-2.3619900">
    <ele>1241.6</ele>
    <time>2019-01-05T11:27:54Z</time>
   </trkpt>
   <trkpt lat="42.9667950" lon="-2.3620170">
    <ele>1241.2</ele>
    <time>2019-01-05T11:27:57Z</time>
   </trkpt>
   <trkpt lat="42.9668210" lon="-2.3620410">
    <ele>1240.8</ele>
    <time>2019-01-05T11:28:00Z</time>
   </trkpt>
   <trkpt lat="42.9668400" lon="-2.3620690">
    <ele>1240.4</ele>
    <time>2019-01-05T11:28:03Z</time>
   </trkpt>
   <trkpt lat="42.9668600" lon="-2.3621040">
    <ele>1240.1</ele>
    <time>2019-01-05T11:28:08Z</time>
   </trkpt>
   <trkpt lat="42.9668900" lon="-2.3621110">
    <ele>1239.8</ele>
    <time>2019-01-05T11:28:14Z</time>
   </trkpt>
   <trkpt lat="42.9669180" lon="-2.3621240">
    <ele>1239.5</ele>
    <time>2019-01-05T11:28:17Z</time>
   </trkpt>
   <trkpt lat="42.9669360" lon="-2.3621540">
    <ele>1239.2</ele>
    <time>2019-01-05T11:28:21Z</time>
   </trkpt>
   <trkpt lat="42.9669660" lon="-2.3621720">
    <ele>1238.7</ele>
    <time>2019-01-05T11:28:25Z</time>
   </trkpt>
   <trkpt lat="42.9669900" lon="-2.3622000">
    <ele>1238.3</ele>
    <time>2019-01-05T11:28:29Z</time>
   </trkpt>
   <trkpt lat="42.9670190" lon="-2.3622320">
    <ele>1238.0</ele>
    <time>2019-01-05T11:28:34Z</time>
   </trkpt>
   <trkpt lat="42.9670440" lon="-2.3622500">
    <ele>1237.9</ele>
    <time>2019-01-05T11:29:21Z</time>
   </trkpt>
   <trkpt lat="42.9670580" lon="-2.3622820">
    <ele>1237.7</ele>
    <time>2019-01-05T11:29:38Z</time>
   </trkpt>
   <trkpt lat="42.9670740" lon="-2.3623240">
    <ele>1237.4</ele>
    <time>2019-01-05T11:29:42Z</time>
   </trkpt>
   <trkpt lat="42.9670950" lon="-2.3623550">
    <ele>1237.2</ele>
    <time>2019-01-05T11:29:46Z</time>
   </trkpt>
   <trkpt lat="42.9670990" lon="-2.3623920">
    <ele>1237.0</ele>
    <time>2019-01-05T11:29:50Z</time>
   </trkpt>
   <trkpt lat="42.9671150" lon="-2.3624270">
    <ele>1236.8</ele>
    <time>2019-01-05T11:29:54Z</time>
   </trkpt>
   <trkpt lat="42.9671380" lon="-2.3624440">
    <ele>1236.6</ele>
    <time>2019-01-05T11:29:57Z</time>
   </trkpt>
   <trkpt lat="42.9671670" lon="-2.3624560">
    <ele>1236.5</ele>
    <time>2019-01-05T11:30:01Z</time>
   </trkpt>
   <trkpt lat="42.9671940" lon="-2.3624780">
    <ele>1236.3</ele>
    <time>2019-01-05T11:30:05Z</time>
   </trkpt>
   <trkpt lat="42.9672070" lon="-2.3625140">
    <ele>1236.2</ele>
    <time>2019-01-05T11:30:08Z</time>
   </trkpt>
   <trkpt lat="42.9672170" lon="-2.3625490">
    <ele>1236.1</ele>
    <time>2019-01-05T11:30:12Z</time>
   </trkpt>
   <trkpt lat="42.9672410" lon="-2.3625770">
    <ele>1236.0</ele>
    <time>2019-01-05T11:30:16Z</time>
   </trkpt>
   <trkpt lat="42.9672660" lon="-2.3626000">
    <ele>1235.9</ele>
    <time>2019-01-05T11:30:19Z</time>
   </trkpt>
   <trkpt lat="42.9673100" lon="-2.3626170">
    <ele>1235.8</ele>
    <time>2019-01-05T11:30:23Z</time>
   </trkpt>
   <trkpt lat="42.9673390" lon="-2.3626370">
    <ele>1235.7</ele>
    <time>2019-01-05T11:30:25Z</time>
   </trkpt>
   <trkpt lat="42.9673580" lon="-2.3626720">
    <ele>1235.6</ele>
    <time>2019-01-05T11:30:28Z</time>
   </trkpt>
   <trkpt lat="42.9673790" lon="-2.3627090">
    <ele>1235.5</ele>
    <time>2019-01-05T11:30:31Z</time>
   </trkpt>
   <trkpt lat="42.9674110" lon="-2.3627270">
    <ele>1235.4</ele>
    <time>2019-01-05T11:30:34Z</time>
   </trkpt>
   <trkpt lat="42.9674340" lon="-2.3627530">
    <ele>1235.4</ele>
    <time>2019-01-05T11:30:38Z</time>
   </trkpt>
   <trkpt lat="42.9674560" lon="-2.3627810">
    <ele>1235.4</ele>
    <time>2019-01-05T11:30:41Z</time>
   </trkpt>
   <trkpt lat="42.9674840" lon="-2.3627930">
    <ele>1235.4</ele>
    <time>2019-01-05T11:30:44Z</time>
   </trkpt>
   <trkpt lat="42.9675090" lon="-2.3628270">
    <ele>1235.7</ele>
    <time>2019-01-05T11:30:47Z</time>
   </trkpt>
   <trkpt lat="42.9675310" lon="-2.3628570">
    <ele>1236.0</ele>
    <time>2019-01-05T11:30:50Z</time>
   </trkpt>
   <trkpt lat="42.9675570" lon="-2.3628860">
    <ele>1236.6</ele>
    <time>2019-01-05T11:30:53Z</time>
   </trkpt>
   <trkpt lat="42.9675800" lon="-2.3629220">
    <ele>1237.4</ele>
    <time>2019-01-05T11:30:58Z</time>
   </trkpt>
   <trkpt lat="42.9676020" lon="-2.3629490">
    <ele>1238.1</ele>
    <time>2019-01-05T11:31:03Z</time>
   </trkpt>
   <trkpt lat="42.9676230" lon="-2.3629800">
    <ele>1238.8</ele>
    <time>2019-01-05T11:31:06Z</time>
   </trkpt>
   <trkpt lat="42.9676400" lon="-2.3630090">
    <ele>1239.5</ele>
    <time>2019-01-05T11:31:08Z</time>
   </trkpt>
   <trkpt lat="42.9676550" lon="-2.3630420">
    <ele>1240.2</ele>
    <time>2019-01-05T11:31:11Z</time>
   </trkpt>
   <trkpt lat="42.9676780" lon="-2.3630760">
    <ele>1241.2</ele>
    <time>2019-01-05T11:31:14Z</time>
   </trkpt>
   <trkpt lat="42.9676980" lon="-2.3631130">
    <ele>1242.1</ele>
    <time>2019-01-05T11:31:17Z</time>
   </trkpt>
   <trkpt lat="42.9677170" lon="-2.3631400">
    <ele>1242.6</ele>
    <time>2019-01-05T11:31:20Z</time>
   </trkpt>
   <trkpt lat="42.9677420" lon="-2.3631670">
    <ele>1243.2</ele>
    <time>2019-01-05T11:31:23Z</time>
   </trkpt>
   <trkpt lat="42.9677720" lon="-2.3631900">
    <ele>1244.0</ele>
    <time>2019-01-05T11:31:31Z</time>
   </trkpt>
   <trkpt lat="42.9677930" lon="-2.3632160">
    <ele>1244.6</ele>
    <time>2019-01-05T11:31:34Z</time>
   </trkpt>
   <trkpt lat="42.9678190" lon="-2.3632400">
    <ele>1245.1</ele>
    <time>2019-01-05T11:31:39Z</time>
   </trkpt>
   <trkpt lat="42.9678360" lon="-2.3632690">
    <ele>1245.6</ele>
    <time>2019-01-05T11:31:43Z</time>
   </trkpt>
   <trkpt lat="42.9678580" lon="-2.3633020">
    <ele>1246.1</ele>
    <time>2019-01-05T11:31:47Z</time>
   </trkpt>
   <trkpt lat="42.9678800" lon="-2.3633260">
    <ele>1246.6</ele>
    <time>2019-01-05T11:31:50Z</time>
   </trkpt>
   <trkpt lat="42.9678970" lon="-2.3633550">
    <ele>1247.2</ele>
    <time>2019-01-05T11:31:54Z</time>
   </trkpt>
   <trkpt lat="42.9679170" lon="-2.3633820">
    <ele>1247.7</ele>
    <time>2019-01-05T11:32:00Z</time>
   </trkpt>
   <trkpt lat="42.9679290" lon="-2.3634150">
    <ele>1248.2</ele>
    <time>2019-01-05T11:32:04Z</time>
   </trkpt>
   <trkpt lat="42.9679490" lon="-2.3634420">
    <ele>1248.7</ele>
    <time>2019-01-05T11:32:08Z</time>
   </trkpt>
   <trkpt lat="42.9679750" lon="-2.3634580">
    <ele>1249.2</ele>
    <time>2019-01-05T11:32:11Z</time>
   </trkpt>
   <trkpt lat="42.9680000" lon="-2.3634830">
    <ele>1249.9</ele>
    <time>2019-01-05T11:32:14Z</time>
   </trkpt>
   <trkpt lat="42.9680190" lon="-2.3635090">
    <ele>1250.5</ele>
    <time>2019-01-05T11:32:17Z</time>
   </trkpt>
   <trkpt lat="42.9680390" lon="-2.3635490">
    <ele>1251.3</ele>
    <time>2019-01-05T11:32:20Z</time>
   </trkpt>
   <trkpt lat="42.9680570" lon="-2.3635850">
    <ele>1251.8</ele>
    <time>2019-01-05T11:32:24Z</time>
   </trkpt>
   <trkpt lat="42.9680710" lon="-2.3636180">
    <ele>1252.3</ele>
    <time>2019-01-05T11:32:27Z</time>
   </trkpt>
   <trkpt lat="42.9680890" lon="-2.3636480">
    <ele>1252.8</ele>
    <time>2019-01-05T11:32:31Z</time>
   </trkpt>
   <trkpt lat="42.9681050" lon="-2.3636850">
    <ele>1253.4</ele>
    <time>2019-01-05T11:32:40Z</time>
   </trkpt>
   <trkpt lat="42.9681200" lon="-2.3637200">
    <ele>1253.9</ele>
    <time>2019-01-05T11:32:43Z</time>
   </trkpt>
   <trkpt lat="42.9681400" lon="-2.3637480">
    <ele>1254.3</ele>
    <time>2019-01-05T11:32:45Z</time>
   </trkpt>
   <trkpt lat="42.9681660" lon="-2.3637820">
    <ele>1254.7</ele>
    <time>2019-01-05T11:32:48Z</time>
   </trkpt>
   <trkpt lat="42.9681790" lon="-2.3638150">
    <ele>1255.1</ele>
    <time>2019-01-05T11:32:50Z</time>
   </trkpt>
   <trkpt lat="42.9681980" lon="-2.3638480">
    <ele>1255.4</ele>
    <time>2019-01-05T11:32:52Z</time>
   </trkpt>
   <trkpt lat="42.9682180" lon="-2.3638720">
    <ele>1255.7</ele>
    <time>2019-01-05T11:32:54Z</time>
   </trkpt>
   <trkpt lat="42.9682480" lon="-2.3639050">
    <ele>1256.1</ele>
    <time>2019-01-05T11:32:57Z</time>
   </trkpt>
   <trkpt lat="42.9682790" lon="-2.3639310">
    <ele>1256.7</ele>
    <time>2019-01-05T11:33:00Z</time>
   </trkpt>
   <trkpt lat="42.9683010" lon="-2.3639560">
    <ele>1257.1</ele>
    <time>2019-01-05T11:33:02Z</time>
   </trkpt>
   <trkpt lat="42.9683200" lon="-2.3639840">
    <ele>1257.6</ele>
    <time>2019-01-05T11:33:04Z</time>
   </trkpt>
   <trkpt lat="42.9683480" lon="-2.3640230">
    <ele>1258.2</ele>
    <time>2019-01-05T11:33:07Z</time>
   </trkpt>
   <trkpt lat="42.9683700" lon="-2.3640640">
    <ele>1258.6</ele>
    <time>2019-01-05T11:33:10Z</time>
   </trkpt>
   <trkpt lat="42.9683850" lon="-2.3640960">
    <ele>1258.8</ele>
    <time>2019-01-05T11:33:13Z</time>
   </trkpt>
   <trkpt lat="42.9684070" lon="-2.3641200">
    <ele>1259.1</ele>
    <time>2019-01-05T11:33:16Z</time>
   </trkpt>
   <trkpt lat="42.9684330" lon="-2.3641320">
    <ele>1259.4</ele>
    <time>2019-01-05T11:33:18Z</time>
   </trkpt>
   <trkpt lat="42.9684650" lon="-2.3641390">
    <ele>1259.8</ele>
    <time>2019-01-05T11:33:20Z</time>
   </trkpt>
   <trkpt lat="42.9684980" lon="-2.3641610">
    <ele>1260.3</ele>
    <time>2019-01-05T11:33:23Z</time>
   </trkpt>
   <trkpt lat="42.9685190" lon="-2.3641910">
    <ele>1260.6</ele>
    <time>2019-01-05T11:33:26Z</time>
   </trkpt>
   <trkpt lat="42.9685490" lon="-2.3642190">
    <ele>1261.0</ele>
    <time>2019-01-05T11:33:29Z</time>
   </trkpt>
   <trkpt lat="42.9685720" lon="-2.3642600">
    <ele>1261.2</ele>
    <time>2019-01-05T11:33:32Z</time>
   </trkpt>
   <trkpt lat="42.9685960" lon="-2.3642930">
    <ele>1261.3</ele>
    <time>2019-01-05T11:33:35Z</time>
   </trkpt>
   <trkpt lat="42.9686190" lon="-2.3643230">
    <ele>1261.5</ele>
    <time>2019-01-05T11:33:38Z</time>
   </trkpt>
   <trkpt lat="42.9686450" lon="-2.3643560">
    <ele>1261.7</ele>
    <time>2019-01-05T11:33:41Z</time>
   </trkpt>
   <trkpt lat="42.9686710" lon="-2.3643950">
    <ele>1262.0</ele>
    <time>2019-01-05T11:33:44Z</time>
   </trkpt>
   <trkpt lat="42.9686950" lon="-2.3644230">
    <ele>1262.4</ele>
    <time>2019-01-05T11:33:47Z</time>
   </trkpt>
   <trkpt lat="42.9687260" lon="-2.3644490">
    <ele>1262.7</ele>
    <time>2019-01-05T11:33:50Z</time>
   </trkpt>
   <trkpt lat="42.9687530" lon="-2.3644700">
    <ele>1263.1</ele>
    <time>2019-01-05T11:33:53Z</time>
   </trkpt>
   <trkpt lat="42.9687790" lon="-2.3644900">
    <ele>1263.5</ele>
    <time>2019-01-05T11:33:57Z</time>
   </trkpt>
   <trkpt lat="42.9688020" lon="-2.3645200">
    <ele>1263.9</ele>
    <time>2019-01-05T11:34:00Z</time>
   </trkpt>
   <trkpt lat="42.9688230" lon="-2.3645540">
    <ele>1264.3</ele>
    <time>2019-01-05T11:34:04Z</time>
   </trkpt>
   <trkpt lat="42.9688400" lon="-2.3645870">
    <ele>1264.6</ele>
    <time>2019-01-05T11:34:07Z</time>
   </trkpt>
   <trkpt lat="42.9688580" lon="-2.3646230">
    <ele>1265.0</ele>
    <time>2019-01-05T11:34:10Z</time>
   </trkpt>
   <trkpt lat="42.9688720" lon="-2.3646700">
    <ele>1265.5</ele>
    <time>2019-01-05T11:34:14Z</time>
   </trkpt>
   <trkpt lat="42.9688970" lon="-2.3647020">
    <ele>1265.9</ele>
    <time>2019-01-05T11:34:17Z</time>
   </trkpt>
   <trkpt lat="42.9689200" lon="-2.3647380">
    <ele>1266.3</ele>
    <time>2019-01-05T11:34:21Z</time>
   </trkpt>
   <trkpt lat="42.9689430" lon="-2.3647640">
    <ele>1266.7</ele>
    <time>2019-01-05T11:34:25Z</time>
   </trkpt>
   <trkpt lat="42.9689640" lon="-2.3647990">
    <ele>1267.0</ele>
    <time>2019-01-05T11:34:29Z</time>
   </trkpt>
   <trkpt lat="42.9689860" lon="-2.3648280">
    <ele>1267.4</ele>
    <time>2019-01-05T11:34:35Z</time>
   </trkpt>
   <trkpt lat="42.9690060" lon="-2.3648560">
    <ele>1267.7</ele>
    <time>2019-01-05T11:34:38Z</time>
   </trkpt>
   <trkpt lat="42.9690210" lon="-2.3648910">
    <ele>1267.9</ele>
    <time>2019-01-05T11:34:41Z</time>
   </trkpt>
   <trkpt lat="42.9690450" lon="-2.3649280">
    <ele>1268.2</ele>
    <time>2019-01-05T11:34:44Z</time>
   </trkpt>
   <trkpt lat="42.9690640" lon="-2.3649580">
    <ele>1268.4</ele>
    <time>2019-01-05T11:34:47Z</time>
   </trkpt>
   <trkpt lat="42.9690860" lon="-2.3649900">
    <ele>1268.5</ele>
    <time>2019-01-05T11:34:50Z</time>
   </trkpt>
   <trkpt lat="42.9691140" lon="-2.3650120">
    <ele>1268.7</ele>
    <time>2019-01-05T11:34:54Z</time>
   </trkpt>
   <trkpt lat="42.9691370" lon="-2.3650410">
    <ele>1268.8</ele>
    <time>2019-01-05T11:34:58Z</time>
   </trkpt>
   <trkpt lat="42.9691610" lon="-2.3650620">
    <ele>1268.9</ele>
    <time>2019-01-05T11:35:01Z</time>
   </trkpt>
   <trkpt lat="42.9691770" lon="-2.3650970">
    <ele>1268.9</ele>
    <time>2019-01-05T11:35:08Z</time>
   </trkpt>
   <trkpt lat="42.9692120" lon="-2.3651220">
    <ele>1269.0</ele>
    <time>2019-01-05T11:35:12Z</time>
   </trkpt>
   <trkpt lat="42.9692430" lon="-2.3651460">
    <ele>1269.0</ele>
    <time>2019-01-05T11:35:16Z</time>
   </trkpt>
   <trkpt lat="42.9692570" lon="-2.3651820">
    <ele>1269.0</ele>
    <time>2019-01-05T11:35:19Z</time>
   </trkpt>
   <trkpt lat="42.9692800" lon="-2.3652060">
    <ele>1268.9</ele>
    <time>2019-01-05T11:35:25Z</time>
   </trkpt>
   <trkpt lat="42.9693080" lon="-2.3652270">
    <ele>1268.9</ele>
    <time>2019-01-05T11:35:29Z</time>
   </trkpt>
   <trkpt lat="42.9693320" lon="-2.3652510">
    <ele>1268.8</ele>
    <time>2019-01-05T11:35:32Z</time>
   </trkpt>
   <trkpt lat="42.9693590" lon="-2.3652840">
    <ele>1268.8</ele>
    <time>2019-01-05T11:35:35Z</time>
   </trkpt>
   <trkpt lat="42.9693710" lon="-2.3653170">
    <ele>1268.7</ele>
    <time>2019-01-05T11:35:37Z</time>
   </trkpt>
   <trkpt lat="42.9693880" lon="-2.3653520">
    <ele>1268.6</ele>
    <time>2019-01-05T11:35:40Z</time>
   </trkpt>
   <trkpt lat="42.9694010" lon="-2.3653860">
    <ele>1268.5</ele>
    <time>2019-01-05T11:35:43Z</time>
   </trkpt>
   <trkpt lat="42.9694090" lon="-2.3654320">
    <ele>1268.3</ele>
    <time>2019-01-05T11:35:47Z</time>
   </trkpt>
   <trkpt lat="42.9694240" lon="-2.3654700">
    <ele>1268.1</ele>
    <time>2019-01-05T11:35:50Z</time>
   </trkpt>
   <trkpt lat="42.9694400" lon="-2.3655070">
    <ele>1267.9</ele>
    <time>2019-01-05T11:35:53Z</time>
   </trkpt>
   <trkpt lat="42.9694570" lon="-2.3655430">
    <ele>1267.7</ele>
    <time>2019-01-05T11:35:56Z</time>
   </trkpt>
   <trkpt lat="42.9694820" lon="-2.3655790">
    <ele>1267.6</ele>
    <time>2019-01-05T11:35:59Z</time>
   </trkpt>
   <trkpt lat="42.9695090" lon="-2.3656130">
    <ele>1267.2</ele>
    <time>2019-01-05T11:36:02Z</time>
   </trkpt>
   <trkpt lat="42.9695250" lon="-2.3656500">
    <ele>1266.9</ele>
    <time>2019-01-05T11:36:05Z</time>
   </trkpt>
   <trkpt lat="42.9695170" lon="-2.3656890">
    <ele>1266.6</ele>
    <time>2019-01-05T11:36:09Z</time>
   </trkpt>
   <trkpt lat="42.9694940" lon="-2.3657150">
    <ele>1266.2</ele>
    <time>2019-01-05T11:36:14Z</time>
   </trkpt>
   <trkpt lat="42.9694960" lon="-2.3656730">
    <ele>1265.7</ele>
    <time>2019-01-05T11:37:25Z</time>
   </trkpt>
   <trkpt lat="42.9694770" lon="-2.3657020">
    <ele>1265.1</ele>
    <time>2019-01-05T11:40:20Z</time>
   </trkpt>
   <trkpt lat="42.9694480" lon="-2.3657170">
    <ele>1264.5</ele>
    <time>2019-01-05T11:40:21Z</time>
   </trkpt>
   <trkpt lat="42.9694800" lon="-2.3656400">
    <ele>1263.5</ele>
    <time>2019-01-05T11:40:33Z</time>
   </trkpt>
   <trkpt lat="42.9694740" lon="-2.3656790">
    <ele>1263.1</ele>
    <time>2019-01-05T11:52:35Z</time>
   </trkpt>
   <trkpt lat="42.9694820" lon="-2.3657160">
    <ele>1262.8</ele>
    <time>2019-01-05T11:52:53Z</time>
   </trkpt>
   <trkpt lat="42.9694870" lon="-2.3656790">
    <ele>1262.5</ele>
    <time>2019-01-05T11:57:04Z</time>
   </trkpt>
   <trkpt lat="42.9695000" lon="-2.3657150">
    <ele>1262.2</ele>
    <time>2019-01-05T12:00:31Z</time>
   </trkpt>
   <trkpt lat="42.9695140" lon="-2.3657480">
    <ele>1262.0</ele>
    <time>2019-01-05T12:00:36Z</time>
   </trkpt>
   <trkpt lat="42.9695420" lon="-2.3657410">
    <ele>1261.7</ele>
    <time>2019-01-05T12:00:45Z</time>
   </trkpt>
   <trkpt lat="42.9695710" lon="-2.3657490">
    <ele>1261.5</ele>
    <time>2019-01-05T12:00:51Z</time>
   </trkpt>
   <trkpt lat="42.9696010" lon="-2.3657570">
    <ele>1261.2</ele>
    <time>2019-01-05T12:00:57Z</time>
   </trkpt>
   <trkpt lat="42.9696270" lon="-2.3657670">
    <ele>1261.1</ele>
    <time>2019-01-05T12:01:02Z</time>
   </trkpt>
   <trkpt lat="42.9696600" lon="-2.3657620">
    <ele>1261.2</ele>
    <time>2019-01-05T12:01:07Z</time>
   </trkpt>
   <trkpt lat="42.9696920" lon="-2.3657740">
    <ele>1261.3</ele>
    <time>2019-01-05T12:01:11Z</time>
   </trkpt>
   <trkpt lat="42.9697200" lon="-2.3657840">
    <ele>1261.2</ele>
    <time>2019-01-05T12:01:15Z</time>
   </trkpt>
   <trkpt lat="42.9697460" lon="-2.3657980">
    <ele>1261.1</ele>
    <time>2019-01-05T12:01:20Z</time>
   </trkpt>
   <trkpt lat="42.9697740" lon="-2.3658130">
    <ele>1261.0</ele>
    <time>2019-01-05T12:01:24Z</time>
   </trkpt>
   <trkpt lat="42.9698020" lon="-2.3658320">
    <ele>1260.9</ele>
    <time>2019-01-05T12:01:30Z</time>
   </trkpt>
   <trkpt lat="42.9698310" lon="-2.3658400">
    <ele>1260.8</ele>
    <time>2019-01-05T12:01:35Z</time>
   </trkpt>
   <trkpt lat="42.9698560" lon="-2.3658650">
    <ele>1260.7</ele>
    <time>2019-01-05T12:01:39Z</time>
   </trkpt>
   <trkpt lat="42.9698790" lon="-2.3658920">
    <ele>1260.8</ele>
    <time>2019-01-05T12:01:43Z</time>
   </trkpt>
   <trkpt lat="42.9698990" lon="-2.3659230">
    <ele>1260.9</ele>
    <time>2019-01-05T12:01:48Z</time>
   </trkpt>
   <trkpt lat="42.9699280" lon="-2.3659420">
    <ele>1260.7</ele>
    <time>2019-01-05T12:01:52Z</time>
   </trkpt>
   <trkpt lat="42.9699510" lon="-2.3659670">
    <ele>1260.4</ele>
    <time>2019-01-05T12:01:56Z</time>
   </trkpt>
   <trkpt lat="42.9699700" lon="-2.3660000">
    <ele>1260.0</ele>
    <time>2019-01-05T12:02:00Z</time>
   </trkpt>
   <trkpt lat="42.9700020" lon="-2.3660240">
    <ele>1259.9</ele>
    <time>2019-01-05T12:02:05Z</time>
   </trkpt>
   <trkpt lat="42.9700250" lon="-2.3660540">
    <ele>1259.7</ele>
    <time>2019-01-05T12:02:09Z</time>
   </trkpt>
   <trkpt lat="42.9700530" lon="-2.3660870">
    <ele>1259.3</ele>
    <time>2019-01-05T12:02:13Z</time>
   </trkpt>
   <trkpt lat="42.9700770" lon="-2.3661070">
    <ele>1259.0</ele>
    <time>2019-01-05T12:02:16Z</time>
   </trkpt>
   <trkpt lat="42.9701040" lon="-2.3661340">
    <ele>1258.8</ele>
    <time>2019-01-05T12:02:20Z</time>
   </trkpt>
   <trkpt lat="42.9701240" lon="-2.3661600">
    <ele>1258.7</ele>
    <time>2019-01-05T12:02:23Z</time>
   </trkpt>
   <trkpt lat="42.9701470" lon="-2.3661870">
    <ele>1258.6</ele>
    <time>2019-01-05T12:02:27Z</time>
   </trkpt>
   <trkpt lat="42.9701720" lon="-2.3662100">
    <ele>1258.5</ele>
    <time>2019-01-05T12:02:31Z</time>
   </trkpt>
   <trkpt lat="42.9701860" lon="-2.3662440">
    <ele>1258.3</ele>
    <time>2019-01-05T12:02:39Z</time>
   </trkpt>
   <trkpt lat="42.9702130" lon="-2.3662700">
    <ele>1258.1</ele>
    <time>2019-01-05T12:02:42Z</time>
   </trkpt>
   <trkpt lat="42.9702370" lon="-2.3662920">
    <ele>1258.1</ele>
    <time>2019-01-05T12:02:44Z</time>
   </trkpt>
   <trkpt lat="42.9702600" lon="-2.3663130">
    <ele>1258.2</ele>
    <time>2019-01-05T12:02:46Z</time>
   </trkpt>
   <trkpt lat="42.9702860" lon="-2.3663380">
    <ele>1258.2</ele>
    <time>2019-01-05T12:02:49Z</time>
   </trkpt>
   <trkpt lat="42.9703130" lon="-2.3663660">
    <ele>1258.1</ele>
    <time>2019-01-05T12:02:53Z</time>
   </trkpt>
   <trkpt lat="42.9703300" lon="-2.3663980">
    <ele>1258.1</ele>
    <time>2019-01-05T12:02:59Z</time>
   </trkpt>
   <trkpt lat="42.9703550" lon="-2.3664190">
    <ele>1258.1</ele>
    <time>2019-01-05T12:03:03Z</time>
   </trkpt>
   <trkpt lat="42.9703810" lon="-2.3664430">
    <ele>1258.1</ele>
    <time>2019-01-05T12:03:07Z</time>
   </trkpt>
   <trkpt lat="42.9704110" lon="-2.3664640">
    <ele>1258.2</ele>
    <time>2019-01-05T12:03:11Z</time>
   </trkpt>
   <trkpt lat="42.9704350" lon="-2.3664910">
    <ele>1258.1</ele>
    <time>2019-01-05T12:03:15Z</time>
   </trkpt>
   <trkpt lat="42.9704620" lon="-2.3665140">
    <ele>1258.0</ele>
    <time>2019-01-05T12:03:18Z</time>
   </trkpt>
   <trkpt lat="42.9704900" lon="-2.3665290">
    <ele>1257.9</ele>
    <time>2019-01-05T12:03:21Z</time>
   </trkpt>
   <trkpt lat="42.9705140" lon="-2.3665520">
    <ele>1257.9</ele>
    <time>2019-01-05T12:03:25Z</time>
   </trkpt>
   <trkpt lat="42.9705410" lon="-2.3665770">
    <ele>1258.0</ele>
    <time>2019-01-05T12:03:29Z</time>
   </trkpt>
   <trkpt lat="42.9705650" lon="-2.3665950">
    <ele>1258.1</ele>
    <time>2019-01-05T12:03:32Z</time>
   </trkpt>
   <trkpt lat="42.9705910" lon="-2.3666140">
    <ele>1258.1</ele>
    <time>2019-01-05T12:03:35Z</time>
   </trkpt>
   <trkpt lat="42.9706140" lon="-2.3666470">
    <ele>1258.0</ele>
    <time>2019-01-05T12:03:39Z</time>
   </trkpt>
   <trkpt lat="42.9706410" lon="-2.3666760">
    <ele>1258.0</ele>
    <time>2019-01-05T12:03:43Z</time>
   </trkpt>
   <trkpt lat="42.9706640" lon="-2.3667030">
    <ele>1258.0</ele>
    <time>2019-01-05T12:03:47Z</time>
   </trkpt>
   <trkpt lat="42.9706960" lon="-2.3667280">
    <ele>1258.0</ele>
    <time>2019-01-05T12:03:51Z</time>
   </trkpt>
   <trkpt lat="42.9707200" lon="-2.3667540">
    <ele>1257.9</ele>
    <time>2019-01-05T12:03:54Z</time>
   </trkpt>
   <trkpt lat="42.9707470" lon="-2.3667800">
    <ele>1257.8</ele>
    <time>2019-01-05T12:03:57Z</time>
   </trkpt>
   <trkpt lat="42.9707760" lon="-2.3668060">
    <ele>1257.7</ele>
    <time>2019-01-05T12:04:01Z</time>
   </trkpt>
   <trkpt lat="42.9707970" lon="-2.3668290">
    <ele>1257.6</ele>
    <time>2019-01-05T12:04:04Z</time>
   </trkpt>
   <trkpt lat="42.9708220" lon="-2.3668600">
    <ele>1257.4</ele>
    <time>2019-01-05T12:04:08Z</time>
   </trkpt>
   <trkpt lat="42.9708480" lon="-2.3668860">
    <ele>1257.1</ele>
    <time>2019-01-05T12:04:11Z</time>
   </trkpt>
   <trkpt lat="42.9708740" lon="-2.3669110">
    <ele>1256.8</ele>
    <time>2019-01-05T12:04:14Z</time>
   </trkpt>
   <trkpt lat="42.9709060" lon="-2.3669400">
    <ele>1256.4</ele>
    <time>2019-01-05T12:04:17Z</time>
   </trkpt>
   <trkpt lat="42.9709290" lon="-2.3669740">
    <ele>1256.2</ele>
    <time>2019-01-05T12:04:21Z</time>
   </trkpt>
   <trkpt lat="42.9709560" lon="-2.3670050">
    <ele>1255.9</ele>
    <time>2019-01-05T12:04:24Z</time>
   </trkpt>
   <trkpt lat="42.9709790" lon="-2.3670300">
    <ele>1255.6</ele>
    <time>2019-01-05T12:04:27Z</time>
   </trkpt>
   <trkpt lat="42.9710020" lon="-2.3670580">
    <ele>1255.1</ele>
    <time>2019-01-05T12:04:30Z</time>
   </trkpt>
   <trkpt lat="42.9710180" lon="-2.3670880">
    <ele>1254.7</ele>
    <time>2019-01-05T12:04:33Z</time>
   </trkpt>
   <trkpt lat="42.9710400" lon="-2.3671160">
    <ele>1254.3</ele>
    <time>2019-01-05T12:04:36Z</time>
   </trkpt>
   <trkpt lat="42.9710590" lon="-2.3671490">
    <ele>1254.0</ele>
    <time>2019-01-05T12:04:39Z</time>
   </trkpt>
   <trkpt lat="42.9710770" lon="-2.3671800">
    <ele>1253.6</ele>
    <time>2019-01-05T12:04:42Z</time>
   </trkpt>
   <trkpt lat="42.9711010" lon="-2.3672130">
    <ele>1253.3</ele>
    <time>2019-01-05T12:04:45Z</time>
   </trkpt>
   <trkpt lat="42.9711290" lon="-2.3672460">
    <ele>1252.9</ele>
    <time>2019-01-05T12:04:48Z</time>
   </trkpt>
   <trkpt lat="42.9711460" lon="-2.3672830">
    <ele>1252.6</ele>
    <time>2019-01-05T12:04:51Z</time>
   </trkpt>
   <trkpt lat="42.9711590" lon="-2.3673170">
    <ele>1252.3</ele>
    <time>2019-01-05T12:04:54Z</time>
   </trkpt>
   <trkpt lat="42.9711730" lon="-2.3673490">
    <ele>1251.9</ele>
    <time>2019-01-05T12:04:58Z</time>
   </trkpt>
   <trkpt lat="42.9711910" lon="-2.3673790">
    <ele>1251.5</ele>
    <time>2019-01-05T12:05:02Z</time>
   </trkpt>
   <trkpt lat="42.9712110" lon="-2.3674090">
    <ele>1251.2</ele>
    <time>2019-01-05T12:05:05Z</time>
   </trkpt>
   <trkpt lat="42.9712380" lon="-2.3674330">
    <ele>1251.0</ele>
    <time>2019-01-05T12:05:08Z</time>
   </trkpt>
   <trkpt lat="42.9712670" lon="-2.3674420">
    <ele>1250.7</ele>
    <time>2019-01-05T12:05:12Z</time>
   </trkpt>
   <trkpt lat="42.9713030" lon="-2.3674560">
    <ele>1250.4</ele>
    <time>2019-01-05T12:05:16Z</time>
   </trkpt>
   <trkpt lat="42.9713340" lon="-2.3674510">
    <ele>1250.0</ele>
    <time>2019-01-05T12:05:20Z</time>
   </trkpt>
   <trkpt lat="42.9713620" lon="-2.3674390">
    <ele>1249.7</ele>
    <time>2019-01-05T12:05:23Z</time>
   </trkpt>
   <trkpt lat="42.9713950" lon="-2.3674380">
    <ele>1249.3</ele>
    <time>2019-01-05T12:05:26Z</time>
   </trkpt>
   <trkpt lat="42.9714310" lon="-2.3674450">
    <ele>1248.9</ele>
    <time>2019-01-05T12:05:29Z</time>
   </trkpt>
   <trkpt lat="42.9714660" lon="-2.3674550">
    <ele>1248.4</ele>
    <time>2019-01-05T12:05:32Z</time>
   </trkpt>
   <trkpt lat="42.9714940" lon="-2.3674660">
    <ele>1248.1</ele>
    <time>2019-01-05T12:05:35Z</time>
   </trkpt>
   <trkpt lat="42.9715220" lon="-2.3674820">
    <ele>1247.7</ele>
    <time>2019-01-05T12:05:39Z</time>
   </trkpt>
   <trkpt lat="42.9715490" lon="-2.3675080">
    <ele>1247.2</ele>
    <time>2019-01-05T12:05:44Z</time>
   </trkpt>
   <trkpt lat="42.9715720" lon="-2.3675360">
    <ele>1246.8</ele>
    <time>2019-01-05T12:05:48Z</time>
   </trkpt>
   <trkpt lat="42.9715570" lon="-2.3675710">
    <ele>1246.4</ele>
    <time>2019-01-05T12:05:50Z</time>
   </trkpt>
   <trkpt lat="42.9715880" lon="-2.3675880">
    <ele>1245.5</ele>
    <time>2019-01-05T12:06:00Z</time>
   </trkpt>
   <trkpt lat="42.9716230" lon="-2.3675970">
    <ele>1244.5</ele>
    <time>2019-01-05T12:06:04Z</time>
   </trkpt>
   <trkpt lat="42.9716480" lon="-2.3676140">
    <ele>1243.7</ele>
    <time>2019-01-05T12:06:10Z</time>
   </trkpt>
   <trkpt lat="42.9716750" lon="-2.3676260">
    <ele>1243.2</ele>
    <time>2019-01-05T12:06:13Z</time>
   </trkpt>
   <trkpt lat="42.9717060" lon="-2.3676400">
    <ele>1242.7</ele>
    <time>2019-01-05T12:06:16Z</time>
   </trkpt>
   <trkpt lat="42.9717370" lon="-2.3676560">
    <ele>1242.1</ele>
    <time>2019-01-05T12:06:21Z</time>
   </trkpt>
   <trkpt lat="42.9717690" lon="-2.3676690">
    <ele>1241.6</ele>
    <time>2019-01-05T12:06:25Z</time>
   </trkpt>
   <trkpt lat="42.9718010" lon="-2.3676620">
    <ele>1241.0</ele>
    <time>2019-01-05T12:06:29Z</time>
   </trkpt>
   <trkpt lat="42.9718290" lon="-2.3676680">
    <ele>1240.8</ele>
    <time>2019-01-05T12:06:33Z</time>
   </trkpt>
   <trkpt lat="42.9718590" lon="-2.3676810">
    <ele>1240.7</ele>
    <time>2019-01-05T12:06:36Z</time>
   </trkpt>
   <trkpt lat="42.9718940" lon="-2.3676880">
    <ele>1240.6</ele>
    <time>2019-01-05T12:06:41Z</time>
   </trkpt>
   <trkpt lat="42.9719320" lon="-2.3676950">
    <ele>1240.4</ele>
    <time>2019-01-05T12:06:44Z</time>
   </trkpt>
   <trkpt lat="42.9719640" lon="-2.3677060">
    <ele>1240.2</ele>
    <time>2019-01-05T12:06:48Z</time>
   </trkpt>
   <trkpt lat="42.9719970" lon="-2.3677180">
    <ele>1240.1</ele>
    <time>2019-01-05T12:06:52Z</time>
   </trkpt>
   <trkpt lat="42.9720290" lon="-2.3677190">
    <ele>1240.1</ele>
    <time>2019-01-05T12:06:56Z</time>
   </trkpt>
   <trkpt lat="42.9720590" lon="-2.3677200">
    <ele>1240.1</ele>
    <time>2019-01-05T12:07:00Z</time>
   </trkpt>
   <trkpt lat="42.9720910" lon="-2.3677210">
    <ele>1240.1</ele>
    <time>2019-01-05T12:07:04Z</time>
   </trkpt>
   <trkpt lat="42.9721190" lon="-2.3677220">
    <ele>1240.1</ele>
    <time>2019-01-05T12:07:08Z</time>
   </trkpt>
   <trkpt lat="42.9721460" lon="-2.3677070">
    <ele>1240.1</ele>
    <time>2019-01-05T12:07:14Z</time>
   </trkpt>
   <trkpt lat="42.9721730" lon="-2.3677030">
    <ele>1240.2</ele>
    <time>2019-01-05T12:07:19Z</time>
   </trkpt>
   <trkpt lat="42.9722050" lon="-2.3677100">
    <ele>1240.5</ele>
    <time>2019-01-05T12:07:24Z</time>
   </trkpt>
   <trkpt lat="42.9722370" lon="-2.3677210">
    <ele>1240.8</ele>
    <time>2019-01-05T12:07:28Z</time>
   </trkpt>
   <trkpt lat="42.9722760" lon="-2.3677350">
    <ele>1240.8</ele>
    <time>2019-01-05T12:07:32Z</time>
   </trkpt>
   <trkpt lat="42.9723050" lon="-2.3677460">
    <ele>1240.8</ele>
    <time>2019-01-05T12:07:34Z</time>
   </trkpt>
   <trkpt lat="42.9723420" lon="-2.3677530">
    <ele>1240.8</ele>
    <time>2019-01-05T12:07:37Z</time>
   </trkpt>
   <trkpt lat="42.9723720" lon="-2.3677580">
    <ele>1241.0</ele>
    <time>2019-01-05T12:07:40Z</time>
   </trkpt>
   <trkpt lat="42.9724040" lon="-2.3677560">
    <ele>1241.2</ele>
    <time>2019-01-05T12:07:44Z</time>
   </trkpt>
   <trkpt lat="42.9724330" lon="-2.3677540">
    <ele>1241.4</ele>
    <time>2019-01-05T12:07:48Z</time>
   </trkpt>
   <trkpt lat="42.9724660" lon="-2.3677560">
    <ele>1241.4</ele>
    <time>2019-01-05T12:07:52Z</time>
   </trkpt>
   <trkpt lat="42.9724970" lon="-2.3677770">
    <ele>1241.5</ele>
    <time>2019-01-05T12:07:56Z</time>
   </trkpt>
   <trkpt lat="42.9725300" lon="-2.3677990">
    <ele>1241.5</ele>
    <time>2019-01-05T12:08:00Z</time>
   </trkpt>
   <trkpt lat="42.9725610" lon="-2.3678140">
    <ele>1241.4</ele>
    <time>2019-01-05T12:08:05Z</time>
   </trkpt>
   <trkpt lat="42.9725900" lon="-2.3678290">
    <ele>1241.3</ele>
    <time>2019-01-05T12:08:08Z</time>
   </trkpt>
   <trkpt lat="42.9726250" lon="-2.3678460">
    <ele>1241.4</ele>
    <time>2019-01-05T12:08:11Z</time>
   </trkpt>
   <trkpt lat="42.9726530" lon="-2.3678600">
    <ele>1241.5</ele>
    <time>2019-01-05T12:08:13Z</time>
   </trkpt>
   <trkpt lat="42.9726820" lon="-2.3678730">
    <ele>1241.6</ele>
    <time>2019-01-05T12:08:15Z</time>
   </trkpt>
   <trkpt lat="42.9727150" lon="-2.3678910">
    <ele>1241.6</ele>
    <time>2019-01-05T12:08:18Z</time>
   </trkpt>
   <trkpt lat="42.9727440" lon="-2.3679090">
    <ele>1241.5</ele>
    <time>2019-01-05T12:08:22Z</time>
   </trkpt>
   <trkpt lat="42.9727770" lon="-2.3679170">
    <ele>1241.5</ele>
    <time>2019-01-05T12:08:27Z</time>
   </trkpt>
   <trkpt lat="42.9728010" lon="-2.3679360">
    <ele>1241.5</ele>
    <time>2019-01-05T12:08:30Z</time>
   </trkpt>
   <trkpt lat="42.9728270" lon="-2.3679570">
    <ele>1241.5</ele>
    <time>2019-01-05T12:08:34Z</time>
   </trkpt>
   <trkpt lat="42.9728570" lon="-2.3679690">
    <ele>1241.4</ele>
    <time>2019-01-05T12:08:37Z</time>
   </trkpt>
   <trkpt lat="42.9728920" lon="-2.3679850">
    <ele>1241.4</ele>
    <time>2019-01-05T12:08:40Z</time>
   </trkpt>
   <trkpt lat="42.9729220" lon="-2.3680060">
    <ele>1241.4</ele>
    <time>2019-01-05T12:08:43Z</time>
   </trkpt>
   <trkpt lat="42.9729540" lon="-2.3680230">
    <ele>1241.5</ele>
    <time>2019-01-05T12:08:46Z</time>
   </trkpt>
   <trkpt lat="42.9729820" lon="-2.3680290">
    <ele>1241.6</ele>
    <time>2019-01-05T12:08:50Z</time>
   </trkpt>
   <trkpt lat="42.9730140" lon="-2.3680270">
    <ele>1241.6</ele>
    <time>2019-01-05T12:08:53Z</time>
   </trkpt>
   <trkpt lat="42.9730420" lon="-2.3680300">
    <ele>1241.6</ele>
    <time>2019-01-05T12:08:56Z</time>
   </trkpt>
   <trkpt lat="42.9730690" lon="-2.3680500">
    <ele>1241.5</ele>
    <time>2019-01-05T12:08:59Z</time>
   </trkpt>
   <trkpt lat="42.9730960" lon="-2.3680750">
    <ele>1241.5</ele>
    <time>2019-01-05T12:09:03Z</time>
   </trkpt>
   <trkpt lat="42.9731260" lon="-2.3680970">
    <ele>1241.6</ele>
    <time>2019-01-05T12:09:06Z</time>
   </trkpt>
   <trkpt lat="42.9731600" lon="-2.3681150">
    <ele>1241.7</ele>
    <time>2019-01-05T12:09:09Z</time>
   </trkpt>
   <trkpt lat="42.9731870" lon="-2.3681380">
    <ele>1242.0</ele>
    <time>2019-01-05T12:09:12Z</time>
   </trkpt>
   <trkpt lat="42.9732170" lon="-2.3681610">
    <ele>1242.4</ele>
    <time>2019-01-05T12:09:16Z</time>
   </trkpt>
   <trkpt lat="42.9732460" lon="-2.3681850">
    <ele>1242.7</ele>
    <time>2019-01-05T12:09:19Z</time>
   </trkpt>
   <trkpt lat="42.9732740" lon="-2.3682110">
    <ele>1242.9</ele>
    <time>2019-01-05T12:09:21Z</time>
   </trkpt>
   <trkpt lat="42.9733010" lon="-2.3682310">
    <ele>1243.1</ele>
    <time>2019-01-05T12:09:23Z</time>
   </trkpt>
   <trkpt lat="42.9733290" lon="-2.3682520">
    <ele>1243.2</ele>
    <time>2019-01-05T12:09:26Z</time>
   </trkpt>
   <trkpt lat="42.9733560" lon="-2.3682810">
    <ele>1243.1</ele>
    <time>2019-01-05T12:09:30Z</time>
   </trkpt>
   <trkpt lat="42.9733850" lon="-2.3683060">
    <ele>1243.1</ele>
    <time>2019-01-05T12:10:01Z</time>
   </trkpt>
   <trkpt lat="42.9734170" lon="-2.3683310">
    <ele>1243.0</ele>
    <time>2019-01-05T12:10:04Z</time>
   </trkpt>
   <trkpt lat="42.9734410" lon="-2.3683510">
    <ele>1242.9</ele>
    <time>2019-01-05T12:10:06Z</time>
   </trkpt>
   <trkpt lat="42.9734640" lon="-2.3683770">
    <ele>1242.9</ele>
    <time>2019-01-05T12:10:09Z</time>
   </trkpt>
   <trkpt lat="42.9734930" lon="-2.3684100">
    <ele>1242.8</ele>
    <time>2019-01-05T12:10:12Z</time>
   </trkpt>
   <trkpt lat="42.9735160" lon="-2.3684390">
    <ele>1242.8</ele>
    <time>2019-01-05T12:10:15Z</time>
   </trkpt>
   <trkpt lat="42.9735440" lon="-2.3684720">
    <ele>1242.7</ele>
    <time>2019-01-05T12:10:18Z</time>
   </trkpt>
   <trkpt lat="42.9735740" lon="-2.3685030">
    <ele>1242.7</ele>
    <time>2019-01-05T12:10:21Z</time>
   </trkpt>
   <trkpt lat="42.9735940" lon="-2.3685350">
    <ele>1242.7</ele>
    <time>2019-01-05T12:10:24Z</time>
   </trkpt>
   <trkpt lat="42.9736230" lon="-2.3685580">
    <ele>1242.7</ele>
    <time>2019-01-05T12:10:26Z</time>
   </trkpt>
   <trkpt lat="42.9736490" lon="-2.3685730">
    <ele>1242.7</ele>
    <time>2019-01-05T12:10:28Z</time>
   </trkpt>
   <trkpt lat="42.9736760" lon="-2.3686010">
    <ele>1242.7</ele>
    <time>2019-01-05T12:10:31Z</time>
   </trkpt>
   <trkpt lat="42.9736970" lon="-2.3686250">
    <ele>1242.7</ele>
    <time>2019-01-05T12:10:33Z</time>
   </trkpt>
   <trkpt lat="42.9737230" lon="-2.3686520">
    <ele>1242.7</ele>
    <time>2019-01-05T12:10:35Z</time>
   </trkpt>
   <trkpt lat="42.9737500" lon="-2.3686780">
    <ele>1242.8</ele>
    <time>2019-01-05T12:10:38Z</time>
   </trkpt>
   <trkpt lat="42.9737810" lon="-2.3687100">
    <ele>1242.9</ele>
    <time>2019-01-05T12:10:41Z</time>
   </trkpt>
   <trkpt lat="42.9738100" lon="-2.3687420">
    <ele>1242.9</ele>
    <time>2019-01-05T12:10:44Z</time>
   </trkpt>
   <trkpt lat="42.9738340" lon="-2.3687760">
    <ele>1243.0</ele>
    <time>2019-01-05T12:10:47Z</time>
   </trkpt>
   <trkpt lat="42.9738610" lon="-2.3688090">
    <ele>1243.0</ele>
    <time>2019-01-05T12:10:50Z</time>
   </trkpt>
   <trkpt lat="42.9738920" lon="-2.3688400">
    <ele>1243.1</ele>
    <time>2019-01-05T12:10:53Z</time>
   </trkpt>
   <trkpt lat="42.9739210" lon="-2.3688670">
    <ele>1243.2</ele>
    <time>2019-01-05T12:10:56Z</time>
   </trkpt>
   <trkpt lat="42.9739510" lon="-2.3688980">
    <ele>1243.3</ele>
    <time>2019-01-05T12:10:59Z</time>
   </trkpt>
   <trkpt lat="42.9739580" lon="-2.3689380">
    <ele>1243.3</ele>
    <time>2019-01-05T12:11:03Z</time>
   </trkpt>
   <trkpt lat="42.9739770" lon="-2.3689630">
    <ele>1243.4</ele>
    <time>2019-01-05T12:11:05Z</time>
   </trkpt>
   <trkpt lat="42.9740070" lon="-2.3689950">
    <ele>1243.5</ele>
    <time>2019-01-05T12:11:08Z</time>
   </trkpt>
   <trkpt lat="42.9740360" lon="-2.3690170">
    <ele>1243.6</ele>
    <time>2019-01-05T12:11:11Z</time>
   </trkpt>
   <trkpt lat="42.9740740" lon="-2.3690500">
    <ele>1243.7</ele>
    <time>2019-01-05T12:11:14Z</time>
   </trkpt>
   <trkpt lat="42.9740950" lon="-2.3690730">
    <ele>1243.8</ele>
    <time>2019-01-05T12:11:16Z</time>
   </trkpt>
   <trkpt lat="42.9741290" lon="-2.3691080">
    <ele>1243.9</ele>
    <time>2019-01-05T12:11:19Z</time>
   </trkpt>
   <trkpt lat="42.9741590" lon="-2.3691320">
    <ele>1244.0</ele>
    <time>2019-01-05T12:11:22Z</time>
   </trkpt>
   <trkpt lat="42.9741850" lon="-2.3691540">
    <ele>1244.2</ele>
    <time>2019-01-05T12:11:25Z</time>
   </trkpt>
   <trkpt lat="42.9742090" lon="-2.3691840">
    <ele>1244.3</ele>
    <time>2019-01-05T12:11:28Z</time>
   </trkpt>
   <trkpt lat="42.9742370" lon="-2.3692180">
    <ele>1244.5</ele>
    <time>2019-01-05T12:11:33Z</time>
   </trkpt>
   <trkpt lat="42.9742600" lon="-2.3692370">
    <ele>1244.7</ele>
    <time>2019-01-05T12:11:36Z</time>
   </trkpt>
   <trkpt lat="42.9742890" lon="-2.3692610">
    <ele>1244.8</ele>
    <time>2019-01-05T12:11:39Z</time>
   </trkpt>
   <trkpt lat="42.9743180" lon="-2.3692790">
    <ele>1245.0</ele>
    <time>2019-01-05T12:11:42Z</time>
   </trkpt>
   <trkpt lat="42.9743430" lon="-2.3692960">
    <ele>1245.2</ele>
    <time>2019-01-05T12:11:45Z</time>
   </trkpt>
   <trkpt lat="42.9743700" lon="-2.3693100">
    <ele>1245.4</ele>
    <time>2019-01-05T12:11:52Z</time>
   </trkpt>
   <trkpt lat="42.9744040" lon="-2.3693320">
    <ele>1245.7</ele>
    <time>2019-01-05T12:11:55Z</time>
   </trkpt>
   <trkpt lat="42.9744330" lon="-2.3693580">
    <ele>1245.9</ele>
    <time>2019-01-05T12:11:59Z</time>
   </trkpt>
   <trkpt lat="42.9744520" lon="-2.3693840">
    <ele>1246.2</ele>
    <time>2019-01-05T12:12:04Z</time>
   </trkpt>
   <trkpt lat="42.9744790" lon="-2.3694110">
    <ele>1246.5</ele>
    <time>2019-01-05T12:12:10Z</time>
   </trkpt>
   <trkpt lat="42.9744980" lon="-2.3694390">
    <ele>1246.7</ele>
    <time>2019-01-05T12:12:13Z</time>
   </trkpt>
   <trkpt lat="42.9745230" lon="-2.3694700">
    <ele>1246.8</ele>
    <time>2019-01-05T12:12:20Z</time>
   </trkpt>
   <trkpt lat="42.9745490" lon="-2.3694830">
    <ele>1247.0</ele>
    <time>2019-01-05T12:12:25Z</time>
   </trkpt>
   <trkpt lat="42.9745810" lon="-2.3694930">
    <ele>1247.1</ele>
    <time>2019-01-05T12:12:30Z</time>
   </trkpt>
   <trkpt lat="42.9746080" lon="-2.3695060">
    <ele>1247.3</ele>
    <time>2019-01-05T12:12:33Z</time>
   </trkpt>
   <trkpt lat="42.9746340" lon="-2.3695270">
    <ele>1247.4</ele>
    <time>2019-01-05T12:12:37Z</time>
   </trkpt>
   <trkpt lat="42.9746550" lon="-2.3695500">
    <ele>1247.5</ele>
    <time>2019-01-05T12:12:41Z</time>
   </trkpt>
   <trkpt lat="42.9746780" lon="-2.3695740">
    <ele>1247.8</ele>
    <time>2019-01-05T12:12:49Z</time>
   </trkpt>
   <trkpt lat="42.9747060" lon="-2.3695960">
    <ele>1248.0</ele>
    <time>2019-01-05T12:12:54Z</time>
   </trkpt>
   <trkpt lat="42.9747270" lon="-2.3696200">
    <ele>1248.2</ele>
    <time>2019-01-05T12:12:57Z</time>
   </trkpt>
   <trkpt lat="42.9747550" lon="-2.3696400">
    <ele>1248.4</ele>
    <time>2019-01-05T12:13:00Z</time>
   </trkpt>
   <trkpt lat="42.9747820" lon="-2.3696530">
    <ele>1248.6</ele>
    <time>2019-01-05T12:13:03Z</time>
   </trkpt>
   <trkpt lat="42.9748110" lon="-2.3696700">
    <ele>1248.7</ele>
    <time>2019-01-05T12:13:06Z</time>
   </trkpt>
   <trkpt lat="42.9748370" lon="-2.3696940">
    <ele>1248.9</ele>
    <time>2019-01-05T12:13:10Z</time>
   </trkpt>
   <trkpt lat="42.9748620" lon="-2.3697230">
    <ele>1249.0</ele>
    <time>2019-01-05T12:13:15Z</time>
   </trkpt>
   <trkpt lat="42.9748840" lon="-2.3697510">
    <ele>1249.2</ele>
    <time>2019-01-05T12:13:19Z</time>
   </trkpt>
   <trkpt lat="42.9749110" lon="-2.3697830">
    <ele>1249.3</ele>
    <time>2019-01-05T12:13:25Z</time>
   </trkpt>
   <trkpt lat="42.9749410" lon="-2.3698040">
    <ele>1249.5</ele>
    <time>2019-01-05T12:13:28Z</time>
   </trkpt>
   <trkpt lat="42.9749710" lon="-2.3698340">
    <ele>1249.7</ele>
    <time>2019-01-05T12:13:31Z</time>
   </trkpt>
   <trkpt lat="42.9749950" lon="-2.3698550">
    <ele>1249.8</ele>
    <time>2019-01-05T12:13:33Z</time>
   </trkpt>
   <trkpt lat="42.9750170" lon="-2.3698770">
    <ele>1249.9</ele>
    <time>2019-01-05T12:13:36Z</time>
   </trkpt>
   <trkpt lat="42.9750390" lon="-2.3699080">
    <ele>1250.0</ele>
    <time>2019-01-05T12:13:39Z</time>
   </trkpt>
   <trkpt lat="42.9750640" lon="-2.3699380">
    <ele>1250.2</ele>
    <time>2019-01-05T12:13:43Z</time>
   </trkpt>
   <trkpt lat="42.9750900" lon="-2.3699650">
    <ele>1250.3</ele>
    <time>2019-01-05T12:13:47Z</time>
   </trkpt>
   <trkpt lat="42.9751140" lon="-2.3699950">
    <ele>1250.4</ele>
    <time>2019-01-05T12:13:52Z</time>
   </trkpt>
   <trkpt lat="42.9751430" lon="-2.3700180">
    <ele>1250.6</ele>
    <time>2019-01-05T12:13:55Z</time>
   </trkpt>
   <trkpt lat="42.9751690" lon="-2.3700370">
    <ele>1250.7</ele>
    <time>2019-01-05T12:13:58Z</time>
   </trkpt>
   <trkpt lat="42.9752000" lon="-2.3700510">
    <ele>1250.8</ele>
    <time>2019-01-05T12:14:03Z</time>
   </trkpt>
   <trkpt lat="42.9752340" lon="-2.3700680">
    <ele>1251.0</ele>
    <time>2019-01-05T12:14:06Z</time>
   </trkpt>
   <trkpt lat="42.9752600" lon="-2.3700880">
    <ele>1251.1</ele>
    <time>2019-01-05T12:14:11Z</time>
   </trkpt>
   <trkpt lat="42.9752840" lon="-2.3701090">
    <ele>1251.2</ele>
    <time>2019-01-05T12:14:14Z</time>
   </trkpt>
   <trkpt lat="42.9753150" lon="-2.3701240">
    <ele>1251.3</ele>
    <time>2019-01-05T12:14:17Z</time>
   </trkpt>
   <trkpt lat="42.9753450" lon="-2.3701510">
    <ele>1251.5</ele>
    <time>2019-01-05T12:14:21Z</time>
   </trkpt>
   <trkpt lat="42.9753730" lon="-2.3701660">
    <ele>1251.6</ele>
    <time>2019-01-05T12:14:25Z</time>
   </trkpt>
   <trkpt lat="42.9754000" lon="-2.3701640">
    <ele>1251.7</ele>
    <time>2019-01-05T12:14:28Z</time>
   </trkpt>
   <trkpt lat="42.9754320" lon="-2.3701510">
    <ele>1251.9</ele>
    <time>2019-01-05T12:14:32Z</time>
   </trkpt>
   <trkpt lat="42.9754610" lon="-2.3701540">
    <ele>1252.0</ele>
    <time>2019-01-05T12:14:35Z</time>
   </trkpt>
   <trkpt lat="42.9754880" lon="-2.3701650">
    <ele>1252.1</ele>
    <time>2019-01-05T12:14:38Z</time>
   </trkpt>
   <trkpt lat="42.9755180" lon="-2.3701690">
    <ele>1252.2</ele>
    <time>2019-01-05T12:14:41Z</time>
   </trkpt>
   <trkpt lat="42.9755560" lon="-2.3701630">
    <ele>1252.4</ele>
    <time>2019-01-05T12:14:44Z</time>
   </trkpt>
   <trkpt lat="42.9755900" lon="-2.3701570">
    <ele>1252.6</ele>
    <time>2019-01-05T12:14:47Z</time>
   </trkpt>
   <trkpt lat="42.9756280" lon="-2.3701560">
    <ele>1252.8</ele>
    <time>2019-01-05T12:14:50Z</time>
   </trkpt>
   <trkpt lat="42.9756550" lon="-2.3701520">
    <ele>1252.9</ele>
    <time>2019-01-05T12:14:53Z</time>
   </trkpt>
   <trkpt lat="42.9756870" lon="-2.3701400">
    <ele>1253.1</ele>
    <time>2019-01-05T12:14:56Z</time>
   </trkpt>
   <trkpt lat="42.9757200" lon="-2.3701380">
    <ele>1253.3</ele>
    <time>2019-01-05T12:14:59Z</time>
   </trkpt>
   <trkpt lat="42.9757580" lon="-2.3701400">
    <ele>1253.5</ele>
    <time>2019-01-05T12:15:02Z</time>
   </trkpt>
   <trkpt lat="42.9757880" lon="-2.3701520">
    <ele>1253.7</ele>
    <time>2019-01-05T12:15:05Z</time>
   </trkpt>
   <trkpt lat="42.9758180" lon="-2.3701670">
    <ele>1253.8</ele>
    <time>2019-01-05T12:15:08Z</time>
   </trkpt>
   <trkpt lat="42.9758480" lon="-2.3701630">
    <ele>1253.9</ele>
    <time>2019-01-05T12:15:12Z</time>
   </trkpt>
   <trkpt lat="42.9758770" lon="-2.3701670">
    <ele>1254.0</ele>
    <time>2019-01-05T12:15:15Z</time>
   </trkpt>
   <trkpt lat="42.9759070" lon="-2.3701660">
    <ele>1254.1</ele>
    <time>2019-01-05T12:15:18Z</time>
   </trkpt>
   <trkpt lat="42.9759410" lon="-2.3701620">
    <ele>1254.3</ele>
    <time>2019-01-05T12:15:21Z</time>
   </trkpt>
   <trkpt lat="42.9759690" lon="-2.3701620">
    <ele>1254.4</ele>
    <time>2019-01-05T12:15:24Z</time>
   </trkpt>
   <trkpt lat="42.9759970" lon="-2.3701640">
    <ele>1254.4</ele>
    <time>2019-01-05T12:15:28Z</time>
   </trkpt>
   <trkpt lat="42.9760300" lon="-2.3701540">
    <ele>1254.5</ele>
    <time>2019-01-05T12:15:32Z</time>
   </trkpt>
   <trkpt lat="42.9760580" lon="-2.3701400">
    <ele>1254.6</ele>
    <time>2019-01-05T12:15:35Z</time>
   </trkpt>
   <trkpt lat="42.9760940" lon="-2.3701470">
    <ele>1254.7</ele>
    <time>2019-01-05T12:15:38Z</time>
   </trkpt>
   <trkpt lat="42.9761190" lon="-2.3701620">
    <ele>1254.8</ele>
    <time>2019-01-05T12:15:43Z</time>
   </trkpt>
   <trkpt lat="42.9761560" lon="-2.3701800">
    <ele>1254.9</ele>
    <time>2019-01-05T12:15:48Z</time>
   </trkpt>
   <trkpt lat="42.9761890" lon="-2.3701730">
    <ele>1255.0</ele>
    <time>2019-01-05T12:15:50Z</time>
   </trkpt>
   <trkpt lat="42.9762180" lon="-2.3701670">
    <ele>1255.1</ele>
    <time>2019-01-05T12:15:52Z</time>
   </trkpt>
   <trkpt lat="42.9762480" lon="-2.3701730">
    <ele>1255.2</ele>
    <time>2019-01-05T12:15:54Z</time>
   </trkpt>
   <trkpt lat="42.9762760" lon="-2.3701750">
    <ele>1255.2</ele>
    <time>2019-01-05T12:15:56Z</time>
   </trkpt>
   <trkpt lat="42.9763060" lon="-2.3701630">
    <ele>1255.3</ele>
    <time>2019-01-05T12:15:58Z</time>
   </trkpt>
   <trkpt lat="42.9763360" lon="-2.3701310">
    <ele>1255.4</ele>
    <time>2019-01-05T12:16:00Z</time>
   </trkpt>
   <trkpt lat="42.9763670" lon="-2.3700990">
    <ele>1255.5</ele>
    <time>2019-01-05T12:16:03Z</time>
   </trkpt>
   <trkpt lat="42.9764010" lon="-2.3700820">
    <ele>1255.6</ele>
    <time>2019-01-05T12:16:06Z</time>
   </trkpt>
   <trkpt lat="42.9764380" lon="-2.3700730">
    <ele>1255.7</ele>
    <time>2019-01-05T12:16:09Z</time>
   </trkpt>
   <trkpt lat="42.9764690" lon="-2.3700650">
    <ele>1255.8</ele>
    <time>2019-01-05T12:16:12Z</time>
   </trkpt>
   <trkpt lat="42.9764950" lon="-2.3700500">
    <ele>1255.9</ele>
    <time>2019-01-05T12:16:15Z</time>
   </trkpt>
   <trkpt lat="42.9765280" lon="-2.3700450">
    <ele>1256.0</ele>
    <time>2019-01-05T12:16:18Z</time>
   </trkpt>
   <trkpt lat="42.9765630" lon="-2.3700490">
    <ele>1256.1</ele>
    <time>2019-01-05T12:16:21Z</time>
   </trkpt>
   <trkpt lat="42.9765930" lon="-2.3700240">
    <ele>1256.2</ele>
    <time>2019-01-05T12:16:27Z</time>
   </trkpt>
   <trkpt lat="42.9766260" lon="-2.3700330">
    <ele>1256.3</ele>
    <time>2019-01-05T12:16:29Z</time>
   </trkpt>
   <trkpt lat="42.9766610" lon="-2.3700490">
    <ele>1256.4</ele>
    <time>2019-01-05T12:16:32Z</time>
   </trkpt>
   <trkpt lat="42.9766920" lon="-2.3700560">
    <ele>1256.5</ele>
    <time>2019-01-05T12:16:34Z</time>
   </trkpt>
   <trkpt lat="42.9767220" lon="-2.3700640">
    <ele>1256.5</ele>
    <time>2019-01-05T12:16:36Z</time>
   </trkpt>
   <trkpt lat="42.9767590" lon="-2.3700560">
    <ele>1256.6</ele>
    <time>2019-01-05T12:16:39Z</time>
   </trkpt>
   <trkpt lat="42.9767890" lon="-2.3700360">
    <ele>1256.7</ele>
    <time>2019-01-05T12:16:42Z</time>
   </trkpt>
   <trkpt lat="42.9768100" lon="-2.3700070">
    <ele>1256.8</ele>
    <time>2019-01-05T12:16:45Z</time>
   </trkpt>
   <trkpt lat="42.9768350" lon="-2.3699920">
    <ele>1256.8</ele>
    <time>2019-01-05T12:16:48Z</time>
   </trkpt>
   <trkpt lat="42.9768650" lon="-2.3699690">
    <ele>1256.9</ele>
    <time>2019-01-05T12:16:51Z</time>
   </trkpt>
   <trkpt lat="42.9768920" lon="-2.3699520">
    <ele>1257.0</ele>
    <time>2019-01-05T12:16:53Z</time>
   </trkpt>
   <trkpt lat="42.9769270" lon="-2.3699430">
    <ele>1257.0</ele>
    <time>2019-01-05T12:16:55Z</time>
   </trkpt>
   <trkpt lat="42.9769630" lon="-2.3699480">
    <ele>1257.1</ele>
    <time>2019-01-05T12:16:57Z</time>
   </trkpt>
   <trkpt lat="42.9769910" lon="-2.3699300">
    <ele>1257.2</ele>
    <time>2019-01-05T12:17:00Z</time>
   </trkpt>
   <trkpt lat="42.9770190" lon="-2.3699230">
    <ele>1257.2</ele>
    <time>2019-01-05T12:17:03Z</time>
   </trkpt>
   <trkpt lat="42.9770530" lon="-2.3699250">
    <ele>1257.3</ele>
    <time>2019-01-05T12:17:05Z</time>
   </trkpt>
   <trkpt lat="42.9770830" lon="-2.3699270">
    <ele>1257.3</ele>
    <time>2019-01-05T12:17:08Z</time>
   </trkpt>
   <trkpt lat="42.9771140" lon="-2.3699240">
    <ele>1257.4</ele>
    <time>2019-01-05T12:17:11Z</time>
   </trkpt>
   <trkpt lat="42.9771430" lon="-2.3699130">
    <ele>1257.5</ele>
    <time>2019-01-05T12:17:13Z</time>
   </trkpt>
   <trkpt lat="42.9771670" lon="-2.3698940">
    <ele>1257.5</ele>
    <time>2019-01-05T12:17:15Z</time>
   </trkpt>
   <trkpt lat="42.9771840" lon="-2.3698630">
    <ele>1257.6</ele>
    <time>2019-01-05T12:17:18Z</time>
   </trkpt>
   <trkpt lat="42.9772160" lon="-2.3698400">
    <ele>1257.7</ele>
    <time>2019-01-05T12:17:21Z</time>
   </trkpt>
   <trkpt lat="42.9772480" lon="-2.3698290">
    <ele>1257.7</ele>
    <time>2019-01-05T12:17:26Z</time>
   </trkpt>
   <trkpt lat="42.9772830" lon="-2.3698370">
    <ele>1257.8</ele>
    <time>2019-01-05T12:17:29Z</time>
   </trkpt>
   <trkpt lat="42.9773100" lon="-2.3698480">
    <ele>1257.8</ele>
    <time>2019-01-05T12:17:32Z</time>
   </trkpt>
   <trkpt lat="42.9773460" lon="-2.3698620">
    <ele>1257.9</ele>
    <time>2019-01-05T12:17:35Z</time>
   </trkpt>
   <trkpt lat="42.9773730" lon="-2.3698780">
    <ele>1257.9</ele>
    <time>2019-01-05T12:17:39Z</time>
   </trkpt>
   <trkpt lat="42.9774010" lon="-2.3698870">
    <ele>1258.0</ele>
    <time>2019-01-05T12:17:42Z</time>
   </trkpt>
   <trkpt lat="42.9774420" lon="-2.3698820">
    <ele>1258.0</ele>
    <time>2019-01-05T12:17:46Z</time>
   </trkpt>
   <trkpt lat="42.9774780" lon="-2.3698870">
    <ele>1258.1</ele>
    <time>2019-01-05T12:17:49Z</time>
   </trkpt>
   <trkpt lat="42.9775120" lon="-2.3699010">
    <ele>1258.2</ele>
    <time>2019-01-05T12:17:52Z</time>
   </trkpt>
   <trkpt lat="42.9775470" lon="-2.3699250">
    <ele>1258.2</ele>
    <time>2019-01-05T12:17:55Z</time>
   </trkpt>
   <trkpt lat="42.9775730" lon="-2.3699390">
    <ele>1258.3</ele>
    <time>2019-01-05T12:17:57Z</time>
   </trkpt>
   <trkpt lat="42.9776010" lon="-2.3699500">
    <ele>1258.3</ele>
    <time>2019-01-05T12:17:59Z</time>
   </trkpt>
   <trkpt lat="42.9776260" lon="-2.3699680">
    <ele>1258.3</ele>
    <time>2019-01-05T12:18:01Z</time>
   </trkpt>
   <trkpt lat="42.9776520" lon="-2.3699900">
    <ele>1258.4</ele>
    <time>2019-01-05T12:18:03Z</time>
   </trkpt>
   <trkpt lat="42.9776810" lon="-2.3700080">
    <ele>1258.4</ele>
    <time>2019-01-05T12:18:06Z</time>
   </trkpt>
   <trkpt lat="42.9777110" lon="-2.3700320">
    <ele>1258.5</ele>
    <time>2019-01-05T12:18:10Z</time>
   </trkpt>
   <trkpt lat="42.9777360" lon="-2.3700520">
    <ele>1258.5</ele>
    <time>2019-01-05T12:18:13Z</time>
   </trkpt>
   <trkpt lat="42.9777630" lon="-2.3700750">
    <ele>1258.6</ele>
    <time>2019-01-05T12:18:16Z</time>
   </trkpt>
   <trkpt lat="42.9777890" lon="-2.3700940">
    <ele>1258.6</ele>
    <time>2019-01-05T12:18:19Z</time>
   </trkpt>
   <trkpt lat="42.9778160" lon="-2.3701220">
    <ele>1258.7</ele>
    <time>2019-01-05T12:18:23Z</time>
   </trkpt>
   <trkpt lat="42.9778450" lon="-2.3701440">
    <ele>1258.7</ele>
    <time>2019-01-05T12:18:26Z</time>
   </trkpt>
   <trkpt lat="42.9778700" lon="-2.3701680">
    <ele>1258.8</ele>
    <time>2019-01-05T12:18:29Z</time>
   </trkpt>
   <trkpt lat="42.9778940" lon="-2.3701880">
    <ele>1258.8</ele>
    <time>2019-01-05T12:18:32Z</time>
   </trkpt>
   <trkpt lat="42.9779250" lon="-2.3702120">
    <ele>1258.8</ele>
    <time>2019-01-05T12:18:35Z</time>
   </trkpt>
   <trkpt lat="42.9779490" lon="-2.3702320">
    <ele>1258.9</ele>
    <time>2019-01-05T12:18:37Z</time>
   </trkpt>
   <trkpt lat="42.9779770" lon="-2.3702560">
    <ele>1258.9</ele>
    <time>2019-01-05T12:18:40Z</time>
   </trkpt>
   <trkpt lat="42.9780040" lon="-2.3702780">
    <ele>1259.0</ele>
    <time>2019-01-05T12:18:43Z</time>
   </trkpt>
   <trkpt lat="42.9780340" lon="-2.3703060">
    <ele>1259.1</ele>
    <time>2019-01-05T12:18:46Z</time>
   </trkpt>
   <trkpt lat="42.9780640" lon="-2.3703320">
    <ele>1259.1</ele>
    <time>2019-01-05T12:18:49Z</time>
   </trkpt>
   <trkpt lat="42.9780900" lon="-2.3703610">
    <ele>1259.2</ele>
    <time>2019-01-05T12:18:52Z</time>
   </trkpt>
   <trkpt lat="42.9781250" lon="-2.3703860">
    <ele>1259.3</ele>
    <time>2019-01-05T12:18:55Z</time>
   </trkpt>
   <trkpt lat="42.9781530" lon="-2.3704120">
    <ele>1259.3</ele>
    <time>2019-01-05T12:18:58Z</time>
   </trkpt>
   <trkpt lat="42.9781830" lon="-2.3704340">
    <ele>1259.4</ele>
    <time>2019-01-05T12:19:01Z</time>
   </trkpt>
   <trkpt lat="42.9782160" lon="-2.3704590">
    <ele>1259.4</ele>
    <time>2019-01-05T12:19:04Z</time>
   </trkpt>
   <trkpt lat="42.9782440" lon="-2.3704790">
    <ele>1259.5</ele>
    <time>2019-01-05T12:19:06Z</time>
   </trkpt>
   <trkpt lat="42.9782700" lon="-2.3705000">
    <ele>1259.5</ele>
    <time>2019-01-05T12:19:08Z</time>
   </trkpt>
   <trkpt lat="42.9783020" lon="-2.3705320">
    <ele>1259.6</ele>
    <time>2019-01-05T12:19:11Z</time>
   </trkpt>
   <trkpt lat="42.9783300" lon="-2.3705640">
    <ele>1259.6</ele>
    <time>2019-01-05T12:19:14Z</time>
   </trkpt>
   <trkpt lat="42.9783480" lon="-2.3705910">
    <ele>1259.7</ele>
    <time>2019-01-05T12:19:16Z</time>
   </trkpt>
   <trkpt lat="42.9783710" lon="-2.3706240">
    <ele>1259.7</ele>
    <time>2019-01-05T12:19:19Z</time>
   </trkpt>
   <trkpt lat="42.9783920" lon="-2.3706530">
    <ele>1259.8</ele>
    <time>2019-01-05T12:19:22Z</time>
   </trkpt>
   <trkpt lat="42.9784170" lon="-2.3706840">
    <ele>1259.8</ele>
    <time>2019-01-05T12:19:24Z</time>
   </trkpt>
   <trkpt lat="42.9784410" lon="-2.3707160">
    <ele>1259.9</ele>
    <time>2019-01-05T12:19:27Z</time>
   </trkpt>
   <trkpt lat="42.9784620" lon="-2.3707440">
    <ele>1259.9</ele>
    <time>2019-01-05T12:19:30Z</time>
   </trkpt>
   <trkpt lat="42.9784890" lon="-2.3707770">
    <ele>1260.0</ele>
    <time>2019-01-05T12:19:33Z</time>
   </trkpt>
   <trkpt lat="42.9785100" lon="-2.3708100">
    <ele>1260.0</ele>
    <time>2019-01-05T12:19:36Z</time>
   </trkpt>
   <trkpt lat="42.9785310" lon="-2.3708460">
    <ele>1260.0</ele>
    <time>2019-01-05T12:19:39Z</time>
   </trkpt>
   <trkpt lat="42.9785500" lon="-2.3708830">
    <ele>1260.1</ele>
    <time>2019-01-05T12:19:42Z</time>
   </trkpt>
   <trkpt lat="42.9785770" lon="-2.3709200">
    <ele>1260.1</ele>
    <time>2019-01-05T12:19:45Z</time>
   </trkpt>
   <trkpt lat="42.9785980" lon="-2.3709570">
    <ele>1260.1</ele>
    <time>2019-01-05T12:19:48Z</time>
   </trkpt>
   <trkpt lat="42.9786120" lon="-2.3709960">
    <ele>1260.1</ele>
    <time>2019-01-05T12:19:51Z</time>
   </trkpt>
   <trkpt lat="42.9786330" lon="-2.3710290">
    <ele>1260.1</ele>
    <time>2019-01-05T12:19:54Z</time>
   </trkpt>
   <trkpt lat="42.9786560" lon="-2.3710660">
    <ele>1260.1</ele>
    <time>2019-01-05T12:19:57Z</time>
   </trkpt>
   <trkpt lat="42.9786740" lon="-2.3711010">
    <ele>1260.1</ele>
    <time>2019-01-05T12:20:00Z</time>
   </trkpt>
   <trkpt lat="42.9786960" lon="-2.3711360">
    <ele>1260.1</ele>
    <time>2019-01-05T12:20:03Z</time>
   </trkpt>
   <trkpt lat="42.9787130" lon="-2.3711760">
    <ele>1260.1</ele>
    <time>2019-01-05T12:20:06Z</time>
   </trkpt>
   <trkpt lat="42.9787320" lon="-2.3712080">
    <ele>1260.1</ele>
    <time>2019-01-05T12:20:09Z</time>
   </trkpt>
   <trkpt lat="42.9787500" lon="-2.3712490">
    <ele>1260.1</ele>
    <time>2019-01-05T12:20:12Z</time>
   </trkpt>
   <trkpt lat="42.9787710" lon="-2.3712780">
    <ele>1260.1</ele>
    <time>2019-01-05T12:20:15Z</time>
   </trkpt>
   <trkpt lat="42.9788010" lon="-2.3712940">
    <ele>1260.1</ele>
    <time>2019-01-05T12:20:27Z</time>
   </trkpt>
   <trkpt lat="42.9788230" lon="-2.3713210">
    <ele>1260.0</ele>
    <time>2019-01-05T12:20:30Z</time>
   </trkpt>
   <trkpt lat="42.9788450" lon="-2.3713520">
    <ele>1260.0</ele>
    <time>2019-01-05T12:20:33Z</time>
   </trkpt>
   <trkpt lat="42.9788590" lon="-2.3713870">
    <ele>1259.9</ele>
    <time>2019-01-05T12:20:41Z</time>
   </trkpt>
   <trkpt lat="42.9788510" lon="-2.3714270">
    <ele>1259.9</ele>
    <time>2019-01-05T12:20:53Z</time>
   </trkpt>
   <trkpt lat="42.9788450" lon="-2.3714640">
    <ele>1259.8</ele>
    <time>2019-01-05T12:21:12Z</time>
   </trkpt>
   <trkpt lat="42.9788250" lon="-2.3714940">
    <ele>1259.7</ele>
    <time>2019-01-05T12:21:18Z</time>
   </trkpt>
   <trkpt lat="42.9788280" lon="-2.3715330">
    <ele>1259.5</ele>
    <time>2019-01-05T12:21:22Z</time>
   </trkpt>
   <trkpt lat="42.9788400" lon="-2.3715800">
    <ele>1259.3</ele>
    <time>2019-01-05T12:21:26Z</time>
   </trkpt>
   <trkpt lat="42.9788600" lon="-2.3716180">
    <ele>1259.0</ele>
    <time>2019-01-05T12:21:29Z</time>
   </trkpt>
   <trkpt lat="42.9788750" lon="-2.3716550">
    <ele>1258.7</ele>
    <time>2019-01-05T12:21:32Z</time>
   </trkpt>
   <trkpt lat="42.9788930" lon="-2.3716900">
    <ele>1258.4</ele>
    <time>2019-01-05T12:21:35Z</time>
   </trkpt>
   <trkpt lat="42.9789080" lon="-2.3717260">
    <ele>1258.1</ele>
    <time>2019-01-05T12:21:38Z</time>
   </trkpt>
   <trkpt lat="42.9789070" lon="-2.3717670">
    <ele>1257.8</ele>
    <time>2019-01-05T12:21:42Z</time>
   </trkpt>
   <trkpt lat="42.9789160" lon="-2.3718040">
    <ele>1257.5</ele>
    <time>2019-01-05T12:21:46Z</time>
   </trkpt>
   <trkpt lat="42.9789290" lon="-2.3718400">
    <ele>1257.2</ele>
    <time>2019-01-05T12:21:50Z</time>
   </trkpt>
   <trkpt lat="42.9789410" lon="-2.3718730">
    <ele>1256.8</ele>
    <time>2019-01-05T12:21:54Z</time>
   </trkpt>
   <trkpt lat="42.9789610" lon="-2.3719110">
    <ele>1256.3</ele>
    <time>2019-01-05T12:21:58Z</time>
   </trkpt>
   <trkpt lat="42.9789670" lon="-2.3719530">
    <ele>1255.8</ele>
    <time>2019-01-05T12:22:02Z</time>
   </trkpt>
   <trkpt lat="42.9789730" lon="-2.3719890">
    <ele>1255.4</ele>
    <time>2019-01-05T12:22:05Z</time>
   </trkpt>
   <trkpt lat="42.9789880" lon="-2.3720200">
    <ele>1255.0</ele>
    <time>2019-01-05T12:22:08Z</time>
   </trkpt>
   <trkpt lat="42.9790010" lon="-2.3720530">
    <ele>1254.6</ele>
    <time>2019-01-05T12:22:11Z</time>
   </trkpt>
   <trkpt lat="42.9790210" lon="-2.3720880">
    <ele>1254.2</ele>
    <time>2019-01-05T12:22:24Z</time>
   </trkpt>
   <trkpt lat="42.9790240" lon="-2.3721280">
    <ele>1253.8</ele>
    <time>2019-01-05T12:22:28Z</time>
   </trkpt>
   <trkpt lat="42.9790340" lon="-2.3721690">
    <ele>1253.3</ele>
    <time>2019-01-05T12:22:32Z</time>
   </trkpt>
   <trkpt lat="42.9790470" lon="-2.3722050">
    <ele>1252.9</ele>
    <time>2019-01-05T12:22:36Z</time>
   </trkpt>
   <trkpt lat="42.9790620" lon="-2.3722430">
    <ele>1252.5</ele>
    <time>2019-01-05T12:22:40Z</time>
   </trkpt>
   <trkpt lat="42.9790730" lon="-2.3722790">
    <ele>1252.1</ele>
    <time>2019-01-05T12:22:44Z</time>
   </trkpt>
   <trkpt lat="42.9790880" lon="-2.3723130">
    <ele>1251.7</ele>
    <time>2019-01-05T12:22:48Z</time>
   </trkpt>
   <trkpt lat="42.9791120" lon="-2.3723460">
    <ele>1251.2</ele>
    <time>2019-01-05T12:22:51Z</time>
   </trkpt>
   <trkpt lat="42.9791340" lon="-2.3723830">
    <ele>1250.7</ele>
    <time>2019-01-05T12:22:55Z</time>
   </trkpt>
   <trkpt lat="42.9791500" lon="-2.3724160">
    <ele>1250.3</ele>
    <time>2019-01-05T12:22:59Z</time>
   </trkpt>
   <trkpt lat="42.9791600" lon="-2.3724560">
    <ele>1250.0</ele>
    <time>2019-01-05T12:23:05Z</time>
   </trkpt>
   <trkpt lat="42.9791770" lon="-2.3724900">
    <ele>1249.6</ele>
    <time>2019-01-05T12:23:09Z</time>
   </trkpt>
   <trkpt lat="42.9791920" lon="-2.3725290">
    <ele>1249.2</ele>
    <time>2019-01-05T12:23:13Z</time>
   </trkpt>
   <trkpt lat="42.9792090" lon="-2.3725690">
    <ele>1248.6</ele>
    <time>2019-01-05T12:23:17Z</time>
   </trkpt>
   <trkpt lat="42.9792150" lon="-2.3726080">
    <ele>1248.1</ele>
    <time>2019-01-05T12:23:22Z</time>
   </trkpt>
   <trkpt lat="42.9792180" lon="-2.3726450">
    <ele>1247.6</ele>
    <time>2019-01-05T12:23:28Z</time>
   </trkpt>
   <trkpt lat="42.9792370" lon="-2.3726830">
    <ele>1246.9</ele>
    <time>2019-01-05T12:23:33Z</time>
   </trkpt>
   <trkpt lat="42.9792470" lon="-2.3727300">
    <ele>1246.3</ele>
    <time>2019-01-05T12:23:37Z</time>
   </trkpt>
   <trkpt lat="42.9792600" lon="-2.3727760">
    <ele>1245.6</ele>
    <time>2019-01-05T12:23:40Z</time>
   </trkpt>
   <trkpt lat="42.9792700" lon="-2.3728170">
    <ele>1245.1</ele>
    <time>2019-01-05T12:23:44Z</time>
   </trkpt>
   <trkpt lat="42.9792770" lon="-2.3728600">
    <ele>1244.5</ele>
    <time>2019-01-05T12:23:47Z</time>
   </trkpt>
   <trkpt lat="42.9792750" lon="-2.3729030">
    <ele>1243.9</ele>
    <time>2019-01-05T12:23:51Z</time>
   </trkpt>
   <trkpt lat="42.9792880" lon="-2.3729410">
    <ele>1243.3</ele>
    <time>2019-01-05T12:23:54Z</time>
   </trkpt>
   <trkpt lat="42.9793030" lon="-2.3729840">
    <ele>1242.7</ele>
    <time>2019-01-05T12:23:58Z</time>
   </trkpt>
   <trkpt lat="42.9793230" lon="-2.3730240">
    <ele>1242.0</ele>
    <time>2019-01-05T12:24:03Z</time>
   </trkpt>
   <trkpt lat="42.9793260" lon="-2.3730610">
    <ele>1241.5</ele>
    <time>2019-01-05T12:24:07Z</time>
   </trkpt>
   <trkpt lat="42.9793320" lon="-2.3730990">
    <ele>1241.0</ele>
    <time>2019-01-05T12:24:11Z</time>
   </trkpt>
   <trkpt lat="42.9793490" lon="-2.3731300">
    <ele>1240.5</ele>
    <time>2019-01-05T12:24:15Z</time>
   </trkpt>
   <trkpt lat="42.9793650" lon="-2.3731630">
    <ele>1239.9</ele>
    <time>2019-01-05T12:24:19Z</time>
   </trkpt>
   <trkpt lat="42.9793860" lon="-2.3731990">
    <ele>1239.2</ele>
    <time>2019-01-05T12:24:22Z</time>
   </trkpt>
   <trkpt lat="42.9794040" lon="-2.3732390">
    <ele>1238.6</ele>
    <time>2019-01-05T12:24:25Z</time>
   </trkpt>
   <trkpt lat="42.9794190" lon="-2.3732770">
    <ele>1238.0</ele>
    <time>2019-01-05T12:24:28Z</time>
   </trkpt>
   <trkpt lat="42.9794270" lon="-2.3733250">
    <ele>1237.2</ele>
    <time>2019-01-05T12:24:32Z</time>
   </trkpt>
   <trkpt lat="42.9794380" lon="-2.3733620">
    <ele>1236.5</ele>
    <time>2019-01-05T12:24:35Z</time>
   </trkpt>
   <trkpt lat="42.9794520" lon="-2.3734030">
    <ele>1235.7</ele>
    <time>2019-01-05T12:24:39Z</time>
   </trkpt>
   <trkpt lat="42.9794570" lon="-2.3734450">
    <ele>1235.1</ele>
    <time>2019-01-05T12:24:43Z</time>
   </trkpt>
   <trkpt lat="42.9794670" lon="-2.3734820">
    <ele>1234.5</ele>
    <time>2019-01-05T12:24:47Z</time>
   </trkpt>
   <trkpt lat="42.9794750" lon="-2.3735190">
    <ele>1234.0</ele>
    <time>2019-01-05T12:24:51Z</time>
   </trkpt>
   <trkpt lat="42.9795010" lon="-2.3735470">
    <ele>1233.4</ele>
    <time>2019-01-05T12:24:55Z</time>
   </trkpt>
   <trkpt lat="42.9795310" lon="-2.3735710">
    <ele>1232.8</ele>
    <time>2019-01-05T12:24:58Z</time>
   </trkpt>
   <trkpt lat="42.9795370" lon="-2.3736170">
    <ele>1232.3</ele>
    <time>2019-01-05T12:25:03Z</time>
   </trkpt>
   <trkpt lat="42.9795530" lon="-2.3736570">
    <ele>1231.6</ele>
    <time>2019-01-05T12:25:07Z</time>
   </trkpt>
   <trkpt lat="42.9795540" lon="-2.3737010">
    <ele>1230.9</ele>
    <time>2019-01-05T12:25:11Z</time>
   </trkpt>
   <trkpt lat="42.9795710" lon="-2.3737320">
    <ele>1230.3</ele>
    <time>2019-01-05T12:25:14Z</time>
   </trkpt>
   <trkpt lat="42.9795850" lon="-2.3737780">
    <ele>1229.6</ele>
    <time>2019-01-05T12:25:19Z</time>
   </trkpt>
   <trkpt lat="42.9796040" lon="-2.3738210">
    <ele>1228.8</ele>
    <time>2019-01-05T12:25:23Z</time>
   </trkpt>
   <trkpt lat="42.9796200" lon="-2.3738570">
    <ele>1228.1</ele>
    <time>2019-01-05T12:25:27Z</time>
   </trkpt>
   <trkpt lat="42.9796250" lon="-2.3739060">
    <ele>1227.4</ele>
    <time>2019-01-05T12:25:32Z</time>
   </trkpt>
   <trkpt lat="42.9796430" lon="-2.3739360">
    <ele>1226.9</ele>
    <time>2019-01-05T12:25:35Z</time>
   </trkpt>
   <trkpt lat="42.9796660" lon="-2.3739740">
    <ele>1226.1</ele>
    <time>2019-01-05T12:25:39Z</time>
   </trkpt>
   <trkpt lat="42.9796770" lon="-2.3740180">
    <ele>1225.4</ele>
    <time>2019-01-05T12:25:42Z</time>
   </trkpt>
   <trkpt lat="42.9796930" lon="-2.3740620">
    <ele>1224.7</ele>
    <time>2019-01-05T12:25:45Z</time>
   </trkpt>
   <trkpt lat="42.9797110" lon="-2.3740920">
    <ele>1224.2</ele>
    <time>2019-01-05T12:25:47Z</time>
   </trkpt>
   <trkpt lat="42.9797320" lon="-2.3741260">
    <ele>1223.5</ele>
    <time>2019-01-05T12:25:50Z</time>
   </trkpt>
   <trkpt lat="42.9797420" lon="-2.3741650">
    <ele>1223.0</ele>
    <time>2019-01-05T12:25:53Z</time>
   </trkpt>
   <trkpt lat="42.9797550" lon="-2.3742090">
    <ele>1222.5</ele>
    <time>2019-01-05T12:25:56Z</time>
   </trkpt>
   <trkpt lat="42.9797660" lon="-2.3742450">
    <ele>1222.0</ele>
    <time>2019-01-05T12:25:59Z</time>
   </trkpt>
   <trkpt lat="42.9797790" lon="-2.3742850">
    <ele>1221.5</ele>
    <time>2019-01-05T12:26:02Z</time>
   </trkpt>
   <trkpt lat="42.9797970" lon="-2.3743270">
    <ele>1220.9</ele>
    <time>2019-01-05T12:26:05Z</time>
   </trkpt>
   <trkpt lat="42.9798090" lon="-2.3743610">
    <ele>1220.5</ele>
    <time>2019-01-05T12:26:08Z</time>
   </trkpt>
   <trkpt lat="42.9798270" lon="-2.3744030">
    <ele>1219.9</ele>
    <time>2019-01-05T12:26:12Z</time>
   </trkpt>
   <trkpt lat="42.9798400" lon="-2.3744350">
    <ele>1219.4</ele>
    <time>2019-01-05T12:26:15Z</time>
   </trkpt>
   <trkpt lat="42.9798570" lon="-2.3744790">
    <ele>1218.7</ele>
    <time>2019-01-05T12:26:19Z</time>
   </trkpt>
   <trkpt lat="42.9798700" lon="-2.3745120">
    <ele>1218.1</ele>
    <time>2019-01-05T12:26:23Z</time>
   </trkpt>
   <trkpt lat="42.9798760" lon="-2.3745480">
    <ele>1217.5</ele>
    <time>2019-01-05T12:26:26Z</time>
   </trkpt>
   <trkpt lat="42.9798920" lon="-2.3745840">
    <ele>1216.9</ele>
    <time>2019-01-05T12:26:29Z</time>
   </trkpt>
   <trkpt lat="42.9798970" lon="-2.3746270">
    <ele>1216.3</ele>
    <time>2019-01-05T12:26:33Z</time>
   </trkpt>
   <trkpt lat="42.9799170" lon="-2.3746560">
    <ele>1216.0</ele>
    <time>2019-01-05T12:26:40Z</time>
   </trkpt>
   <trkpt lat="42.9799110" lon="-2.3746930">
    <ele>1215.6</ele>
    <time>2019-01-05T12:26:50Z</time>
   </trkpt>
   <trkpt lat="42.9799090" lon="-2.3747330">
    <ele>1215.2</ele>
    <time>2019-01-05T12:26:55Z</time>
   </trkpt>
   <trkpt lat="42.9798950" lon="-2.3747660">
    <ele>1214.8</ele>
    <time>2019-01-05T12:27:20Z</time>
   </trkpt>
   <trkpt lat="42.9799040" lon="-2.3748030">
    <ele>1214.3</ele>
    <time>2019-01-05T12:27:25Z</time>
   </trkpt>
   <trkpt lat="42.9799230" lon="-2.3748380">
    <ele>1213.6</ele>
    <time>2019-01-05T12:27:30Z</time>
   </trkpt>
   <trkpt lat="42.9799380" lon="-2.3748710">
    <ele>1213.1</ele>
    <time>2019-01-05T12:27:34Z</time>
   </trkpt>
   <trkpt lat="42.9799510" lon="-2.3749080">
    <ele>1212.5</ele>
    <time>2019-01-05T12:27:42Z</time>
   </trkpt>
   <trkpt lat="42.9799580" lon="-2.3749470">
    <ele>1211.9</ele>
    <time>2019-01-05T12:27:47Z</time>
   </trkpt>
   <trkpt lat="42.9799750" lon="-2.3749760">
    <ele>1211.3</ele>
    <time>2019-01-05T12:27:54Z</time>
   </trkpt>
   <trkpt lat="42.9799750" lon="-2.3750180">
    <ele>1210.7</ele>
    <time>2019-01-05T12:28:02Z</time>
   </trkpt>
   <trkpt lat="42.9799830" lon="-2.3750600">
    <ele>1210.0</ele>
    <time>2019-01-05T12:28:07Z</time>
   </trkpt>
   <trkpt lat="42.9799870" lon="-2.3751010">
    <ele>1209.4</ele>
    <time>2019-01-05T12:28:12Z</time>
   </trkpt>
   <trkpt lat="42.9800020" lon="-2.3751390">
    <ele>1208.6</ele>
    <time>2019-01-05T12:28:16Z</time>
   </trkpt>
   <trkpt lat="42.9800080" lon="-2.3751790">
    <ele>1207.9</ele>
    <time>2019-01-05T12:28:21Z</time>
   </trkpt>
   <trkpt lat="42.9799930" lon="-2.3752140">
    <ele>1207.3</ele>
    <time>2019-01-05T12:28:24Z</time>
   </trkpt>
   <trkpt lat="42.9799770" lon="-2.3752550">
    <ele>1206.5</ele>
    <time>2019-01-05T12:28:28Z</time>
   </trkpt>
   <trkpt lat="42.9799750" lon="-2.3752990">
    <ele>1205.9</ele>
    <time>2019-01-05T12:28:33Z</time>
   </trkpt>
   <trkpt lat="42.9799640" lon="-2.3753410">
    <ele>1205.0</ele>
    <time>2019-01-05T12:28:38Z</time>
   </trkpt>
   <trkpt lat="42.9799620" lon="-2.3753830">
    <ele>1204.2</ele>
    <time>2019-01-05T12:28:43Z</time>
   </trkpt>
   <trkpt lat="42.9799700" lon="-2.3754240">
    <ele>1203.5</ele>
    <time>2019-01-05T12:28:48Z</time>
   </trkpt>
   <trkpt lat="42.9799660" lon="-2.3754620">
    <ele>1202.8</ele>
    <time>2019-01-05T12:28:53Z</time>
   </trkpt>
   <trkpt lat="42.9799770" lon="-2.3755080">
    <ele>1201.8</ele>
    <time>2019-01-05T12:28:58Z</time>
   </trkpt>
   <trkpt lat="42.9799870" lon="-2.3755490">
    <ele>1200.9</ele>
    <time>2019-01-05T12:29:01Z</time>
   </trkpt>
   <trkpt lat="42.9799930" lon="-2.3755870">
    <ele>1200.2</ele>
    <time>2019-01-05T12:29:05Z</time>
   </trkpt>
   <trkpt lat="42.9800050" lon="-2.3756300">
    <ele>1199.3</ele>
    <time>2019-01-05T12:29:08Z</time>
   </trkpt>
   <trkpt lat="42.9800100" lon="-2.3756680">
    <ele>1198.6</ele>
    <time>2019-01-05T12:29:11Z</time>
   </trkpt>
   <trkpt lat="42.9800140" lon="-2.3757060">
    <ele>1197.9</ele>
    <time>2019-01-05T12:29:14Z</time>
   </trkpt>
   <trkpt lat="42.9800120" lon="-2.3757480">
    <ele>1197.1</ele>
    <time>2019-01-05T12:29:18Z</time>
   </trkpt>
   <trkpt lat="42.9800050" lon="-2.3757830">
    <ele>1196.4</ele>
    <time>2019-01-05T12:29:28Z</time>
   </trkpt>
   <trkpt lat="42.9800210" lon="-2.3758210">
    <ele>1195.4</ele>
    <time>2019-01-05T12:29:32Z</time>
   </trkpt>
   <trkpt lat="42.9800210" lon="-2.3758620">
    <ele>1194.6</ele>
    <time>2019-01-05T12:29:36Z</time>
   </trkpt>
   <trkpt lat="42.9800180" lon="-2.3759040">
    <ele>1193.8</ele>
    <time>2019-01-05T12:29:40Z</time>
   </trkpt>
   <trkpt lat="42.9800220" lon="-2.3759420">
    <ele>1193.0</ele>
    <time>2019-01-05T12:29:43Z</time>
   </trkpt>
   <trkpt lat="42.9800260" lon="-2.3759820">
    <ele>1192.2</ele>
    <time>2019-01-05T12:29:46Z</time>
   </trkpt>
   <trkpt lat="42.9800250" lon="-2.3760310">
    <ele>1191.3</ele>
    <time>2019-01-05T12:29:50Z</time>
   </trkpt>
   <trkpt lat="42.9800360" lon="-2.3760810">
    <ele>1190.3</ele>
    <time>2019-01-05T12:29:54Z</time>
   </trkpt>
   <trkpt lat="42.9800490" lon="-2.3761200">
    <ele>1189.5</ele>
    <time>2019-01-05T12:29:57Z</time>
   </trkpt>
   <trkpt lat="42.9800620" lon="-2.3761620">
    <ele>1188.6</ele>
    <time>2019-01-05T12:30:00Z</time>
   </trkpt>
   <trkpt lat="42.9800640" lon="-2.3761980">
    <ele>1188.0</ele>
    <time>2019-01-05T12:30:03Z</time>
   </trkpt>
   <trkpt lat="42.9800600" lon="-2.3762390">
    <ele>1187.2</ele>
    <time>2019-01-05T12:30:07Z</time>
   </trkpt>
   <trkpt lat="42.9800620" lon="-2.3762790">
    <ele>1186.5</ele>
    <time>2019-01-05T12:30:10Z</time>
   </trkpt>
   <trkpt lat="42.9800670" lon="-2.3763260">
    <ele>1185.6</ele>
    <time>2019-01-05T12:30:15Z</time>
   </trkpt>
   <trkpt lat="42.9800770" lon="-2.3763700">
    <ele>1184.6</ele>
    <time>2019-01-05T12:30:19Z</time>
   </trkpt>
   <trkpt lat="42.9800840" lon="-2.3764050">
    <ele>1183.8</ele>
    <time>2019-01-05T12:30:22Z</time>
   </trkpt>
   <trkpt lat="42.9800760" lon="-2.3764470">
    <ele>1182.9</ele>
    <time>2019-01-05T12:30:26Z</time>
   </trkpt>
   <trkpt lat="42.9800830" lon="-2.3764880">
    <ele>1182.2</ele>
    <time>2019-01-05T12:30:29Z</time>
   </trkpt>
   <trkpt lat="42.9800900" lon="-2.3765300">
    <ele>1181.5</ele>
    <time>2019-01-05T12:30:32Z</time>
   </trkpt>
   <trkpt lat="42.9800880" lon="-2.3765670">
    <ele>1180.9</ele>
    <time>2019-01-05T12:30:35Z</time>
   </trkpt>
   <trkpt lat="42.9800720" lon="-2.3766130">
    <ele>1180.0</ele>
    <time>2019-01-05T12:30:39Z</time>
   </trkpt>
   <trkpt lat="42.9800630" lon="-2.3766520">
    <ele>1179.4</ele>
    <time>2019-01-05T12:30:43Z</time>
   </trkpt>
   <trkpt lat="42.9800570" lon="-2.3766900">
    <ele>1178.7</ele>
    <time>2019-01-05T12:31:11Z</time>
   </trkpt>
   <trkpt lat="42.9800690" lon="-2.3767280">
    <ele>1178.0</ele>
    <time>2019-01-05T12:31:18Z</time>
   </trkpt>
   <trkpt lat="42.9800730" lon="-2.3767690">
    <ele>1177.3</ele>
    <time>2019-01-05T12:31:24Z</time>
   </trkpt>
   <trkpt lat="42.9800750" lon="-2.3768090">
    <ele>1176.4</ele>
    <time>2019-01-05T12:31:30Z</time>
   </trkpt>
   <trkpt lat="42.9800660" lon="-2.3768440">
    <ele>1175.7</ele>
    <time>2019-01-05T12:31:34Z</time>
   </trkpt>
   <trkpt lat="42.9800580" lon="-2.3768890">
    <ele>1174.8</ele>
    <time>2019-01-05T12:31:37Z</time>
   </trkpt>
   <trkpt lat="42.9800530" lon="-2.3769330">
    <ele>1174.0</ele>
    <time>2019-01-05T12:31:40Z</time>
   </trkpt>
   <trkpt lat="42.9800500" lon="-2.3769800">
    <ele>1173.3</ele>
    <time>2019-01-05T12:31:44Z</time>
   </trkpt>
   <trkpt lat="42.9800490" lon="-2.3770220">
    <ele>1172.5</ele>
    <time>2019-01-05T12:31:48Z</time>
   </trkpt>
   <trkpt lat="42.9800520" lon="-2.3770670">
    <ele>1171.6</ele>
    <time>2019-01-05T12:31:51Z</time>
   </trkpt>
   <trkpt lat="42.9800530" lon="-2.3771090">
    <ele>1171.0</ele>
    <time>2019-01-05T12:31:54Z</time>
   </trkpt>
   <trkpt lat="42.9800570" lon="-2.3771470">
    <ele>1170.4</ele>
    <time>2019-01-05T12:31:57Z</time>
   </trkpt>
   <trkpt lat="42.9800660" lon="-2.3771870">
    <ele>1169.8</ele>
    <time>2019-01-05T12:32:00Z</time>
   </trkpt>
   <trkpt lat="42.9800830" lon="-2.3772210">
    <ele>1169.2</ele>
    <time>2019-01-05T12:32:03Z</time>
   </trkpt>
   <trkpt lat="42.9800980" lon="-2.3772600">
    <ele>1168.6</ele>
    <time>2019-01-05T12:32:06Z</time>
   </trkpt>
   <trkpt lat="42.9800970" lon="-2.3773040">
    <ele>1168.0</ele>
    <time>2019-01-05T12:32:34Z</time>
   </trkpt>
   <trkpt lat="42.9801010" lon="-2.3773430">
    <ele>1167.6</ele>
    <time>2019-01-05T12:32:39Z</time>
   </trkpt>
   <trkpt lat="42.9801070" lon="-2.3773850">
    <ele>1167.1</ele>
    <time>2019-01-05T12:32:55Z</time>
   </trkpt>
   <trkpt lat="42.9801160" lon="-2.3774200">
    <ele>1166.7</ele>
    <time>2019-01-05T12:33:04Z</time>
   </trkpt>
   <trkpt lat="42.9801290" lon="-2.3774630">
    <ele>1166.2</ele>
    <time>2019-01-05T12:33:08Z</time>
   </trkpt>
   <trkpt lat="42.9801430" lon="-2.3774960">
    <ele>1165.7</ele>
    <time>2019-01-05T12:33:11Z</time>
   </trkpt>
   <trkpt lat="42.9801630" lon="-2.3775230">
    <ele>1165.3</ele>
    <time>2019-01-05T12:33:14Z</time>
   </trkpt>
   <trkpt lat="42.9801870" lon="-2.3775590">
    <ele>1164.7</ele>
    <time>2019-01-05T12:33:17Z</time>
   </trkpt>
   <trkpt lat="42.9802050" lon="-2.3775870">
    <ele>1164.3</ele>
    <time>2019-01-05T12:33:19Z</time>
   </trkpt>
   <trkpt lat="42.9802210" lon="-2.3776220">
    <ele>1163.7</ele>
    <time>2019-01-05T12:33:22Z</time>
   </trkpt>
   <trkpt lat="42.9802330" lon="-2.3776660">
    <ele>1163.1</ele>
    <time>2019-01-05T12:33:30Z</time>
   </trkpt>
   <trkpt lat="42.9802420" lon="-2.3777010">
    <ele>1162.7</ele>
    <time>2019-01-05T12:33:34Z</time>
   </trkpt>
   <trkpt lat="42.9802600" lon="-2.3777300">
    <ele>1162.2</ele>
    <time>2019-01-05T12:33:37Z</time>
   </trkpt>
   <trkpt lat="42.9802830" lon="-2.3777580">
    <ele>1161.7</ele>
    <time>2019-01-05T12:33:40Z</time>
   </trkpt>
   <trkpt lat="42.9803100" lon="-2.3777860">
    <ele>1161.2</ele>
    <time>2019-01-05T12:33:44Z</time>
   </trkpt>
   <trkpt lat="42.9803360" lon="-2.3778050">
    <ele>1160.7</ele>
    <time>2019-01-05T12:33:47Z</time>
   </trkpt>
   <trkpt lat="42.9803560" lon="-2.3778310">
    <ele>1160.3</ele>
    <time>2019-01-05T12:33:50Z</time>
   </trkpt>
   <trkpt lat="42.9803810" lon="-2.3778530">
    <ele>1159.8</ele>
    <time>2019-01-05T12:33:53Z</time>
   </trkpt>
   <trkpt lat="42.9804050" lon="-2.3778710">
    <ele>1159.4</ele>
    <time>2019-01-05T12:33:56Z</time>
   </trkpt>
   <trkpt lat="42.9804310" lon="-2.3778760">
    <ele>1159.0</ele>
    <time>2019-01-05T12:34:07Z</time>
   </trkpt>
   <trkpt lat="42.9804610" lon="-2.3778980">
    <ele>1158.4</ele>
    <time>2019-01-05T12:34:12Z</time>
   </trkpt>
   <trkpt lat="42.9804880" lon="-2.3778950">
    <ele>1158.0</ele>
    <time>2019-01-05T12:34:17Z</time>
   </trkpt>
   <trkpt lat="42.9805150" lon="-2.3779160">
    <ele>1157.5</ele>
    <time>2019-01-05T12:34:22Z</time>
   </trkpt>
   <trkpt lat="42.9805530" lon="-2.3779030">
    <ele>1157.0</ele>
    <time>2019-01-05T12:34:25Z</time>
   </trkpt>
   <trkpt lat="42.9805870" lon="-2.3779000">
    <ele>1156.5</ele>
    <time>2019-01-05T12:34:27Z</time>
   </trkpt>
   <trkpt lat="42.9806200" lon="-2.3778990">
    <ele>1156.0</ele>
    <time>2019-01-05T12:34:29Z</time>
   </trkpt>
   <trkpt lat="42.9806460" lon="-2.3778900">
    <ele>1155.5</ele>
    <time>2019-01-05T12:34:31Z</time>
   </trkpt>
   <trkpt lat="42.9806840" lon="-2.3778850">
    <ele>1154.9</ele>
    <time>2019-01-05T12:34:34Z</time>
   </trkpt>
   <trkpt lat="42.9807210" lon="-2.3778730">
    <ele>1154.2</ele>
    <time>2019-01-05T12:34:37Z</time>
   </trkpt>
   <trkpt lat="42.9807470" lon="-2.3778590">
    <ele>1153.7</ele>
    <time>2019-01-05T12:34:39Z</time>
   </trkpt>
   <trkpt lat="42.9807740" lon="-2.3778400">
    <ele>1153.2</ele>
    <time>2019-01-05T12:34:41Z</time>
   </trkpt>
   <trkpt lat="42.9808000" lon="-2.3778160">
    <ele>1152.6</ele>
    <time>2019-01-05T12:34:43Z</time>
   </trkpt>
   <trkpt lat="42.9808350" lon="-2.3777900">
    <ele>1151.9</ele>
    <time>2019-01-05T12:34:46Z</time>
   </trkpt>
   <trkpt lat="42.9808600" lon="-2.3777710">
    <ele>1151.4</ele>
    <time>2019-01-05T12:34:48Z</time>
   </trkpt>
   <trkpt lat="42.9808950" lon="-2.3777540">
    <ele>1150.8</ele>
    <time>2019-01-05T12:34:51Z</time>
   </trkpt>
   <trkpt lat="42.9809260" lon="-2.3777280">
    <ele>1150.2</ele>
    <time>2019-01-05T12:34:54Z</time>
   </trkpt>
   <trkpt lat="42.9809600" lon="-2.3777020">
    <ele>1149.5</ele>
    <time>2019-01-05T12:34:57Z</time>
   </trkpt>
   <trkpt lat="42.9809940" lon="-2.3776900">
    <ele>1149.2</ele>
    <time>2019-01-05T12:35:00Z</time>
   </trkpt>
   <trkpt lat="42.9810280" lon="-2.3776760">
    <ele>1148.8</ele>
    <time>2019-01-05T12:35:03Z</time>
   </trkpt>
   <trkpt lat="42.9810510" lon="-2.3776480">
    <ele>1148.6</ele>
    <time>2019-01-05T12:35:05Z</time>
   </trkpt>
   <trkpt lat="42.9810740" lon="-2.3776100">
    <ele>1148.2</ele>
    <time>2019-01-05T12:35:08Z</time>
   </trkpt>
   <trkpt lat="42.9810930" lon="-2.3775730">
    <ele>1147.9</ele>
    <time>2019-01-05T12:35:10Z</time>
   </trkpt>
   <trkpt lat="42.9811180" lon="-2.3775350">
    <ele>1147.6</ele>
    <time>2019-01-05T12:35:13Z</time>
   </trkpt>
   <trkpt lat="42.9811530" lon="-2.3775350">
    <ele>1147.0</ele>
    <time>2019-01-05T12:35:17Z</time>
   </trkpt>
   <trkpt lat="42.9811820" lon="-2.3775590">
    <ele>1146.4</ele>
    <time>2019-01-05T12:35:20Z</time>
   </trkpt>
   <trkpt lat="42.9812060" lon="-2.3775810">
    <ele>1146.0</ele>
    <time>2019-01-05T12:35:24Z</time>
   </trkpt>
   <trkpt lat="42.9812380" lon="-2.3776050">
    <ele>1145.5</ele>
    <time>2019-01-05T12:35:27Z</time>
   </trkpt>
   <trkpt lat="42.9812670" lon="-2.3776240">
    <ele>1145.0</ele>
    <time>2019-01-05T12:35:30Z</time>
   </trkpt>
   <trkpt lat="42.9813010" lon="-2.3776360">
    <ele>1144.5</ele>
    <time>2019-01-05T12:35:34Z</time>
   </trkpt>
   <trkpt lat="42.9813340" lon="-2.3776470">
    <ele>1144.1</ele>
    <time>2019-01-05T12:35:37Z</time>
   </trkpt>
   <trkpt lat="42.9813620" lon="-2.3776550">
    <ele>1143.8</ele>
    <time>2019-01-05T12:35:40Z</time>
   </trkpt>
   <trkpt lat="42.9813940" lon="-2.3776610">
    <ele>1143.3</ele>
    <time>2019-01-05T12:35:43Z</time>
   </trkpt>
   <trkpt lat="42.9814260" lon="-2.3776630">
    <ele>1143.0</ele>
    <time>2019-01-05T12:35:46Z</time>
   </trkpt>
   <trkpt lat="42.9814570" lon="-2.3776640">
    <ele>1142.6</ele>
    <time>2019-01-05T12:35:49Z</time>
   </trkpt>
   <trkpt lat="42.9814850" lon="-2.3776660">
    <ele>1142.3</ele>
    <time>2019-01-05T12:35:52Z</time>
   </trkpt>
   <trkpt lat="42.9815110" lon="-2.3776740">
    <ele>1142.0</ele>
    <time>2019-01-05T12:35:55Z</time>
   </trkpt>
   <trkpt lat="42.9815420" lon="-2.3776900">
    <ele>1141.6</ele>
    <time>2019-01-05T12:36:00Z</time>
   </trkpt>
   <trkpt lat="42.9815580" lon="-2.3777270">
    <ele>1141.2</ele>
    <time>2019-01-05T12:36:05Z</time>
   </trkpt>
   <trkpt lat="42.9815900" lon="-2.3777470">
    <ele>1140.9</ele>
    <time>2019-01-05T12:36:09Z</time>
   </trkpt>
   <trkpt lat="42.9816160" lon="-2.3777660">
    <ele>1140.6</ele>
    <time>2019-01-05T12:36:12Z</time>
   </trkpt>
   <trkpt lat="42.9816400" lon="-2.3777850">
    <ele>1140.2</ele>
    <time>2019-01-05T12:36:15Z</time>
   </trkpt>
   <trkpt lat="42.9816670" lon="-2.3778080">
    <ele>1139.9</ele>
    <time>2019-01-05T12:36:18Z</time>
   </trkpt>
   <trkpt lat="42.9816870" lon="-2.3778410">
    <ele>1139.5</ele>
    <time>2019-01-05T12:36:21Z</time>
   </trkpt>
   <trkpt lat="42.9817140" lon="-2.3778740">
    <ele>1139.1</ele>
    <time>2019-01-05T12:36:24Z</time>
   </trkpt>
   <trkpt lat="42.9817450" lon="-2.3778970">
    <ele>1138.7</ele>
    <time>2019-01-05T12:36:27Z</time>
   </trkpt>
   <trkpt lat="42.9817790" lon="-2.3779240">
    <ele>1138.2</ele>
    <time>2019-01-05T12:36:30Z</time>
   </trkpt>
   <trkpt lat="42.9818140" lon="-2.3779490">
    <ele>1137.8</ele>
    <time>2019-01-05T12:36:34Z</time>
   </trkpt>
   <trkpt lat="42.9818380" lon="-2.3779720">
    <ele>1137.5</ele>
    <time>2019-01-05T12:36:38Z</time>
   </trkpt>
   <trkpt lat="42.9818600" lon="-2.3780090">
    <ele>1137.2</ele>
    <time>2019-01-05T12:36:43Z</time>
   </trkpt>
   <trkpt lat="42.9818880" lon="-2.3780320">
    <ele>1136.9</ele>
    <time>2019-01-05T12:36:46Z</time>
   </trkpt>
   <trkpt lat="42.9819150" lon="-2.3780560">
    <ele>1136.6</ele>
    <time>2019-01-05T12:36:51Z</time>
   </trkpt>
   <trkpt lat="42.9819400" lon="-2.3780750">
    <ele>1136.3</ele>
    <time>2019-01-05T12:36:55Z</time>
   </trkpt>
   <trkpt lat="42.9819680" lon="-2.3780970">
    <ele>1135.9</ele>
    <time>2019-01-05T12:36:58Z</time>
   </trkpt>
   <trkpt lat="42.9819970" lon="-2.3781230">
    <ele>1135.5</ele>
    <time>2019-01-05T12:37:01Z</time>
   </trkpt>
   <trkpt lat="42.9820290" lon="-2.3781550">
    <ele>1135.1</ele>
    <time>2019-01-05T12:37:04Z</time>
   </trkpt>
   <trkpt lat="42.9820560" lon="-2.3781770">
    <ele>1134.6</ele>
    <time>2019-01-05T12:37:06Z</time>
   </trkpt>
   <trkpt lat="42.9820800" lon="-2.3782120">
    <ele>1134.1</ele>
    <time>2019-01-05T12:37:10Z</time>
   </trkpt>
   <trkpt lat="42.9821030" lon="-2.3782420">
    <ele>1133.7</ele>
    <time>2019-01-05T12:37:13Z</time>
   </trkpt>
   <trkpt lat="42.9821360" lon="-2.3782700">
    <ele>1133.2</ele>
    <time>2019-01-05T12:37:16Z</time>
   </trkpt>
   <trkpt lat="42.9821700" lon="-2.3782910">
    <ele>1132.6</ele>
    <time>2019-01-05T12:37:19Z</time>
   </trkpt>
   <trkpt lat="42.9822000" lon="-2.3783110">
    <ele>1132.1</ele>
    <time>2019-01-05T12:37:22Z</time>
   </trkpt>
   <trkpt lat="42.9822290" lon="-2.3783430">
    <ele>1131.6</ele>
    <time>2019-01-05T12:37:25Z</time>
   </trkpt>
   <trkpt lat="42.9822530" lon="-2.3783790">
    <ele>1131.1</ele>
    <time>2019-01-05T12:37:29Z</time>
   </trkpt>
   <trkpt lat="42.9822750" lon="-2.3784100">
    <ele>1130.7</ele>
    <time>2019-01-05T12:37:33Z</time>
   </trkpt>
   <trkpt lat="42.9823020" lon="-2.3784260">
    <ele>1130.3</ele>
    <time>2019-01-05T12:37:37Z</time>
   </trkpt>
   <trkpt lat="42.9823310" lon="-2.3784440">
    <ele>1129.8</ele>
    <time>2019-01-05T12:37:41Z</time>
   </trkpt>
   <trkpt lat="42.9823600" lon="-2.3784650">
    <ele>1129.3</ele>
    <time>2019-01-05T12:37:44Z</time>
   </trkpt>
   <trkpt lat="42.9823900" lon="-2.3784830">
    <ele>1128.8</ele>
    <time>2019-01-05T12:37:47Z</time>
   </trkpt>
   <trkpt lat="42.9824160" lon="-2.3785040">
    <ele>1128.4</ele>
    <time>2019-01-05T12:37:50Z</time>
   </trkpt>
   <trkpt lat="42.9824460" lon="-2.3785220">
    <ele>1127.8</ele>
    <time>2019-01-05T12:37:53Z</time>
   </trkpt>
   <trkpt lat="42.9824750" lon="-2.3785460">
    <ele>1127.2</ele>
    <time>2019-01-05T12:37:57Z</time>
   </trkpt>
   <trkpt lat="42.9825050" lon="-2.3785740">
    <ele>1126.6</ele>
    <time>2019-01-05T12:38:00Z</time>
   </trkpt>
   <trkpt lat="42.9825330" lon="-2.3785970">
    <ele>1126.1</ele>
    <time>2019-01-05T12:38:03Z</time>
   </trkpt>
   <trkpt lat="42.9825580" lon="-2.3786190">
    <ele>1125.5</ele>
    <time>2019-01-05T12:38:06Z</time>
   </trkpt>
   <trkpt lat="42.9825830" lon="-2.3786450">
    <ele>1125.0</ele>
    <time>2019-01-05T12:38:09Z</time>
   </trkpt>
   <trkpt lat="42.9825970" lon="-2.3786840">
    <ele>1124.4</ele>
    <time>2019-01-05T12:38:13Z</time>
   </trkpt>
   <trkpt lat="42.9826030" lon="-2.3787240">
    <ele>1123.8</ele>
    <time>2019-01-05T12:38:17Z</time>
   </trkpt>
   <trkpt lat="42.9826120" lon="-2.3787600">
    <ele>1123.2</ele>
    <time>2019-01-05T12:38:21Z</time>
   </trkpt>
   <trkpt lat="42.9826350" lon="-2.3787890">
    <ele>1122.6</ele>
    <time>2019-01-05T12:38:24Z</time>
   </trkpt>
   <trkpt lat="42.9826530" lon="-2.3788190">
    <ele>1122.0</ele>
    <time>2019-01-05T12:38:27Z</time>
   </trkpt>
   <trkpt lat="42.9826680" lon="-2.3788640">
    <ele>1121.2</ele>
    <time>2019-01-05T12:38:31Z</time>
   </trkpt>
   <trkpt lat="42.9826770" lon="-2.3789050">
    <ele>1120.5</ele>
    <time>2019-01-05T12:38:35Z</time>
   </trkpt>
   <trkpt lat="42.9826950" lon="-2.3789340">
    <ele>1119.9</ele>
    <time>2019-01-05T12:38:38Z</time>
   </trkpt>
   <trkpt lat="42.9827210" lon="-2.3789640">
    <ele>1119.2</ele>
    <time>2019-01-05T12:38:42Z</time>
   </trkpt>
   <trkpt lat="42.9827390" lon="-2.3789950">
    <ele>1118.6</ele>
    <time>2019-01-05T12:38:46Z</time>
   </trkpt>
   <trkpt lat="42.9827680" lon="-2.3790050">
    <ele>1117.9</ele>
    <time>2019-01-05T12:38:50Z</time>
   </trkpt>
   <trkpt lat="42.9827990" lon="-2.3790230">
    <ele>1117.2</ele>
    <time>2019-01-05T12:38:54Z</time>
   </trkpt>
   <trkpt lat="42.9828160" lon="-2.3790520">
    <ele>1116.5</ele>
    <time>2019-01-05T12:38:56Z</time>
   </trkpt>
   <trkpt lat="42.9828370" lon="-2.3790920">
    <ele>1115.7</ele>
    <time>2019-01-05T12:38:59Z</time>
   </trkpt>
   <trkpt lat="42.9828610" lon="-2.3791320">
    <ele>1114.7</ele>
    <time>2019-01-05T12:39:02Z</time>
   </trkpt>
   <trkpt lat="42.9828780" lon="-2.3791780">
    <ele>1113.7</ele>
    <time>2019-01-05T12:39:07Z</time>
   </trkpt>
   <trkpt lat="42.9828790" lon="-2.3792280">
    <ele>1112.7</ele>
    <time>2019-01-05T12:39:10Z</time>
   </trkpt>
   <trkpt lat="42.9828760" lon="-2.3792720">
    <ele>1112.7</ele>
    <time>2019-01-05T12:39:13Z</time>
   </trkpt>
   <trkpt lat="42.9828710" lon="-2.3793150">
    <ele>1112.6</ele>
    <time>2019-01-05T12:39:16Z</time>
   </trkpt>
   <trkpt lat="42.9828560" lon="-2.3793490">
    <ele>1112.5</ele>
    <time>2019-01-05T12:39:21Z</time>
   </trkpt>
   <trkpt lat="42.9828400" lon="-2.3793960">
    <ele>1112.4</ele>
    <time>2019-01-05T12:39:25Z</time>
   </trkpt>
   <trkpt lat="42.9828300" lon="-2.3794310">
    <ele>1112.3</ele>
    <time>2019-01-05T12:39:28Z</time>
   </trkpt>
   <trkpt lat="42.9828210" lon="-2.3794700">
    <ele>1112.2</ele>
    <time>2019-01-05T12:39:31Z</time>
   </trkpt>
   <trkpt lat="42.9828130" lon="-2.3795110">
    <ele>1112.1</ele>
    <time>2019-01-05T12:39:34Z</time>
   </trkpt>
   <trkpt lat="42.9828000" lon="-2.3795510">
    <ele>1112.0</ele>
    <time>2019-01-05T12:39:38Z</time>
   </trkpt>
   <trkpt lat="42.9828020" lon="-2.3795950">
    <ele>1112.0</ele>
    <time>2019-01-05T12:39:41Z</time>
   </trkpt>
   <trkpt lat="42.9828080" lon="-2.3796360">
    <ele>1111.9</ele>
    <time>2019-01-05T12:39:44Z</time>
   </trkpt>
   <trkpt lat="42.9828230" lon="-2.3796780">
    <ele>1111.8</ele>
    <time>2019-01-05T12:39:47Z</time>
   </trkpt>
   <trkpt lat="42.9828430" lon="-2.3797230">
    <ele>1111.7</ele>
    <time>2019-01-05T12:39:50Z</time>
   </trkpt>
   <trkpt lat="42.9828530" lon="-2.3797710">
    <ele>1111.4</ele>
    <time>2019-01-05T12:39:53Z</time>
   </trkpt>
   <trkpt lat="42.9828610" lon="-2.3798150">
    <ele>1111.2</ele>
    <time>2019-01-05T12:39:56Z</time>
   </trkpt>
   <trkpt lat="42.9828760" lon="-2.3798510">
    <ele>1111.1</ele>
    <time>2019-01-05T12:39:59Z</time>
   </trkpt>
   <trkpt lat="42.9828900" lon="-2.3798920">
    <ele>1110.9</ele>
    <time>2019-01-05T12:40:03Z</time>
   </trkpt>
   <trkpt lat="42.9829060" lon="-2.3799330">
    <ele>1110.7</ele>
    <time>2019-01-05T12:40:06Z</time>
   </trkpt>
   <trkpt lat="42.9829280" lon="-2.3799780">
    <ele>1110.4</ele>
    <time>2019-01-05T12:40:09Z</time>
   </trkpt>
   <trkpt lat="42.9829450" lon="-2.3800130">
    <ele>1110.2</ele>
    <time>2019-01-05T12:40:11Z</time>
   </trkpt>
   <trkpt lat="42.9829550" lon="-2.3800540">
    <ele>1109.9</ele>
    <time>2019-01-05T12:40:14Z</time>
   </trkpt>
   <trkpt lat="42.9829630" lon="-2.3800940">
    <ele>1109.7</ele>
    <time>2019-01-05T12:40:17Z</time>
   </trkpt>
   <trkpt lat="42.9829710" lon="-2.3801370">
    <ele>1109.4</ele>
    <time>2019-01-05T12:40:20Z</time>
   </trkpt>
   <trkpt lat="42.9829760" lon="-2.3801750">
    <ele>1109.1</ele>
    <time>2019-01-05T12:40:23Z</time>
   </trkpt>
   <trkpt lat="42.9829840" lon="-2.3802150">
    <ele>1108.8</ele>
    <time>2019-01-05T12:40:26Z</time>
   </trkpt>
   <trkpt lat="42.9829960" lon="-2.3802560">
    <ele>1108.5</ele>
    <time>2019-01-05T12:40:29Z</time>
   </trkpt>
   <trkpt lat="42.9830000" lon="-2.3802970">
    <ele>1108.2</ele>
    <time>2019-01-05T12:40:32Z</time>
   </trkpt>
   <trkpt lat="42.9830020" lon="-2.3803380">
    <ele>1107.9</ele>
    <time>2019-01-05T12:40:35Z</time>
   </trkpt>
   <trkpt lat="42.9830030" lon="-2.3803770">
    <ele>1107.6</ele>
    <time>2019-01-05T12:40:38Z</time>
   </trkpt>
   <trkpt lat="42.9830170" lon="-2.3804140">
    <ele>1107.2</ele>
    <time>2019-01-05T12:40:41Z</time>
   </trkpt>
   <trkpt lat="42.9830390" lon="-2.3804540">
    <ele>1106.6</ele>
    <time>2019-01-05T12:40:44Z</time>
   </trkpt>
   <trkpt lat="42.9830530" lon="-2.3804880">
    <ele>1106.2</ele>
    <time>2019-01-05T12:40:46Z</time>
   </trkpt>
   <trkpt lat="42.9830680" lon="-2.3805340">
    <ele>1105.7</ele>
    <time>2019-01-05T12:40:49Z</time>
   </trkpt>
   <trkpt lat="42.9830780" lon="-2.3805800">
    <ele>1105.2</ele>
    <time>2019-01-05T12:40:52Z</time>
   </trkpt>
   <trkpt lat="42.9830850" lon="-2.3806210">
    <ele>1104.7</ele>
    <time>2019-01-05T12:40:55Z</time>
   </trkpt>
   <trkpt lat="42.9830960" lon="-2.3806590">
    <ele>1104.1</ele>
    <time>2019-01-05T12:40:58Z</time>
   </trkpt>
   <trkpt lat="42.9831090" lon="-2.3806960">
    <ele>1103.7</ele>
    <time>2019-01-05T12:41:01Z</time>
   </trkpt>
   <trkpt lat="42.9831240" lon="-2.3807300">
    <ele>1103.3</ele>
    <time>2019-01-05T12:41:04Z</time>
   </trkpt>
   <trkpt lat="42.9831290" lon="-2.3807700">
    <ele>1102.8</ele>
    <time>2019-01-05T12:41:07Z</time>
   </trkpt>
   <trkpt lat="42.9831370" lon="-2.3808100">
    <ele>1102.4</ele>
    <time>2019-01-05T12:41:10Z</time>
   </trkpt>
   <trkpt lat="42.9831500" lon="-2.3808530">
    <ele>1101.7</ele>
    <time>2019-01-05T12:41:13Z</time>
   </trkpt>
   <trkpt lat="42.9831630" lon="-2.3809010">
    <ele>1100.8</ele>
    <time>2019-01-05T12:41:16Z</time>
   </trkpt>
   <trkpt lat="42.9831700" lon="-2.3809450">
    <ele>1100.1</ele>
    <time>2019-01-05T12:41:19Z</time>
   </trkpt>
   <trkpt lat="42.9831800" lon="-2.3809900">
    <ele>1099.4</ele>
    <time>2019-01-05T12:41:22Z</time>
   </trkpt>
   <trkpt lat="42.9831920" lon="-2.3810270">
    <ele>1098.7</ele>
    <time>2019-01-05T12:41:25Z</time>
   </trkpt>
   <trkpt lat="42.9832000" lon="-2.3810660">
    <ele>1098.1</ele>
    <time>2019-01-05T12:41:28Z</time>
   </trkpt>
   <trkpt lat="42.9832060" lon="-2.3811080">
    <ele>1097.4</ele>
    <time>2019-01-05T12:41:31Z</time>
   </trkpt>
   <trkpt lat="42.9832140" lon="-2.3811540">
    <ele>1096.6</ele>
    <time>2019-01-05T12:41:34Z</time>
   </trkpt>
   <trkpt lat="42.9832240" lon="-2.3811890">
    <ele>1095.9</ele>
    <time>2019-01-05T12:41:37Z</time>
   </trkpt>
   <trkpt lat="42.9832390" lon="-2.3812310">
    <ele>1095.1</ele>
    <time>2019-01-05T12:42:16Z</time>
   </trkpt>
   <trkpt lat="42.9832570" lon="-2.3812660">
    <ele>1094.4</ele>
    <time>2019-01-05T12:42:35Z</time>
   </trkpt>
   <trkpt lat="42.9832720" lon="-2.3813030">
    <ele>1093.8</ele>
    <time>2019-01-05T12:42:40Z</time>
   </trkpt>
   <trkpt lat="42.9832970" lon="-2.3813350">
    <ele>1093.2</ele>
    <time>2019-01-05T12:42:43Z</time>
   </trkpt>
   <trkpt lat="42.9833130" lon="-2.3813720">
    <ele>1092.6</ele>
    <time>2019-01-05T12:42:47Z</time>
   </trkpt>
   <trkpt lat="42.9833320" lon="-2.3814170">
    <ele>1092.0</ele>
    <time>2019-01-05T12:42:50Z</time>
   </trkpt>
   <trkpt lat="42.9833430" lon="-2.3814520">
    <ele>1091.5</ele>
    <time>2019-01-05T12:42:52Z</time>
   </trkpt>
   <trkpt lat="42.9833570" lon="-2.3814950">
    <ele>1090.8</ele>
    <time>2019-01-05T12:42:55Z</time>
   </trkpt>
   <trkpt lat="42.9833660" lon="-2.3815330">
    <ele>1090.2</ele>
    <time>2019-01-05T12:42:58Z</time>
   </trkpt>
   <trkpt lat="42.9833620" lon="-2.3815720">
    <ele>1089.7</ele>
    <time>2019-01-05T12:43:01Z</time>
   </trkpt>
   <trkpt lat="42.9833730" lon="-2.3816100">
    <ele>1089.1</ele>
    <time>2019-01-05T12:43:04Z</time>
   </trkpt>
   <trkpt lat="42.9833840" lon="-2.3816470">
    <ele>1088.5</ele>
    <time>2019-01-05T12:43:07Z</time>
   </trkpt>
   <trkpt lat="42.9833880" lon="-2.3816890">
    <ele>1087.8</ele>
    <time>2019-01-05T12:43:10Z</time>
   </trkpt>
   <trkpt lat="42.9833990" lon="-2.3817340">
    <ele>1087.1</ele>
    <time>2019-01-05T12:43:13Z</time>
   </trkpt>
   <trkpt lat="42.9834070" lon="-2.3817820">
    <ele>1086.4</ele>
    <time>2019-01-05T12:43:16Z</time>
   </trkpt>
   <trkpt lat="42.9834140" lon="-2.3818200">
    <ele>1085.9</ele>
    <time>2019-01-05T12:43:18Z</time>
   </trkpt>
   <trkpt lat="42.9834280" lon="-2.3818650">
    <ele>1085.3</ele>
    <time>2019-01-05T12:43:20Z</time>
   </trkpt>
   <trkpt lat="42.9834300" lon="-2.3819180">
    <ele>1084.6</ele>
    <time>2019-01-05T12:43:23Z</time>
   </trkpt>
   <trkpt lat="42.9834260" lon="-2.3819660">
    <ele>1084.1</ele>
    <time>2019-01-05T12:43:26Z</time>
   </trkpt>
   <trkpt lat="42.9834340" lon="-2.3820020">
    <ele>1083.7</ele>
    <time>2019-01-05T12:43:28Z</time>
   </trkpt>
   <trkpt lat="42.9834440" lon="-2.3820400">
    <ele>1083.2</ele>
    <time>2019-01-05T12:43:30Z</time>
   </trkpt>
   <trkpt lat="42.9834480" lon="-2.3820770">
    <ele>1082.9</ele>
    <time>2019-01-05T12:43:32Z</time>
   </trkpt>
   <trkpt lat="42.9834370" lon="-2.3821230">
    <ele>1082.4</ele>
    <time>2019-01-05T12:43:35Z</time>
   </trkpt>
   <trkpt lat="42.9834540" lon="-2.3821710">
    <ele>1081.9</ele>
    <time>2019-01-05T12:43:42Z</time>
   </trkpt>
   <trkpt lat="42.9834660" lon="-2.3822240">
    <ele>1081.4</ele>
    <time>2019-01-05T12:43:45Z</time>
   </trkpt>
   <trkpt lat="42.9834660" lon="-2.3822700">
    <ele>1080.9</ele>
    <time>2019-01-05T12:43:47Z</time>
   </trkpt>
   <trkpt lat="42.9834690" lon="-2.3823230">
    <ele>1080.3</ele>
    <time>2019-01-05T12:43:50Z</time>
   </trkpt>
   <trkpt lat="42.9834770" lon="-2.3823770">
    <ele>1079.8</ele>
    <time>2019-01-05T12:43:53Z</time>
   </trkpt>
   <trkpt lat="42.9834800" lon="-2.3824260">
    <ele>1079.3</ele>
    <time>2019-01-05T12:43:56Z</time>
   </trkpt>
   <trkpt lat="42.9834850" lon="-2.3824720">
    <ele>1078.8</ele>
    <time>2019-01-05T12:43:59Z</time>
   </trkpt>
   <trkpt lat="42.9834940" lon="-2.3825140">
    <ele>1078.3</ele>
    <time>2019-01-05T12:44:02Z</time>
   </trkpt>
   <trkpt lat="42.9835190" lon="-2.3825590">
    <ele>1077.7</ele>
    <time>2019-01-05T12:44:05Z</time>
   </trkpt>
   <trkpt lat="42.9835380" lon="-2.3826010">
    <ele>1077.1</ele>
    <time>2019-01-05T12:44:08Z</time>
   </trkpt>
   <trkpt lat="42.9835530" lon="-2.3826510">
    <ele>1076.5</ele>
    <time>2019-01-05T12:44:11Z</time>
   </trkpt>
   <trkpt lat="42.9835720" lon="-2.3826930">
    <ele>1075.8</ele>
    <time>2019-01-05T12:44:14Z</time>
   </trkpt>
   <trkpt lat="42.9835880" lon="-2.3827240">
    <ele>1075.3</ele>
    <time>2019-01-05T12:44:16Z</time>
   </trkpt>
   <trkpt lat="42.9836030" lon="-2.3827720">
    <ele>1074.5</ele>
    <time>2019-01-05T12:44:19Z</time>
   </trkpt>
   <trkpt lat="42.9836230" lon="-2.3828190">
    <ele>1073.8</ele>
    <time>2019-01-05T12:44:22Z</time>
   </trkpt>
   <trkpt lat="42.9836350" lon="-2.3828670">
    <ele>1073.1</ele>
    <time>2019-01-05T12:44:25Z</time>
   </trkpt>
   <trkpt lat="42.9836460" lon="-2.3829220">
    <ele>1072.3</ele>
    <time>2019-01-05T12:44:28Z</time>
   </trkpt>
   <trkpt lat="42.9836570" lon="-2.3829610">
    <ele>1071.7</ele>
    <time>2019-01-05T12:44:30Z</time>
   </trkpt>
   <trkpt lat="42.9836660" lon="-2.3830000">
    <ele>1071.1</ele>
    <time>2019-01-05T12:44:32Z</time>
   </trkpt>
   <trkpt lat="42.9836810" lon="-2.3830370">
    <ele>1070.4</ele>
    <time>2019-01-05T12:44:34Z</time>
   </trkpt>
   <trkpt lat="42.9836960" lon="-2.3830720">
    <ele>1069.7</ele>
    <time>2019-01-05T12:44:36Z</time>
   </trkpt>
   <trkpt lat="42.9837130" lon="-2.3831190">
    <ele>1068.9</ele>
    <time>2019-01-05T12:44:39Z</time>
   </trkpt>
   <trkpt lat="42.9837270" lon="-2.3831590">
    <ele>1068.2</ele>
    <time>2019-01-05T12:44:42Z</time>
   </trkpt>
   <trkpt lat="42.9837360" lon="-2.3832040">
    <ele>1067.4</ele>
    <time>2019-01-05T12:44:45Z</time>
   </trkpt>
   <trkpt lat="42.9837370" lon="-2.3832530">
    <ele>1066.6</ele>
    <time>2019-01-05T12:44:48Z</time>
   </trkpt>
   <trkpt lat="42.9837520" lon="-2.3832950">
    <ele>1065.8</ele>
    <time>2019-01-05T12:44:51Z</time>
   </trkpt>
   <trkpt lat="42.9837700" lon="-2.3833410">
    <ele>1064.9</ele>
    <time>2019-01-05T12:44:54Z</time>
   </trkpt>
   <trkpt lat="42.9837750" lon="-2.3833890">
    <ele>1064.1</ele>
    <time>2019-01-05T12:44:57Z</time>
   </trkpt>
   <trkpt lat="42.9837910" lon="-2.3834370">
    <ele>1063.3</ele>
    <time>2019-01-05T12:45:00Z</time>
   </trkpt>
   <trkpt lat="42.9838120" lon="-2.3834640">
    <ele>1062.7</ele>
    <time>2019-01-05T12:45:02Z</time>
   </trkpt>
   <trkpt lat="42.9838330" lon="-2.3835120">
    <ele>1061.7</ele>
    <time>2019-01-05T12:45:05Z</time>
   </trkpt>
   <trkpt lat="42.9838440" lon="-2.3835480">
    <ele>1061.1</ele>
    <time>2019-01-05T12:45:07Z</time>
   </trkpt>
   <trkpt lat="42.9838560" lon="-2.3835820">
    <ele>1060.5</ele>
    <time>2019-01-05T12:45:09Z</time>
   </trkpt>
   <trkpt lat="42.9838710" lon="-2.3836190">
    <ele>1059.9</ele>
    <time>2019-01-05T12:45:11Z</time>
   </trkpt>
   <trkpt lat="42.9838900" lon="-2.3836570">
    <ele>1059.2</ele>
    <time>2019-01-05T12:45:13Z</time>
   </trkpt>
   <trkpt lat="42.9839080" lon="-2.3836960">
    <ele>1058.7</ele>
    <time>2019-01-05T12:45:15Z</time>
   </trkpt>
   <trkpt lat="42.9839210" lon="-2.3837320">
    <ele>1058.2</ele>
    <time>2019-01-05T12:45:17Z</time>
   </trkpt>
   <trkpt lat="42.9839360" lon="-2.3837710">
    <ele>1057.6</ele>
    <time>2019-01-05T12:45:19Z</time>
   </trkpt>
   <trkpt lat="42.9839440" lon="-2.3838100">
    <ele>1057.1</ele>
    <time>2019-01-05T12:45:21Z</time>
   </trkpt>
   <trkpt lat="42.9839570" lon="-2.3838580">
    <ele>1056.4</ele>
    <time>2019-01-05T12:45:23Z</time>
   </trkpt>
   <trkpt lat="42.9839790" lon="-2.3839030">
    <ele>1055.7</ele>
    <time>2019-01-05T12:45:25Z</time>
   </trkpt>
   <trkpt lat="42.9839970" lon="-2.3839380">
    <ele>1055.2</ele>
    <time>2019-01-05T12:45:27Z</time>
   </trkpt>
   <trkpt lat="42.9840130" lon="-2.3839830">
    <ele>1054.5</ele>
    <time>2019-01-05T12:45:30Z</time>
   </trkpt>
   <trkpt lat="42.9840350" lon="-2.3840220">
    <ele>1053.8</ele>
    <time>2019-01-05T12:45:32Z</time>
   </trkpt>
   <trkpt lat="42.9840530" lon="-2.3840520">
    <ele>1053.2</ele>
    <time>2019-01-05T12:45:34Z</time>
   </trkpt>
   <trkpt lat="42.9840800" lon="-2.3840930">
    <ele>1052.5</ele>
    <time>2019-01-05T12:45:37Z</time>
   </trkpt>
   <trkpt lat="42.9840990" lon="-2.3841240">
    <ele>1052.0</ele>
    <time>2019-01-05T12:45:39Z</time>
   </trkpt>
   <trkpt lat="42.9841160" lon="-2.3841550">
    <ele>1051.5</ele>
    <time>2019-01-05T12:45:41Z</time>
   </trkpt>
   <trkpt lat="42.9841280" lon="-2.3841900">
    <ele>1050.9</ele>
    <time>2019-01-05T12:45:43Z</time>
   </trkpt>
   <trkpt lat="42.9841340" lon="-2.3842400">
    <ele>1050.2</ele>
    <time>2019-01-05T12:45:46Z</time>
   </trkpt>
   <trkpt lat="42.9841420" lon="-2.3842900">
    <ele>1049.3</ele>
    <time>2019-01-05T12:45:49Z</time>
   </trkpt>
   <trkpt lat="42.9841460" lon="-2.3843300">
    <ele>1047.9</ele>
    <time>2019-01-05T12:45:51Z</time>
   </trkpt>
   <trkpt lat="42.9841460" lon="-2.3843820">
    <ele>1047.8</ele>
    <time>2019-01-05T12:45:54Z</time>
   </trkpt>
   <trkpt lat="42.9841400" lon="-2.3844310">
    <ele>1047.7</ele>
    <time>2019-01-05T12:45:57Z</time>
   </trkpt>
   <trkpt lat="42.9841330" lon="-2.3844840">
    <ele>1047.7</ele>
    <time>2019-01-05T12:46:00Z</time>
   </trkpt>
   <trkpt lat="42.9841320" lon="-2.3845300">
    <ele>1047.6</ele>
    <time>2019-01-05T12:46:03Z</time>
   </trkpt>
   <trkpt lat="42.9841400" lon="-2.3845860">
    <ele>1047.5</ele>
    <time>2019-01-05T12:46:06Z</time>
   </trkpt>
   <trkpt lat="42.9841420" lon="-2.3846240">
    <ele>1047.5</ele>
    <time>2019-01-05T12:46:08Z</time>
   </trkpt>
   <trkpt lat="42.9841410" lon="-2.3846780">
    <ele>1047.4</ele>
    <time>2019-01-05T12:46:11Z</time>
   </trkpt>
   <trkpt lat="42.9841460" lon="-2.3847300">
    <ele>1047.3</ele>
    <time>2019-01-05T12:46:14Z</time>
   </trkpt>
   <trkpt lat="42.9841520" lon="-2.3847770">
    <ele>1047.3</ele>
    <time>2019-01-05T12:46:17Z</time>
   </trkpt>
   <trkpt lat="42.9841540" lon="-2.3848210">
    <ele>1047.2</ele>
    <time>2019-01-05T12:46:20Z</time>
   </trkpt>
   <trkpt lat="42.9841500" lon="-2.3848670">
    <ele>1047.1</ele>
    <time>2019-01-05T12:46:23Z</time>
   </trkpt>
   <trkpt lat="42.9841500" lon="-2.3849140">
    <ele>1047.2</ele>
    <time>2019-01-05T12:46:26Z</time>
   </trkpt>
   <trkpt lat="42.9841620" lon="-2.3849570">
    <ele>1047.3</ele>
    <time>2019-01-05T12:46:30Z</time>
   </trkpt>
   <trkpt lat="42.9841540" lon="-2.3849930">
    <ele>1047.3</ele>
    <time>2019-01-05T12:46:37Z</time>
   </trkpt>
   <trkpt lat="42.9841280" lon="-2.3850020">
    <ele>1047.4</ele>
    <time>2019-01-05T12:46:52Z</time>
   </trkpt>
   <trkpt lat="42.9841550" lon="-2.3849880">
    <ele>1047.4</ele>
    <time>2019-01-05T12:47:05Z</time>
   </trkpt>
   <trkpt lat="42.9841570" lon="-2.3849510">
    <ele>1047.5</ele>
    <time>2019-01-05T12:47:09Z</time>
   </trkpt>
   <trkpt lat="42.9841340" lon="-2.3849080">
    <ele>1047.5</ele>
    <time>2019-01-05T12:47:12Z</time>
   </trkpt>
   <trkpt lat="42.9841260" lon="-2.3848650">
    <ele>1047.5</ele>
    <time>2019-01-05T12:47:16Z</time>
   </trkpt>
   <trkpt lat="42.9841240" lon="-2.3849020">
    <ele>1047.6</ele>
    <time>2019-01-05T12:47:24Z</time>
   </trkpt>
   <trkpt lat="42.9841110" lon="-2.3849400">
    <ele>1047.6</ele>
    <time>2019-01-05T12:47:27Z</time>
   </trkpt>
   <trkpt lat="42.9840980" lon="-2.3849830">
    <ele>1047.6</ele>
    <time>2019-01-05T12:47:30Z</time>
   </trkpt>
   <trkpt lat="42.9840860" lon="-2.3850300">
    <ele>1047.6</ele>
    <time>2019-01-05T12:47:33Z</time>
   </trkpt>
   <trkpt lat="42.9840960" lon="-2.3850810">
    <ele>1047.7</ele>
    <time>2019-01-05T12:47:36Z</time>
   </trkpt>
   <trkpt lat="42.9841050" lon="-2.3851300">
    <ele>1047.7</ele>
    <time>2019-01-05T12:47:39Z</time>
   </trkpt>
   <trkpt lat="42.9841240" lon="-2.3851760">
    <ele>1047.7</ele>
    <time>2019-01-05T12:47:42Z</time>
   </trkpt>
   <trkpt lat="42.9841420" lon="-2.3852070">
    <ele>1047.7</ele>
    <time>2019-01-05T12:47:44Z</time>
   </trkpt>
   <trkpt lat="42.9841600" lon="-2.3852470">
    <ele>1047.8</ele>
    <time>2019-01-05T12:47:47Z</time>
   </trkpt>
   <trkpt lat="42.9841620" lon="-2.3852850">
    <ele>1047.8</ele>
    <time>2019-01-05T12:47:50Z</time>
   </trkpt>
   <trkpt lat="42.9841680" lon="-2.3853280">
    <ele>1047.8</ele>
    <time>2019-01-05T12:47:53Z</time>
   </trkpt>
   <trkpt lat="42.9841740" lon="-2.3853720">
    <ele>1047.9</ele>
    <time>2019-01-05T12:47:56Z</time>
   </trkpt>
   <trkpt lat="42.9841840" lon="-2.3854130">
    <ele>1047.9</ele>
    <time>2019-01-05T12:47:59Z</time>
   </trkpt>
   <trkpt lat="42.9841920" lon="-2.3854500">
    <ele>1047.9</ele>
    <time>2019-01-05T12:48:02Z</time>
   </trkpt>
   <trkpt lat="42.9841980" lon="-2.3854860">
    <ele>1047.9</ele>
    <time>2019-01-05T12:48:05Z</time>
   </trkpt>
   <trkpt lat="42.9842130" lon="-2.3855220">
    <ele>1048.0</ele>
    <time>2019-01-05T12:48:12Z</time>
   </trkpt>
   <trkpt lat="42.9842260" lon="-2.3855640">
    <ele>1048.0</ele>
    <time>2019-01-05T12:48:17Z</time>
   </trkpt>
   <trkpt lat="42.9842310" lon="-2.3856070">
    <ele>1048.0</ele>
    <time>2019-01-05T12:48:20Z</time>
   </trkpt>
   <trkpt lat="42.9842520" lon="-2.3856390">
    <ele>1048.0</ele>
    <time>2019-01-05T12:48:28Z</time>
   </trkpt>
   <trkpt lat="42.9842700" lon="-2.3856720">
    <ele>1048.1</ele>
    <time>2019-01-05T12:48:37Z</time>
   </trkpt>
   <trkpt lat="42.9842700" lon="-2.3857180">
    <ele>1048.1</ele>
    <time>2019-01-05T12:48:48Z</time>
   </trkpt>
   <trkpt lat="42.9842600" lon="-2.3857580">
    <ele>1048.1</ele>
    <time>2019-01-05T12:48:52Z</time>
   </trkpt>
   <trkpt lat="42.9842540" lon="-2.3857990">
    <ele>1048.1</ele>
    <time>2019-01-05T12:49:01Z</time>
   </trkpt>
   <trkpt lat="42.9842460" lon="-2.3857580">
    <ele>1048.1</ele>
    <time>2019-01-05T12:49:21Z</time>
   </trkpt>
   <trkpt lat="42.9842320" lon="-2.3857160">
    <ele>1048.2</ele>
    <time>2019-01-05T12:49:30Z</time>
   </trkpt>
   <trkpt lat="42.9842070" lon="-2.3857320">
    <ele>1048.2</ele>
    <time>2019-01-05T12:49:47Z</time>
   </trkpt>
   <trkpt lat="42.9841830" lon="-2.3857130">
    <ele>1048.2</ele>
    <time>2019-01-05T12:49:53Z</time>
   </trkpt>
   <trkpt lat="42.9842030" lon="-2.3857460">
    <ele>1048.2</ele>
    <time>2019-01-05T12:50:07Z</time>
   </trkpt>
   <trkpt lat="42.9842310" lon="-2.3857500">
    <ele>1048.3</ele>
    <time>2019-01-05T12:50:10Z</time>
   </trkpt>
   <trkpt lat="42.9842040" lon="-2.3857020">
    <ele>1048.4</ele>
    <time>2019-01-05T12:50:12Z</time>
   </trkpt>
   <trkpt lat="42.9841820" lon="-2.3856720">
    <ele>1048.5</ele>
    <time>2019-01-05T12:50:14Z</time>
   </trkpt>
   <trkpt lat="42.9841700" lon="-2.3856280">
    <ele>1048.5</ele>
    <time>2019-01-05T12:50:17Z</time>
   </trkpt>
   <trkpt lat="42.9841480" lon="-2.3855920">
    <ele>1048.6</ele>
    <time>2019-01-05T12:50:19Z</time>
   </trkpt>
   <trkpt lat="42.9841840" lon="-2.3856180">
    <ele>1048.7</ele>
    <time>2019-01-05T12:50:25Z</time>
   </trkpt>
   <trkpt lat="42.9842130" lon="-2.3856560">
    <ele>1048.7</ele>
    <time>2019-01-05T12:50:27Z</time>
   </trkpt>
   <trkpt lat="42.9842170" lon="-2.3857170">
    <ele>1048.8</ele>
    <time>2019-01-05T12:50:35Z</time>
   </trkpt>
   <trkpt lat="42.9842200" lon="-2.3857590">
    <ele>1048.8</ele>
    <time>2019-01-05T12:51:13Z</time>
   </trkpt>
   <trkpt lat="42.9842250" lon="-2.3858040">
    <ele>1048.9</ele>
    <time>2019-01-05T12:51:18Z</time>
   </trkpt>
   <trkpt lat="42.9842500" lon="-2.3858340">
    <ele>1048.9</ele>
    <time>2019-01-05T12:51:21Z</time>
   </trkpt>
   <trkpt lat="42.9842110" lon="-2.3858240">
    <ele>1049.0</ele>
    <time>2019-01-05T12:51:57Z</time>
   </trkpt>
   <trkpt lat="42.9842410" lon="-2.3858370">
    <ele>1049.0</ele>
    <time>2019-01-05T12:52:04Z</time>
   </trkpt>
   <trkpt lat="42.9842180" lon="-2.3858560">
    <ele>1049.1</ele>
    <time>2019-01-05T12:52:12Z</time>
   </trkpt>
   <trkpt lat="42.9842050" lon="-2.3858970">
    <ele>1049.1</ele>
    <time>2019-01-05T12:52:16Z</time>
   </trkpt>
   <trkpt lat="42.9841710" lon="-2.3859260">
    <ele>1049.2</ele>
    <time>2019-01-05T12:52:20Z</time>
   </trkpt>
   <trkpt lat="42.9841640" lon="-2.3859630">
    <ele>1049.2</ele>
    <time>2019-01-05T12:52:28Z</time>
   </trkpt>
   <trkpt lat="42.9841730" lon="-2.3860020">
    <ele>1049.3</ele>
    <time>2019-01-05T12:52:32Z</time>
   </trkpt>
   <trkpt lat="42.9841650" lon="-2.3860480">
    <ele>1049.4</ele>
    <time>2019-01-05T12:52:36Z</time>
   </trkpt>
   <trkpt lat="42.9841540" lon="-2.3860820">
    <ele>1049.4</ele>
    <time>2019-01-05T12:52:39Z</time>
   </trkpt>
   <trkpt lat="42.9841470" lon="-2.3861210">
    <ele>1049.5</ele>
    <time>2019-01-05T12:52:42Z</time>
   </trkpt>
   <trkpt lat="42.9841540" lon="-2.3861680">
    <ele>1049.5</ele>
    <time>2019-01-05T12:52:45Z</time>
   </trkpt>
   <trkpt lat="42.9841560" lon="-2.3862180">
    <ele>1049.6</ele>
    <time>2019-01-05T12:52:48Z</time>
   </trkpt>
   <trkpt lat="42.9841530" lon="-2.3862620">
    <ele>1049.6</ele>
    <time>2019-01-05T12:52:52Z</time>
   </trkpt>
   <trkpt lat="42.9841340" lon="-2.3863040">
    <ele>1049.7</ele>
    <time>2019-01-05T12:52:55Z</time>
   </trkpt>
   <trkpt lat="42.9841280" lon="-2.3863440">
    <ele>1049.7</ele>
    <time>2019-01-05T12:52:58Z</time>
   </trkpt>
   <trkpt lat="42.9841300" lon="-2.3863850">
    <ele>1049.8</ele>
    <time>2019-01-05T12:53:01Z</time>
   </trkpt>
   <trkpt lat="42.9841280" lon="-2.3864260">
    <ele>1049.8</ele>
    <time>2019-01-05T12:53:04Z</time>
   </trkpt>
   <trkpt lat="42.9841250" lon="-2.3864670">
    <ele>1049.9</ele>
    <time>2019-01-05T12:53:07Z</time>
   </trkpt>
   <trkpt lat="42.9841220" lon="-2.3865190">
    <ele>1049.9</ele>
    <time>2019-01-05T12:53:10Z</time>
   </trkpt>
   <trkpt lat="42.9841180" lon="-2.3865620">
    <ele>1050.0</ele>
    <time>2019-01-05T12:53:13Z</time>
   </trkpt>
   <trkpt lat="42.9841120" lon="-2.3866030">
    <ele>1050.0</ele>
    <time>2019-01-05T12:53:16Z</time>
   </trkpt>
   <trkpt lat="42.9841040" lon="-2.3866450">
    <ele>1050.1</ele>
    <time>2019-01-05T12:53:19Z</time>
   </trkpt>
   <trkpt lat="42.9841030" lon="-2.3866970">
    <ele>1050.2</ele>
    <time>2019-01-05T12:53:22Z</time>
   </trkpt>
   <trkpt lat="42.9840960" lon="-2.3867470">
    <ele>1050.3</ele>
    <time>2019-01-05T12:53:25Z</time>
   </trkpt>
   <trkpt lat="42.9840970" lon="-2.3867960">
    <ele>1050.4</ele>
    <time>2019-01-05T12:53:28Z</time>
   </trkpt>
   <trkpt lat="42.9840900" lon="-2.3868420">
    <ele>1050.5</ele>
    <time>2019-01-05T12:53:31Z</time>
   </trkpt>
   <trkpt lat="42.9840820" lon="-2.3868780">
    <ele>1050.6</ele>
    <time>2019-01-05T12:53:33Z</time>
   </trkpt>
   <trkpt lat="42.9840810" lon="-2.3869270">
    <ele>1050.8</ele>
    <time>2019-01-05T12:53:36Z</time>
   </trkpt>
   <trkpt lat="42.9840790" lon="-2.3869800">
    <ele>1051.0</ele>
    <time>2019-01-05T12:53:39Z</time>
   </trkpt>
   <trkpt lat="42.9840740" lon="-2.3870170">
    <ele>1051.1</ele>
    <time>2019-01-05T12:53:41Z</time>
   </trkpt>
   <trkpt lat="42.9840640" lon="-2.3870650">
    <ele>1051.2</ele>
    <time>2019-01-05T12:53:44Z</time>
   </trkpt>
   <trkpt lat="42.9840560" lon="-2.3871120">
    <ele>1051.4</ele>
    <time>2019-01-05T12:53:47Z</time>
   </trkpt>
   <trkpt lat="42.9840500" lon="-2.3871600">
    <ele>1051.5</ele>
    <time>2019-01-05T12:53:50Z</time>
   </trkpt>
   <trkpt lat="42.9840460" lon="-2.3872070">
    <ele>1051.6</ele>
    <time>2019-01-05T12:53:53Z</time>
   </trkpt>
   <trkpt lat="42.9840420" lon="-2.3872520">
    <ele>1051.8</ele>
    <time>2019-01-05T12:53:56Z</time>
   </trkpt>
   <trkpt lat="42.9840430" lon="-2.3872930">
    <ele>1051.9</ele>
    <time>2019-01-05T12:53:59Z</time>
   </trkpt>
   <trkpt lat="42.9840510" lon="-2.3873460">
    <ele>1052.0</ele>
    <time>2019-01-05T12:54:02Z</time>
   </trkpt>
   <trkpt lat="42.9840470" lon="-2.3873830">
    <ele>1052.2</ele>
    <time>2019-01-05T12:54:04Z</time>
   </trkpt>
   <trkpt lat="42.9840310" lon="-2.3874280">
    <ele>1052.4</ele>
    <time>2019-01-05T12:54:07Z</time>
   </trkpt>
   <trkpt lat="42.9840200" lon="-2.3874750">
    <ele>1052.6</ele>
    <time>2019-01-05T12:54:10Z</time>
   </trkpt>
   <trkpt lat="42.9840150" lon="-2.3875250">
    <ele>1052.8</ele>
    <time>2019-01-05T12:54:13Z</time>
   </trkpt>
   <trkpt lat="42.9839990" lon="-2.3875750">
    <ele>1053.0</ele>
    <time>2019-01-05T12:54:16Z</time>
   </trkpt>
   <trkpt lat="42.9839850" lon="-2.3876140">
    <ele>1053.2</ele>
    <time>2019-01-05T12:54:19Z</time>
   </trkpt>
   <trkpt lat="42.9839700" lon="-2.3876580">
    <ele>1053.5</ele>
    <time>2019-01-05T12:54:22Z</time>
   </trkpt>
   <trkpt lat="42.9839650" lon="-2.3876980">
    <ele>1053.8</ele>
    <time>2019-01-05T12:54:25Z</time>
   </trkpt>
   <trkpt lat="42.9839700" lon="-2.3877440">
    <ele>1054.1</ele>
    <time>2019-01-05T12:54:28Z</time>
   </trkpt>
   <trkpt lat="42.9839690" lon="-2.3877820">
    <ele>1054.4</ele>
    <time>2019-01-05T12:54:31Z</time>
   </trkpt>
   <trkpt lat="42.9839580" lon="-2.3878180">
    <ele>1054.6</ele>
    <time>2019-01-05T12:54:34Z</time>
   </trkpt>
   <trkpt lat="42.9839550" lon="-2.3878630">
    <ele>1054.9</ele>
    <time>2019-01-05T12:54:37Z</time>
   </trkpt>
   <trkpt lat="42.9839490" lon="-2.3879140">
    <ele>1055.1</ele>
    <time>2019-01-05T12:54:40Z</time>
   </trkpt>
   <trkpt lat="42.9839260" lon="-2.3879590">
    <ele>1055.4</ele>
    <time>2019-01-05T12:54:43Z</time>
   </trkpt>
   <trkpt lat="42.9839050" lon="-2.3879970">
    <ele>1055.6</ele>
    <time>2019-01-05T12:54:45Z</time>
   </trkpt>
   <trkpt lat="42.9838910" lon="-2.3880290">
    <ele>1055.8</ele>
    <time>2019-01-05T12:54:47Z</time>
   </trkpt>
   <trkpt lat="42.9838760" lon="-2.3880700">
    <ele>1056.0</ele>
    <time>2019-01-05T12:54:50Z</time>
   </trkpt>
   <trkpt lat="42.9838550" lon="-2.3881150">
    <ele>1056.2</ele>
    <time>2019-01-05T12:54:53Z</time>
   </trkpt>
   <trkpt lat="42.9838440" lon="-2.3881580">
    <ele>1056.3</ele>
    <time>2019-01-05T12:54:56Z</time>
   </trkpt>
   <trkpt lat="42.9838320" lon="-2.3881970">
    <ele>1056.5</ele>
    <time>2019-01-05T12:54:59Z</time>
   </trkpt>
   <trkpt lat="42.9838140" lon="-2.3882330">
    <ele>1056.6</ele>
    <time>2019-01-05T12:55:02Z</time>
   </trkpt>
   <trkpt lat="42.9838170" lon="-2.3882790">
    <ele>1056.8</ele>
    <time>2019-01-05T12:55:06Z</time>
   </trkpt>
   <trkpt lat="42.9838270" lon="-2.3883150">
    <ele>1056.9</ele>
    <time>2019-01-05T12:55:09Z</time>
   </trkpt>
   <trkpt lat="42.9838330" lon="-2.3883520">
    <ele>1057.0</ele>
    <time>2019-01-05T12:55:12Z</time>
   </trkpt>
   <trkpt lat="42.9838420" lon="-2.3883870">
    <ele>1057.1</ele>
    <time>2019-01-05T12:55:14Z</time>
   </trkpt>
   <trkpt lat="42.9838500" lon="-2.3884310">
    <ele>1057.2</ele>
    <time>2019-01-05T12:55:17Z</time>
   </trkpt>
   <trkpt lat="42.9838630" lon="-2.3884700">
    <ele>1057.3</ele>
    <time>2019-01-05T12:55:20Z</time>
   </trkpt>
   <trkpt lat="42.9838750" lon="-2.3885140">
    <ele>1057.4</ele>
    <time>2019-01-05T12:55:23Z</time>
   </trkpt>
   <trkpt lat="42.9838910" lon="-2.3885450">
    <ele>1057.4</ele>
    <time>2019-01-05T12:55:25Z</time>
   </trkpt>
   <trkpt lat="42.9839090" lon="-2.3885770">
    <ele>1057.5</ele>
    <time>2019-01-05T12:55:27Z</time>
   </trkpt>
   <trkpt lat="42.9839260" lon="-2.3886170">
    <ele>1057.5</ele>
    <time>2019-01-05T12:55:30Z</time>
   </trkpt>
   <trkpt lat="42.9839400" lon="-2.3886510">
    <ele>1057.6</ele>
    <time>2019-01-05T12:55:32Z</time>
   </trkpt>
   <trkpt lat="42.9839620" lon="-2.3886910">
    <ele>1057.7</ele>
    <time>2019-01-05T12:55:35Z</time>
   </trkpt>
   <trkpt lat="42.9839810" lon="-2.3887270">
    <ele>1057.7</ele>
    <time>2019-01-05T12:55:38Z</time>
   </trkpt>
   <trkpt lat="42.9839880" lon="-2.3887630">
    <ele>1057.8</ele>
    <time>2019-01-05T12:55:41Z</time>
   </trkpt>
   <trkpt lat="42.9839960" lon="-2.3888050">
    <ele>1057.9</ele>
    <time>2019-01-05T12:55:44Z</time>
   </trkpt>
   <trkpt lat="42.9839950" lon="-2.3888450">
    <ele>1057.6</ele>
    <time>2019-01-05T12:55:47Z</time>
   </trkpt>
   <trkpt lat="42.9839850" lon="-2.3888880">
    <ele>1057.4</ele>
    <time>2019-01-05T12:55:50Z</time>
   </trkpt>
   <trkpt lat="42.9839810" lon="-2.3889300">
    <ele>1057.2</ele>
    <time>2019-01-05T12:55:53Z</time>
   </trkpt>
   <trkpt lat="42.9839930" lon="-2.3889650">
    <ele>1057.0</ele>
    <time>2019-01-05T12:55:56Z</time>
   </trkpt>
   <trkpt lat="42.9840160" lon="-2.3889940">
    <ele>1056.8</ele>
    <time>2019-01-05T12:56:22Z</time>
   </trkpt>
   <trkpt lat="42.9840250" lon="-2.3890330">
    <ele>1056.5</ele>
    <time>2019-01-05T12:56:27Z</time>
   </trkpt>
   <trkpt lat="42.9840280" lon="-2.3890720">
    <ele>1056.3</ele>
    <time>2019-01-05T12:56:31Z</time>
   </trkpt>
   <trkpt lat="42.9840310" lon="-2.3891090">
    <ele>1056.0</ele>
    <time>2019-01-05T12:56:34Z</time>
   </trkpt>
   <trkpt lat="42.9840440" lon="-2.3891470">
    <ele>1055.7</ele>
    <time>2019-01-05T12:56:37Z</time>
   </trkpt>
   <trkpt lat="42.9840680" lon="-2.3891820">
    <ele>1055.4</ele>
    <time>2019-01-05T12:56:40Z</time>
   </trkpt>
   <trkpt lat="42.9840840" lon="-2.3892130">
    <ele>1055.1</ele>
    <time>2019-01-05T12:56:42Z</time>
   </trkpt>
   <trkpt lat="42.9841000" lon="-2.3892490">
    <ele>1054.7</ele>
    <time>2019-01-05T12:56:44Z</time>
   </trkpt>
   <trkpt lat="42.9841130" lon="-2.3892940">
    <ele>1054.3</ele>
    <time>2019-01-05T12:56:47Z</time>
   </trkpt>
   <trkpt lat="42.9841310" lon="-2.3893440">
    <ele>1053.8</ele>
    <time>2019-01-05T12:56:50Z</time>
   </trkpt>
   <trkpt lat="42.9841450" lon="-2.3893840">
    <ele>1053.4</ele>
    <time>2019-01-05T12:56:53Z</time>
   </trkpt>
   <trkpt lat="42.9841440" lon="-2.3894280">
    <ele>1052.8</ele>
    <time>2019-01-05T12:56:56Z</time>
   </trkpt>
   <trkpt lat="42.9841370" lon="-2.3894730">
    <ele>1052.3</ele>
    <time>2019-01-05T12:56:59Z</time>
   </trkpt>
   <trkpt lat="42.9841450" lon="-2.3895190">
    <ele>1051.6</ele>
    <time>2019-01-05T12:57:02Z</time>
   </trkpt>
   <trkpt lat="42.9841590" lon="-2.3895530">
    <ele>1051.0</ele>
    <time>2019-01-05T12:57:04Z</time>
   </trkpt>
   <trkpt lat="42.9841670" lon="-2.3895920">
    <ele>1050.4</ele>
    <time>2019-01-05T12:57:07Z</time>
   </trkpt>
   <trkpt lat="42.9841700" lon="-2.3896300">
    <ele>1049.8</ele>
    <time>2019-01-05T12:57:11Z</time>
   </trkpt>
   <trkpt lat="42.9841710" lon="-2.3896770">
    <ele>1049.1</ele>
    <time>2019-01-05T12:57:15Z</time>
   </trkpt>
   <trkpt lat="42.9841750" lon="-2.3897130">
    <ele>1048.5</ele>
    <time>2019-01-05T12:57:18Z</time>
   </trkpt>
   <trkpt lat="42.9841840" lon="-2.3897570">
    <ele>1047.8</ele>
    <time>2019-01-05T12:57:22Z</time>
   </trkpt>
   <trkpt lat="42.9841870" lon="-2.3898010">
    <ele>1047.0</ele>
    <time>2019-01-05T12:57:26Z</time>
   </trkpt>
   <trkpt lat="42.9841950" lon="-2.3898420">
    <ele>1046.3</ele>
    <time>2019-01-05T12:57:29Z</time>
   </trkpt>
   <trkpt lat="42.9842060" lon="-2.3898800">
    <ele>1045.5</ele>
    <time>2019-01-05T12:57:32Z</time>
   </trkpt>
   <trkpt lat="42.9842320" lon="-2.3899130">
    <ele>1044.6</ele>
    <time>2019-01-05T12:57:35Z</time>
   </trkpt>
   <trkpt lat="42.9842690" lon="-2.3899340">
    <ele>1043.6</ele>
    <time>2019-01-05T12:57:39Z</time>
   </trkpt>
   <trkpt lat="42.9842930" lon="-2.3899640">
    <ele>1042.2</ele>
    <time>2019-01-05T12:57:44Z</time>
   </trkpt>
   <trkpt lat="42.9843000" lon="-2.3900050">
    <ele>1041.8</ele>
    <time>2019-01-05T12:57:49Z</time>
   </trkpt>
   <trkpt lat="42.9843100" lon="-2.3900400">
    <ele>1041.4</ele>
    <time>2019-01-05T12:57:52Z</time>
   </trkpt>
   <trkpt lat="42.9843260" lon="-2.3900800">
    <ele>1040.9</ele>
    <time>2019-01-05T12:57:55Z</time>
   </trkpt>
   <trkpt lat="42.9843380" lon="-2.3901170">
    <ele>1040.4</ele>
    <time>2019-01-05T12:57:58Z</time>
   </trkpt>
   <trkpt lat="42.9843390" lon="-2.3901550">
    <ele>1040.0</ele>
    <time>2019-01-05T12:58:01Z</time>
   </trkpt>
   <trkpt lat="42.9843420" lon="-2.3901930">
    <ele>1039.6</ele>
    <time>2019-01-05T12:58:04Z</time>
   </trkpt>
   <trkpt lat="42.9843510" lon="-2.3902360">
    <ele>1039.1</ele>
    <time>2019-01-05T12:58:07Z</time>
   </trkpt>
   <trkpt lat="42.9843650" lon="-2.3902800">
    <ele>1038.6</ele>
    <time>2019-01-05T12:58:11Z</time>
   </trkpt>
   <trkpt lat="42.9843520" lon="-2.3903180">
    <ele>1038.2</ele>
    <time>2019-01-05T12:58:13Z</time>
   </trkpt>
   <trkpt lat="42.9843270" lon="-2.3903430">
    <ele>1037.7</ele>
    <time>2019-01-05T12:58:15Z</time>
   </trkpt>
   <trkpt lat="42.9843460" lon="-2.3903830">
    <ele>1037.2</ele>
    <time>2019-01-05T12:58:19Z</time>
   </trkpt>
   <trkpt lat="42.9843610" lon="-2.3904210">
    <ele>1036.7</ele>
    <time>2019-01-05T12:58:23Z</time>
   </trkpt>
   <trkpt lat="42.9843820" lon="-2.3904520">
    <ele>1036.3</ele>
    <time>2019-01-05T12:58:26Z</time>
   </trkpt>
   <trkpt lat="42.9844040" lon="-2.3904790">
    <ele>1035.8</ele>
    <time>2019-01-05T12:58:28Z</time>
   </trkpt>
   <trkpt lat="42.9844300" lon="-2.3904940">
    <ele>1035.4</ele>
    <time>2019-01-05T12:58:34Z</time>
   </trkpt>
   <trkpt lat="42.9844450" lon="-2.3905370">
    <ele>1034.9</ele>
    <time>2019-01-05T12:58:39Z</time>
   </trkpt>
   <trkpt lat="42.9844540" lon="-2.3905780">
    <ele>1034.5</ele>
    <time>2019-01-05T12:58:44Z</time>
   </trkpt>
   <trkpt lat="42.9844950" lon="-2.3905990">
    <ele>1033.8</ele>
    <time>2019-01-05T12:58:46Z</time>
   </trkpt>
   <trkpt lat="42.9845330" lon="-2.3906190">
    <ele>1033.1</ele>
    <time>2019-01-05T12:58:48Z</time>
   </trkpt>
   <trkpt lat="42.9845650" lon="-2.3906430">
    <ele>1032.3</ele>
    <time>2019-01-05T12:58:50Z</time>
   </trkpt>
   <trkpt lat="42.9845840" lon="-2.3906700">
    <ele>1031.8</ele>
    <time>2019-01-05T12:58:53Z</time>
   </trkpt>
   <trkpt lat="42.9846080" lon="-2.3906980">
    <ele>1031.1</ele>
    <time>2019-01-05T12:58:55Z</time>
   </trkpt>
   <trkpt lat="42.9846150" lon="-2.3907340">
    <ele>1030.5</ele>
    <time>2019-01-05T12:58:58Z</time>
   </trkpt>
   <trkpt lat="42.9846360" lon="-2.3907580">
    <ele>1030.0</ele>
    <time>2019-01-05T12:59:00Z</time>
   </trkpt>
   <trkpt lat="42.9846640" lon="-2.3907840">
    <ele>1029.3</ele>
    <time>2019-01-05T12:59:02Z</time>
   </trkpt>
   <trkpt lat="42.9846240" lon="-2.3907840">
    <ele>1028.6</ele>
    <time>2019-01-05T12:59:21Z</time>
   </trkpt>
   <trkpt lat="42.9846000" lon="-2.3908090">
    <ele>1027.9</ele>
    <time>2019-01-05T12:59:25Z</time>
   </trkpt>
   <trkpt lat="42.9845950" lon="-2.3908480">
    <ele>1027.2</ele>
    <time>2019-01-05T12:59:28Z</time>
   </trkpt>
   <trkpt lat="42.9845750" lon="-2.3908840">
    <ele>1026.4</ele>
    <time>2019-01-05T12:59:33Z</time>
   </trkpt>
   <trkpt lat="42.9845660" lon="-2.3909210">
    <ele>1025.7</ele>
    <time>2019-01-05T12:59:43Z</time>
   </trkpt>
   <trkpt lat="42.9845910" lon="-2.3909360">
    <ele>1025.2</ele>
    <time>2019-01-05T12:59:50Z</time>
   </trkpt>
   <trkpt lat="42.9845880" lon="-2.3909730">
    <ele>1024.9</ele>
    <time>2019-01-05T12:59:58Z</time>
   </trkpt>
   <trkpt lat="42.9845980" lon="-2.3910130">
    <ele>1024.6</ele>
    <time>2019-01-05T13:00:04Z</time>
   </trkpt>
   <trkpt lat="42.9846320" lon="-2.3910340">
    <ele>1024.1</ele>
    <time>2019-01-05T13:00:07Z</time>
   </trkpt>
   <trkpt lat="42.9846480" lon="-2.3910740">
    <ele>1023.5</ele>
    <time>2019-01-05T13:00:12Z</time>
   </trkpt>
   <trkpt lat="42.9846660" lon="-2.3911140">
    <ele>1022.7</ele>
    <time>2019-01-05T13:00:15Z</time>
   </trkpt>
   <trkpt lat="42.9846690" lon="-2.3911510">
    <ele>1022.1</ele>
    <time>2019-01-05T13:00:18Z</time>
   </trkpt>
   <trkpt lat="42.9846660" lon="-2.3911980">
    <ele>1021.3</ele>
    <time>2019-01-05T13:00:22Z</time>
   </trkpt>
   <trkpt lat="42.9846540" lon="-2.3912400">
    <ele>1020.6</ele>
    <time>2019-01-05T13:00:25Z</time>
   </trkpt>
   <trkpt lat="42.9846370" lon="-2.3912740">
    <ele>1020.0</ele>
    <time>2019-01-05T13:00:28Z</time>
   </trkpt>
   <trkpt lat="42.9846520" lon="-2.3913160">
    <ele>1019.5</ele>
    <time>2019-01-05T13:00:33Z</time>
   </trkpt>
   <trkpt lat="42.9846760" lon="-2.3913360">
    <ele>1019.0</ele>
    <time>2019-01-05T13:00:35Z</time>
   </trkpt>
   <trkpt lat="42.9846930" lon="-2.3913730">
    <ele>1018.5</ele>
    <time>2019-01-05T13:00:38Z</time>
   </trkpt>
   <trkpt lat="42.9846830" lon="-2.3914230">
    <ele>1017.9</ele>
    <time>2019-01-05T13:00:42Z</time>
   </trkpt>
   <trkpt lat="42.9846780" lon="-2.3914720">
    <ele>1017.5</ele>
    <time>2019-01-05T13:00:45Z</time>
   </trkpt>
   <trkpt lat="42.9847000" lon="-2.3915110">
    <ele>1017.2</ele>
    <time>2019-01-05T13:00:48Z</time>
   </trkpt>
   <trkpt lat="42.9847060" lon="-2.3915530">
    <ele>1016.8</ele>
    <time>2019-01-05T13:00:51Z</time>
   </trkpt>
   <trkpt lat="42.9846980" lon="-2.3915950">
    <ele>1016.5</ele>
    <time>2019-01-05T13:00:56Z</time>
   </trkpt>
   <trkpt lat="42.9846860" lon="-2.3916450">
    <ele>1016.0</ele>
    <time>2019-01-05T13:01:00Z</time>
   </trkpt>
   <trkpt lat="42.9846880" lon="-2.3916830">
    <ele>1015.6</ele>
    <time>2019-01-05T13:01:05Z</time>
   </trkpt>
   <trkpt lat="42.9847030" lon="-2.3917200">
    <ele>1015.2</ele>
    <time>2019-01-05T13:01:08Z</time>
   </trkpt>
   <trkpt lat="42.9846880" lon="-2.3917520">
    <ele>1014.8</ele>
    <time>2019-01-05T13:01:11Z</time>
   </trkpt>
   <trkpt lat="42.9846930" lon="-2.3917950">
    <ele>1014.4</ele>
    <time>2019-01-05T13:01:16Z</time>
   </trkpt>
   <trkpt lat="42.9847090" lon="-2.3918330">
    <ele>1013.8</ele>
    <time>2019-01-05T13:01:20Z</time>
   </trkpt>
   <trkpt lat="42.9847150" lon="-2.3918800">
    <ele>1013.3</ele>
    <time>2019-01-05T13:01:24Z</time>
   </trkpt>
   <trkpt lat="42.9847050" lon="-2.3919210">
    <ele>1012.7</ele>
    <time>2019-01-05T13:01:27Z</time>
   </trkpt>
   <trkpt lat="42.9847380" lon="-2.3919550">
    <ele>1012.1</ele>
    <time>2019-01-05T13:01:29Z</time>
   </trkpt>
   <trkpt lat="42.9847710" lon="-2.3919810">
    <ele>1011.7</ele>
    <time>2019-01-05T13:01:31Z</time>
   </trkpt>
   <trkpt lat="42.9847920" lon="-2.3920100">
    <ele>1011.4</ele>
    <time>2019-01-05T13:01:33Z</time>
   </trkpt>
   <trkpt lat="42.9848170" lon="-2.3920400">
    <ele>1011.0</ele>
    <time>2019-01-05T13:01:36Z</time>
   </trkpt>
   <trkpt lat="42.9848080" lon="-2.3920770">
    <ele>1010.7</ele>
    <time>2019-01-05T13:01:41Z</time>
   </trkpt>
   <trkpt lat="42.9847920" lon="-2.3921240">
    <ele>1010.3</ele>
    <time>2019-01-05T13:01:44Z</time>
   </trkpt>
   <trkpt lat="42.9847890" lon="-2.3921610">
    <ele>1009.9</ele>
    <time>2019-01-05T13:01:46Z</time>
   </trkpt>
   <trkpt lat="42.9847800" lon="-2.3921990">
    <ele>1009.4</ele>
    <time>2019-01-05T13:01:49Z</time>
   </trkpt>
   <trkpt lat="42.9847950" lon="-2.3922330">
    <ele>1008.9</ele>
    <time>2019-01-05T13:01:53Z</time>
   </trkpt>
   <trkpt lat="42.9847730" lon="-2.3922730">
    <ele>1008.4</ele>
    <time>2019-01-05T13:01:56Z</time>
   </trkpt>
   <trkpt lat="42.9847620" lon="-2.3923110">
    <ele>1007.9</ele>
    <time>2019-01-05T13:02:00Z</time>
   </trkpt>
   <trkpt lat="42.9847460" lon="-2.3923440">
    <ele>1007.5</ele>
    <time>2019-01-05T13:02:03Z</time>
   </trkpt>
   <trkpt lat="42.9847450" lon="-2.3923810">
    <ele>1007.1</ele>
    <time>2019-01-05T13:02:06Z</time>
   </trkpt>
   <trkpt lat="42.9847520" lon="-2.3924230">
    <ele>1006.6</ele>
    <time>2019-01-05T13:02:09Z</time>
   </trkpt>
   <trkpt lat="42.9847710" lon="-2.3924560">
    <ele>1006.1</ele>
    <time>2019-01-05T13:02:11Z</time>
   </trkpt>
   <trkpt lat="42.9847990" lon="-2.3924980">
    <ele>1005.5</ele>
    <time>2019-01-05T13:02:14Z</time>
   </trkpt>
   <trkpt lat="42.9848080" lon="-2.3925390">
    <ele>1005.0</ele>
    <time>2019-01-05T13:02:16Z</time>
   </trkpt>
   <trkpt lat="42.9847720" lon="-2.3925300">
    <ele>1004.5</ele>
    <time>2019-01-05T13:02:20Z</time>
   </trkpt>
   <trkpt lat="42.9847220" lon="-2.3924920">
    <ele>1003.6</ele>
    <time>2019-01-05T13:02:22Z</time>
   </trkpt>
   <trkpt lat="42.9846960" lon="-2.3924790">
    <ele>1003.1</ele>
    <time>2019-01-05T13:02:23Z</time>
   </trkpt>
   <trkpt lat="42.9846650" lon="-2.3925010">
    <ele>1002.4</ele>
    <time>2019-01-05T13:02:27Z</time>
   </trkpt>
   <trkpt lat="42.9846960" lon="-2.3924880">
    <ele>1001.8</ele>
    <time>2019-01-05T13:02:38Z</time>
   </trkpt>
   <trkpt lat="42.9847030" lon="-2.3924450">
    <ele>1001.4</ele>
    <time>2019-01-05T13:03:09Z</time>
   </trkpt>
   <trkpt lat="42.9847310" lon="-2.3924070">
    <ele>1000.8</ele>
    <time>2019-01-05T13:03:12Z</time>
   </trkpt>
   <trkpt lat="42.9847520" lon="-2.3923810">
    <ele>1000.5</ele>
    <time>2019-01-05T13:03:16Z</time>
   </trkpt>
   <trkpt lat="42.9847770" lon="-2.3924070">
    <ele>1000.1</ele>
    <time>2019-01-05T13:03:20Z</time>
   </trkpt>
   <trkpt lat="42.9848100" lon="-2.3924330">
    <ele>999.5</ele>
    <time>2019-01-05T13:03:23Z</time>
   </trkpt>
   <trkpt lat="42.9848340" lon="-2.3924580">
    <ele>999.0</ele>
    <time>2019-01-05T13:03:26Z</time>
   </trkpt>
   <trkpt lat="42.9848650" lon="-2.3924500">
    <ele>998.5</ele>
    <time>2019-01-05T13:03:35Z</time>
   </trkpt>
   <trkpt lat="42.9848400" lon="-2.3924680">
    <ele>998.1</ele>
    <time>2019-01-05T13:03:44Z</time>
   </trkpt>
   <trkpt lat="42.9848120" lon="-2.3924840">
    <ele>997.6</ele>
    <time>2019-01-05T13:03:48Z</time>
   </trkpt>
   <trkpt lat="42.9847950" lon="-2.3924530">
    <ele>997.2</ele>
    <time>2019-01-05T13:03:52Z</time>
   </trkpt>
   <trkpt lat="42.9848400" lon="-2.3924930">
    <ele>996.5</ele>
    <time>2019-01-05T13:03:54Z</time>
   </trkpt>
   <trkpt lat="42.9848890" lon="-2.3925040">
    <ele>995.9</ele>
    <time>2019-01-05T13:04:07Z</time>
   </trkpt>
   <trkpt lat="42.9848750" lon="-2.3924650">
    <ele>995.5</ele>
    <time>2019-01-05T13:04:10Z</time>
   </trkpt>
   <trkpt lat="42.9848610" lon="-2.3924250">
    <ele>995.2</ele>
    <time>2019-01-05T13:04:13Z</time>
   </trkpt>
   <trkpt lat="42.9848490" lon="-2.3923820">
    <ele>994.9</ele>
    <time>2019-01-05T13:04:17Z</time>
   </trkpt>
   <trkpt lat="42.9848890" lon="-2.3923810">
    <ele>994.4</ele>
    <time>2019-01-05T13:04:23Z</time>
   </trkpt>
   <trkpt lat="42.9849270" lon="-2.3923930">
    <ele>994.1</ele>
    <time>2019-01-05T13:04:26Z</time>
   </trkpt>
   <trkpt lat="42.9849000" lon="-2.3924150">
    <ele>993.8</ele>
    <time>2019-01-05T13:04:37Z</time>
   </trkpt>
   <trkpt lat="42.9848670" lon="-2.3924000">
    <ele>993.4</ele>
    <time>2019-01-05T13:04:39Z</time>
   </trkpt>
   <trkpt lat="42.9848350" lon="-2.3923890">
    <ele>993.1</ele>
    <time>2019-01-05T13:04:43Z</time>
   </trkpt>
   <trkpt lat="42.9848530" lon="-2.3924340">
    <ele>992.9</ele>
    <time>2019-01-05T13:05:31Z</time>
   </trkpt>
   <trkpt lat="42.9848150" lon="-2.3924180">
    <ele>992.6</ele>
    <time>2019-01-05T13:05:34Z</time>
   </trkpt>
   <trkpt lat="42.9847850" lon="-2.3924250">
    <ele>992.4</ele>
    <time>2019-01-05T13:05:36Z</time>
   </trkpt>
   <trkpt lat="42.9847580" lon="-2.3924580">
    <ele>992.2</ele>
    <time>2019-01-05T13:05:39Z</time>
   </trkpt>
   <trkpt lat="42.9847760" lon="-2.3924960">
    <ele>991.8</ele>
    <time>2019-01-05T13:05:51Z</time>
   </trkpt>
   <trkpt lat="42.9847760" lon="-2.3925360">
    <ele>991.4</ele>
    <time>2019-01-05T13:05:56Z</time>
   </trkpt>
   <trkpt lat="42.9847580" lon="-2.3925700">
    <ele>991.0</ele>
    <time>2019-01-05T13:05:59Z</time>
   </trkpt>
   <trkpt lat="42.9847400" lon="-2.3926160">
    <ele>990.9</ele>
    <time>2019-01-05T13:06:02Z</time>
   </trkpt>
   <trkpt lat="42.9847340" lon="-2.3926520">
    <ele>990.9</ele>
    <time>2019-01-05T13:06:06Z</time>
   </trkpt>
   <trkpt lat="42.9847440" lon="-2.3926970">
    <ele>990.9</ele>
    <time>2019-01-05T13:06:09Z</time>
   </trkpt>
   <trkpt lat="42.9847250" lon="-2.3927320">
    <ele>990.7</ele>
    <time>2019-01-05T13:06:12Z</time>
   </trkpt>
   <trkpt lat="42.9847090" lon="-2.3927770">
    <ele>990.2</ele>
    <time>2019-01-05T13:06:15Z</time>
   </trkpt>
   <trkpt lat="42.9846920" lon="-2.3928090">
    <ele>989.8</ele>
    <time>2019-01-05T13:06:17Z</time>
   </trkpt>
   <trkpt lat="42.9846720" lon="-2.3928490">
    <ele>989.3</ele>
    <time>2019-01-05T13:06:20Z</time>
   </trkpt>
   <trkpt lat="42.9846700" lon="-2.3928950">
    <ele>988.8</ele>
    <time>2019-01-05T13:06:23Z</time>
   </trkpt>
   <trkpt lat="42.9846650" lon="-2.3929370">
    <ele>988.4</ele>
    <time>2019-01-05T13:06:26Z</time>
   </trkpt>
   <trkpt lat="42.9846440" lon="-2.3929820">
    <ele>987.7</ele>
    <time>2019-01-05T13:06:30Z</time>
   </trkpt>
   <trkpt lat="42.9846300" lon="-2.3930210">
    <ele>987.3</ele>
    <time>2019-01-05T13:06:33Z</time>
   </trkpt>
   <trkpt lat="42.9846510" lon="-2.3930570">
    <ele>986.8</ele>
    <time>2019-01-05T13:06:35Z</time>
   </trkpt>
   <trkpt lat="42.9846720" lon="-2.3930960">
    <ele>986.3</ele>
    <time>2019-01-05T13:06:37Z</time>
   </trkpt>
   <trkpt lat="42.9846870" lon="-2.3931340">
    <ele>985.9</ele>
    <time>2019-01-05T13:06:39Z</time>
   </trkpt>
   <trkpt lat="42.9846890" lon="-2.3931830">
    <ele>985.3</ele>
    <time>2019-01-05T13:06:42Z</time>
   </trkpt>
   <trkpt lat="42.9846750" lon="-2.3932160">
    <ele>984.9</ele>
    <time>2019-01-05T13:06:46Z</time>
   </trkpt>
   <trkpt lat="42.9846900" lon="-2.3932630">
    <ele>984.4</ele>
    <time>2019-01-05T13:06:50Z</time>
   </trkpt>
   <trkpt lat="42.9846750" lon="-2.3933050">
    <ele>984.0</ele>
    <time>2019-01-05T13:06:54Z</time>
   </trkpt>
   <trkpt lat="42.9846490" lon="-2.3933370">
    <ele>983.6</ele>
    <time>2019-01-05T13:06:57Z</time>
   </trkpt>
   <trkpt lat="42.9846430" lon="-2.3933860">
    <ele>983.1</ele>
    <time>2019-01-05T13:07:00Z</time>
   </trkpt>
   <trkpt lat="42.9846480" lon="-2.3934230">
    <ele>982.8</ele>
    <time>2019-01-05T13:07:02Z</time>
   </trkpt>
   <trkpt lat="42.9846520" lon="-2.3934640">
    <ele>982.4</ele>
    <time>2019-01-05T13:07:05Z</time>
   </trkpt>
   <trkpt lat="42.9846450" lon="-2.3935090">
    <ele>982.0</ele>
    <time>2019-01-05T13:07:08Z</time>
   </trkpt>
   <trkpt lat="42.9846330" lon="-2.3935480">
    <ele>981.7</ele>
    <time>2019-01-05T13:07:11Z</time>
   </trkpt>
   <trkpt lat="42.9846180" lon="-2.3935890">
    <ele>981.2</ele>
    <time>2019-01-05T13:07:14Z</time>
   </trkpt>
   <trkpt lat="42.9846120" lon="-2.3936370">
    <ele>980.6</ele>
    <time>2019-01-05T13:07:18Z</time>
   </trkpt>
   <trkpt lat="42.9846120" lon="-2.3936910">
    <ele>979.9</ele>
    <time>2019-01-05T13:07:22Z</time>
   </trkpt>
   <trkpt lat="42.9846100" lon="-2.3937340">
    <ele>979.4</ele>
    <time>2019-01-05T13:07:24Z</time>
   </trkpt>
   <trkpt lat="42.9846060" lon="-2.3937750">
    <ele>978.9</ele>
    <time>2019-01-05T13:07:26Z</time>
   </trkpt>
   <trkpt lat="42.9845980" lon="-2.3938190">
    <ele>978.3</ele>
    <time>2019-01-05T13:07:28Z</time>
   </trkpt>
   <trkpt lat="42.9845880" lon="-2.3938630">
    <ele>977.7</ele>
    <time>2019-01-05T13:07:30Z</time>
   </trkpt>
   <trkpt lat="42.9845780" lon="-2.3939040">
    <ele>977.2</ele>
    <time>2019-01-05T13:07:32Z</time>
   </trkpt>
   <trkpt lat="42.9845730" lon="-2.3939410">
    <ele>976.6</ele>
    <time>2019-01-05T13:07:34Z</time>
   </trkpt>
   <trkpt lat="42.9845590" lon="-2.3939760">
    <ele>975.9</ele>
    <time>2019-01-05T13:07:36Z</time>
   </trkpt>
   <trkpt lat="42.9845420" lon="-2.3940160">
    <ele>975.2</ele>
    <time>2019-01-05T13:07:39Z</time>
   </trkpt>
   <trkpt lat="42.9845310" lon="-2.3940500">
    <ele>974.6</ele>
    <time>2019-01-05T13:07:41Z</time>
   </trkpt>
   <trkpt lat="42.9845140" lon="-2.3940930">
    <ele>973.7</ele>
    <time>2019-01-05T13:07:44Z</time>
   </trkpt>
   <trkpt lat="42.9845140" lon="-2.3941340">
    <ele>973.0</ele>
    <time>2019-01-05T13:07:46Z</time>
   </trkpt>
   <trkpt lat="42.9845180" lon="-2.3941730">
    <ele>972.2</ele>
    <time>2019-01-05T13:07:48Z</time>
   </trkpt>
   <trkpt lat="42.9845220" lon="-2.3942110">
    <ele>971.5</ele>
    <time>2019-01-05T13:07:50Z</time>
   </trkpt>
   <trkpt lat="42.9845210" lon="-2.3942640">
    <ele>970.5</ele>
    <time>2019-01-05T13:07:53Z</time>
   </trkpt>
   <trkpt lat="42.9845170" lon="-2.3943190">
    <ele>969.4</ele>
    <time>2019-01-05T13:07:56Z</time>
   </trkpt>
   <trkpt lat="42.9845130" lon="-2.3943640">
    <ele>968.5</ele>
    <time>2019-01-05T13:07:58Z</time>
   </trkpt>
   <trkpt lat="42.9845010" lon="-2.3943970">
    <ele>967.9</ele>
    <time>2019-01-05T13:08:00Z</time>
   </trkpt>
   <trkpt lat="42.9844770" lon="-2.3944310">
    <ele>967.1</ele>
    <time>2019-01-05T13:08:03Z</time>
   </trkpt>
   <trkpt lat="42.9844590" lon="-2.3944610">
    <ele>966.4</ele>
    <time>2019-01-05T13:08:07Z</time>
   </trkpt>
   <trkpt lat="42.9844460" lon="-2.3944940">
    <ele>965.7</ele>
    <time>2019-01-05T13:08:09Z</time>
   </trkpt>
   <trkpt lat="42.9844290" lon="-2.3945390">
    <ele>964.9</ele>
    <time>2019-01-05T13:08:12Z</time>
   </trkpt>
   <trkpt lat="42.9844170" lon="-2.3945770">
    <ele>964.3</ele>
    <time>2019-01-05T13:08:15Z</time>
   </trkpt>
   <trkpt lat="42.9844190" lon="-2.3946200">
    <ele>963.6</ele>
    <time>2019-01-05T13:08:18Z</time>
   </trkpt>
   <trkpt lat="42.9844120" lon="-2.3946710">
    <ele>962.9</ele>
    <time>2019-01-05T13:08:21Z</time>
   </trkpt>
   <trkpt lat="42.9844040" lon="-2.3947080">
    <ele>962.4</ele>
    <time>2019-01-05T13:08:23Z</time>
   </trkpt>
   <trkpt lat="42.9843950" lon="-2.3947460">
    <ele>962.0</ele>
    <time>2019-01-05T13:08:42Z</time>
   </trkpt>
   <trkpt lat="42.9843840" lon="-2.3947890">
    <ele>961.6</ele>
    <time>2019-01-05T13:08:45Z</time>
   </trkpt>
   <trkpt lat="42.9843720" lon="-2.3948280">
    <ele>961.1</ele>
    <time>2019-01-05T13:08:49Z</time>
   </trkpt>
   <trkpt lat="42.9843480" lon="-2.3948620">
    <ele>960.7</ele>
    <time>2019-01-05T13:08:52Z</time>
   </trkpt>
   <trkpt lat="42.9843310" lon="-2.3949110">
    <ele>960.1</ele>
    <time>2019-01-05T13:08:54Z</time>
   </trkpt>
   <trkpt lat="42.9843140" lon="-2.3949430">
    <ele>959.7</ele>
    <time>2019-01-05T13:08:57Z</time>
   </trkpt>
   <trkpt lat="42.9842970" lon="-2.3949790">
    <ele>959.3</ele>
    <time>2019-01-05T13:09:09Z</time>
   </trkpt>
   <trkpt lat="42.9842900" lon="-2.3950160">
    <ele>958.8</ele>
    <time>2019-01-05T13:09:12Z</time>
   </trkpt>
   <trkpt lat="42.9843120" lon="-2.3950590">
    <ele>958.6</ele>
    <time>2019-01-05T13:09:15Z</time>
   </trkpt>
   <trkpt lat="42.9843360" lon="-2.3950970">
    <ele>958.4</ele>
    <time>2019-01-05T13:09:18Z</time>
   </trkpt>
   <trkpt lat="42.9843490" lon="-2.3951460">
    <ele>958.2</ele>
    <time>2019-01-05T13:09:21Z</time>
   </trkpt>
   <trkpt lat="42.9843440" lon="-2.3951970">
    <ele>957.9</ele>
    <time>2019-01-05T13:09:24Z</time>
   </trkpt>
   <trkpt lat="42.9843480" lon="-2.3952350">
    <ele>957.6</ele>
    <time>2019-01-05T13:09:26Z</time>
   </trkpt>
   <trkpt lat="42.9843530" lon="-2.3952760">
    <ele>957.4</ele>
    <time>2019-01-05T13:09:29Z</time>
   </trkpt>
   <trkpt lat="42.9843480" lon="-2.3953200">
    <ele>957.1</ele>
    <time>2019-01-05T13:09:33Z</time>
   </trkpt>
   <trkpt lat="42.9843670" lon="-2.3953480">
    <ele>956.9</ele>
    <time>2019-01-05T13:09:36Z</time>
   </trkpt>
   <trkpt lat="42.9843890" lon="-2.3953870">
    <ele>956.7</ele>
    <time>2019-01-05T13:09:39Z</time>
   </trkpt>
   <trkpt lat="42.9843990" lon="-2.3954370">
    <ele>956.6</ele>
    <time>2019-01-05T13:09:42Z</time>
   </trkpt>
   <trkpt lat="42.9844160" lon="-2.3954710">
    <ele>956.4</ele>
    <time>2019-01-05T13:09:44Z</time>
   </trkpt>
   <trkpt lat="42.9844320" lon="-2.3955070">
    <ele>956.3</ele>
    <time>2019-01-05T13:09:46Z</time>
   </trkpt>
   <trkpt lat="42.9844210" lon="-2.3955490">
    <ele>956.2</ele>
    <time>2019-01-05T13:09:51Z</time>
   </trkpt>
   <trkpt lat="42.9844140" lon="-2.3955880">
    <ele>956.1</ele>
    <time>2019-01-05T13:09:54Z</time>
   </trkpt>
   <trkpt lat="42.9844280" lon="-2.3956320">
    <ele>956.1</ele>
    <time>2019-01-05T13:09:57Z</time>
   </trkpt>
   <trkpt lat="42.9844510" lon="-2.3956740">
    <ele>955.9</ele>
    <time>2019-01-05T13:10:01Z</time>
   </trkpt>
   <trkpt lat="42.9844590" lon="-2.3957160">
    <ele>955.8</ele>
    <time>2019-01-05T13:10:05Z</time>
   </trkpt>
   <trkpt lat="42.9844790" lon="-2.3957610">
    <ele>955.7</ele>
    <time>2019-01-05T13:10:10Z</time>
   </trkpt>
   <trkpt lat="42.9844990" lon="-2.3957880">
    <ele>955.6</ele>
    <time>2019-01-05T13:10:12Z</time>
   </trkpt>
   <trkpt lat="42.9845180" lon="-2.3958150">
    <ele>955.5</ele>
    <time>2019-01-05T13:10:14Z</time>
   </trkpt>
   <trkpt lat="42.9845390" lon="-2.3958410">
    <ele>955.4</ele>
    <time>2019-01-05T13:10:16Z</time>
   </trkpt>
   <trkpt lat="42.9845630" lon="-2.3958710">
    <ele>955.3</ele>
    <time>2019-01-05T13:10:19Z</time>
   </trkpt>
   <trkpt lat="42.9845690" lon="-2.3959130">
    <ele>955.2</ele>
    <time>2019-01-05T13:10:22Z</time>
   </trkpt>
   <trkpt lat="42.9845930" lon="-2.3959560">
    <ele>955.0</ele>
    <time>2019-01-05T13:10:24Z</time>
   </trkpt>
   <trkpt lat="42.9846110" lon="-2.3959860">
    <ele>955.0</ele>
    <time>2019-01-05T13:10:26Z</time>
   </trkpt>
   <trkpt lat="42.9846250" lon="-2.3960320">
    <ele>954.8</ele>
    <time>2019-01-05T13:10:29Z</time>
   </trkpt>
   <trkpt lat="42.9846390" lon="-2.3960660">
    <ele>954.7</ele>
    <time>2019-01-05T13:10:31Z</time>
   </trkpt>
   <trkpt lat="42.9846530" lon="-2.3961010">
    <ele>954.6</ele>
    <time>2019-01-05T13:10:33Z</time>
   </trkpt>
   <trkpt lat="42.9846680" lon="-2.3961450">
    <ele>954.5</ele>
    <time>2019-01-05T13:10:35Z</time>
   </trkpt>
   <trkpt lat="42.9846830" lon="-2.3961840">
    <ele>954.4</ele>
    <time>2019-01-05T13:10:38Z</time>
   </trkpt>
   <trkpt lat="42.9846900" lon="-2.3962240">
    <ele>954.2</ele>
    <time>2019-01-05T13:10:41Z</time>
   </trkpt>
   <trkpt lat="42.9846900" lon="-2.3962620">
    <ele>954.0</ele>
    <time>2019-01-05T13:10:44Z</time>
   </trkpt>
   <trkpt lat="42.9846970" lon="-2.3962990">
    <ele>953.9</ele>
    <time>2019-01-05T13:10:47Z</time>
   </trkpt>
   <trkpt lat="42.9847190" lon="-2.3963280">
    <ele>953.7</ele>
    <time>2019-01-05T13:10:50Z</time>
   </trkpt>
   <trkpt lat="42.9847220" lon="-2.3963740">
    <ele>953.4</ele>
    <time>2019-01-05T13:10:57Z</time>
   </trkpt>
   <trkpt lat="42.9847430" lon="-2.3964090">
    <ele>953.1</ele>
    <time>2019-01-05T13:11:00Z</time>
   </trkpt>
   <trkpt lat="42.9847620" lon="-2.3964410">
    <ele>952.9</ele>
    <time>2019-01-05T13:11:02Z</time>
   </trkpt>
   <trkpt lat="42.9847820" lon="-2.3964700">
    <ele>952.6</ele>
    <time>2019-01-05T13:11:04Z</time>
   </trkpt>
   <trkpt lat="42.9848040" lon="-2.3964960">
    <ele>952.3</ele>
    <time>2019-01-05T13:11:07Z</time>
   </trkpt>
   <trkpt lat="42.9848340" lon="-2.3965320">
    <ele>951.9</ele>
    <time>2019-01-05T13:11:10Z</time>
   </trkpt>
   <trkpt lat="42.9848580" lon="-2.3965700">
    <ele>951.6</ele>
    <time>2019-01-05T13:11:13Z</time>
   </trkpt>
   <trkpt lat="42.9848850" lon="-2.3966010">
    <ele>951.3</ele>
    <time>2019-01-05T13:11:16Z</time>
   </trkpt>
   <trkpt lat="42.9849150" lon="-2.3966280">
    <ele>951.0</ele>
    <time>2019-01-05T13:11:19Z</time>
   </trkpt>
   <trkpt lat="42.9849420" lon="-2.3966550">
    <ele>950.8</ele>
    <time>2019-01-05T13:11:22Z</time>
   </trkpt>
   <trkpt lat="42.9849630" lon="-2.3966940">
    <ele>950.5</ele>
    <time>2019-01-05T13:11:25Z</time>
   </trkpt>
   <trkpt lat="42.9849880" lon="-2.3967350">
    <ele>950.3</ele>
    <time>2019-01-05T13:11:28Z</time>
   </trkpt>
   <trkpt lat="42.9850060" lon="-2.3967650">
    <ele>950.1</ele>
    <time>2019-01-05T13:11:30Z</time>
   </trkpt>
   <trkpt lat="42.9850290" lon="-2.3968110">
    <ele>949.8</ele>
    <time>2019-01-05T13:11:33Z</time>
   </trkpt>
   <trkpt lat="42.9850400" lon="-2.3968510">
    <ele>949.6</ele>
    <time>2019-01-05T13:11:36Z</time>
   </trkpt>
   <trkpt lat="42.9850570" lon="-2.3968840">
    <ele>949.4</ele>
    <time>2019-01-05T13:11:39Z</time>
   </trkpt>
   <trkpt lat="42.9850740" lon="-2.3969290">
    <ele>949.1</ele>
    <time>2019-01-05T13:11:42Z</time>
   </trkpt>
   <trkpt lat="42.9850950" lon="-2.3969680">
    <ele>948.9</ele>
    <time>2019-01-05T13:11:45Z</time>
   </trkpt>
   <trkpt lat="42.9851100" lon="-2.3970060">
    <ele>948.6</ele>
    <time>2019-01-05T13:11:48Z</time>
   </trkpt>
   <trkpt lat="42.9851070" lon="-2.3970460">
    <ele>948.4</ele>
    <time>2019-01-05T13:11:51Z</time>
   </trkpt>
   <trkpt lat="42.9851000" lon="-2.3970870">
    <ele>947.7</ele>
    <time>2019-01-05T13:11:54Z</time>
   </trkpt>
   <trkpt lat="42.9850920" lon="-2.3971260">
    <ele>947.0</ele>
    <time>2019-01-05T13:12:01Z</time>
   </trkpt>
   <trkpt lat="42.9851060" lon="-2.3971740">
    <ele>946.2</ele>
    <time>2019-01-05T13:12:04Z</time>
   </trkpt>
   <trkpt lat="42.9851150" lon="-2.3972300">
    <ele>945.3</ele>
    <time>2019-01-05T13:12:06Z</time>
   </trkpt>
   <trkpt lat="42.9851220" lon="-2.3972660">
    <ele>944.7</ele>
    <time>2019-01-05T13:12:09Z</time>
   </trkpt>
   <trkpt lat="42.9851260" lon="-2.3973070">
    <ele>944.0</ele>
    <time>2019-01-05T13:12:18Z</time>
   </trkpt>
   <trkpt lat="42.9851330" lon="-2.3973480">
    <ele>943.3</ele>
    <time>2019-01-05T13:12:22Z</time>
   </trkpt>
   <trkpt lat="42.9851530" lon="-2.3973810">
    <ele>942.6</ele>
    <time>2019-01-05T13:12:25Z</time>
   </trkpt>
   <trkpt lat="42.9851700" lon="-2.3974220">
    <ele>941.9</ele>
    <time>2019-01-05T13:12:29Z</time>
   </trkpt>
   <trkpt lat="42.9851800" lon="-2.3974650">
    <ele>941.1</ele>
    <time>2019-01-05T13:12:32Z</time>
   </trkpt>
   <trkpt lat="42.9851850" lon="-2.3975090">
    <ele>940.5</ele>
    <time>2019-01-05T13:12:35Z</time>
   </trkpt>
   <trkpt lat="42.9851890" lon="-2.3975490">
    <ele>940.1</ele>
    <time>2019-01-05T13:12:38Z</time>
   </trkpt>
   <trkpt lat="42.9851990" lon="-2.3975880">
    <ele>939.6</ele>
    <time>2019-01-05T13:12:41Z</time>
   </trkpt>
   <trkpt lat="42.9852150" lon="-2.3976300">
    <ele>939.0</ele>
    <time>2019-01-05T13:12:47Z</time>
   </trkpt>
   <trkpt lat="42.9852300" lon="-2.3976630">
    <ele>938.5</ele>
    <time>2019-01-05T13:12:52Z</time>
   </trkpt>
   <trkpt lat="42.9852230" lon="-2.3977070">
    <ele>938.0</ele>
    <time>2019-01-05T13:12:57Z</time>
   </trkpt>
   <trkpt lat="42.9852340" lon="-2.3977540">
    <ele>937.4</ele>
    <time>2019-01-05T13:13:01Z</time>
   </trkpt>
   <trkpt lat="42.9852550" lon="-2.3977910">
    <ele>936.8</ele>
    <time>2019-01-05T13:13:04Z</time>
   </trkpt>
   <trkpt lat="42.9852300" lon="-2.3978140">
    <ele>936.3</ele>
    <time>2019-01-05T13:13:12Z</time>
   </trkpt>
   <trkpt lat="42.9852320" lon="-2.3978540">
    <ele>935.8</ele>
    <time>2019-01-05T13:13:17Z</time>
   </trkpt>
   <trkpt lat="42.9852550" lon="-2.3978880">
    <ele>935.3</ele>
    <time>2019-01-05T13:13:21Z</time>
   </trkpt>
   <trkpt lat="42.9852320" lon="-2.3979230">
    <ele>934.7</ele>
    <time>2019-01-05T13:13:27Z</time>
   </trkpt>
   <trkpt lat="42.9852130" lon="-2.3979520">
    <ele>934.3</ele>
    <time>2019-01-05T13:13:30Z</time>
   </trkpt>
   <trkpt lat="42.9851940" lon="-2.3979790">
    <ele>933.8</ele>
    <time>2019-01-05T13:13:45Z</time>
   </trkpt>
   <trkpt lat="42.9852200" lon="-2.3979530">
    <ele>933.3</ele>
    <time>2019-01-05T13:13:52Z</time>
   </trkpt>
   <trkpt lat="42.9852480" lon="-2.3979550">
    <ele>932.9</ele>
    <time>2019-01-05T13:13:55Z</time>
   </trkpt>
   <trkpt lat="42.9852810" lon="-2.3979700">
    <ele>932.3</ele>
    <time>2019-01-05T13:13:59Z</time>
   </trkpt>
   <trkpt lat="42.9853110" lon="-2.3980040">
    <ele>931.6</ele>
    <time>2019-01-05T13:14:02Z</time>
   </trkpt>
   <trkpt lat="42.9852930" lon="-2.3980420">
    <ele>931.1</ele>
    <time>2019-01-05T13:14:06Z</time>
   </trkpt>
   <trkpt lat="42.9852910" lon="-2.3980860">
    <ele>930.5</ele>
    <time>2019-01-05T13:14:10Z</time>
   </trkpt>
   <trkpt lat="42.9852910" lon="-2.3981280">
    <ele>930.0</ele>
    <time>2019-01-05T13:14:13Z</time>
   </trkpt>
   <trkpt lat="42.9853170" lon="-2.3981610">
    <ele>929.4</ele>
    <time>2019-01-05T13:14:17Z</time>
   </trkpt>
   <trkpt lat="42.9853420" lon="-2.3981900">
    <ele>928.9</ele>
    <time>2019-01-05T13:14:20Z</time>
   </trkpt>
   <trkpt lat="42.9853660" lon="-2.3982260">
    <ele>928.3</ele>
    <time>2019-01-05T13:14:23Z</time>
   </trkpt>
   <trkpt lat="42.9853750" lon="-2.3982640">
    <ele>927.8</ele>
    <time>2019-01-05T13:14:25Z</time>
   </trkpt>
   <trkpt lat="42.9853610" lon="-2.3983090">
    <ele>927.2</ele>
    <time>2019-01-05T13:14:27Z</time>
   </trkpt>
   <trkpt lat="42.9853430" lon="-2.3983410">
    <ele>926.7</ele>
    <time>2019-01-05T13:14:29Z</time>
   </trkpt>
   <trkpt lat="42.9853680" lon="-2.3983270">
    <ele>926.3</ele>
    <time>2019-01-05T13:15:00Z</time>
   </trkpt>
   <trkpt lat="42.9854020" lon="-2.3983370">
    <ele>925.6</ele>
    <time>2019-01-05T13:15:03Z</time>
   </trkpt>
   <trkpt lat="42.9854320" lon="-2.3983550">
    <ele>925.0</ele>
    <time>2019-01-05T13:15:06Z</time>
   </trkpt>
   <trkpt lat="42.9854400" lon="-2.3984030">
    <ele>924.3</ele>
    <time>2019-01-05T13:15:12Z</time>
   </trkpt>
   <trkpt lat="42.9854690" lon="-2.3984420">
    <ele>923.6</ele>
    <time>2019-01-05T13:15:15Z</time>
   </trkpt>
   <trkpt lat="42.9854970" lon="-2.3984700">
    <ele>923.0</ele>
    <time>2019-01-05T13:15:18Z</time>
   </trkpt>
   <trkpt lat="42.9854960" lon="-2.3985100">
    <ele>922.5</ele>
    <time>2019-01-05T13:15:29Z</time>
   </trkpt>
   <trkpt lat="42.9854690" lon="-2.3985340">
    <ele>921.9</ele>
    <time>2019-01-05T13:15:32Z</time>
   </trkpt>
   <trkpt lat="42.9854200" lon="-2.3985300">
    <ele>921.2</ele>
    <time>2019-01-05T13:15:34Z</time>
   </trkpt>
   <trkpt lat="42.9853810" lon="-2.3985030">
    <ele>920.7</ele>
    <time>2019-01-05T13:15:39Z</time>
   </trkpt>
   <trkpt lat="42.9853440" lon="-2.3984710">
    <ele>920.1</ele>
    <time>2019-01-05T13:15:41Z</time>
   </trkpt>
   <trkpt lat="42.9853160" lon="-2.3984540">
    <ele>919.8</ele>
    <time>2019-01-05T13:15:43Z</time>
   </trkpt>
   <trkpt lat="42.9852810" lon="-2.3984680">
    <ele>919.2</ele>
    <time>2019-01-05T13:15:46Z</time>
   </trkpt>
   <trkpt lat="42.9852680" lon="-2.3985030">
    <ele>918.7</ele>
    <time>2019-01-05T13:15:48Z</time>
   </trkpt>
   <trkpt lat="42.9852710" lon="-2.3985420">
    <ele>918.1</ele>
    <time>2019-01-05T13:15:50Z</time>
   </trkpt>
   <trkpt lat="42.9852740" lon="-2.3985810">
    <ele>917.6</ele>
    <time>2019-01-05T13:15:53Z</time>
   </trkpt>
   <trkpt lat="42.9852580" lon="-2.3986140">
    <ele>917.0</ele>
    <time>2019-01-05T13:15:57Z</time>
   </trkpt>
   <trkpt lat="42.9852380" lon="-2.3986510">
    <ele>916.4</ele>
    <time>2019-01-05T13:15:59Z</time>
   </trkpt>
   <trkpt lat="42.9852110" lon="-2.3986640">
    <ele>915.9</ele>
    <time>2019-01-05T13:16:04Z</time>
   </trkpt>
   <trkpt lat="42.9851890" lon="-2.3986880">
    <ele>915.4</ele>
    <time>2019-01-05T13:16:06Z</time>
   </trkpt>
   <trkpt lat="42.9851660" lon="-2.3987080">
    <ele>914.9</ele>
    <time>2019-01-05T13:16:09Z</time>
   </trkpt>
   <trkpt lat="42.9851360" lon="-2.3987030">
    <ele>914.3</ele>
    <time>2019-01-05T13:16:13Z</time>
   </trkpt>
   <trkpt lat="42.9851190" lon="-2.3987360">
    <ele>913.7</ele>
    <time>2019-01-05T13:16:18Z</time>
   </trkpt>
   <trkpt lat="42.9851010" lon="-2.3987700">
    <ele>910.4</ele>
    <time>2019-01-05T13:16:22Z</time>
   </trkpt>
   <trkpt lat="42.9850920" lon="-2.3988070">
    <ele>909.3</ele>
    <time>2019-01-05T13:16:25Z</time>
   </trkpt>
   <trkpt lat="42.9850780" lon="-2.3988520">
    <ele>908.0</ele>
    <time>2019-01-05T13:16:28Z</time>
   </trkpt>
   <trkpt lat="42.9850640" lon="-2.3988850">
    <ele>907.0</ele>
    <time>2019-01-05T13:16:32Z</time>
   </trkpt>
   <trkpt lat="42.9850450" lon="-2.3989250">
    <ele>905.7</ele>
    <time>2019-01-05T13:16:38Z</time>
   </trkpt>
   <trkpt lat="42.9850270" lon="-2.3989590">
    <ele>904.8</ele>
    <time>2019-01-05T13:16:44Z</time>
   </trkpt>
   <trkpt lat="42.9850250" lon="-2.3990100">
    <ele>903.6</ele>
    <time>2019-01-05T13:16:47Z</time>
   </trkpt>
   <trkpt lat="42.9850040" lon="-2.3990500">
    <ele>902.6</ele>
    <time>2019-01-05T13:16:50Z</time>
   </trkpt>
   <trkpt lat="42.9849880" lon="-2.3990830">
    <ele>901.7</ele>
    <time>2019-01-05T13:16:53Z</time>
   </trkpt>
   <trkpt lat="42.9849790" lon="-2.3991200">
    <ele>900.8</ele>
    <time>2019-01-05T13:16:58Z</time>
   </trkpt>
   <trkpt lat="42.9849740" lon="-2.3991590">
    <ele>899.9</ele>
    <time>2019-01-05T13:17:04Z</time>
   </trkpt>
   <trkpt lat="42.9849710" lon="-2.3991960">
    <ele>899.0</ele>
    <time>2019-01-05T13:17:08Z</time>
   </trkpt>
   <trkpt lat="42.9849510" lon="-2.3992310">
    <ele>898.0</ele>
    <time>2019-01-05T13:17:12Z</time>
   </trkpt>
   <trkpt lat="42.9849400" lon="-2.3992720">
    <ele>897.0</ele>
    <time>2019-01-05T13:17:16Z</time>
   </trkpt>
   <trkpt lat="42.9849330" lon="-2.3993170">
    <ele>895.9</ele>
    <time>2019-01-05T13:17:20Z</time>
   </trkpt>
   <trkpt lat="42.9849170" lon="-2.3993520">
    <ele>894.9</ele>
    <time>2019-01-05T13:17:25Z</time>
   </trkpt>
   <trkpt lat="42.9848890" lon="-2.3993720">
    <ele>893.9</ele>
    <time>2019-01-05T13:17:28Z</time>
   </trkpt>
   <trkpt lat="42.9848610" lon="-2.3993920">
    <ele>893.1</ele>
    <time>2019-01-05T13:17:31Z</time>
   </trkpt>
   <trkpt lat="42.9848340" lon="-2.3993970">
    <ele>892.4</ele>
    <time>2019-01-05T13:17:34Z</time>
   </trkpt>
   <trkpt lat="42.9848020" lon="-2.3993980">
    <ele>891.6</ele>
    <time>2019-01-05T13:17:37Z</time>
   </trkpt>
   <trkpt lat="42.9847630" lon="-2.3993990">
    <ele>890.6</ele>
    <time>2019-01-05T13:17:40Z</time>
   </trkpt>
   <trkpt lat="42.9847300" lon="-2.3994150">
    <ele>889.6</ele>
    <time>2019-01-05T13:17:44Z</time>
   </trkpt>
   <trkpt lat="42.9847000" lon="-2.3994290">
    <ele>888.7</ele>
    <time>2019-01-05T13:17:46Z</time>
   </trkpt>
   <trkpt lat="42.9846680" lon="-2.3994530">
    <ele>887.7</ele>
    <time>2019-01-05T13:17:48Z</time>
   </trkpt>
   <trkpt lat="42.9846400" lon="-2.3994780">
    <ele>886.9</ele>
    <time>2019-01-05T13:17:50Z</time>
   </trkpt>
   <trkpt lat="42.9846150" lon="-2.3994990">
    <ele>886.3</ele>
    <time>2019-01-05T13:17:52Z</time>
   </trkpt>
   <trkpt lat="42.9845820" lon="-2.3995070">
    <ele>885.6</ele>
    <time>2019-01-05T13:17:55Z</time>
   </trkpt>
   <trkpt lat="42.9845490" lon="-2.3995200">
    <ele>884.8</ele>
    <time>2019-01-05T13:17:58Z</time>
   </trkpt>
   <trkpt lat="42.9845230" lon="-2.3995390">
    <ele>884.2</ele>
    <time>2019-01-05T13:18:01Z</time>
   </trkpt>
   <trkpt lat="42.9844930" lon="-2.3995510">
    <ele>883.5</ele>
    <time>2019-01-05T13:18:05Z</time>
   </trkpt>
   <trkpt lat="42.9844610" lon="-2.3995590">
    <ele>882.9</ele>
    <time>2019-01-05T13:18:09Z</time>
   </trkpt>
   <trkpt lat="42.9844340" lon="-2.3995910">
    <ele>882.2</ele>
    <time>2019-01-05T13:18:12Z</time>
   </trkpt>
   <trkpt lat="42.9844090" lon="-2.3996100">
    <ele>881.6</ele>
    <time>2019-01-05T13:18:15Z</time>
   </trkpt>
   <trkpt lat="42.9843840" lon="-2.3996320">
    <ele>881.0</ele>
    <time>2019-01-05T13:18:17Z</time>
   </trkpt>
   <trkpt lat="42.9843550" lon="-2.3996490">
    <ele>880.3</ele>
    <time>2019-01-05T13:18:22Z</time>
   </trkpt>
   <trkpt lat="42.9843290" lon="-2.3996740">
    <ele>879.5</ele>
    <time>2019-01-05T13:18:25Z</time>
   </trkpt>
   <trkpt lat="42.9843100" lon="-2.3997090">
    <ele>878.7</ele>
    <time>2019-01-05T13:18:31Z</time>
   </trkpt>
   <trkpt lat="42.9843090" lon="-2.3997540">
    <ele>877.8</ele>
    <time>2019-01-05T13:18:36Z</time>
   </trkpt>
   <trkpt lat="42.9843270" lon="-2.3997880">
    <ele>877.1</ele>
    <time>2019-01-05T13:18:40Z</time>
   </trkpt>
   <trkpt lat="42.9843330" lon="-2.3998280">
    <ele>876.4</ele>
    <time>2019-01-05T13:18:43Z</time>
   </trkpt>
   <trkpt lat="42.9843360" lon="-2.3998660">
    <ele>875.7</ele>
    <time>2019-01-05T13:18:46Z</time>
   </trkpt>
   <trkpt lat="42.9843210" lon="-2.3999100">
    <ele>874.9</ele>
    <time>2019-01-05T13:18:49Z</time>
   </trkpt>
   <trkpt lat="42.9843150" lon="-2.3999490">
    <ele>874.2</ele>
    <time>2019-01-05T13:18:53Z</time>
   </trkpt>
   <trkpt lat="42.9843150" lon="-2.3999950">
    <ele>873.3</ele>
    <time>2019-01-05T13:18:57Z</time>
   </trkpt>
   <trkpt lat="42.9843230" lon="-2.4000360">
    <ele>872.5</ele>
    <time>2019-01-05T13:19:00Z</time>
   </trkpt>
   <trkpt lat="42.9843360" lon="-2.4000770">
    <ele>871.6</ele>
    <time>2019-01-05T13:19:03Z</time>
   </trkpt>
   <trkpt lat="42.9843550" lon="-2.4001160">
    <ele>870.5</ele>
    <time>2019-01-05T13:19:06Z</time>
   </trkpt>
   <trkpt lat="42.9843740" lon="-2.4001480">
    <ele>869.6</ele>
    <time>2019-01-05T13:19:09Z</time>
   </trkpt>
   <trkpt lat="42.9843890" lon="-2.4001810">
    <ele>868.6</ele>
    <time>2019-01-05T13:19:13Z</time>
   </trkpt>
   <trkpt lat="42.9844080" lon="-2.4002210">
    <ele>867.5</ele>
    <time>2019-01-05T13:19:17Z</time>
   </trkpt>
   <trkpt lat="42.9844150" lon="-2.4002630">
    <ele>866.6</ele>
    <time>2019-01-05T13:19:21Z</time>
   </trkpt>
   <trkpt lat="42.9844200" lon="-2.4003040">
    <ele>865.6</ele>
    <time>2019-01-05T13:19:27Z</time>
   </trkpt>
   <trkpt lat="42.9844200" lon="-2.4003500">
    <ele>864.6</ele>
    <time>2019-01-05T13:19:30Z</time>
   </trkpt>
   <trkpt lat="42.9844320" lon="-2.4004000">
    <ele>863.4</ele>
    <time>2019-01-05T13:19:33Z</time>
   </trkpt>
   <trkpt lat="42.9844350" lon="-2.4004540">
    <ele>862.0</ele>
    <time>2019-01-05T13:19:36Z</time>
   </trkpt>
   <trkpt lat="42.9844270" lon="-2.4004960">
    <ele>861.1</ele>
    <time>2019-01-05T13:19:38Z</time>
   </trkpt>
   <trkpt lat="42.9844350" lon="-2.4005360">
    <ele>860.3</ele>
    <time>2019-01-05T13:19:41Z</time>
   </trkpt>
   <trkpt lat="42.9844430" lon="-2.4005770">
    <ele>859.4</ele>
    <time>2019-01-05T13:19:44Z</time>
   </trkpt>
   <trkpt lat="42.9844460" lon="-2.4006180">
    <ele>858.5</ele>
    <time>2019-01-05T13:19:47Z</time>
   </trkpt>
   <trkpt lat="42.9844260" lon="-2.4006470">
    <ele>857.7</ele>
    <time>2019-01-05T13:19:50Z</time>
   </trkpt>
   <trkpt lat="42.9844120" lon="-2.4006800">
    <ele>856.9</ele>
    <time>2019-01-05T13:19:52Z</time>
   </trkpt>
   <trkpt lat="42.9844130" lon="-2.4007310">
    <ele>855.9</ele>
    <time>2019-01-05T13:19:55Z</time>
   </trkpt>
   <trkpt lat="42.9844210" lon="-2.4007690">
    <ele>855.3</ele>
    <time>2019-01-05T13:19:58Z</time>
   </trkpt>
   <trkpt lat="42.9844290" lon="-2.4008070">
    <ele>854.7</ele>
    <time>2019-01-05T13:20:00Z</time>
   </trkpt>
   <trkpt lat="42.9844360" lon="-2.4008450">
    <ele>854.0</ele>
    <time>2019-01-05T13:20:03Z</time>
   </trkpt>
   <trkpt lat="42.9844520" lon="-2.4008880">
    <ele>853.3</ele>
    <time>2019-01-05T13:20:06Z</time>
   </trkpt>
   <trkpt lat="42.9844550" lon="-2.4009280">
    <ele>852.7</ele>
    <time>2019-01-05T13:20:08Z</time>
   </trkpt>
   <trkpt lat="42.9844530" lon="-2.4009750">
    <ele>852.0</ele>
    <time>2019-01-05T13:20:11Z</time>
   </trkpt>
   <trkpt lat="42.9844710" lon="-2.4010080">
    <ele>851.4</ele>
    <time>2019-01-05T13:20:14Z</time>
   </trkpt>
   <trkpt lat="42.9844720" lon="-2.4010500">
    <ele>850.7</ele>
    <time>2019-01-05T13:20:17Z</time>
   </trkpt>
   <trkpt lat="42.9844700" lon="-2.4010910">
    <ele>850.0</ele>
    <time>2019-01-05T13:20:20Z</time>
   </trkpt>
   <trkpt lat="42.9844670" lon="-2.4011340">
    <ele>849.7</ele>
    <time>2019-01-05T13:20:22Z</time>
   </trkpt>
   <trkpt lat="42.9844480" lon="-2.4011800">
    <ele>849.3</ele>
    <time>2019-01-05T13:20:25Z</time>
   </trkpt>
   <trkpt lat="42.9844450" lon="-2.4012180">
    <ele>849.1</ele>
    <time>2019-01-05T13:20:27Z</time>
   </trkpt>
   <trkpt lat="42.9844470" lon="-2.4012580">
    <ele>848.8</ele>
    <time>2019-01-05T13:20:29Z</time>
   </trkpt>
   <trkpt lat="42.9844370" lon="-2.4013040">
    <ele>848.4</ele>
    <time>2019-01-05T13:20:32Z</time>
   </trkpt>
   <trkpt lat="42.9844240" lon="-2.4013410">
    <ele>848.1</ele>
    <time>2019-01-05T13:20:34Z</time>
   </trkpt>
   <trkpt lat="42.9844080" lon="-2.4013720">
    <ele>847.9</ele>
    <time>2019-01-05T13:20:39Z</time>
   </trkpt>
   <trkpt lat="42.9843790" lon="-2.4013720">
    <ele>847.6</ele>
    <time>2019-01-05T13:20:43Z</time>
   </trkpt>
   <trkpt lat="42.9843470" lon="-2.4013500">
    <ele>847.1</ele>
    <time>2019-01-05T13:20:47Z</time>
   </trkpt>
   <trkpt lat="42.9843190" lon="-2.4013490">
    <ele>846.6</ele>
    <time>2019-01-05T13:20:50Z</time>
   </trkpt>
   <trkpt lat="42.9842900" lon="-2.4013510">
    <ele>846.0</ele>
    <time>2019-01-05T13:20:54Z</time>
   </trkpt>
   <trkpt lat="42.9842630" lon="-2.4013340">
    <ele>845.4</ele>
    <time>2019-01-05T13:20:57Z</time>
   </trkpt>
   <trkpt lat="42.9842320" lon="-2.4013140">
    <ele>844.8</ele>
    <time>2019-01-05T13:21:00Z</time>
   </trkpt>
   <trkpt lat="42.9842020" lon="-2.4012980">
    <ele>844.3</ele>
    <time>2019-01-05T13:21:04Z</time>
   </trkpt>
   <trkpt lat="42.9841740" lon="-2.4012920">
    <ele>843.9</ele>
    <time>2019-01-05T13:21:08Z</time>
   </trkpt>
   <trkpt lat="42.9841500" lon="-2.4012710">
    <ele>843.5</ele>
    <time>2019-01-05T13:21:11Z</time>
   </trkpt>
   <trkpt lat="42.9841250" lon="-2.4012340">
    <ele>842.9</ele>
    <time>2019-01-05T13:21:16Z</time>
   </trkpt>
   <trkpt lat="42.9840990" lon="-2.4012000">
    <ele>842.4</ele>
    <time>2019-01-05T13:21:19Z</time>
   </trkpt>
   <trkpt lat="42.9840730" lon="-2.4011650">
    <ele>842.0</ele>
    <time>2019-01-05T13:21:23Z</time>
   </trkpt>
   <trkpt lat="42.9840490" lon="-2.4011410">
    <ele>841.7</ele>
    <time>2019-01-05T13:21:26Z</time>
   </trkpt>
   <trkpt lat="42.9840300" lon="-2.4011140">
    <ele>841.4</ele>
    <time>2019-01-05T13:21:29Z</time>
   </trkpt>
   <trkpt lat="42.9840000" lon="-2.4010930">
    <ele>841.1</ele>
    <time>2019-01-05T13:21:33Z</time>
   </trkpt>
   <trkpt lat="42.9839800" lon="-2.4010610">
    <ele>840.8</ele>
    <time>2019-01-05T13:21:38Z</time>
   </trkpt>
   <trkpt lat="42.9839550" lon="-2.4010400">
    <ele>840.6</ele>
    <time>2019-01-05T13:21:44Z</time>
   </trkpt>
   <trkpt lat="42.9839310" lon="-2.4010050">
    <ele>840.3</ele>
    <time>2019-01-05T13:21:47Z</time>
   </trkpt>
   <trkpt lat="42.9839130" lon="-2.4009580">
    <ele>839.9</ele>
    <time>2019-01-05T13:21:50Z</time>
   </trkpt>
   <trkpt lat="42.9838960" lon="-2.4009260">
    <ele>839.7</ele>
    <time>2019-01-05T13:21:52Z</time>
   </trkpt>
   <trkpt lat="42.9838800" lon="-2.4008950">
    <ele>839.4</ele>
    <time>2019-01-05T13:21:55Z</time>
   </trkpt>
   <trkpt lat="42.9838540" lon="-2.4008530">
    <ele>839.1</ele>
    <time>2019-01-05T13:21:58Z</time>
   </trkpt>
   <trkpt lat="42.9838330" lon="-2.4008290">
    <ele>838.9</ele>
    <time>2019-01-05T13:22:00Z</time>
   </trkpt>
   <trkpt lat="42.9838070" lon="-2.4008110">
    <ele>838.7</ele>
    <time>2019-01-05T13:22:02Z</time>
   </trkpt>
   <trkpt lat="42.9837800" lon="-2.4007910">
    <ele>838.5</ele>
    <time>2019-01-05T13:22:04Z</time>
   </trkpt>
   <trkpt lat="42.9837570" lon="-2.4007580">
    <ele>838.3</ele>
    <time>2019-01-05T13:22:07Z</time>
   </trkpt>
   <trkpt lat="42.9837440" lon="-2.4007130">
    <ele>838.0</ele>
    <time>2019-01-05T13:22:10Z</time>
   </trkpt>
   <trkpt lat="42.9837270" lon="-2.4006770">
    <ele>837.8</ele>
    <time>2019-01-05T13:22:15Z</time>
   </trkpt>
   <trkpt lat="42.9837040" lon="-2.4006470">
    <ele>837.6</ele>
    <time>2019-01-05T13:22:19Z</time>
   </trkpt>
   <trkpt lat="42.9836850" lon="-2.4006100">
    <ele>837.5</ele>
    <time>2019-01-05T13:22:21Z</time>
   </trkpt>
   <trkpt lat="42.9836580" lon="-2.4005760">
    <ele>837.3</ele>
    <time>2019-01-05T13:22:23Z</time>
   </trkpt>
   <trkpt lat="42.9836340" lon="-2.4005530">
    <ele>837.2</ele>
    <time>2019-01-05T13:22:25Z</time>
   </trkpt>
   <trkpt lat="42.9836100" lon="-2.4005320">
    <ele>837.2</ele>
    <time>2019-01-05T13:22:28Z</time>
   </trkpt>
   <trkpt lat="42.9835850" lon="-2.4005160">
    <ele>837.2</ele>
    <time>2019-01-05T13:22:31Z</time>
   </trkpt>
   <trkpt lat="42.9835560" lon="-2.4004920">
    <ele>837.2</ele>
    <time>2019-01-05T13:22:34Z</time>
   </trkpt>
   <trkpt lat="42.9835170" lon="-2.4004880">
    <ele>837.2</ele>
    <time>2019-01-05T13:22:37Z</time>
   </trkpt>
   <trkpt lat="42.9834860" lon="-2.4004780">
    <ele>837.2</ele>
    <time>2019-01-05T13:22:40Z</time>
   </trkpt>
   <trkpt lat="42.9834650" lon="-2.4004480">
    <ele>837.2</ele>
    <time>2019-01-05T13:22:43Z</time>
   </trkpt>
   <trkpt lat="42.9834400" lon="-2.4004220">
    <ele>837.2</ele>
    <time>2019-01-05T13:22:47Z</time>
   </trkpt>
   <trkpt lat="42.9834110" lon="-2.4004120">
    <ele>837.2</ele>
    <time>2019-01-05T13:22:50Z</time>
   </trkpt>
   <trkpt lat="42.9833870" lon="-2.4003760">
    <ele>837.2</ele>
    <time>2019-01-05T13:22:54Z</time>
   </trkpt>
   <trkpt lat="42.9833650" lon="-2.4003530">
    <ele>837.2</ele>
    <time>2019-01-05T13:22:56Z</time>
   </trkpt>
   <trkpt lat="42.9833390" lon="-2.4003150">
    <ele>837.1</ele>
    <time>2019-01-05T13:22:59Z</time>
   </trkpt>
   <trkpt lat="42.9833200" lon="-2.4002830">
    <ele>837.0</ele>
    <time>2019-01-05T13:23:02Z</time>
   </trkpt>
   <trkpt lat="42.9832980" lon="-2.4002480">
    <ele>836.9</ele>
    <time>2019-01-05T13:23:05Z</time>
   </trkpt>
   <trkpt lat="42.9832650" lon="-2.4002280">
    <ele>836.8</ele>
    <time>2019-01-05T13:23:09Z</time>
   </trkpt>
   <trkpt lat="42.9832370" lon="-2.4002040">
    <ele>836.7</ele>
    <time>2019-01-05T13:23:12Z</time>
   </trkpt>
   <trkpt lat="42.9832050" lon="-2.4001810">
    <ele>836.6</ele>
    <time>2019-01-05T13:23:15Z</time>
   </trkpt>
   <trkpt lat="42.9831820" lon="-2.4001480">
    <ele>836.6</ele>
    <time>2019-01-05T13:23:18Z</time>
   </trkpt>
   <trkpt lat="42.9831700" lon="-2.4001110">
    <ele>836.5</ele>
    <time>2019-01-05T13:23:20Z</time>
   </trkpt>
   <trkpt lat="42.9831400" lon="-2.4000810">
    <ele>836.5</ele>
    <time>2019-01-05T13:23:23Z</time>
   </trkpt>
   <trkpt lat="42.9831110" lon="-2.4000510">
    <ele>836.4</ele>
    <time>2019-01-05T13:23:28Z</time>
   </trkpt>
   <trkpt lat="42.9830860" lon="-2.4000340">
    <ele>836.4</ele>
    <time>2019-01-05T13:23:30Z</time>
   </trkpt>
   <trkpt lat="42.9830490" lon="-2.4000240">
    <ele>836.3</ele>
    <time>2019-01-05T13:23:33Z</time>
   </trkpt>
   <trkpt lat="42.9830210" lon="-2.4000110">
    <ele>836.3</ele>
    <time>2019-01-05T13:23:35Z</time>
   </trkpt>
   <trkpt lat="42.9829980" lon="-2.3999890">
    <ele>836.3</ele>
    <time>2019-01-05T13:23:37Z</time>
   </trkpt>
   <trkpt lat="42.9829740" lon="-2.3999630">
    <ele>836.2</ele>
    <time>2019-01-05T13:23:39Z</time>
   </trkpt>
   <trkpt lat="42.9829550" lon="-2.3999350">
    <ele>836.2</ele>
    <time>2019-01-05T13:23:41Z</time>
   </trkpt>
   <trkpt lat="42.9829270" lon="-2.3999120">
    <ele>836.1</ele>
    <time>2019-01-05T13:23:47Z</time>
   </trkpt>
   <trkpt lat="42.9829030" lon="-2.3998720">
    <ele>836.0</ele>
    <time>2019-01-05T13:23:51Z</time>
   </trkpt>
   <trkpt lat="42.9828820" lon="-2.3998430">
    <ele>835.9</ele>
    <time>2019-01-05T13:23:54Z</time>
   </trkpt>
   <trkpt lat="42.9828580" lon="-2.3998240">
    <ele>835.7</ele>
    <time>2019-01-05T13:23:57Z</time>
   </trkpt>
   <trkpt lat="42.9828310" lon="-2.3998020">
    <ele>835.5</ele>
    <time>2019-01-05T13:24:00Z</time>
   </trkpt>
   <trkpt lat="42.9828090" lon="-2.3997810">
    <ele>835.3</ele>
    <time>2019-01-05T13:24:03Z</time>
   </trkpt>
   <trkpt lat="42.9827720" lon="-2.3997610">
    <ele>834.9</ele>
    <time>2019-01-05T13:24:06Z</time>
   </trkpt>
   <trkpt lat="42.9827420" lon="-2.3997510">
    <ele>834.6</ele>
    <time>2019-01-05T13:24:09Z</time>
   </trkpt>
   <trkpt lat="42.9827110" lon="-2.3997460">
    <ele>834.3</ele>
    <time>2019-01-05T13:24:11Z</time>
   </trkpt>
   <trkpt lat="42.9826820" lon="-2.3997400">
    <ele>834.0</ele>
    <time>2019-01-05T13:24:13Z</time>
   </trkpt>
   <trkpt lat="42.9826550" lon="-2.3997360">
    <ele>833.7</ele>
    <time>2019-01-05T13:24:16Z</time>
   </trkpt>
   <trkpt lat="42.9826170" lon="-2.3997280">
    <ele>833.3</ele>
    <time>2019-01-05T13:24:19Z</time>
   </trkpt>
   <trkpt lat="42.9825830" lon="-2.3997330">
    <ele>832.9</ele>
    <time>2019-01-05T13:24:22Z</time>
   </trkpt>
   <trkpt lat="42.9825560" lon="-2.3997350">
    <ele>832.5</ele>
    <time>2019-01-05T13:24:27Z</time>
   </trkpt>
   <trkpt lat="42.9825290" lon="-2.3997250">
    <ele>832.1</ele>
    <time>2019-01-05T13:24:38Z</time>
   </trkpt>
   <trkpt lat="42.9824920" lon="-2.3997240">
    <ele>831.7</ele>
    <time>2019-01-05T13:24:43Z</time>
   </trkpt>
   <trkpt lat="42.9824660" lon="-2.3997180">
    <ele>831.4</ele>
    <time>2019-01-05T13:24:47Z</time>
   </trkpt>
   <trkpt lat="42.9824350" lon="-2.3997210">
    <ele>831.1</ele>
    <time>2019-01-05T13:24:50Z</time>
   </trkpt>
   <trkpt lat="42.9824090" lon="-2.3997350">
    <ele>830.8</ele>
    <time>2019-01-05T13:24:52Z</time>
   </trkpt>
   <trkpt lat="42.9823790" lon="-2.3997480">
    <ele>830.4</ele>
    <time>2019-01-05T13:24:55Z</time>
   </trkpt>
   <trkpt lat="42.9823480" lon="-2.3997440">
    <ele>830.0</ele>
    <time>2019-01-05T13:24:59Z</time>
   </trkpt>
   <trkpt lat="42.9823080" lon="-2.3997340">
    <ele>829.6</ele>
    <time>2019-01-05T13:25:03Z</time>
   </trkpt>
   <trkpt lat="42.9822710" lon="-2.3997150">
    <ele>829.1</ele>
    <time>2019-01-05T13:25:05Z</time>
   </trkpt>
   <trkpt lat="42.9822300" lon="-2.3997020">
    <ele>828.6</ele>
    <time>2019-01-05T13:25:07Z</time>
   </trkpt>
   <trkpt lat="42.9822000" lon="-2.3997040">
    <ele>828.2</ele>
    <time>2019-01-05T13:25:08Z</time>
   </trkpt>
   <trkpt lat="42.9821630" lon="-2.3997060">
    <ele>827.7</ele>
    <time>2019-01-05T13:25:09Z</time>
   </trkpt>
   <trkpt lat="42.9821250" lon="-2.3997040">
    <ele>827.2</ele>
    <time>2019-01-05T13:25:10Z</time>
   </trkpt>
   <trkpt lat="42.9820870" lon="-2.3997010">
    <ele>826.7</ele>
    <time>2019-01-05T13:25:11Z</time>
   </trkpt>
   <trkpt lat="42.9820570" lon="-2.3996970">
    <ele>826.2</ele>
    <time>2019-01-05T13:25:12Z</time>
   </trkpt>
   <trkpt lat="42.9820280" lon="-2.3996870">
    <ele>825.8</ele>
    <time>2019-01-05T13:25:15Z</time>
   </trkpt>
   <trkpt lat="42.9819990" lon="-2.3996720">
    <ele>824.5</ele>
    <time>2019-01-05T13:26:24Z</time>
   </trkpt>
   <trkpt lat="42.9819720" lon="-2.3996620">
    <ele>824.0</ele>
    <time>2019-01-05T13:26:53Z</time>
   </trkpt>
   <trkpt lat="42.9819420" lon="-2.3996520">
    <ele>823.3</ele>
    <time>2019-01-05T13:26:58Z</time>
   </trkpt>
   <trkpt lat="42.9819130" lon="-2.3996610">
    <ele>822.7</ele>
    <time>2019-01-05T13:27:05Z</time>
   </trkpt>
   <trkpt lat="42.9818850" lon="-2.3996870">
    <ele>821.4</ele>
    <time>2019-01-05T13:27:11Z</time>
   </trkpt>
   <trkpt lat="42.9818610" lon="-2.3997050">
    <ele>820.8</ele>
    <time>2019-01-05T13:27:15Z</time>
   </trkpt>
   <trkpt lat="42.9818530" lon="-2.3997430">
    <ele>820.1</ele>
    <time>2019-01-05T13:27:21Z</time>
   </trkpt>
   <trkpt lat="42.9818520" lon="-2.3997800">
    <ele>819.4</ele>
    <time>2019-01-05T13:27:26Z</time>
   </trkpt>
   <trkpt lat="42.9818490" lon="-2.3998170">
    <ele>818.7</ele>
    <time>2019-01-05T13:27:31Z</time>
   </trkpt>
   <trkpt lat="42.9818410" lon="-2.3998580">
    <ele>818.0</ele>
    <time>2019-01-05T13:27:36Z</time>
   </trkpt>
   <trkpt lat="42.9818270" lon="-2.3998970">
    <ele>817.2</ele>
    <time>2019-01-05T13:27:41Z</time>
   </trkpt>
   <trkpt lat="42.9818250" lon="-2.3999460">
    <ele>816.3</ele>
    <time>2019-01-05T13:27:45Z</time>
   </trkpt>
   <trkpt lat="42.9818240" lon="-2.3999830">
    <ele>815.0</ele>
    <time>2019-01-05T13:27:49Z</time>
   </trkpt>
   <trkpt lat="42.9818210" lon="-2.4000290">
    <ele>813.6</ele>
    <time>2019-01-05T13:27:54Z</time>
   </trkpt>
   <trkpt lat="42.9818170" lon="-2.4000760">
    <ele>812.1</ele>
    <time>2019-01-05T13:27:59Z</time>
   </trkpt>
   <trkpt lat="42.9818020" lon="-2.4001140">
    <ele>810.8</ele>
    <time>2019-01-05T13:28:04Z</time>
   </trkpt>
   <trkpt lat="42.9817990" lon="-2.4001560">
    <ele>809.5</ele>
    <time>2019-01-05T13:28:10Z</time>
   </trkpt>
   <trkpt lat="42.9818010" lon="-2.4002000">
    <ele>808.3</ele>
    <time>2019-01-05T13:28:16Z</time>
   </trkpt>
   <trkpt lat="42.9817950" lon="-2.4002460">
    <ele>807.0</ele>
    <time>2019-01-05T13:28:21Z</time>
   </trkpt>
   <trkpt lat="42.9817800" lon="-2.4002800">
    <ele>805.9</ele>
    <time>2019-01-05T13:28:25Z</time>
   </trkpt>
   <trkpt lat="42.9817720" lon="-2.4003180">
    <ele>804.9</ele>
    <time>2019-01-05T13:28:29Z</time>
   </trkpt>
   <trkpt lat="42.9817710" lon="-2.4003600">
    <ele>803.8</ele>
    <time>2019-01-05T13:28:34Z</time>
   </trkpt>
   <trkpt lat="42.9817720" lon="-2.4004180">
    <ele>802.3</ele>
    <time>2019-01-05T13:28:37Z</time>
   </trkpt>
   <trkpt lat="42.9817730" lon="-2.4004560">
    <ele>801.4</ele>
    <time>2019-01-05T13:28:42Z</time>
   </trkpt>
   <trkpt lat="42.9817650" lon="-2.4004930">
    <ele>800.5</ele>
    <time>2019-01-05T13:28:46Z</time>
   </trkpt>
   <trkpt lat="42.9817840" lon="-2.4005310">
    <ele>799.4</ele>
    <time>2019-01-05T13:28:49Z</time>
   </trkpt>
   <trkpt lat="42.9817720" lon="-2.4005790">
    <ele>798.1</ele>
    <time>2019-01-05T13:28:52Z</time>
   </trkpt>
   <trkpt lat="42.9817440" lon="-2.4006120">
    <ele>796.8</ele>
    <time>2019-01-05T13:28:55Z</time>
   </trkpt>
   <trkpt lat="42.9817210" lon="-2.4006550">
    <ele>795.5</ele>
    <time>2019-01-05T13:28:58Z</time>
   </trkpt>
   <trkpt lat="42.9817160" lon="-2.4006920">
    <ele>794.5</ele>
    <time>2019-01-05T13:29:00Z</time>
   </trkpt>
   <trkpt lat="42.9817100" lon="-2.4007310">
    <ele>793.5</ele>
    <time>2019-01-05T13:29:02Z</time>
   </trkpt>
   <trkpt lat="42.9817200" lon="-2.4007760">
    <ele>792.0</ele>
    <time>2019-01-05T13:29:05Z</time>
   </trkpt>
   <trkpt lat="42.9817060" lon="-2.4008140">
    <ele>790.9</ele>
    <time>2019-01-05T13:29:09Z</time>
   </trkpt>
   <trkpt lat="42.9816870" lon="-2.4008500">
    <ele>789.7</ele>
    <time>2019-01-05T13:29:12Z</time>
   </trkpt>
   <trkpt lat="42.9816540" lon="-2.4008780">
    <ele>788.3</ele>
    <time>2019-01-05T13:29:15Z</time>
   </trkpt>
   <trkpt lat="42.9816280" lon="-2.4009120">
    <ele>786.9</ele>
    <time>2019-01-05T13:29:18Z</time>
   </trkpt>
   <trkpt lat="42.9816090" lon="-2.4009570">
    <ele>785.4</ele>
    <time>2019-01-05T13:29:21Z</time>
   </trkpt>
   <trkpt lat="42.9816070" lon="-2.4010040">
    <ele>784.1</ele>
    <time>2019-01-05T13:29:24Z</time>
   </trkpt>
   <trkpt lat="42.9816030" lon="-2.4010480">
    <ele>782.8</ele>
    <time>2019-01-05T13:29:27Z</time>
   </trkpt>
   <trkpt lat="42.9816070" lon="-2.4010860">
    <ele>781.8</ele>
    <time>2019-01-05T13:29:30Z</time>
   </trkpt>
   <trkpt lat="42.9815960" lon="-2.4011200">
    <ele>780.8</ele>
    <time>2019-01-05T13:29:35Z</time>
   </trkpt>
   <trkpt lat="42.9815740" lon="-2.4011430">
    <ele>779.9</ele>
    <time>2019-01-05T13:29:39Z</time>
   </trkpt>
   <trkpt lat="42.9815530" lon="-2.4011700">
    <ele>778.8</ele>
    <time>2019-01-05T13:29:45Z</time>
   </trkpt>
   <trkpt lat="42.9815400" lon="-2.4012050">
    <ele>777.7</ele>
    <time>2019-01-05T13:29:48Z</time>
   </trkpt>
   <trkpt lat="42.9815210" lon="-2.4012370">
    <ele>776.5</ele>
    <time>2019-01-05T13:29:50Z</time>
   </trkpt>
   <trkpt lat="42.9814960" lon="-2.4012610">
    <ele>775.4</ele>
    <time>2019-01-05T13:29:53Z</time>
   </trkpt>
   <trkpt lat="42.9814770" lon="-2.4012960">
    <ele>774.1</ele>
    <time>2019-01-05T13:29:56Z</time>
   </trkpt>
   <trkpt lat="42.9814620" lon="-2.4013370">
    <ele>772.7</ele>
    <time>2019-01-05T13:30:00Z</time>
   </trkpt>
   <trkpt lat="42.9814390" lon="-2.4013580">
    <ele>771.6</ele>
    <time>2019-01-05T13:30:03Z</time>
   </trkpt>
   <trkpt lat="42.9814030" lon="-2.4013800">
    <ele>770.1</ele>
    <time>2019-01-05T13:30:06Z</time>
   </trkpt>
   <trkpt lat="42.9813760" lon="-2.4013990">
    <ele>769.0</ele>
    <time>2019-01-05T13:30:08Z</time>
   </trkpt>
   <trkpt lat="42.9813470" lon="-2.4014190">
    <ele>767.8</ele>
    <time>2019-01-05T13:30:11Z</time>
   </trkpt>
   <trkpt lat="42.9813150" lon="-2.4014540">
    <ele>766.3</ele>
    <time>2019-01-05T13:30:14Z</time>
   </trkpt>
   <trkpt lat="42.9812950" lon="-2.4014830">
    <ele>765.1</ele>
    <time>2019-01-05T13:30:16Z</time>
   </trkpt>
   <trkpt lat="42.9812640" lon="-2.4015060">
    <ele>763.7</ele>
    <time>2019-01-05T13:30:19Z</time>
   </trkpt>
   <trkpt lat="42.9812260" lon="-2.4015280">
    <ele>762.4</ele>
    <time>2019-01-05T13:30:21Z</time>
   </trkpt>
   <trkpt lat="42.9812020" lon="-2.4015480">
    <ele>761.4</ele>
    <time>2019-01-05T13:30:23Z</time>
   </trkpt>
   <trkpt lat="42.9811790" lon="-2.4015780">
    <ele>760.3</ele>
    <time>2019-01-05T13:30:26Z</time>
   </trkpt>
   <trkpt lat="42.9811570" lon="-2.4016100">
    <ele>759.3</ele>
    <time>2019-01-05T13:30:29Z</time>
   </trkpt>
   <trkpt lat="42.9811370" lon="-2.4016430">
    <ele>758.3</ele>
    <time>2019-01-05T13:30:32Z</time>
   </trkpt>
   <trkpt lat="42.9811140" lon="-2.4016660">
    <ele>757.5</ele>
    <time>2019-01-05T13:30:35Z</time>
   </trkpt>
   <trkpt lat="42.9810770" lon="-2.4016790">
    <ele>756.3</ele>
    <time>2019-01-05T13:30:39Z</time>
   </trkpt>
   <trkpt lat="42.9810470" lon="-2.4016880">
    <ele>755.3</ele>
    <time>2019-01-05T13:30:42Z</time>
   </trkpt>
   <trkpt lat="42.9810110" lon="-2.4016790">
    <ele>754.6</ele>
    <time>2019-01-05T13:30:46Z</time>
   </trkpt>
   <trkpt lat="42.9809780" lon="-2.4016740">
    <ele>754.3</ele>
    <time>2019-01-05T13:30:49Z</time>
   </trkpt>
   <trkpt lat="42.9809500" lon="-2.4016580">
    <ele>754.1</ele>
    <time>2019-01-05T13:30:52Z</time>
   </trkpt>
   <trkpt lat="42.9809210" lon="-2.4016480">
    <ele>753.8</ele>
    <time>2019-01-05T13:30:55Z</time>
   </trkpt>
   <trkpt lat="42.9808920" lon="-2.4016310">
    <ele>753.6</ele>
    <time>2019-01-05T13:30:59Z</time>
   </trkpt>
   <trkpt lat="42.9808600" lon="-2.4016190">
    <ele>753.4</ele>
    <time>2019-01-05T13:31:03Z</time>
   </trkpt>
   <trkpt lat="42.9808270" lon="-2.4016190">
    <ele>753.2</ele>
    <time>2019-01-05T13:31:06Z</time>
   </trkpt>
   <trkpt lat="42.9807950" lon="-2.4016130">
    <ele>753.0</ele>
    <time>2019-01-05T13:31:10Z</time>
   </trkpt>
   <trkpt lat="42.9807640" lon="-2.4016090">
    <ele>752.9</ele>
    <time>2019-01-05T13:31:14Z</time>
   </trkpt>
   <trkpt lat="42.9807320" lon="-2.4016100">
    <ele>752.8</ele>
    <time>2019-01-05T13:31:17Z</time>
   </trkpt>
   <trkpt lat="42.9807040" lon="-2.4016210">
    <ele>752.7</ele>
    <time>2019-01-05T13:31:20Z</time>
   </trkpt>
   <trkpt lat="42.9806730" lon="-2.4016120">
    <ele>752.6</ele>
    <time>2019-01-05T13:31:25Z</time>
   </trkpt>
   <trkpt lat="42.9806470" lon="-2.4016010">
    <ele>752.5</ele>
    <time>2019-01-05T13:31:31Z</time>
   </trkpt>
   <trkpt lat="42.9806470" lon="-2.4015610">
    <ele>752.4</ele>
    <time>2019-01-05T13:31:43Z</time>
   </trkpt>
   <trkpt lat="42.9806320" lon="-2.4015190">
    <ele>752.3</ele>
    <time>2019-01-05T13:31:47Z</time>
   </trkpt>
   <trkpt lat="42.9806140" lon="-2.4014850">
    <ele>752.3</ele>
    <time>2019-01-05T13:31:53Z</time>
   </trkpt>
   <trkpt lat="42.9805920" lon="-2.4014530">
    <ele>752.2</ele>
    <time>2019-01-05T13:31:57Z</time>
   </trkpt>
   <trkpt lat="42.9805770" lon="-2.4014210">
    <ele>752.1</ele>
    <time>2019-01-05T13:32:00Z</time>
   </trkpt>
   <trkpt lat="42.9805540" lon="-2.4013980">
    <ele>752.0</ele>
    <time>2019-01-05T13:32:03Z</time>
   </trkpt>
   <trkpt lat="42.9805320" lon="-2.4013620">
    <ele>752.0</ele>
    <time>2019-01-05T13:32:07Z</time>
   </trkpt>
   <trkpt lat="42.9805020" lon="-2.4013470">
    <ele>751.9</ele>
    <time>2019-01-05T13:32:10Z</time>
   </trkpt>
   <trkpt lat="42.9804850" lon="-2.4013110">
    <ele>751.9</ele>
    <time>2019-01-05T13:32:14Z</time>
   </trkpt>
   <trkpt lat="42.9804660" lon="-2.4012730">
    <ele>751.8</ele>
    <time>2019-01-05T13:32:18Z</time>
   </trkpt>
   <trkpt lat="42.9804590" lon="-2.4012310">
    <ele>751.7</ele>
    <time>2019-01-05T13:32:22Z</time>
   </trkpt>
   <trkpt lat="42.9804530" lon="-2.4011940">
    <ele>751.7</ele>
    <time>2019-01-05T13:32:26Z</time>
   </trkpt>
   <trkpt lat="42.9804280" lon="-2.4011620">
    <ele>751.7</ele>
    <time>2019-01-05T13:32:31Z</time>
   </trkpt>
   <trkpt lat="42.9803950" lon="-2.4011460">
    <ele>751.6</ele>
    <time>2019-01-05T13:32:39Z</time>
   </trkpt>
   <trkpt lat="42.9803820" lon="-2.4011140">
    <ele>751.6</ele>
    <time>2019-01-05T13:32:47Z</time>
   </trkpt>
   <trkpt lat="42.9803590" lon="-2.4010870">
    <ele>751.6</ele>
    <time>2019-01-05T13:34:11Z</time>
   </trkpt>
   <trkpt lat="42.9803400" lon="-2.4010460">
    <ele>751.6</ele>
    <time>2019-01-05T13:34:14Z</time>
   </trkpt>
   <trkpt lat="42.9803180" lon="-2.4010100">
    <ele>751.6</ele>
    <time>2019-01-05T13:34:17Z</time>
   </trkpt>
   <trkpt lat="42.9803070" lon="-2.4009670">
    <ele>751.5</ele>
    <time>2019-01-05T13:34:20Z</time>
   </trkpt>
   <trkpt lat="42.9802970" lon="-2.4009220">
    <ele>751.5</ele>
    <time>2019-01-05T13:34:23Z</time>
   </trkpt>
   <trkpt lat="42.9802850" lon="-2.4008800">
    <ele>751.5</ele>
    <time>2019-01-05T13:34:26Z</time>
   </trkpt>
   <trkpt lat="42.9802740" lon="-2.4008380">
    <ele>751.5</ele>
    <time>2019-01-05T13:34:29Z</time>
   </trkpt>
   <trkpt lat="42.9802600" lon="-2.4008030">
    <ele>751.5</ele>
    <time>2019-01-05T13:34:33Z</time>
   </trkpt>
   <trkpt lat="42.9802410" lon="-2.4007640">
    <ele>751.5</ele>
    <time>2019-01-05T13:34:37Z</time>
   </trkpt>
   <trkpt lat="42.9802250" lon="-2.4007280">
    <ele>751.6</ele>
    <time>2019-01-05T13:34:40Z</time>
   </trkpt>
   <trkpt lat="42.9802030" lon="-2.4006990">
    <ele>751.6</ele>
    <time>2019-01-05T13:34:44Z</time>
   </trkpt>
   <trkpt lat="42.9801890" lon="-2.4006630">
    <ele>751.6</ele>
    <time>2019-01-05T13:34:47Z</time>
   </trkpt>
   <trkpt lat="42.9801770" lon="-2.4006140">
    <ele>751.6</ele>
    <time>2019-01-05T13:34:50Z</time>
   </trkpt>
   <trkpt lat="42.9801610" lon="-2.4005740">
    <ele>751.6</ele>
    <time>2019-01-05T13:34:53Z</time>
   </trkpt>
   <trkpt lat="42.9801360" lon="-2.4005360">
    <ele>751.6</ele>
    <time>2019-01-05T13:34:56Z</time>
   </trkpt>
   <trkpt lat="42.9801170" lon="-2.4004970">
    <ele>751.6</ele>
    <time>2019-01-05T13:34:59Z</time>
   </trkpt>
   <trkpt lat="42.9801030" lon="-2.4004610">
    <ele>751.6</ele>
    <time>2019-01-05T13:35:02Z</time>
   </trkpt>
   <trkpt lat="42.9800850" lon="-2.4004230">
    <ele>751.6</ele>
    <time>2019-01-05T13:35:05Z</time>
   </trkpt>
   <trkpt lat="42.9800720" lon="-2.4003860">
    <ele>751.5</ele>
    <time>2019-01-05T13:35:09Z</time>
   </trkpt>
   <trkpt lat="42.9800580" lon="-2.4003540">
    <ele>751.5</ele>
    <time>2019-01-05T13:35:12Z</time>
   </trkpt>
   <trkpt lat="42.9800450" lon="-2.4003200">
    <ele>751.2</ele>
    <time>2019-01-05T13:35:15Z</time>
   </trkpt>
   <trkpt lat="42.9800440" lon="-2.4002710">
    <ele>750.3</ele>
    <time>2019-01-05T13:35:19Z</time>
   </trkpt>
   <trkpt lat="42.9800430" lon="-2.4002290">
    <ele>749.5</ele>
    <time>2019-01-05T13:35:22Z</time>
   </trkpt>
   <trkpt lat="42.9800180" lon="-2.4001940">
    <ele>748.6</ele>
    <time>2019-01-05T13:35:25Z</time>
   </trkpt>
   <trkpt lat="42.9799910" lon="-2.4001660">
    <ele>747.8</ele>
    <time>2019-01-05T13:35:27Z</time>
   </trkpt>
   <trkpt lat="42.9799620" lon="-2.4001530">
    <ele>747.0</ele>
    <time>2019-01-05T13:35:32Z</time>
   </trkpt>
   <trkpt lat="42.9799270" lon="-2.4001310">
    <ele>746.1</ele>
    <time>2019-01-05T13:35:35Z</time>
   </trkpt>
   <trkpt lat="42.9799010" lon="-2.4001040">
    <ele>745.3</ele>
    <time>2019-01-05T13:35:37Z</time>
   </trkpt>
   <trkpt lat="42.9798840" lon="-2.4000730">
    <ele>744.6</ele>
    <time>2019-01-05T13:35:39Z</time>
   </trkpt>
   <trkpt lat="42.9798730" lon="-2.4000370">
    <ele>743.9</ele>
    <time>2019-01-05T13:35:41Z</time>
   </trkpt>
   <trkpt lat="42.9798590" lon="-2.4000000">
    <ele>743.8</ele>
    <time>2019-01-05T13:35:43Z</time>
   </trkpt>
   <trkpt lat="42.9798410" lon="-2.3999600">
    <ele>743.9</ele>
    <time>2019-01-05T13:35:45Z</time>
   </trkpt>
   <trkpt lat="42.9798200" lon="-2.3999340">
    <ele>743.9</ele>
    <time>2019-01-05T13:35:49Z</time>
   </trkpt>
   <trkpt lat="42.9798010" lon="-2.3998930">
    <ele>744.0</ele>
    <time>2019-01-05T13:35:54Z</time>
   </trkpt>
   <trkpt lat="42.9797930" lon="-2.3998560">
    <ele>744.0</ele>
    <time>2019-01-05T13:35:56Z</time>
   </trkpt>
   <trkpt lat="42.9797850" lon="-2.3998080">
    <ele>744.1</ele>
    <time>2019-01-05T13:35:59Z</time>
   </trkpt>
   <trkpt lat="42.9797700" lon="-2.3997640">
    <ele>744.1</ele>
    <time>2019-01-05T13:36:02Z</time>
   </trkpt>
   <trkpt lat="42.9797510" lon="-2.3997270">
    <ele>744.1</ele>
    <time>2019-01-05T13:36:05Z</time>
   </trkpt>
   <trkpt lat="42.9797420" lon="-2.3996870">
    <ele>744.1</ele>
    <time>2019-01-05T13:36:08Z</time>
   </trkpt>
   <trkpt lat="42.9797380" lon="-2.3996480">
    <ele>744.0</ele>
    <time>2019-01-05T13:36:11Z</time>
   </trkpt>
   <trkpt lat="42.9797260" lon="-2.3996090">
    <ele>744.0</ele>
    <time>2019-01-05T13:36:14Z</time>
   </trkpt>
   <trkpt lat="42.9797100" lon="-2.3995620">
    <ele>744.0</ele>
    <time>2019-01-05T13:36:17Z</time>
   </trkpt>
   <trkpt lat="42.9796980" lon="-2.3995270">
    <ele>743.9</ele>
    <time>2019-01-05T13:36:20Z</time>
   </trkpt>
   <trkpt lat="42.9796770" lon="-2.3994840">
    <ele>743.8</ele>
    <time>2019-01-05T13:36:23Z</time>
   </trkpt>
   <trkpt lat="42.9796720" lon="-2.3994360">
    <ele>743.7</ele>
    <time>2019-01-05T13:36:26Z</time>
   </trkpt>
   <trkpt lat="42.9796560" lon="-2.3993870">
    <ele>743.5</ele>
    <time>2019-01-05T13:36:29Z</time>
   </trkpt>
   <trkpt lat="42.9796440" lon="-2.3993400">
    <ele>743.3</ele>
    <time>2019-01-05T13:36:32Z</time>
   </trkpt>
   <trkpt lat="42.9796420" lon="-2.3993000">
    <ele>743.1</ele>
    <time>2019-01-05T13:36:34Z</time>
   </trkpt>
   <trkpt lat="42.9796470" lon="-2.3992500">
    <ele>742.9</ele>
    <time>2019-01-05T13:36:37Z</time>
   </trkpt>
   <trkpt lat="42.9796490" lon="-2.3992120">
    <ele>742.7</ele>
    <time>2019-01-05T13:36:39Z</time>
   </trkpt>
   <trkpt lat="42.9796510" lon="-2.3991750">
    <ele>742.5</ele>
    <time>2019-01-05T13:36:41Z</time>
   </trkpt>
   <trkpt lat="42.9796630" lon="-2.3991290">
    <ele>742.3</ele>
    <time>2019-01-05T13:36:44Z</time>
   </trkpt>
   <trkpt lat="42.9796720" lon="-2.3990760">
    <ele>742.1</ele>
    <time>2019-01-05T13:36:47Z</time>
   </trkpt>
   <trkpt lat="42.9796700" lon="-2.3990290">
    <ele>741.9</ele>
    <time>2019-01-05T13:36:49Z</time>
   </trkpt>
   <trkpt lat="42.9796630" lon="-2.3989860">
    <ele>741.8</ele>
    <time>2019-01-05T13:36:51Z</time>
   </trkpt>
   <trkpt lat="42.9796830" lon="-2.3989510">
    <ele>741.7</ele>
    <time>2019-01-05T13:36:54Z</time>
   </trkpt>
   <trkpt lat="42.9797110" lon="-2.3989230">
    <ele>741.6</ele>
    <time>2019-01-05T13:36:57Z</time>
   </trkpt>
   <trkpt lat="42.9797090" lon="-2.3988680">
    <ele>741.6</ele>
    <time>2019-01-05T13:37:00Z</time>
   </trkpt>
   <trkpt lat="42.9796930" lon="-2.3988330">
    <ele>741.6</ele>
    <time>2019-01-05T13:37:02Z</time>
   </trkpt>
   <trkpt lat="42.9796850" lon="-2.3987890">
    <ele>741.6</ele>
    <time>2019-01-05T13:37:04Z</time>
   </trkpt>
   <trkpt lat="42.9796790" lon="-2.3987390">
    <ele>741.6</ele>
    <time>2019-01-05T13:37:06Z</time>
   </trkpt>
   <trkpt lat="42.9796760" lon="-2.3986980">
    <ele>741.6</ele>
    <time>2019-01-05T13:37:08Z</time>
   </trkpt>
   <trkpt lat="42.9796850" lon="-2.3986470">
    <ele>741.6</ele>
    <time>2019-01-05T13:37:11Z</time>
   </trkpt>
   <trkpt lat="42.9796980" lon="-2.3986010">
    <ele>741.6</ele>
    <time>2019-01-05T13:37:14Z</time>
   </trkpt>
   <trkpt lat="42.9797070" lon="-2.3985510">
    <ele>741.6</ele>
    <time>2019-01-05T13:37:17Z</time>
   </trkpt>
   <trkpt lat="42.9797170" lon="-2.3985100">
    <ele>741.6</ele>
    <time>2019-01-05T13:37:20Z</time>
   </trkpt>
   <trkpt lat="42.9797310" lon="-2.3984620">
    <ele>741.6</ele>
    <time>2019-01-05T13:37:23Z</time>
   </trkpt>
   <trkpt lat="42.9797310" lon="-2.3984100">
    <ele>741.7</ele>
    <time>2019-01-05T13:37:26Z</time>
   </trkpt>
   <trkpt lat="42.9797330" lon="-2.3983690">
    <ele>741.7</ele>
    <time>2019-01-05T13:37:29Z</time>
   </trkpt>
   <trkpt lat="42.9797380" lon="-2.3983310">
    <ele>741.7</ele>
    <time>2019-01-05T13:37:32Z</time>
   </trkpt>
   <trkpt lat="42.9797400" lon="-2.3982840">
    <ele>741.7</ele>
    <time>2019-01-05T13:37:35Z</time>
   </trkpt>
   <trkpt lat="42.9797280" lon="-2.3982330">
    <ele>741.7</ele>
    <time>2019-01-05T13:37:38Z</time>
   </trkpt>
   <trkpt lat="42.9797270" lon="-2.3981870">
    <ele>741.7</ele>
    <time>2019-01-05T13:37:42Z</time>
   </trkpt>
   <trkpt lat="42.9797340" lon="-2.3981480">
    <ele>741.5</ele>
    <time>2019-01-05T13:37:45Z</time>
   </trkpt>
   <trkpt lat="42.9797370" lon="-2.3980980">
    <ele>741.2</ele>
    <time>2019-01-05T13:37:48Z</time>
   </trkpt>
   <trkpt lat="42.9797390" lon="-2.3980560">
    <ele>741.0</ele>
    <time>2019-01-05T13:37:51Z</time>
   </trkpt>
   <trkpt lat="42.9797460" lon="-2.3980130">
    <ele>740.7</ele>
    <time>2019-01-05T13:37:54Z</time>
   </trkpt>
   <trkpt lat="42.9797630" lon="-2.3979710">
    <ele>740.6</ele>
    <time>2019-01-05T13:37:57Z</time>
   </trkpt>
   <trkpt lat="42.9797730" lon="-2.3979250">
    <ele>740.4</ele>
    <time>2019-01-05T13:38:00Z</time>
   </trkpt>
   <trkpt lat="42.9797720" lon="-2.3978790">
    <ele>740.3</ele>
    <time>2019-01-05T13:38:03Z</time>
   </trkpt>
   <trkpt lat="42.9797750" lon="-2.3978300">
    <ele>740.3</ele>
    <time>2019-01-05T13:38:06Z</time>
   </trkpt>
   <trkpt lat="42.9797790" lon="-2.3977850">
    <ele>740.4</ele>
    <time>2019-01-05T13:38:09Z</time>
   </trkpt>
   <trkpt lat="42.9797710" lon="-2.3977300">
    <ele>740.5</ele>
    <time>2019-01-05T13:38:12Z</time>
   </trkpt>
   <trkpt lat="42.9797680" lon="-2.3976920">
    <ele>740.6</ele>
    <time>2019-01-05T13:38:14Z</time>
   </trkpt>
   <trkpt lat="42.9797650" lon="-2.3976460">
    <ele>740.8</ele>
    <time>2019-01-05T13:38:17Z</time>
   </trkpt>
   <trkpt lat="42.9797600" lon="-2.3976030">
    <ele>741.1</ele>
    <time>2019-01-05T13:38:20Z</time>
   </trkpt>
   <trkpt lat="42.9797530" lon="-2.3975590">
    <ele>741.5</ele>
    <time>2019-01-05T13:38:23Z</time>
   </trkpt>
   <trkpt lat="42.9797590" lon="-2.3975140">
    <ele>742.0</ele>
    <time>2019-01-05T13:38:26Z</time>
   </trkpt>
   <trkpt lat="42.9797740" lon="-2.3974790">
    <ele>742.4</ele>
    <time>2019-01-05T13:38:30Z</time>
   </trkpt>
   <trkpt lat="42.9797670" lon="-2.3974310">
    <ele>743.0</ele>
    <time>2019-01-05T13:38:33Z</time>
   </trkpt>
   <trkpt lat="42.9797450" lon="-2.3974000">
    <ele>743.6</ele>
    <time>2019-01-05T13:38:36Z</time>
   </trkpt>
   <trkpt lat="42.9797230" lon="-2.3973590">
    <ele>743.3</ele>
    <time>2019-01-05T13:38:40Z</time>
   </trkpt>
   <trkpt lat="42.9796980" lon="-2.3973220">
    <ele>742.3</ele>
    <time>2019-01-05T13:38:43Z</time>
   </trkpt>
   <trkpt lat="42.9796730" lon="-2.3973080">
    <ele>741.6</ele>
    <time>2019-01-05T13:38:45Z</time>
   </trkpt>
   <trkpt lat="42.9796430" lon="-2.3973060">
    <ele>740.9</ele>
    <time>2019-01-05T13:38:47Z</time>
   </trkpt>
   <trkpt lat="42.9796120" lon="-2.3973070">
    <ele>740.1</ele>
    <time>2019-01-05T13:38:49Z</time>
   </trkpt>
   <trkpt lat="42.9795830" lon="-2.3973030">
    <ele>739.4</ele>
    <time>2019-01-05T13:38:51Z</time>
   </trkpt>
   <trkpt lat="42.9795550" lon="-2.3972960">
    <ele>738.7</ele>
    <time>2019-01-05T13:38:53Z</time>
   </trkpt>
   <trkpt lat="42.9795250" lon="-2.3972910">
    <ele>738.0</ele>
    <time>2019-01-05T13:38:55Z</time>
   </trkpt>
   <trkpt lat="42.9794940" lon="-2.3972950">
    <ele>737.3</ele>
    <time>2019-01-05T13:38:57Z</time>
   </trkpt>
   <trkpt lat="42.9794620" lon="-2.3972970">
    <ele>736.6</ele>
    <time>2019-01-05T13:38:59Z</time>
   </trkpt>
   <trkpt lat="42.9794310" lon="-2.3972990">
    <ele>736.0</ele>
    <time>2019-01-05T13:39:01Z</time>
   </trkpt>
   <trkpt lat="42.9794010" lon="-2.3973010">
    <ele>735.4</ele>
    <time>2019-01-05T13:39:04Z</time>
   </trkpt>
   <trkpt lat="42.9793700" lon="-2.3973160">
    <ele>734.8</ele>
    <time>2019-01-05T13:39:06Z</time>
   </trkpt>
   <trkpt lat="42.9793410" lon="-2.3973250">
    <ele>734.5</ele>
    <time>2019-01-05T13:39:08Z</time>
   </trkpt>
   <trkpt lat="42.9793110" lon="-2.3973300">
    <ele>734.2</ele>
    <time>2019-01-05T13:39:10Z</time>
   </trkpt>
   <trkpt lat="42.9792750" lon="-2.3973320">
    <ele>733.9</ele>
    <time>2019-01-05T13:39:13Z</time>
   </trkpt>
   <trkpt lat="42.9792470" lon="-2.3973280">
    <ele>733.6</ele>
    <time>2019-01-05T13:39:15Z</time>
   </trkpt>
   <trkpt lat="42.9792110" lon="-2.3973180">
    <ele>733.3</ele>
    <time>2019-01-05T13:39:17Z</time>
   </trkpt>
   <trkpt lat="42.9791820" lon="-2.3973100">
    <ele>733.0</ele>
    <time>2019-01-05T13:39:19Z</time>
   </trkpt>
   <trkpt lat="42.9791510" lon="-2.3972940">
    <ele>732.7</ele>
    <time>2019-01-05T13:39:22Z</time>
   </trkpt>
   <trkpt lat="42.9791230" lon="-2.3972650">
    <ele>732.4</ele>
    <time>2019-01-05T13:39:25Z</time>
   </trkpt>
   <trkpt lat="42.9790990" lon="-2.3972360">
    <ele>732.1</ele>
    <time>2019-01-05T13:39:28Z</time>
   </trkpt>
   <trkpt lat="42.9790680" lon="-2.3972160">
    <ele>731.8</ele>
    <time>2019-01-05T13:39:32Z</time>
   </trkpt>
  </trkseg>
 </trk>
</gpx>
