<?xml version="1.0" encoding="UTF-8"?>
<gpx creator="Wikiloc - https://www.wikiloc.com" version="1.1" xmlns="http://www.topografix.com/GPX/1/1" xmlns:xsi="http://www.w3.org/2001/XMLSchema-instance" xsi:schemaLocation="http://www.topografix.com/GPX/1/1 http://www.topografix.com/GPX/1/1/gpx.xsd">
  <metadata>
    <name>Wikiloc - IBANTENLI desde LIZUNIAGA circular</name>
    <author>
      <name>RUTAS por el MONTE BLOG</name>
      <link href="https://www.wikiloc.com/wikiloc/user.do?id=4600824">
        <text>RUTAS por el MONTE BLOG on Wikiloc</text>
      </link>
    </author>
    <link href="https://www.wikiloc.com/hiking-trails/ibantenli-desde-lizuniaga-circular-54326383">
      <text>IBANTENLI desde LIZUNIAGA circular on Wikiloc</text>
    </link>
    <time>2020-08-09T12:53:09Z</time>
  </metadata>
  <wpt lat="43.282932" lon="-1.631614">
    <ele>214.2</ele>
    <time>2020-08-09T09:23:03Z</time>
    <name>Lizuniaga</name>
    <cmt>Comenzamos la ruta dejando el coche en la explanada de aparcamiento de Lizuniaga.</cmt>
    <desc>Comenzamos la ruta dejando el coche en la explanada de aparcamiento de Lizuniaga.</desc>
  </wpt>
  <wpt lat="43.282331" lon="-1.632212">
    <ele>217.0</ele>
    <time>2020-08-09T09:24:50Z</time>
    <name>Cruzar carretera y tomar pista</name>
    <cmt>Cruzamos la carretera y tomamos la pista para dar inicio a la ruta.</cmt>
    <desc>Cruzamos la carretera y tomamos la pista para dar inicio a la ruta.</desc>
  </wpt>
  <wpt lat="43.280682" lon="-1.633981">
    <ele>231.2</ele>
    <time>2020-08-09T09:28:52Z</time>
    <name>Bunker</name>
    <cmt>Bunker a la derecha del camino.</cmt>
    <desc>Bunker a la derecha del camino.</desc>
  </wpt>
  <wpt lat="43.280024" lon="-1.633759">
    <ele>236.5</ele>
    <time>2020-08-09T09:30:31Z</time>
    <name>Izquierda abandonar pista junto a borda</name>
    <cmt>Abandonamos la pista girando a la izquierda junto a una borda. Caminamos por bonito sendero.</cmt>
    <desc>Abandonamos la pista girando a la izquierda junto a una borda. Caminamos por bonito sendero.</desc>
  </wpt>
  <wpt lat="43.278593" lon="-1.627691">
    <ele>305.2</ele>
    <time>2020-08-09T09:45:37Z</time>
    <name>Puesto caza</name>
    <cmt>Mientras ascendemos de forma constante por el sendero, veremos un puesto de caza. Caminando cuesta arriba rodeados de vegetación</cmt>
    <desc>Mientras ascendemos de forma constante por el sendero, veremos un puesto de caza. Caminando cuesta arriba rodeados de vegetación</desc>
  </wpt>
  <wpt lat="43.277797" lon="-1.627284">
    <ele>333.0</ele>
    <time>2020-08-09T09:50:25Z</time>
    <name>Piedra Fronteriza</name>
    <cmt>Piedra fronteriza o mugarri, que marca la frontera entre España y Francia.</cmt>
    <desc>Piedra fronteriza o mugarri, que marca la frontera entre España y Francia.</desc>
  </wpt>
  <wpt lat="43.274997" lon="-1.626488">
    <ele>424.5</ele>
    <time>2020-08-09T10:02:05Z</time>
    <name>Izquierda subir</name>
    <cmt>En la bifurcación seguimos el sendero ascendente por la izquierda.</cmt>
    <desc>En la bifurcación seguimos el sendero ascendente por la izquierda.</desc>
  </wpt>
  <wpt lat="43.273697" lon="-1.626057">
    <ele>486.2</ele>
    <time>2020-08-09T10:13:24Z</time>
    <name>Recto</name>
    <cmt>Nuestra senda se cruza con otra pero seguimos recto ganando altura de forma rápida.</cmt>
    <desc>Nuestra senda se cruza con otra pero seguimos recto ganando altura de forma rápida.</desc>
  </wpt>
  <wpt lat="43.270604" lon="-1.625563">
    <ele>604.2</ele>
    <time>2020-08-09T10:32:33Z</time>
    <name>Collado izquierda</name>
    <cmt>Llegamos al collado y vamos a la izquierda para encarar los últimos metros de ascenso al Ibanteli. Las vistas ya desde aquí son preciosas.</cmt>
    <desc>Llegamos al collado y vamos a la izquierda para encarar los últimos metros de ascenso al Ibanteli. Las vistas ya desde aquí son preciosas.</desc>
  </wpt>
  <wpt lat="43.270650" lon="-1.623524">
    <ele>648.0</ele>
    <time>2020-08-09T10:44:38Z</time>
    <name>Piedra Fronteriza</name>
    <cmt>Segunda piedra fronteriza de la jornada.</cmt>
    <desc>Segunda piedra fronteriza de la jornada.</desc>
  </wpt>
  <wpt lat="43.271483" lon="-1.620475">
    <ele>690.1</ele>
    <time>2020-08-09T10:55:30Z</time>
    <name>Ibanteli 688 m</name>
    <cmt>Cima de Ibanteli de 688 m pero con unas vistas preciosas.</cmt>
    <desc>Cima de Ibanteli de 688 m pero con unas vistas preciosas.</desc>
  </wpt>
  <wpt lat="43.270539" lon="-1.626011">
    <ele>608.3</ele>
    <time>2020-08-09T11:18:27Z</time>
    <name>Poste Izquierda</name>
    <cmt>Tras bajar de Ibanteli de vuelta al collado, llegamos a un poste indicativo donde giraremos a la izquierda para descender hacia las ventas de Lizaieta.</cmt>
    <desc>Tras bajar de Ibanteli de vuelta al collado, llegamos a un poste indicativo donde giraremos a la izquierda para descender hacia las ventas de Lizaieta.</desc>
  </wpt>
  <wpt lat="43.269397" lon="-1.625749">
    <ele>594.3</ele>
    <time>2020-08-09T11:20:23Z</time>
    <name>Izquierda</name>
    <cmt>Seguimos por la izquierda en la bifurcación.</cmt>
    <desc>Seguimos por la izquierda en la bifurcación.</desc>
  </wpt>
  <wpt lat="43.262074" lon="-1.620092">
    <ele>443.5</ele>
    <time>2020-08-09T11:41:31Z</time>
    <name>Lizaieta</name>
    <cmt>Ventas de Lizaieta donde poder picar algo y refrescarnos en caso de quererlo. Giraremos 180 º tomando la pista y siguiendo las marcas blancas y rojas de la GR. Desde aquí hasta el coche el camino no tiene pérdida, seguiremos la tranquila pista de gravilla sin desviarnos.</cmt>
    <desc>Ventas de Lizaieta donde poder picar algo y refrescarnos en caso de quererlo. Giraremos 180 º tomando la pista y siguiendo las marcas blancas y rojas de la GR. Desde aquí hasta el coche el camino no tiene pérdida, seguiremos la tranquila pista de gravilla sin desviarnos.</desc>
  </wpt>
  <wpt lat="43.263202" lon="-1.628530">
    <ele>428.1</ele>
    <time>2020-08-09T11:56:04Z</time>
    <name>Derecha siguiendo pista principal</name>
    <cmt>Seguir pista principal</cmt>
    <desc>Seguir pista principal</desc>
  </wpt>
  <wpt lat="43.268881" lon="-1.642588">
    <ele>335.7</ele>
    <time>2020-08-09T12:22:08Z</time>
    <name>Seguir pista</name>
    <cmt>Abandonamos las marcas de la GR que se desvía de la pista y continuamos nuestro camino por la pista.</cmt>
    <desc>Abandonamos las marcas de la GR que se desvía de la pista y continuamos nuestro camino por la pista.</desc>
  </wpt>
  <wpt lat="43.276516" lon="-1.636400">
    <ele>284.3</ele>
    <time>2020-08-09T12:37:37Z</time>
    <name>Fuente</name>
    <cmt>Fuente donde poder hidratarnos.</cmt>
    <desc>Fuente donde poder hidratarnos.</desc>
  </wpt>
  <trk>
    <name>IBANTENLI desde LIZUNIAGA circular</name>
    <cmt>Bonita ruta circular al monte Ibanteli (688 m) desde Lizuniaga. Subimos por un precioso sendero boscoso de manera bastante directa con pendiente exigente pero breve y descendemos pasando por Lizaieta volviendo por pista. Si queréis aligerar la ruta, podéis hacerla en sentido inverso, haciendo muchísimo más leve la subida. Una vez arriba, las vistas son preciosas, viendo Larun, Peñas de Aya o Mendaur e incluso el mar.</cmt>
    <desc>Bonita ruta circular al monte Ibanteli (688 m) desde Lizuniaga. Subimos por un precioso sendero boscoso de manera bastante directa con pendiente exigente pero breve y descendemos pasando por Lizaieta volviendo por pista. Si queréis aligerar la ruta, podéis hacerla en sentido inverso, haciendo muchísimo más leve la subida. Una vez arriba, las vistas son preciosas, viendo Larun, Peñas de Aya o Mendaur e incluso el mar.</desc>
    <trkseg>
      <trkpt lat="43.282932" lon="-1.631614">
        <ele>217.064</ele>
        <time>2020-08-09T09:22:51Z</time>
      </trkpt>
      <trkpt lat="43.282905" lon="-1.631668">
        <ele>217.006</ele>
        <time>2020-08-09T09:23:13Z</time>
      </trkpt>
      <trkpt lat="43.282857" lon="-1.631705">
        <ele>217.016</ele>
        <time>2020-08-09T09:23:18Z</time>
      </trkpt>
      <trkpt lat="43.282817" lon="-1.631737">
        <ele>217.008</ele>
        <time>2020-08-09T09:23:22Z</time>
      </trkpt>
      <trkpt lat="43.282780" lon="-1.631782">
        <ele>217.071</ele>
        <time>2020-08-09T09:23:29Z</time>
      </trkpt>
      <trkpt lat="43.282763" lon="-1.631845">
        <ele>217.080</ele>
        <time>2020-08-09T09:23:35Z</time>
      </trkpt>
      <trkpt lat="43.282762" lon="-1.631909">
        <ele>217.089</ele>
        <time>2020-08-09T09:23:48Z</time>
      </trkpt>
      <trkpt lat="43.282717" lon="-1.631950">
        <ele>217.038</ele>
        <time>2020-08-09T09:23:55Z</time>
      </trkpt>
      <trkpt lat="43.282673" lon="-1.631971">
        <ele>217.062</ele>
        <time>2020-08-09T09:23:59Z</time>
      </trkpt>
      <trkpt lat="43.282630" lon="-1.631998">
        <ele>217.039</ele>
        <time>2020-08-09T09:24:06Z</time>
      </trkpt>
      <trkpt lat="43.282580" lon="-1.632016">
        <ele>217.074</ele>
        <time>2020-08-09T09:24:19Z</time>
      </trkpt>
      <trkpt lat="43.282535" lon="-1.632035">
        <ele>217.059</ele>
        <time>2020-08-09T09:24:25Z</time>
      </trkpt>
      <trkpt lat="43.282497" lon="-1.632078">
        <ele>217.072</ele>
        <time>2020-08-09T09:24:29Z</time>
      </trkpt>
      <trkpt lat="43.282453" lon="-1.632095">
        <ele>217.013</ele>
        <time>2020-08-09T09:24:34Z</time>
      </trkpt>
      <trkpt lat="43.282408" lon="-1.632135">
        <ele>217.014</ele>
        <time>2020-08-09T09:24:39Z</time>
      </trkpt>
      <trkpt lat="43.282371" lon="-1.632183">
        <ele>217.008</ele>
        <time>2020-08-09T09:24:43Z</time>
      </trkpt>
      <trkpt lat="43.282330" lon="-1.632213">
        <ele>217.192</ele>
        <time>2020-08-09T09:24:48Z</time>
      </trkpt>
      <trkpt lat="43.282282" lon="-1.632218">
        <ele>217.831</ele>
        <time>2020-08-09T09:24:57Z</time>
      </trkpt>
      <trkpt lat="43.282234" lon="-1.632236">
        <ele>218.790</ele>
        <time>2020-08-09T09:25:01Z</time>
      </trkpt>
      <trkpt lat="43.282188" lon="-1.632238">
        <ele>219.589</ele>
        <time>2020-08-09T09:25:05Z</time>
      </trkpt>
      <trkpt lat="43.282140" lon="-1.632226">
        <ele>219.883</ele>
        <time>2020-08-09T09:25:10Z</time>
      </trkpt>
      <trkpt lat="43.282094" lon="-1.632245">
        <ele>219.540</ele>
        <time>2020-08-09T09:25:22Z</time>
      </trkpt>
      <trkpt lat="43.282049" lon="-1.632264">
        <ele>219.365</ele>
        <time>2020-08-09T09:25:26Z</time>
      </trkpt>
      <trkpt lat="43.282020" lon="-1.632311">
        <ele>219.340</ele>
        <time>2020-08-09T09:25:29Z</time>
      </trkpt>
      <trkpt lat="43.281993" lon="-1.632360">
        <ele>219.859</ele>
        <time>2020-08-09T09:25:33Z</time>
      </trkpt>
      <trkpt lat="43.281950" lon="-1.632385">
        <ele>219.903</ele>
        <time>2020-08-09T09:25:37Z</time>
      </trkpt>
      <trkpt lat="43.281911" lon="-1.632427">
        <ele>220.223</ele>
        <time>2020-08-09T09:25:42Z</time>
      </trkpt>
      <trkpt lat="43.281869" lon="-1.632450">
        <ele>221.108</ele>
        <time>2020-08-09T09:26:06Z</time>
      </trkpt>
      <trkpt lat="43.281841" lon="-1.632508">
        <ele>221.570</ele>
        <time>2020-08-09T09:26:11Z</time>
      </trkpt>
      <trkpt lat="43.281804" lon="-1.632544">
        <ele>221.899</ele>
        <time>2020-08-09T09:26:14Z</time>
      </trkpt>
      <trkpt lat="43.281757" lon="-1.632576">
        <ele>222.088</ele>
        <time>2020-08-09T09:26:17Z</time>
      </trkpt>
      <trkpt lat="43.281717" lon="-1.632608">
        <ele>222.377</ele>
        <time>2020-08-09T09:26:20Z</time>
      </trkpt>
      <trkpt lat="43.281671" lon="-1.632639">
        <ele>222.611</ele>
        <time>2020-08-09T09:26:24Z</time>
      </trkpt>
      <trkpt lat="43.281625" lon="-1.632667">
        <ele>222.978</ele>
        <time>2020-08-09T09:26:28Z</time>
      </trkpt>
      <trkpt lat="43.281576" lon="-1.632706">
        <ele>223.273</ele>
        <time>2020-08-09T09:26:32Z</time>
      </trkpt>
      <trkpt lat="43.281529" lon="-1.632752">
        <ele>223.538</ele>
        <time>2020-08-09T09:26:37Z</time>
      </trkpt>
      <trkpt lat="43.281493" lon="-1.632805">
        <ele>223.552</ele>
        <time>2020-08-09T09:26:41Z</time>
      </trkpt>
      <trkpt lat="43.281457" lon="-1.632851">
        <ele>223.553</ele>
        <time>2020-08-09T09:26:46Z</time>
      </trkpt>
      <trkpt lat="43.281417" lon="-1.632888">
        <ele>223.508</ele>
        <time>2020-08-09T09:26:52Z</time>
      </trkpt>
      <trkpt lat="43.281372" lon="-1.632917">
        <ele>223.408</ele>
        <time>2020-08-09T09:26:57Z</time>
      </trkpt>
      <trkpt lat="43.281324" lon="-1.632936">
        <ele>223.290</ele>
        <time>2020-08-09T09:27:02Z</time>
      </trkpt>
      <trkpt lat="43.281297" lon="-1.632986">
        <ele>223.049</ele>
        <time>2020-08-09T09:27:08Z</time>
      </trkpt>
      <trkpt lat="43.281268" lon="-1.633034">
        <ele>222.868</ele>
        <time>2020-08-09T09:27:14Z</time>
      </trkpt>
      <trkpt lat="43.281241" lon="-1.633084">
        <ele>222.767</ele>
        <time>2020-08-09T09:27:22Z</time>
      </trkpt>
      <trkpt lat="43.281189" lon="-1.633106">
        <ele>222.861</ele>
        <time>2020-08-09T09:27:27Z</time>
      </trkpt>
      <trkpt lat="43.281145" lon="-1.633128">
        <ele>223.568</ele>
        <time>2020-08-09T09:27:32Z</time>
      </trkpt>
      <trkpt lat="43.281111" lon="-1.633172">
        <ele>224.123</ele>
        <time>2020-08-09T09:27:37Z</time>
      </trkpt>
      <trkpt lat="43.281099" lon="-1.633234">
        <ele>224.218</ele>
        <time>2020-08-09T09:27:43Z</time>
      </trkpt>
      <trkpt lat="43.281061" lon="-1.633276">
        <ele>224.229</ele>
        <time>2020-08-09T09:27:54Z</time>
      </trkpt>
      <trkpt lat="43.281025" lon="-1.633315">
        <ele>224.600</ele>
        <time>2020-08-09T09:27:59Z</time>
      </trkpt>
      <trkpt lat="43.281025" lon="-1.633315">
        <ele>224.620</ele>
        <time>2020-08-09T09:27:59Z</time>
      </trkpt>
      <trkpt lat="43.280991" lon="-1.633368">
        <ele>225.308</ele>
        <time>2020-08-09T09:28:04Z</time>
      </trkpt>
      <trkpt lat="43.280966" lon="-1.633425">
        <ele>226.247</ele>
        <time>2020-08-09T09:28:07Z</time>
      </trkpt>
      <trkpt lat="43.280940" lon="-1.633493">
        <ele>226.966</ele>
        <time>2020-08-09T09:28:12Z</time>
      </trkpt>
      <trkpt lat="43.280914" lon="-1.633551">
        <ele>227.595</ele>
        <time>2020-08-09T09:28:17Z</time>
      </trkpt>
      <trkpt lat="43.280889" lon="-1.633606">
        <ele>228.054</ele>
        <time>2020-08-09T09:28:22Z</time>
      </trkpt>
      <trkpt lat="43.280863" lon="-1.633656">
        <ele>228.428</ele>
        <time>2020-08-09T09:28:26Z</time>
      </trkpt>
      <trkpt lat="43.280834" lon="-1.633713">
        <ele>228.945</ele>
        <time>2020-08-09T09:28:29Z</time>
      </trkpt>
      <trkpt lat="43.280800" lon="-1.633771">
        <ele>229.510</ele>
        <time>2020-08-09T09:28:33Z</time>
      </trkpt>
      <trkpt lat="43.280768" lon="-1.633815">
        <ele>230.035</ele>
        <time>2020-08-09T09:28:37Z</time>
      </trkpt>
      <trkpt lat="43.280737" lon="-1.633860">
        <ele>230.363</ele>
        <time>2020-08-09T09:28:41Z</time>
      </trkpt>
      <trkpt lat="43.280710" lon="-1.633925">
        <ele>230.944</ele>
        <time>2020-08-09T09:28:46Z</time>
      </trkpt>
      <trkpt lat="43.280710" lon="-1.633925">
        <ele>230.918</ele>
        <time>2020-08-09T09:28:46Z</time>
      </trkpt>
      <trkpt lat="43.280680" lon="-1.633981">
        <ele>231.008</ele>
        <time>2020-08-09T09:28:51Z</time>
      </trkpt>
      <trkpt lat="43.280638" lon="-1.634017">
        <ele>231.181</ele>
        <time>2020-08-09T09:29:01Z</time>
      </trkpt>
      <trkpt lat="43.280601" lon="-1.634057">
        <ele>232.060</ele>
        <time>2020-08-09T09:29:05Z</time>
      </trkpt>
      <trkpt lat="43.280571" lon="-1.634111">
        <ele>232.859</ele>
        <time>2020-08-09T09:29:08Z</time>
      </trkpt>
      <trkpt lat="43.280545" lon="-1.634170">
        <ele>233.498</ele>
        <time>2020-08-09T09:29:13Z</time>
      </trkpt>
      <trkpt lat="43.280502" lon="-1.634196">
        <ele>233.752</ele>
        <time>2020-08-09T09:29:17Z</time>
      </trkpt>
      <trkpt lat="43.280455" lon="-1.634195">
        <ele>234.079</ele>
        <time>2020-08-09T09:29:21Z</time>
      </trkpt>
      <trkpt lat="43.280406" lon="-1.634177">
        <ele>234.444</ele>
        <time>2020-08-09T09:29:25Z</time>
      </trkpt>
      <trkpt lat="43.280365" lon="-1.634139">
        <ele>234.569</ele>
        <time>2020-08-09T09:29:30Z</time>
      </trkpt>
      <trkpt lat="43.280335" lon="-1.634087">
        <ele>234.798</ele>
        <time>2020-08-09T09:29:35Z</time>
      </trkpt>
      <trkpt lat="43.280288" lon="-1.634041">
        <ele>235.015</ele>
        <time>2020-08-09T09:29:41Z</time>
      </trkpt>
      <trkpt lat="43.280251" lon="-1.634005">
        <ele>235.526</ele>
        <time>2020-08-09T09:29:46Z</time>
      </trkpt>
      <trkpt lat="43.280214" lon="-1.633965">
        <ele>235.908</ele>
        <time>2020-08-09T09:29:50Z</time>
      </trkpt>
      <trkpt lat="43.280179" lon="-1.633923">
        <ele>236.254</ele>
        <time>2020-08-09T09:29:55Z</time>
      </trkpt>
      <trkpt lat="43.280144" lon="-1.633874">
        <ele>236.273</ele>
        <time>2020-08-09T09:29:59Z</time>
      </trkpt>
      <trkpt lat="43.280107" lon="-1.633828">
        <ele>236.372</ele>
        <time>2020-08-09T09:30:02Z</time>
      </trkpt>
      <trkpt lat="43.280064" lon="-1.633795">
        <ele>236.321</ele>
        <time>2020-08-09T09:30:06Z</time>
      </trkpt>
      <trkpt lat="43.280023" lon="-1.633759">
        <ele>236.455</ele>
        <time>2020-08-09T09:30:10Z</time>
      </trkpt>
      <trkpt lat="43.280045" lon="-1.633703">
        <ele>237.462</ele>
        <time>2020-08-09T09:31:04Z</time>
      </trkpt>
      <trkpt lat="43.280053" lon="-1.633639">
        <ele>238.167</ele>
        <time>2020-08-09T09:31:08Z</time>
      </trkpt>
      <trkpt lat="43.280063" lon="-1.633576">
        <ele>238.852</ele>
        <time>2020-08-09T09:31:12Z</time>
      </trkpt>
      <trkpt lat="43.280083" lon="-1.633514">
        <ele>238.653</ele>
        <time>2020-08-09T09:31:16Z</time>
      </trkpt>
      <trkpt lat="43.280088" lon="-1.633441">
        <ele>238.504</ele>
        <time>2020-08-09T09:31:21Z</time>
      </trkpt>
      <trkpt lat="43.280082" lon="-1.633379">
        <ele>238.614</ele>
        <time>2020-08-09T09:31:24Z</time>
      </trkpt>
      <trkpt lat="43.280073" lon="-1.633311">
        <ele>239.108</ele>
        <time>2020-08-09T09:31:29Z</time>
      </trkpt>
      <trkpt lat="43.280072" lon="-1.633248">
        <ele>239.440</ele>
        <time>2020-08-09T09:31:34Z</time>
      </trkpt>
      <trkpt lat="43.280082" lon="-1.633180">
        <ele>239.849</ele>
        <time>2020-08-09T09:31:38Z</time>
      </trkpt>
      <trkpt lat="43.280077" lon="-1.633113">
        <ele>239.838</ele>
        <time>2020-08-09T09:31:42Z</time>
      </trkpt>
      <trkpt lat="43.280055" lon="-1.633058">
        <ele>239.917</ele>
        <time>2020-08-09T09:31:46Z</time>
      </trkpt>
      <trkpt lat="43.280026" lon="-1.633010">
        <ele>239.741</ele>
        <time>2020-08-09T09:31:55Z</time>
      </trkpt>
      <trkpt lat="43.280015" lon="-1.632948">
        <ele>239.858</ele>
        <time>2020-08-09T09:32:00Z</time>
      </trkpt>
      <trkpt lat="43.279993" lon="-1.632893">
        <ele>239.853</ele>
        <time>2020-08-09T09:32:06Z</time>
      </trkpt>
      <trkpt lat="43.279966" lon="-1.632834">
        <ele>240.148</ele>
        <time>2020-08-09T09:32:11Z</time>
      </trkpt>
      <trkpt lat="43.279943" lon="-1.632772">
        <ele>240.751</ele>
        <time>2020-08-09T09:32:15Z</time>
      </trkpt>
      <trkpt lat="43.279921" lon="-1.632707">
        <ele>241.401</ele>
        <time>2020-08-09T09:32:21Z</time>
      </trkpt>
      <trkpt lat="43.279892" lon="-1.632655">
        <ele>242.111</ele>
        <time>2020-08-09T09:32:27Z</time>
      </trkpt>
      <trkpt lat="43.279867" lon="-1.632600">
        <ele>243.208</ele>
        <time>2020-08-09T09:32:34Z</time>
      </trkpt>
      <trkpt lat="43.279867" lon="-1.632600">
        <ele>243.260</ele>
        <time>2020-08-09T09:32:34Z</time>
      </trkpt>
      <trkpt lat="43.279844" lon="-1.632541">
        <ele>243.859</ele>
        <time>2020-08-09T09:32:38Z</time>
      </trkpt>
      <trkpt lat="43.279813" lon="-1.632489">
        <ele>244.148</ele>
        <time>2020-08-09T09:32:42Z</time>
      </trkpt>
      <trkpt lat="43.279778" lon="-1.632442">
        <ele>244.627</ele>
        <time>2020-08-09T09:32:46Z</time>
      </trkpt>
      <trkpt lat="43.279745" lon="-1.632394">
        <ele>245.181</ele>
        <time>2020-08-09T09:32:50Z</time>
      </trkpt>
      <trkpt lat="43.279699" lon="-1.632348">
        <ele>245.598</ele>
        <time>2020-08-09T09:32:54Z</time>
      </trkpt>
      <trkpt lat="43.279662" lon="-1.632305">
        <ele>245.933</ele>
        <time>2020-08-09T09:32:57Z</time>
      </trkpt>
      <trkpt lat="43.279626" lon="-1.632260">
        <ele>246.428</ele>
        <time>2020-08-09T09:33:01Z</time>
      </trkpt>
      <trkpt lat="43.279597" lon="-1.632212">
        <ele>246.943</ele>
        <time>2020-08-09T09:33:05Z</time>
      </trkpt>
      <trkpt lat="43.279573" lon="-1.632159">
        <ele>247.464</ele>
        <time>2020-08-09T09:33:11Z</time>
      </trkpt>
      <trkpt lat="43.279569" lon="-1.632093">
        <ele>248.010</ele>
        <time>2020-08-09T09:33:17Z</time>
      </trkpt>
      <trkpt lat="43.279555" lon="-1.632029">
        <ele>248.408</ele>
        <time>2020-08-09T09:33:22Z</time>
      </trkpt>
      <trkpt lat="43.279526" lon="-1.631977">
        <ele>248.979</ele>
        <time>2020-08-09T09:33:28Z</time>
      </trkpt>
      <trkpt lat="43.279512" lon="-1.631915">
        <ele>249.568</ele>
        <time>2020-08-09T09:33:32Z</time>
      </trkpt>
      <trkpt lat="43.279497" lon="-1.631857">
        <ele>250.227</ele>
        <time>2020-08-09T09:33:38Z</time>
      </trkpt>
      <trkpt lat="43.279479" lon="-1.631792">
        <ele>250.946</ele>
        <time>2020-08-09T09:33:44Z</time>
      </trkpt>
      <trkpt lat="43.279462" lon="-1.631726">
        <ele>251.480</ele>
        <time>2020-08-09T09:33:49Z</time>
      </trkpt>
      <trkpt lat="43.279427" lon="-1.631684">
        <ele>251.817</ele>
        <time>2020-08-09T09:33:54Z</time>
      </trkpt>
      <trkpt lat="43.279381" lon="-1.631664">
        <ele>252.292</ele>
        <time>2020-08-09T09:33:59Z</time>
      </trkpt>
      <trkpt lat="43.279339" lon="-1.631639">
        <ele>252.657</ele>
        <time>2020-08-09T09:34:03Z</time>
      </trkpt>
      <trkpt lat="43.279299" lon="-1.631595">
        <ele>253.198</ele>
        <time>2020-08-09T09:34:09Z</time>
      </trkpt>
      <trkpt lat="43.279259" lon="-1.631550">
        <ele>253.515</ele>
        <time>2020-08-09T09:34:15Z</time>
      </trkpt>
      <trkpt lat="43.279221" lon="-1.631508">
        <ele>253.826</ele>
        <time>2020-08-09T09:34:18Z</time>
      </trkpt>
      <trkpt lat="43.279182" lon="-1.631463">
        <ele>254.008</ele>
        <time>2020-08-09T09:34:22Z</time>
      </trkpt>
      <trkpt lat="43.279141" lon="-1.631417">
        <ele>253.884</ele>
        <time>2020-08-09T09:34:26Z</time>
      </trkpt>
      <trkpt lat="43.279100" lon="-1.631389">
        <ele>253.573</ele>
        <time>2020-08-09T09:34:30Z</time>
      </trkpt>
      <trkpt lat="43.279057" lon="-1.631356">
        <ele>253.162</ele>
        <time>2020-08-09T09:34:35Z</time>
      </trkpt>
      <trkpt lat="43.279019" lon="-1.631314">
        <ele>252.541</ele>
        <time>2020-08-09T09:34:41Z</time>
      </trkpt>
      <trkpt lat="43.278980" lon="-1.631268">
        <ele>252.025</ele>
        <time>2020-08-09T09:34:45Z</time>
      </trkpt>
      <trkpt lat="43.278948" lon="-1.631219">
        <ele>251.752</ele>
        <time>2020-08-09T09:34:48Z</time>
      </trkpt>
      <trkpt lat="43.278920" lon="-1.631168">
        <ele>251.577</ele>
        <time>2020-08-09T09:34:52Z</time>
      </trkpt>
      <trkpt lat="43.278901" lon="-1.631104">
        <ele>251.382</ele>
        <time>2020-08-09T09:34:58Z</time>
      </trkpt>
      <trkpt lat="43.278880" lon="-1.631031">
        <ele>251.058</ele>
        <time>2020-08-09T09:35:03Z</time>
      </trkpt>
      <trkpt lat="43.278865" lon="-1.630970">
        <ele>250.952</ele>
        <time>2020-08-09T09:35:07Z</time>
      </trkpt>
      <trkpt lat="43.278845" lon="-1.630906">
        <ele>250.817</ele>
        <time>2020-08-09T09:35:10Z</time>
      </trkpt>
      <trkpt lat="43.278824" lon="-1.630838">
        <ele>250.708</ele>
        <time>2020-08-09T09:35:15Z</time>
      </trkpt>
      <trkpt lat="43.278809" lon="-1.630776">
        <ele>250.750</ele>
        <time>2020-08-09T09:35:19Z</time>
      </trkpt>
      <trkpt lat="43.278802" lon="-1.630709">
        <ele>250.879</ele>
        <time>2020-08-09T09:35:23Z</time>
      </trkpt>
      <trkpt lat="43.278809" lon="-1.630645">
        <ele>250.898</ele>
        <time>2020-08-09T09:35:28Z</time>
      </trkpt>
      <trkpt lat="43.278820" lon="-1.630582">
        <ele>250.757</ele>
        <time>2020-08-09T09:35:34Z</time>
      </trkpt>
      <trkpt lat="43.278826" lon="-1.630520">
        <ele>250.691</ele>
        <time>2020-08-09T09:35:41Z</time>
      </trkpt>
      <trkpt lat="43.278811" lon="-1.630456">
        <ele>250.528</ele>
        <time>2020-08-09T09:35:45Z</time>
      </trkpt>
      <trkpt lat="43.278774" lon="-1.630393">
        <ele>250.513</ele>
        <time>2020-08-09T09:35:50Z</time>
      </trkpt>
      <trkpt lat="43.278756" lon="-1.630330">
        <ele>250.488</ele>
        <time>2020-08-09T09:35:54Z</time>
      </trkpt>
      <trkpt lat="43.278748" lon="-1.630267">
        <ele>250.335</ele>
        <time>2020-08-09T09:35:56Z</time>
      </trkpt>
      <trkpt lat="43.278750" lon="-1.630197">
        <ele>250.286</ele>
        <time>2020-08-09T09:36:01Z</time>
      </trkpt>
      <trkpt lat="43.278734" lon="-1.630135">
        <ele>250.114</ele>
        <time>2020-08-09T09:36:08Z</time>
      </trkpt>
      <trkpt lat="43.278713" lon="-1.630080">
        <ele>250.108</ele>
        <time>2020-08-09T09:36:13Z</time>
      </trkpt>
      <trkpt lat="43.278677" lon="-1.630036">
        <ele>250.148</ele>
        <time>2020-08-09T09:36:17Z</time>
      </trkpt>
      <trkpt lat="43.278647" lon="-1.629979">
        <ele>250.157</ele>
        <time>2020-08-09T09:36:21Z</time>
      </trkpt>
      <trkpt lat="43.278626" lon="-1.629923">
        <ele>250.316</ele>
        <time>2020-08-09T09:36:27Z</time>
      </trkpt>
      <trkpt lat="43.278634" lon="-1.629861">
        <ele>250.585</ele>
        <time>2020-08-09T09:36:32Z</time>
      </trkpt>
      <trkpt lat="43.278668" lon="-1.629809">
        <ele>250.829</ele>
        <time>2020-08-09T09:36:36Z</time>
      </trkpt>
      <trkpt lat="43.278689" lon="-1.629752">
        <ele>251.276</ele>
        <time>2020-08-09T09:36:43Z</time>
      </trkpt>
      <trkpt lat="43.278713" lon="-1.629809">
        <ele>254.471</ele>
        <time>2020-08-09T09:37:14Z</time>
      </trkpt>
      <trkpt lat="43.278745" lon="-1.629765">
        <ele>256.466</ele>
        <time>2020-08-09T09:38:02Z</time>
      </trkpt>
      <trkpt lat="43.278795" lon="-1.629764">
        <ele>256.782</ele>
        <time>2020-08-09T09:38:13Z</time>
      </trkpt>
      <trkpt lat="43.278844" lon="-1.629761">
        <ele>256.743</ele>
        <time>2020-08-09T09:38:20Z</time>
      </trkpt>
      <trkpt lat="43.278892" lon="-1.629763">
        <ele>255.317</ele>
        <time>2020-08-09T09:38:26Z</time>
      </trkpt>
      <trkpt lat="43.278937" lon="-1.629788">
        <ele>253.208</ele>
        <time>2020-08-09T09:38:30Z</time>
      </trkpt>
      <trkpt lat="43.278987" lon="-1.629811">
        <ele>251.753</ele>
        <time>2020-08-09T09:38:35Z</time>
      </trkpt>
      <trkpt lat="43.279040" lon="-1.629809">
        <ele>251.052</ele>
        <time>2020-08-09T09:38:39Z</time>
      </trkpt>
      <trkpt lat="43.279085" lon="-1.629796">
        <ele>250.391</ele>
        <time>2020-08-09T09:38:44Z</time>
      </trkpt>
      <trkpt lat="43.279129" lon="-1.629778">
        <ele>249.640</ele>
        <time>2020-08-09T09:38:49Z</time>
      </trkpt>
      <trkpt lat="43.279176" lon="-1.629758">
        <ele>249.334</ele>
        <time>2020-08-09T09:38:53Z</time>
      </trkpt>
      <trkpt lat="43.279218" lon="-1.629697">
        <ele>249.261</ele>
        <time>2020-08-09T09:38:58Z</time>
      </trkpt>
      <trkpt lat="43.279258" lon="-1.629655">
        <ele>249.416</ele>
        <time>2020-08-09T09:39:04Z</time>
      </trkpt>
      <trkpt lat="43.279301" lon="-1.629618">
        <ele>249.791</ele>
        <time>2020-08-09T09:39:09Z</time>
      </trkpt>
      <trkpt lat="43.279340" lon="-1.629581">
        <ele>249.754</ele>
        <time>2020-08-09T09:39:13Z</time>
      </trkpt>
      <trkpt lat="43.279377" lon="-1.629537">
        <ele>249.756</ele>
        <time>2020-08-09T09:39:17Z</time>
      </trkpt>
      <trkpt lat="43.279425" lon="-1.629515">
        <ele>249.611</ele>
        <time>2020-08-09T09:39:21Z</time>
      </trkpt>
      <trkpt lat="43.279481" lon="-1.629514">
        <ele>249.708</ele>
        <time>2020-08-09T09:39:26Z</time>
      </trkpt>
      <trkpt lat="43.279522" lon="-1.629485">
        <ele>249.620</ele>
        <time>2020-08-09T09:39:33Z</time>
      </trkpt>
      <trkpt lat="43.279560" lon="-1.629444">
        <ele>249.559</ele>
        <time>2020-08-09T09:39:39Z</time>
      </trkpt>
      <trkpt lat="43.279591" lon="-1.629390">
        <ele>249.678</ele>
        <time>2020-08-09T09:39:44Z</time>
      </trkpt>
      <trkpt lat="43.279621" lon="-1.629341">
        <ele>249.847</ele>
        <time>2020-08-09T09:39:48Z</time>
      </trkpt>
      <trkpt lat="43.279648" lon="-1.629280">
        <ele>250.681</ele>
        <time>2020-08-09T09:39:54Z</time>
      </trkpt>
      <trkpt lat="43.279667" lon="-1.629218">
        <ele>251.618</ele>
        <time>2020-08-09T09:39:59Z</time>
      </trkpt>
      <trkpt lat="43.279692" lon="-1.629160">
        <ele>252.783</ele>
        <time>2020-08-09T09:40:04Z</time>
      </trkpt>
      <trkpt lat="43.279725" lon="-1.629114">
        <ele>253.798</ele>
        <time>2020-08-09T09:40:10Z</time>
      </trkpt>
      <trkpt lat="43.279740" lon="-1.629052">
        <ele>255.165</ele>
        <time>2020-08-09T09:40:15Z</time>
      </trkpt>
      <trkpt lat="43.279774" lon="-1.629004">
        <ele>257.268</ele>
        <time>2020-08-09T09:40:22Z</time>
      </trkpt>
      <trkpt lat="43.279805" lon="-1.628959">
        <ele>258.814</ele>
        <time>2020-08-09T09:40:27Z</time>
      </trkpt>
      <trkpt lat="43.279820" lon="-1.628899">
        <ele>260.408</ele>
        <time>2020-08-09T09:40:33Z</time>
      </trkpt>
      <trkpt lat="43.279831" lon="-1.628833">
        <ele>262.081</ele>
        <time>2020-08-09T09:40:37Z</time>
      </trkpt>
      <trkpt lat="43.279831" lon="-1.628766">
        <ele>263.680</ele>
        <time>2020-08-09T09:40:42Z</time>
      </trkpt>
      <trkpt lat="43.279833" lon="-1.628697">
        <ele>265.149</ele>
        <time>2020-08-09T09:40:48Z</time>
      </trkpt>
      <trkpt lat="43.279820" lon="-1.628632">
        <ele>267.288</ele>
        <time>2020-08-09T09:40:55Z</time>
      </trkpt>
      <trkpt lat="43.279812" lon="-1.628557">
        <ele>269.562</ele>
        <time>2020-08-09T09:41:02Z</time>
      </trkpt>
      <trkpt lat="43.279776" lon="-1.628513">
        <ele>271.579</ele>
        <time>2020-08-09T09:41:08Z</time>
      </trkpt>
      <trkpt lat="43.279732" lon="-1.628485">
        <ele>273.284</ele>
        <time>2020-08-09T09:41:13Z</time>
      </trkpt>
      <trkpt lat="43.279689" lon="-1.628465">
        <ele>274.729</ele>
        <time>2020-08-09T09:41:18Z</time>
      </trkpt>
      <trkpt lat="43.279644" lon="-1.628443">
        <ele>276.363</ele>
        <time>2020-08-09T09:41:26Z</time>
      </trkpt>
      <trkpt lat="43.279597" lon="-1.628421">
        <ele>278.144</ele>
        <time>2020-08-09T09:41:34Z</time>
      </trkpt>
      <trkpt lat="43.279548" lon="-1.628396">
        <ele>279.918</ele>
        <time>2020-08-09T09:41:41Z</time>
      </trkpt>
      <trkpt lat="43.279503" lon="-1.628371">
        <ele>281.908</ele>
        <time>2020-08-09T09:41:49Z</time>
      </trkpt>
      <trkpt lat="43.279458" lon="-1.628357">
        <ele>283.691</ele>
        <time>2020-08-09T09:41:56Z</time>
      </trkpt>
      <trkpt lat="43.279421" lon="-1.628318">
        <ele>285.030</ele>
        <time>2020-08-09T09:42:01Z</time>
      </trkpt>
      <trkpt lat="43.279375" lon="-1.628301">
        <ele>286.359</ele>
        <time>2020-08-09T09:42:07Z</time>
      </trkpt>
      <trkpt lat="43.279329" lon="-1.628286">
        <ele>287.418</ele>
        <time>2020-08-09T09:42:13Z</time>
      </trkpt>
      <trkpt lat="43.279287" lon="-1.628253">
        <ele>288.372</ele>
        <time>2020-08-09T09:42:20Z</time>
      </trkpt>
      <trkpt lat="43.279263" lon="-1.628199">
        <ele>289.499</ele>
        <time>2020-08-09T09:42:29Z</time>
      </trkpt>
      <trkpt lat="43.279221" lon="-1.628175">
        <ele>290.444</ele>
        <time>2020-08-09T09:42:38Z</time>
      </trkpt>
      <trkpt lat="43.279178" lon="-1.628196">
        <ele>291.539</ele>
        <time>2020-08-09T09:42:54Z</time>
      </trkpt>
      <trkpt lat="43.279136" lon="-1.628169">
        <ele>292.414</ele>
        <time>2020-08-09T09:43:13Z</time>
      </trkpt>
      <trkpt lat="43.279090" lon="-1.628156">
        <ele>293.154</ele>
        <time>2020-08-09T09:43:21Z</time>
      </trkpt>
      <trkpt lat="43.279048" lon="-1.628125">
        <ele>294.009</ele>
        <time>2020-08-09T09:43:26Z</time>
      </trkpt>
      <trkpt lat="43.279005" lon="-1.628097">
        <ele>295.108</ele>
        <time>2020-08-09T09:43:38Z</time>
      </trkpt>
      <trkpt lat="43.278967" lon="-1.628063">
        <ele>295.966</ele>
        <time>2020-08-09T09:43:48Z</time>
      </trkpt>
      <trkpt lat="43.278928" lon="-1.628018">
        <ele>296.525</ele>
        <time>2020-08-09T09:43:55Z</time>
      </trkpt>
      <trkpt lat="43.278888" lon="-1.627980">
        <ele>297.154</ele>
        <time>2020-08-09T09:44:02Z</time>
      </trkpt>
      <trkpt lat="43.278847" lon="-1.627954">
        <ele>298.073</ele>
        <time>2020-08-09T09:44:09Z</time>
      </trkpt>
      <trkpt lat="43.278809" lon="-1.627918">
        <ele>299.177</ele>
        <time>2020-08-09T09:44:19Z</time>
      </trkpt>
      <trkpt lat="43.278768" lon="-1.627883">
        <ele>300.334</ele>
        <time>2020-08-09T09:44:32Z</time>
      </trkpt>
      <trkpt lat="43.278739" lon="-1.627829">
        <ele>301.479</ele>
        <time>2020-08-09T09:44:48Z</time>
      </trkpt>
      <trkpt lat="43.278708" lon="-1.627784">
        <ele>302.534</ele>
        <time>2020-08-09T09:44:58Z</time>
      </trkpt>
      <trkpt lat="43.278663" lon="-1.627775">
        <ele>303.391</ele>
        <time>2020-08-09T09:45:15Z</time>
      </trkpt>
      <trkpt lat="43.278625" lon="-1.627737">
        <ele>304.081</ele>
        <time>2020-08-09T09:45:22Z</time>
      </trkpt>
      <trkpt lat="43.278592" lon="-1.627689">
        <ele>304.719</ele>
        <time>2020-08-09T09:45:29Z</time>
      </trkpt>
      <trkpt lat="43.278559" lon="-1.627645">
        <ele>305.308</ele>
        <time>2020-08-09T09:45:42Z</time>
      </trkpt>
      <trkpt lat="43.278512" lon="-1.627650">
        <ele>306.764</ele>
        <time>2020-08-09T09:45:50Z</time>
      </trkpt>
      <trkpt lat="43.278521" lon="-1.627586">
        <ele>310.133</ele>
        <time>2020-08-09T09:46:12Z</time>
      </trkpt>
      <trkpt lat="43.278482" lon="-1.627554">
        <ele>312.542</ele>
        <time>2020-08-09T09:46:18Z</time>
      </trkpt>
      <trkpt lat="43.278437" lon="-1.627535">
        <ele>314.111</ele>
        <time>2020-08-09T09:46:27Z</time>
      </trkpt>
      <trkpt lat="43.278392" lon="-1.627520">
        <ele>315.255</ele>
        <time>2020-08-09T09:46:57Z</time>
      </trkpt>
      <trkpt lat="43.278354" lon="-1.627485">
        <ele>316.642</ele>
        <time>2020-08-09T09:47:14Z</time>
      </trkpt>
      <trkpt lat="43.278311" lon="-1.627460">
        <ele>317.847</ele>
        <time>2020-08-09T09:47:21Z</time>
      </trkpt>
      <trkpt lat="43.278265" lon="-1.627472">
        <ele>318.712</ele>
        <time>2020-08-09T09:47:27Z</time>
      </trkpt>
      <trkpt lat="43.278236" lon="-1.627419">
        <ele>319.637</ele>
        <time>2020-08-09T09:47:39Z</time>
      </trkpt>
      <trkpt lat="43.278192" lon="-1.627395">
        <ele>320.549</ele>
        <time>2020-08-09T09:47:47Z</time>
      </trkpt>
      <trkpt lat="43.278178" lon="-1.627456">
        <ele>321.713</ele>
        <time>2020-08-09T09:48:08Z</time>
      </trkpt>
      <trkpt lat="43.278149" lon="-1.627398">
        <ele>324.408</ele>
        <time>2020-08-09T09:49:24Z</time>
      </trkpt>
      <trkpt lat="43.278106" lon="-1.627361">
        <ele>326.268</ele>
        <time>2020-08-09T09:49:29Z</time>
      </trkpt>
      <trkpt lat="43.278061" lon="-1.627357">
        <ele>327.427</ele>
        <time>2020-08-09T09:49:33Z</time>
      </trkpt>
      <trkpt lat="43.278014" lon="-1.627343">
        <ele>328.456</ele>
        <time>2020-08-09T09:49:44Z</time>
      </trkpt>
      <trkpt lat="43.277977" lon="-1.627297">
        <ele>329.155</ele>
        <time>2020-08-09T09:49:52Z</time>
      </trkpt>
      <trkpt lat="43.277938" lon="-1.627266">
        <ele>329.789</ele>
        <time>2020-08-09T09:49:57Z</time>
      </trkpt>
      <trkpt lat="43.277893" lon="-1.627252">
        <ele>330.226</ele>
        <time>2020-08-09T09:50:03Z</time>
      </trkpt>
      <trkpt lat="43.277842" lon="-1.627263">
        <ele>331.251</ele>
        <time>2020-08-09T09:50:12Z</time>
      </trkpt>
      <trkpt lat="43.277798" lon="-1.627281">
        <ele>332.296</ele>
        <time>2020-08-09T09:50:18Z</time>
      </trkpt>
      <trkpt lat="43.277750" lon="-1.627291">
        <ele>333.196</ele>
        <time>2020-08-09T09:50:30Z</time>
      </trkpt>
      <trkpt lat="43.277706" lon="-1.627305">
        <ele>333.531</ele>
        <time>2020-08-09T09:50:39Z</time>
      </trkpt>
      <trkpt lat="43.277658" lon="-1.627296">
        <ele>333.924</ele>
        <time>2020-08-09T09:50:46Z</time>
      </trkpt>
      <trkpt lat="43.277619" lon="-1.627264">
        <ele>333.908</ele>
        <time>2020-08-09T09:50:53Z</time>
      </trkpt>
      <trkpt lat="43.277579" lon="-1.627307">
        <ele>334.064</ele>
        <time>2020-08-09T09:51:06Z</time>
      </trkpt>
      <trkpt lat="43.277532" lon="-1.627316">
        <ele>334.873</ele>
        <time>2020-08-09T09:51:12Z</time>
      </trkpt>
      <trkpt lat="43.277488" lon="-1.627291">
        <ele>336.362</ele>
        <time>2020-08-09T09:51:18Z</time>
      </trkpt>
      <trkpt lat="43.277445" lon="-1.627272">
        <ele>337.991</ele>
        <time>2020-08-09T09:51:25Z</time>
      </trkpt>
      <trkpt lat="43.277394" lon="-1.627256">
        <ele>339.665</ele>
        <time>2020-08-09T09:51:31Z</time>
      </trkpt>
      <trkpt lat="43.277349" lon="-1.627248">
        <ele>341.632</ele>
        <time>2020-08-09T09:51:42Z</time>
      </trkpt>
      <trkpt lat="43.277300" lon="-1.627256">
        <ele>343.577</ele>
        <time>2020-08-09T09:51:55Z</time>
      </trkpt>
      <trkpt lat="43.277271" lon="-1.627207">
        <ele>344.752</ele>
        <time>2020-08-09T09:52:09Z</time>
      </trkpt>
      <trkpt lat="43.277224" lon="-1.627192">
        <ele>345.622</ele>
        <time>2020-08-09T09:52:16Z</time>
      </trkpt>
      <trkpt lat="43.277183" lon="-1.627166">
        <ele>346.662</ele>
        <time>2020-08-09T09:52:22Z</time>
      </trkpt>
      <trkpt lat="43.277133" lon="-1.627167">
        <ele>347.708</ele>
        <time>2020-08-09T09:52:41Z</time>
      </trkpt>
      <trkpt lat="43.277088" lon="-1.627189">
        <ele>349.808</ele>
        <time>2020-08-09T09:52:56Z</time>
      </trkpt>
      <trkpt lat="43.277041" lon="-1.627182">
        <ele>352.317</ele>
        <time>2020-08-09T09:53:07Z</time>
      </trkpt>
      <trkpt lat="43.276998" lon="-1.627201">
        <ele>354.526</ele>
        <time>2020-08-09T09:53:14Z</time>
      </trkpt>
      <trkpt lat="43.276950" lon="-1.627207">
        <ele>356.465</ele>
        <time>2020-08-09T09:53:20Z</time>
      </trkpt>
      <trkpt lat="43.276902" lon="-1.627197">
        <ele>358.814</ele>
        <time>2020-08-09T09:53:44Z</time>
      </trkpt>
      <trkpt lat="43.276857" lon="-1.627163">
        <ele>360.858</ele>
        <time>2020-08-09T09:54:05Z</time>
      </trkpt>
      <trkpt lat="43.276811" lon="-1.627164">
        <ele>362.265</ele>
        <time>2020-08-09T09:54:11Z</time>
      </trkpt>
      <trkpt lat="43.276765" lon="-1.627140">
        <ele>362.890</ele>
        <time>2020-08-09T09:54:29Z</time>
      </trkpt>
      <trkpt lat="43.276717" lon="-1.627131">
        <ele>363.245</ele>
        <time>2020-08-09T09:54:38Z</time>
      </trkpt>
      <trkpt lat="43.276669" lon="-1.627126">
        <ele>363.795</ele>
        <time>2020-08-09T09:54:52Z</time>
      </trkpt>
      <trkpt lat="43.276624" lon="-1.627151">
        <ele>364.249</ele>
        <time>2020-08-09T09:54:57Z</time>
      </trkpt>
      <trkpt lat="43.276581" lon="-1.627174">
        <ele>365.123</ele>
        <time>2020-08-09T09:55:07Z</time>
      </trkpt>
      <trkpt lat="43.276536" lon="-1.627154">
        <ele>365.808</ele>
        <time>2020-08-09T09:55:16Z</time>
      </trkpt>
      <trkpt lat="43.276492" lon="-1.627136">
        <ele>366.884</ele>
        <time>2020-08-09T09:55:25Z</time>
      </trkpt>
      <trkpt lat="43.276456" lon="-1.627097">
        <ele>367.783</ele>
        <time>2020-08-09T09:55:33Z</time>
      </trkpt>
      <trkpt lat="43.276415" lon="-1.627059">
        <ele>368.532</ele>
        <time>2020-08-09T09:55:38Z</time>
      </trkpt>
      <trkpt lat="43.276368" lon="-1.627054">
        <ele>369.221</ele>
        <time>2020-08-09T09:55:44Z</time>
      </trkpt>
      <trkpt lat="43.276323" lon="-1.627036">
        <ele>369.615</ele>
        <time>2020-08-09T09:56:08Z</time>
      </trkpt>
      <trkpt lat="43.276278" lon="-1.627025">
        <ele>370.272</ele>
        <time>2020-08-09T09:56:15Z</time>
      </trkpt>
      <trkpt lat="43.276231" lon="-1.627025">
        <ele>371.057</ele>
        <time>2020-08-09T09:56:25Z</time>
      </trkpt>
      <trkpt lat="43.276188" lon="-1.626999">
        <ele>372.122</ele>
        <time>2020-08-09T09:56:30Z</time>
      </trkpt>
      <trkpt lat="43.276146" lon="-1.626967">
        <ele>373.297</ele>
        <time>2020-08-09T09:56:36Z</time>
      </trkpt>
      <trkpt lat="43.276113" lon="-1.626919">
        <ele>375.323</ele>
        <time>2020-08-09T09:57:11Z</time>
      </trkpt>
      <trkpt lat="43.276085" lon="-1.626863">
        <ele>377.125</ele>
        <time>2020-08-09T09:57:18Z</time>
      </trkpt>
      <trkpt lat="43.276058" lon="-1.626811">
        <ele>378.608</ele>
        <time>2020-08-09T09:57:24Z</time>
      </trkpt>
      <trkpt lat="43.276019" lon="-1.626779">
        <ele>380.384</ele>
        <time>2020-08-09T09:57:33Z</time>
      </trkpt>
      <trkpt lat="43.275980" lon="-1.626748">
        <ele>381.983</ele>
        <time>2020-08-09T09:57:39Z</time>
      </trkpt>
      <trkpt lat="43.275949" lon="-1.626700">
        <ele>383.622</ele>
        <time>2020-08-09T09:57:46Z</time>
      </trkpt>
      <trkpt lat="43.275907" lon="-1.626663">
        <ele>385.261</ele>
        <time>2020-08-09T09:58:03Z</time>
      </trkpt>
      <trkpt lat="43.275898" lon="-1.626599">
        <ele>386.435</ele>
        <time>2020-08-09T09:58:11Z</time>
      </trkpt>
      <trkpt lat="43.275930" lon="-1.626547">
        <ele>387.592</ele>
        <time>2020-08-09T09:58:19Z</time>
      </trkpt>
      <trkpt lat="43.275903" lon="-1.626496">
        <ele>389.827</ele>
        <time>2020-08-09T09:58:31Z</time>
      </trkpt>
      <trkpt lat="43.275857" lon="-1.626519">
        <ele>392.082</ele>
        <time>2020-08-09T09:58:40Z</time>
      </trkpt>
      <trkpt lat="43.275837" lon="-1.626462">
        <ele>393.765</ele>
        <time>2020-08-09T09:58:51Z</time>
      </trkpt>
      <trkpt lat="43.275790" lon="-1.626474">
        <ele>395.868</ele>
        <time>2020-08-09T09:59:00Z</time>
      </trkpt>
      <trkpt lat="43.275741" lon="-1.626481">
        <ele>397.714</ele>
        <time>2020-08-09T09:59:07Z</time>
      </trkpt>
      <trkpt lat="43.275695" lon="-1.626500">
        <ele>399.208</ele>
        <time>2020-08-09T09:59:13Z</time>
      </trkpt>
      <trkpt lat="43.275651" lon="-1.626478">
        <ele>400.711</ele>
        <time>2020-08-09T09:59:19Z</time>
      </trkpt>
      <trkpt lat="43.275615" lon="-1.626519">
        <ele>402.230</ele>
        <time>2020-08-09T09:59:33Z</time>
      </trkpt>
      <trkpt lat="43.275566" lon="-1.626546">
        <ele>403.739</ele>
        <time>2020-08-09T09:59:41Z</time>
      </trkpt>
      <trkpt lat="43.275516" lon="-1.626545">
        <ele>405.158</ele>
        <time>2020-08-09T09:59:48Z</time>
      </trkpt>
      <trkpt lat="43.275486" lon="-1.626591">
        <ele>406.772</ele>
        <time>2020-08-09T09:59:58Z</time>
      </trkpt>
      <trkpt lat="43.275435" lon="-1.626591">
        <ele>408.069</ele>
        <time>2020-08-09T10:00:03Z</time>
      </trkpt>
      <trkpt lat="43.275386" lon="-1.626573">
        <ele>409.044</ele>
        <time>2020-08-09T10:00:09Z</time>
      </trkpt>
      <trkpt lat="43.275346" lon="-1.626540">
        <ele>410.079</ele>
        <time>2020-08-09T10:00:14Z</time>
      </trkpt>
      <trkpt lat="43.275300" lon="-1.626526">
        <ele>410.973</ele>
        <time>2020-08-09T10:00:22Z</time>
      </trkpt>
      <trkpt lat="43.275260" lon="-1.626493">
        <ele>413.085</ele>
        <time>2020-08-09T10:00:59Z</time>
      </trkpt>
      <trkpt lat="43.275230" lon="-1.626447">
        <ele>414.613</ele>
        <time>2020-08-09T10:01:07Z</time>
      </trkpt>
      <trkpt lat="43.275184" lon="-1.626470">
        <ele>415.808</ele>
        <time>2020-08-09T10:01:12Z</time>
      </trkpt>
      <trkpt lat="43.275135" lon="-1.626478">
        <ele>417.042</ele>
        <time>2020-08-09T10:01:26Z</time>
      </trkpt>
      <trkpt lat="43.275090" lon="-1.626469">
        <ele>418.671</ele>
        <time>2020-08-09T10:01:34Z</time>
      </trkpt>
      <trkpt lat="43.275042" lon="-1.626455">
        <ele>420.860</ele>
        <time>2020-08-09T10:01:45Z</time>
      </trkpt>
      <trkpt lat="43.274999" lon="-1.626484">
        <ele>423.099</ele>
        <time>2020-08-09T10:01:54Z</time>
      </trkpt>
      <trkpt lat="43.274958" lon="-1.626510">
        <ele>424.973</ele>
        <time>2020-08-09T10:02:11Z</time>
      </trkpt>
      <trkpt lat="43.274950" lon="-1.626443">
        <ele>426.940</ele>
        <time>2020-08-09T10:02:22Z</time>
      </trkpt>
      <trkpt lat="43.274966" lon="-1.626377">
        <ele>428.515</ele>
        <time>2020-08-09T10:02:27Z</time>
      </trkpt>
      <trkpt lat="43.274927" lon="-1.626335">
        <ele>429.940</ele>
        <time>2020-08-09T10:02:37Z</time>
      </trkpt>
      <trkpt lat="43.274881" lon="-1.626345">
        <ele>431.139</ele>
        <time>2020-08-09T10:03:30Z</time>
      </trkpt>
      <trkpt lat="43.274922" lon="-1.626373">
        <ele>433.501</ele>
        <time>2020-08-09T10:03:56Z</time>
      </trkpt>
      <trkpt lat="43.274879" lon="-1.626400">
        <ele>434.021</ele>
        <time>2020-08-09T10:04:43Z</time>
      </trkpt>
      <trkpt lat="43.274830" lon="-1.626383">
        <ele>434.508</ele>
        <time>2020-08-09T10:04:50Z</time>
      </trkpt>
      <trkpt lat="43.274799" lon="-1.626330">
        <ele>434.838</ele>
        <time>2020-08-09T10:04:54Z</time>
      </trkpt>
      <trkpt lat="43.274778" lon="-1.626269">
        <ele>435.237</ele>
        <time>2020-08-09T10:05:02Z</time>
      </trkpt>
      <trkpt lat="43.274731" lon="-1.626257">
        <ele>435.586</ele>
        <time>2020-08-09T10:05:13Z</time>
      </trkpt>
      <trkpt lat="43.274694" lon="-1.626213">
        <ele>437.955</ele>
        <time>2020-08-09T10:05:44Z</time>
      </trkpt>
      <trkpt lat="43.274641" lon="-1.626212">
        <ele>439.949</ele>
        <time>2020-08-09T10:05:49Z</time>
      </trkpt>
      <trkpt lat="43.274598" lon="-1.626232">
        <ele>440.756</ele>
        <time>2020-08-09T10:06:09Z</time>
      </trkpt>
      <trkpt lat="43.274644" lon="-1.626266">
        <ele>441.921</ele>
        <time>2020-08-09T10:06:27Z</time>
      </trkpt>
      <trkpt lat="43.274618" lon="-1.626215">
        <ele>444.716</ele>
        <time>2020-08-09T10:07:04Z</time>
      </trkpt>
      <trkpt lat="43.274566" lon="-1.626211">
        <ele>446.656</ele>
        <time>2020-08-09T10:07:10Z</time>
      </trkpt>
      <trkpt lat="43.274511" lon="-1.626194">
        <ele>448.059</ele>
        <time>2020-08-09T10:07:14Z</time>
      </trkpt>
      <trkpt lat="43.274460" lon="-1.626182">
        <ele>449.014</ele>
        <time>2020-08-09T10:07:20Z</time>
      </trkpt>
      <trkpt lat="43.274413" lon="-1.626164">
        <ele>450.008</ele>
        <time>2020-08-09T10:07:27Z</time>
      </trkpt>
      <trkpt lat="43.274376" lon="-1.626202">
        <ele>450.930</ele>
        <time>2020-08-09T10:07:37Z</time>
      </trkpt>
      <trkpt lat="43.274339" lon="-1.626156">
        <ele>451.299</ele>
        <time>2020-08-09T10:08:29Z</time>
      </trkpt>
      <trkpt lat="43.274298" lon="-1.626183">
        <ele>452.098</ele>
        <time>2020-08-09T10:08:57Z</time>
      </trkpt>
      <trkpt lat="43.274248" lon="-1.626204">
        <ele>452.747</ele>
        <time>2020-08-09T10:09:03Z</time>
      </trkpt>
      <trkpt lat="43.274203" lon="-1.626202">
        <ele>453.321</ele>
        <time>2020-08-09T10:09:10Z</time>
      </trkpt>
      <trkpt lat="43.274161" lon="-1.626157">
        <ele>456.728</ele>
        <time>2020-08-09T10:10:09Z</time>
      </trkpt>
      <trkpt lat="43.274141" lon="-1.626099">
        <ele>458.853</ele>
        <time>2020-08-09T10:10:14Z</time>
      </trkpt>
      <trkpt lat="43.274110" lon="-1.626052">
        <ele>461.038</ele>
        <time>2020-08-09T10:10:19Z</time>
      </trkpt>
      <trkpt lat="43.274068" lon="-1.626027">
        <ele>462.846</ele>
        <time>2020-08-09T10:10:24Z</time>
      </trkpt>
      <trkpt lat="43.274028" lon="-1.626057">
        <ele>464.588</ele>
        <time>2020-08-09T10:10:32Z</time>
      </trkpt>
      <trkpt lat="43.274000" lon="-1.626105">
        <ele>466.916</ele>
        <time>2020-08-09T10:11:00Z</time>
      </trkpt>
      <trkpt lat="43.273956" lon="-1.626087">
        <ele>469.208</ele>
        <time>2020-08-09T10:11:09Z</time>
      </trkpt>
      <trkpt lat="43.273919" lon="-1.626051">
        <ele>472.089</ele>
        <time>2020-08-09T10:11:39Z</time>
      </trkpt>
      <trkpt lat="43.273884" lon="-1.626007">
        <ele>474.888</ele>
        <time>2020-08-09T10:12:08Z</time>
      </trkpt>
      <trkpt lat="43.273835" lon="-1.626001">
        <ele>477.127</ele>
        <time>2020-08-09T10:12:17Z</time>
      </trkpt>
      <trkpt lat="43.273791" lon="-1.626017">
        <ele>479.236</ele>
        <time>2020-08-09T10:12:26Z</time>
      </trkpt>
      <trkpt lat="43.273747" lon="-1.626039">
        <ele>480.860</ele>
        <time>2020-08-09T10:12:45Z</time>
      </trkpt>
      <trkpt lat="43.273703" lon="-1.626051">
        <ele>484.647</ele>
        <time>2020-08-09T10:13:23Z</time>
      </trkpt>
      <trkpt lat="43.273703" lon="-1.626051">
        <ele>484.682</ele>
        <time>2020-08-09T10:13:23Z</time>
      </trkpt>
      <trkpt lat="43.273652" lon="-1.626058">
        <ele>486.157</ele>
        <time>2020-08-09T10:13:30Z</time>
      </trkpt>
      <trkpt lat="43.273604" lon="-1.626063">
        <ele>488.315</ele>
        <time>2020-08-09T10:13:35Z</time>
      </trkpt>
      <trkpt lat="43.273607" lon="-1.626001">
        <ele>492.365</ele>
        <time>2020-08-09T10:14:09Z</time>
      </trkpt>
      <trkpt lat="43.273569" lon="-1.625954">
        <ele>495.811</ele>
        <time>2020-08-09T10:14:18Z</time>
      </trkpt>
      <trkpt lat="43.273532" lon="-1.625917">
        <ele>498.908</ele>
        <time>2020-08-09T10:15:24Z</time>
      </trkpt>
      <trkpt lat="43.273484" lon="-1.625895">
        <ele>502.976</ele>
        <time>2020-08-09T10:15:45Z</time>
      </trkpt>
      <trkpt lat="43.273439" lon="-1.625876">
        <ele>505.685</ele>
        <time>2020-08-09T10:15:49Z</time>
      </trkpt>
      <trkpt lat="43.273391" lon="-1.625886">
        <ele>507.234</ele>
        <time>2020-08-09T10:15:54Z</time>
      </trkpt>
      <trkpt lat="43.273346" lon="-1.625897">
        <ele>508.293</ele>
        <time>2020-08-09T10:16:13Z</time>
      </trkpt>
      <trkpt lat="43.273320" lon="-1.625847">
        <ele>508.817</ele>
        <time>2020-08-09T10:16:40Z</time>
      </trkpt>
      <trkpt lat="43.273302" lon="-1.625787">
        <ele>509.254</ele>
        <time>2020-08-09T10:16:49Z</time>
      </trkpt>
      <trkpt lat="43.273265" lon="-1.625736">
        <ele>509.999</ele>
        <time>2020-08-09T10:17:03Z</time>
      </trkpt>
      <trkpt lat="43.273223" lon="-1.625708">
        <ele>510.534</ele>
        <time>2020-08-09T10:17:08Z</time>
      </trkpt>
      <trkpt lat="43.273180" lon="-1.625731">
        <ele>511.427</ele>
        <time>2020-08-09T10:17:16Z</time>
      </trkpt>
      <trkpt lat="43.273135" lon="-1.625725">
        <ele>512.168</ele>
        <time>2020-08-09T10:17:22Z</time>
      </trkpt>
      <trkpt lat="43.273089" lon="-1.625748">
        <ele>512.914</ele>
        <time>2020-08-09T10:17:30Z</time>
      </trkpt>
      <trkpt lat="43.273066" lon="-1.625803">
        <ele>515.008</ele>
        <time>2020-08-09T10:18:00Z</time>
      </trkpt>
      <trkpt lat="43.273019" lon="-1.625814">
        <ele>518.427</ele>
        <time>2020-08-09T10:18:23Z</time>
      </trkpt>
      <trkpt lat="43.272971" lon="-1.625791">
        <ele>520.716</ele>
        <time>2020-08-09T10:18:29Z</time>
      </trkpt>
      <trkpt lat="43.272928" lon="-1.625762">
        <ele>522.975</ele>
        <time>2020-08-09T10:18:37Z</time>
      </trkpt>
      <trkpt lat="43.272892" lon="-1.625720">
        <ele>526.834</ele>
        <time>2020-08-09T10:19:50Z</time>
      </trkpt>
      <trkpt lat="43.272849" lon="-1.625741">
        <ele>529.098</ele>
        <time>2020-08-09T10:19:54Z</time>
      </trkpt>
      <trkpt lat="43.272802" lon="-1.625755">
        <ele>530.375</ele>
        <time>2020-08-09T10:19:59Z</time>
      </trkpt>
      <trkpt lat="43.272757" lon="-1.625756">
        <ele>531.710</ele>
        <time>2020-08-09T10:20:11Z</time>
      </trkpt>
      <trkpt lat="43.272705" lon="-1.625759">
        <ele>534.315</ele>
        <time>2020-08-09T10:20:33Z</time>
      </trkpt>
      <trkpt lat="43.272657" lon="-1.625761">
        <ele>536.514</ele>
        <time>2020-08-09T10:20:41Z</time>
      </trkpt>
      <trkpt lat="43.272612" lon="-1.625751">
        <ele>540.054</ele>
        <time>2020-08-09T10:21:54Z</time>
      </trkpt>
      <trkpt lat="43.272564" lon="-1.625744">
        <ele>542.509</ele>
        <time>2020-08-09T10:22:03Z</time>
      </trkpt>
      <trkpt lat="43.272524" lon="-1.625709">
        <ele>544.708</ele>
        <time>2020-08-09T10:22:09Z</time>
      </trkpt>
      <trkpt lat="43.272480" lon="-1.625694">
        <ele>546.746</ele>
        <time>2020-08-09T10:22:17Z</time>
      </trkpt>
      <trkpt lat="43.272435" lon="-1.625682">
        <ele>549.855</ele>
        <time>2020-08-09T10:22:45Z</time>
      </trkpt>
      <trkpt lat="43.272388" lon="-1.625688">
        <ele>553.214</ele>
        <time>2020-08-09T10:23:11Z</time>
      </trkpt>
      <trkpt lat="43.272345" lon="-1.625664">
        <ele>556.313</ele>
        <time>2020-08-09T10:23:20Z</time>
      </trkpt>
      <trkpt lat="43.272300" lon="-1.625643">
        <ele>559.077</ele>
        <time>2020-08-09T10:23:33Z</time>
      </trkpt>
      <trkpt lat="43.272254" lon="-1.625656">
        <ele>561.554</ele>
        <time>2020-08-09T10:23:43Z</time>
      </trkpt>
      <trkpt lat="43.272209" lon="-1.625672">
        <ele>563.639</ele>
        <time>2020-08-09T10:23:53Z</time>
      </trkpt>
      <trkpt lat="43.272163" lon="-1.625692">
        <ele>565.034</ele>
        <time>2020-08-09T10:24:01Z</time>
      </trkpt>
      <trkpt lat="43.272118" lon="-1.625665">
        <ele>568.173</ele>
        <time>2020-08-09T10:25:14Z</time>
      </trkpt>
      <trkpt lat="43.272070" lon="-1.625671">
        <ele>570.185</ele>
        <time>2020-08-09T10:25:20Z</time>
      </trkpt>
      <trkpt lat="43.272025" lon="-1.625685">
        <ele>571.913</ele>
        <time>2020-08-09T10:25:35Z</time>
      </trkpt>
      <trkpt lat="43.271978" lon="-1.625682">
        <ele>573.608</ele>
        <time>2020-08-09T10:25:49Z</time>
      </trkpt>
      <trkpt lat="43.271931" lon="-1.625694">
        <ele>575.082</ele>
        <time>2020-08-09T10:25:57Z</time>
      </trkpt>
      <trkpt lat="43.271887" lon="-1.625710">
        <ele>576.141</ele>
        <time>2020-08-09T10:26:05Z</time>
      </trkpt>
      <trkpt lat="43.271840" lon="-1.625701">
        <ele>577.340</ele>
        <time>2020-08-09T10:26:14Z</time>
      </trkpt>
      <trkpt lat="43.271795" lon="-1.625709">
        <ele>578.759</ele>
        <time>2020-08-09T10:26:22Z</time>
      </trkpt>
      <trkpt lat="43.271750" lon="-1.625712">
        <ele>580.473</ele>
        <time>2020-08-09T10:27:08Z</time>
      </trkpt>
      <trkpt lat="43.271698" lon="-1.625725">
        <ele>581.210</ele>
        <time>2020-08-09T10:29:35Z</time>
      </trkpt>
      <trkpt lat="43.271651" lon="-1.625731">
        <ele>581.755</ele>
        <time>2020-08-09T10:29:40Z</time>
      </trkpt>
      <trkpt lat="43.271602" lon="-1.625722">
        <ele>582.780</ele>
        <time>2020-08-09T10:29:52Z</time>
      </trkpt>
      <trkpt lat="43.271556" lon="-1.625743">
        <ele>583.563</ele>
        <time>2020-08-09T10:29:59Z</time>
      </trkpt>
      <trkpt lat="43.271507" lon="-1.625741">
        <ele>584.644</ele>
        <time>2020-08-09T10:30:07Z</time>
      </trkpt>
      <trkpt lat="43.271458" lon="-1.625721">
        <ele>585.718</ele>
        <time>2020-08-09T10:30:15Z</time>
      </trkpt>
      <trkpt lat="43.271422" lon="-1.625679">
        <ele>586.808</ele>
        <time>2020-08-09T10:30:21Z</time>
      </trkpt>
      <trkpt lat="43.271394" lon="-1.625630">
        <ele>588.271</ele>
        <time>2020-08-09T10:30:27Z</time>
      </trkpt>
      <trkpt lat="43.271351" lon="-1.625610">
        <ele>589.530</ele>
        <time>2020-08-09T10:30:41Z</time>
      </trkpt>
      <trkpt lat="43.271301" lon="-1.625603">
        <ele>590.479</ele>
        <time>2020-08-09T10:30:47Z</time>
      </trkpt>
      <trkpt lat="43.271253" lon="-1.625583">
        <ele>591.478</ele>
        <time>2020-08-09T10:30:54Z</time>
      </trkpt>
      <trkpt lat="43.271207" lon="-1.625587">
        <ele>592.382</ele>
        <time>2020-08-09T10:31:01Z</time>
      </trkpt>
      <trkpt lat="43.271168" lon="-1.625621">
        <ele>592.879</ele>
        <time>2020-08-09T10:31:07Z</time>
      </trkpt>
      <trkpt lat="43.271122" lon="-1.625609">
        <ele>593.654</ele>
        <time>2020-08-09T10:31:21Z</time>
      </trkpt>
      <trkpt lat="43.271075" lon="-1.625629">
        <ele>594.599</ele>
        <time>2020-08-09T10:31:28Z</time>
      </trkpt>
      <trkpt lat="43.271030" lon="-1.625646">
        <ele>595.453</ele>
        <time>2020-08-09T10:31:34Z</time>
      </trkpt>
      <trkpt lat="43.270985" lon="-1.625668">
        <ele>596.404</ele>
        <time>2020-08-09T10:31:40Z</time>
      </trkpt>
      <trkpt lat="43.270937" lon="-1.625684">
        <ele>597.314</ele>
        <time>2020-08-09T10:31:47Z</time>
      </trkpt>
      <trkpt lat="43.270883" lon="-1.625675">
        <ele>598.308</ele>
        <time>2020-08-09T10:31:54Z</time>
      </trkpt>
      <trkpt lat="43.270838" lon="-1.625649">
        <ele>599.450</ele>
        <time>2020-08-09T10:32:03Z</time>
      </trkpt>
      <trkpt lat="43.270791" lon="-1.625634">
        <ele>600.469</ele>
        <time>2020-08-09T10:32:10Z</time>
      </trkpt>
      <trkpt lat="43.270746" lon="-1.625605">
        <ele>601.198</ele>
        <time>2020-08-09T10:32:16Z</time>
      </trkpt>
      <trkpt lat="43.270704" lon="-1.625583">
        <ele>601.817</ele>
        <time>2020-08-09T10:32:20Z</time>
      </trkpt>
      <trkpt lat="43.270657" lon="-1.625570">
        <ele>602.351</ele>
        <time>2020-08-09T10:32:25Z</time>
      </trkpt>
      <trkpt lat="43.270609" lon="-1.625558">
        <ele>603.088</ele>
        <time>2020-08-09T10:32:31Z</time>
      </trkpt>
      <trkpt lat="43.270562" lon="-1.625560">
        <ele>603.023</ele>
        <time>2020-08-09T10:32:42Z</time>
      </trkpt>
      <trkpt lat="43.270547" lon="-1.625502">
        <ele>603.518</ele>
        <time>2020-08-09T10:32:54Z</time>
      </trkpt>
      <trkpt lat="43.270562" lon="-1.625443">
        <ele>604.617</ele>
        <time>2020-08-09T10:33:22Z</time>
      </trkpt>
      <trkpt lat="43.270575" lon="-1.625377">
        <ele>605.887</ele>
        <time>2020-08-09T10:33:42Z</time>
      </trkpt>
      <trkpt lat="43.270576" lon="-1.625312">
        <ele>606.515</ele>
        <time>2020-08-09T10:33:51Z</time>
      </trkpt>
      <trkpt lat="43.270569" lon="-1.625246">
        <ele>607.208</ele>
        <time>2020-08-09T10:34:57Z</time>
      </trkpt>
      <trkpt lat="43.270579" lon="-1.625185">
        <ele>608.026</ele>
        <time>2020-08-09T10:35:08Z</time>
      </trkpt>
      <trkpt lat="43.270541" lon="-1.625145">
        <ele>608.855</ele>
        <time>2020-08-09T10:35:17Z</time>
      </trkpt>
      <trkpt lat="43.270519" lon="-1.625084">
        <ele>609.964</ele>
        <time>2020-08-09T10:35:25Z</time>
      </trkpt>
      <trkpt lat="43.270516" lon="-1.625015">
        <ele>610.833</ele>
        <time>2020-08-09T10:35:31Z</time>
      </trkpt>
      <trkpt lat="43.270533" lon="-1.624950">
        <ele>611.597</ele>
        <time>2020-08-09T10:35:36Z</time>
      </trkpt>
      <trkpt lat="43.270556" lon="-1.624895">
        <ele>612.654</ele>
        <time>2020-08-09T10:35:42Z</time>
      </trkpt>
      <trkpt lat="43.270557" lon="-1.624829">
        <ele>613.089</ele>
        <time>2020-08-09T10:35:51Z</time>
      </trkpt>
      <trkpt lat="43.270538" lon="-1.624773">
        <ele>612.824</ele>
        <time>2020-08-09T10:36:04Z</time>
      </trkpt>
      <trkpt lat="43.270567" lon="-1.624721">
        <ele>612.924</ele>
        <time>2020-08-09T10:36:10Z</time>
      </trkpt>
      <trkpt lat="43.270591" lon="-1.624664">
        <ele>613.704</ele>
        <time>2020-08-09T10:36:18Z</time>
      </trkpt>
      <trkpt lat="43.270576" lon="-1.624604">
        <ele>614.514</ele>
        <time>2020-08-09T10:36:41Z</time>
      </trkpt>
      <trkpt lat="43.270566" lon="-1.624543">
        <ele>615.708</ele>
        <time>2020-08-09T10:36:49Z</time>
      </trkpt>
      <trkpt lat="43.270560" lon="-1.624480">
        <ele>617.717</ele>
        <time>2020-08-09T10:37:10Z</time>
      </trkpt>
      <trkpt lat="43.270567" lon="-1.624417">
        <ele>619.576</ele>
        <time>2020-08-09T10:37:24Z</time>
      </trkpt>
      <trkpt lat="43.270543" lon="-1.624363">
        <ele>620.915</ele>
        <time>2020-08-09T10:37:34Z</time>
      </trkpt>
      <trkpt lat="43.270534" lon="-1.624298">
        <ele>622.334</ele>
        <time>2020-08-09T10:37:42Z</time>
      </trkpt>
      <trkpt lat="43.270546" lon="-1.624235">
        <ele>623.538</ele>
        <time>2020-08-09T10:37:50Z</time>
      </trkpt>
      <trkpt lat="43.270555" lon="-1.624172">
        <ele>627.095</ele>
        <time>2020-08-09T10:41:55Z</time>
      </trkpt>
      <trkpt lat="43.270554" lon="-1.624109">
        <ele>629.810</ele>
        <time>2020-08-09T10:42:00Z</time>
      </trkpt>
      <trkpt lat="43.270564" lon="-1.624047">
        <ele>632.125</ele>
        <time>2020-08-09T10:42:05Z</time>
      </trkpt>
      <trkpt lat="43.270567" lon="-1.623980">
        <ele>634.471</ele>
        <time>2020-08-09T10:42:13Z</time>
      </trkpt>
      <trkpt lat="43.270566" lon="-1.623917">
        <ele>636.441</ele>
        <time>2020-08-09T10:42:20Z</time>
      </trkpt>
      <trkpt lat="43.270590" lon="-1.623861">
        <ele>638.715</ele>
        <time>2020-08-09T10:42:29Z</time>
      </trkpt>
      <trkpt lat="43.270598" lon="-1.623799">
        <ele>640.508</ele>
        <time>2020-08-09T10:43:16Z</time>
      </trkpt>
      <trkpt lat="43.270633" lon="-1.623758">
        <ele>642.052</ele>
        <time>2020-08-09T10:43:34Z</time>
      </trkpt>
      <trkpt lat="43.270654" lon="-1.623700">
        <ele>643.261</ele>
        <time>2020-08-09T10:43:54Z</time>
      </trkpt>
      <trkpt lat="43.270680" lon="-1.623639">
        <ele>644.240</ele>
        <time>2020-08-09T10:44:03Z</time>
      </trkpt>
      <trkpt lat="43.270663" lon="-1.623581">
        <ele>645.339</ele>
        <time>2020-08-09T10:44:23Z</time>
      </trkpt>
      <trkpt lat="43.270654" lon="-1.623520">
        <ele>646.873</ele>
        <time>2020-08-09T10:44:30Z</time>
      </trkpt>
      <trkpt lat="43.270649" lon="-1.623454">
        <ele>649.970</ele>
        <time>2020-08-09T10:44:47Z</time>
      </trkpt>
      <trkpt lat="43.270649" lon="-1.623454">
        <ele>649.985</ele>
        <time>2020-08-09T10:44:47Z</time>
      </trkpt>
      <trkpt lat="43.270666" lon="-1.623396">
        <ele>651.580</ele>
        <time>2020-08-09T10:44:58Z</time>
      </trkpt>
      <trkpt lat="43.270651" lon="-1.623336">
        <ele>653.279</ele>
        <time>2020-08-09T10:45:11Z</time>
      </trkpt>
      <trkpt lat="43.270690" lon="-1.623302">
        <ele>655.805</ele>
        <time>2020-08-09T10:46:46Z</time>
      </trkpt>
      <trkpt lat="43.270730" lon="-1.623274">
        <ele>657.325</ele>
        <time>2020-08-09T10:47:30Z</time>
      </trkpt>
      <trkpt lat="43.270763" lon="-1.623232">
        <ele>658.208</ele>
        <time>2020-08-09T10:47:41Z</time>
      </trkpt>
      <trkpt lat="43.270778" lon="-1.623169">
        <ele>658.612</ele>
        <time>2020-08-09T10:47:46Z</time>
      </trkpt>
      <trkpt lat="43.270775" lon="-1.623098">
        <ele>658.721</ele>
        <time>2020-08-09T10:47:49Z</time>
      </trkpt>
      <trkpt lat="43.270772" lon="-1.623036">
        <ele>658.950</ele>
        <time>2020-08-09T10:47:53Z</time>
      </trkpt>
      <trkpt lat="43.270783" lon="-1.622965">
        <ele>659.369</ele>
        <time>2020-08-09T10:47:59Z</time>
      </trkpt>
      <trkpt lat="43.270788" lon="-1.622901">
        <ele>659.783</ele>
        <time>2020-08-09T10:48:04Z</time>
      </trkpt>
      <trkpt lat="43.270772" lon="-1.622835">
        <ele>660.250</ele>
        <time>2020-08-09T10:48:11Z</time>
      </trkpt>
      <trkpt lat="43.270751" lon="-1.622780">
        <ele>660.445</ele>
        <time>2020-08-09T10:48:18Z</time>
      </trkpt>
      <trkpt lat="43.270733" lon="-1.622720">
        <ele>660.510</ele>
        <time>2020-08-09T10:48:23Z</time>
      </trkpt>
      <trkpt lat="43.270736" lon="-1.622658">
        <ele>660.487</ele>
        <time>2020-08-09T10:48:27Z</time>
      </trkpt>
      <trkpt lat="43.270731" lon="-1.622594">
        <ele>660.142</ele>
        <time>2020-08-09T10:48:32Z</time>
      </trkpt>
      <trkpt lat="43.270731" lon="-1.622594">
        <ele>660.126</ele>
        <time>2020-08-09T10:48:32Z</time>
      </trkpt>
      <trkpt lat="43.270736" lon="-1.622526">
        <ele>659.908</ele>
        <time>2020-08-09T10:48:38Z</time>
      </trkpt>
      <trkpt lat="43.270747" lon="-1.622465">
        <ele>659.493</ele>
        <time>2020-08-09T10:48:43Z</time>
      </trkpt>
      <trkpt lat="43.270779" lon="-1.622415">
        <ele>658.772</ele>
        <time>2020-08-09T10:48:49Z</time>
      </trkpt>
      <trkpt lat="43.270784" lon="-1.622352">
        <ele>658.031</ele>
        <time>2020-08-09T10:48:53Z</time>
      </trkpt>
      <trkpt lat="43.270789" lon="-1.622287">
        <ele>657.430</ele>
        <time>2020-08-09T10:48:57Z</time>
      </trkpt>
      <trkpt lat="43.270823" lon="-1.622236">
        <ele>656.734</ele>
        <time>2020-08-09T10:49:05Z</time>
      </trkpt>
      <trkpt lat="43.270835" lon="-1.622163">
        <ele>656.231</ele>
        <time>2020-08-09T10:49:11Z</time>
      </trkpt>
      <trkpt lat="43.270836" lon="-1.622086">
        <ele>655.766</ele>
        <time>2020-08-09T10:49:15Z</time>
      </trkpt>
      <trkpt lat="43.270835" lon="-1.622004">
        <ele>655.221</ele>
        <time>2020-08-09T10:49:20Z</time>
      </trkpt>
      <trkpt lat="43.270839" lon="-1.621937">
        <ele>654.742</ele>
        <time>2020-08-09T10:49:26Z</time>
      </trkpt>
      <trkpt lat="43.270870" lon="-1.621891">
        <ele>654.522</ele>
        <time>2020-08-09T10:49:31Z</time>
      </trkpt>
      <trkpt lat="43.270909" lon="-1.621849">
        <ele>654.514</ele>
        <time>2020-08-09T10:49:38Z</time>
      </trkpt>
      <trkpt lat="43.270924" lon="-1.621780">
        <ele>654.808</ele>
        <time>2020-08-09T10:49:43Z</time>
      </trkpt>
      <trkpt lat="43.270939" lon="-1.621717">
        <ele>655.069</ele>
        <time>2020-08-09T10:49:47Z</time>
      </trkpt>
      <trkpt lat="43.270949" lon="-1.621649">
        <ele>655.228</ele>
        <time>2020-08-09T10:49:53Z</time>
      </trkpt>
      <trkpt lat="43.270955" lon="-1.621586">
        <ele>655.477</ele>
        <time>2020-08-09T10:50:01Z</time>
      </trkpt>
      <trkpt lat="43.270961" lon="-1.621524">
        <ele>655.936</ele>
        <time>2020-08-09T10:50:09Z</time>
      </trkpt>
      <trkpt lat="43.270954" lon="-1.621460">
        <ele>656.760</ele>
        <time>2020-08-09T10:50:15Z</time>
      </trkpt>
      <trkpt lat="43.270998" lon="-1.621437">
        <ele>658.557</ele>
        <time>2020-08-09T10:50:44Z</time>
      </trkpt>
      <trkpt lat="43.271026" lon="-1.621386">
        <ele>660.292</ele>
        <time>2020-08-09T10:50:49Z</time>
      </trkpt>
      <trkpt lat="43.271040" lon="-1.621318">
        <ele>662.037</ele>
        <time>2020-08-09T10:50:55Z</time>
      </trkpt>
      <trkpt lat="43.271042" lon="-1.621249">
        <ele>663.766</ele>
        <time>2020-08-09T10:51:02Z</time>
      </trkpt>
      <trkpt lat="43.271088" lon="-1.621221">
        <ele>665.629</ele>
        <time>2020-08-09T10:51:29Z</time>
      </trkpt>
      <trkpt lat="43.271109" lon="-1.621160">
        <ele>667.821</ele>
        <time>2020-08-09T10:51:35Z</time>
      </trkpt>
      <trkpt lat="43.271139" lon="-1.621102">
        <ele>669.908</ele>
        <time>2020-08-09T10:51:53Z</time>
      </trkpt>
      <trkpt lat="43.271140" lon="-1.621038">
        <ele>671.241</ele>
        <time>2020-08-09T10:52:01Z</time>
      </trkpt>
      <trkpt lat="43.271160" lon="-1.620977">
        <ele>672.340</ele>
        <time>2020-08-09T10:52:12Z</time>
      </trkpt>
      <trkpt lat="43.271164" lon="-1.620914">
        <ele>673.759</ele>
        <time>2020-08-09T10:52:39Z</time>
      </trkpt>
      <trkpt lat="43.271207" lon="-1.620880">
        <ele>675.658</ele>
        <time>2020-08-09T10:52:49Z</time>
      </trkpt>
      <trkpt lat="43.271252" lon="-1.620858">
        <ele>677.372</ele>
        <time>2020-08-09T10:52:57Z</time>
      </trkpt>
      <trkpt lat="43.271285" lon="-1.620813">
        <ele>679.299</ele>
        <time>2020-08-09T10:53:25Z</time>
      </trkpt>
      <trkpt lat="43.271317" lon="-1.620767">
        <ele>680.144</ele>
        <time>2020-08-09T10:53:36Z</time>
      </trkpt>
      <trkpt lat="43.271335" lon="-1.620708">
        <ele>680.579</ele>
        <time>2020-08-09T10:53:43Z</time>
      </trkpt>
      <trkpt lat="43.271291" lon="-1.620693">
        <ele>680.973</ele>
        <time>2020-08-09T10:54:05Z</time>
      </trkpt>
      <trkpt lat="43.271259" lon="-1.620641">
        <ele>681.585</ele>
        <time>2020-08-09T10:54:13Z</time>
      </trkpt>
      <trkpt lat="43.271236" lon="-1.620583">
        <ele>682.313</ele>
        <time>2020-08-09T10:54:21Z</time>
      </trkpt>
      <trkpt lat="43.271251" lon="-1.620522">
        <ele>683.308</ele>
        <time>2020-08-09T10:54:27Z</time>
      </trkpt>
      <trkpt lat="43.271297" lon="-1.620543">
        <ele>684.442</ele>
        <time>2020-08-09T10:54:32Z</time>
      </trkpt>
      <trkpt lat="43.271344" lon="-1.620558">
        <ele>685.241</ele>
        <time>2020-08-09T10:54:42Z</time>
      </trkpt>
      <trkpt lat="43.271387" lon="-1.620584">
        <ele>685.720</ele>
        <time>2020-08-09T10:54:50Z</time>
      </trkpt>
      <trkpt lat="43.271407" lon="-1.620524">
        <ele>686.259</ele>
        <time>2020-08-09T10:54:59Z</time>
      </trkpt>
      <trkpt lat="43.271451" lon="-1.620509">
        <ele>687.433</ele>
        <time>2020-08-09T10:55:14Z</time>
      </trkpt>
      <trkpt lat="43.271488" lon="-1.620470">
        <ele>688.890</ele>
        <time>2020-08-09T10:55:21Z</time>
      </trkpt>
      <trkpt lat="43.271534" lon="-1.620487">
        <ele>691.575</ele>
        <time>2020-08-09T10:55:41Z</time>
      </trkpt>
      <trkpt lat="43.271515" lon="-1.620430">
        <ele>693.680</ele>
        <time>2020-08-09T10:57:16Z</time>
      </trkpt>
      <trkpt lat="43.271536" lon="-1.620486">
        <ele>695.046</ele>
        <time>2020-08-09T11:01:25Z</time>
      </trkpt>
      <trkpt lat="43.271495" lon="-1.620461">
        <ele>695.788</ele>
        <time>2020-08-09T11:02:03Z</time>
      </trkpt>
      <trkpt lat="43.271491" lon="-1.620534">
        <ele>695.916</ele>
        <time>2020-08-09T11:04:25Z</time>
      </trkpt>
      <trkpt lat="43.271448" lon="-1.620503">
        <ele>695.508</ele>
        <time>2020-08-09T11:04:45Z</time>
      </trkpt>
      <trkpt lat="43.271405" lon="-1.620481">
        <ele>694.929</ele>
        <time>2020-08-09T11:04:53Z</time>
      </trkpt>
      <trkpt lat="43.271365" lon="-1.620517">
        <ele>694.328</ele>
        <time>2020-08-09T11:04:59Z</time>
      </trkpt>
      <trkpt lat="43.271386" lon="-1.620573">
        <ele>693.617</ele>
        <time>2020-08-09T11:05:07Z</time>
      </trkpt>
      <trkpt lat="43.271340" lon="-1.620581">
        <ele>692.366</ele>
        <time>2020-08-09T11:05:24Z</time>
      </trkpt>
      <trkpt lat="43.271296" lon="-1.620566">
        <ele>690.720</ele>
        <time>2020-08-09T11:05:58Z</time>
      </trkpt>
      <trkpt lat="43.271280" lon="-1.620625">
        <ele>689.597</ele>
        <time>2020-08-09T11:06:13Z</time>
      </trkpt>
      <trkpt lat="43.271299" lon="-1.620684">
        <ele>689.362</ele>
        <time>2020-08-09T11:06:27Z</time>
      </trkpt>
      <trkpt lat="43.271327" lon="-1.620736">
        <ele>689.047</ele>
        <time>2020-08-09T11:06:39Z</time>
      </trkpt>
      <trkpt lat="43.271348" lon="-1.620791">
        <ele>687.256</ele>
        <time>2020-08-09T11:07:13Z</time>
      </trkpt>
      <trkpt lat="43.271321" lon="-1.620846">
        <ele>685.559</ele>
        <time>2020-08-09T11:07:28Z</time>
      </trkpt>
      <trkpt lat="43.271269" lon="-1.620848">
        <ele>684.114</ele>
        <time>2020-08-09T11:07:34Z</time>
      </trkpt>
      <trkpt lat="43.271239" lon="-1.620896">
        <ele>683.108</ele>
        <time>2020-08-09T11:07:45Z</time>
      </trkpt>
      <trkpt lat="43.271190" lon="-1.620902">
        <ele>682.220</ele>
        <time>2020-08-09T11:07:58Z</time>
      </trkpt>
      <trkpt lat="43.271148" lon="-1.620933">
        <ele>681.419</ele>
        <time>2020-08-09T11:08:05Z</time>
      </trkpt>
      <trkpt lat="43.271153" lon="-1.621003">
        <ele>680.338</ele>
        <time>2020-08-09T11:08:14Z</time>
      </trkpt>
      <trkpt lat="43.271145" lon="-1.621070">
        <ele>678.847</ele>
        <time>2020-08-09T11:08:28Z</time>
      </trkpt>
      <trkpt lat="43.271145" lon="-1.621140">
        <ele>677.731</ele>
        <time>2020-08-09T11:08:36Z</time>
      </trkpt>
      <trkpt lat="43.271107" lon="-1.621182">
        <ele>676.568</ele>
        <time>2020-08-09T11:08:46Z</time>
      </trkpt>
      <trkpt lat="43.271084" lon="-1.621236">
        <ele>675.133</ele>
        <time>2020-08-09T11:08:56Z</time>
      </trkpt>
      <trkpt lat="43.271078" lon="-1.621298">
        <ele>672.568</ele>
        <time>2020-08-09T11:09:10Z</time>
      </trkpt>
      <trkpt lat="43.271039" lon="-1.621333">
        <ele>669.528</ele>
        <time>2020-08-09T11:09:35Z</time>
      </trkpt>
      <trkpt lat="43.271016" lon="-1.621388">
        <ele>667.389</ele>
        <time>2020-08-09T11:09:45Z</time>
      </trkpt>
      <trkpt lat="43.270982" lon="-1.621431">
        <ele>665.317</ele>
        <time>2020-08-09T11:10:00Z</time>
      </trkpt>
      <trkpt lat="43.270963" lon="-1.621488">
        <ele>663.808</ele>
        <time>2020-08-09T11:10:07Z</time>
      </trkpt>
      <trkpt lat="43.270949" lon="-1.621548">
        <ele>662.827</ele>
        <time>2020-08-09T11:10:13Z</time>
      </trkpt>
      <trkpt lat="43.270940" lon="-1.621620">
        <ele>661.946</ele>
        <time>2020-08-09T11:10:21Z</time>
      </trkpt>
      <trkpt lat="43.270929" lon="-1.621689">
        <ele>660.995</ele>
        <time>2020-08-09T11:10:27Z</time>
      </trkpt>
      <trkpt lat="43.270905" lon="-1.621743">
        <ele>659.584</ele>
        <time>2020-08-09T11:10:34Z</time>
      </trkpt>
      <trkpt lat="43.270886" lon="-1.621807">
        <ele>658.028</ele>
        <time>2020-08-09T11:10:39Z</time>
      </trkpt>
      <trkpt lat="43.270863" lon="-1.621873">
        <ele>656.885</ele>
        <time>2020-08-09T11:10:45Z</time>
      </trkpt>
      <trkpt lat="43.270846" lon="-1.621934">
        <ele>655.960</ele>
        <time>2020-08-09T11:10:49Z</time>
      </trkpt>
      <trkpt lat="43.270838" lon="-1.622003">
        <ele>655.085</ele>
        <time>2020-08-09T11:10:54Z</time>
      </trkpt>
      <trkpt lat="43.270825" lon="-1.622068">
        <ele>654.352</ele>
        <time>2020-08-09T11:10:58Z</time>
      </trkpt>
      <trkpt lat="43.270808" lon="-1.622126">
        <ele>653.453</ele>
        <time>2020-08-09T11:11:01Z</time>
      </trkpt>
      <trkpt lat="43.270799" lon="-1.622188">
        <ele>652.608</ele>
        <time>2020-08-09T11:11:06Z</time>
      </trkpt>
      <trkpt lat="43.270776" lon="-1.622251">
        <ele>652.208</ele>
        <time>2020-08-09T11:11:11Z</time>
      </trkpt>
      <trkpt lat="43.270754" lon="-1.622312">
        <ele>652.140</ele>
        <time>2020-08-09T11:11:14Z</time>
      </trkpt>
      <trkpt lat="43.270736" lon="-1.622376">
        <ele>652.389</ele>
        <time>2020-08-09T11:11:18Z</time>
      </trkpt>
      <trkpt lat="43.270726" lon="-1.622437">
        <ele>652.918</ele>
        <time>2020-08-09T11:11:22Z</time>
      </trkpt>
      <trkpt lat="43.270708" lon="-1.622496">
        <ele>653.657</ele>
        <time>2020-08-09T11:11:27Z</time>
      </trkpt>
      <trkpt lat="43.270726" lon="-1.622564">
        <ele>654.651</ele>
        <time>2020-08-09T11:11:32Z</time>
      </trkpt>
      <trkpt lat="43.270748" lon="-1.622632">
        <ele>655.258</ele>
        <time>2020-08-09T11:11:36Z</time>
      </trkpt>
      <trkpt lat="43.270765" lon="-1.622694">
        <ele>655.733</ele>
        <time>2020-08-09T11:11:41Z</time>
      </trkpt>
      <trkpt lat="43.270773" lon="-1.622762">
        <ele>656.068</ele>
        <time>2020-08-09T11:11:47Z</time>
      </trkpt>
      <trkpt lat="43.270775" lon="-1.622829">
        <ele>656.138</ele>
        <time>2020-08-09T11:11:52Z</time>
      </trkpt>
      <trkpt lat="43.270781" lon="-1.622894">
        <ele>655.970</ele>
        <time>2020-08-09T11:11:56Z</time>
      </trkpt>
      <trkpt lat="43.270777" lon="-1.622956">
        <ele>655.517</ele>
        <time>2020-08-09T11:12:00Z</time>
      </trkpt>
      <trkpt lat="43.270758" lon="-1.623020">
        <ele>655.308</ele>
        <time>2020-08-09T11:12:05Z</time>
      </trkpt>
      <trkpt lat="43.270742" lon="-1.623082">
        <ele>655.328</ele>
        <time>2020-08-09T11:12:10Z</time>
      </trkpt>
      <trkpt lat="43.270732" lon="-1.623148">
        <ele>655.237</ele>
        <time>2020-08-09T11:12:15Z</time>
      </trkpt>
      <trkpt lat="43.270724" lon="-1.623211">
        <ele>655.296</ele>
        <time>2020-08-09T11:12:20Z</time>
      </trkpt>
      <trkpt lat="43.270703" lon="-1.623267">
        <ele>655.165</ele>
        <time>2020-08-09T11:12:25Z</time>
      </trkpt>
      <trkpt lat="43.270663" lon="-1.623300">
        <ele>654.949</ele>
        <time>2020-08-09T11:12:30Z</time>
      </trkpt>
      <trkpt lat="43.270632" lon="-1.623347">
        <ele>654.736</ele>
        <time>2020-08-09T11:12:35Z</time>
      </trkpt>
      <trkpt lat="43.270636" lon="-1.623409">
        <ele>654.511</ele>
        <time>2020-08-09T11:12:39Z</time>
      </trkpt>
      <trkpt lat="43.270657" lon="-1.623480">
        <ele>654.236</ele>
        <time>2020-08-09T11:12:43Z</time>
      </trkpt>
      <trkpt lat="43.270650" lon="-1.623550">
        <ele>653.865</ele>
        <time>2020-08-09T11:12:49Z</time>
      </trkpt>
      <trkpt lat="43.270650" lon="-1.623616">
        <ele>653.468</ele>
        <time>2020-08-09T11:12:54Z</time>
      </trkpt>
      <trkpt lat="43.270667" lon="-1.623674">
        <ele>652.614</ele>
        <time>2020-08-09T11:13:01Z</time>
      </trkpt>
      <trkpt lat="43.270658" lon="-1.623740">
        <ele>651.408</ele>
        <time>2020-08-09T11:13:13Z</time>
      </trkpt>
      <trkpt lat="43.270646" lon="-1.623801">
        <ele>649.591</ele>
        <time>2020-08-09T11:13:33Z</time>
      </trkpt>
      <trkpt lat="43.270621" lon="-1.623860">
        <ele>648.020</ele>
        <time>2020-08-09T11:13:42Z</time>
      </trkpt>
      <trkpt lat="43.270594" lon="-1.623913">
        <ele>646.249</ele>
        <time>2020-08-09T11:14:02Z</time>
      </trkpt>
      <trkpt lat="43.270564" lon="-1.623964">
        <ele>644.818</ele>
        <time>2020-08-09T11:14:11Z</time>
      </trkpt>
      <trkpt lat="43.270554" lon="-1.624025">
        <ele>643.142</ele>
        <time>2020-08-09T11:14:20Z</time>
      </trkpt>
      <trkpt lat="43.270538" lon="-1.624088">
        <ele>641.129</ele>
        <time>2020-08-09T11:14:34Z</time>
      </trkpt>
      <trkpt lat="43.270552" lon="-1.624147">
        <ele>638.394</ele>
        <time>2020-08-09T11:14:51Z</time>
      </trkpt>
      <trkpt lat="43.270519" lon="-1.624192">
        <ele>636.069</ele>
        <time>2020-08-09T11:14:59Z</time>
      </trkpt>
      <trkpt lat="43.270475" lon="-1.624212">
        <ele>634.286</ele>
        <time>2020-08-09T11:15:04Z</time>
      </trkpt>
      <trkpt lat="43.270453" lon="-1.624270">
        <ele>632.360</ele>
        <time>2020-08-09T11:15:12Z</time>
      </trkpt>
      <trkpt lat="43.270464" lon="-1.624332">
        <ele>630.326</ele>
        <time>2020-08-09T11:15:20Z</time>
      </trkpt>
      <trkpt lat="43.270485" lon="-1.624387">
        <ele>628.908</ele>
        <time>2020-08-09T11:15:26Z</time>
      </trkpt>
      <trkpt lat="43.270510" lon="-1.624446">
        <ele>627.983</ele>
        <time>2020-08-09T11:15:32Z</time>
      </trkpt>
      <trkpt lat="43.270532" lon="-1.624503">
        <ele>627.192</ele>
        <time>2020-08-09T11:15:37Z</time>
      </trkpt>
      <trkpt lat="43.270540" lon="-1.624572">
        <ele>626.431</ele>
        <time>2020-08-09T11:15:42Z</time>
      </trkpt>
      <trkpt lat="43.270572" lon="-1.624625">
        <ele>625.440</ele>
        <time>2020-08-09T11:15:47Z</time>
      </trkpt>
      <trkpt lat="43.270551" lon="-1.624682">
        <ele>623.434</ele>
        <time>2020-08-09T11:16:05Z</time>
      </trkpt>
      <trkpt lat="43.270551" lon="-1.624752">
        <ele>621.771</ele>
        <time>2020-08-09T11:16:14Z</time>
      </trkpt>
      <trkpt lat="43.270556" lon="-1.624822">
        <ele>620.386</ele>
        <time>2020-08-09T11:16:20Z</time>
      </trkpt>
      <trkpt lat="43.270539" lon="-1.624885">
        <ele>619.251</ele>
        <time>2020-08-09T11:16:31Z</time>
      </trkpt>
      <trkpt lat="43.270522" lon="-1.624947">
        <ele>618.223</ele>
        <time>2020-08-09T11:16:40Z</time>
      </trkpt>
      <trkpt lat="43.270527" lon="-1.625008">
        <ele>617.383</ele>
        <time>2020-08-09T11:16:46Z</time>
      </trkpt>
      <trkpt lat="43.270529" lon="-1.625072">
        <ele>616.711</ele>
        <time>2020-08-09T11:16:50Z</time>
      </trkpt>
      <trkpt lat="43.270548" lon="-1.625129">
        <ele>616.008</ele>
        <time>2020-08-09T11:16:54Z</time>
      </trkpt>
      <trkpt lat="43.270561" lon="-1.625189">
        <ele>615.347</ele>
        <time>2020-08-09T11:17:00Z</time>
      </trkpt>
      <trkpt lat="43.270566" lon="-1.625270">
        <ele>614.576</ele>
        <time>2020-08-09T11:17:07Z</time>
      </trkpt>
      <trkpt lat="43.270566" lon="-1.625336">
        <ele>613.535</ele>
        <time>2020-08-09T11:17:16Z</time>
      </trkpt>
      <trkpt lat="43.270567" lon="-1.625403">
        <ele>612.494</ele>
        <time>2020-08-09T11:17:21Z</time>
      </trkpt>
      <trkpt lat="43.270562" lon="-1.625473">
        <ele>611.538</ele>
        <time>2020-08-09T11:17:26Z</time>
      </trkpt>
      <trkpt lat="43.270559" lon="-1.625544">
        <ele>611.235</ele>
        <time>2020-08-09T11:17:30Z</time>
      </trkpt>
      <trkpt lat="43.270558" lon="-1.625608">
        <ele>611.020</ele>
        <time>2020-08-09T11:17:34Z</time>
      </trkpt>
      <trkpt lat="43.270559" lon="-1.625672">
        <ele>610.545</ele>
        <time>2020-08-09T11:17:39Z</time>
      </trkpt>
      <trkpt lat="43.270548" lon="-1.625739">
        <ele>609.893</ele>
        <time>2020-08-09T11:17:44Z</time>
      </trkpt>
      <trkpt lat="43.270547" lon="-1.625811">
        <ele>608.765</ele>
        <time>2020-08-09T11:17:49Z</time>
      </trkpt>
      <trkpt lat="43.270539" lon="-1.625879">
        <ele>607.921</ele>
        <time>2020-08-09T11:17:54Z</time>
      </trkpt>
      <trkpt lat="43.270544" lon="-1.625946">
        <ele>607.208</ele>
        <time>2020-08-09T11:17:58Z</time>
      </trkpt>
      <trkpt lat="43.270550" lon="-1.626012">
        <ele>606.714</ele>
        <time>2020-08-09T11:18:03Z</time>
      </trkpt>
      <trkpt lat="43.270516" lon="-1.626057">
        <ele>605.233</ele>
        <time>2020-08-09T11:18:33Z</time>
      </trkpt>
      <trkpt lat="43.270474" lon="-1.626085">
        <ele>604.492</ele>
        <time>2020-08-09T11:18:38Z</time>
      </trkpt>
      <trkpt lat="43.270440" lon="-1.626128">
        <ele>604.141</ele>
        <time>2020-08-09T11:18:43Z</time>
      </trkpt>
      <trkpt lat="43.270396" lon="-1.626142">
        <ele>603.965</ele>
        <time>2020-08-09T11:18:48Z</time>
      </trkpt>
      <trkpt lat="43.270352" lon="-1.626121">
        <ele>603.612</ele>
        <time>2020-08-09T11:18:52Z</time>
      </trkpt>
      <trkpt lat="43.270307" lon="-1.626093">
        <ele>603.557</ele>
        <time>2020-08-09T11:18:56Z</time>
      </trkpt>
      <trkpt lat="43.270263" lon="-1.626049">
        <ele>603.552</ele>
        <time>2020-08-09T11:19:00Z</time>
      </trkpt>
      <trkpt lat="43.270219" lon="-1.626011">
        <ele>603.359</ele>
        <time>2020-08-09T11:19:05Z</time>
      </trkpt>
      <trkpt lat="43.270179" lon="-1.625983">
        <ele>602.803</ele>
        <time>2020-08-09T11:19:09Z</time>
      </trkpt>
      <trkpt lat="43.270129" lon="-1.625977">
        <ele>602.123</ele>
        <time>2020-08-09T11:19:14Z</time>
      </trkpt>
      <trkpt lat="43.270084" lon="-1.625963">
        <ele>601.108</ele>
        <time>2020-08-09T11:19:17Z</time>
      </trkpt>
      <trkpt lat="43.270027" lon="-1.625958">
        <ele>600.120</ele>
        <time>2020-08-09T11:19:21Z</time>
      </trkpt>
      <trkpt lat="43.269978" lon="-1.625947">
        <ele>599.269</ele>
        <time>2020-08-09T11:19:24Z</time>
      </trkpt>
      <trkpt lat="43.269933" lon="-1.625929">
        <ele>598.258</ele>
        <time>2020-08-09T11:19:28Z</time>
      </trkpt>
      <trkpt lat="43.269888" lon="-1.625901">
        <ele>597.317</ele>
        <time>2020-08-09T11:19:33Z</time>
      </trkpt>
      <trkpt lat="43.269837" lon="-1.625897">
        <ele>596.461</ele>
        <time>2020-08-09T11:19:37Z</time>
      </trkpt>
      <trkpt lat="43.269785" lon="-1.625898">
        <ele>595.668</ele>
        <time>2020-08-09T11:19:42Z</time>
      </trkpt>
      <trkpt lat="43.269729" lon="-1.625893">
        <ele>594.963</ele>
        <time>2020-08-09T11:19:47Z</time>
      </trkpt>
      <trkpt lat="43.269683" lon="-1.625883">
        <ele>594.698</ele>
        <time>2020-08-09T11:19:51Z</time>
      </trkpt>
      <trkpt lat="43.269637" lon="-1.625865">
        <ele>594.621</ele>
        <time>2020-08-09T11:19:54Z</time>
      </trkpt>
      <trkpt lat="43.269593" lon="-1.625848">
        <ele>594.341</ele>
        <time>2020-08-09T11:19:58Z</time>
      </trkpt>
      <trkpt lat="43.269545" lon="-1.625833">
        <ele>593.805</ele>
        <time>2020-08-09T11:20:03Z</time>
      </trkpt>
      <trkpt lat="43.269497" lon="-1.625802">
        <ele>593.308</ele>
        <time>2020-08-09T11:20:09Z</time>
      </trkpt>
      <trkpt lat="43.269449" lon="-1.625776">
        <ele>592.897</ele>
        <time>2020-08-09T11:20:15Z</time>
      </trkpt>
      <trkpt lat="43.269408" lon="-1.625751">
        <ele>592.626</ele>
        <time>2020-08-09T11:20:22Z</time>
      </trkpt>
      <trkpt lat="43.269349" lon="-1.625753">
        <ele>592.295</ele>
        <time>2020-08-09T11:20:28Z</time>
      </trkpt>
      <trkpt lat="43.269295" lon="-1.625742">
        <ele>590.264</ele>
        <time>2020-08-09T11:20:38Z</time>
      </trkpt>
      <trkpt lat="43.269247" lon="-1.625724">
        <ele>588.248</ele>
        <time>2020-08-09T11:20:42Z</time>
      </trkpt>
      <trkpt lat="43.269194" lon="-1.625699">
        <ele>586.615</ele>
        <time>2020-08-09T11:20:46Z</time>
      </trkpt>
      <trkpt lat="43.269145" lon="-1.625681">
        <ele>585.320</ele>
        <time>2020-08-09T11:20:51Z</time>
      </trkpt>
      <trkpt lat="43.269098" lon="-1.625663">
        <ele>584.315</ele>
        <time>2020-08-09T11:20:55Z</time>
      </trkpt>
      <trkpt lat="43.269049" lon="-1.625637">
        <ele>583.359</ele>
        <time>2020-08-09T11:21:00Z</time>
      </trkpt>
      <trkpt lat="43.269006" lon="-1.625618">
        <ele>582.703</ele>
        <time>2020-08-09T11:21:04Z</time>
      </trkpt>
      <trkpt lat="43.268962" lon="-1.625599">
        <ele>582.523</ele>
        <time>2020-08-09T11:21:08Z</time>
      </trkpt>
      <trkpt lat="43.268918" lon="-1.625577">
        <ele>582.608</ele>
        <time>2020-08-09T11:21:12Z</time>
      </trkpt>
      <trkpt lat="43.268867" lon="-1.625552">
        <ele>582.820</ele>
        <time>2020-08-09T11:21:16Z</time>
      </trkpt>
      <trkpt lat="43.268818" lon="-1.625540">
        <ele>582.839</ele>
        <time>2020-08-09T11:21:21Z</time>
      </trkpt>
      <trkpt lat="43.268769" lon="-1.625535">
        <ele>582.978</ele>
        <time>2020-08-09T11:21:25Z</time>
      </trkpt>
      <trkpt lat="43.268721" lon="-1.625535">
        <ele>582.997</ele>
        <time>2020-08-09T11:21:29Z</time>
      </trkpt>
      <trkpt lat="43.268676" lon="-1.625530">
        <ele>582.821</ele>
        <time>2020-08-09T11:21:32Z</time>
      </trkpt>
      <trkpt lat="43.268627" lon="-1.625523">
        <ele>582.758</ele>
        <time>2020-08-09T11:21:36Z</time>
      </trkpt>
      <trkpt lat="43.268579" lon="-1.625517">
        <ele>582.543</ele>
        <time>2020-08-09T11:21:45Z</time>
      </trkpt>
      <trkpt lat="43.268538" lon="-1.625487">
        <ele>582.368</ele>
        <time>2020-08-09T11:21:50Z</time>
      </trkpt>
      <trkpt lat="43.268484" lon="-1.625448">
        <ele>582.274</ele>
        <time>2020-08-09T11:21:56Z</time>
      </trkpt>
      <trkpt lat="43.268433" lon="-1.625416">
        <ele>582.156</ele>
        <time>2020-08-09T11:22:01Z</time>
      </trkpt>
      <trkpt lat="43.268388" lon="-1.625388">
        <ele>581.821</ele>
        <time>2020-08-09T11:22:05Z</time>
      </trkpt>
      <trkpt lat="43.268343" lon="-1.625355">
        <ele>581.408</ele>
        <time>2020-08-09T11:22:09Z</time>
      </trkpt>
      <trkpt lat="43.268294" lon="-1.625328">
        <ele>580.832</ele>
        <time>2020-08-09T11:22:14Z</time>
      </trkpt>
      <trkpt lat="43.268249" lon="-1.625305">
        <ele>580.441</ele>
        <time>2020-08-09T11:22:18Z</time>
      </trkpt>
      <trkpt lat="43.268206" lon="-1.625288">
        <ele>580.010</ele>
        <time>2020-08-09T11:22:22Z</time>
      </trkpt>
      <trkpt lat="43.268156" lon="-1.625270">
        <ele>579.519</ele>
        <time>2020-08-09T11:22:26Z</time>
      </trkpt>
      <trkpt lat="43.268108" lon="-1.625263">
        <ele>579.143</ele>
        <time>2020-08-09T11:22:30Z</time>
      </trkpt>
      <trkpt lat="43.268054" lon="-1.625242">
        <ele>578.540</ele>
        <time>2020-08-09T11:22:34Z</time>
      </trkpt>
      <trkpt lat="43.268009" lon="-1.625217">
        <ele>577.825</ele>
        <time>2020-08-09T11:22:39Z</time>
      </trkpt>
      <trkpt lat="43.267964" lon="-1.625176">
        <ele>576.950</ele>
        <time>2020-08-09T11:22:43Z</time>
      </trkpt>
      <trkpt lat="43.267922" lon="-1.625144">
        <ele>575.476</ele>
        <time>2020-08-09T11:22:48Z</time>
      </trkpt>
      <trkpt lat="43.267877" lon="-1.625118">
        <ele>574.090</ele>
        <time>2020-08-09T11:23:08Z</time>
      </trkpt>
      <trkpt lat="43.267829" lon="-1.625106">
        <ele>573.319</ele>
        <time>2020-08-09T11:23:13Z</time>
      </trkpt>
      <trkpt lat="43.267778" lon="-1.625100">
        <ele>572.908</ele>
        <time>2020-08-09T11:23:16Z</time>
      </trkpt>
      <trkpt lat="43.267729" lon="-1.625097">
        <ele>572.682</ele>
        <time>2020-08-09T11:23:20Z</time>
      </trkpt>
      <trkpt lat="43.267695" lon="-1.625054">
        <ele>572.871</ele>
        <time>2020-08-09T11:23:32Z</time>
      </trkpt>
      <trkpt lat="43.267650" lon="-1.625072">
        <ele>572.920</ele>
        <time>2020-08-09T11:23:37Z</time>
      </trkpt>
      <trkpt lat="43.267602" lon="-1.625087">
        <ele>572.459</ele>
        <time>2020-08-09T11:23:42Z</time>
      </trkpt>
      <trkpt lat="43.267569" lon="-1.625043">
        <ele>571.853</ele>
        <time>2020-08-09T11:23:48Z</time>
      </trkpt>
      <trkpt lat="43.267532" lon="-1.624996">
        <ele>571.310</ele>
        <time>2020-08-09T11:23:53Z</time>
      </trkpt>
      <trkpt lat="43.267515" lon="-1.624937">
        <ele>570.825</ele>
        <time>2020-08-09T11:23:58Z</time>
      </trkpt>
      <trkpt lat="43.267488" lon="-1.624884">
        <ele>570.010</ele>
        <time>2020-08-09T11:24:04Z</time>
      </trkpt>
      <trkpt lat="43.267460" lon="-1.624835">
        <ele>569.298</ele>
        <time>2020-08-09T11:24:08Z</time>
      </trkpt>
      <trkpt lat="43.267422" lon="-1.624792">
        <ele>568.315</ele>
        <time>2020-08-09T11:24:13Z</time>
      </trkpt>
      <trkpt lat="43.267379" lon="-1.624757">
        <ele>567.126</ele>
        <time>2020-08-09T11:24:19Z</time>
      </trkpt>
      <trkpt lat="43.267329" lon="-1.624739">
        <ele>566.108</ele>
        <time>2020-08-09T11:24:23Z</time>
      </trkpt>
      <trkpt lat="43.267286" lon="-1.624695">
        <ele>564.934</ele>
        <time>2020-08-09T11:24:28Z</time>
      </trkpt>
      <trkpt lat="43.267258" lon="-1.624637">
        <ele>563.363</ele>
        <time>2020-08-09T11:24:33Z</time>
      </trkpt>
      <trkpt lat="43.267226" lon="-1.624593">
        <ele>561.812</ele>
        <time>2020-08-09T11:24:39Z</time>
      </trkpt>
      <trkpt lat="43.267258" lon="-1.624642">
        <ele>560.891</ele>
        <time>2020-08-09T11:24:52Z</time>
      </trkpt>
      <trkpt lat="43.267285" lon="-1.624694">
        <ele>560.025</ele>
        <time>2020-08-09T11:24:58Z</time>
      </trkpt>
      <trkpt lat="43.267245" lon="-1.624724">
        <ele>558.612</ele>
        <time>2020-08-09T11:25:31Z</time>
      </trkpt>
      <trkpt lat="43.267225" lon="-1.624668">
        <ele>558.127</ele>
        <time>2020-08-09T11:25:42Z</time>
      </trkpt>
      <trkpt lat="43.267213" lon="-1.624604">
        <ele>558.632</ele>
        <time>2020-08-09T11:25:51Z</time>
      </trkpt>
      <trkpt lat="43.267196" lon="-1.624546">
        <ele>559.156</ele>
        <time>2020-08-09T11:25:57Z</time>
      </trkpt>
      <trkpt lat="43.267162" lon="-1.624502">
        <ele>559.659</ele>
        <time>2020-08-09T11:26:07Z</time>
      </trkpt>
      <trkpt lat="43.267126" lon="-1.624453">
        <ele>560.014</ele>
        <time>2020-08-09T11:26:12Z</time>
      </trkpt>
      <trkpt lat="43.267095" lon="-1.624405">
        <ele>560.408</ele>
        <time>2020-08-09T11:26:16Z</time>
      </trkpt>
      <trkpt lat="43.267069" lon="-1.624351">
        <ele>560.710</ele>
        <time>2020-08-09T11:26:20Z</time>
      </trkpt>
      <trkpt lat="43.267035" lon="-1.624296">
        <ele>561.379</ele>
        <time>2020-08-09T11:26:25Z</time>
      </trkpt>
      <trkpt lat="43.267019" lon="-1.624236">
        <ele>561.548</ele>
        <time>2020-08-09T11:26:32Z</time>
      </trkpt>
      <trkpt lat="43.266984" lon="-1.624191">
        <ele>561.057</ele>
        <time>2020-08-09T11:26:41Z</time>
      </trkpt>
      <trkpt lat="43.266969" lon="-1.624130">
        <ele>560.091</ele>
        <time>2020-08-09T11:26:48Z</time>
      </trkpt>
      <trkpt lat="43.266949" lon="-1.624071">
        <ele>559.018</ele>
        <time>2020-08-09T11:26:54Z</time>
      </trkpt>
      <trkpt lat="43.266910" lon="-1.624030">
        <ele>557.963</ele>
        <time>2020-08-09T11:26:58Z</time>
      </trkpt>
      <trkpt lat="43.266886" lon="-1.623977">
        <ele>556.798</ele>
        <time>2020-08-09T11:27:03Z</time>
      </trkpt>
      <trkpt lat="43.266862" lon="-1.623913">
        <ele>555.294</ele>
        <time>2020-08-09T11:27:09Z</time>
      </trkpt>
      <trkpt lat="43.266836" lon="-1.623860">
        <ele>553.557</ele>
        <time>2020-08-09T11:27:14Z</time>
      </trkpt>
      <trkpt lat="43.266794" lon="-1.623828">
        <ele>551.622</ele>
        <time>2020-08-09T11:27:22Z</time>
      </trkpt>
      <trkpt lat="43.266757" lon="-1.623790">
        <ele>550.008</ele>
        <time>2020-08-09T11:27:27Z</time>
      </trkpt>
      <trkpt lat="43.266728" lon="-1.623732">
        <ele>548.524</ele>
        <time>2020-08-09T11:27:31Z</time>
      </trkpt>
      <trkpt lat="43.266697" lon="-1.623671">
        <ele>547.143</ele>
        <time>2020-08-09T11:27:35Z</time>
      </trkpt>
      <trkpt lat="43.266674" lon="-1.623608">
        <ele>545.892</ele>
        <time>2020-08-09T11:27:40Z</time>
      </trkpt>
      <trkpt lat="43.266633" lon="-1.623562">
        <ele>544.691</ele>
        <time>2020-08-09T11:27:44Z</time>
      </trkpt>
      <trkpt lat="43.266598" lon="-1.623518">
        <ele>543.425</ele>
        <time>2020-08-09T11:27:48Z</time>
      </trkpt>
      <trkpt lat="43.266549" lon="-1.623487">
        <ele>542.342</ele>
        <time>2020-08-09T11:27:52Z</time>
      </trkpt>
      <trkpt lat="43.266504" lon="-1.623469">
        <ele>541.157</ele>
        <time>2020-08-09T11:27:57Z</time>
      </trkpt>
      <trkpt lat="43.266460" lon="-1.623452">
        <ele>539.622</ele>
        <time>2020-08-09T11:28:02Z</time>
      </trkpt>
      <trkpt lat="43.266416" lon="-1.623437">
        <ele>538.091</ele>
        <time>2020-08-09T11:28:06Z</time>
      </trkpt>
      <trkpt lat="43.266375" lon="-1.623398">
        <ele>536.781</ele>
        <time>2020-08-09T11:28:12Z</time>
      </trkpt>
      <trkpt lat="43.266331" lon="-1.623380">
        <ele>535.719</ele>
        <time>2020-08-09T11:28:19Z</time>
      </trkpt>
      <trkpt lat="43.266284" lon="-1.623354">
        <ele>534.708</ele>
        <time>2020-08-09T11:28:25Z</time>
      </trkpt>
      <trkpt lat="43.266233" lon="-1.623351">
        <ele>533.734</ele>
        <time>2020-08-09T11:28:29Z</time>
      </trkpt>
      <trkpt lat="43.266182" lon="-1.623336">
        <ele>532.453</ele>
        <time>2020-08-09T11:28:34Z</time>
      </trkpt>
      <trkpt lat="43.266135" lon="-1.623335">
        <ele>530.932</ele>
        <time>2020-08-09T11:28:42Z</time>
      </trkpt>
      <trkpt lat="43.266086" lon="-1.623367">
        <ele>530.231</ele>
        <time>2020-08-09T11:29:01Z</time>
      </trkpt>
      <trkpt lat="43.266039" lon="-1.623348">
        <ele>529.615</ele>
        <time>2020-08-09T11:29:06Z</time>
      </trkpt>
      <trkpt lat="43.265991" lon="-1.623340">
        <ele>529.022</ele>
        <time>2020-08-09T11:29:11Z</time>
      </trkpt>
      <trkpt lat="43.265946" lon="-1.623330">
        <ele>528.537</ele>
        <time>2020-08-09T11:29:17Z</time>
      </trkpt>
      <trkpt lat="43.265902" lon="-1.623310">
        <ele>527.142</ele>
        <time>2020-08-09T11:29:43Z</time>
      </trkpt>
      <trkpt lat="43.265862" lon="-1.623282">
        <ele>526.143</ele>
        <time>2020-08-09T11:29:50Z</time>
      </trkpt>
      <trkpt lat="43.265817" lon="-1.623297">
        <ele>525.464</ele>
        <time>2020-08-09T11:29:56Z</time>
      </trkpt>
      <trkpt lat="43.265771" lon="-1.623311">
        <ele>524.910</ele>
        <time>2020-08-09T11:30:01Z</time>
      </trkpt>
      <trkpt lat="43.265730" lon="-1.623341">
        <ele>524.408</ele>
        <time>2020-08-09T11:30:08Z</time>
      </trkpt>
      <trkpt lat="43.265702" lon="-1.623285">
        <ele>523.819</ele>
        <time>2020-08-09T11:30:15Z</time>
      </trkpt>
      <trkpt lat="43.265653" lon="-1.623276">
        <ele>522.658</ele>
        <time>2020-08-09T11:30:23Z</time>
      </trkpt>
      <trkpt lat="43.265617" lon="-1.623239">
        <ele>521.217</ele>
        <time>2020-08-09T11:30:39Z</time>
      </trkpt>
      <trkpt lat="43.265569" lon="-1.623223">
        <ele>520.076</ele>
        <time>2020-08-09T11:30:44Z</time>
      </trkpt>
      <trkpt lat="43.265522" lon="-1.623219">
        <ele>517.410</ele>
        <time>2020-08-09T11:30:57Z</time>
      </trkpt>
      <trkpt lat="43.265522" lon="-1.623219">
        <ele>517.417</ele>
        <time>2020-08-09T11:30:57Z</time>
      </trkpt>
      <trkpt lat="43.265474" lon="-1.623234">
        <ele>516.082</ele>
        <time>2020-08-09T11:31:08Z</time>
      </trkpt>
      <trkpt lat="43.265427" lon="-1.623227">
        <ele>514.847</ele>
        <time>2020-08-09T11:31:15Z</time>
      </trkpt>
      <trkpt lat="43.265384" lon="-1.623246">
        <ele>513.665</ele>
        <time>2020-08-09T11:31:25Z</time>
      </trkpt>
      <trkpt lat="43.265339" lon="-1.623273">
        <ele>512.168</ele>
        <time>2020-08-09T11:31:39Z</time>
      </trkpt>
      <trkpt lat="43.265292" lon="-1.623239">
        <ele>510.314</ele>
        <time>2020-08-09T11:31:48Z</time>
      </trkpt>
      <trkpt lat="43.265251" lon="-1.623206">
        <ele>508.808</ele>
        <time>2020-08-09T11:31:54Z</time>
      </trkpt>
      <trkpt lat="43.265209" lon="-1.623175">
        <ele>507.841</ele>
        <time>2020-08-09T11:31:59Z</time>
      </trkpt>
      <trkpt lat="43.265161" lon="-1.623157">
        <ele>506.960</ele>
        <time>2020-08-09T11:32:05Z</time>
      </trkpt>
      <trkpt lat="43.265109" lon="-1.623168">
        <ele>505.599</ele>
        <time>2020-08-09T11:32:12Z</time>
      </trkpt>
      <trkpt lat="43.265075" lon="-1.623114">
        <ele>504.058</ele>
        <time>2020-08-09T11:32:18Z</time>
      </trkpt>
      <trkpt lat="43.265044" lon="-1.623066">
        <ele>502.592</ele>
        <time>2020-08-09T11:32:23Z</time>
      </trkpt>
      <trkpt lat="43.265013" lon="-1.623020">
        <ele>500.869</ele>
        <time>2020-08-09T11:32:33Z</time>
      </trkpt>
      <trkpt lat="43.264984" lon="-1.622964">
        <ele>499.154</ele>
        <time>2020-08-09T11:32:39Z</time>
      </trkpt>
      <trkpt lat="43.264969" lon="-1.622901">
        <ele>497.539</ele>
        <time>2020-08-09T11:32:45Z</time>
      </trkpt>
      <trkpt lat="43.264976" lon="-1.622840">
        <ele>496.125</ele>
        <time>2020-08-09T11:32:51Z</time>
      </trkpt>
      <trkpt lat="43.264927" lon="-1.622823">
        <ele>494.626</ele>
        <time>2020-08-09T11:33:04Z</time>
      </trkpt>
      <trkpt lat="43.264892" lon="-1.622782">
        <ele>493.508</ele>
        <time>2020-08-09T11:33:09Z</time>
      </trkpt>
      <trkpt lat="43.264855" lon="-1.622742">
        <ele>492.308</ele>
        <time>2020-08-09T11:33:22Z</time>
      </trkpt>
      <trkpt lat="43.264814" lon="-1.622714">
        <ele>491.337</ele>
        <time>2020-08-09T11:33:28Z</time>
      </trkpt>
      <trkpt lat="43.264782" lon="-1.622662">
        <ele>490.456</ele>
        <time>2020-08-09T11:33:37Z</time>
      </trkpt>
      <trkpt lat="43.264737" lon="-1.622632">
        <ele>489.375</ele>
        <time>2020-08-09T11:33:45Z</time>
      </trkpt>
      <trkpt lat="43.264694" lon="-1.622608">
        <ele>488.364</ele>
        <time>2020-08-09T11:33:53Z</time>
      </trkpt>
      <trkpt lat="43.264665" lon="-1.622554">
        <ele>487.558</ele>
        <time>2020-08-09T11:33:59Z</time>
      </trkpt>
      <trkpt lat="43.264642" lon="-1.622492">
        <ele>486.995</ele>
        <time>2020-08-09T11:34:04Z</time>
      </trkpt>
      <trkpt lat="43.264606" lon="-1.622447">
        <ele>486.390</ele>
        <time>2020-08-09T11:34:10Z</time>
      </trkpt>
      <trkpt lat="43.264560" lon="-1.622420">
        <ele>485.785</ele>
        <time>2020-08-09T11:34:14Z</time>
      </trkpt>
      <trkpt lat="43.264514" lon="-1.622404">
        <ele>485.161</ele>
        <time>2020-08-09T11:34:19Z</time>
      </trkpt>
      <trkpt lat="43.264475" lon="-1.622366">
        <ele>484.621</ele>
        <time>2020-08-09T11:34:24Z</time>
      </trkpt>
      <trkpt lat="43.264435" lon="-1.622331">
        <ele>484.113</ele>
        <time>2020-08-09T11:34:28Z</time>
      </trkpt>
      <trkpt lat="43.264395" lon="-1.622301">
        <ele>483.708</ele>
        <time>2020-08-09T11:34:31Z</time>
      </trkpt>
      <trkpt lat="43.264347" lon="-1.622288">
        <ele>483.131</ele>
        <time>2020-08-09T11:34:38Z</time>
      </trkpt>
      <trkpt lat="43.264312" lon="-1.622240">
        <ele>482.750</ele>
        <time>2020-08-09T11:34:44Z</time>
      </trkpt>
      <trkpt lat="43.264280" lon="-1.622188">
        <ele>482.369</ele>
        <time>2020-08-09T11:34:50Z</time>
      </trkpt>
      <trkpt lat="43.264242" lon="-1.622153">
        <ele>481.778</ele>
        <time>2020-08-09T11:34:56Z</time>
      </trkpt>
      <trkpt lat="43.264191" lon="-1.622117">
        <ele>481.152</ele>
        <time>2020-08-09T11:35:00Z</time>
      </trkpt>
      <trkpt lat="43.264148" lon="-1.622087">
        <ele>480.439</ele>
        <time>2020-08-09T11:35:04Z</time>
      </trkpt>
      <trkpt lat="43.264098" lon="-1.622076">
        <ele>480.254</ele>
        <time>2020-08-09T11:35:09Z</time>
      </trkpt>
      <trkpt lat="43.264054" lon="-1.622058">
        <ele>479.739</ele>
        <time>2020-08-09T11:35:12Z</time>
      </trkpt>
      <trkpt lat="43.264004" lon="-1.622024">
        <ele>479.324</ele>
        <time>2020-08-09T11:35:16Z</time>
      </trkpt>
      <trkpt lat="43.263959" lon="-1.622006">
        <ele>478.904</ele>
        <time>2020-08-09T11:35:20Z</time>
      </trkpt>
      <trkpt lat="43.263911" lon="-1.621974">
        <ele>478.714</ele>
        <time>2020-08-09T11:35:24Z</time>
      </trkpt>
      <trkpt lat="43.263872" lon="-1.621930">
        <ele>478.408</ele>
        <time>2020-08-09T11:35:29Z</time>
      </trkpt>
      <trkpt lat="43.263835" lon="-1.621893">
        <ele>478.067</ele>
        <time>2020-08-09T11:35:33Z</time>
      </trkpt>
      <trkpt lat="43.263792" lon="-1.621868">
        <ele>477.616</ele>
        <time>2020-08-09T11:35:38Z</time>
      </trkpt>
      <trkpt lat="43.263749" lon="-1.621844">
        <ele>477.235</ele>
        <time>2020-08-09T11:35:42Z</time>
      </trkpt>
      <trkpt lat="43.263704" lon="-1.621821">
        <ele>476.794</ele>
        <time>2020-08-09T11:35:46Z</time>
      </trkpt>
      <trkpt lat="43.263662" lon="-1.621799">
        <ele>475.818</ele>
        <time>2020-08-09T11:35:49Z</time>
      </trkpt>
      <trkpt lat="43.263613" lon="-1.621783">
        <ele>475.235</ele>
        <time>2020-08-09T11:35:53Z</time>
      </trkpt>
      <trkpt lat="43.263567" lon="-1.621765">
        <ele>474.550</ele>
        <time>2020-08-09T11:35:57Z</time>
      </trkpt>
      <trkpt lat="43.263526" lon="-1.621737">
        <ele>473.685</ele>
        <time>2020-08-09T11:36:01Z</time>
      </trkpt>
      <trkpt lat="43.263476" lon="-1.621717">
        <ele>472.356</ele>
        <time>2020-08-09T11:36:06Z</time>
      </trkpt>
      <trkpt lat="43.263429" lon="-1.621710">
        <ele>470.959</ele>
        <time>2020-08-09T11:36:12Z</time>
      </trkpt>
      <trkpt lat="43.263398" lon="-1.621664">
        <ele>469.514</ele>
        <time>2020-08-09T11:36:23Z</time>
      </trkpt>
      <trkpt lat="43.263364" lon="-1.621614">
        <ele>468.608</ele>
        <time>2020-08-09T11:36:31Z</time>
      </trkpt>
      <trkpt lat="43.263314" lon="-1.621592">
        <ele>468.170</ele>
        <time>2020-08-09T11:36:40Z</time>
      </trkpt>
      <trkpt lat="43.263280" lon="-1.621549">
        <ele>467.749</ele>
        <time>2020-08-09T11:36:47Z</time>
      </trkpt>
      <trkpt lat="43.263241" lon="-1.621509">
        <ele>467.448</ele>
        <time>2020-08-09T11:36:53Z</time>
      </trkpt>
      <trkpt lat="43.263215" lon="-1.621452">
        <ele>467.267</ele>
        <time>2020-08-09T11:36:59Z</time>
      </trkpt>
      <trkpt lat="43.263185" lon="-1.621392">
        <ele>466.791</ele>
        <time>2020-08-09T11:37:07Z</time>
      </trkpt>
      <trkpt lat="43.263140" lon="-1.621381">
        <ele>466.238</ele>
        <time>2020-08-09T11:37:15Z</time>
      </trkpt>
      <trkpt lat="43.263118" lon="-1.621322">
        <ele>465.293</ele>
        <time>2020-08-09T11:37:31Z</time>
      </trkpt>
      <trkpt lat="43.263082" lon="-1.621282">
        <ele>464.168</ele>
        <time>2020-08-09T11:37:38Z</time>
      </trkpt>
      <trkpt lat="43.263044" lon="-1.621246">
        <ele>463.383</ele>
        <time>2020-08-09T11:37:47Z</time>
      </trkpt>
      <trkpt lat="43.263003" lon="-1.621208">
        <ele>462.325</ele>
        <time>2020-08-09T11:37:53Z</time>
      </trkpt>
      <trkpt lat="43.262968" lon="-1.621166">
        <ele>461.417</ele>
        <time>2020-08-09T11:37:58Z</time>
      </trkpt>
      <trkpt lat="43.262920" lon="-1.621147">
        <ele>461.008</ele>
        <time>2020-08-09T11:38:33Z</time>
      </trkpt>
      <trkpt lat="43.262883" lon="-1.621112">
        <ele>460.733</ele>
        <time>2020-08-09T11:38:38Z</time>
      </trkpt>
      <trkpt lat="43.262848" lon="-1.621060">
        <ele>460.362</ele>
        <time>2020-08-09T11:38:42Z</time>
      </trkpt>
      <trkpt lat="43.262813" lon="-1.621016">
        <ele>460.371</ele>
        <time>2020-08-09T11:38:49Z</time>
      </trkpt>
      <trkpt lat="43.262769" lon="-1.620986">
        <ele>460.030</ele>
        <time>2020-08-09T11:38:57Z</time>
      </trkpt>
      <trkpt lat="43.262737" lon="-1.620937">
        <ele>459.564</ele>
        <time>2020-08-09T11:39:03Z</time>
      </trkpt>
      <trkpt lat="43.262709" lon="-1.620885">
        <ele>459.031</ele>
        <time>2020-08-09T11:39:07Z</time>
      </trkpt>
      <trkpt lat="43.262670" lon="-1.620842">
        <ele>458.226</ele>
        <time>2020-08-09T11:39:13Z</time>
      </trkpt>
      <trkpt lat="43.262630" lon="-1.620810">
        <ele>456.981</ele>
        <time>2020-08-09T11:39:24Z</time>
      </trkpt>
      <trkpt lat="43.262585" lon="-1.620813">
        <ele>455.555</ele>
        <time>2020-08-09T11:39:34Z</time>
      </trkpt>
      <trkpt lat="43.262534" lon="-1.620799">
        <ele>454.007</ele>
        <time>2020-08-09T11:39:41Z</time>
      </trkpt>
      <trkpt lat="43.262492" lon="-1.620761">
        <ele>452.417</ele>
        <time>2020-08-09T11:39:47Z</time>
      </trkpt>
      <trkpt lat="43.262464" lon="-1.620706">
        <ele>451.108</ele>
        <time>2020-08-09T11:39:52Z</time>
      </trkpt>
      <trkpt lat="43.262447" lon="-1.620640">
        <ele>449.910</ele>
        <time>2020-08-09T11:39:56Z</time>
      </trkpt>
      <trkpt lat="43.262431" lon="-1.620579">
        <ele>448.819</ele>
        <time>2020-08-09T11:40:01Z</time>
      </trkpt>
      <trkpt lat="43.262434" lon="-1.620514">
        <ele>447.998</ele>
        <time>2020-08-09T11:40:06Z</time>
      </trkpt>
      <trkpt lat="43.262441" lon="-1.620453">
        <ele>446.787</ele>
        <time>2020-08-09T11:40:28Z</time>
      </trkpt>
      <trkpt lat="43.262407" lon="-1.620401">
        <ele>445.561</ele>
        <time>2020-08-09T11:40:46Z</time>
      </trkpt>
      <trkpt lat="43.262365" lon="-1.620366">
        <ele>444.688</ele>
        <time>2020-08-09T11:40:50Z</time>
      </trkpt>
      <trkpt lat="43.262320" lon="-1.620333">
        <ele>444.173</ele>
        <time>2020-08-09T11:40:54Z</time>
      </trkpt>
      <trkpt lat="43.262283" lon="-1.620290">
        <ele>443.718</ele>
        <time>2020-08-09T11:40:58Z</time>
      </trkpt>
      <trkpt lat="43.262235" lon="-1.620256">
        <ele>443.076</ele>
        <time>2020-08-09T11:41:04Z</time>
      </trkpt>
      <trkpt lat="43.262203" lon="-1.620210">
        <ele>442.690</ele>
        <time>2020-08-09T11:41:12Z</time>
      </trkpt>
      <trkpt lat="43.262166" lon="-1.620173">
        <ele>442.519</ele>
        <time>2020-08-09T11:41:18Z</time>
      </trkpt>
      <trkpt lat="43.262124" lon="-1.620144">
        <ele>442.308</ele>
        <time>2020-08-09T11:41:23Z</time>
      </trkpt>
      <trkpt lat="43.262089" lon="-1.620094">
        <ele>442.222</ele>
        <time>2020-08-09T11:41:28Z</time>
      </trkpt>
      <trkpt lat="43.262043" lon="-1.620073">
        <ele>442.091</ele>
        <time>2020-08-09T11:41:39Z</time>
      </trkpt>
      <trkpt lat="43.262003" lon="-1.620105">
        <ele>442.010</ele>
        <time>2020-08-09T11:42:01Z</time>
      </trkpt>
      <trkpt lat="43.261990" lon="-1.620164">
        <ele>441.669</ele>
        <time>2020-08-09T11:42:50Z</time>
      </trkpt>
      <trkpt lat="43.261997" lon="-1.620228">
        <ele>441.393</ele>
        <time>2020-08-09T11:43:35Z</time>
      </trkpt>
      <trkpt lat="43.262026" lon="-1.620276">
        <ele>440.520</ele>
        <time>2020-08-09T11:43:45Z</time>
      </trkpt>
      <trkpt lat="43.262043" lon="-1.620344">
        <ele>439.795</ele>
        <time>2020-08-09T11:43:50Z</time>
      </trkpt>
      <trkpt lat="43.262053" lon="-1.620407">
        <ele>439.470</ele>
        <time>2020-08-09T11:43:55Z</time>
      </trkpt>
      <trkpt lat="43.262070" lon="-1.620467">
        <ele>439.748</ele>
        <time>2020-08-09T11:43:59Z</time>
      </trkpt>
      <trkpt lat="43.262100" lon="-1.620520">
        <ele>439.861</ele>
        <time>2020-08-09T11:44:04Z</time>
      </trkpt>
      <trkpt lat="43.262096" lon="-1.620585">
        <ele>440.017</ele>
        <time>2020-08-09T11:44:09Z</time>
      </trkpt>
      <trkpt lat="43.262103" lon="-1.620656">
        <ele>440.208</ele>
        <time>2020-08-09T11:44:15Z</time>
      </trkpt>
      <trkpt lat="43.262128" lon="-1.620716">
        <ele>440.099</ele>
        <time>2020-08-09T11:44:20Z</time>
      </trkpt>
      <trkpt lat="43.262153" lon="-1.620770">
        <ele>439.598</ele>
        <time>2020-08-09T11:44:24Z</time>
      </trkpt>
      <trkpt lat="43.262172" lon="-1.620832">
        <ele>438.787</ele>
        <time>2020-08-09T11:44:28Z</time>
      </trkpt>
      <trkpt lat="43.262194" lon="-1.620904">
        <ele>438.246</ele>
        <time>2020-08-09T11:44:32Z</time>
      </trkpt>
      <trkpt lat="43.262216" lon="-1.620966">
        <ele>437.980</ele>
        <time>2020-08-09T11:44:36Z</time>
      </trkpt>
      <trkpt lat="43.262241" lon="-1.621024">
        <ele>437.737</ele>
        <time>2020-08-09T11:44:40Z</time>
      </trkpt>
      <trkpt lat="43.262264" lon="-1.621084">
        <ele>437.492</ele>
        <time>2020-08-09T11:44:44Z</time>
      </trkpt>
      <trkpt lat="43.262286" lon="-1.621147">
        <ele>437.277</ele>
        <time>2020-08-09T11:44:49Z</time>
      </trkpt>
      <trkpt lat="43.262298" lon="-1.621209">
        <ele>437.486</ele>
        <time>2020-08-09T11:44:54Z</time>
      </trkpt>
      <trkpt lat="43.262319" lon="-1.621272">
        <ele>437.660</ele>
        <time>2020-08-09T11:44:59Z</time>
      </trkpt>
      <trkpt lat="43.262346" lon="-1.621332">
        <ele>437.826</ele>
        <time>2020-08-09T11:45:04Z</time>
      </trkpt>
      <trkpt lat="43.262367" lon="-1.621390">
        <ele>438.208</ele>
        <time>2020-08-09T11:45:09Z</time>
      </trkpt>
      <trkpt lat="43.262395" lon="-1.621449">
        <ele>438.573</ele>
        <time>2020-08-09T11:45:15Z</time>
      </trkpt>
      <trkpt lat="43.262435" lon="-1.621498">
        <ele>438.872</ele>
        <time>2020-08-09T11:45:21Z</time>
      </trkpt>
      <trkpt lat="43.262455" lon="-1.621558">
        <ele>439.051</ele>
        <time>2020-08-09T11:45:25Z</time>
      </trkpt>
      <trkpt lat="43.262475" lon="-1.621618">
        <ele>439.430</ele>
        <time>2020-08-09T11:45:29Z</time>
      </trkpt>
      <trkpt lat="43.262491" lon="-1.621685">
        <ele>439.954</ele>
        <time>2020-08-09T11:45:34Z</time>
      </trkpt>
      <trkpt lat="43.262521" lon="-1.621733">
        <ele>441.071</ele>
        <time>2020-08-09T11:46:20Z</time>
      </trkpt>
      <trkpt lat="43.262520" lon="-1.621803">
        <ele>441.526</ele>
        <time>2020-08-09T11:46:30Z</time>
      </trkpt>
      <trkpt lat="43.262510" lon="-1.621868">
        <ele>441.831</ele>
        <time>2020-08-09T11:46:36Z</time>
      </trkpt>
      <trkpt lat="43.262514" lon="-1.621933">
        <ele>441.947</ele>
        <time>2020-08-09T11:46:41Z</time>
      </trkpt>
      <trkpt lat="43.262520" lon="-1.622001">
        <ele>441.729</ele>
        <time>2020-08-09T11:46:47Z</time>
      </trkpt>
      <trkpt lat="43.262532" lon="-1.622064">
        <ele>441.621</ele>
        <time>2020-08-09T11:46:52Z</time>
      </trkpt>
      <trkpt lat="43.262548" lon="-1.622124">
        <ele>441.408</ele>
        <time>2020-08-09T11:46:58Z</time>
      </trkpt>
      <trkpt lat="43.262572" lon="-1.622177">
        <ele>441.339</ele>
        <time>2020-08-09T11:47:08Z</time>
      </trkpt>
      <trkpt lat="43.262606" lon="-1.622220">
        <ele>441.538</ele>
        <time>2020-08-09T11:47:13Z</time>
      </trkpt>
      <trkpt lat="43.262642" lon="-1.622272">
        <ele>441.717</ele>
        <time>2020-08-09T11:47:17Z</time>
      </trkpt>
      <trkpt lat="43.262669" lon="-1.622329">
        <ele>441.876</ele>
        <time>2020-08-09T11:47:20Z</time>
      </trkpt>
      <trkpt lat="43.262697" lon="-1.622379">
        <ele>441.670</ele>
        <time>2020-08-09T11:47:25Z</time>
      </trkpt>
      <trkpt lat="43.262727" lon="-1.622425">
        <ele>441.347</ele>
        <time>2020-08-09T11:47:29Z</time>
      </trkpt>
      <trkpt lat="43.262757" lon="-1.622477">
        <ele>440.952</ele>
        <time>2020-08-09T11:47:33Z</time>
      </trkpt>
      <trkpt lat="43.262787" lon="-1.622533">
        <ele>440.367</ele>
        <time>2020-08-09T11:47:37Z</time>
      </trkpt>
      <trkpt lat="43.262810" lon="-1.622590">
        <ele>439.673</ele>
        <time>2020-08-09T11:47:43Z</time>
      </trkpt>
      <trkpt lat="43.262833" lon="-1.622645">
        <ele>439.985</ele>
        <time>2020-08-09T11:47:49Z</time>
      </trkpt>
      <trkpt lat="43.262867" lon="-1.622707">
        <ele>440.613</ele>
        <time>2020-08-09T11:47:55Z</time>
      </trkpt>
      <trkpt lat="43.262905" lon="-1.622766">
        <ele>441.308</ele>
        <time>2020-08-09T11:48:00Z</time>
      </trkpt>
      <trkpt lat="43.262945" lon="-1.622797">
        <ele>441.922</ele>
        <time>2020-08-09T11:48:04Z</time>
      </trkpt>
      <trkpt lat="43.262988" lon="-1.622829">
        <ele>442.391</ele>
        <time>2020-08-09T11:48:08Z</time>
      </trkpt>
      <trkpt lat="43.263032" lon="-1.622857">
        <ele>442.680</ele>
        <time>2020-08-09T11:48:12Z</time>
      </trkpt>
      <trkpt lat="43.263073" lon="-1.622884">
        <ele>442.919</ele>
        <time>2020-08-09T11:48:17Z</time>
      </trkpt>
      <trkpt lat="43.263120" lon="-1.622909">
        <ele>443.223</ele>
        <time>2020-08-09T11:48:21Z</time>
      </trkpt>
      <trkpt lat="43.263168" lon="-1.622932">
        <ele>443.740</ele>
        <time>2020-08-09T11:48:26Z</time>
      </trkpt>
      <trkpt lat="43.263212" lon="-1.622963">
        <ele>444.675</ele>
        <time>2020-08-09T11:48:31Z</time>
      </trkpt>
      <trkpt lat="43.263262" lon="-1.622995">
        <ele>445.860</ele>
        <time>2020-08-09T11:48:36Z</time>
      </trkpt>
      <trkpt lat="43.263317" lon="-1.623014">
        <ele>447.242</ele>
        <time>2020-08-09T11:48:40Z</time>
      </trkpt>
      <trkpt lat="43.263368" lon="-1.623029">
        <ele>448.322</ele>
        <time>2020-08-09T11:48:44Z</time>
      </trkpt>
      <trkpt lat="43.263418" lon="-1.623049">
        <ele>449.414</ele>
        <time>2020-08-09T11:48:48Z</time>
      </trkpt>
      <trkpt lat="43.263469" lon="-1.623071">
        <ele>450.308</ele>
        <time>2020-08-09T11:48:52Z</time>
      </trkpt>
      <trkpt lat="43.263516" lon="-1.623074">
        <ele>451.079</ele>
        <time>2020-08-09T11:48:56Z</time>
      </trkpt>
      <trkpt lat="43.263567" lon="-1.623089">
        <ele>451.568</ele>
        <time>2020-08-09T11:49:02Z</time>
      </trkpt>
      <trkpt lat="43.263612" lon="-1.623118">
        <ele>451.767</ele>
        <time>2020-08-09T11:49:06Z</time>
      </trkpt>
      <trkpt lat="43.263660" lon="-1.623141">
        <ele>451.756</ele>
        <time>2020-08-09T11:49:10Z</time>
      </trkpt>
      <trkpt lat="43.263710" lon="-1.623158">
        <ele>451.770</ele>
        <time>2020-08-09T11:49:14Z</time>
      </trkpt>
      <trkpt lat="43.263750" lon="-1.623185">
        <ele>451.617</ele>
        <time>2020-08-09T11:49:19Z</time>
      </trkpt>
      <trkpt lat="43.263790" lon="-1.623237">
        <ele>451.622</ele>
        <time>2020-08-09T11:49:24Z</time>
      </trkpt>
      <trkpt lat="43.263816" lon="-1.623294">
        <ele>451.417</ele>
        <time>2020-08-09T11:49:31Z</time>
      </trkpt>
      <trkpt lat="43.263820" lon="-1.623361">
        <ele>451.151</ele>
        <time>2020-08-09T11:49:35Z</time>
      </trkpt>
      <trkpt lat="43.263811" lon="-1.623422">
        <ele>450.601</ele>
        <time>2020-08-09T11:49:39Z</time>
      </trkpt>
      <trkpt lat="43.263798" lon="-1.623482">
        <ele>450.011</ele>
        <time>2020-08-09T11:49:44Z</time>
      </trkpt>
      <trkpt lat="43.263790" lon="-1.623544">
        <ele>449.308</ele>
        <time>2020-08-09T11:49:48Z</time>
      </trkpt>
      <trkpt lat="43.263789" lon="-1.623606">
        <ele>448.550</ele>
        <time>2020-08-09T11:49:52Z</time>
      </trkpt>
      <trkpt lat="43.263791" lon="-1.623681">
        <ele>447.869</ele>
        <time>2020-08-09T11:49:57Z</time>
      </trkpt>
      <trkpt lat="43.263812" lon="-1.623738">
        <ele>447.178</ele>
        <time>2020-08-09T11:50:02Z</time>
      </trkpt>
      <trkpt lat="43.263826" lon="-1.623801">
        <ele>446.477</ele>
        <time>2020-08-09T11:50:09Z</time>
      </trkpt>
      <trkpt lat="43.263841" lon="-1.623872">
        <ele>445.841</ele>
        <time>2020-08-09T11:50:13Z</time>
      </trkpt>
      <trkpt lat="43.263865" lon="-1.623935">
        <ele>445.388</ele>
        <time>2020-08-09T11:50:16Z</time>
      </trkpt>
      <trkpt lat="43.263896" lon="-1.623989">
        <ele>444.923</ele>
        <time>2020-08-09T11:50:19Z</time>
      </trkpt>
      <trkpt lat="43.263932" lon="-1.624040">
        <ele>444.418</ele>
        <time>2020-08-09T11:50:22Z</time>
      </trkpt>
      <trkpt lat="43.263970" lon="-1.624083">
        <ele>443.636</ele>
        <time>2020-08-09T11:50:26Z</time>
      </trkpt>
      <trkpt lat="43.264017" lon="-1.624111">
        <ele>443.017</ele>
        <time>2020-08-09T11:50:31Z</time>
      </trkpt>
      <trkpt lat="43.264060" lon="-1.624144">
        <ele>442.918</ele>
        <time>2020-08-09T11:50:36Z</time>
      </trkpt>
      <trkpt lat="43.264094" lon="-1.624189">
        <ele>443.008</ele>
        <time>2020-08-09T11:50:40Z</time>
      </trkpt>
      <trkpt lat="43.264127" lon="-1.624232">
        <ele>443.278</ele>
        <time>2020-08-09T11:50:43Z</time>
      </trkpt>
      <trkpt lat="43.264158" lon="-1.624294">
        <ele>443.357</ele>
        <time>2020-08-09T11:50:48Z</time>
      </trkpt>
      <trkpt lat="43.264165" lon="-1.624359">
        <ele>443.216</ele>
        <time>2020-08-09T11:50:52Z</time>
      </trkpt>
      <trkpt lat="43.264152" lon="-1.624423">
        <ele>443.035</ele>
        <time>2020-08-09T11:50:57Z</time>
      </trkpt>
      <trkpt lat="43.264126" lon="-1.624482">
        <ele>442.839</ele>
        <time>2020-08-09T11:51:03Z</time>
      </trkpt>
      <trkpt lat="43.264093" lon="-1.624531">
        <ele>442.896</ele>
        <time>2020-08-09T11:51:08Z</time>
      </trkpt>
      <trkpt lat="43.264052" lon="-1.624573">
        <ele>443.041</ele>
        <time>2020-08-09T11:51:14Z</time>
      </trkpt>
      <trkpt lat="43.264012" lon="-1.624616">
        <ele>443.136</ele>
        <time>2020-08-09T11:51:19Z</time>
      </trkpt>
      <trkpt lat="43.263971" lon="-1.624653">
        <ele>443.439</ele>
        <time>2020-08-09T11:51:24Z</time>
      </trkpt>
      <trkpt lat="43.263939" lon="-1.624702">
        <ele>443.601</ele>
        <time>2020-08-09T11:51:28Z</time>
      </trkpt>
      <trkpt lat="43.263902" lon="-1.624755">
        <ele>444.021</ele>
        <time>2020-08-09T11:51:32Z</time>
      </trkpt>
      <trkpt lat="43.263870" lon="-1.624809">
        <ele>444.308</ele>
        <time>2020-08-09T11:51:36Z</time>
      </trkpt>
      <trkpt lat="43.263836" lon="-1.624858">
        <ele>444.698</ele>
        <time>2020-08-09T11:51:39Z</time>
      </trkpt>
      <trkpt lat="43.263809" lon="-1.624918">
        <ele>444.967</ele>
        <time>2020-08-09T11:51:43Z</time>
      </trkpt>
      <trkpt lat="43.263781" lon="-1.624979">
        <ele>445.156</ele>
        <time>2020-08-09T11:51:47Z</time>
      </trkpt>
      <trkpt lat="43.263756" lon="-1.625036">
        <ele>445.465</ele>
        <time>2020-08-09T11:51:52Z</time>
      </trkpt>
      <trkpt lat="43.263731" lon="-1.625094">
        <ele>445.649</ele>
        <time>2020-08-09T11:51:57Z</time>
      </trkpt>
      <trkpt lat="43.263697" lon="-1.625158">
        <ele>445.886</ele>
        <time>2020-08-09T11:52:02Z</time>
      </trkpt>
      <trkpt lat="43.263666" lon="-1.625214">
        <ele>445.781</ele>
        <time>2020-08-09T11:52:07Z</time>
      </trkpt>
      <trkpt lat="43.263625" lon="-1.625264">
        <ele>445.876</ele>
        <time>2020-08-09T11:52:12Z</time>
      </trkpt>
      <trkpt lat="43.263588" lon="-1.625304">
        <ele>445.684</ele>
        <time>2020-08-09T11:52:16Z</time>
      </trkpt>
      <trkpt lat="43.263562" lon="-1.625357">
        <ele>445.407</ele>
        <time>2020-08-09T11:52:20Z</time>
      </trkpt>
      <trkpt lat="43.263549" lon="-1.625421">
        <ele>445.217</ele>
        <time>2020-08-09T11:52:24Z</time>
      </trkpt>
      <trkpt lat="43.263526" lon="-1.625480">
        <ele>444.808</ele>
        <time>2020-08-09T11:52:28Z</time>
      </trkpt>
      <trkpt lat="43.263510" lon="-1.625541">
        <ele>444.423</ele>
        <time>2020-08-09T11:52:31Z</time>
      </trkpt>
      <trkpt lat="43.263510" lon="-1.625603">
        <ele>443.872</ele>
        <time>2020-08-09T11:52:36Z</time>
      </trkpt>
      <trkpt lat="43.263519" lon="-1.625671">
        <ele>443.551</ele>
        <time>2020-08-09T11:52:40Z</time>
      </trkpt>
      <trkpt lat="43.263540" lon="-1.625735">
        <ele>443.360</ele>
        <time>2020-08-09T11:52:45Z</time>
      </trkpt>
      <trkpt lat="43.263571" lon="-1.625787">
        <ele>442.964</ele>
        <time>2020-08-09T11:52:52Z</time>
      </trkpt>
      <trkpt lat="43.263580" lon="-1.625857">
        <ele>442.561</ele>
        <time>2020-08-09T11:52:57Z</time>
      </trkpt>
      <trkpt lat="43.263569" lon="-1.625921">
        <ele>442.476</ele>
        <time>2020-08-09T11:53:02Z</time>
      </trkpt>
      <trkpt lat="43.263543" lon="-1.625981">
        <ele>442.471</ele>
        <time>2020-08-09T11:53:07Z</time>
      </trkpt>
      <trkpt lat="43.263522" lon="-1.626044">
        <ele>442.411</ele>
        <time>2020-08-09T11:53:11Z</time>
      </trkpt>
      <trkpt lat="43.263514" lon="-1.626109">
        <ele>442.421</ele>
        <time>2020-08-09T11:53:15Z</time>
      </trkpt>
      <trkpt lat="43.263497" lon="-1.626170">
        <ele>442.503</ele>
        <time>2020-08-09T11:53:19Z</time>
      </trkpt>
      <trkpt lat="43.263476" lon="-1.626233">
        <ele>442.208</ele>
        <time>2020-08-09T11:53:24Z</time>
      </trkpt>
      <trkpt lat="43.263466" lon="-1.626296">
        <ele>441.846</ele>
        <time>2020-08-09T11:53:29Z</time>
      </trkpt>
      <trkpt lat="43.263467" lon="-1.626364">
        <ele>441.695</ele>
        <time>2020-08-09T11:53:34Z</time>
      </trkpt>
      <trkpt lat="43.263456" lon="-1.626428">
        <ele>441.294</ele>
        <time>2020-08-09T11:53:38Z</time>
      </trkpt>
      <trkpt lat="43.263425" lon="-1.626485">
        <ele>440.663</ele>
        <time>2020-08-09T11:53:43Z</time>
      </trkpt>
      <trkpt lat="43.263395" lon="-1.626534">
        <ele>440.077</ele>
        <time>2020-08-09T11:53:47Z</time>
      </trkpt>
      <trkpt lat="43.263372" lon="-1.626589">
        <ele>439.254</ele>
        <time>2020-08-09T11:53:51Z</time>
      </trkpt>
      <trkpt lat="43.263351" lon="-1.626650">
        <ele>438.549</ele>
        <time>2020-08-09T11:53:56Z</time>
      </trkpt>
      <trkpt lat="43.263332" lon="-1.626731">
        <ele>437.554</ele>
        <time>2020-08-09T11:54:00Z</time>
      </trkpt>
      <trkpt lat="43.263347" lon="-1.626798">
        <ele>436.834</ele>
        <time>2020-08-09T11:54:04Z</time>
      </trkpt>
      <trkpt lat="43.263339" lon="-1.626868">
        <ele>436.555</ele>
        <time>2020-08-09T11:54:08Z</time>
      </trkpt>
      <trkpt lat="43.263321" lon="-1.626925">
        <ele>436.210</ele>
        <time>2020-08-09T11:54:12Z</time>
      </trkpt>
      <trkpt lat="43.263276" lon="-1.626991">
        <ele>435.908</ele>
        <time>2020-08-09T11:54:17Z</time>
      </trkpt>
      <trkpt lat="43.263234" lon="-1.627046">
        <ele>435.368</ele>
        <time>2020-08-09T11:54:22Z</time>
      </trkpt>
      <trkpt lat="43.263231" lon="-1.627112">
        <ele>434.757</ele>
        <time>2020-08-09T11:54:26Z</time>
      </trkpt>
      <trkpt lat="43.263241" lon="-1.627176">
        <ele>434.456</ele>
        <time>2020-08-09T11:54:29Z</time>
      </trkpt>
      <trkpt lat="43.263245" lon="-1.627248">
        <ele>434.185</ele>
        <time>2020-08-09T11:54:33Z</time>
      </trkpt>
      <trkpt lat="43.263240" lon="-1.627310">
        <ele>433.599</ele>
        <time>2020-08-09T11:54:38Z</time>
      </trkpt>
      <trkpt lat="43.263228" lon="-1.627372">
        <ele>432.816</ele>
        <time>2020-08-09T11:54:44Z</time>
      </trkpt>
      <trkpt lat="43.263210" lon="-1.627440">
        <ele>432.141</ele>
        <time>2020-08-09T11:54:49Z</time>
      </trkpt>
      <trkpt lat="43.263204" lon="-1.627509">
        <ele>431.346</ele>
        <time>2020-08-09T11:54:54Z</time>
      </trkpt>
      <trkpt lat="43.263185" lon="-1.627572">
        <ele>430.732</ele>
        <time>2020-08-09T11:54:59Z</time>
      </trkpt>
      <trkpt lat="43.263184" lon="-1.627635">
        <ele>430.592</ele>
        <time>2020-08-09T11:55:03Z</time>
      </trkpt>
      <trkpt lat="43.263190" lon="-1.627711">
        <ele>430.311</ele>
        <time>2020-08-09T11:55:08Z</time>
      </trkpt>
      <trkpt lat="43.263200" lon="-1.627776">
        <ele>430.008</ele>
        <time>2020-08-09T11:55:12Z</time>
      </trkpt>
      <trkpt lat="43.263205" lon="-1.627844">
        <ele>429.828</ele>
        <time>2020-08-09T11:55:17Z</time>
      </trkpt>
      <trkpt lat="43.263209" lon="-1.627910">
        <ele>429.897</ele>
        <time>2020-08-09T11:55:22Z</time>
      </trkpt>
      <trkpt lat="43.263217" lon="-1.627974">
        <ele>429.846</ele>
        <time>2020-08-09T11:55:26Z</time>
      </trkpt>
      <trkpt lat="43.263213" lon="-1.628044">
        <ele>429.785</ele>
        <time>2020-08-09T11:55:30Z</time>
      </trkpt>
      <trkpt lat="43.263219" lon="-1.628117">
        <ele>429.579</ele>
        <time>2020-08-09T11:55:35Z</time>
      </trkpt>
      <trkpt lat="43.263236" lon="-1.628183">
        <ele>429.286</ele>
        <time>2020-08-09T11:55:39Z</time>
      </trkpt>
      <trkpt lat="43.263241" lon="-1.628252">
        <ele>428.921</ele>
        <time>2020-08-09T11:55:44Z</time>
      </trkpt>
      <trkpt lat="43.263238" lon="-1.628326">
        <ele>428.496</ele>
        <time>2020-08-09T11:55:49Z</time>
      </trkpt>
      <trkpt lat="43.263233" lon="-1.628393">
        <ele>428.075</ele>
        <time>2020-08-09T11:55:54Z</time>
      </trkpt>
      <trkpt lat="43.263223" lon="-1.628460">
        <ele>427.628</ele>
        <time>2020-08-09T11:55:57Z</time>
      </trkpt>
      <trkpt lat="43.263210" lon="-1.628523">
        <ele>427.420</ele>
        <time>2020-08-09T11:56:01Z</time>
      </trkpt>
      <trkpt lat="43.263174" lon="-1.628563">
        <ele>427.608</ele>
        <time>2020-08-09T11:56:09Z</time>
      </trkpt>
      <trkpt lat="43.263164" lon="-1.628625">
        <ele>428.112</ele>
        <time>2020-08-09T11:56:16Z</time>
      </trkpt>
      <trkpt lat="43.263178" lon="-1.628688">
        <ele>428.781</ele>
        <time>2020-08-09T11:56:22Z</time>
      </trkpt>
      <trkpt lat="43.263197" lon="-1.628749">
        <ele>429.760</ele>
        <time>2020-08-09T11:56:26Z</time>
      </trkpt>
      <trkpt lat="43.263198" lon="-1.628815">
        <ele>430.529</ele>
        <time>2020-08-09T11:56:30Z</time>
      </trkpt>
      <trkpt lat="43.263194" lon="-1.628882">
        <ele>431.243</ele>
        <time>2020-08-09T11:56:35Z</time>
      </trkpt>
      <trkpt lat="43.263205" lon="-1.628949">
        <ele>432.030</ele>
        <time>2020-08-09T11:56:41Z</time>
      </trkpt>
      <trkpt lat="43.263222" lon="-1.629009">
        <ele>432.665</ele>
        <time>2020-08-09T11:56:44Z</time>
      </trkpt>
      <trkpt lat="43.263248" lon="-1.629083">
        <ele>433.440</ele>
        <time>2020-08-09T11:56:49Z</time>
      </trkpt>
      <trkpt lat="43.263283" lon="-1.629148">
        <ele>434.264</ele>
        <time>2020-08-09T11:56:53Z</time>
      </trkpt>
      <trkpt lat="43.263323" lon="-1.629200">
        <ele>434.806</ele>
        <time>2020-08-09T11:56:58Z</time>
      </trkpt>
      <trkpt lat="43.263366" lon="-1.629238">
        <ele>435.216</ele>
        <time>2020-08-09T11:57:02Z</time>
      </trkpt>
      <trkpt lat="43.263413" lon="-1.629267">
        <ele>435.508</ele>
        <time>2020-08-09T11:57:06Z</time>
      </trkpt>
      <trkpt lat="43.263457" lon="-1.629307">
        <ele>435.571</ele>
        <time>2020-08-09T11:57:10Z</time>
      </trkpt>
      <trkpt lat="43.263494" lon="-1.629367">
        <ele>435.160</ele>
        <time>2020-08-09T11:57:14Z</time>
      </trkpt>
      <trkpt lat="43.263528" lon="-1.629421">
        <ele>434.589</ele>
        <time>2020-08-09T11:57:19Z</time>
      </trkpt>
      <trkpt lat="43.263560" lon="-1.629472">
        <ele>433.958</ele>
        <time>2020-08-09T11:57:23Z</time>
      </trkpt>
      <trkpt lat="43.263594" lon="-1.629534">
        <ele>433.212</ele>
        <time>2020-08-09T11:57:28Z</time>
      </trkpt>
      <trkpt lat="43.263646" lon="-1.629546">
        <ele>432.339</ele>
        <time>2020-08-09T11:57:33Z</time>
      </trkpt>
      <trkpt lat="43.263690" lon="-1.629580">
        <ele>431.544</ele>
        <time>2020-08-09T11:57:39Z</time>
      </trkpt>
      <trkpt lat="43.263741" lon="-1.629596">
        <ele>430.579</ele>
        <time>2020-08-09T11:57:46Z</time>
      </trkpt>
      <trkpt lat="43.263785" lon="-1.629626">
        <ele>429.722</ele>
        <time>2020-08-09T11:57:50Z</time>
      </trkpt>
      <trkpt lat="43.263825" lon="-1.629666">
        <ele>428.962</ele>
        <time>2020-08-09T11:57:53Z</time>
      </trkpt>
      <trkpt lat="43.263871" lon="-1.629710">
        <ele>428.108</ele>
        <time>2020-08-09T11:57:57Z</time>
      </trkpt>
      <trkpt lat="43.263910" lon="-1.629759">
        <ele>427.408</ele>
        <time>2020-08-09T11:58:01Z</time>
      </trkpt>
      <trkpt lat="43.263940" lon="-1.629810">
        <ele>427.097</ele>
        <time>2020-08-09T11:58:04Z</time>
      </trkpt>
      <trkpt lat="43.263980" lon="-1.629852">
        <ele>426.996</ele>
        <time>2020-08-09T11:58:08Z</time>
      </trkpt>
      <trkpt lat="43.264021" lon="-1.629880">
        <ele>426.895</ele>
        <time>2020-08-09T11:58:12Z</time>
      </trkpt>
      <trkpt lat="43.264062" lon="-1.629907">
        <ele>426.664</ele>
        <time>2020-08-09T11:58:16Z</time>
      </trkpt>
      <trkpt lat="43.264103" lon="-1.629941">
        <ele>426.518</ele>
        <time>2020-08-09T11:58:20Z</time>
      </trkpt>
      <trkpt lat="43.264146" lon="-1.629972">
        <ele>426.225</ele>
        <time>2020-08-09T11:58:24Z</time>
      </trkpt>
      <trkpt lat="43.264195" lon="-1.629988">
        <ele>425.830</ele>
        <time>2020-08-09T11:58:29Z</time>
      </trkpt>
      <trkpt lat="43.264240" lon="-1.629995">
        <ele>425.285</ele>
        <time>2020-08-09T11:58:33Z</time>
      </trkpt>
      <trkpt lat="43.264287" lon="-1.629997">
        <ele>424.318</ele>
        <time>2020-08-09T11:58:39Z</time>
      </trkpt>
      <trkpt lat="43.264340" lon="-1.630006">
        <ele>423.098</ele>
        <time>2020-08-09T11:58:45Z</time>
      </trkpt>
      <trkpt lat="43.264389" lon="-1.630019">
        <ele>421.817</ele>
        <time>2020-08-09T11:58:51Z</time>
      </trkpt>
      <trkpt lat="43.264435" lon="-1.630047">
        <ele>421.108</ele>
        <time>2020-08-09T11:58:56Z</time>
      </trkpt>
      <trkpt lat="43.264477" lon="-1.630077">
        <ele>420.656</ele>
        <time>2020-08-09T11:59:01Z</time>
      </trkpt>
      <trkpt lat="43.264530" lon="-1.630088">
        <ele>420.495</ele>
        <time>2020-08-09T11:59:05Z</time>
      </trkpt>
      <trkpt lat="43.264578" lon="-1.630104">
        <ele>420.494</ele>
        <time>2020-08-09T11:59:09Z</time>
      </trkpt>
      <trkpt lat="43.264622" lon="-1.630125">
        <ele>420.433</ele>
        <time>2020-08-09T11:59:14Z</time>
      </trkpt>
      <trkpt lat="43.264663" lon="-1.630160">
        <ele>420.547</ele>
        <time>2020-08-09T11:59:21Z</time>
      </trkpt>
      <trkpt lat="43.264708" lon="-1.630157">
        <ele>420.694</ele>
        <time>2020-08-09T11:59:26Z</time>
      </trkpt>
      <trkpt lat="43.264755" lon="-1.630149">
        <ele>420.589</ele>
        <time>2020-08-09T11:59:33Z</time>
      </trkpt>
      <trkpt lat="43.264804" lon="-1.630167">
        <ele>420.584</ele>
        <time>2020-08-09T11:59:38Z</time>
      </trkpt>
      <trkpt lat="43.264855" lon="-1.630197">
        <ele>420.579</ele>
        <time>2020-08-09T11:59:43Z</time>
      </trkpt>
      <trkpt lat="43.264898" lon="-1.630220">
        <ele>420.405</ele>
        <time>2020-08-09T11:59:47Z</time>
      </trkpt>
      <trkpt lat="43.264948" lon="-1.630247">
        <ele>420.325</ele>
        <time>2020-08-09T11:59:51Z</time>
      </trkpt>
      <trkpt lat="43.264990" lon="-1.630278">
        <ele>420.608</ele>
        <time>2020-08-09T11:59:54Z</time>
      </trkpt>
      <trkpt lat="43.265037" lon="-1.630296">
        <ele>420.722</ele>
        <time>2020-08-09T11:59:58Z</time>
      </trkpt>
      <trkpt lat="43.265088" lon="-1.630308">
        <ele>420.521</ele>
        <time>2020-08-09T12:00:02Z</time>
      </trkpt>
      <trkpt lat="43.265139" lon="-1.630294">
        <ele>420.370</ele>
        <time>2020-08-09T12:00:06Z</time>
      </trkpt>
      <trkpt lat="43.265185" lon="-1.630281">
        <ele>420.239</ele>
        <time>2020-08-09T12:00:08Z</time>
      </trkpt>
      <trkpt lat="43.265245" lon="-1.630265">
        <ele>419.953</ele>
        <time>2020-08-09T12:00:12Z</time>
      </trkpt>
      <trkpt lat="43.265295" lon="-1.630245">
        <ele>419.340</ele>
        <time>2020-08-09T12:00:16Z</time>
      </trkpt>
      <trkpt lat="43.265343" lon="-1.630229">
        <ele>418.315</ele>
        <time>2020-08-09T12:00:21Z</time>
      </trkpt>
      <trkpt lat="43.265371" lon="-1.630179">
        <ele>417.210</ele>
        <time>2020-08-09T12:00:25Z</time>
      </trkpt>
      <trkpt lat="43.265375" lon="-1.630109">
        <ele>416.297</ele>
        <time>2020-08-09T12:00:30Z</time>
      </trkpt>
      <trkpt lat="43.265381" lon="-1.630047">
        <ele>415.323</ele>
        <time>2020-08-09T12:00:34Z</time>
      </trkpt>
      <trkpt lat="43.265408" lon="-1.629986">
        <ele>414.725</ele>
        <time>2020-08-09T12:00:39Z</time>
      </trkpt>
      <trkpt lat="43.265455" lon="-1.629964">
        <ele>414.108</ele>
        <time>2020-08-09T12:00:44Z</time>
      </trkpt>
      <trkpt lat="43.265505" lon="-1.629972">
        <ele>413.694</ele>
        <time>2020-08-09T12:00:48Z</time>
      </trkpt>
      <trkpt lat="43.265547" lon="-1.630006">
        <ele>413.353</ele>
        <time>2020-08-09T12:00:51Z</time>
      </trkpt>
      <trkpt lat="43.265594" lon="-1.630035">
        <ele>416.572</ele>
        <time>2020-08-09T12:00:56Z</time>
      </trkpt>
      <trkpt lat="43.265638" lon="-1.630071">
        <ele>418.361</ele>
        <time>2020-08-09T12:00:59Z</time>
      </trkpt>
      <trkpt lat="43.265690" lon="-1.630094">
        <ele>419.295</ele>
        <time>2020-08-09T12:01:02Z</time>
      </trkpt>
      <trkpt lat="43.265738" lon="-1.630094">
        <ele>419.652</ele>
        <time>2020-08-09T12:01:06Z</time>
      </trkpt>
      <trkpt lat="43.265785" lon="-1.630067">
        <ele>419.777</ele>
        <time>2020-08-09T12:01:11Z</time>
      </trkpt>
      <trkpt lat="43.265830" lon="-1.630038">
        <ele>419.982</ele>
        <time>2020-08-09T12:01:15Z</time>
      </trkpt>
      <trkpt lat="43.265880" lon="-1.630019">
        <ele>419.721</ele>
        <time>2020-08-09T12:01:19Z</time>
      </trkpt>
      <trkpt lat="43.265926" lon="-1.630006">
        <ele>419.141</ele>
        <time>2020-08-09T12:01:22Z</time>
      </trkpt>
      <trkpt lat="43.265970" lon="-1.629979">
        <ele>418.405</ele>
        <time>2020-08-09T12:01:26Z</time>
      </trkpt>
      <trkpt lat="43.266023" lon="-1.629948">
        <ele>417.708</ele>
        <time>2020-08-09T12:01:30Z</time>
      </trkpt>
      <trkpt lat="43.266070" lon="-1.629920">
        <ele>417.047</ele>
        <time>2020-08-09T12:01:35Z</time>
      </trkpt>
      <trkpt lat="43.266116" lon="-1.629911">
        <ele>416.266</ele>
        <time>2020-08-09T12:01:40Z</time>
      </trkpt>
      <trkpt lat="43.266164" lon="-1.629897">
        <ele>416.345</ele>
        <time>2020-08-09T12:01:46Z</time>
      </trkpt>
      <trkpt lat="43.266212" lon="-1.629879">
        <ele>416.964</ele>
        <time>2020-08-09T12:01:50Z</time>
      </trkpt>
      <trkpt lat="43.266258" lon="-1.629882">
        <ele>417.638</ele>
        <time>2020-08-09T12:01:56Z</time>
      </trkpt>
      <trkpt lat="43.266302" lon="-1.629913">
        <ele>419.225</ele>
        <time>2020-08-09T12:02:01Z</time>
      </trkpt>
      <trkpt lat="43.266331" lon="-1.629961">
        <ele>420.380</ele>
        <time>2020-08-09T12:02:05Z</time>
      </trkpt>
      <trkpt lat="43.266363" lon="-1.630020">
        <ele>421.375</ele>
        <time>2020-08-09T12:02:09Z</time>
      </trkpt>
      <trkpt lat="43.266377" lon="-1.630089">
        <ele>423.112</ele>
        <time>2020-08-09T12:02:13Z</time>
      </trkpt>
      <trkpt lat="43.266391" lon="-1.630154">
        <ele>424.432</ele>
        <time>2020-08-09T12:02:17Z</time>
      </trkpt>
      <trkpt lat="43.266398" lon="-1.630218">
        <ele>425.605</ele>
        <time>2020-08-09T12:02:21Z</time>
      </trkpt>
      <trkpt lat="43.266401" lon="-1.630288">
        <ele>426.508</ele>
        <time>2020-08-09T12:02:26Z</time>
      </trkpt>
      <trkpt lat="43.266407" lon="-1.630360">
        <ele>427.126</ele>
        <time>2020-08-09T12:02:30Z</time>
      </trkpt>
      <trkpt lat="43.266409" lon="-1.630422">
        <ele>427.665</ele>
        <time>2020-08-09T12:02:33Z</time>
      </trkpt>
      <trkpt lat="43.266422" lon="-1.630494">
        <ele>428.234</ele>
        <time>2020-08-09T12:02:37Z</time>
      </trkpt>
      <trkpt lat="43.266430" lon="-1.630559">
        <ele>428.443</ele>
        <time>2020-08-09T12:02:41Z</time>
      </trkpt>
      <trkpt lat="43.266448" lon="-1.630632">
        <ele>428.817</ele>
        <time>2020-08-09T12:02:46Z</time>
      </trkpt>
      <trkpt lat="43.266492" lon="-1.630674">
        <ele>429.164</ele>
        <time>2020-08-09T12:02:50Z</time>
      </trkpt>
      <trkpt lat="43.266540" lon="-1.630697">
        <ele>429.659</ele>
        <time>2020-08-09T12:02:53Z</time>
      </trkpt>
      <trkpt lat="43.266582" lon="-1.630721">
        <ele>429.954</ele>
        <time>2020-08-09T12:02:56Z</time>
      </trkpt>
      <trkpt lat="43.266627" lon="-1.630735">
        <ele>430.161</ele>
        <time>2020-08-09T12:02:59Z</time>
      </trkpt>
      <trkpt lat="43.266678" lon="-1.630743">
        <ele>430.321</ele>
        <time>2020-08-09T12:03:04Z</time>
      </trkpt>
      <trkpt lat="43.266726" lon="-1.630731">
        <ele>430.013</ele>
        <time>2020-08-09T12:03:09Z</time>
      </trkpt>
      <trkpt lat="43.266766" lon="-1.630686">
        <ele>429.708</ele>
        <time>2020-08-09T12:03:14Z</time>
      </trkpt>
      <trkpt lat="43.266811" lon="-1.630673">
        <ele>429.481</ele>
        <time>2020-08-09T12:03:17Z</time>
      </trkpt>
      <trkpt lat="43.266858" lon="-1.630657">
        <ele>429.170</ele>
        <time>2020-08-09T12:03:21Z</time>
      </trkpt>
      <trkpt lat="43.266907" lon="-1.630640">
        <ele>428.899</ele>
        <time>2020-08-09T12:03:25Z</time>
      </trkpt>
      <trkpt lat="43.266946" lon="-1.630606">
        <ele>428.538</ele>
        <time>2020-08-09T12:03:30Z</time>
      </trkpt>
      <trkpt lat="43.266982" lon="-1.630560">
        <ele>428.232</ele>
        <time>2020-08-09T12:03:35Z</time>
      </trkpt>
      <trkpt lat="43.267024" lon="-1.630530">
        <ele>427.929</ele>
        <time>2020-08-09T12:03:40Z</time>
      </trkpt>
      <trkpt lat="43.267071" lon="-1.630517">
        <ele>427.864</ele>
        <time>2020-08-09T12:03:44Z</time>
      </trkpt>
      <trkpt lat="43.267116" lon="-1.630525">
        <ele>427.539</ele>
        <time>2020-08-09T12:03:52Z</time>
      </trkpt>
      <trkpt lat="43.267155" lon="-1.630474">
        <ele>426.917</ele>
        <time>2020-08-09T12:03:58Z</time>
      </trkpt>
      <trkpt lat="43.267192" lon="-1.630431">
        <ele>426.487</ele>
        <time>2020-08-09T12:04:02Z</time>
      </trkpt>
      <trkpt lat="43.267235" lon="-1.630407">
        <ele>425.815</ele>
        <time>2020-08-09T12:04:06Z</time>
      </trkpt>
      <trkpt lat="43.267295" lon="-1.630399">
        <ele>425.408</ele>
        <time>2020-08-09T12:04:10Z</time>
      </trkpt>
      <trkpt lat="43.267346" lon="-1.630396">
        <ele>424.966</ele>
        <time>2020-08-09T12:04:14Z</time>
      </trkpt>
      <trkpt lat="43.267396" lon="-1.630402">
        <ele>424.665</ele>
        <time>2020-08-09T12:04:18Z</time>
      </trkpt>
      <trkpt lat="43.267448" lon="-1.630417">
        <ele>424.534</ele>
        <time>2020-08-09T12:04:21Z</time>
      </trkpt>
      <trkpt lat="43.267491" lon="-1.630442">
        <ele>424.543</ele>
        <time>2020-08-09T12:04:24Z</time>
      </trkpt>
      <trkpt lat="43.267533" lon="-1.630495">
        <ele>424.157</ele>
        <time>2020-08-09T12:04:29Z</time>
      </trkpt>
      <trkpt lat="43.267547" lon="-1.630573">
        <ele>423.834</ele>
        <time>2020-08-09T12:04:33Z</time>
      </trkpt>
      <trkpt lat="43.267570" lon="-1.630643">
        <ele>423.259</ele>
        <time>2020-08-09T12:04:37Z</time>
      </trkpt>
      <trkpt lat="43.267582" lon="-1.630709">
        <ele>420.794</ele>
        <time>2020-08-09T12:04:41Z</time>
      </trkpt>
      <trkpt lat="43.267600" lon="-1.630771">
        <ele>416.762</ele>
        <time>2020-08-09T12:04:47Z</time>
      </trkpt>
      <trkpt lat="43.267592" lon="-1.630834">
        <ele>413.383</ele>
        <time>2020-08-09T12:04:52Z</time>
      </trkpt>
      <trkpt lat="43.267587" lon="-1.630902">
        <ele>410.611</ele>
        <time>2020-08-09T12:04:57Z</time>
      </trkpt>
      <trkpt lat="43.267587" lon="-1.630968">
        <ele>409.108</ele>
        <time>2020-08-09T12:05:01Z</time>
      </trkpt>
      <trkpt lat="43.267585" lon="-1.631031">
        <ele>408.821</ele>
        <time>2020-08-09T12:05:04Z</time>
      </trkpt>
      <trkpt lat="43.267581" lon="-1.631101">
        <ele>409.020</ele>
        <time>2020-08-09T12:05:08Z</time>
      </trkpt>
      <trkpt lat="43.267588" lon="-1.631188">
        <ele>408.529</ele>
        <time>2020-08-09T12:05:13Z</time>
      </trkpt>
      <trkpt lat="43.267596" lon="-1.631262">
        <ele>407.548</ele>
        <time>2020-08-09T12:05:18Z</time>
      </trkpt>
      <trkpt lat="43.267614" lon="-1.631331">
        <ele>406.482</ele>
        <time>2020-08-09T12:05:22Z</time>
      </trkpt>
      <trkpt lat="43.267633" lon="-1.631387">
        <ele>405.299</ele>
        <time>2020-08-09T12:05:25Z</time>
      </trkpt>
      <trkpt lat="43.267640" lon="-1.631456">
        <ele>403.654</ele>
        <time>2020-08-09T12:05:30Z</time>
      </trkpt>
      <trkpt lat="43.267629" lon="-1.631525">
        <ele>402.059</ele>
        <time>2020-08-09T12:05:35Z</time>
      </trkpt>
      <trkpt lat="43.267629" lon="-1.631600">
        <ele>400.247</ele>
        <time>2020-08-09T12:05:41Z</time>
      </trkpt>
      <trkpt lat="43.267632" lon="-1.631666">
        <ele>400.229</ele>
        <time>2020-08-09T12:05:46Z</time>
      </trkpt>
      <trkpt lat="43.267624" lon="-1.631729">
        <ele>401.121</ele>
        <time>2020-08-09T12:05:50Z</time>
      </trkpt>
      <trkpt lat="43.267606" lon="-1.631787">
        <ele>402.508</ele>
        <time>2020-08-09T12:05:53Z</time>
      </trkpt>
      <trkpt lat="43.267576" lon="-1.631854">
        <ele>404.179</ele>
        <time>2020-08-09T12:05:57Z</time>
      </trkpt>
      <trkpt lat="43.267542" lon="-1.631905">
        <ele>405.458</ele>
        <time>2020-08-09T12:06:00Z</time>
      </trkpt>
      <trkpt lat="43.267522" lon="-1.631971">
        <ele>406.787</ele>
        <time>2020-08-09T12:06:03Z</time>
      </trkpt>
      <trkpt lat="43.267513" lon="-1.632042">
        <ele>408.516</ele>
        <time>2020-08-09T12:06:07Z</time>
      </trkpt>
      <trkpt lat="43.267508" lon="-1.632113">
        <ele>409.770</ele>
        <time>2020-08-09T12:06:11Z</time>
      </trkpt>
      <trkpt lat="43.267507" lon="-1.632188">
        <ele>410.817</ele>
        <time>2020-08-09T12:06:15Z</time>
      </trkpt>
      <trkpt lat="43.267506" lon="-1.632254">
        <ele>411.312</ele>
        <time>2020-08-09T12:06:20Z</time>
      </trkpt>
      <trkpt lat="43.267518" lon="-1.632327">
        <ele>411.467</ele>
        <time>2020-08-09T12:06:25Z</time>
      </trkpt>
      <trkpt lat="43.267540" lon="-1.632386">
        <ele>411.927</ele>
        <time>2020-08-09T12:06:29Z</time>
      </trkpt>
      <trkpt lat="43.267557" lon="-1.632452">
        <ele>412.168</ele>
        <time>2020-08-09T12:06:33Z</time>
      </trkpt>
      <trkpt lat="43.267566" lon="-1.632526">
        <ele>412.114</ele>
        <time>2020-08-09T12:06:37Z</time>
      </trkpt>
      <trkpt lat="43.267582" lon="-1.632593">
        <ele>412.308</ele>
        <time>2020-08-09T12:06:42Z</time>
      </trkpt>
      <trkpt lat="43.267596" lon="-1.632655">
        <ele>412.437</ele>
        <time>2020-08-09T12:06:46Z</time>
      </trkpt>
      <trkpt lat="43.267582" lon="-1.632720">
        <ele>411.876</ele>
        <time>2020-08-09T12:06:51Z</time>
      </trkpt>
      <trkpt lat="43.267577" lon="-1.632785">
        <ele>410.485</ele>
        <time>2020-08-09T12:06:55Z</time>
      </trkpt>
      <trkpt lat="43.267596" lon="-1.632851">
        <ele>409.434</ele>
        <time>2020-08-09T12:07:00Z</time>
      </trkpt>
      <trkpt lat="43.267610" lon="-1.632915">
        <ele>408.868</ele>
        <time>2020-08-09T12:07:05Z</time>
      </trkpt>
      <trkpt lat="43.267601" lon="-1.632982">
        <ele>407.995</ele>
        <time>2020-08-09T12:07:11Z</time>
      </trkpt>
      <trkpt lat="43.267584" lon="-1.633042">
        <ele>407.120</ele>
        <time>2020-08-09T12:07:15Z</time>
      </trkpt>
      <trkpt lat="43.267563" lon="-1.633102">
        <ele>406.855</ele>
        <time>2020-08-09T12:07:20Z</time>
      </trkpt>
      <trkpt lat="43.267537" lon="-1.633171">
        <ele>407.074</ele>
        <time>2020-08-09T12:07:24Z</time>
      </trkpt>
      <trkpt lat="43.267512" lon="-1.633227">
        <ele>407.056</ele>
        <time>2020-08-09T12:07:28Z</time>
      </trkpt>
      <trkpt lat="43.267492" lon="-1.633294">
        <ele>406.221</ele>
        <time>2020-08-09T12:07:33Z</time>
      </trkpt>
      <trkpt lat="43.267506" lon="-1.633371">
        <ele>405.608</ele>
        <time>2020-08-09T12:07:38Z</time>
      </trkpt>
      <trkpt lat="43.267528" lon="-1.633427">
        <ele>404.862</ele>
        <time>2020-08-09T12:07:41Z</time>
      </trkpt>
      <trkpt lat="43.267570" lon="-1.633473">
        <ele>403.951</ele>
        <time>2020-08-09T12:07:46Z</time>
      </trkpt>
      <trkpt lat="43.267613" lon="-1.633504">
        <ele>403.440</ele>
        <time>2020-08-09T12:07:50Z</time>
      </trkpt>
      <trkpt lat="43.267664" lon="-1.633529">
        <ele>402.929</ele>
        <time>2020-08-09T12:07:53Z</time>
      </trkpt>
      <trkpt lat="43.267713" lon="-1.633544">
        <ele>402.583</ele>
        <time>2020-08-09T12:07:58Z</time>
      </trkpt>
      <trkpt lat="43.267767" lon="-1.633540">
        <ele>401.690</ele>
        <time>2020-08-09T12:08:04Z</time>
      </trkpt>
      <trkpt lat="43.267812" lon="-1.633506">
        <ele>400.415</ele>
        <time>2020-08-09T12:08:09Z</time>
      </trkpt>
      <trkpt lat="43.267846" lon="-1.633463">
        <ele>399.070</ele>
        <time>2020-08-09T12:08:15Z</time>
      </trkpt>
      <trkpt lat="43.267887" lon="-1.633420">
        <ele>397.631</ele>
        <time>2020-08-09T12:08:23Z</time>
      </trkpt>
      <trkpt lat="43.267930" lon="-1.633389">
        <ele>396.761</ele>
        <time>2020-08-09T12:08:27Z</time>
      </trkpt>
      <trkpt lat="43.267967" lon="-1.633340">
        <ele>395.707</ele>
        <time>2020-08-09T12:08:32Z</time>
      </trkpt>
      <trkpt lat="43.268014" lon="-1.633320">
        <ele>395.408</ele>
        <time>2020-08-09T12:08:38Z</time>
      </trkpt>
      <trkpt lat="43.268059" lon="-1.633304">
        <ele>395.278</ele>
        <time>2020-08-09T12:08:42Z</time>
      </trkpt>
      <trkpt lat="43.268111" lon="-1.633300">
        <ele>395.137</ele>
        <time>2020-08-09T12:08:46Z</time>
      </trkpt>
      <trkpt lat="43.268164" lon="-1.633299">
        <ele>395.236</ele>
        <time>2020-08-09T12:08:50Z</time>
      </trkpt>
      <trkpt lat="43.268215" lon="-1.633302">
        <ele>395.115</ele>
        <time>2020-08-09T12:08:53Z</time>
      </trkpt>
      <trkpt lat="43.268261" lon="-1.633314">
        <ele>395.119</ele>
        <time>2020-08-09T12:08:57Z</time>
      </trkpt>
      <trkpt lat="43.268310" lon="-1.633337">
        <ele>395.216</ele>
        <time>2020-08-09T12:09:01Z</time>
      </trkpt>
      <trkpt lat="43.268357" lon="-1.633352">
        <ele>395.341</ele>
        <time>2020-08-09T12:09:04Z</time>
      </trkpt>
      <trkpt lat="43.268409" lon="-1.633354">
        <ele>395.436</ele>
        <time>2020-08-09T12:09:08Z</time>
      </trkpt>
      <trkpt lat="43.268459" lon="-1.633362">
        <ele>395.372</ele>
        <time>2020-08-09T12:09:13Z</time>
      </trkpt>
      <trkpt lat="43.268515" lon="-1.633356">
        <ele>394.613</ele>
        <time>2020-08-09T12:09:19Z</time>
      </trkpt>
      <trkpt lat="43.268562" lon="-1.633352">
        <ele>393.814</ele>
        <time>2020-08-09T12:09:24Z</time>
      </trkpt>
      <trkpt lat="43.268614" lon="-1.633353">
        <ele>392.808</ele>
        <time>2020-08-09T12:09:31Z</time>
      </trkpt>
      <trkpt lat="43.268660" lon="-1.633356">
        <ele>392.042</ele>
        <time>2020-08-09T12:09:36Z</time>
      </trkpt>
      <trkpt lat="43.268705" lon="-1.633375">
        <ele>391.951</ele>
        <time>2020-08-09T12:09:42Z</time>
      </trkpt>
      <trkpt lat="43.268744" lon="-1.633426">
        <ele>391.960</ele>
        <time>2020-08-09T12:09:47Z</time>
      </trkpt>
      <trkpt lat="43.268768" lon="-1.633493">
        <ele>392.429</ele>
        <time>2020-08-09T12:09:52Z</time>
      </trkpt>
      <trkpt lat="43.268787" lon="-1.633554">
        <ele>392.743</ele>
        <time>2020-08-09T12:09:57Z</time>
      </trkpt>
      <trkpt lat="43.268804" lon="-1.633614">
        <ele>393.330</ele>
        <time>2020-08-09T12:10:01Z</time>
      </trkpt>
      <trkpt lat="43.268823" lon="-1.633675">
        <ele>393.895</ele>
        <time>2020-08-09T12:10:05Z</time>
      </trkpt>
      <trkpt lat="43.268836" lon="-1.633744">
        <ele>394.510</ele>
        <time>2020-08-09T12:10:08Z</time>
      </trkpt>
      <trkpt lat="43.268854" lon="-1.633803">
        <ele>394.675</ele>
        <time>2020-08-09T12:10:12Z</time>
      </trkpt>
      <trkpt lat="43.268876" lon="-1.633861">
        <ele>394.228</ele>
        <time>2020-08-09T12:10:17Z</time>
      </trkpt>
      <trkpt lat="43.268902" lon="-1.633920">
        <ele>394.020</ele>
        <time>2020-08-09T12:10:21Z</time>
      </trkpt>
      <trkpt lat="43.268924" lon="-1.633987">
        <ele>394.308</ele>
        <time>2020-08-09T12:10:25Z</time>
      </trkpt>
      <trkpt lat="43.268958" lon="-1.634042">
        <ele>394.262</ele>
        <time>2020-08-09T12:10:31Z</time>
      </trkpt>
      <trkpt lat="43.268990" lon="-1.634092">
        <ele>394.411</ele>
        <time>2020-08-09T12:10:36Z</time>
      </trkpt>
      <trkpt lat="43.269014" lon="-1.634160">
        <ele>394.690</ele>
        <time>2020-08-09T12:10:40Z</time>
      </trkpt>
      <trkpt lat="43.269028" lon="-1.634223">
        <ele>394.899</ele>
        <time>2020-08-09T12:10:43Z</time>
      </trkpt>
      <trkpt lat="43.269039" lon="-1.634288">
        <ele>394.873</ele>
        <time>2020-08-09T12:10:46Z</time>
      </trkpt>
      <trkpt lat="43.269037" lon="-1.634364">
        <ele>394.450</ele>
        <time>2020-08-09T12:10:50Z</time>
      </trkpt>
      <trkpt lat="43.269044" lon="-1.634432">
        <ele>393.955</ele>
        <time>2020-08-09T12:10:54Z</time>
      </trkpt>
      <trkpt lat="43.269063" lon="-1.634501">
        <ele>393.210</ele>
        <time>2020-08-09T12:10:59Z</time>
      </trkpt>
      <trkpt lat="43.269082" lon="-1.634570">
        <ele>392.854</ele>
        <time>2020-08-09T12:11:04Z</time>
      </trkpt>
      <trkpt lat="43.269086" lon="-1.634635">
        <ele>392.356</ele>
        <time>2020-08-09T12:11:08Z</time>
      </trkpt>
      <trkpt lat="43.269083" lon="-1.634697">
        <ele>391.811</ele>
        <time>2020-08-09T12:11:11Z</time>
      </trkpt>
      <trkpt lat="43.269084" lon="-1.634764">
        <ele>391.008</ele>
        <time>2020-08-09T12:11:16Z</time>
      </trkpt>
      <trkpt lat="43.269077" lon="-1.634829">
        <ele>390.280</ele>
        <time>2020-08-09T12:11:20Z</time>
      </trkpt>
      <trkpt lat="43.269083" lon="-1.634895">
        <ele>389.989</ele>
        <time>2020-08-09T12:11:24Z</time>
      </trkpt>
      <trkpt lat="43.269116" lon="-1.634938">
        <ele>388.918</ele>
        <time>2020-08-09T12:11:28Z</time>
      </trkpt>
      <trkpt lat="43.269170" lon="-1.634937">
        <ele>387.247</ele>
        <time>2020-08-09T12:11:32Z</time>
      </trkpt>
      <trkpt lat="43.269224" lon="-1.634933">
        <ele>386.271</ele>
        <time>2020-08-09T12:11:37Z</time>
      </trkpt>
      <trkpt lat="43.269267" lon="-1.634889">
        <ele>384.898</ele>
        <time>2020-08-09T12:11:43Z</time>
      </trkpt>
      <trkpt lat="43.269305" lon="-1.634847">
        <ele>382.483</ele>
        <time>2020-08-09T12:11:47Z</time>
      </trkpt>
      <trkpt lat="43.269348" lon="-1.634822">
        <ele>380.178</ele>
        <time>2020-08-09T12:11:53Z</time>
      </trkpt>
      <trkpt lat="43.269397" lon="-1.634818">
        <ele>379.017</ele>
        <time>2020-08-09T12:11:58Z</time>
      </trkpt>
      <trkpt lat="43.269451" lon="-1.634824">
        <ele>378.887</ele>
        <time>2020-08-09T12:12:02Z</time>
      </trkpt>
      <trkpt lat="43.269500" lon="-1.634846">
        <ele>379.015</ele>
        <time>2020-08-09T12:12:06Z</time>
      </trkpt>
      <trkpt lat="43.269545" lon="-1.634887">
        <ele>379.308</ele>
        <time>2020-08-09T12:12:10Z</time>
      </trkpt>
      <trkpt lat="43.269586" lon="-1.634927">
        <ele>379.916</ele>
        <time>2020-08-09T12:12:14Z</time>
      </trkpt>
      <trkpt lat="43.269630" lon="-1.634954">
        <ele>380.695</ele>
        <time>2020-08-09T12:12:17Z</time>
      </trkpt>
      <trkpt lat="43.269674" lon="-1.634978">
        <ele>381.464</ele>
        <time>2020-08-09T12:12:21Z</time>
      </trkpt>
      <trkpt lat="43.269721" lon="-1.635012">
        <ele>382.563</ele>
        <time>2020-08-09T12:12:25Z</time>
      </trkpt>
      <trkpt lat="43.269752" lon="-1.635058">
        <ele>383.837</ele>
        <time>2020-08-09T12:12:29Z</time>
      </trkpt>
      <trkpt lat="43.269783" lon="-1.635115">
        <ele>385.154</ele>
        <time>2020-08-09T12:12:33Z</time>
      </trkpt>
      <trkpt lat="43.269808" lon="-1.635172">
        <ele>385.339</ele>
        <time>2020-08-09T12:12:37Z</time>
      </trkpt>
      <trkpt lat="43.269831" lon="-1.635239">
        <ele>385.514</ele>
        <time>2020-08-09T12:12:41Z</time>
      </trkpt>
      <trkpt lat="43.269847" lon="-1.635298">
        <ele>385.732</ele>
        <time>2020-08-09T12:12:45Z</time>
      </trkpt>
      <trkpt lat="43.269872" lon="-1.635353">
        <ele>385.892</ele>
        <time>2020-08-09T12:12:49Z</time>
      </trkpt>
      <trkpt lat="43.269910" lon="-1.635404">
        <ele>386.111</ele>
        <time>2020-08-09T12:12:54Z</time>
      </trkpt>
      <trkpt lat="43.269951" lon="-1.635453">
        <ele>386.508</ele>
        <time>2020-08-09T12:12:59Z</time>
      </trkpt>
      <trkpt lat="43.269994" lon="-1.635494">
        <ele>386.838</ele>
        <time>2020-08-09T12:13:04Z</time>
      </trkpt>
      <trkpt lat="43.270042" lon="-1.635526">
        <ele>387.277</ele>
        <time>2020-08-09T12:13:09Z</time>
      </trkpt>
      <trkpt lat="43.270082" lon="-1.635556">
        <ele>387.516</ele>
        <time>2020-08-09T12:13:13Z</time>
      </trkpt>
      <trkpt lat="43.270121" lon="-1.635599">
        <ele>386.995</ele>
        <time>2020-08-09T12:13:18Z</time>
      </trkpt>
      <trkpt lat="43.270143" lon="-1.635660">
        <ele>386.339</ele>
        <time>2020-08-09T12:13:23Z</time>
      </trkpt>
      <trkpt lat="43.270146" lon="-1.635730">
        <ele>385.796</ele>
        <time>2020-08-09T12:13:28Z</time>
      </trkpt>
      <trkpt lat="43.270145" lon="-1.635801">
        <ele>385.391</ele>
        <time>2020-08-09T12:13:32Z</time>
      </trkpt>
      <trkpt lat="43.270153" lon="-1.635874">
        <ele>384.586</ele>
        <time>2020-08-09T12:13:37Z</time>
      </trkpt>
      <trkpt lat="43.270168" lon="-1.635941">
        <ele>382.375</ele>
        <time>2020-08-09T12:13:41Z</time>
      </trkpt>
      <trkpt lat="43.270196" lon="-1.636004">
        <ele>380.528</ele>
        <time>2020-08-09T12:13:46Z</time>
      </trkpt>
      <trkpt lat="43.270233" lon="-1.636048">
        <ele>377.820</ele>
        <time>2020-08-09T12:13:50Z</time>
      </trkpt>
      <trkpt lat="43.270272" lon="-1.636087">
        <ele>375.508</ele>
        <time>2020-08-09T12:13:54Z</time>
      </trkpt>
      <trkpt lat="43.270303" lon="-1.636137">
        <ele>373.192</ele>
        <time>2020-08-09T12:13:58Z</time>
      </trkpt>
      <trkpt lat="43.270348" lon="-1.636175">
        <ele>371.691</ele>
        <time>2020-08-09T12:14:02Z</time>
      </trkpt>
      <trkpt lat="43.270383" lon="-1.636225">
        <ele>370.790</ele>
        <time>2020-08-09T12:14:06Z</time>
      </trkpt>
      <trkpt lat="43.270420" lon="-1.636262">
        <ele>370.179</ele>
        <time>2020-08-09T12:14:10Z</time>
      </trkpt>
      <trkpt lat="43.270457" lon="-1.636313">
        <ele>369.733</ele>
        <time>2020-08-09T12:14:15Z</time>
      </trkpt>
      <trkpt lat="43.270486" lon="-1.636367">
        <ele>368.880</ele>
        <time>2020-08-09T12:14:19Z</time>
      </trkpt>
      <trkpt lat="43.270516" lon="-1.636429">
        <ele>368.275</ele>
        <time>2020-08-09T12:14:23Z</time>
      </trkpt>
      <trkpt lat="43.270542" lon="-1.636488">
        <ele>367.630</ele>
        <time>2020-08-09T12:14:27Z</time>
      </trkpt>
      <trkpt lat="43.270570" lon="-1.636554">
        <ele>366.717</ele>
        <time>2020-08-09T12:14:31Z</time>
      </trkpt>
      <trkpt lat="43.270590" lon="-1.636614">
        <ele>365.987</ele>
        <time>2020-08-09T12:14:35Z</time>
      </trkpt>
      <trkpt lat="43.270607" lon="-1.636680">
        <ele>365.015</ele>
        <time>2020-08-09T12:14:39Z</time>
      </trkpt>
      <trkpt lat="43.270620" lon="-1.636752">
        <ele>363.908</ele>
        <time>2020-08-09T12:14:44Z</time>
      </trkpt>
      <trkpt lat="43.270614" lon="-1.636824">
        <ele>362.776</ele>
        <time>2020-08-09T12:14:50Z</time>
      </trkpt>
      <trkpt lat="43.270610" lon="-1.636897">
        <ele>361.995</ele>
        <time>2020-08-09T12:14:55Z</time>
      </trkpt>
      <trkpt lat="43.270611" lon="-1.636962">
        <ele>361.184</ele>
        <time>2020-08-09T12:14:59Z</time>
      </trkpt>
      <trkpt lat="43.270600" lon="-1.637025">
        <ele>360.683</ele>
        <time>2020-08-09T12:15:03Z</time>
      </trkpt>
      <trkpt lat="43.270577" lon="-1.637096">
        <ele>360.117</ele>
        <time>2020-08-09T12:15:07Z</time>
      </trkpt>
      <trkpt lat="43.270557" lon="-1.637156">
        <ele>359.734</ele>
        <time>2020-08-09T12:15:11Z</time>
      </trkpt>
      <trkpt lat="43.270535" lon="-1.637220">
        <ele>359.099</ele>
        <time>2020-08-09T12:15:15Z</time>
      </trkpt>
      <trkpt lat="43.270512" lon="-1.637280">
        <ele>358.714</ele>
        <time>2020-08-09T12:15:19Z</time>
      </trkpt>
      <trkpt lat="43.270501" lon="-1.637349">
        <ele>359.679</ele>
        <time>2020-08-09T12:15:23Z</time>
      </trkpt>
      <trkpt lat="43.270514" lon="-1.637416">
        <ele>360.605</ele>
        <time>2020-08-09T12:15:27Z</time>
      </trkpt>
      <trkpt lat="43.270536" lon="-1.637473">
        <ele>361.325</ele>
        <time>2020-08-09T12:15:30Z</time>
      </trkpt>
      <trkpt lat="43.270542" lon="-1.637548">
        <ele>361.508</ele>
        <time>2020-08-09T12:15:35Z</time>
      </trkpt>
      <trkpt lat="43.270532" lon="-1.637621">
        <ele>361.662</ele>
        <time>2020-08-09T12:15:39Z</time>
      </trkpt>
      <trkpt lat="43.270520" lon="-1.637698">
        <ele>361.481</ele>
        <time>2020-08-09T12:15:44Z</time>
      </trkpt>
      <trkpt lat="43.270510" lon="-1.637763">
        <ele>361.270</ele>
        <time>2020-08-09T12:15:48Z</time>
      </trkpt>
      <trkpt lat="43.270495" lon="-1.637823">
        <ele>360.839</ele>
        <time>2020-08-09T12:15:53Z</time>
      </trkpt>
      <trkpt lat="43.270501" lon="-1.637894">
        <ele>364.863</ele>
        <time>2020-08-09T12:16:05Z</time>
      </trkpt>
      <trkpt lat="43.270530" lon="-1.637942">
        <ele>367.780</ele>
        <time>2020-08-09T12:16:10Z</time>
      </trkpt>
      <trkpt lat="43.270518" lon="-1.638003">
        <ele>369.965</ele>
        <time>2020-08-09T12:16:15Z</time>
      </trkpt>
      <trkpt lat="43.270514" lon="-1.638065">
        <ele>372.330</ele>
        <time>2020-08-09T12:16:19Z</time>
      </trkpt>
      <trkpt lat="43.270515" lon="-1.638128">
        <ele>374.616</ele>
        <time>2020-08-09T12:16:23Z</time>
      </trkpt>
      <trkpt lat="43.270496" lon="-1.638198">
        <ele>376.076</ele>
        <time>2020-08-09T12:16:28Z</time>
      </trkpt>
      <trkpt lat="43.270463" lon="-1.638249">
        <ele>377.213</ele>
        <time>2020-08-09T12:16:32Z</time>
      </trkpt>
      <trkpt lat="43.270429" lon="-1.638302">
        <ele>378.208</ele>
        <time>2020-08-09T12:16:37Z</time>
      </trkpt>
      <trkpt lat="43.270401" lon="-1.638366">
        <ele>379.216</ele>
        <time>2020-08-09T12:16:41Z</time>
      </trkpt>
      <trkpt lat="43.270374" lon="-1.638431">
        <ele>379.935</ele>
        <time>2020-08-09T12:16:46Z</time>
      </trkpt>
      <trkpt lat="43.270334" lon="-1.638478">
        <ele>380.574</ele>
        <time>2020-08-09T12:16:50Z</time>
      </trkpt>
      <trkpt lat="43.270309" lon="-1.638536">
        <ele>380.883</ele>
        <time>2020-08-09T12:16:54Z</time>
      </trkpt>
      <trkpt lat="43.270296" lon="-1.638604">
        <ele>381.057</ele>
        <time>2020-08-09T12:16:57Z</time>
      </trkpt>
      <trkpt lat="43.270301" lon="-1.638677">
        <ele>381.084</ele>
        <time>2020-08-09T12:17:01Z</time>
      </trkpt>
      <trkpt lat="43.270298" lon="-1.638757">
        <ele>380.549</ele>
        <time>2020-08-09T12:17:06Z</time>
      </trkpt>
      <trkpt lat="43.270291" lon="-1.638828">
        <ele>380.394</ele>
        <time>2020-08-09T12:17:10Z</time>
      </trkpt>
      <trkpt lat="43.270293" lon="-1.638911">
        <ele>379.769</ele>
        <time>2020-08-09T12:17:14Z</time>
      </trkpt>
      <trkpt lat="43.270297" lon="-1.638981">
        <ele>378.804</ele>
        <time>2020-08-09T12:17:18Z</time>
      </trkpt>
      <trkpt lat="43.270294" lon="-1.639051">
        <ele>377.224</ele>
        <time>2020-08-09T12:17:26Z</time>
      </trkpt>
      <trkpt lat="43.270303" lon="-1.639120">
        <ele>375.508</ele>
        <time>2020-08-09T12:17:32Z</time>
      </trkpt>
      <trkpt lat="43.270295" lon="-1.639193">
        <ele>374.331</ele>
        <time>2020-08-09T12:17:36Z</time>
      </trkpt>
      <trkpt lat="43.270280" lon="-1.639267">
        <ele>373.120</ele>
        <time>2020-08-09T12:17:39Z</time>
      </trkpt>
      <trkpt lat="43.270258" lon="-1.639333">
        <ele>372.099</ele>
        <time>2020-08-09T12:17:43Z</time>
      </trkpt>
      <trkpt lat="43.270242" lon="-1.639393">
        <ele>371.238</ele>
        <time>2020-08-09T12:17:47Z</time>
      </trkpt>
      <trkpt lat="43.270225" lon="-1.639454">
        <ele>371.042</ele>
        <time>2020-08-09T12:17:50Z</time>
      </trkpt>
      <trkpt lat="43.270210" lon="-1.639519">
        <ele>370.849</ele>
        <time>2020-08-09T12:17:54Z</time>
      </trkpt>
      <trkpt lat="43.270205" lon="-1.639582">
        <ele>370.854</ele>
        <time>2020-08-09T12:17:59Z</time>
      </trkpt>
      <trkpt lat="43.270182" lon="-1.639636">
        <ele>370.769</ele>
        <time>2020-08-09T12:18:03Z</time>
      </trkpt>
      <trkpt lat="43.270158" lon="-1.639698">
        <ele>370.195</ele>
        <time>2020-08-09T12:18:07Z</time>
      </trkpt>
      <trkpt lat="43.270127" lon="-1.639749">
        <ele>369.449</ele>
        <time>2020-08-09T12:18:10Z</time>
      </trkpt>
      <trkpt lat="43.270102" lon="-1.639805">
        <ele>368.923</ele>
        <time>2020-08-09T12:18:15Z</time>
      </trkpt>
      <trkpt lat="43.270090" lon="-1.639871">
        <ele>368.708</ele>
        <time>2020-08-09T12:18:19Z</time>
      </trkpt>
      <trkpt lat="43.270076" lon="-1.639942">
        <ele>368.434</ele>
        <time>2020-08-09T12:18:23Z</time>
      </trkpt>
      <trkpt lat="43.270063" lon="-1.640002">
        <ele>368.373</ele>
        <time>2020-08-09T12:18:26Z</time>
      </trkpt>
      <trkpt lat="43.270056" lon="-1.640065">
        <ele>368.582</ele>
        <time>2020-08-09T12:18:30Z</time>
      </trkpt>
      <trkpt lat="43.270051" lon="-1.640129">
        <ele>369.041</ele>
        <time>2020-08-09T12:18:33Z</time>
      </trkpt>
      <trkpt lat="43.270035" lon="-1.640192">
        <ele>369.765</ele>
        <time>2020-08-09T12:18:37Z</time>
      </trkpt>
      <trkpt lat="43.270015" lon="-1.640256">
        <ele>370.642</ele>
        <time>2020-08-09T12:18:40Z</time>
      </trkpt>
      <trkpt lat="43.269999" lon="-1.640319">
        <ele>371.467</ele>
        <time>2020-08-09T12:18:44Z</time>
      </trkpt>
      <trkpt lat="43.270003" lon="-1.640383">
        <ele>371.712</ele>
        <time>2020-08-09T12:18:48Z</time>
      </trkpt>
      <trkpt lat="43.269988" lon="-1.640451">
        <ele>372.064</ele>
        <time>2020-08-09T12:18:52Z</time>
      </trkpt>
      <trkpt lat="43.269965" lon="-1.640510">
        <ele>371.706</ele>
        <time>2020-08-09T12:18:56Z</time>
      </trkpt>
      <trkpt lat="43.269944" lon="-1.640582">
        <ele>371.016</ele>
        <time>2020-08-09T12:19:01Z</time>
      </trkpt>
      <trkpt lat="43.269939" lon="-1.640647">
        <ele>369.608</ele>
        <time>2020-08-09T12:19:07Z</time>
      </trkpt>
      <trkpt lat="43.269929" lon="-1.640718">
        <ele>368.741</ele>
        <time>2020-08-09T12:19:12Z</time>
      </trkpt>
      <trkpt lat="43.269906" lon="-1.640781">
        <ele>368.050</ele>
        <time>2020-08-09T12:19:15Z</time>
      </trkpt>
      <trkpt lat="43.269888" lon="-1.640837">
        <ele>367.459</ele>
        <time>2020-08-09T12:19:18Z</time>
      </trkpt>
      <trkpt lat="43.269857" lon="-1.640903">
        <ele>366.118</ele>
        <time>2020-08-09T12:19:23Z</time>
      </trkpt>
      <trkpt lat="43.269836" lon="-1.640961">
        <ele>364.732</ele>
        <time>2020-08-09T12:19:27Z</time>
      </trkpt>
      <trkpt lat="43.269803" lon="-1.641008">
        <ele>363.519</ele>
        <time>2020-08-09T12:19:32Z</time>
      </trkpt>
      <trkpt lat="43.269758" lon="-1.641044">
        <ele>362.924</ele>
        <time>2020-08-09T12:19:36Z</time>
      </trkpt>
      <trkpt lat="43.269715" lon="-1.641077">
        <ele>362.159</ele>
        <time>2020-08-09T12:19:42Z</time>
      </trkpt>
      <trkpt lat="43.269678" lon="-1.641123">
        <ele>360.974</ele>
        <time>2020-08-09T12:19:49Z</time>
      </trkpt>
      <trkpt lat="43.269633" lon="-1.641146">
        <ele>359.356</ele>
        <time>2020-08-09T12:19:55Z</time>
      </trkpt>
      <trkpt lat="43.269603" lon="-1.641208">
        <ele>358.321</ele>
        <time>2020-08-09T12:20:00Z</time>
      </trkpt>
      <trkpt lat="43.269580" lon="-1.641279">
        <ele>357.708</ele>
        <time>2020-08-09T12:20:04Z</time>
      </trkpt>
      <trkpt lat="43.269577" lon="-1.641344">
        <ele>356.712</ele>
        <time>2020-08-09T12:20:08Z</time>
      </trkpt>
      <trkpt lat="43.269571" lon="-1.641409">
        <ele>356.161</ele>
        <time>2020-08-09T12:20:12Z</time>
      </trkpt>
      <trkpt lat="43.269554" lon="-1.641475">
        <ele>355.460</ele>
        <time>2020-08-09T12:20:17Z</time>
      </trkpt>
      <trkpt lat="43.269542" lon="-1.641550">
        <ele>354.919</ele>
        <time>2020-08-09T12:20:22Z</time>
      </trkpt>
      <trkpt lat="43.269535" lon="-1.641613">
        <ele>354.883</ele>
        <time>2020-08-09T12:20:26Z</time>
      </trkpt>
      <trkpt lat="43.269519" lon="-1.641684">
        <ele>354.510</ele>
        <time>2020-08-09T12:20:31Z</time>
      </trkpt>
      <trkpt lat="43.269506" lon="-1.641750">
        <ele>354.115</ele>
        <time>2020-08-09T12:20:35Z</time>
      </trkpt>
      <trkpt lat="43.269482" lon="-1.641819">
        <ele>353.720</ele>
        <time>2020-08-09T12:20:40Z</time>
      </trkpt>
      <trkpt lat="43.269454" lon="-1.641873">
        <ele>353.063</ele>
        <time>2020-08-09T12:20:44Z</time>
      </trkpt>
      <trkpt lat="43.269428" lon="-1.641933">
        <ele>352.044</ele>
        <time>2020-08-09T12:20:48Z</time>
      </trkpt>
      <trkpt lat="43.269397" lon="-1.641993">
        <ele>351.318</ele>
        <time>2020-08-09T12:20:52Z</time>
      </trkpt>
      <trkpt lat="43.269356" lon="-1.642045">
        <ele>350.908</ele>
        <time>2020-08-09T12:20:56Z</time>
      </trkpt>
      <trkpt lat="43.269320" lon="-1.642081">
        <ele>350.431</ele>
        <time>2020-08-09T12:21:00Z</time>
      </trkpt>
      <trkpt lat="43.269286" lon="-1.642129">
        <ele>349.230</ele>
        <time>2020-08-09T12:21:05Z</time>
      </trkpt>
      <trkpt lat="43.269250" lon="-1.642168">
        <ele>347.719</ele>
        <time>2020-08-09T12:21:11Z</time>
      </trkpt>
      <trkpt lat="43.269216" lon="-1.642211">
        <ele>345.728</ele>
        <time>2020-08-09T12:21:17Z</time>
      </trkpt>
      <trkpt lat="43.269200" lon="-1.642275">
        <ele>344.252</ele>
        <time>2020-08-09T12:21:21Z</time>
      </trkpt>
      <trkpt lat="43.269162" lon="-1.642317">
        <ele>342.849</ele>
        <time>2020-08-09T12:21:25Z</time>
      </trkpt>
      <trkpt lat="43.269112" lon="-1.642343">
        <ele>341.444</ele>
        <time>2020-08-09T12:21:30Z</time>
      </trkpt>
      <trkpt lat="43.269059" lon="-1.642366">
        <ele>340.059</ele>
        <time>2020-08-09T12:21:35Z</time>
      </trkpt>
      <trkpt lat="43.269013" lon="-1.642392">
        <ele>338.795</ele>
        <time>2020-08-09T12:21:39Z</time>
      </trkpt>
      <trkpt lat="43.268969" lon="-1.642433">
        <ele>337.549</ele>
        <time>2020-08-09T12:21:43Z</time>
      </trkpt>
      <trkpt lat="43.268931" lon="-1.642476">
        <ele>336.523</ele>
        <time>2020-08-09T12:21:47Z</time>
      </trkpt>
      <trkpt lat="43.268901" lon="-1.642527">
        <ele>335.808</ele>
        <time>2020-08-09T12:21:51Z</time>
      </trkpt>
      <trkpt lat="43.268884" lon="-1.642589">
        <ele>334.734</ele>
        <time>2020-08-09T12:22:00Z</time>
      </trkpt>
      <trkpt lat="43.268909" lon="-1.642647">
        <ele>331.923</ele>
        <time>2020-08-09T12:22:19Z</time>
      </trkpt>
      <trkpt lat="43.268944" lon="-1.642689">
        <ele>329.512</ele>
        <time>2020-08-09T12:22:25Z</time>
      </trkpt>
      <trkpt lat="43.268992" lon="-1.642690">
        <ele>327.471</ele>
        <time>2020-08-09T12:22:30Z</time>
      </trkpt>
      <trkpt lat="43.269046" lon="-1.642699">
        <ele>325.815</ele>
        <time>2020-08-09T12:22:35Z</time>
      </trkpt>
      <trkpt lat="43.269090" lon="-1.642715">
        <ele>324.462</ele>
        <time>2020-08-09T12:22:38Z</time>
      </trkpt>
      <trkpt lat="43.269137" lon="-1.642720">
        <ele>323.227</ele>
        <time>2020-08-09T12:22:43Z</time>
      </trkpt>
      <trkpt lat="43.269183" lon="-1.642706">
        <ele>321.962</ele>
        <time>2020-08-09T12:22:49Z</time>
      </trkpt>
      <trkpt lat="43.269228" lon="-1.642685">
        <ele>320.632</ele>
        <time>2020-08-09T12:22:53Z</time>
      </trkpt>
      <trkpt lat="43.269276" lon="-1.642701">
        <ele>318.892</ele>
        <time>2020-08-09T12:23:00Z</time>
      </trkpt>
      <trkpt lat="43.269321" lon="-1.642679">
        <ele>316.011</ele>
        <time>2020-08-09T12:23:14Z</time>
      </trkpt>
      <trkpt lat="43.269367" lon="-1.642652">
        <ele>313.508</ele>
        <time>2020-08-09T12:23:21Z</time>
      </trkpt>
      <trkpt lat="43.269414" lon="-1.642626">
        <ele>311.618</ele>
        <time>2020-08-09T12:23:26Z</time>
      </trkpt>
      <trkpt lat="43.269449" lon="-1.642579">
        <ele>310.167</ele>
        <time>2020-08-09T12:23:30Z</time>
      </trkpt>
      <trkpt lat="43.269480" lon="-1.642517">
        <ele>309.266</ele>
        <time>2020-08-09T12:23:34Z</time>
      </trkpt>
      <trkpt lat="43.269527" lon="-1.642478">
        <ele>308.795</ele>
        <time>2020-08-09T12:23:38Z</time>
      </trkpt>
      <trkpt lat="43.269569" lon="-1.642455">
        <ele>308.359</ele>
        <time>2020-08-09T12:23:41Z</time>
      </trkpt>
      <trkpt lat="43.269617" lon="-1.642416">
        <ele>307.956</ele>
        <time>2020-08-09T12:23:44Z</time>
      </trkpt>
      <trkpt lat="43.269658" lon="-1.642386">
        <ele>307.581</ele>
        <time>2020-08-09T12:23:48Z</time>
      </trkpt>
      <trkpt lat="43.269702" lon="-1.642365">
        <ele>307.196</ele>
        <time>2020-08-09T12:23:52Z</time>
      </trkpt>
      <trkpt lat="43.269748" lon="-1.642373">
        <ele>306.723</ele>
        <time>2020-08-09T12:23:56Z</time>
      </trkpt>
      <trkpt lat="43.269795" lon="-1.642396">
        <ele>306.283</ele>
        <time>2020-08-09T12:24:00Z</time>
      </trkpt>
      <trkpt lat="43.269795" lon="-1.642396">
        <ele>306.211</ele>
        <time>2020-08-09T12:24:00Z</time>
      </trkpt>
      <trkpt lat="43.269846" lon="-1.642410">
        <ele>306.008</ele>
        <time>2020-08-09T12:24:04Z</time>
      </trkpt>
      <trkpt lat="43.269894" lon="-1.642399">
        <ele>305.887</ele>
        <time>2020-08-09T12:24:08Z</time>
      </trkpt>
      <trkpt lat="43.269945" lon="-1.642404">
        <ele>305.776</ele>
        <time>2020-08-09T12:24:12Z</time>
      </trkpt>
      <trkpt lat="43.269994" lon="-1.642421">
        <ele>305.565</ele>
        <time>2020-08-09T12:24:16Z</time>
      </trkpt>
      <trkpt lat="43.270039" lon="-1.642456">
        <ele>305.284</ele>
        <time>2020-08-09T12:24:20Z</time>
      </trkpt>
      <trkpt lat="43.270072" lon="-1.642499">
        <ele>304.828</ele>
        <time>2020-08-09T12:24:23Z</time>
      </trkpt>
      <trkpt lat="43.270086" lon="-1.642563">
        <ele>304.285</ele>
        <time>2020-08-09T12:24:27Z</time>
      </trkpt>
      <trkpt lat="43.270092" lon="-1.642636">
        <ele>303.510</ele>
        <time>2020-08-09T12:24:31Z</time>
      </trkpt>
      <trkpt lat="43.270125" lon="-1.642689">
        <ele>302.885</ele>
        <time>2020-08-09T12:24:36Z</time>
      </trkpt>
      <trkpt lat="43.270168" lon="-1.642735">
        <ele>302.365</ele>
        <time>2020-08-09T12:24:40Z</time>
      </trkpt>
      <trkpt lat="43.270211" lon="-1.642771">
        <ele>302.068</ele>
        <time>2020-08-09T12:24:44Z</time>
      </trkpt>
      <trkpt lat="43.270268" lon="-1.642785">
        <ele>302.214</ele>
        <time>2020-08-09T12:24:48Z</time>
      </trkpt>
      <trkpt lat="43.270315" lon="-1.642785">
        <ele>302.408</ele>
        <time>2020-08-09T12:24:51Z</time>
      </trkpt>
      <trkpt lat="43.270362" lon="-1.642799">
        <ele>302.111</ele>
        <time>2020-08-09T12:24:55Z</time>
      </trkpt>
      <trkpt lat="43.270409" lon="-1.642798">
        <ele>301.580</ele>
        <time>2020-08-09T12:25:01Z</time>
      </trkpt>
      <trkpt lat="43.270457" lon="-1.642781">
        <ele>300.929</ele>
        <time>2020-08-09T12:25:05Z</time>
      </trkpt>
      <trkpt lat="43.270500" lon="-1.642801">
        <ele>300.518</ele>
        <time>2020-08-09T12:25:08Z</time>
      </trkpt>
      <trkpt lat="43.270550" lon="-1.642796">
        <ele>299.942</ele>
        <time>2020-08-09T12:25:13Z</time>
      </trkpt>
      <trkpt lat="43.270594" lon="-1.642769">
        <ele>299.579</ele>
        <time>2020-08-09T12:25:17Z</time>
      </trkpt>
      <trkpt lat="43.270645" lon="-1.642733">
        <ele>298.954</ele>
        <time>2020-08-09T12:25:22Z</time>
      </trkpt>
      <trkpt lat="43.270684" lon="-1.642697">
        <ele>298.119</ele>
        <time>2020-08-09T12:25:26Z</time>
      </trkpt>
      <trkpt lat="43.270729" lon="-1.642646">
        <ele>297.295</ele>
        <time>2020-08-09T12:25:30Z</time>
      </trkpt>
      <trkpt lat="43.270769" lon="-1.642607">
        <ele>296.649</ele>
        <time>2020-08-09T12:25:35Z</time>
      </trkpt>
      <trkpt lat="43.270807" lon="-1.642574">
        <ele>296.323</ele>
        <time>2020-08-09T12:25:38Z</time>
      </trkpt>
      <trkpt lat="43.270845" lon="-1.642536">
        <ele>296.508</ele>
        <time>2020-08-09T12:25:43Z</time>
      </trkpt>
      <trkpt lat="43.270883" lon="-1.642487">
        <ele>296.454</ele>
        <time>2020-08-09T12:25:48Z</time>
      </trkpt>
      <trkpt lat="43.270923" lon="-1.642444">
        <ele>296.023</ele>
        <time>2020-08-09T12:25:53Z</time>
      </trkpt>
      <trkpt lat="43.270963" lon="-1.642400">
        <ele>295.652</ele>
        <time>2020-08-09T12:25:59Z</time>
      </trkpt>
      <trkpt lat="43.270997" lon="-1.642358">
        <ele>295.441</ele>
        <time>2020-08-09T12:26:03Z</time>
      </trkpt>
      <trkpt lat="43.271031" lon="-1.642305">
        <ele>295.265</ele>
        <time>2020-08-09T12:26:07Z</time>
      </trkpt>
      <trkpt lat="43.271066" lon="-1.642256">
        <ele>295.172</ele>
        <time>2020-08-09T12:26:11Z</time>
      </trkpt>
      <trkpt lat="43.271109" lon="-1.642197">
        <ele>295.187</ele>
        <time>2020-08-09T12:26:15Z</time>
      </trkpt>
      <trkpt lat="43.271147" lon="-1.642145">
        <ele>295.052</ele>
        <time>2020-08-09T12:26:19Z</time>
      </trkpt>
      <trkpt lat="43.271181" lon="-1.642105">
        <ele>294.783</ele>
        <time>2020-08-09T12:26:22Z</time>
      </trkpt>
      <trkpt lat="43.271229" lon="-1.642055">
        <ele>294.525</ele>
        <time>2020-08-09T12:26:26Z</time>
      </trkpt>
      <trkpt lat="43.271267" lon="-1.642018">
        <ele>294.417</ele>
        <time>2020-08-09T12:26:29Z</time>
      </trkpt>
      <trkpt lat="43.271305" lon="-1.641980">
        <ele>294.308</ele>
        <time>2020-08-09T12:26:32Z</time>
      </trkpt>
      <trkpt lat="43.271343" lon="-1.641947">
        <ele>294.063</ele>
        <time>2020-08-09T12:26:36Z</time>
      </trkpt>
      <trkpt lat="43.271384" lon="-1.641905">
        <ele>294.322</ele>
        <time>2020-08-09T12:26:41Z</time>
      </trkpt>
      <trkpt lat="43.271419" lon="-1.641865">
        <ele>294.771</ele>
        <time>2020-08-09T12:26:45Z</time>
      </trkpt>
      <trkpt lat="43.271447" lon="-1.641810">
        <ele>295.310</ele>
        <time>2020-08-09T12:26:49Z</time>
      </trkpt>
      <trkpt lat="43.271471" lon="-1.641756">
        <ele>296.134</ele>
        <time>2020-08-09T12:26:52Z</time>
      </trkpt>
      <trkpt lat="43.271487" lon="-1.641698">
        <ele>296.881</ele>
        <time>2020-08-09T12:26:55Z</time>
      </trkpt>
      <trkpt lat="43.271508" lon="-1.641640">
        <ele>297.746</ele>
        <time>2020-08-09T12:26:59Z</time>
      </trkpt>
      <trkpt lat="43.271527" lon="-1.641573">
        <ele>298.221</ele>
        <time>2020-08-09T12:27:04Z</time>
      </trkpt>
      <trkpt lat="43.271526" lon="-1.641505">
        <ele>298.727</ele>
        <time>2020-08-09T12:27:08Z</time>
      </trkpt>
      <trkpt lat="43.271523" lon="-1.641427">
        <ele>299.468</ele>
        <time>2020-08-09T12:27:13Z</time>
      </trkpt>
      <trkpt lat="43.271533" lon="-1.641355">
        <ele>300.214</ele>
        <time>2020-08-09T12:27:17Z</time>
      </trkpt>
      <trkpt lat="43.271542" lon="-1.641286">
        <ele>300.908</ele>
        <time>2020-08-09T12:27:21Z</time>
      </trkpt>
      <trkpt lat="43.271535" lon="-1.641213">
        <ele>301.687</ele>
        <time>2020-08-09T12:27:25Z</time>
      </trkpt>
      <trkpt lat="43.271530" lon="-1.641150">
        <ele>302.166</ele>
        <time>2020-08-09T12:27:29Z</time>
      </trkpt>
      <trkpt lat="43.271528" lon="-1.641076">
        <ele>302.735</ele>
        <time>2020-08-09T12:27:34Z</time>
      </trkpt>
      <trkpt lat="43.271545" lon="-1.641007">
        <ele>303.274</ele>
        <time>2020-08-09T12:27:39Z</time>
      </trkpt>
      <trkpt lat="43.271572" lon="-1.640951">
        <ele>303.458</ele>
        <time>2020-08-09T12:27:44Z</time>
      </trkpt>
      <trkpt lat="43.271603" lon="-1.640892">
        <ele>303.685</ele>
        <time>2020-08-09T12:27:49Z</time>
      </trkpt>
      <trkpt lat="43.271642" lon="-1.640853">
        <ele>303.980</ele>
        <time>2020-08-09T12:27:53Z</time>
      </trkpt>
      <trkpt lat="43.271681" lon="-1.640815">
        <ele>304.185</ele>
        <time>2020-08-09T12:27:57Z</time>
      </trkpt>
      <trkpt lat="43.271713" lon="-1.640764">
        <ele>304.598</ele>
        <time>2020-08-09T12:28:01Z</time>
      </trkpt>
      <trkpt lat="43.271743" lon="-1.640708">
        <ele>304.815</ele>
        <time>2020-08-09T12:28:05Z</time>
      </trkpt>
      <trkpt lat="43.271757" lon="-1.640639">
        <ele>305.326</ele>
        <time>2020-08-09T12:28:09Z</time>
      </trkpt>
      <trkpt lat="43.271769" lon="-1.640576">
        <ele>305.608</ele>
        <time>2020-08-09T12:28:12Z</time>
      </trkpt>
      <trkpt lat="43.271782" lon="-1.640510">
        <ele>305.714</ele>
        <time>2020-08-09T12:28:15Z</time>
      </trkpt>
      <trkpt lat="43.271801" lon="-1.640452">
        <ele>305.833</ele>
        <time>2020-08-09T12:28:19Z</time>
      </trkpt>
      <trkpt lat="43.271819" lon="-1.640392">
        <ele>305.872</ele>
        <time>2020-08-09T12:28:23Z</time>
      </trkpt>
      <trkpt lat="43.271837" lon="-1.640331">
        <ele>306.211</ele>
        <time>2020-08-09T12:28:27Z</time>
      </trkpt>
      <trkpt lat="43.271865" lon="-1.640279">
        <ele>306.865</ele>
        <time>2020-08-09T12:28:31Z</time>
      </trkpt>
      <trkpt lat="43.271896" lon="-1.640226">
        <ele>307.852</ele>
        <time>2020-08-09T12:28:35Z</time>
      </trkpt>
      <trkpt lat="43.271924" lon="-1.640163">
        <ele>309.117</ele>
        <time>2020-08-09T12:28:40Z</time>
      </trkpt>
      <trkpt lat="43.271944" lon="-1.640097">
        <ele>309.842</ele>
        <time>2020-08-09T12:28:45Z</time>
      </trkpt>
      <trkpt lat="43.271964" lon="-1.640037">
        <ele>310.183</ele>
        <time>2020-08-09T12:28:49Z</time>
      </trkpt>
      <trkpt lat="43.272000" lon="-1.639978">
        <ele>310.325</ele>
        <time>2020-08-09T12:28:54Z</time>
      </trkpt>
      <trkpt lat="43.272040" lon="-1.639941">
        <ele>310.417</ele>
        <time>2020-08-09T12:28:59Z</time>
      </trkpt>
      <trkpt lat="43.272083" lon="-1.639920">
        <ele>310.408</ele>
        <time>2020-08-09T12:29:02Z</time>
      </trkpt>
      <trkpt lat="43.272128" lon="-1.639873">
        <ele>310.473</ele>
        <time>2020-08-09T12:29:07Z</time>
      </trkpt>
      <trkpt lat="43.272175" lon="-1.639853">
        <ele>310.462</ele>
        <time>2020-08-09T12:29:12Z</time>
      </trkpt>
      <trkpt lat="43.272227" lon="-1.639834">
        <ele>310.211</ele>
        <time>2020-08-09T12:29:16Z</time>
      </trkpt>
      <trkpt lat="43.272248" lon="-1.639772">
        <ele>309.970</ele>
        <time>2020-08-09T12:29:19Z</time>
      </trkpt>
      <trkpt lat="43.272278" lon="-1.639707">
        <ele>309.544</ele>
        <time>2020-08-09T12:29:22Z</time>
      </trkpt>
      <trkpt lat="43.272306" lon="-1.639650">
        <ele>309.241</ele>
        <time>2020-08-09T12:29:25Z</time>
      </trkpt>
      <trkpt lat="43.272349" lon="-1.639614">
        <ele>308.676</ele>
        <time>2020-08-09T12:29:30Z</time>
      </trkpt>
      <trkpt lat="43.272390" lon="-1.639585">
        <ele>308.091</ele>
        <time>2020-08-09T12:29:34Z</time>
      </trkpt>
      <trkpt lat="43.272434" lon="-1.639546">
        <ele>307.562</ele>
        <time>2020-08-09T12:29:40Z</time>
      </trkpt>
      <trkpt lat="43.272473" lon="-1.639510">
        <ele>307.283</ele>
        <time>2020-08-09T12:29:44Z</time>
      </trkpt>
      <trkpt lat="43.272519" lon="-1.639472">
        <ele>307.411</ele>
        <time>2020-08-09T12:29:49Z</time>
      </trkpt>
      <trkpt lat="43.272568" lon="-1.639449">
        <ele>307.108</ele>
        <time>2020-08-09T12:29:53Z</time>
      </trkpt>
      <trkpt lat="43.272599" lon="-1.639400">
        <ele>306.031</ele>
        <time>2020-08-09T12:30:00Z</time>
      </trkpt>
      <trkpt lat="43.272638" lon="-1.639365">
        <ele>305.130</ele>
        <time>2020-08-09T12:30:05Z</time>
      </trkpt>
      <trkpt lat="43.272674" lon="-1.639316">
        <ele>303.949</ele>
        <time>2020-08-09T12:30:10Z</time>
      </trkpt>
      <trkpt lat="43.272709" lon="-1.639264">
        <ele>303.058</ele>
        <time>2020-08-09T12:30:14Z</time>
      </trkpt>
      <trkpt lat="43.272746" lon="-1.639213">
        <ele>302.482</ele>
        <time>2020-08-09T12:30:18Z</time>
      </trkpt>
      <trkpt lat="43.272784" lon="-1.639159">
        <ele>301.989</ele>
        <time>2020-08-09T12:30:22Z</time>
      </trkpt>
      <trkpt lat="43.272815" lon="-1.639107">
        <ele>301.444</ele>
        <time>2020-08-09T12:30:25Z</time>
      </trkpt>
      <trkpt lat="43.272857" lon="-1.639052">
        <ele>301.069</ele>
        <time>2020-08-09T12:30:28Z</time>
      </trkpt>
      <trkpt lat="43.272890" lon="-1.639005">
        <ele>300.893</ele>
        <time>2020-08-09T12:30:31Z</time>
      </trkpt>
      <trkpt lat="43.272920" lon="-1.638940">
        <ele>301.065</ele>
        <time>2020-08-09T12:30:36Z</time>
      </trkpt>
      <trkpt lat="43.272958" lon="-1.638892">
        <ele>301.121</ele>
        <time>2020-08-09T12:30:40Z</time>
      </trkpt>
      <trkpt lat="43.272961" lon="-1.638820">
        <ele>300.908</ele>
        <time>2020-08-09T12:30:45Z</time>
      </trkpt>
      <trkpt lat="43.272979" lon="-1.638762">
        <ele>300.434</ele>
        <time>2020-08-09T12:30:50Z</time>
      </trkpt>
      <trkpt lat="43.273003" lon="-1.638701">
        <ele>299.793</ele>
        <time>2020-08-09T12:30:54Z</time>
      </trkpt>
      <trkpt lat="43.273017" lon="-1.638634">
        <ele>299.282</ele>
        <time>2020-08-09T12:30:58Z</time>
      </trkpt>
      <trkpt lat="43.273028" lon="-1.638562">
        <ele>298.811</ele>
        <time>2020-08-09T12:31:02Z</time>
      </trkpt>
      <trkpt lat="43.273022" lon="-1.638497">
        <ele>298.525</ele>
        <time>2020-08-09T12:31:08Z</time>
      </trkpt>
      <trkpt lat="43.273026" lon="-1.638434">
        <ele>298.312</ele>
        <time>2020-08-09T12:31:12Z</time>
      </trkpt>
      <trkpt lat="43.273036" lon="-1.638368">
        <ele>298.267</ele>
        <time>2020-08-09T12:31:15Z</time>
      </trkpt>
      <trkpt lat="43.273058" lon="-1.638302">
        <ele>298.262</ele>
        <time>2020-08-09T12:31:20Z</time>
      </trkpt>
      <trkpt lat="43.273091" lon="-1.638258">
        <ele>298.221</ele>
        <time>2020-08-09T12:31:25Z</time>
      </trkpt>
      <trkpt lat="43.273134" lon="-1.638229">
        <ele>297.841</ele>
        <time>2020-08-09T12:31:29Z</time>
      </trkpt>
      <trkpt lat="43.273183" lon="-1.638217">
        <ele>297.305</ele>
        <time>2020-08-09T12:31:33Z</time>
      </trkpt>
      <trkpt lat="43.273229" lon="-1.638202">
        <ele>296.808</ele>
        <time>2020-08-09T12:31:37Z</time>
      </trkpt>
      <trkpt lat="43.273278" lon="-1.638182">
        <ele>296.697</ele>
        <time>2020-08-09T12:31:40Z</time>
      </trkpt>
      <trkpt lat="43.273322" lon="-1.638165">
        <ele>296.416</ele>
        <time>2020-08-09T12:31:44Z</time>
      </trkpt>
      <trkpt lat="43.273367" lon="-1.638159">
        <ele>296.475</ele>
        <time>2020-08-09T12:31:49Z</time>
      </trkpt>
      <trkpt lat="43.273414" lon="-1.638141">
        <ele>296.314</ele>
        <time>2020-08-09T12:31:54Z</time>
      </trkpt>
      <trkpt lat="43.273457" lon="-1.638114">
        <ele>295.188</ele>
        <time>2020-08-09T12:32:02Z</time>
      </trkpt>
      <trkpt lat="43.273466" lon="-1.638044">
        <ele>293.135</ele>
        <time>2020-08-09T12:32:08Z</time>
      </trkpt>
      <trkpt lat="43.273463" lon="-1.637981">
        <ele>291.260</ele>
        <time>2020-08-09T12:32:11Z</time>
      </trkpt>
      <trkpt lat="43.273455" lon="-1.637918">
        <ele>289.585</ele>
        <time>2020-08-09T12:32:15Z</time>
      </trkpt>
      <trkpt lat="43.273451" lon="-1.637852">
        <ele>287.946</ele>
        <time>2020-08-09T12:32:22Z</time>
      </trkpt>
      <trkpt lat="43.273467" lon="-1.637781">
        <ele>286.488</ele>
        <time>2020-08-09T12:32:27Z</time>
      </trkpt>
      <trkpt lat="43.273494" lon="-1.637724">
        <ele>285.216</ele>
        <time>2020-08-09T12:32:30Z</time>
      </trkpt>
      <trkpt lat="43.273526" lon="-1.637678">
        <ele>284.208</ele>
        <time>2020-08-09T12:32:33Z</time>
      </trkpt>
      <trkpt lat="43.273574" lon="-1.637641">
        <ele>283.819</ele>
        <time>2020-08-09T12:32:37Z</time>
      </trkpt>
      <trkpt lat="43.273622" lon="-1.637627">
        <ele>283.658</ele>
        <time>2020-08-09T12:32:40Z</time>
      </trkpt>
      <trkpt lat="43.273670" lon="-1.637611">
        <ele>283.697</ele>
        <time>2020-08-09T12:32:44Z</time>
      </trkpt>
      <trkpt lat="43.273723" lon="-1.637606">
        <ele>283.916</ele>
        <time>2020-08-09T12:32:48Z</time>
      </trkpt>
      <trkpt lat="43.273768" lon="-1.637618">
        <ele>284.460</ele>
        <time>2020-08-09T12:32:52Z</time>
      </trkpt>
      <trkpt lat="43.273817" lon="-1.637616">
        <ele>284.957</ele>
        <time>2020-08-09T12:32:56Z</time>
      </trkpt>
      <trkpt lat="43.273865" lon="-1.637619">
        <ele>285.492</ele>
        <time>2020-08-09T12:32:59Z</time>
      </trkpt>
      <trkpt lat="43.273912" lon="-1.637624">
        <ele>285.997</ele>
        <time>2020-08-09T12:33:03Z</time>
      </trkpt>
      <trkpt lat="43.273963" lon="-1.637622">
        <ele>286.659</ele>
        <time>2020-08-09T12:33:06Z</time>
      </trkpt>
      <trkpt lat="43.274008" lon="-1.637616">
        <ele>287.303</ele>
        <time>2020-08-09T12:33:09Z</time>
      </trkpt>
      <trkpt lat="43.274008" lon="-1.637616">
        <ele>287.323</ele>
        <time>2020-08-09T12:33:09Z</time>
      </trkpt>
      <trkpt lat="43.274061" lon="-1.637604">
        <ele>287.808</ele>
        <time>2020-08-09T12:33:12Z</time>
      </trkpt>
      <trkpt lat="43.274107" lon="-1.637572">
        <ele>288.530</ele>
        <time>2020-08-09T12:33:16Z</time>
      </trkpt>
      <trkpt lat="43.274152" lon="-1.637535">
        <ele>289.329</ele>
        <time>2020-08-09T12:33:20Z</time>
      </trkpt>
      <trkpt lat="43.274185" lon="-1.637490">
        <ele>289.948</ele>
        <time>2020-08-09T12:33:23Z</time>
      </trkpt>
      <trkpt lat="43.274222" lon="-1.637432">
        <ele>290.447</ele>
        <time>2020-08-09T12:33:27Z</time>
      </trkpt>
      <trkpt lat="43.274258" lon="-1.637388">
        <ele>290.731</ele>
        <time>2020-08-09T12:33:31Z</time>
      </trkpt>
      <trkpt lat="43.274302" lon="-1.637349">
        <ele>290.978</ele>
        <time>2020-08-09T12:33:36Z</time>
      </trkpt>
      <trkpt lat="43.274335" lon="-1.637283">
        <ele>291.273</ele>
        <time>2020-08-09T12:33:40Z</time>
      </trkpt>
      <trkpt lat="43.274363" lon="-1.637218">
        <ele>291.328</ele>
        <time>2020-08-09T12:33:45Z</time>
      </trkpt>
      <trkpt lat="43.274392" lon="-1.637168">
        <ele>291.693</ele>
        <time>2020-08-09T12:33:49Z</time>
      </trkpt>
      <trkpt lat="43.274419" lon="-1.637118">
        <ele>291.965</ele>
        <time>2020-08-09T12:33:53Z</time>
      </trkpt>
      <trkpt lat="43.274454" lon="-1.637068">
        <ele>292.221</ele>
        <time>2020-08-09T12:33:57Z</time>
      </trkpt>
      <trkpt lat="43.274490" lon="-1.637029">
        <ele>292.408</ele>
        <time>2020-08-09T12:34:02Z</time>
      </trkpt>
      <trkpt lat="43.274528" lon="-1.636995">
        <ele>292.784</ele>
        <time>2020-08-09T12:34:08Z</time>
      </trkpt>
      <trkpt lat="43.274574" lon="-1.636970">
        <ele>292.913</ele>
        <time>2020-08-09T12:34:13Z</time>
      </trkpt>
      <trkpt lat="43.274617" lon="-1.636940">
        <ele>293.132</ele>
        <time>2020-08-09T12:34:17Z</time>
      </trkpt>
      <trkpt lat="43.274662" lon="-1.636916">
        <ele>293.311</ele>
        <time>2020-08-09T12:34:21Z</time>
      </trkpt>
      <trkpt lat="43.274714" lon="-1.636913">
        <ele>293.415</ele>
        <time>2020-08-09T12:34:26Z</time>
      </trkpt>
      <trkpt lat="43.274761" lon="-1.636924">
        <ele>293.522</ele>
        <time>2020-08-09T12:34:30Z</time>
      </trkpt>
      <trkpt lat="43.274815" lon="-1.636931">
        <ele>293.517</ele>
        <time>2020-08-09T12:34:35Z</time>
      </trkpt>
      <trkpt lat="43.274873" lon="-1.636931">
        <ele>293.632</ele>
        <time>2020-08-09T12:34:39Z</time>
      </trkpt>
      <trkpt lat="43.274924" lon="-1.636927">
        <ele>293.586</ele>
        <time>2020-08-09T12:34:43Z</time>
      </trkpt>
      <trkpt lat="43.274924" lon="-1.636927">
        <ele>293.560</ele>
        <time>2020-08-09T12:34:43Z</time>
      </trkpt>
      <trkpt lat="43.274972" lon="-1.636926">
        <ele>293.226</ele>
        <time>2020-08-09T12:34:47Z</time>
      </trkpt>
      <trkpt lat="43.275021" lon="-1.636915">
        <ele>293.008</ele>
        <time>2020-08-09T12:34:51Z</time>
      </trkpt>
      <trkpt lat="43.275073" lon="-1.636906">
        <ele>292.943</ele>
        <time>2020-08-09T12:34:55Z</time>
      </trkpt>
      <trkpt lat="43.275118" lon="-1.636879">
        <ele>292.552</ele>
        <time>2020-08-09T12:35:01Z</time>
      </trkpt>
      <trkpt lat="43.275162" lon="-1.636837">
        <ele>292.431</ele>
        <time>2020-08-09T12:35:06Z</time>
      </trkpt>
      <trkpt lat="43.275200" lon="-1.636781">
        <ele>292.430</ele>
        <time>2020-08-09T12:35:10Z</time>
      </trkpt>
      <trkpt lat="43.275226" lon="-1.636730">
        <ele>292.354</ele>
        <time>2020-08-09T12:35:14Z</time>
      </trkpt>
      <trkpt lat="43.275239" lon="-1.636661">
        <ele>292.271</ele>
        <time>2020-08-09T12:35:18Z</time>
      </trkpt>
      <trkpt lat="43.275233" lon="-1.636597">
        <ele>292.176</ele>
        <time>2020-08-09T12:35:21Z</time>
      </trkpt>
      <trkpt lat="43.275233" lon="-1.636532">
        <ele>291.771</ele>
        <time>2020-08-09T12:35:25Z</time>
      </trkpt>
      <trkpt lat="43.275246" lon="-1.636467">
        <ele>291.121</ele>
        <time>2020-08-09T12:35:29Z</time>
      </trkpt>
      <trkpt lat="43.275262" lon="-1.636405">
        <ele>290.641</ele>
        <time>2020-08-09T12:35:34Z</time>
      </trkpt>
      <trkpt lat="43.275290" lon="-1.636355">
        <ele>290.005</ele>
        <time>2020-08-09T12:35:38Z</time>
      </trkpt>
      <trkpt lat="43.275333" lon="-1.636323">
        <ele>289.508</ele>
        <time>2020-08-09T12:35:43Z</time>
      </trkpt>
      <trkpt lat="43.275363" lon="-1.636261">
        <ele>289.397</ele>
        <time>2020-08-09T12:35:48Z</time>
      </trkpt>
      <trkpt lat="43.275415" lon="-1.636274">
        <ele>289.036</ele>
        <time>2020-08-09T12:35:52Z</time>
      </trkpt>
      <trkpt lat="43.275467" lon="-1.636300">
        <ele>288.985</ele>
        <time>2020-08-09T12:35:55Z</time>
      </trkpt>
      <trkpt lat="43.275513" lon="-1.636321">
        <ele>289.044</ele>
        <time>2020-08-09T12:36:00Z</time>
      </trkpt>
      <trkpt lat="43.275561" lon="-1.636345">
        <ele>289.428</ele>
        <time>2020-08-09T12:36:08Z</time>
      </trkpt>
      <trkpt lat="43.275614" lon="-1.636343">
        <ele>289.795</ele>
        <time>2020-08-09T12:36:13Z</time>
      </trkpt>
      <trkpt lat="43.275660" lon="-1.636341">
        <ele>290.020</ele>
        <time>2020-08-09T12:36:18Z</time>
      </trkpt>
      <trkpt lat="43.275712" lon="-1.636336">
        <ele>290.355</ele>
        <time>2020-08-09T12:36:23Z</time>
      </trkpt>
      <trkpt lat="43.275762" lon="-1.636330">
        <ele>290.578</ele>
        <time>2020-08-09T12:36:27Z</time>
      </trkpt>
      <trkpt lat="43.275811" lon="-1.636356">
        <ele>290.633</ele>
        <time>2020-08-09T12:36:31Z</time>
      </trkpt>
      <trkpt lat="43.275867" lon="-1.636381">
        <ele>290.726</ele>
        <time>2020-08-09T12:36:35Z</time>
      </trkpt>
      <trkpt lat="43.275911" lon="-1.636397">
        <ele>290.808</ele>
        <time>2020-08-09T12:36:37Z</time>
      </trkpt>
      <trkpt lat="43.275970" lon="-1.636408">
        <ele>290.672</ele>
        <time>2020-08-09T12:36:42Z</time>
      </trkpt>
      <trkpt lat="43.276018" lon="-1.636408">
        <ele>290.311</ele>
        <time>2020-08-09T12:36:45Z</time>
      </trkpt>
      <trkpt lat="43.276070" lon="-1.636409">
        <ele>290.070</ele>
        <time>2020-08-09T12:36:49Z</time>
      </trkpt>
      <trkpt lat="43.276120" lon="-1.636416">
        <ele>289.759</ele>
        <time>2020-08-09T12:36:54Z</time>
      </trkpt>
      <trkpt lat="43.276166" lon="-1.636436">
        <ele>289.543</ele>
        <time>2020-08-09T12:36:59Z</time>
      </trkpt>
      <trkpt lat="43.276210" lon="-1.636451">
        <ele>289.380</ele>
        <time>2020-08-09T12:37:03Z</time>
      </trkpt>
      <trkpt lat="43.276259" lon="-1.636470">
        <ele>289.365</ele>
        <time>2020-08-09T12:37:06Z</time>
      </trkpt>
      <trkpt lat="43.276305" lon="-1.636486">
        <ele>289.310</ele>
        <time>2020-08-09T12:37:10Z</time>
      </trkpt>
      <trkpt lat="43.276355" lon="-1.636488">
        <ele>288.358</ele>
        <time>2020-08-09T12:37:15Z</time>
      </trkpt>
      <trkpt lat="43.276398" lon="-1.636466">
        <ele>287.252</ele>
        <time>2020-08-09T12:37:19Z</time>
      </trkpt>
      <trkpt lat="43.276442" lon="-1.636439">
        <ele>285.917</ele>
        <time>2020-08-09T12:37:23Z</time>
      </trkpt>
      <trkpt lat="43.276480" lon="-1.636405">
        <ele>284.508</ele>
        <time>2020-08-09T12:37:26Z</time>
      </trkpt>
      <trkpt lat="43.276528" lon="-1.636400">
        <ele>283.160</ele>
        <time>2020-08-09T12:37:32Z</time>
      </trkpt>
      <trkpt lat="43.276575" lon="-1.636415">
        <ele>282.739</ele>
        <time>2020-08-09T12:37:38Z</time>
      </trkpt>
      <trkpt lat="43.276575" lon="-1.636415">
        <ele>282.738</ele>
        <time>2020-08-09T12:37:38Z</time>
      </trkpt>
      <trkpt lat="43.276533" lon="-1.636389">
        <ele>282.787</ele>
        <time>2020-08-09T12:37:54Z</time>
      </trkpt>
      <trkpt lat="43.276514" lon="-1.636321">
        <ele>282.211</ele>
        <time>2020-08-09T12:38:31Z</time>
      </trkpt>
      <trkpt lat="43.276534" lon="-1.636254">
        <ele>282.438</ele>
        <time>2020-08-09T12:38:46Z</time>
      </trkpt>
      <trkpt lat="43.276567" lon="-1.636201">
        <ele>282.453</ele>
        <time>2020-08-09T12:38:51Z</time>
      </trkpt>
      <trkpt lat="43.276609" lon="-1.636160">
        <ele>282.018</ele>
        <time>2020-08-09T12:38:56Z</time>
      </trkpt>
      <trkpt lat="43.276646" lon="-1.636116">
        <ele>281.096</ele>
        <time>2020-08-09T12:39:00Z</time>
      </trkpt>
      <trkpt lat="43.276677" lon="-1.636069">
        <ele>279.831</ele>
        <time>2020-08-09T12:39:04Z</time>
      </trkpt>
      <trkpt lat="43.276722" lon="-1.636041">
        <ele>279.324</ele>
        <time>2020-08-09T12:39:09Z</time>
      </trkpt>
      <trkpt lat="43.276753" lon="-1.635980">
        <ele>279.608</ele>
        <time>2020-08-09T12:39:15Z</time>
      </trkpt>
      <trkpt lat="43.276765" lon="-1.635907">
        <ele>279.764</ele>
        <time>2020-08-09T12:39:20Z</time>
      </trkpt>
      <trkpt lat="43.276771" lon="-1.635844">
        <ele>279.583</ele>
        <time>2020-08-09T12:39:24Z</time>
      </trkpt>
      <trkpt lat="43.276774" lon="-1.635781">
        <ele>279.432</ele>
        <time>2020-08-09T12:39:28Z</time>
      </trkpt>
      <trkpt lat="43.276786" lon="-1.635719">
        <ele>279.461</ele>
        <time>2020-08-09T12:39:32Z</time>
      </trkpt>
      <trkpt lat="43.276800" lon="-1.635658">
        <ele>279.585</ele>
        <time>2020-08-09T12:39:35Z</time>
      </trkpt>
      <trkpt lat="43.276807" lon="-1.635595">
        <ele>279.452</ele>
        <time>2020-08-09T12:39:39Z</time>
      </trkpt>
      <trkpt lat="43.276821" lon="-1.635526">
        <ele>279.357</ele>
        <time>2020-08-09T12:39:43Z</time>
      </trkpt>
      <trkpt lat="43.276821" lon="-1.635460">
        <ele>279.062</ele>
        <time>2020-08-09T12:39:47Z</time>
      </trkpt>
      <trkpt lat="43.276841" lon="-1.635404">
        <ele>278.354</ele>
        <time>2020-08-09T12:39:52Z</time>
      </trkpt>
      <trkpt lat="43.276868" lon="-1.635336">
        <ele>277.756</ele>
        <time>2020-08-09T12:39:57Z</time>
      </trkpt>
      <trkpt lat="43.276892" lon="-1.635279">
        <ele>277.111</ele>
        <time>2020-08-09T12:40:01Z</time>
      </trkpt>
      <trkpt lat="43.276922" lon="-1.635223">
        <ele>276.608</ele>
        <time>2020-08-09T12:40:05Z</time>
      </trkpt>
      <trkpt lat="43.276938" lon="-1.635165">
        <ele>276.050</ele>
        <time>2020-08-09T12:40:10Z</time>
      </trkpt>
      <trkpt lat="43.276938" lon="-1.635100">
        <ele>275.479</ele>
        <time>2020-08-09T12:40:14Z</time>
      </trkpt>
      <trkpt lat="43.276927" lon="-1.635032">
        <ele>274.948</ele>
        <time>2020-08-09T12:40:19Z</time>
      </trkpt>
      <trkpt lat="43.276906" lon="-1.634968">
        <ele>274.667</ele>
        <time>2020-08-09T12:40:23Z</time>
      </trkpt>
      <trkpt lat="43.276892" lon="-1.634906">
        <ele>274.691</ele>
        <time>2020-08-09T12:40:28Z</time>
      </trkpt>
      <trkpt lat="43.276897" lon="-1.634841">
        <ele>274.758</ele>
        <time>2020-08-09T12:40:32Z</time>
      </trkpt>
      <trkpt lat="43.276915" lon="-1.634774">
        <ele>275.283</ele>
        <time>2020-08-09T12:40:39Z</time>
      </trkpt>
      <trkpt lat="43.276943" lon="-1.634721">
        <ele>275.768</ele>
        <time>2020-08-09T12:40:43Z</time>
      </trkpt>
      <trkpt lat="43.276984" lon="-1.634686">
        <ele>276.453</ele>
        <time>2020-08-09T12:40:49Z</time>
      </trkpt>
      <trkpt lat="43.277014" lon="-1.634636">
        <ele>277.004</ele>
        <time>2020-08-09T12:40:56Z</time>
      </trkpt>
      <trkpt lat="43.277051" lon="-1.634593">
        <ele>277.414</ele>
        <time>2020-08-09T12:41:01Z</time>
      </trkpt>
      <trkpt lat="43.277101" lon="-1.634553">
        <ele>277.608</ele>
        <time>2020-08-09T12:41:06Z</time>
      </trkpt>
      <trkpt lat="43.277149" lon="-1.634509">
        <ele>277.740</ele>
        <time>2020-08-09T12:41:10Z</time>
      </trkpt>
      <trkpt lat="43.277192" lon="-1.634460">
        <ele>277.999</ele>
        <time>2020-08-09T12:41:14Z</time>
      </trkpt>
      <trkpt lat="43.277226" lon="-1.634415">
        <ele>278.268</ele>
        <time>2020-08-09T12:41:17Z</time>
      </trkpt>
      <trkpt lat="43.277255" lon="-1.634368">
        <ele>278.467</ele>
        <time>2020-08-09T12:41:20Z</time>
      </trkpt>
      <trkpt lat="43.277287" lon="-1.634318">
        <ele>278.621</ele>
        <time>2020-08-09T12:41:26Z</time>
      </trkpt>
      <trkpt lat="43.277324" lon="-1.634271">
        <ele>278.828</ele>
        <time>2020-08-09T12:41:32Z</time>
      </trkpt>
      <trkpt lat="43.277372" lon="-1.634252">
        <ele>278.563</ele>
        <time>2020-08-09T12:41:40Z</time>
      </trkpt>
      <trkpt lat="43.277418" lon="-1.634237">
        <ele>278.058</ele>
        <time>2020-08-09T12:41:44Z</time>
      </trkpt>
      <trkpt lat="43.277463" lon="-1.634197">
        <ele>277.439</ele>
        <time>2020-08-09T12:41:48Z</time>
      </trkpt>
      <trkpt lat="43.277500" lon="-1.634160">
        <ele>276.501</ele>
        <time>2020-08-09T12:41:51Z</time>
      </trkpt>
      <trkpt lat="43.277538" lon="-1.634124">
        <ele>275.521</ele>
        <time>2020-08-09T12:41:55Z</time>
      </trkpt>
      <trkpt lat="43.277577" lon="-1.634076">
        <ele>273.808</ele>
        <time>2020-08-09T12:41:59Z</time>
      </trkpt>
      <trkpt lat="43.277618" lon="-1.634035">
        <ele>272.038</ele>
        <time>2020-08-09T12:42:03Z</time>
      </trkpt>
      <trkpt lat="43.277661" lon="-1.634011">
        <ele>270.427</ele>
        <time>2020-08-09T12:42:07Z</time>
      </trkpt>
      <trkpt lat="43.277702" lon="-1.633970">
        <ele>268.856</ele>
        <time>2020-08-09T12:42:11Z</time>
      </trkpt>
      <trkpt lat="43.277735" lon="-1.633927">
        <ele>267.575</ele>
        <time>2020-08-09T12:42:14Z</time>
      </trkpt>
      <trkpt lat="43.277767" lon="-1.633879">
        <ele>266.549</ele>
        <time>2020-08-09T12:42:18Z</time>
      </trkpt>
      <trkpt lat="43.277807" lon="-1.633830">
        <ele>265.546</ele>
        <time>2020-08-09T12:42:22Z</time>
      </trkpt>
      <trkpt lat="43.277857" lon="-1.633809">
        <ele>264.571</ele>
        <time>2020-08-09T12:42:26Z</time>
      </trkpt>
      <trkpt lat="43.277910" lon="-1.633789">
        <ele>263.476</ele>
        <time>2020-08-09T12:42:30Z</time>
      </trkpt>
      <trkpt lat="43.277957" lon="-1.633774">
        <ele>262.193</ele>
        <time>2020-08-09T12:42:35Z</time>
      </trkpt>
      <trkpt lat="43.278009" lon="-1.633775">
        <ele>261.265</ele>
        <time>2020-08-09T12:42:40Z</time>
      </trkpt>
      <trkpt lat="43.278054" lon="-1.633786">
        <ele>260.421</ele>
        <time>2020-08-09T12:42:44Z</time>
      </trkpt>
      <trkpt lat="43.278094" lon="-1.633823">
        <ele>259.708</ele>
        <time>2020-08-09T12:42:48Z</time>
      </trkpt>
      <trkpt lat="43.278129" lon="-1.633865">
        <ele>259.264</ele>
        <time>2020-08-09T12:42:51Z</time>
      </trkpt>
      <trkpt lat="43.278162" lon="-1.633909">
        <ele>259.033</ele>
        <time>2020-08-09T12:42:56Z</time>
      </trkpt>
      <trkpt lat="43.278209" lon="-1.633946">
        <ele>258.642</ele>
        <time>2020-08-09T12:43:01Z</time>
      </trkpt>
      <trkpt lat="43.278259" lon="-1.633971">
        <ele>258.041</ele>
        <time>2020-08-09T12:43:06Z</time>
      </trkpt>
      <trkpt lat="43.278313" lon="-1.633981">
        <ele>257.495</ele>
        <time>2020-08-09T12:43:11Z</time>
      </trkpt>
      <trkpt lat="43.278358" lon="-1.633976">
        <ele>257.042</ele>
        <time>2020-08-09T12:43:16Z</time>
      </trkpt>
      <trkpt lat="43.278407" lon="-1.633959">
        <ele>256.637</ele>
        <time>2020-08-09T12:43:20Z</time>
      </trkpt>
      <trkpt lat="43.278447" lon="-1.633915">
        <ele>256.252</ele>
        <time>2020-08-09T12:43:25Z</time>
      </trkpt>
      <trkpt lat="43.278490" lon="-1.633875">
        <ele>255.724</ele>
        <time>2020-08-09T12:43:30Z</time>
      </trkpt>
      <trkpt lat="43.278528" lon="-1.633834">
        <ele>255.304</ele>
        <time>2020-08-09T12:43:34Z</time>
      </trkpt>
      <trkpt lat="43.278567" lon="-1.633793">
        <ele>254.914</ele>
        <time>2020-08-09T12:43:38Z</time>
      </trkpt>
      <trkpt lat="43.278606" lon="-1.633759">
        <ele>254.508</ele>
        <time>2020-08-09T12:43:42Z</time>
      </trkpt>
      <trkpt lat="43.278661" lon="-1.633739">
        <ele>254.067</ele>
        <time>2020-08-09T12:43:46Z</time>
      </trkpt>
      <trkpt lat="43.278709" lon="-1.633734">
        <ele>253.666</ele>
        <time>2020-08-09T12:43:50Z</time>
      </trkpt>
      <trkpt lat="43.278756" lon="-1.633719">
        <ele>252.835</ele>
        <time>2020-08-09T12:43:56Z</time>
      </trkpt>
      <trkpt lat="43.278802" lon="-1.633728">
        <ele>252.044</ele>
        <time>2020-08-09T12:44:00Z</time>
      </trkpt>
      <trkpt lat="43.278848" lon="-1.633736">
        <ele>251.518</ele>
        <time>2020-08-09T12:44:03Z</time>
      </trkpt>
      <trkpt lat="43.278903" lon="-1.633740">
        <ele>251.365</ele>
        <time>2020-08-09T12:44:08Z</time>
      </trkpt>
      <trkpt lat="43.278951" lon="-1.633737">
        <ele>251.220</ele>
        <time>2020-08-09T12:44:12Z</time>
      </trkpt>
      <trkpt lat="43.278997" lon="-1.633744">
        <ele>251.045</ele>
        <time>2020-08-09T12:44:16Z</time>
      </trkpt>
      <trkpt lat="43.279047" lon="-1.633738">
        <ele>250.534</ele>
        <time>2020-08-09T12:44:20Z</time>
      </trkpt>
      <trkpt lat="43.279092" lon="-1.633731">
        <ele>250.055</ele>
        <time>2020-08-09T12:44:24Z</time>
      </trkpt>
      <trkpt lat="43.279142" lon="-1.633728">
        <ele>249.310</ele>
        <time>2020-08-09T12:44:29Z</time>
      </trkpt>
      <trkpt lat="43.279192" lon="-1.633728">
        <ele>248.508</ele>
        <time>2020-08-09T12:44:33Z</time>
      </trkpt>
      <trkpt lat="43.279243" lon="-1.633730">
        <ele>247.728</ele>
        <time>2020-08-09T12:44:37Z</time>
      </trkpt>
      <trkpt lat="43.279295" lon="-1.633731">
        <ele>246.727</ele>
        <time>2020-08-09T12:44:42Z</time>
      </trkpt>
      <trkpt lat="43.279347" lon="-1.633719">
        <ele>245.646</ele>
        <time>2020-08-09T12:44:47Z</time>
      </trkpt>
      <trkpt lat="43.279392" lon="-1.633709">
        <ele>244.935</ele>
        <time>2020-08-09T12:44:51Z</time>
      </trkpt>
      <trkpt lat="43.279447" lon="-1.633687">
        <ele>244.559</ele>
        <time>2020-08-09T12:44:56Z</time>
      </trkpt>
      <trkpt lat="43.279493" lon="-1.633672">
        <ele>244.416</ele>
        <time>2020-08-09T12:44:59Z</time>
      </trkpt>
      <trkpt lat="43.279539" lon="-1.633657">
        <ele>244.421</ele>
        <time>2020-08-09T12:45:02Z</time>
      </trkpt>
      <trkpt lat="43.279594" lon="-1.633631">
        <ele>244.396</ele>
        <time>2020-08-09T12:45:06Z</time>
      </trkpt>
      <trkpt lat="43.279642" lon="-1.633611">
        <ele>243.759</ele>
        <time>2020-08-09T12:45:11Z</time>
      </trkpt>
      <trkpt lat="43.279696" lon="-1.633601">
        <ele>243.203</ele>
        <time>2020-08-09T12:45:15Z</time>
      </trkpt>
      <trkpt lat="43.279754" lon="-1.633600">
        <ele>242.723</ele>
        <time>2020-08-09T12:45:19Z</time>
      </trkpt>
      <trkpt lat="43.279805" lon="-1.633598">
        <ele>242.208</ele>
        <time>2020-08-09T12:45:24Z</time>
      </trkpt>
      <trkpt lat="43.279858" lon="-1.633603">
        <ele>241.650</ele>
        <time>2020-08-09T12:45:28Z</time>
      </trkpt>
      <trkpt lat="43.279903" lon="-1.633624">
        <ele>241.419</ele>
        <time>2020-08-09T12:45:32Z</time>
      </trkpt>
      <trkpt lat="43.279944" lon="-1.633663">
        <ele>241.188</ele>
        <time>2020-08-09T12:45:36Z</time>
      </trkpt>
      <trkpt lat="43.279979" lon="-1.633709">
        <ele>240.457</ele>
        <time>2020-08-09T12:45:40Z</time>
      </trkpt>
      <trkpt lat="43.280014" lon="-1.633750">
        <ele>239.031</ele>
        <time>2020-08-09T12:45:45Z</time>
      </trkpt>
      <trkpt lat="43.280051" lon="-1.633807">
        <ele>237.618</ele>
        <time>2020-08-09T12:45:49Z</time>
      </trkpt>
      <trkpt lat="43.280083" lon="-1.633852">
        <ele>236.513</ele>
        <time>2020-08-09T12:45:53Z</time>
      </trkpt>
      <trkpt lat="43.280117" lon="-1.633893">
        <ele>235.378</ele>
        <time>2020-08-09T12:45:57Z</time>
      </trkpt>
      <trkpt lat="43.280155" lon="-1.633929">
        <ele>234.557</ele>
        <time>2020-08-09T12:46:00Z</time>
      </trkpt>
      <trkpt lat="43.280206" lon="-1.633959">
        <ele>234.200</ele>
        <time>2020-08-09T12:46:04Z</time>
      </trkpt>
      <trkpt lat="43.280247" lon="-1.633986">
        <ele>234.220</ele>
        <time>2020-08-09T12:46:06Z</time>
      </trkpt>
      <trkpt lat="43.280294" lon="-1.634018">
        <ele>234.108</ele>
        <time>2020-08-09T12:46:11Z</time>
      </trkpt>
      <trkpt lat="43.280331" lon="-1.634058">
        <ele>234.190</ele>
        <time>2020-08-09T12:46:15Z</time>
      </trkpt>
      <trkpt lat="43.280368" lon="-1.634098">
        <ele>234.099</ele>
        <time>2020-08-09T12:46:18Z</time>
      </trkpt>
      <trkpt lat="43.280403" lon="-1.634144">
        <ele>233.918</ele>
        <time>2020-08-09T12:46:23Z</time>
      </trkpt>
      <trkpt lat="43.280449" lon="-1.634179">
        <ele>233.867</ele>
        <time>2020-08-09T12:46:28Z</time>
      </trkpt>
      <trkpt lat="43.280500" lon="-1.634194">
        <ele>233.681</ele>
        <time>2020-08-09T12:46:32Z</time>
      </trkpt>
      <trkpt lat="43.280558" lon="-1.634183">
        <ele>233.458</ele>
        <time>2020-08-09T12:46:37Z</time>
      </trkpt>
      <trkpt lat="43.280607" lon="-1.634164">
        <ele>233.613</ele>
        <time>2020-08-09T12:46:42Z</time>
      </trkpt>
      <trkpt lat="43.280649" lon="-1.634132">
        <ele>234.148</ele>
        <time>2020-08-09T12:46:49Z</time>
      </trkpt>
      <trkpt lat="43.280685" lon="-1.634070">
        <ele>234.215</ele>
        <time>2020-08-09T12:46:54Z</time>
      </trkpt>
      <trkpt lat="43.280722" lon="-1.634019">
        <ele>233.965</ele>
        <time>2020-08-09T12:46:59Z</time>
      </trkpt>
      <trkpt lat="43.280759" lon="-1.633970">
        <ele>233.411</ele>
        <time>2020-08-09T12:47:04Z</time>
      </trkpt>
      <trkpt lat="43.280792" lon="-1.633920">
        <ele>233.308</ele>
        <time>2020-08-09T12:47:07Z</time>
      </trkpt>
      <trkpt lat="43.280827" lon="-1.633874">
        <ele>232.966</ele>
        <time>2020-08-09T12:47:10Z</time>
      </trkpt>
      <trkpt lat="43.280840" lon="-1.633807">
        <ele>232.585</ele>
        <time>2020-08-09T12:47:13Z</time>
      </trkpt>
      <trkpt lat="43.280858" lon="-1.633743">
        <ele>231.624</ele>
        <time>2020-08-09T12:47:19Z</time>
      </trkpt>
      <trkpt lat="43.280887" lon="-1.633682">
        <ele>230.443</ele>
        <time>2020-08-09T12:47:25Z</time>
      </trkpt>
      <trkpt lat="43.280916" lon="-1.633634">
        <ele>229.267</ele>
        <time>2020-08-09T12:47:28Z</time>
      </trkpt>
      <trkpt lat="43.280951" lon="-1.633581">
        <ele>228.144</ele>
        <time>2020-08-09T12:47:34Z</time>
      </trkpt>
      <trkpt lat="43.280984" lon="-1.633535">
        <ele>227.219</ele>
        <time>2020-08-09T12:47:38Z</time>
      </trkpt>
      <trkpt lat="43.281018" lon="-1.633485">
        <ele>226.534</ele>
        <time>2020-08-09T12:47:42Z</time>
      </trkpt>
      <trkpt lat="43.281049" lon="-1.633437">
        <ele>226.045</ele>
        <time>2020-08-09T12:47:46Z</time>
      </trkpt>
      <trkpt lat="43.281073" lon="-1.633384">
        <ele>225.647</ele>
        <time>2020-08-09T12:47:50Z</time>
      </trkpt>
      <trkpt lat="43.281101" lon="-1.633332">
        <ele>225.511</ele>
        <time>2020-08-09T12:47:54Z</time>
      </trkpt>
      <trkpt lat="43.281128" lon="-1.633272">
        <ele>225.408</ele>
        <time>2020-08-09T12:47:59Z</time>
      </trkpt>
      <trkpt lat="43.281164" lon="-1.633214">
        <ele>225.039</ele>
        <time>2020-08-09T12:48:03Z</time>
      </trkpt>
      <trkpt lat="43.281200" lon="-1.633162">
        <ele>224.618</ele>
        <time>2020-08-09T12:48:06Z</time>
      </trkpt>
      <trkpt lat="43.281240" lon="-1.633113">
        <ele>224.657</ele>
        <time>2020-08-09T12:48:10Z</time>
      </trkpt>
      <trkpt lat="43.281284" lon="-1.633079">
        <ele>224.726</ele>
        <time>2020-08-09T12:48:14Z</time>
      </trkpt>
      <trkpt lat="43.281326" lon="-1.633031">
        <ele>224.720</ele>
        <time>2020-08-09T12:48:17Z</time>
      </trkpt>
      <trkpt lat="43.281363" lon="-1.632986">
        <ele>224.627</ele>
        <time>2020-08-09T12:48:21Z</time>
      </trkpt>
      <trkpt lat="43.281400" lon="-1.632948">
        <ele>224.652</ele>
        <time>2020-08-09T12:48:26Z</time>
      </trkpt>
      <trkpt lat="43.281445" lon="-1.632900">
        <ele>224.677</ele>
        <time>2020-08-09T12:48:30Z</time>
      </trkpt>
      <trkpt lat="43.281489" lon="-1.632863">
        <ele>224.315</ele>
        <time>2020-08-09T12:48:34Z</time>
      </trkpt>
      <trkpt lat="43.281535" lon="-1.632819">
        <ele>223.665</ele>
        <time>2020-08-09T12:48:38Z</time>
      </trkpt>
      <trkpt lat="43.281582" lon="-1.632774">
        <ele>222.611</ele>
        <time>2020-08-09T12:48:42Z</time>
      </trkpt>
      <trkpt lat="43.281626" lon="-1.632743">
        <ele>221.708</ele>
        <time>2020-08-09T12:48:47Z</time>
      </trkpt>
      <trkpt lat="43.281661" lon="-1.632698">
        <ele>220.736</ele>
        <time>2020-08-09T12:48:52Z</time>
      </trkpt>
      <trkpt lat="43.281698" lon="-1.632660">
        <ele>219.995</ele>
        <time>2020-08-09T12:48:57Z</time>
      </trkpt>
      <trkpt lat="43.281732" lon="-1.632614">
        <ele>219.224</ele>
        <time>2020-08-09T12:49:02Z</time>
      </trkpt>
      <trkpt lat="43.281776" lon="-1.632579">
        <ele>218.663</ele>
        <time>2020-08-09T12:49:06Z</time>
      </trkpt>
      <trkpt lat="43.281822" lon="-1.632547">
        <ele>218.217</ele>
        <time>2020-08-09T12:49:10Z</time>
      </trkpt>
      <trkpt lat="43.281860" lon="-1.632505">
        <ele>217.864</ele>
        <time>2020-08-09T12:49:15Z</time>
      </trkpt>
      <trkpt lat="43.281899" lon="-1.632450">
        <ele>217.649</ele>
        <time>2020-08-09T12:49:20Z</time>
      </trkpt>
      <trkpt lat="43.281936" lon="-1.632410">
        <ele>217.134</ele>
        <time>2020-08-09T12:49:24Z</time>
      </trkpt>
      <trkpt lat="43.281974" lon="-1.632375">
        <ele>216.468</ele>
        <time>2020-08-09T12:49:28Z</time>
      </trkpt>
      <trkpt lat="43.282019" lon="-1.632365">
        <ele>215.842</ele>
        <time>2020-08-09T12:49:33Z</time>
      </trkpt>
      <trkpt lat="43.282070" lon="-1.632352">
        <ele>215.326</ele>
        <time>2020-08-09T12:49:38Z</time>
      </trkpt>
      <trkpt lat="43.282107" lon="-1.632317">
        <ele>215.208</ele>
        <time>2020-08-09T12:49:42Z</time>
      </trkpt>
      <trkpt lat="43.282155" lon="-1.632286">
        <ele>215.391</ele>
        <time>2020-08-09T12:49:48Z</time>
      </trkpt>
      <trkpt lat="43.282199" lon="-1.632271">
        <ele>215.370</ele>
        <time>2020-08-09T12:49:52Z</time>
      </trkpt>
      <trkpt lat="43.282245" lon="-1.632257">
        <ele>215.439</ele>
        <time>2020-08-09T12:49:55Z</time>
      </trkpt>
      <trkpt lat="43.282292" lon="-1.632241">
        <ele>215.718</ele>
        <time>2020-08-09T12:50:00Z</time>
      </trkpt>
      <trkpt lat="43.282328" lon="-1.632196">
        <ele>216.442</ele>
        <time>2020-08-09T12:50:08Z</time>
      </trkpt>
      <trkpt lat="43.282375" lon="-1.632189">
        <ele>216.759</ele>
        <time>2020-08-09T12:50:13Z</time>
      </trkpt>
      <trkpt lat="43.282423" lon="-1.632170">
        <ele>216.574</ele>
        <time>2020-08-09T12:50:18Z</time>
      </trkpt>
      <trkpt lat="43.282464" lon="-1.632138">
        <ele>216.049</ele>
        <time>2020-08-09T12:50:23Z</time>
      </trkpt>
      <trkpt lat="43.282497" lon="-1.632096">
        <ele>215.691</ele>
        <time>2020-08-09T12:50:27Z</time>
      </trkpt>
      <trkpt lat="43.282537" lon="-1.632063">
        <ele>215.381</ele>
        <time>2020-08-09T12:50:31Z</time>
      </trkpt>
      <trkpt lat="43.282537" lon="-1.632063">
        <ele>215.319</ele>
        <time>2020-08-09T12:50:31Z</time>
      </trkpt>
      <trkpt lat="43.282583" lon="-1.632038">
        <ele>215.208</ele>
        <time>2020-08-09T12:50:37Z</time>
      </trkpt>
      <trkpt lat="43.282624" lon="-1.632009">
        <ele>215.164</ele>
        <time>2020-08-09T12:50:47Z</time>
      </trkpt>
      <trkpt lat="43.282634" lon="-1.631946">
        <ele>214.873</ele>
        <time>2020-08-09T12:50:58Z</time>
      </trkpt>
      <trkpt lat="43.282608" lon="-1.631895">
        <ele>214.512</ele>
        <time>2020-08-09T12:51:16Z</time>
      </trkpt>
      <trkpt lat="43.282644" lon="-1.631940">
        <ele>214.651</ele>
        <time>2020-08-09T12:51:50Z</time>
      </trkpt>
      <trkpt lat="43.282690" lon="-1.631939">
        <ele>214.865</ele>
        <time>2020-08-09T12:51:54Z</time>
      </trkpt>
      <trkpt lat="43.282738" lon="-1.631916">
        <ele>215.042</ele>
        <time>2020-08-09T12:51:58Z</time>
      </trkpt>
      <trkpt lat="43.282776" lon="-1.631882">
        <ele>215.267</ele>
        <time>2020-08-09T12:52:01Z</time>
      </trkpt>
      <trkpt lat="43.282814" lon="-1.631835">
        <ele>215.542</ele>
        <time>2020-08-09T12:52:06Z</time>
      </trkpt>
      <trkpt lat="43.282855" lon="-1.631808">
        <ele>215.661</ele>
        <time>2020-08-09T12:52:41Z</time>
      </trkpt>
      <trkpt lat="43.282846" lon="-1.631736">
        <ele>217.021</ele>
        <time>2020-08-09T12:53:04Z</time>
      </trkpt>
      <trkpt lat="43.282871" lon="-1.631673">
        <ele>218.113</ele>
        <time>2020-08-09T12:53:09Z</time>
      </trkpt>
    </trkseg>
  </trk></gpx>