<?xml version="1.0" encoding="UTF-8"?>
<gpx creator="Wikiloc - https://www.wikiloc.com" version="1.1" xmlns="http://www.topografix.com/GPX/1/1" xmlns:xsi="http://www.w3.org/2001/XMLSchema-instance" xsi:schemaLocation="http://www.topografix.com/GPX/1/1 http://www.topografix.com/GPX/1/1/gpx.xsd">
  <metadata>
    <name>Wikiloc - TXURREGI y GAZTELU desde ILZARBE</name>
    <author>
      <name>RUTAS por el MONTE BLOG</name>
      <link href="https://www.wikiloc.com/wikiloc/user.do?id=4600824">
        <text>RUTAS por el MONTE BLOG on Wikiloc</text>
      </link>
    </author>
    <link href="https://www.wikiloc.com/hiking-trails/txurregi-y-gaztelu-desde-ilzarbe-59130882">
      <text>TXURREGI y GAZTELU desde ILZARBE on Wikiloc</text>
    </link>
    <time>2020-10-24T12:25:54Z</time>
  </metadata>
  <wpt lat="42.863218" lon="-1.835554">
    <ele>519.8</ele>
    <time>2020-10-24T09:31:12Z</time>
    <name>Inicio carretera junto a Iltzarbe</name>
    <cmt>Comenzamos dejando el coche a la entrada del pueblo de Iltzarbe. También hay algunos sitios en el interior, pero aquí nos evitamos complicaciones.</cmt>
    <desc>Comenzamos dejando el coche a la entrada del pueblo de Iltzarbe. También hay algunos sitios en el interior, pero aquí nos evitamos complicaciones.</desc>
  </wpt>
  <wpt lat="42.863738" lon="-1.837215">
    <ele>583.5</ele>
    <time>2020-10-24T09:34:14Z</time>
    <name>Derecha, Subir calle San Esteban</name>
    <cmt>Derecha, Subir calle San Esteban</cmt>
    <desc>Derecha, Subir calle San Esteban</desc>
  </wpt>
  <wpt lat="42.864060" lon="-1.837024">
    <ele>586.6</ele>
    <time>2020-10-24T09:35:01Z</time>
    <name>Fronton</name>
    <cmt>Veremos el frontón a nuestra derecha, nosotros seguimos recto.</cmt>
    <desc>Veremos el frontón a nuestra derecha, nosotros seguimos recto.</desc>
  </wpt>
  <wpt lat="42.865674" lon="-1.837798">
    <ele>560.3</ele>
    <time>2020-10-24T09:37:51Z</time>
    <name>Recto siguiendo PR de Ollo</name>
    <cmt>Recto siguiendo PR de Ollo</cmt>
    <desc>Recto siguiendo PR de Ollo</desc>
  </wpt>
  <wpt lat="42.867508" lon="-1.839862">
    <ele>591.3</ele>
    <time>2020-10-24T09:41:27Z</time>
    <name>Izquierda por camino principal</name>
    <cmt>Izquierda por camino principal</cmt>
    <desc>Izquierda por camino principal</desc>
  </wpt>
  <wpt lat="42.868798" lon="-1.841692">
    <ele>612.4</ele>
    <time>2020-10-24T09:44:10Z</time>
    <name>Derecha abandonar senda Ollo</name>
    <cmt>En la bifurcacion seguimos el camino principal, de la derecha, abandonando la senda PR a Ollo</cmt>
    <desc>En la bifurcacion seguimos el camino principal, de la derecha, abandonando la senda PR a Ollo</desc>
  </wpt>
  <wpt lat="42.884528" lon="-1.845837">
    <ele>730.8</ele>
    <time>2020-10-24T10:09:19Z</time>
    <name>Izquierda desvío Txurregi</name>
    <cmt>Izquierda abandonar pista e iniciar sendero hacia Txurregi</cmt>
    <desc>Izquierda abandonar pista e iniciar sendero hacia Txurregi</desc>
  </wpt>
  <wpt lat="42.886640" lon="-1.846695">
    <ele>829.6</ele>
    <time>2020-10-24T10:18:08Z</time>
    <name>Collado Olarregi izquierda</name>
    <cmt>Llegamos al collado de Olarregi. Iremos a la izquierda hacia Txurregi. Después de llegar a su cumbre bajaremos hasta aquí e iremos hacia la derecha para coronar la cima de Gaztelu.</cmt>
    <desc>Llegamos al collado de Olarregi. Iremos a la izquierda hacia Txurregi. Después de llegar a su cumbre bajaremos hasta aquí e iremos hacia la derecha para coronar la cima de Gaztelu.</desc>
  </wpt>
  <wpt lat="42.884331" lon="-1.850909">
    <ele>915.4</ele>
    <time>2020-10-24T10:27:46Z</time>
    <name>Inicio rampa dura</name>
    <cmt>Caminamos junto al cercado y ascendemos una dura rampa hacia Txurregi</cmt>
    <desc>Caminamos junto al cercado y ascendemos una dura rampa hacia Txurregi</desc>
  </wpt>
  <wpt lat="42.881156" lon="-1.854072">
    <ele>1091.1</ele>
    <time>2020-10-24T10:45:59Z</time>
    <name>Derecha cresta Txurregi</name>
    <cmt>Tras finalizar la rampa. Llegamos a la cresta de Txurregi, con preciosas vistas. Giramos a la derecha para llegar a la cima.</cmt>
    <desc>Tras finalizar la rampa. Llegamos a la cresta de Txurregi, con preciosas vistas. Giramos a la derecha para llegar a la cima.</desc>
  </wpt>
  <wpt lat="42.881803" lon="-1.856079">
    <ele>1122.8</ele>
    <time>2020-10-24T10:49:32Z</time>
    <name>Cima de Txurregi 1125 m</name>
    <cmt>Cima de Txurregi 1125 m</cmt>
    <desc>Cima de Txurregi 1125 m</desc>
  </wpt>
  <wpt lat="42.886735" lon="-1.843618">
    <ele>862.8</ele>
    <time>2020-10-24T11:23:22Z</time>
    <name>Aska</name>
    <cmt>Aska en nuestro ascenso hacia Gaztelu</cmt>
    <desc>Aska en nuestro ascenso hacia Gaztelu</desc>
  </wpt>
  <wpt lat="42.886812" lon="-1.842559">
    <ele>874.4</ele>
    <time>2020-10-24T11:25:21Z</time>
    <name>Balsa</name>
    <cmt>Balsa</cmt>
    <desc>Balsa</desc>
  </wpt>
  <wpt lat="42.887170" lon="-1.840960">
    <ele>909.3</ele>
    <time>2020-10-24T11:29:09Z</time>
    <name>Senda ascenso Gaztelu</name>
    <cmt>Sendero de la rampa final a Gaztelu</cmt>
    <desc>Sendero de la rampa final a Gaztelu</desc>
  </wpt>
  <wpt lat="42.887580" lon="-1.838938">
    <ele>984.4</ele>
    <time>2020-10-24T11:35:35Z</time>
    <name>Gaztelu</name>
    <cmt>Gaztelu</cmt>
    <desc>Gaztelu</desc>
  </wpt>
  <wpt lat="42.887784" lon="-1.839029">
    <ele>994.6</ele>
    <time>2020-10-24T11:36:55Z</time>
    <name>Cima Gaztelu 998 m</name>
    <cmt>Cima y buzón de Gaztelu</cmt>
    <desc>Cima y buzón de Gaztelu</desc>
  </wpt>
  <wpt lat="42.887458" lon="-1.838041">
    <ele>964.3</ele>
    <time>2020-10-24T11:40:44Z</time>
    <name>Descenso</name>
    <cmt>Descenso de Gaztelu por la cara opuesta a la de subida</cmt>
    <desc>Descenso de Gaztelu por la cara opuesta a la de subida</desc>
  </wpt>
  <wpt lat="42.886734" lon="-1.835483">
    <ele>894.0</ele>
    <time>2020-10-24T11:44:03Z</time>
    <name>Derecha tomar Pista</name>
    <cmt>Giro de 90 grados a la derecha para tomar la pista hacia Ilzarba</cmt>
    <desc>Giro de 90 grados a la derecha para tomar la pista hacia Ilzarba</desc>
  </wpt>
  <wpt lat="42.885289" lon="-1.838693">
    <ele>834.4</ele>
    <time>2020-10-24T11:47:27Z</time>
    <name>Recto descenso</name>
    <cmt>Continuar recto por el camino de descenso</cmt>
    <desc>Continuar recto por el camino de descenso</desc>
  </wpt>
  <wpt lat="42.877475" lon="-1.844750">
    <ele>652.2</ele>
    <time>2020-10-24T12:04:59Z</time>
    <name>Cruzar portón</name>
    <cmt>Cruzar portón</cmt>
    <desc>Cruzar portón</desc>
  </wpt>
  <trk>
    <name>TXURREGI y GAZTELU desde ILZARBE</name>
    <cmt>TXURREGI y GAZTELU desde ILTZARBE 
 
&lt;iframe height="315" src="https://www.youtube.com/embed/wQxbCDTizc8"&gt;&lt;/iframe&gt; 
 
Preciosa ruta, en parte circular, partiendo desde el pueblo de Iltzarbe / Ilzarbe en la que ascenderemos los montes Txurregi y Gaztelu. Nosotros optamos por ir primero a Txurregi, saliendo de la pista y tomando un sendero que nos llevará junto al collado de Olarregi. 
 
Llegaremos junto a un cercado justo entre las dos cimas que visitaremos hoy. A mano izquierda Txurregi y a mano derecha Gaztelu. Primero iremos a la izquierda, por la senda paralela al cercado, ascendiendo la dura rampa final hacia Txurregi. Recomendable llevar bastones y prestar atención en la bajada. El último tramo de cresta hacia la cima de Txurregi es espectacular. 
 
Una vez visitado Txurregi, descenderemos hasta el collado de Olarregi por el mismo camino por el que subimos y seguiremos de frente para ascender la evidente cima de Gaztelu. 
 
Para continuar la ruta, descendemos por la otra cara de la montaña hasta volver a conectar con la pista que nos llevará de vuelta a Iltzarbe.</cmt>
    <desc>TXURREGI y GAZTELU desde ILTZARBE 
 
&lt;iframe height="315" src="https://www.youtube.com/embed/wQxbCDTizc8"&gt;&lt;/iframe&gt; 
 
Preciosa ruta, en parte circular, partiendo desde el pueblo de Iltzarbe / Ilzarbe en la que ascenderemos los montes Txurregi y Gaztelu. Nosotros optamos por ir primero a Txurregi, saliendo de la pista y tomando un sendero que nos llevará junto al collado de Olarregi. 
 
Llegaremos junto a un cercado justo entre las dos cimas que visitaremos hoy. A mano izquierda Txurregi y a mano derecha Gaztelu. Primero iremos a la izquierda, por la senda paralela al cercado, ascendiendo la dura rampa final hacia Txurregi. Recomendable llevar bastones y prestar atención en la bajada. El último tramo de cresta hacia la cima de Txurregi es espectacular. 
 
Una vez visitado Txurregi, descenderemos hasta el collado de Olarregi por el mismo camino por el que subimos y seguiremos de frente para ascender la evidente cima de Gaztelu. 
 
Para continuar la ruta, descendemos por la otra cara de la montaña hasta volver a conectar con la pista que nos llevará de vuelta a Iltzarbe.</desc>
    <trkseg>
      <trkpt lat="42.863283" lon="-1.835654">
        <ele>517.292</ele>
        <time>2020-10-24T09:31:51Z</time>
      </trkpt>
      <trkpt lat="42.863308" lon="-1.835709">
        <ele>517.373</ele>
        <time>2020-10-24T09:31:53Z</time>
      </trkpt>
      <trkpt lat="42.863343" lon="-1.835761">
        <ele>517.820</ele>
        <time>2020-10-24T09:32:06Z</time>
      </trkpt>
      <trkpt lat="42.863372" lon="-1.835811">
        <ele>517.808</ele>
        <time>2020-10-24T09:32:08Z</time>
      </trkpt>
      <trkpt lat="42.863381" lon="-1.835872">
        <ele>517.414</ele>
        <time>2020-10-24T09:32:12Z</time>
      </trkpt>
      <trkpt lat="42.863411" lon="-1.835922">
        <ele>516.838</ele>
        <time>2020-10-24T09:32:16Z</time>
      </trkpt>
      <trkpt lat="42.863455" lon="-1.835944">
        <ele>516.250</ele>
        <time>2020-10-24T09:32:20Z</time>
      </trkpt>
      <trkpt lat="42.863486" lon="-1.836000">
        <ele>515.642</ele>
        <time>2020-10-24T09:32:25Z</time>
      </trkpt>
      <trkpt lat="42.863527" lon="-1.836044">
        <ele>515.039</ele>
        <time>2020-10-24T09:32:29Z</time>
      </trkpt>
      <trkpt lat="42.863559" lon="-1.836093">
        <ele>515.277</ele>
        <time>2020-10-24T09:32:33Z</time>
      </trkpt>
      <trkpt lat="42.863584" lon="-1.836152">
        <ele>516.757</ele>
        <time>2020-10-24T09:32:38Z</time>
      </trkpt>
      <trkpt lat="42.863554" lon="-1.836198">
        <ele>519.751</ele>
        <time>2020-10-24T09:32:47Z</time>
      </trkpt>
      <trkpt lat="42.863547" lon="-1.836266">
        <ele>522.157</ele>
        <time>2020-10-24T09:32:51Z</time>
      </trkpt>
      <trkpt lat="42.863550" lon="-1.836335">
        <ele>523.500</ele>
        <time>2020-10-24T09:32:54Z</time>
      </trkpt>
      <trkpt lat="42.863553" lon="-1.836402">
        <ele>524.120</ele>
        <time>2020-10-24T09:32:57Z</time>
      </trkpt>
      <trkpt lat="42.863542" lon="-1.836474">
        <ele>524.508</ele>
        <time>2020-10-24T09:33:02Z</time>
      </trkpt>
      <trkpt lat="42.863511" lon="-1.836536">
        <ele>525.220</ele>
        <time>2020-10-24T09:33:06Z</time>
      </trkpt>
      <trkpt lat="42.863491" lon="-1.836596">
        <ele>525.624</ele>
        <time>2020-10-24T09:33:12Z</time>
      </trkpt>
      <trkpt lat="42.863472" lon="-1.836665">
        <ele>525.816</ele>
        <time>2020-10-24T09:33:15Z</time>
      </trkpt>
      <trkpt lat="42.863461" lon="-1.836729">
        <ele>525.978</ele>
        <time>2020-10-24T09:33:19Z</time>
      </trkpt>
      <trkpt lat="42.863465" lon="-1.836796">
        <ele>526.015</ele>
        <time>2020-10-24T09:33:22Z</time>
      </trkpt>
      <trkpt lat="42.863480" lon="-1.836854">
        <ele>526.143</ele>
        <time>2020-10-24T09:33:26Z</time>
      </trkpt>
      <trkpt lat="42.863510" lon="-1.836910">
        <ele>526.113</ele>
        <time>2020-10-24T09:33:29Z</time>
      </trkpt>
      <trkpt lat="42.863544" lon="-1.836961">
        <ele>526.197</ele>
        <time>2020-10-24T09:33:33Z</time>
      </trkpt>
      <trkpt lat="42.863584" lon="-1.837002">
        <ele>526.175</ele>
        <time>2020-10-24T09:33:37Z</time>
      </trkpt>
      <trkpt lat="42.863625" lon="-1.837041">
        <ele>530.128</ele>
        <time>2020-10-24T09:33:42Z</time>
      </trkpt>
      <trkpt lat="42.863670" lon="-1.837072">
        <ele>534.120</ele>
        <time>2020-10-24T09:33:46Z</time>
      </trkpt>
      <trkpt lat="42.863720" lon="-1.837097">
        <ele>538.108</ele>
        <time>2020-10-24T09:33:50Z</time>
      </trkpt>
      <trkpt lat="42.863746" lon="-1.837151">
        <ele>542.182</ele>
        <time>2020-10-24T09:33:54Z</time>
      </trkpt>
      <trkpt lat="42.863738" lon="-1.837213">
        <ele>550.136</ele>
        <time>2020-10-24T09:34:13Z</time>
      </trkpt>
      <trkpt lat="42.863738" lon="-1.837213">
        <ele>550.168</ele>
        <time>2020-10-24T09:34:13Z</time>
      </trkpt>
      <trkpt lat="42.863799" lon="-1.837232">
        <ele>554.180</ele>
        <time>2020-10-24T09:34:19Z</time>
      </trkpt>
      <trkpt lat="42.863851" lon="-1.837229">
        <ele>558.147</ele>
        <time>2020-10-24T09:34:22Z</time>
      </trkpt>
      <trkpt lat="42.863894" lon="-1.837209">
        <ele>562.115</ele>
        <time>2020-10-24T09:34:27Z</time>
      </trkpt>
      <trkpt lat="42.863930" lon="-1.837162">
        <ele>566.165</ele>
        <time>2020-10-24T09:34:30Z</time>
      </trkpt>
      <trkpt lat="42.863979" lon="-1.837162">
        <ele>570.169</ele>
        <time>2020-10-24T09:34:35Z</time>
      </trkpt>
      <trkpt lat="42.864028" lon="-1.837150">
        <ele>574.129</ele>
        <time>2020-10-24T09:34:40Z</time>
      </trkpt>
      <trkpt lat="42.864074" lon="-1.837142">
        <ele>578.100</ele>
        <time>2020-10-24T09:34:46Z</time>
      </trkpt>
      <trkpt lat="42.864066" lon="-1.837080">
        <ele>581.720</ele>
        <time>2020-10-24T09:34:54Z</time>
      </trkpt>
      <trkpt lat="42.864063" lon="-1.837017">
        <ele>583.908</ele>
        <time>2020-10-24T09:35:02Z</time>
      </trkpt>
      <trkpt lat="42.864111" lon="-1.837036">
        <ele>585.297</ele>
        <time>2020-10-24T09:35:05Z</time>
      </trkpt>
      <trkpt lat="42.864142" lon="-1.837083">
        <ele>586.031</ele>
        <time>2020-10-24T09:35:07Z</time>
      </trkpt>
      <trkpt lat="42.864187" lon="-1.837095">
        <ele>586.593</ele>
        <time>2020-10-24T09:35:12Z</time>
      </trkpt>
      <trkpt lat="42.864237" lon="-1.837122">
        <ele>586.865</ele>
        <time>2020-10-24T09:35:24Z</time>
      </trkpt>
      <trkpt lat="42.864281" lon="-1.837161">
        <ele>587.022</ele>
        <time>2020-10-24T09:35:27Z</time>
      </trkpt>
      <trkpt lat="42.864308" lon="-1.837211">
        <ele>587.180</ele>
        <time>2020-10-24T09:35:31Z</time>
      </trkpt>
      <trkpt lat="42.864327" lon="-1.837271">
        <ele>587.280</ele>
        <time>2020-10-24T09:35:37Z</time>
      </trkpt>
      <trkpt lat="42.864371" lon="-1.837297">
        <ele>589.124</ele>
        <time>2020-10-24T09:35:41Z</time>
      </trkpt>
      <trkpt lat="42.864406" lon="-1.837348">
        <ele>589.135</ele>
        <time>2020-10-24T09:35:45Z</time>
      </trkpt>
      <trkpt lat="42.864440" lon="-1.837392">
        <ele>589.186</ele>
        <time>2020-10-24T09:35:49Z</time>
      </trkpt>
      <trkpt lat="42.864489" lon="-1.837401">
        <ele>590.214</ele>
        <time>2020-10-24T09:35:53Z</time>
      </trkpt>
      <trkpt lat="42.864534" lon="-1.837415">
        <ele>590.908</ele>
        <time>2020-10-24T09:35:57Z</time>
      </trkpt>
      <trkpt lat="42.864586" lon="-1.837403">
        <ele>591.398</ele>
        <time>2020-10-24T09:36:01Z</time>
      </trkpt>
      <trkpt lat="42.864637" lon="-1.837385">
        <ele>591.512</ele>
        <time>2020-10-24T09:36:05Z</time>
      </trkpt>
      <trkpt lat="42.864683" lon="-1.837371">
        <ele>591.684</ele>
        <time>2020-10-24T09:36:09Z</time>
      </trkpt>
      <trkpt lat="42.864727" lon="-1.837344">
        <ele>591.756</ele>
        <time>2020-10-24T09:36:15Z</time>
      </trkpt>
      <trkpt lat="42.864769" lon="-1.837374">
        <ele>591.833</ele>
        <time>2020-10-24T09:36:18Z</time>
      </trkpt>
      <trkpt lat="42.864824" lon="-1.837388">
        <ele>591.871</ele>
        <time>2020-10-24T09:36:23Z</time>
      </trkpt>
      <trkpt lat="42.864869" lon="-1.837404">
        <ele>591.831</ele>
        <time>2020-10-24T09:36:27Z</time>
      </trkpt>
      <trkpt lat="42.864911" lon="-1.837434">
        <ele>591.865</ele>
        <time>2020-10-24T09:36:30Z</time>
      </trkpt>
      <trkpt lat="42.864949" lon="-1.837468">
        <ele>591.883</ele>
        <time>2020-10-24T09:36:34Z</time>
      </trkpt>
      <trkpt lat="42.864990" lon="-1.837510">
        <ele>591.825</ele>
        <time>2020-10-24T09:36:38Z</time>
      </trkpt>
      <trkpt lat="42.865020" lon="-1.837557">
        <ele>591.817</ele>
        <time>2020-10-24T09:36:42Z</time>
      </trkpt>
      <trkpt lat="42.865062" lon="-1.837586">
        <ele>591.808</ele>
        <time>2020-10-24T09:36:47Z</time>
      </trkpt>
      <trkpt lat="42.865098" lon="-1.837624">
        <ele>591.883</ele>
        <time>2020-10-24T09:36:52Z</time>
      </trkpt>
      <trkpt lat="42.865138" lon="-1.837658">
        <ele>591.897</ele>
        <time>2020-10-24T09:36:56Z</time>
      </trkpt>
      <trkpt lat="42.865184" lon="-1.837692">
        <ele>591.879</ele>
        <time>2020-10-24T09:37:00Z</time>
      </trkpt>
      <trkpt lat="42.865242" lon="-1.837722">
        <ele>591.811</ele>
        <time>2020-10-24T09:37:04Z</time>
      </trkpt>
      <trkpt lat="42.865287" lon="-1.837726">
        <ele>591.888</ele>
        <time>2020-10-24T09:37:08Z</time>
      </trkpt>
      <trkpt lat="42.865332" lon="-1.837728">
        <ele>591.836</ele>
        <time>2020-10-24T09:37:12Z</time>
      </trkpt>
      <trkpt lat="42.865390" lon="-1.837735">
        <ele>591.886</ele>
        <time>2020-10-24T09:37:17Z</time>
      </trkpt>
      <trkpt lat="42.865442" lon="-1.837744">
        <ele>591.860</ele>
        <time>2020-10-24T09:37:22Z</time>
      </trkpt>
      <trkpt lat="42.865497" lon="-1.837758">
        <ele>591.847</ele>
        <time>2020-10-24T09:37:27Z</time>
      </trkpt>
      <trkpt lat="42.865559" lon="-1.837761">
        <ele>591.829</ele>
        <time>2020-10-24T09:37:31Z</time>
      </trkpt>
      <trkpt lat="42.865559" lon="-1.837761">
        <ele>591.821</ele>
        <time>2020-10-24T09:37:31Z</time>
      </trkpt>
      <trkpt lat="42.865605" lon="-1.837755">
        <ele>591.808</ele>
        <time>2020-10-24T09:37:35Z</time>
      </trkpt>
      <trkpt lat="42.865661" lon="-1.837768">
        <ele>591.829</ele>
        <time>2020-10-24T09:37:40Z</time>
      </trkpt>
      <trkpt lat="42.865701" lon="-1.837802">
        <ele>591.863</ele>
        <time>2020-10-24T09:37:57Z</time>
      </trkpt>
      <trkpt lat="42.865742" lon="-1.837826">
        <ele>591.875</ele>
        <time>2020-10-24T09:38:00Z</time>
      </trkpt>
      <trkpt lat="42.865781" lon="-1.837862">
        <ele>591.827</ele>
        <time>2020-10-24T09:38:04Z</time>
      </trkpt>
      <trkpt lat="42.865822" lon="-1.837893">
        <ele>591.884</ele>
        <time>2020-10-24T09:38:07Z</time>
      </trkpt>
      <trkpt lat="42.865865" lon="-1.837927">
        <ele>587.872</ele>
        <time>2020-10-24T09:38:11Z</time>
      </trkpt>
      <trkpt lat="42.865907" lon="-1.837965">
        <ele>583.852</ele>
        <time>2020-10-24T09:38:15Z</time>
      </trkpt>
      <trkpt lat="42.865950" lon="-1.838019">
        <ele>579.866</ele>
        <time>2020-10-24T09:38:20Z</time>
      </trkpt>
      <trkpt lat="42.865987" lon="-1.838069">
        <ele>575.857</ele>
        <time>2020-10-24T09:38:24Z</time>
      </trkpt>
      <trkpt lat="42.866023" lon="-1.838117">
        <ele>572.300</ele>
        <time>2020-10-24T09:38:30Z</time>
      </trkpt>
      <trkpt lat="42.866053" lon="-1.838164">
        <ele>570.320</ele>
        <time>2020-10-24T09:38:33Z</time>
      </trkpt>
      <trkpt lat="42.866082" lon="-1.838214">
        <ele>568.808</ele>
        <time>2020-10-24T09:38:38Z</time>
      </trkpt>
      <trkpt lat="42.866119" lon="-1.838268">
        <ele>567.970</ele>
        <time>2020-10-24T09:38:41Z</time>
      </trkpt>
      <trkpt lat="42.866163" lon="-1.838312">
        <ele>567.884</ele>
        <time>2020-10-24T09:38:46Z</time>
      </trkpt>
      <trkpt lat="42.866195" lon="-1.838357">
        <ele>568.146</ele>
        <time>2020-10-24T09:38:49Z</time>
      </trkpt>
      <trkpt lat="42.866229" lon="-1.838409">
        <ele>568.868</ele>
        <time>2020-10-24T09:38:54Z</time>
      </trkpt>
      <trkpt lat="42.866268" lon="-1.838465">
        <ele>569.835</ele>
        <time>2020-10-24T09:38:58Z</time>
      </trkpt>
      <trkpt lat="42.866302" lon="-1.838514">
        <ele>570.653</ele>
        <time>2020-10-24T09:39:03Z</time>
      </trkpt>
      <trkpt lat="42.866330" lon="-1.838564">
        <ele>571.063</ele>
        <time>2020-10-24T09:39:06Z</time>
      </trkpt>
      <trkpt lat="42.866361" lon="-1.838612">
        <ele>571.367</ele>
        <time>2020-10-24T09:39:11Z</time>
      </trkpt>
      <trkpt lat="42.866406" lon="-1.838665">
        <ele>571.796</ele>
        <time>2020-10-24T09:39:15Z</time>
      </trkpt>
      <trkpt lat="42.866442" lon="-1.838710">
        <ele>572.831</ele>
        <time>2020-10-24T09:39:20Z</time>
      </trkpt>
      <trkpt lat="42.866465" lon="-1.838770">
        <ele>573.824</ele>
        <time>2020-10-24T09:39:24Z</time>
      </trkpt>
      <trkpt lat="42.866491" lon="-1.838828">
        <ele>575.108</ele>
        <time>2020-10-24T09:39:28Z</time>
      </trkpt>
      <trkpt lat="42.866517" lon="-1.838881">
        <ele>576.314</ele>
        <time>2020-10-24T09:39:32Z</time>
      </trkpt>
      <trkpt lat="42.866550" lon="-1.838933">
        <ele>576.828</ele>
        <time>2020-10-24T09:39:36Z</time>
      </trkpt>
      <trkpt lat="42.866580" lon="-1.839007">
        <ele>577.040</ele>
        <time>2020-10-24T09:39:40Z</time>
      </trkpt>
      <trkpt lat="42.866580" lon="-1.839007">
        <ele>577.022</ele>
        <time>2020-10-24T09:39:40Z</time>
      </trkpt>
      <trkpt lat="42.866592" lon="-1.839074">
        <ele>577.029</ele>
        <time>2020-10-24T09:39:44Z</time>
      </trkpt>
      <trkpt lat="42.866603" lon="-1.839138">
        <ele>577.047</ele>
        <time>2020-10-24T09:39:48Z</time>
      </trkpt>
      <trkpt lat="42.866624" lon="-1.839217">
        <ele>576.897</ele>
        <time>2020-10-24T09:39:53Z</time>
      </trkpt>
      <trkpt lat="42.866651" lon="-1.839266">
        <ele>576.741</ele>
        <time>2020-10-24T09:39:56Z</time>
      </trkpt>
      <trkpt lat="42.866699" lon="-1.839314">
        <ele>576.597</ele>
        <time>2020-10-24T09:40:00Z</time>
      </trkpt>
      <trkpt lat="42.866744" lon="-1.839366">
        <ele>576.323</ele>
        <time>2020-10-24T09:40:06Z</time>
      </trkpt>
      <trkpt lat="42.866762" lon="-1.839423">
        <ele>576.825</ele>
        <time>2020-10-24T09:40:21Z</time>
      </trkpt>
      <trkpt lat="42.866801" lon="-1.839457">
        <ele>577.108</ele>
        <time>2020-10-24T09:40:25Z</time>
      </trkpt>
      <trkpt lat="42.866839" lon="-1.839504">
        <ele>577.434</ele>
        <time>2020-10-24T09:40:28Z</time>
      </trkpt>
      <trkpt lat="42.866857" lon="-1.839573">
        <ele>577.938</ele>
        <time>2020-10-24T09:40:33Z</time>
      </trkpt>
      <trkpt lat="42.866890" lon="-1.839625">
        <ele>578.380</ele>
        <time>2020-10-24T09:40:38Z</time>
      </trkpt>
      <trkpt lat="42.866930" lon="-1.839673">
        <ele>578.922</ele>
        <time>2020-10-24T09:40:42Z</time>
      </trkpt>
      <trkpt lat="42.866972" lon="-1.839700">
        <ele>579.829</ele>
        <time>2020-10-24T09:40:44Z</time>
      </trkpt>
      <trkpt lat="42.867019" lon="-1.839726">
        <ele>581.047</ele>
        <time>2020-10-24T09:40:47Z</time>
      </trkpt>
      <trkpt lat="42.867063" lon="-1.839743">
        <ele>582.137</ele>
        <time>2020-10-24T09:40:50Z</time>
      </trkpt>
      <trkpt lat="42.867107" lon="-1.839761">
        <ele>583.341</ele>
        <time>2020-10-24T09:40:53Z</time>
      </trkpt>
      <trkpt lat="42.867154" lon="-1.839788">
        <ele>584.481</ele>
        <time>2020-10-24T09:40:57Z</time>
      </trkpt>
      <trkpt lat="42.867212" lon="-1.839813">
        <ele>585.261</ele>
        <time>2020-10-24T09:41:02Z</time>
      </trkpt>
      <trkpt lat="42.867280" lon="-1.839818">
        <ele>586.117</ele>
        <time>2020-10-24T09:41:07Z</time>
      </trkpt>
      <trkpt lat="42.867333" lon="-1.839832">
        <ele>586.908</ele>
        <time>2020-10-24T09:41:10Z</time>
      </trkpt>
      <trkpt lat="42.867378" lon="-1.839844">
        <ele>587.653</ele>
        <time>2020-10-24T09:41:13Z</time>
      </trkpt>
      <trkpt lat="42.867425" lon="-1.839851">
        <ele>588.657</ele>
        <time>2020-10-24T09:41:19Z</time>
      </trkpt>
      <trkpt lat="42.867472" lon="-1.839837">
        <ele>589.769</ele>
        <time>2020-10-24T09:41:23Z</time>
      </trkpt>
      <trkpt lat="42.867521" lon="-1.839862">
        <ele>590.681</ele>
        <time>2020-10-24T09:41:28Z</time>
      </trkpt>
      <trkpt lat="42.867596" lon="-1.839886">
        <ele>591.588</ele>
        <time>2020-10-24T09:41:31Z</time>
      </trkpt>
      <trkpt lat="42.867596" lon="-1.839886">
        <ele>591.566</ele>
        <time>2020-10-24T09:41:31Z</time>
      </trkpt>
      <trkpt lat="42.867666" lon="-1.839887">
        <ele>591.716</ele>
        <time>2020-10-24T09:41:33Z</time>
      </trkpt>
      <trkpt lat="42.867716" lon="-1.839888">
        <ele>592.060</ele>
        <time>2020-10-24T09:41:36Z</time>
      </trkpt>
      <trkpt lat="42.867708" lon="-1.839960">
        <ele>592.487</ele>
        <time>2020-10-24T09:41:40Z</time>
      </trkpt>
      <trkpt lat="42.867704" lon="-1.840035">
        <ele>592.942</ele>
        <time>2020-10-24T09:41:44Z</time>
      </trkpt>
      <trkpt lat="42.867705" lon="-1.840100">
        <ele>593.126</ele>
        <time>2020-10-24T09:41:47Z</time>
      </trkpt>
      <trkpt lat="42.867712" lon="-1.840167">
        <ele>594.308</ele>
        <time>2020-10-24T09:41:55Z</time>
      </trkpt>
      <trkpt lat="42.867724" lon="-1.840258">
        <ele>595.453</ele>
        <time>2020-10-24T09:41:58Z</time>
      </trkpt>
      <trkpt lat="42.867727" lon="-1.840329">
        <ele>596.687</ele>
        <time>2020-10-24T09:42:02Z</time>
      </trkpt>
      <trkpt lat="42.867756" lon="-1.840394">
        <ele>597.719</ele>
        <time>2020-10-24T09:42:06Z</time>
      </trkpt>
      <trkpt lat="42.867787" lon="-1.840440">
        <ele>598.881</ele>
        <time>2020-10-24T09:42:12Z</time>
      </trkpt>
      <trkpt lat="42.867803" lon="-1.840508">
        <ele>600.238</ele>
        <time>2020-10-24T09:42:16Z</time>
      </trkpt>
      <trkpt lat="42.867814" lon="-1.840594">
        <ele>601.496</ele>
        <time>2020-10-24T09:42:19Z</time>
      </trkpt>
      <trkpt lat="42.867837" lon="-1.840660">
        <ele>602.476</ele>
        <time>2020-10-24T09:42:24Z</time>
      </trkpt>
      <trkpt lat="42.867858" lon="-1.840715">
        <ele>602.710</ele>
        <time>2020-10-24T09:42:28Z</time>
      </trkpt>
      <trkpt lat="42.867888" lon="-1.840761">
        <ele>602.642</ele>
        <time>2020-10-24T09:42:30Z</time>
      </trkpt>
      <trkpt lat="42.867935" lon="-1.840789">
        <ele>602.222</ele>
        <time>2020-10-24T09:42:36Z</time>
      </trkpt>
      <trkpt lat="42.867990" lon="-1.840823">
        <ele>602.014</ele>
        <time>2020-10-24T09:42:40Z</time>
      </trkpt>
      <trkpt lat="42.868038" lon="-1.840855">
        <ele>601.908</ele>
        <time>2020-10-24T09:42:42Z</time>
      </trkpt>
      <trkpt lat="42.868079" lon="-1.840887">
        <ele>602.449</ele>
        <time>2020-10-24T09:42:49Z</time>
      </trkpt>
      <trkpt lat="42.868121" lon="-1.840918">
        <ele>602.993</ele>
        <time>2020-10-24T09:42:52Z</time>
      </trkpt>
      <trkpt lat="42.868163" lon="-1.840953">
        <ele>603.455</ele>
        <time>2020-10-24T09:42:56Z</time>
      </trkpt>
      <trkpt lat="42.868200" lon="-1.840993">
        <ele>604.347</ele>
        <time>2020-10-24T09:42:59Z</time>
      </trkpt>
      <trkpt lat="42.868231" lon="-1.841038">
        <ele>605.454</ele>
        <time>2020-10-24T09:43:02Z</time>
      </trkpt>
      <trkpt lat="42.868268" lon="-1.841082">
        <ele>607.042</ele>
        <time>2020-10-24T09:43:09Z</time>
      </trkpt>
      <trkpt lat="42.868306" lon="-1.841122">
        <ele>608.472</ele>
        <time>2020-10-24T09:43:12Z</time>
      </trkpt>
      <trkpt lat="42.868434" lon="-1.841237">
        <ele>615.546</ele>
        <time>2020-10-24T09:43:29Z</time>
      </trkpt>
      <trkpt lat="42.868478" lon="-1.841269">
        <ele>615.534</ele>
        <time>2020-10-24T09:43:31Z</time>
      </trkpt>
      <trkpt lat="42.868515" lon="-1.841312">
        <ele>615.555</ele>
        <time>2020-10-24T09:43:34Z</time>
      </trkpt>
      <trkpt lat="42.868586" lon="-1.841414">
        <ele>614.910</ele>
        <time>2020-10-24T09:43:43Z</time>
      </trkpt>
      <trkpt lat="42.868630" lon="-1.841440">
        <ele>614.408</ele>
        <time>2020-10-24T09:43:45Z</time>
      </trkpt>
      <trkpt lat="42.868669" lon="-1.841476">
        <ele>613.978</ele>
        <time>2020-10-24T09:43:48Z</time>
      </trkpt>
      <trkpt lat="42.868704" lon="-1.841533">
        <ele>613.242</ele>
        <time>2020-10-24T09:43:53Z</time>
      </trkpt>
      <trkpt lat="42.868735" lon="-1.841587">
        <ele>612.854</ele>
        <time>2020-10-24T09:43:56Z</time>
      </trkpt>
      <trkpt lat="42.868763" lon="-1.841639">
        <ele>612.756</ele>
        <time>2020-10-24T09:44:00Z</time>
      </trkpt>
      <trkpt lat="42.868797" lon="-1.841680">
        <ele>612.913</ele>
        <time>2020-10-24T09:44:05Z</time>
      </trkpt>
      <trkpt lat="42.868881" lon="-1.841772">
        <ele>614.291</ele>
        <time>2020-10-24T09:44:35Z</time>
      </trkpt>
      <trkpt lat="42.868918" lon="-1.841823">
        <ele>614.441</ele>
        <time>2020-10-24T09:44:42Z</time>
      </trkpt>
      <trkpt lat="42.868957" lon="-1.841863">
        <ele>614.915</ele>
        <time>2020-10-24T09:44:45Z</time>
      </trkpt>
      <trkpt lat="42.868988" lon="-1.841914">
        <ele>616.624</ele>
        <time>2020-10-24T09:44:50Z</time>
      </trkpt>
      <trkpt lat="42.869026" lon="-1.841953">
        <ele>618.804</ele>
        <time>2020-10-24T09:44:55Z</time>
      </trkpt>
      <trkpt lat="42.869063" lon="-1.841995">
        <ele>622.514</ele>
        <time>2020-10-24T09:45:03Z</time>
      </trkpt>
      <trkpt lat="42.869089" lon="-1.842046">
        <ele>625.308</ele>
        <time>2020-10-24T09:45:09Z</time>
      </trkpt>
      <trkpt lat="42.869118" lon="-1.842094">
        <ele>627.497</ele>
        <time>2020-10-24T09:45:13Z</time>
      </trkpt>
      <trkpt lat="42.869163" lon="-1.842146">
        <ele>629.021</ele>
        <time>2020-10-24T09:45:16Z</time>
      </trkpt>
      <trkpt lat="42.869205" lon="-1.842185">
        <ele>630.433</ele>
        <time>2020-10-24T09:45:20Z</time>
      </trkpt>
      <trkpt lat="42.869243" lon="-1.842219">
        <ele>631.655</ele>
        <time>2020-10-24T09:45:23Z</time>
      </trkpt>
      <trkpt lat="42.869281" lon="-1.842256">
        <ele>633.082</ele>
        <time>2020-10-24T09:45:29Z</time>
      </trkpt>
      <trkpt lat="42.869320" lon="-1.842288">
        <ele>634.170</ele>
        <time>2020-10-24T09:45:32Z</time>
      </trkpt>
      <trkpt lat="42.869368" lon="-1.842317">
        <ele>634.810</ele>
        <time>2020-10-24T09:45:36Z</time>
      </trkpt>
      <trkpt lat="42.869405" lon="-1.842372">
        <ele>636.184</ele>
        <time>2020-10-24T09:45:45Z</time>
      </trkpt>
      <trkpt lat="42.869443" lon="-1.842410">
        <ele>637.324</ele>
        <time>2020-10-24T09:45:49Z</time>
      </trkpt>
      <trkpt lat="42.869480" lon="-1.842447">
        <ele>638.304</ele>
        <time>2020-10-24T09:45:52Z</time>
      </trkpt>
      <trkpt lat="42.869515" lon="-1.842490">
        <ele>639.114</ele>
        <time>2020-10-24T09:45:57Z</time>
      </trkpt>
      <trkpt lat="42.869606" lon="-1.842592">
        <ele>641.308</ele>
        <time>2020-10-24T09:46:06Z</time>
      </trkpt>
      <trkpt lat="42.869637" lon="-1.842641">
        <ele>641.277</ele>
        <time>2020-10-24T09:46:11Z</time>
      </trkpt>
      <trkpt lat="42.869690" lon="-1.842678">
        <ele>641.341</ele>
        <time>2020-10-24T09:46:14Z</time>
      </trkpt>
      <trkpt lat="42.869786" lon="-1.842769">
        <ele>642.443</ele>
        <time>2020-10-24T09:46:24Z</time>
      </trkpt>
      <trkpt lat="42.869832" lon="-1.842801">
        <ele>642.965</ele>
        <time>2020-10-24T09:46:30Z</time>
      </trkpt>
      <trkpt lat="42.869876" lon="-1.842832">
        <ele>643.382</ele>
        <time>2020-10-24T09:46:32Z</time>
      </trkpt>
      <trkpt lat="42.869919" lon="-1.842852">
        <ele>644.020</ele>
        <time>2020-10-24T09:46:38Z</time>
      </trkpt>
      <trkpt lat="42.869962" lon="-1.842889">
        <ele>644.760</ele>
        <time>2020-10-24T09:46:43Z</time>
      </trkpt>
      <trkpt lat="42.870006" lon="-1.842934">
        <ele>645.324</ele>
        <time>2020-10-24T09:46:47Z</time>
      </trkpt>
      <trkpt lat="42.870040" lon="-1.842987">
        <ele>645.837</ele>
        <time>2020-10-24T09:46:50Z</time>
      </trkpt>
      <trkpt lat="42.870078" lon="-1.843034">
        <ele>646.149</ele>
        <time>2020-10-24T09:46:57Z</time>
      </trkpt>
      <trkpt lat="42.870123" lon="-1.843064">
        <ele>646.213</ele>
        <time>2020-10-24T09:47:00Z</time>
      </trkpt>
      <trkpt lat="42.870168" lon="-1.843087">
        <ele>646.208</ele>
        <time>2020-10-24T09:47:03Z</time>
      </trkpt>
      <trkpt lat="42.870215" lon="-1.843100">
        <ele>646.448</ele>
        <time>2020-10-24T09:47:08Z</time>
      </trkpt>
      <trkpt lat="42.870260" lon="-1.843121">
        <ele>646.862</ele>
        <time>2020-10-24T09:47:12Z</time>
      </trkpt>
      <trkpt lat="42.870307" lon="-1.843144">
        <ele>647.164</ele>
        <time>2020-10-24T09:47:14Z</time>
      </trkpt>
      <trkpt lat="42.870352" lon="-1.843150">
        <ele>647.626</ele>
        <time>2020-10-24T09:47:18Z</time>
      </trkpt>
      <trkpt lat="42.870391" lon="-1.843187">
        <ele>648.053</ele>
        <time>2020-10-24T09:47:21Z</time>
      </trkpt>
      <trkpt lat="42.870435" lon="-1.843206">
        <ele>647.851</ele>
        <time>2020-10-24T09:47:26Z</time>
      </trkpt>
      <trkpt lat="42.870484" lon="-1.843217">
        <ele>647.341</ele>
        <time>2020-10-24T09:47:28Z</time>
      </trkpt>
      <trkpt lat="42.870542" lon="-1.843230">
        <ele>646.975</ele>
        <time>2020-10-24T09:47:31Z</time>
      </trkpt>
      <trkpt lat="42.870588" lon="-1.843226">
        <ele>646.444</ele>
        <time>2020-10-24T09:47:34Z</time>
      </trkpt>
      <trkpt lat="42.870641" lon="-1.843245">
        <ele>645.505</ele>
        <time>2020-10-24T09:47:38Z</time>
      </trkpt>
      <trkpt lat="42.870694" lon="-1.843250">
        <ele>644.215</ele>
        <time>2020-10-24T09:47:42Z</time>
      </trkpt>
      <trkpt lat="42.870742" lon="-1.843270">
        <ele>643.308</ele>
        <time>2020-10-24T09:47:44Z</time>
      </trkpt>
      <trkpt lat="42.870786" lon="-1.843287">
        <ele>642.999</ele>
        <time>2020-10-24T09:47:47Z</time>
      </trkpt>
      <trkpt lat="42.870842" lon="-1.843302">
        <ele>642.643</ele>
        <time>2020-10-24T09:47:52Z</time>
      </trkpt>
      <trkpt lat="42.870893" lon="-1.843294">
        <ele>642.635</ele>
        <time>2020-10-24T09:47:56Z</time>
      </trkpt>
      <trkpt lat="42.870941" lon="-1.843290">
        <ele>642.617</ele>
        <time>2020-10-24T09:48:01Z</time>
      </trkpt>
      <trkpt lat="42.870995" lon="-1.843308">
        <ele>643.054</ele>
        <time>2020-10-24T09:48:04Z</time>
      </trkpt>
      <trkpt lat="42.871048" lon="-1.843340">
        <ele>643.432</ele>
        <time>2020-10-24T09:48:09Z</time>
      </trkpt>
      <trkpt lat="42.871079" lon="-1.843389">
        <ele>643.652</ele>
        <time>2020-10-24T09:48:12Z</time>
      </trkpt>
      <trkpt lat="42.871105" lon="-1.843460">
        <ele>643.756</ele>
        <time>2020-10-24T09:48:17Z</time>
      </trkpt>
      <trkpt lat="42.871127" lon="-1.843528">
        <ele>643.734</ele>
        <time>2020-10-24T09:48:21Z</time>
      </trkpt>
      <trkpt lat="42.871151" lon="-1.843593">
        <ele>643.855</ele>
        <time>2020-10-24T09:48:24Z</time>
      </trkpt>
      <trkpt lat="42.871179" lon="-1.843642">
        <ele>644.210</ele>
        <time>2020-10-24T09:48:28Z</time>
      </trkpt>
      <trkpt lat="42.871219" lon="-1.843674">
        <ele>644.708</ele>
        <time>2020-10-24T09:48:32Z</time>
      </trkpt>
      <trkpt lat="42.871227" lon="-1.843740">
        <ele>644.718</ele>
        <time>2020-10-24T09:48:38Z</time>
      </trkpt>
      <trkpt lat="42.871290" lon="-1.843875">
        <ele>646.722</ele>
        <time>2020-10-24T09:48:51Z</time>
      </trkpt>
      <trkpt lat="42.871326" lon="-1.843951">
        <ele>646.934</ele>
        <time>2020-10-24T09:48:53Z</time>
      </trkpt>
      <trkpt lat="42.871363" lon="-1.843996">
        <ele>647.256</ele>
        <time>2020-10-24T09:48:57Z</time>
      </trkpt>
      <trkpt lat="42.871404" lon="-1.844027">
        <ele>647.733</ele>
        <time>2020-10-24T09:48:59Z</time>
      </trkpt>
      <trkpt lat="42.871450" lon="-1.844060">
        <ele>648.431</ele>
        <time>2020-10-24T09:49:03Z</time>
      </trkpt>
      <trkpt lat="42.871487" lon="-1.844110">
        <ele>648.991</ele>
        <time>2020-10-24T09:49:08Z</time>
      </trkpt>
      <trkpt lat="42.871517" lon="-1.844160">
        <ele>649.195</ele>
        <time>2020-10-24T09:49:12Z</time>
      </trkpt>
      <trkpt lat="42.871564" lon="-1.844178">
        <ele>649.095</ele>
        <time>2020-10-24T09:49:18Z</time>
      </trkpt>
      <trkpt lat="42.871602" lon="-1.844217">
        <ele>649.049</ele>
        <time>2020-10-24T09:49:21Z</time>
      </trkpt>
      <trkpt lat="42.871640" lon="-1.844263">
        <ele>649.323</ele>
        <time>2020-10-24T09:49:24Z</time>
      </trkpt>
      <trkpt lat="42.871674" lon="-1.844313">
        <ele>649.908</ele>
        <time>2020-10-24T09:49:28Z</time>
      </trkpt>
      <trkpt lat="42.871717" lon="-1.844351">
        <ele>651.314</ele>
        <time>2020-10-24T09:49:33Z</time>
      </trkpt>
      <trkpt lat="42.871760" lon="-1.844378">
        <ele>653.188</ele>
        <time>2020-10-24T09:49:40Z</time>
      </trkpt>
      <trkpt lat="42.871804" lon="-1.844395">
        <ele>654.470</ele>
        <time>2020-10-24T09:49:43Z</time>
      </trkpt>
      <trkpt lat="42.871857" lon="-1.844430">
        <ele>655.322</ele>
        <time>2020-10-24T09:49:45Z</time>
      </trkpt>
      <trkpt lat="42.871897" lon="-1.844460">
        <ele>656.069</ele>
        <time>2020-10-24T09:49:48Z</time>
      </trkpt>
      <trkpt lat="42.871943" lon="-1.844484">
        <ele>656.647</ele>
        <time>2020-10-24T09:49:52Z</time>
      </trkpt>
      <trkpt lat="42.871990" lon="-1.844510">
        <ele>657.227</ele>
        <time>2020-10-24T09:49:56Z</time>
      </trkpt>
      <trkpt lat="42.872026" lon="-1.844555">
        <ele>657.771</ele>
        <time>2020-10-24T09:50:00Z</time>
      </trkpt>
      <trkpt lat="42.872069" lon="-1.844573">
        <ele>658.637</ele>
        <time>2020-10-24T09:50:04Z</time>
      </trkpt>
      <trkpt lat="42.872120" lon="-1.844600">
        <ele>659.549</ele>
        <time>2020-10-24T09:50:08Z</time>
      </trkpt>
      <trkpt lat="42.872158" lon="-1.844644">
        <ele>660.113</ele>
        <time>2020-10-24T09:50:11Z</time>
      </trkpt>
      <trkpt lat="42.872202" lon="-1.844676">
        <ele>660.708</ele>
        <time>2020-10-24T09:50:15Z</time>
      </trkpt>
      <trkpt lat="42.872235" lon="-1.844718">
        <ele>661.458</ele>
        <time>2020-10-24T09:50:19Z</time>
      </trkpt>
      <trkpt lat="42.872273" lon="-1.844772">
        <ele>662.082</ele>
        <time>2020-10-24T09:50:22Z</time>
      </trkpt>
      <trkpt lat="42.872314" lon="-1.844811">
        <ele>662.364</ele>
        <time>2020-10-24T09:50:26Z</time>
      </trkpt>
      <trkpt lat="42.872359" lon="-1.844860">
        <ele>662.456</ele>
        <time>2020-10-24T09:50:29Z</time>
      </trkpt>
      <trkpt lat="42.872401" lon="-1.844908">
        <ele>662.223</ele>
        <time>2020-10-24T09:50:34Z</time>
      </trkpt>
      <trkpt lat="42.872444" lon="-1.844937">
        <ele>662.071</ele>
        <time>2020-10-24T09:50:37Z</time>
      </trkpt>
      <trkpt lat="42.872499" lon="-1.844957">
        <ele>661.681</ele>
        <time>2020-10-24T09:50:42Z</time>
      </trkpt>
      <trkpt lat="42.872551" lon="-1.844986">
        <ele>661.335</ele>
        <time>2020-10-24T09:50:45Z</time>
      </trkpt>
      <trkpt lat="42.872595" lon="-1.845012">
        <ele>660.939</ele>
        <time>2020-10-24T09:50:49Z</time>
      </trkpt>
      <trkpt lat="42.872639" lon="-1.845049">
        <ele>660.601</ele>
        <time>2020-10-24T09:50:53Z</time>
      </trkpt>
      <trkpt lat="42.872686" lon="-1.845079">
        <ele>660.321</ele>
        <time>2020-10-24T09:50:57Z</time>
      </trkpt>
      <trkpt lat="42.872726" lon="-1.845111">
        <ele>660.008</ele>
        <time>2020-10-24T09:51:02Z</time>
      </trkpt>
      <trkpt lat="42.872768" lon="-1.845148">
        <ele>659.418</ele>
        <time>2020-10-24T09:51:07Z</time>
      </trkpt>
      <trkpt lat="42.872822" lon="-1.845184">
        <ele>658.982</ele>
        <time>2020-10-24T09:51:11Z</time>
      </trkpt>
      <trkpt lat="42.872867" lon="-1.845210">
        <ele>658.674</ele>
        <time>2020-10-24T09:51:13Z</time>
      </trkpt>
      <trkpt lat="42.872902" lon="-1.845250">
        <ele>658.426</ele>
        <time>2020-10-24T09:51:16Z</time>
      </trkpt>
      <trkpt lat="42.872942" lon="-1.845299">
        <ele>658.523</ele>
        <time>2020-10-24T09:51:20Z</time>
      </trkpt>
      <trkpt lat="42.872984" lon="-1.845340">
        <ele>658.531</ele>
        <time>2020-10-24T09:51:25Z</time>
      </trkpt>
      <trkpt lat="42.873023" lon="-1.845390">
        <ele>658.691</ele>
        <time>2020-10-24T09:51:29Z</time>
      </trkpt>
      <trkpt lat="42.873076" lon="-1.845441">
        <ele>658.865</ele>
        <time>2020-10-24T09:51:33Z</time>
      </trkpt>
      <trkpt lat="42.873118" lon="-1.845473">
        <ele>659.014</ele>
        <time>2020-10-24T09:51:37Z</time>
      </trkpt>
      <trkpt lat="42.873160" lon="-1.845500">
        <ele>659.154</ele>
        <time>2020-10-24T09:51:41Z</time>
      </trkpt>
      <trkpt lat="42.873204" lon="-1.845526">
        <ele>659.709</ele>
        <time>2020-10-24T09:51:44Z</time>
      </trkpt>
      <trkpt lat="42.873242" lon="-1.845562">
        <ele>660.108</ele>
        <time>2020-10-24T09:51:47Z</time>
      </trkpt>
      <trkpt lat="42.873289" lon="-1.845597">
        <ele>660.256</ele>
        <time>2020-10-24T09:51:50Z</time>
      </trkpt>
      <trkpt lat="42.873340" lon="-1.845620">
        <ele>660.140</ele>
        <time>2020-10-24T09:51:55Z</time>
      </trkpt>
      <trkpt lat="42.873393" lon="-1.845643">
        <ele>659.742</ele>
        <time>2020-10-24T09:52:00Z</time>
      </trkpt>
      <trkpt lat="42.873450" lon="-1.845664">
        <ele>659.424</ele>
        <time>2020-10-24T09:52:04Z</time>
      </trkpt>
      <trkpt lat="42.873495" lon="-1.845676">
        <ele>659.221</ele>
        <time>2020-10-24T09:52:07Z</time>
      </trkpt>
      <trkpt lat="42.873541" lon="-1.845700">
        <ele>658.919</ele>
        <time>2020-10-24T09:52:11Z</time>
      </trkpt>
      <trkpt lat="42.873586" lon="-1.845709">
        <ele>658.819</ele>
        <time>2020-10-24T09:52:14Z</time>
      </trkpt>
      <trkpt lat="42.873641" lon="-1.845725">
        <ele>659.093</ele>
        <time>2020-10-24T09:52:19Z</time>
      </trkpt>
      <trkpt lat="42.873687" lon="-1.845748">
        <ele>659.435</ele>
        <time>2020-10-24T09:52:22Z</time>
      </trkpt>
      <trkpt lat="42.873735" lon="-1.845783">
        <ele>660.286</ele>
        <time>2020-10-24T09:52:27Z</time>
      </trkpt>
      <trkpt lat="42.873791" lon="-1.845788">
        <ele>660.614</ele>
        <time>2020-10-24T09:52:31Z</time>
      </trkpt>
      <trkpt lat="42.873838" lon="-1.845769">
        <ele>660.608</ele>
        <time>2020-10-24T09:52:33Z</time>
      </trkpt>
      <trkpt lat="42.873890" lon="-1.845787">
        <ele>660.548</ele>
        <time>2020-10-24T09:52:37Z</time>
      </trkpt>
      <trkpt lat="42.873930" lon="-1.845821">
        <ele>659.812</ele>
        <time>2020-10-24T09:52:46Z</time>
      </trkpt>
      <trkpt lat="42.873975" lon="-1.845831">
        <ele>659.434</ele>
        <time>2020-10-24T09:52:49Z</time>
      </trkpt>
      <trkpt lat="42.874023" lon="-1.845840">
        <ele>659.276</ele>
        <time>2020-10-24T09:52:51Z</time>
      </trkpt>
      <trkpt lat="42.874069" lon="-1.845852">
        <ele>658.713</ele>
        <time>2020-10-24T09:52:55Z</time>
      </trkpt>
      <trkpt lat="42.874120" lon="-1.845878">
        <ele>658.331</ele>
        <time>2020-10-24T09:53:00Z</time>
      </trkpt>
      <trkpt lat="42.874172" lon="-1.845895">
        <ele>658.241</ele>
        <time>2020-10-24T09:53:03Z</time>
      </trkpt>
      <trkpt lat="42.874217" lon="-1.845868">
        <ele>658.835</ele>
        <time>2020-10-24T09:53:06Z</time>
      </trkpt>
      <trkpt lat="42.874265" lon="-1.845870">
        <ele>660.036</ele>
        <time>2020-10-24T09:53:10Z</time>
      </trkpt>
      <trkpt lat="42.874317" lon="-1.845903">
        <ele>661.917</ele>
        <time>2020-10-24T09:53:21Z</time>
      </trkpt>
      <trkpt lat="42.874474" lon="-1.845901">
        <ele>664.718</ele>
        <time>2020-10-24T09:53:33Z</time>
      </trkpt>
      <trkpt lat="42.874527" lon="-1.845893">
        <ele>664.608</ele>
        <time>2020-10-24T09:53:36Z</time>
      </trkpt>
      <trkpt lat="42.874572" lon="-1.845889">
        <ele>664.558</ele>
        <time>2020-10-24T09:53:38Z</time>
      </trkpt>
      <trkpt lat="42.874633" lon="-1.845885">
        <ele>664.752</ele>
        <time>2020-10-24T09:53:42Z</time>
      </trkpt>
      <trkpt lat="42.874679" lon="-1.845887">
        <ele>665.184</ele>
        <time>2020-10-24T09:53:44Z</time>
      </trkpt>
      <trkpt lat="42.874727" lon="-1.845871">
        <ele>665.696</ele>
        <time>2020-10-24T09:53:49Z</time>
      </trkpt>
      <trkpt lat="42.874773" lon="-1.845835">
        <ele>666.383</ele>
        <time>2020-10-24T09:53:54Z</time>
      </trkpt>
      <trkpt lat="42.874818" lon="-1.845817">
        <ele>667.331</ele>
        <time>2020-10-24T09:53:58Z</time>
      </trkpt>
      <trkpt lat="42.874874" lon="-1.845812">
        <ele>667.961</ele>
        <time>2020-10-24T09:54:01Z</time>
      </trkpt>
      <trkpt lat="42.874939" lon="-1.845809">
        <ele>668.415</ele>
        <time>2020-10-24T09:54:04Z</time>
      </trkpt>
      <trkpt lat="42.874985" lon="-1.845813">
        <ele>668.896</ele>
        <time>2020-10-24T09:54:06Z</time>
      </trkpt>
      <trkpt lat="42.875035" lon="-1.845813">
        <ele>669.531</ele>
        <time>2020-10-24T09:54:16Z</time>
      </trkpt>
      <trkpt lat="42.875105" lon="-1.845783">
        <ele>669.624</ele>
        <time>2020-10-24T09:54:19Z</time>
      </trkpt>
      <trkpt lat="42.875152" lon="-1.845780">
        <ele>669.608</ele>
        <time>2020-10-24T09:54:20Z</time>
      </trkpt>
      <trkpt lat="42.875205" lon="-1.845759">
        <ele>669.714</ele>
        <time>2020-10-24T09:54:24Z</time>
      </trkpt>
      <trkpt lat="42.875877" lon="-1.845373">
        <ele>673.848</ele>
        <time>2020-10-24T09:55:26Z</time>
      </trkpt>
      <trkpt lat="42.875930" lon="-1.845334">
        <ele>673.690</ele>
        <time>2020-10-24T09:55:29Z</time>
      </trkpt>
      <trkpt lat="42.875985" lon="-1.845305">
        <ele>672.942</ele>
        <time>2020-10-24T09:55:33Z</time>
      </trkpt>
      <trkpt lat="42.876042" lon="-1.845290">
        <ele>671.989</ele>
        <time>2020-10-24T09:55:36Z</time>
      </trkpt>
      <trkpt lat="42.876093" lon="-1.845298">
        <ele>671.127</ele>
        <time>2020-10-24T09:55:38Z</time>
      </trkpt>
      <trkpt lat="42.876141" lon="-1.845276">
        <ele>670.447</ele>
        <time>2020-10-24T09:55:42Z</time>
      </trkpt>
      <trkpt lat="42.876175" lon="-1.845231">
        <ele>669.911</ele>
        <time>2020-10-24T09:55:45Z</time>
      </trkpt>
      <trkpt lat="42.876213" lon="-1.845178">
        <ele>669.083</ele>
        <time>2020-10-24T09:55:50Z</time>
      </trkpt>
      <trkpt lat="42.876258" lon="-1.845144">
        <ele>667.725</ele>
        <time>2020-10-24T09:55:56Z</time>
      </trkpt>
      <trkpt lat="42.876295" lon="-1.845102">
        <ele>666.017</ele>
        <time>2020-10-24T09:56:00Z</time>
      </trkpt>
      <trkpt lat="42.876332" lon="-1.845065">
        <ele>664.608</ele>
        <time>2020-10-24T09:56:02Z</time>
      </trkpt>
      <trkpt lat="42.876361" lon="-1.845008">
        <ele>663.263</ele>
        <time>2020-10-24T09:56:06Z</time>
      </trkpt>
      <trkpt lat="42.876394" lon="-1.844953">
        <ele>661.897</ele>
        <time>2020-10-24T09:56:13Z</time>
      </trkpt>
      <trkpt lat="42.876433" lon="-1.844922">
        <ele>660.979</ele>
        <time>2020-10-24T09:56:15Z</time>
      </trkpt>
      <trkpt lat="42.876481" lon="-1.844921">
        <ele>660.361</ele>
        <time>2020-10-24T09:56:19Z</time>
      </trkpt>
      <trkpt lat="42.876542" lon="-1.844964">
        <ele>660.098</ele>
        <time>2020-10-24T09:56:21Z</time>
      </trkpt>
      <trkpt lat="42.876581" lon="-1.844996">
        <ele>659.926</ele>
        <time>2020-10-24T09:56:26Z</time>
      </trkpt>
      <trkpt lat="42.876637" lon="-1.844982">
        <ele>660.066</ele>
        <time>2020-10-24T09:56:32Z</time>
      </trkpt>
      <trkpt lat="42.876679" lon="-1.844959">
        <ele>660.160</ele>
        <time>2020-10-24T09:56:36Z</time>
      </trkpt>
      <trkpt lat="42.876727" lon="-1.844942">
        <ele>660.579</ele>
        <time>2020-10-24T09:56:42Z</time>
      </trkpt>
      <trkpt lat="42.876775" lon="-1.844924">
        <ele>660.905</ele>
        <time>2020-10-24T09:56:44Z</time>
      </trkpt>
      <trkpt lat="42.876830" lon="-1.844913">
        <ele>661.525</ele>
        <time>2020-10-24T09:56:51Z</time>
      </trkpt>
      <trkpt lat="42.876875" lon="-1.844901">
        <ele>662.008</ele>
        <time>2020-10-24T09:56:53Z</time>
      </trkpt>
      <trkpt lat="42.876921" lon="-1.844887">
        <ele>662.322</ele>
        <time>2020-10-24T09:56:56Z</time>
      </trkpt>
      <trkpt lat="42.876977" lon="-1.844880">
        <ele>662.666</ele>
        <time>2020-10-24T09:56:59Z</time>
      </trkpt>
      <trkpt lat="42.877026" lon="-1.844866">
        <ele>662.868</ele>
        <time>2020-10-24T09:57:02Z</time>
      </trkpt>
      <trkpt lat="42.877068" lon="-1.844829">
        <ele>662.640</ele>
        <time>2020-10-24T09:57:05Z</time>
      </trkpt>
      <trkpt lat="42.877113" lon="-1.844798">
        <ele>662.447</ele>
        <time>2020-10-24T09:57:09Z</time>
      </trkpt>
      <trkpt lat="42.877163" lon="-1.844784">
        <ele>662.245</ele>
        <time>2020-10-24T09:57:13Z</time>
      </trkpt>
      <trkpt lat="42.877212" lon="-1.844771">
        <ele>662.045</ele>
        <time>2020-10-24T09:57:17Z</time>
      </trkpt>
      <trkpt lat="42.877261" lon="-1.844777">
        <ele>661.849</ele>
        <time>2020-10-24T09:57:21Z</time>
      </trkpt>
      <trkpt lat="42.877311" lon="-1.844761">
        <ele>661.485</ele>
        <time>2020-10-24T09:57:29Z</time>
      </trkpt>
      <trkpt lat="42.877474" lon="-1.844705">
        <ele>660.589</ele>
        <time>2020-10-24T09:57:43Z</time>
      </trkpt>
      <trkpt lat="42.877525" lon="-1.844693">
        <ele>660.617</ele>
        <time>2020-10-24T09:57:45Z</time>
      </trkpt>
      <trkpt lat="42.877579" lon="-1.844690">
        <ele>660.708</ele>
        <time>2020-10-24T09:57:47Z</time>
      </trkpt>
      <trkpt lat="42.877637" lon="-1.844680">
        <ele>661.143</ele>
        <time>2020-10-24T09:57:51Z</time>
      </trkpt>
      <trkpt lat="42.877688" lon="-1.844658">
        <ele>661.547</ele>
        <time>2020-10-24T09:57:54Z</time>
      </trkpt>
      <trkpt lat="42.877740" lon="-1.844653">
        <ele>661.919</ele>
        <time>2020-10-24T09:57:59Z</time>
      </trkpt>
      <trkpt lat="42.877792" lon="-1.844646">
        <ele>662.611</ele>
        <time>2020-10-24T09:58:02Z</time>
      </trkpt>
      <trkpt lat="42.877839" lon="-1.844629">
        <ele>663.278</ele>
        <time>2020-10-24T09:58:07Z</time>
      </trkpt>
      <trkpt lat="42.878010" lon="-1.844614">
        <ele>669.226</ele>
        <time>2020-10-24T09:58:26Z</time>
      </trkpt>
      <trkpt lat="42.878057" lon="-1.844621">
        <ele>669.576</ele>
        <time>2020-10-24T09:58:29Z</time>
      </trkpt>
      <trkpt lat="42.878106" lon="-1.844631">
        <ele>670.130</ele>
        <time>2020-10-24T09:58:33Z</time>
      </trkpt>
      <trkpt lat="42.878153" lon="-1.844636">
        <ele>670.879</ele>
        <time>2020-10-24T09:58:36Z</time>
      </trkpt>
      <trkpt lat="42.878207" lon="-1.844659">
        <ele>671.305</ele>
        <time>2020-10-24T09:58:39Z</time>
      </trkpt>
      <trkpt lat="42.878258" lon="-1.844660">
        <ele>672.025</ele>
        <time>2020-10-24T09:58:44Z</time>
      </trkpt>
      <trkpt lat="42.878314" lon="-1.844647">
        <ele>674.608</ele>
        <time>2020-10-24T09:58:59Z</time>
      </trkpt>
      <trkpt lat="42.878360" lon="-1.844649">
        <ele>676.342</ele>
        <time>2020-10-24T09:59:01Z</time>
      </trkpt>
      <trkpt lat="42.878402" lon="-1.844672">
        <ele>677.766</ele>
        <time>2020-10-24T09:59:08Z</time>
      </trkpt>
      <trkpt lat="42.878529" lon="-1.844709">
        <ele>683.668</ele>
        <time>2020-10-24T09:59:17Z</time>
      </trkpt>
      <trkpt lat="42.878576" lon="-1.844719">
        <ele>684.110</ele>
        <time>2020-10-24T09:59:20Z</time>
      </trkpt>
      <trkpt lat="42.878621" lon="-1.844701">
        <ele>685.167</ele>
        <time>2020-10-24T09:59:25Z</time>
      </trkpt>
      <trkpt lat="42.879044" lon="-1.844697">
        <ele>698.075</ele>
        <time>2020-10-24T10:00:11Z</time>
      </trkpt>
      <trkpt lat="42.879092" lon="-1.844709">
        <ele>698.335</ele>
        <time>2020-10-24T10:00:13Z</time>
      </trkpt>
      <trkpt lat="42.879145" lon="-1.844724">
        <ele>698.919</ele>
        <time>2020-10-24T10:00:16Z</time>
      </trkpt>
      <trkpt lat="42.879188" lon="-1.844741">
        <ele>699.882</ele>
        <time>2020-10-24T10:00:20Z</time>
      </trkpt>
      <trkpt lat="42.879234" lon="-1.844739">
        <ele>700.843</ele>
        <time>2020-10-24T10:00:26Z</time>
      </trkpt>
      <trkpt lat="42.879285" lon="-1.844743">
        <ele>701.717</ele>
        <time>2020-10-24T10:00:30Z</time>
      </trkpt>
      <trkpt lat="42.879337" lon="-1.844733">
        <ele>702.608</ele>
        <time>2020-10-24T10:00:34Z</time>
      </trkpt>
      <trkpt lat="42.879391" lon="-1.844709">
        <ele>703.573</ele>
        <time>2020-10-24T10:00:38Z</time>
      </trkpt>
      <trkpt lat="42.879437" lon="-1.844698">
        <ele>704.467</ele>
        <time>2020-10-24T10:00:42Z</time>
      </trkpt>
      <trkpt lat="42.879486" lon="-1.844705">
        <ele>705.419</ele>
        <time>2020-10-24T10:00:46Z</time>
      </trkpt>
      <trkpt lat="42.879711" lon="-1.844689">
        <ele>714.211</ele>
        <time>2020-10-24T10:01:11Z</time>
      </trkpt>
      <trkpt lat="42.879754" lon="-1.844711">
        <ele>714.868</ele>
        <time>2020-10-24T10:01:15Z</time>
      </trkpt>
      <trkpt lat="42.879798" lon="-1.844723">
        <ele>715.766</ele>
        <time>2020-10-24T10:01:19Z</time>
      </trkpt>
      <trkpt lat="42.879850" lon="-1.844726">
        <ele>716.926</ele>
        <time>2020-10-24T10:01:25Z</time>
      </trkpt>
      <trkpt lat="42.879901" lon="-1.844739">
        <ele>717.980</ele>
        <time>2020-10-24T10:01:28Z</time>
      </trkpt>
      <trkpt lat="42.879947" lon="-1.844755">
        <ele>719.121</ele>
        <time>2020-10-24T10:01:33Z</time>
      </trkpt>
      <trkpt lat="42.879993" lon="-1.844758">
        <ele>720.941</ele>
        <time>2020-10-24T10:01:42Z</time>
      </trkpt>
      <trkpt lat="42.880036" lon="-1.844783">
        <ele>722.505</ele>
        <time>2020-10-24T10:01:46Z</time>
      </trkpt>
      <trkpt lat="42.880076" lon="-1.844813">
        <ele>723.808</ele>
        <time>2020-10-24T10:01:50Z</time>
      </trkpt>
      <trkpt lat="42.880227" lon="-1.844849">
        <ele>730.497</ele>
        <time>2020-10-24T10:02:06Z</time>
      </trkpt>
      <trkpt lat="42.880278" lon="-1.844861">
        <ele>730.811</ele>
        <time>2020-10-24T10:02:10Z</time>
      </trkpt>
      <trkpt lat="42.880329" lon="-1.844869">
        <ele>731.233</ele>
        <time>2020-10-24T10:02:12Z</time>
      </trkpt>
      <trkpt lat="42.880376" lon="-1.844860">
        <ele>732.245</ele>
        <time>2020-10-24T10:02:17Z</time>
      </trkpt>
      <trkpt lat="42.880426" lon="-1.844865">
        <ele>733.032</ele>
        <time>2020-10-24T10:02:20Z</time>
      </trkpt>
      <trkpt lat="42.880481" lon="-1.844868">
        <ele>733.340</ele>
        <time>2020-10-24T10:02:22Z</time>
      </trkpt>
      <trkpt lat="42.880527" lon="-1.844876">
        <ele>733.080</ele>
        <time>2020-10-24T10:02:27Z</time>
      </trkpt>
      <trkpt lat="42.880568" lon="-1.844902">
        <ele>732.164</ele>
        <time>2020-10-24T10:02:30Z</time>
      </trkpt>
      <trkpt lat="42.880614" lon="-1.844943">
        <ele>731.119</ele>
        <time>2020-10-24T10:02:36Z</time>
      </trkpt>
      <trkpt lat="42.880661" lon="-1.844975">
        <ele>730.709</ele>
        <time>2020-10-24T10:02:39Z</time>
      </trkpt>
      <trkpt lat="42.880714" lon="-1.845007">
        <ele>730.419</ele>
        <time>2020-10-24T10:02:42Z</time>
      </trkpt>
      <trkpt lat="42.880764" lon="-1.845025">
        <ele>730.308</ele>
        <time>2020-10-24T10:02:47Z</time>
      </trkpt>
      <trkpt lat="42.880815" lon="-1.845056">
        <ele>729.946</ele>
        <time>2020-10-24T10:02:51Z</time>
      </trkpt>
      <trkpt lat="42.880861" lon="-1.845097">
        <ele>729.750</ele>
        <time>2020-10-24T10:02:54Z</time>
      </trkpt>
      <trkpt lat="42.880915" lon="-1.845085">
        <ele>729.592</ele>
        <time>2020-10-24T10:02:57Z</time>
      </trkpt>
      <trkpt lat="42.880959" lon="-1.845071">
        <ele>729.514</ele>
        <time>2020-10-24T10:03:02Z</time>
      </trkpt>
      <trkpt lat="42.881007" lon="-1.845075">
        <ele>729.721</ele>
        <time>2020-10-24T10:03:08Z</time>
      </trkpt>
      <trkpt lat="42.881068" lon="-1.845104">
        <ele>729.789</ele>
        <time>2020-10-24T10:03:11Z</time>
      </trkpt>
      <trkpt lat="42.881112" lon="-1.845127">
        <ele>729.919</ele>
        <time>2020-10-24T10:03:14Z</time>
      </trkpt>
      <trkpt lat="42.881236" lon="-1.845184">
        <ele>731.413</ele>
        <time>2020-10-24T10:03:30Z</time>
      </trkpt>
      <trkpt lat="42.881292" lon="-1.845218">
        <ele>731.488</ele>
        <time>2020-10-24T10:03:32Z</time>
      </trkpt>
      <trkpt lat="42.881334" lon="-1.845239">
        <ele>731.424</ele>
        <time>2020-10-24T10:03:35Z</time>
      </trkpt>
      <trkpt lat="42.881373" lon="-1.845272">
        <ele>731.326</ele>
        <time>2020-10-24T10:03:38Z</time>
      </trkpt>
      <trkpt lat="42.881420" lon="-1.845317">
        <ele>731.408</ele>
        <time>2020-10-24T10:03:42Z</time>
      </trkpt>
      <trkpt lat="42.881459" lon="-1.845350">
        <ele>731.523</ele>
        <time>2020-10-24T10:03:45Z</time>
      </trkpt>
      <trkpt lat="42.881492" lon="-1.845398">
        <ele>731.717</ele>
        <time>2020-10-24T10:03:50Z</time>
      </trkpt>
      <trkpt lat="42.881539" lon="-1.845454">
        <ele>731.169</ele>
        <time>2020-10-24T10:03:54Z</time>
      </trkpt>
      <trkpt lat="42.881581" lon="-1.845519">
        <ele>729.811</ele>
        <time>2020-10-24T10:03:58Z</time>
      </trkpt>
      <trkpt lat="42.881629" lon="-1.845548">
        <ele>728.358</ele>
        <time>2020-10-24T10:04:02Z</time>
      </trkpt>
      <trkpt lat="42.881678" lon="-1.845584">
        <ele>726.736</ele>
        <time>2020-10-24T10:04:07Z</time>
      </trkpt>
      <trkpt lat="42.881709" lon="-1.845637">
        <ele>725.416</ele>
        <time>2020-10-24T10:04:11Z</time>
      </trkpt>
      <trkpt lat="42.881763" lon="-1.845681">
        <ele>724.070</ele>
        <time>2020-10-24T10:04:15Z</time>
      </trkpt>
      <trkpt lat="42.881814" lon="-1.845715">
        <ele>723.151</ele>
        <time>2020-10-24T10:04:18Z</time>
      </trkpt>
      <trkpt lat="42.881862" lon="-1.845709">
        <ele>722.401</ele>
        <time>2020-10-24T10:04:22Z</time>
      </trkpt>
      <trkpt lat="42.881912" lon="-1.845678">
        <ele>721.411</ele>
        <time>2020-10-24T10:04:27Z</time>
      </trkpt>
      <trkpt lat="42.881949" lon="-1.845638">
        <ele>720.608</ele>
        <time>2020-10-24T10:04:30Z</time>
      </trkpt>
      <trkpt lat="42.882002" lon="-1.845623">
        <ele>720.030</ele>
        <time>2020-10-24T10:04:36Z</time>
      </trkpt>
      <trkpt lat="42.882047" lon="-1.845611">
        <ele>719.324</ele>
        <time>2020-10-24T10:04:40Z</time>
      </trkpt>
      <trkpt lat="42.882103" lon="-1.845598">
        <ele>718.876</ele>
        <time>2020-10-24T10:04:44Z</time>
      </trkpt>
      <trkpt lat="42.882149" lon="-1.845603">
        <ele>718.518</ele>
        <time>2020-10-24T10:04:47Z</time>
      </trkpt>
      <trkpt lat="42.882207" lon="-1.845607">
        <ele>718.345</ele>
        <time>2020-10-24T10:04:50Z</time>
      </trkpt>
      <trkpt lat="42.882259" lon="-1.845607">
        <ele>717.873</ele>
        <time>2020-10-24T10:04:56Z</time>
      </trkpt>
      <trkpt lat="42.882304" lon="-1.845592">
        <ele>717.643</ele>
        <time>2020-10-24T10:04:58Z</time>
      </trkpt>
      <trkpt lat="42.882352" lon="-1.845601">
        <ele>717.417</ele>
        <time>2020-10-24T10:05:10Z</time>
      </trkpt>
      <trkpt lat="42.882412" lon="-1.845605">
        <ele>717.354</ele>
        <time>2020-10-24T10:05:12Z</time>
      </trkpt>
      <trkpt lat="42.882465" lon="-1.845625">
        <ele>717.256</ele>
        <time>2020-10-24T10:05:15Z</time>
      </trkpt>
      <trkpt lat="42.882520" lon="-1.845644">
        <ele>717.111</ele>
        <time>2020-10-24T10:05:20Z</time>
      </trkpt>
      <trkpt lat="42.882573" lon="-1.845673">
        <ele>716.908</ele>
        <time>2020-10-24T10:05:23Z</time>
      </trkpt>
      <trkpt lat="42.882616" lon="-1.845693">
        <ele>716.790</ele>
        <time>2020-10-24T10:05:26Z</time>
      </trkpt>
      <trkpt lat="42.882655" lon="-1.845725">
        <ele>716.734</ele>
        <time>2020-10-24T10:05:29Z</time>
      </trkpt>
      <trkpt lat="42.882697" lon="-1.845763">
        <ele>716.866</ele>
        <time>2020-10-24T10:05:32Z</time>
      </trkpt>
      <trkpt lat="42.882742" lon="-1.845797">
        <ele>717.188</ele>
        <time>2020-10-24T10:05:36Z</time>
      </trkpt>
      <trkpt lat="42.882806" lon="-1.845825">
        <ele>717.875</ele>
        <time>2020-10-24T10:05:46Z</time>
      </trkpt>
      <trkpt lat="42.882850" lon="-1.845847">
        <ele>718.413</ele>
        <time>2020-10-24T10:05:49Z</time>
      </trkpt>
      <trkpt lat="42.882948" lon="-1.845913">
        <ele>719.993</ele>
        <time>2020-10-24T10:05:59Z</time>
      </trkpt>
      <trkpt lat="42.882990" lon="-1.845949">
        <ele>720.317</ele>
        <time>2020-10-24T10:06:04Z</time>
      </trkpt>
      <trkpt lat="42.883075" lon="-1.845982">
        <ele>721.646</ele>
        <time>2020-10-24T10:06:14Z</time>
      </trkpt>
      <trkpt lat="42.883122" lon="-1.845996">
        <ele>721.988</ele>
        <time>2020-10-24T10:06:16Z</time>
      </trkpt>
      <trkpt lat="42.883170" lon="-1.846011">
        <ele>722.316</ele>
        <time>2020-10-24T10:06:20Z</time>
      </trkpt>
      <trkpt lat="42.883222" lon="-1.846024">
        <ele>722.908</ele>
        <time>2020-10-24T10:06:25Z</time>
      </trkpt>
      <trkpt lat="42.883272" lon="-1.846026">
        <ele>723.559</ele>
        <time>2020-10-24T10:06:29Z</time>
      </trkpt>
      <trkpt lat="42.883315" lon="-1.846049">
        <ele>724.273</ele>
        <time>2020-10-24T10:06:33Z</time>
      </trkpt>
      <trkpt lat="42.883366" lon="-1.846074">
        <ele>724.945</ele>
        <time>2020-10-24T10:06:38Z</time>
      </trkpt>
      <trkpt lat="42.883415" lon="-1.846096">
        <ele>725.247</ele>
        <time>2020-10-24T10:06:42Z</time>
      </trkpt>
      <trkpt lat="42.883461" lon="-1.846108">
        <ele>725.444</ele>
        <time>2020-10-24T10:06:46Z</time>
      </trkpt>
      <trkpt lat="42.883506" lon="-1.846121">
        <ele>725.612</ele>
        <time>2020-10-24T10:06:51Z</time>
      </trkpt>
      <trkpt lat="42.883547" lon="-1.846151">
        <ele>725.752</ele>
        <time>2020-10-24T10:06:54Z</time>
      </trkpt>
      <trkpt lat="42.883591" lon="-1.846173">
        <ele>725.516</ele>
        <time>2020-10-24T10:06:58Z</time>
      </trkpt>
      <trkpt lat="42.883652" lon="-1.846182">
        <ele>725.278</ele>
        <time>2020-10-24T10:07:02Z</time>
      </trkpt>
      <trkpt lat="42.883701" lon="-1.846174">
        <ele>725.133</ele>
        <time>2020-10-24T10:07:08Z</time>
      </trkpt>
      <trkpt lat="42.883753" lon="-1.846188">
        <ele>724.926</ele>
        <time>2020-10-24T10:07:12Z</time>
      </trkpt>
      <trkpt lat="42.883797" lon="-1.846207">
        <ele>724.608</ele>
        <time>2020-10-24T10:07:16Z</time>
      </trkpt>
      <trkpt lat="42.883842" lon="-1.846245">
        <ele>724.512</ele>
        <time>2020-10-24T10:07:19Z</time>
      </trkpt>
      <trkpt lat="42.883890" lon="-1.846280">
        <ele>724.726</ele>
        <time>2020-10-24T10:07:23Z</time>
      </trkpt>
      <trkpt lat="42.883935" lon="-1.846291">
        <ele>725.028</ele>
        <time>2020-10-24T10:07:27Z</time>
      </trkpt>
      <trkpt lat="42.883984" lon="-1.846264">
        <ele>725.110</ele>
        <time>2020-10-24T10:07:31Z</time>
      </trkpt>
      <trkpt lat="42.884037" lon="-1.846240">
        <ele>725.387</ele>
        <time>2020-10-24T10:07:36Z</time>
      </trkpt>
      <trkpt lat="42.884086" lon="-1.846235">
        <ele>725.765</ele>
        <time>2020-10-24T10:07:40Z</time>
      </trkpt>
      <trkpt lat="42.884135" lon="-1.846222">
        <ele>726.195</ele>
        <time>2020-10-24T10:07:43Z</time>
      </trkpt>
      <trkpt lat="42.884186" lon="-1.846202">
        <ele>726.619</ele>
        <time>2020-10-24T10:07:48Z</time>
      </trkpt>
      <trkpt lat="42.884231" lon="-1.846212">
        <ele>726.775</ele>
        <time>2020-10-24T10:07:52Z</time>
      </trkpt>
      <trkpt lat="42.884274" lon="-1.846184">
        <ele>726.528</ele>
        <time>2020-10-24T10:07:56Z</time>
      </trkpt>
      <trkpt lat="42.884317" lon="-1.846155">
        <ele>725.820</ele>
        <time>2020-10-24T10:08:02Z</time>
      </trkpt>
      <trkpt lat="42.884362" lon="-1.846138">
        <ele>725.208</ele>
        <time>2020-10-24T10:08:05Z</time>
      </trkpt>
      <trkpt lat="42.884408" lon="-1.846124">
        <ele>725.062</ele>
        <time>2020-10-24T10:08:09Z</time>
      </trkpt>
      <trkpt lat="42.884466" lon="-1.846098">
        <ele>725.576</ele>
        <time>2020-10-24T10:08:13Z</time>
      </trkpt>
      <trkpt lat="42.884501" lon="-1.846055">
        <ele>726.898</ele>
        <time>2020-10-24T10:08:20Z</time>
      </trkpt>
      <trkpt lat="42.884501" lon="-1.845987">
        <ele>728.430</ele>
        <time>2020-10-24T10:08:25Z</time>
      </trkpt>
      <trkpt lat="42.884543" lon="-1.845949">
        <ele>730.517</ele>
        <time>2020-10-24T10:08:44Z</time>
      </trkpt>
      <trkpt lat="42.884562" lon="-1.845820">
        <ele>731.565</ele>
        <time>2020-10-24T10:09:23Z</time>
      </trkpt>
      <trkpt lat="42.885753" lon="-1.845103">
        <ele>785.115</ele>
        <time>2020-10-24T10:14:14Z</time>
      </trkpt>
      <trkpt lat="42.886336" lon="-1.845961">
        <ele>812.419</ele>
        <time>2020-10-24T10:16:12Z</time>
      </trkpt>
      <trkpt lat="42.886362" lon="-1.846019">
        <ele>812.656</ele>
        <time>2020-10-24T10:16:15Z</time>
      </trkpt>
      <trkpt lat="42.886427" lon="-1.846283">
        <ele>819.259</ele>
        <time>2020-10-24T10:16:56Z</time>
      </trkpt>
      <trkpt lat="42.886671" lon="-1.846798">
        <ele>833.514</ele>
        <time>2020-10-24T10:18:40Z</time>
      </trkpt>
      <trkpt lat="42.886454" lon="-1.846986">
        <ele>839.708</ele>
        <time>2020-10-24T10:19:09Z</time>
      </trkpt>
      <trkpt lat="42.886424" lon="-1.847045">
        <ele>840.430</ele>
        <time>2020-10-24T10:19:15Z</time>
      </trkpt>
      <trkpt lat="42.886414" lon="-1.847108">
        <ele>841.094</ele>
        <time>2020-10-24T10:19:18Z</time>
      </trkpt>
      <trkpt lat="42.886388" lon="-1.847161">
        <ele>841.686</ele>
        <time>2020-10-24T10:19:22Z</time>
      </trkpt>
      <trkpt lat="42.886111" lon="-1.847555">
        <ele>850.988</ele>
        <time>2020-10-24T10:20:52Z</time>
      </trkpt>
      <trkpt lat="42.886082" lon="-1.847607">
        <ele>852.055</ele>
        <time>2020-10-24T10:20:57Z</time>
      </trkpt>
      <trkpt lat="42.886052" lon="-1.847655">
        <ele>853.623</ele>
        <time>2020-10-24T10:21:01Z</time>
      </trkpt>
      <trkpt lat="42.886019" lon="-1.847703">
        <ele>855.263</ele>
        <time>2020-10-24T10:21:06Z</time>
      </trkpt>
      <trkpt lat="42.885993" lon="-1.847756">
        <ele>856.937</ele>
        <time>2020-10-24T10:21:12Z</time>
      </trkpt>
      <trkpt lat="42.885976" lon="-1.847815">
        <ele>859.056</ele>
        <time>2020-10-24T10:21:17Z</time>
      </trkpt>
      <trkpt lat="42.885956" lon="-1.847873">
        <ele>860.959</ele>
        <time>2020-10-24T10:21:25Z</time>
      </trkpt>
      <trkpt lat="42.885945" lon="-1.847933">
        <ele>862.414</ele>
        <time>2020-10-24T10:21:30Z</time>
      </trkpt>
      <trkpt lat="42.885864" lon="-1.848259">
        <ele>868.208</ele>
        <time>2020-10-24T10:22:26Z</time>
      </trkpt>
      <trkpt lat="42.885825" lon="-1.848320">
        <ele>868.670</ele>
        <time>2020-10-24T10:22:30Z</time>
      </trkpt>
      <trkpt lat="42.885792" lon="-1.848364">
        <ele>869.094</ele>
        <time>2020-10-24T10:22:35Z</time>
      </trkpt>
      <trkpt lat="42.885665" lon="-1.848608">
        <ele>874.886</ele>
        <time>2020-10-24T10:22:59Z</time>
      </trkpt>
      <trkpt lat="42.885648" lon="-1.848708">
        <ele>875.928</ele>
        <time>2020-10-24T10:23:08Z</time>
      </trkpt>
      <trkpt lat="42.885630" lon="-1.848773">
        <ele>876.165</ele>
        <time>2020-10-24T10:23:14Z</time>
      </trkpt>
      <trkpt lat="42.885613" lon="-1.848836">
        <ele>876.223</ele>
        <time>2020-10-24T10:23:17Z</time>
      </trkpt>
      <trkpt lat="42.885591" lon="-1.848891">
        <ele>876.733</ele>
        <time>2020-10-24T10:23:22Z</time>
      </trkpt>
      <trkpt lat="42.885552" lon="-1.848977">
        <ele>878.147</ele>
        <time>2020-10-24T10:23:30Z</time>
      </trkpt>
      <trkpt lat="42.885528" lon="-1.849032">
        <ele>878.361</ele>
        <time>2020-10-24T10:23:34Z</time>
      </trkpt>
      <trkpt lat="42.885501" lon="-1.849086">
        <ele>878.721</ele>
        <time>2020-10-24T10:23:39Z</time>
      </trkpt>
      <trkpt lat="42.885464" lon="-1.849123">
        <ele>878.913</ele>
        <time>2020-10-24T10:23:44Z</time>
      </trkpt>
      <trkpt lat="42.885401" lon="-1.849261">
        <ele>881.908</ele>
        <time>2020-10-24T10:24:03Z</time>
      </trkpt>
      <trkpt lat="42.885332" lon="-1.849277">
        <ele>881.661</ele>
        <time>2020-10-24T10:24:05Z</time>
      </trkpt>
      <trkpt lat="42.885349" lon="-1.849334">
        <ele>881.195</ele>
        <time>2020-10-24T10:24:15Z</time>
      </trkpt>
      <trkpt lat="42.885318" lon="-1.849380">
        <ele>880.887</ele>
        <time>2020-10-24T10:24:18Z</time>
      </trkpt>
      <trkpt lat="42.885281" lon="-1.849426">
        <ele>881.379</ele>
        <time>2020-10-24T10:24:24Z</time>
      </trkpt>
      <trkpt lat="42.885216" lon="-1.849563">
        <ele>884.416</ele>
        <time>2020-10-24T10:24:42Z</time>
      </trkpt>
      <trkpt lat="42.885135" lon="-1.849673">
        <ele>886.624</ele>
        <time>2020-10-24T10:24:53Z</time>
      </trkpt>
      <trkpt lat="42.885122" lon="-1.849734">
        <ele>886.784</ele>
        <time>2020-10-24T10:24:57Z</time>
      </trkpt>
      <trkpt lat="42.885102" lon="-1.849791">
        <ele>887.348</ele>
        <time>2020-10-24T10:25:04Z</time>
      </trkpt>
      <trkpt lat="42.885042" lon="-1.849896">
        <ele>888.417</ele>
        <time>2020-10-24T10:25:25Z</time>
      </trkpt>
      <trkpt lat="42.885017" lon="-1.849951">
        <ele>888.987</ele>
        <time>2020-10-24T10:25:27Z</time>
      </trkpt>
      <trkpt lat="42.884683" lon="-1.850442">
        <ele>898.915</ele>
        <time>2020-10-24T10:26:19Z</time>
      </trkpt>
      <trkpt lat="42.884388" lon="-1.850851">
        <ele>909.908</ele>
        <time>2020-10-24T10:27:24Z</time>
      </trkpt>
      <trkpt lat="42.884344" lon="-1.850872">
        <ele>910.996</ele>
        <time>2020-10-24T10:27:28Z</time>
      </trkpt>
      <trkpt lat="42.881666" lon="-1.853517">
        <ele>1042.110</ele>
        <time>2020-10-24T10:41:01Z</time>
      </trkpt>
      <trkpt lat="42.881634" lon="-1.853585">
        <ele>1042.892</ele>
        <time>2020-10-24T10:41:03Z</time>
      </trkpt>
      <trkpt lat="42.881614" lon="-1.853642">
        <ele>1043.934</ele>
        <time>2020-10-24T10:41:05Z</time>
      </trkpt>
      <trkpt lat="42.881119" lon="-1.854109">
        <ele>1096.871</ele>
        <time>2020-10-24T10:46:04Z</time>
      </trkpt>
      <trkpt lat="42.881234" lon="-1.854287">
        <ele>1106.019</ele>
        <time>2020-10-24T10:46:42Z</time>
      </trkpt>
      <trkpt lat="42.881245" lon="-1.854377">
        <ele>1107.259</ele>
        <time>2020-10-24T10:46:46Z</time>
      </trkpt>
      <trkpt lat="42.881266" lon="-1.854442">
        <ele>1108.483</ele>
        <time>2020-10-24T10:46:49Z</time>
      </trkpt>
      <trkpt lat="42.881293" lon="-1.854548">
        <ele>1113.563</ele>
        <time>2020-10-24T10:46:58Z</time>
      </trkpt>
      <trkpt lat="42.881375" lon="-1.854747">
        <ele>1117.744</ele>
        <time>2020-10-24T10:47:15Z</time>
      </trkpt>
      <trkpt lat="42.881410" lon="-1.854889">
        <ele>1117.918</ele>
        <time>2020-10-24T10:47:29Z</time>
      </trkpt>
      <trkpt lat="42.881425" lon="-1.854954">
        <ele>1117.908</ele>
        <time>2020-10-24T10:47:32Z</time>
      </trkpt>
      <trkpt lat="42.881440" lon="-1.855017">
        <ele>1118.031</ele>
        <time>2020-10-24T10:47:34Z</time>
      </trkpt>
      <trkpt lat="42.881466" lon="-1.855068">
        <ele>1117.895</ele>
        <time>2020-10-24T10:47:40Z</time>
      </trkpt>
      <trkpt lat="42.881493" lon="-1.855127">
        <ele>1117.817</ele>
        <time>2020-10-24T10:47:45Z</time>
      </trkpt>
      <trkpt lat="42.881530" lon="-1.855246">
        <ele>1117.849</ele>
        <time>2020-10-24T10:47:55Z</time>
      </trkpt>
      <trkpt lat="42.881558" lon="-1.855374">
        <ele>1119.746</ele>
        <time>2020-10-24T10:48:03Z</time>
      </trkpt>
      <trkpt lat="42.881566" lon="-1.855439">
        <ele>1120.174</ele>
        <time>2020-10-24T10:48:10Z</time>
      </trkpt>
      <trkpt lat="42.881668" lon="-1.855669">
        <ele>1121.954</ele>
        <time>2020-10-24T10:48:33Z</time>
      </trkpt>
      <trkpt lat="42.881710" lon="-1.855854">
        <ele>1120.898</ele>
        <time>2020-10-24T10:48:45Z</time>
      </trkpt>
      <trkpt lat="42.881768" lon="-1.855981">
        <ele>1123.149</ele>
        <time>2020-10-24T10:49:09Z</time>
      </trkpt>
      <trkpt lat="42.881583" lon="-1.855448">
        <ele>1126.002</ele>
        <time>2020-10-24T10:58:04Z</time>
      </trkpt>
      <trkpt lat="42.881563" lon="-1.855389">
        <ele>1125.722</ele>
        <time>2020-10-24T10:58:06Z</time>
      </trkpt>
      <trkpt lat="42.881550" lon="-1.855326">
        <ele>1124.908</ele>
        <time>2020-10-24T10:58:12Z</time>
      </trkpt>
      <trkpt lat="42.881550" lon="-1.855326">
        <ele>1124.989</ele>
        <time>2020-10-24T10:58:12Z</time>
      </trkpt>
      <trkpt lat="42.881524" lon="-1.855260">
        <ele>1124.663</ele>
        <time>2020-10-24T10:58:16Z</time>
      </trkpt>
      <trkpt lat="42.881504" lon="-1.855204">
        <ele>1124.955</ele>
        <time>2020-10-24T10:58:20Z</time>
      </trkpt>
      <trkpt lat="42.881484" lon="-1.855145">
        <ele>1125.387</ele>
        <time>2020-10-24T10:58:26Z</time>
      </trkpt>
      <trkpt lat="42.881451" lon="-1.854995">
        <ele>1121.544</ele>
        <time>2020-10-24T10:58:38Z</time>
      </trkpt>
      <trkpt lat="42.881431" lon="-1.854925">
        <ele>1121.052</ele>
        <time>2020-10-24T10:58:41Z</time>
      </trkpt>
      <trkpt lat="42.881411" lon="-1.854855">
        <ele>1119.372</ele>
        <time>2020-10-24T10:58:46Z</time>
      </trkpt>
      <trkpt lat="42.881411" lon="-1.854855">
        <ele>1119.396</ele>
        <time>2020-10-24T10:58:46Z</time>
      </trkpt>
      <trkpt lat="42.881401" lon="-1.854784">
        <ele>1118.258</ele>
        <time>2020-10-24T10:58:51Z</time>
      </trkpt>
      <trkpt lat="42.881379" lon="-1.854727">
        <ele>1117.152</ele>
        <time>2020-10-24T10:58:55Z</time>
      </trkpt>
      <trkpt lat="42.881341" lon="-1.854656">
        <ele>1115.617</ele>
        <time>2020-10-24T10:58:58Z</time>
      </trkpt>
      <trkpt lat="42.881335" lon="-1.854588">
        <ele>1115.808</ele>
        <time>2020-10-24T10:59:02Z</time>
      </trkpt>
      <trkpt lat="42.881314" lon="-1.854464">
        <ele>1117.960</ele>
        <time>2020-10-24T10:59:40Z</time>
      </trkpt>
      <trkpt lat="42.881271" lon="-1.854402">
        <ele>1118.124</ele>
        <time>2020-10-24T10:59:44Z</time>
      </trkpt>
      <trkpt lat="42.881248" lon="-1.854341">
        <ele>1118.166</ele>
        <time>2020-10-24T10:59:47Z</time>
      </trkpt>
      <trkpt lat="42.881303" lon="-1.853898">
        <ele>1108.538</ele>
        <time>2020-10-24T11:00:56Z</time>
      </trkpt>
      <trkpt lat="42.881328" lon="-1.853846">
        <ele>1108.225</ele>
        <time>2020-10-24T11:01:01Z</time>
      </trkpt>
      <trkpt lat="42.883156" lon="-1.852242">
        <ele>972.063</ele>
        <time>2020-10-24T11:11:08Z</time>
      </trkpt>
      <trkpt lat="42.883401" lon="-1.851883">
        <ele>959.543</ele>
        <time>2020-10-24T11:11:57Z</time>
      </trkpt>
      <trkpt lat="42.883441" lon="-1.851854">
        <ele>958.297</ele>
        <time>2020-10-24T11:12:02Z</time>
      </trkpt>
      <trkpt lat="42.883483" lon="-1.851887">
        <ele>957.138</ele>
        <time>2020-10-24T11:12:05Z</time>
      </trkpt>
      <trkpt lat="42.883513" lon="-1.851839">
        <ele>955.570</ele>
        <time>2020-10-24T11:12:10Z</time>
      </trkpt>
      <trkpt lat="42.883556" lon="-1.851814">
        <ele>952.717</ele>
        <time>2020-10-24T11:12:14Z</time>
      </trkpt>
      <trkpt lat="42.883593" lon="-1.851778">
        <ele>949.908</ele>
        <time>2020-10-24T11:12:17Z</time>
      </trkpt>
      <trkpt lat="42.883626" lon="-1.851700">
        <ele>942.618</ele>
        <time>2020-10-24T11:12:27Z</time>
      </trkpt>
      <trkpt lat="42.883661" lon="-1.851656">
        <ele>941.522</ele>
        <time>2020-10-24T11:12:30Z</time>
      </trkpt>
      <trkpt lat="42.883762" lon="-1.851530">
        <ele>936.434</ele>
        <time>2020-10-24T11:12:42Z</time>
      </trkpt>
      <trkpt lat="42.883790" lon="-1.851475">
        <ele>936.066</ele>
        <time>2020-10-24T11:12:46Z</time>
      </trkpt>
      <trkpt lat="42.883823" lon="-1.851431">
        <ele>935.263</ele>
        <time>2020-10-24T11:12:49Z</time>
      </trkpt>
      <trkpt lat="42.883864" lon="-1.851387">
        <ele>934.321</ele>
        <time>2020-10-24T11:12:53Z</time>
      </trkpt>
      <trkpt lat="42.883912" lon="-1.851360">
        <ele>933.111</ele>
        <time>2020-10-24T11:12:58Z</time>
      </trkpt>
      <trkpt lat="42.883933" lon="-1.851297">
        <ele>932.145</ele>
        <time>2020-10-24T11:13:01Z</time>
      </trkpt>
      <trkpt lat="42.883966" lon="-1.851249">
        <ele>931.293</ele>
        <time>2020-10-24T11:13:07Z</time>
      </trkpt>
      <trkpt lat="42.884020" lon="-1.851217">
        <ele>929.765</ele>
        <time>2020-10-24T11:13:37Z</time>
      </trkpt>
      <trkpt lat="42.884066" lon="-1.851171">
        <ele>928.321</ele>
        <time>2020-10-24T11:13:40Z</time>
      </trkpt>
      <trkpt lat="42.884110" lon="-1.851150">
        <ele>927.108</ele>
        <time>2020-10-24T11:13:43Z</time>
      </trkpt>
      <trkpt lat="42.884152" lon="-1.851104">
        <ele>925.754</ele>
        <time>2020-10-24T11:13:48Z</time>
      </trkpt>
      <trkpt lat="42.884200" lon="-1.851082">
        <ele>924.848</ele>
        <time>2020-10-24T11:13:52Z</time>
      </trkpt>
      <trkpt lat="42.884223" lon="-1.851029">
        <ele>923.230</ele>
        <time>2020-10-24T11:13:54Z</time>
      </trkpt>
      <trkpt lat="42.884239" lon="-1.850964">
        <ele>920.822</ele>
        <time>2020-10-24T11:13:58Z</time>
      </trkpt>
      <trkpt lat="42.884305" lon="-1.850914">
        <ele>916.849</ele>
        <time>2020-10-24T11:14:08Z</time>
      </trkpt>
      <trkpt lat="42.884390" lon="-1.850791">
        <ele>913.337</ele>
        <time>2020-10-24T11:14:23Z</time>
      </trkpt>
      <trkpt lat="42.884452" lon="-1.850669">
        <ele>907.997</ele>
        <time>2020-10-24T11:14:36Z</time>
      </trkpt>
      <trkpt lat="42.884526" lon="-1.850609">
        <ele>906.791</ele>
        <time>2020-10-24T11:14:40Z</time>
      </trkpt>
      <trkpt lat="42.884579" lon="-1.850589">
        <ele>905.842</ele>
        <time>2020-10-24T11:14:44Z</time>
      </trkpt>
      <trkpt lat="42.884620" lon="-1.850554">
        <ele>904.422</ele>
        <time>2020-10-24T11:14:48Z</time>
      </trkpt>
      <trkpt lat="42.884662" lon="-1.850456">
        <ele>899.714</ele>
        <time>2020-10-24T11:14:53Z</time>
      </trkpt>
      <trkpt lat="42.884697" lon="-1.850398">
        <ele>898.508</ele>
        <time>2020-10-24T11:14:56Z</time>
      </trkpt>
      <trkpt lat="42.884726" lon="-1.850349">
        <ele>897.179</ele>
        <time>2020-10-24T11:14:59Z</time>
      </trkpt>
      <trkpt lat="42.884763" lon="-1.850307">
        <ele>895.443</ele>
        <time>2020-10-24T11:15:03Z</time>
      </trkpt>
      <trkpt lat="42.884821" lon="-1.850226">
        <ele>892.065</ele>
        <time>2020-10-24T11:15:13Z</time>
      </trkpt>
      <trkpt lat="42.884854" lon="-1.850181">
        <ele>891.637</ele>
        <time>2020-10-24T11:15:14Z</time>
      </trkpt>
      <trkpt lat="42.884887" lon="-1.850139">
        <ele>891.274</ele>
        <time>2020-10-24T11:15:17Z</time>
      </trkpt>
      <trkpt lat="42.884925" lon="-1.850099">
        <ele>890.612</ele>
        <time>2020-10-24T11:15:21Z</time>
      </trkpt>
      <trkpt lat="42.884952" lon="-1.850037">
        <ele>890.142</ele>
        <time>2020-10-24T11:15:25Z</time>
      </trkpt>
      <trkpt lat="42.884991" lon="-1.849999">
        <ele>889.946</ele>
        <time>2020-10-24T11:15:28Z</time>
      </trkpt>
      <trkpt lat="42.885009" lon="-1.849939">
        <ele>889.867</ele>
        <time>2020-10-24T11:15:32Z</time>
      </trkpt>
      <trkpt lat="42.885025" lon="-1.849881">
        <ele>889.681</ele>
        <time>2020-10-24T11:15:35Z</time>
      </trkpt>
      <trkpt lat="42.885041" lon="-1.849815">
        <ele>888.919</ele>
        <time>2020-10-24T11:15:39Z</time>
      </trkpt>
      <trkpt lat="42.885077" lon="-1.849778">
        <ele>888.008</ele>
        <time>2020-10-24T11:15:43Z</time>
      </trkpt>
      <trkpt lat="42.885142" lon="-1.849735">
        <ele>887.931</ele>
        <time>2020-10-24T11:16:02Z</time>
      </trkpt>
      <trkpt lat="42.885167" lon="-1.849665">
        <ele>887.295</ele>
        <time>2020-10-24T11:16:04Z</time>
      </trkpt>
      <trkpt lat="42.885191" lon="-1.849602">
        <ele>886.327</ele>
        <time>2020-10-24T11:16:07Z</time>
      </trkpt>
      <trkpt lat="42.885227" lon="-1.849536">
        <ele>885.239</ele>
        <time>2020-10-24T11:16:11Z</time>
      </trkpt>
      <trkpt lat="42.885247" lon="-1.849472">
        <ele>884.826</ele>
        <time>2020-10-24T11:16:13Z</time>
      </trkpt>
      <trkpt lat="42.885288" lon="-1.849440">
        <ele>884.234</ele>
        <time>2020-10-24T11:16:16Z</time>
      </trkpt>
      <trkpt lat="42.885309" lon="-1.849379">
        <ele>884.124</ele>
        <time>2020-10-24T11:16:20Z</time>
      </trkpt>
      <trkpt lat="42.885329" lon="-1.849319">
        <ele>883.488</ele>
        <time>2020-10-24T11:16:24Z</time>
      </trkpt>
      <trkpt lat="42.885356" lon="-1.849262">
        <ele>882.412</ele>
        <time>2020-10-24T11:16:28Z</time>
      </trkpt>
      <trkpt lat="42.885385" lon="-1.849208">
        <ele>881.832</ele>
        <time>2020-10-24T11:16:31Z</time>
      </trkpt>
      <trkpt lat="42.885425" lon="-1.849165">
        <ele>881.405</ele>
        <time>2020-10-24T11:16:36Z</time>
      </trkpt>
      <trkpt lat="42.885463" lon="-1.849115">
        <ele>881.008</ele>
        <time>2020-10-24T11:16:40Z</time>
      </trkpt>
      <trkpt lat="42.885503" lon="-1.849060">
        <ele>880.586</ele>
        <time>2020-10-24T11:16:44Z</time>
      </trkpt>
      <trkpt lat="42.885543" lon="-1.849017">
        <ele>879.880</ele>
        <time>2020-10-24T11:16:47Z</time>
      </trkpt>
      <trkpt lat="42.885575" lon="-1.848955">
        <ele>878.862</ele>
        <time>2020-10-24T11:16:51Z</time>
      </trkpt>
      <trkpt lat="42.885616" lon="-1.848909">
        <ele>877.814</ele>
        <time>2020-10-24T11:16:55Z</time>
      </trkpt>
      <trkpt lat="42.885641" lon="-1.848856">
        <ele>876.731</ele>
        <time>2020-10-24T11:16:59Z</time>
      </trkpt>
      <trkpt lat="42.885655" lon="-1.848788">
        <ele>875.919</ele>
        <time>2020-10-24T11:17:03Z</time>
      </trkpt>
      <trkpt lat="42.885665" lon="-1.848721">
        <ele>875.559</ele>
        <time>2020-10-24T11:17:06Z</time>
      </trkpt>
      <trkpt lat="42.885691" lon="-1.848657">
        <ele>875.243</ele>
        <time>2020-10-24T11:17:10Z</time>
      </trkpt>
      <trkpt lat="42.885714" lon="-1.848601">
        <ele>874.785</ele>
        <time>2020-10-24T11:17:14Z</time>
      </trkpt>
      <trkpt lat="42.885735" lon="-1.848547">
        <ele>873.989</ele>
        <time>2020-10-24T11:17:18Z</time>
      </trkpt>
      <trkpt lat="42.885761" lon="-1.848488">
        <ele>872.917</ele>
        <time>2020-10-24T11:17:22Z</time>
      </trkpt>
      <trkpt lat="42.885781" lon="-1.848425">
        <ele>872.008</ele>
        <time>2020-10-24T11:17:26Z</time>
      </trkpt>
      <trkpt lat="42.885808" lon="-1.848363">
        <ele>871.023</ele>
        <time>2020-10-24T11:17:30Z</time>
      </trkpt>
      <trkpt lat="42.885834" lon="-1.848313">
        <ele>869.937</ele>
        <time>2020-10-24T11:17:34Z</time>
      </trkpt>
      <trkpt lat="42.885853" lon="-1.848255">
        <ele>868.629</ele>
        <time>2020-10-24T11:17:38Z</time>
      </trkpt>
      <trkpt lat="42.885875" lon="-1.848196">
        <ele>867.611</ele>
        <time>2020-10-24T11:17:41Z</time>
      </trkpt>
      <trkpt lat="42.885892" lon="-1.848138">
        <ele>866.418</ele>
        <time>2020-10-24T11:17:49Z</time>
      </trkpt>
      <trkpt lat="42.885911" lon="-1.848081">
        <ele>865.786</ele>
        <time>2020-10-24T11:17:52Z</time>
      </trkpt>
      <trkpt lat="42.885927" lon="-1.848022">
        <ele>865.356</ele>
        <time>2020-10-24T11:17:55Z</time>
      </trkpt>
      <trkpt lat="42.885947" lon="-1.847963">
        <ele>864.610</ele>
        <time>2020-10-24T11:17:58Z</time>
      </trkpt>
      <trkpt lat="42.885974" lon="-1.847892">
        <ele>863.611</ele>
        <time>2020-10-24T11:18:03Z</time>
      </trkpt>
      <trkpt lat="42.885985" lon="-1.847832">
        <ele>862.821</ele>
        <time>2020-10-24T11:18:06Z</time>
      </trkpt>
      <trkpt lat="42.886012" lon="-1.847760">
        <ele>861.903</ele>
        <time>2020-10-24T11:18:11Z</time>
      </trkpt>
      <trkpt lat="42.886029" lon="-1.847699">
        <ele>860.608</ele>
        <time>2020-10-24T11:18:17Z</time>
      </trkpt>
      <trkpt lat="42.886059" lon="-1.847645">
        <ele>859.336</ele>
        <time>2020-10-24T11:18:21Z</time>
      </trkpt>
      <trkpt lat="42.886084" lon="-1.847589">
        <ele>857.750</ele>
        <time>2020-10-24T11:18:28Z</time>
      </trkpt>
      <trkpt lat="42.886107" lon="-1.847532">
        <ele>856.162</ele>
        <time>2020-10-24T11:18:31Z</time>
      </trkpt>
      <trkpt lat="42.886136" lon="-1.847478">
        <ele>854.654</ele>
        <time>2020-10-24T11:18:34Z</time>
      </trkpt>
      <trkpt lat="42.886177" lon="-1.847411">
        <ele>853.231</ele>
        <time>2020-10-24T11:18:38Z</time>
      </trkpt>
      <trkpt lat="42.886213" lon="-1.847359">
        <ele>852.039</ele>
        <time>2020-10-24T11:18:41Z</time>
      </trkpt>
      <trkpt lat="42.886260" lon="-1.847330">
        <ele>850.889</ele>
        <time>2020-10-24T11:18:46Z</time>
      </trkpt>
      <trkpt lat="42.886293" lon="-1.847281">
        <ele>849.183</ele>
        <time>2020-10-24T11:18:54Z</time>
      </trkpt>
      <trkpt lat="42.886319" lon="-1.847227">
        <ele>847.858</ele>
        <time>2020-10-24T11:18:56Z</time>
      </trkpt>
      <trkpt lat="42.886353" lon="-1.847166">
        <ele>846.752</ele>
        <time>2020-10-24T11:18:58Z</time>
      </trkpt>
      <trkpt lat="42.886383" lon="-1.847108">
        <ele>845.417</ele>
        <time>2020-10-24T11:19:01Z</time>
      </trkpt>
      <trkpt lat="42.886419" lon="-1.847061">
        <ele>844.508</ele>
        <time>2020-10-24T11:19:03Z</time>
      </trkpt>
      <trkpt lat="42.886450" lon="-1.847012">
        <ele>843.610</ele>
        <time>2020-10-24T11:19:07Z</time>
      </trkpt>
      <trkpt lat="42.886499" lon="-1.846965">
        <ele>842.974</ele>
        <time>2020-10-24T11:19:13Z</time>
      </trkpt>
      <trkpt lat="42.886536" lon="-1.846920">
        <ele>842.296</ele>
        <time>2020-10-24T11:19:17Z</time>
      </trkpt>
      <trkpt lat="42.886567" lon="-1.846873">
        <ele>841.688</ele>
        <time>2020-10-24T11:19:21Z</time>
      </trkpt>
      <trkpt lat="42.886613" lon="-1.846881">
        <ele>840.315</ele>
        <time>2020-10-24T11:19:27Z</time>
      </trkpt>
      <trkpt lat="42.886650" lon="-1.846833">
        <ele>839.293</ele>
        <time>2020-10-24T11:19:32Z</time>
      </trkpt>
      <trkpt lat="42.886661" lon="-1.846773">
        <ele>838.193</ele>
        <time>2020-10-24T11:19:37Z</time>
      </trkpt>
      <trkpt lat="42.886672" lon="-1.846702">
        <ele>837.037</ele>
        <time>2020-10-24T11:19:41Z</time>
      </trkpt>
      <trkpt lat="42.886697" lon="-1.846633">
        <ele>835.968</ele>
        <time>2020-10-24T11:19:46Z</time>
      </trkpt>
      <trkpt lat="42.886707" lon="-1.846562">
        <ele>835.142</ele>
        <time>2020-10-24T11:19:49Z</time>
      </trkpt>
      <trkpt lat="42.886710" lon="-1.846495">
        <ele>834.426</ele>
        <time>2020-10-24T11:19:52Z</time>
      </trkpt>
      <trkpt lat="42.886727" lon="-1.846437">
        <ele>834.208</ele>
        <time>2020-10-24T11:19:57Z</time>
      </trkpt>
      <trkpt lat="42.886738" lon="-1.846366">
        <ele>834.251</ele>
        <time>2020-10-24T11:20:01Z</time>
      </trkpt>
      <trkpt lat="42.886742" lon="-1.846296">
        <ele>834.365</ele>
        <time>2020-10-24T11:20:06Z</time>
      </trkpt>
      <trkpt lat="42.886751" lon="-1.846225">
        <ele>834.217</ele>
        <time>2020-10-24T11:20:12Z</time>
      </trkpt>
      <trkpt lat="42.886765" lon="-1.846150">
        <ele>834.349</ele>
        <time>2020-10-24T11:20:16Z</time>
      </trkpt>
      <trkpt lat="42.886783" lon="-1.846086">
        <ele>834.376</ele>
        <time>2020-10-24T11:20:18Z</time>
      </trkpt>
      <trkpt lat="42.886807" lon="-1.846023">
        <ele>834.514</ele>
        <time>2020-10-24T11:20:22Z</time>
      </trkpt>
      <trkpt lat="42.886805" lon="-1.845952">
        <ele>834.984</ele>
        <time>2020-10-24T11:20:29Z</time>
      </trkpt>
      <trkpt lat="42.886824" lon="-1.845878">
        <ele>835.338</ele>
        <time>2020-10-24T11:20:32Z</time>
      </trkpt>
      <trkpt lat="42.886839" lon="-1.845812">
        <ele>835.814</ele>
        <time>2020-10-24T11:20:36Z</time>
      </trkpt>
      <trkpt lat="42.886833" lon="-1.845741">
        <ele>836.354</ele>
        <time>2020-10-24T11:20:40Z</time>
      </trkpt>
      <trkpt lat="42.886833" lon="-1.845674">
        <ele>836.809</ele>
        <time>2020-10-24T11:20:44Z</time>
      </trkpt>
      <trkpt lat="42.886847" lon="-1.845611">
        <ele>837.108</ele>
        <time>2020-10-24T11:20:48Z</time>
      </trkpt>
      <trkpt lat="42.886862" lon="-1.845550">
        <ele>837.456</ele>
        <time>2020-10-24T11:20:53Z</time>
      </trkpt>
      <trkpt lat="42.886871" lon="-1.845474">
        <ele>838.120</ele>
        <time>2020-10-24T11:20:57Z</time>
      </trkpt>
      <trkpt lat="42.886882" lon="-1.845406">
        <ele>838.912</ele>
        <time>2020-10-24T11:21:02Z</time>
      </trkpt>
      <trkpt lat="42.886886" lon="-1.845338">
        <ele>839.794</ele>
        <time>2020-10-24T11:21:06Z</time>
      </trkpt>
      <trkpt lat="42.886882" lon="-1.845275">
        <ele>840.551</ele>
        <time>2020-10-24T11:21:10Z</time>
      </trkpt>
      <trkpt lat="42.886868" lon="-1.845211">
        <ele>841.249</ele>
        <time>2020-10-24T11:21:14Z</time>
      </trkpt>
      <trkpt lat="42.886864" lon="-1.845147">
        <ele>841.899</ele>
        <time>2020-10-24T11:21:18Z</time>
      </trkpt>
      <trkpt lat="42.886866" lon="-1.845084">
        <ele>842.283</ele>
        <time>2020-10-24T11:21:23Z</time>
      </trkpt>
      <trkpt lat="42.886860" lon="-1.845010">
        <ele>842.769</ele>
        <time>2020-10-24T11:21:28Z</time>
      </trkpt>
      <trkpt lat="42.886857" lon="-1.844945">
        <ele>843.004</ele>
        <time>2020-10-24T11:21:34Z</time>
      </trkpt>
      <trkpt lat="42.886848" lon="-1.844883">
        <ele>843.824</ele>
        <time>2020-10-24T11:21:39Z</time>
      </trkpt>
      <trkpt lat="42.886852" lon="-1.844811">
        <ele>844.808</ele>
        <time>2020-10-24T11:21:44Z</time>
      </trkpt>
      <trkpt lat="42.886846" lon="-1.844747">
        <ele>845.781</ele>
        <time>2020-10-24T11:21:48Z</time>
      </trkpt>
      <trkpt lat="42.886835" lon="-1.844683">
        <ele>847.095</ele>
        <time>2020-10-24T11:21:53Z</time>
      </trkpt>
      <trkpt lat="42.886808" lon="-1.844624">
        <ele>848.277</ele>
        <time>2020-10-24T11:21:57Z</time>
      </trkpt>
      <trkpt lat="42.886785" lon="-1.844561">
        <ele>848.799</ele>
        <time>2020-10-24T11:22:01Z</time>
      </trkpt>
      <trkpt lat="42.886784" lon="-1.844495">
        <ele>849.526</ele>
        <time>2020-10-24T11:22:12Z</time>
      </trkpt>
      <trkpt lat="42.886778" lon="-1.844431">
        <ele>850.054</ele>
        <time>2020-10-24T11:22:14Z</time>
      </trkpt>
      <trkpt lat="42.886773" lon="-1.844343">
        <ele>850.544</ele>
        <time>2020-10-24T11:22:17Z</time>
      </trkpt>
      <trkpt lat="42.886760" lon="-1.844282">
        <ele>850.958</ele>
        <time>2020-10-24T11:22:21Z</time>
      </trkpt>
      <trkpt lat="42.886770" lon="-1.844220">
        <ele>851.462</ele>
        <time>2020-10-24T11:22:26Z</time>
      </trkpt>
      <trkpt lat="42.886766" lon="-1.844157">
        <ele>852.483</ele>
        <time>2020-10-24T11:22:34Z</time>
      </trkpt>
      <trkpt lat="42.886767" lon="-1.844095">
        <ele>853.611</ele>
        <time>2020-10-24T11:22:38Z</time>
      </trkpt>
      <trkpt lat="42.886749" lon="-1.844027">
        <ele>854.908</ele>
        <time>2020-10-24T11:22:43Z</time>
      </trkpt>
      <trkpt lat="42.886734" lon="-1.843965">
        <ele>855.921</ele>
        <time>2020-10-24T11:22:47Z</time>
      </trkpt>
      <trkpt lat="42.886726" lon="-1.843898">
        <ele>857.145</ele>
        <time>2020-10-24T11:22:51Z</time>
      </trkpt>
      <trkpt lat="42.886698" lon="-1.843725">
        <ele>862.437</ele>
        <time>2020-10-24T11:23:06Z</time>
      </trkpt>
      <trkpt lat="42.886706" lon="-1.843664">
        <ele>863.029</ele>
        <time>2020-10-24T11:23:15Z</time>
      </trkpt>
      <trkpt lat="42.886739" lon="-1.843463">
        <ele>864.046</ele>
        <time>2020-10-24T11:23:55Z</time>
      </trkpt>
      <trkpt lat="42.886739" lon="-1.843391">
        <ele>864.114</ele>
        <time>2020-10-24T11:23:57Z</time>
      </trkpt>
      <trkpt lat="42.886748" lon="-1.843319">
        <ele>864.484</ele>
        <time>2020-10-24T11:24:01Z</time>
      </trkpt>
      <trkpt lat="42.886749" lon="-1.843258">
        <ele>864.618</ele>
        <time>2020-10-24T11:24:04Z</time>
      </trkpt>
      <trkpt lat="42.886761" lon="-1.843188">
        <ele>864.766</ele>
        <time>2020-10-24T11:24:10Z</time>
      </trkpt>
      <trkpt lat="42.886774" lon="-1.843116">
        <ele>865.029</ele>
        <time>2020-10-24T11:24:17Z</time>
      </trkpt>
      <trkpt lat="42.886784" lon="-1.843053">
        <ele>865.721</ele>
        <time>2020-10-24T11:24:20Z</time>
      </trkpt>
      <trkpt lat="42.886782" lon="-1.842985">
        <ele>866.408</ele>
        <time>2020-10-24T11:24:25Z</time>
      </trkpt>
      <trkpt lat="42.886781" lon="-1.842919">
        <ele>867.221</ele>
        <time>2020-10-24T11:24:32Z</time>
      </trkpt>
      <trkpt lat="42.887075" lon="-1.841521">
        <ele>897.915</ele>
        <time>2020-10-24T11:27:33Z</time>
      </trkpt>
      <trkpt lat="42.887169" lon="-1.840911">
        <ele>915.267</ele>
        <time>2020-10-24T11:29:30Z</time>
      </trkpt>
      <trkpt lat="42.887178" lon="-1.840845">
        <ele>915.789</ele>
        <time>2020-10-24T11:29:33Z</time>
      </trkpt>
      <trkpt lat="42.887717" lon="-1.838981">
        <ele>992.316</ele>
        <time>2020-10-24T11:36:26Z</time>
      </trkpt>
      <trkpt lat="42.887630" lon="-1.838941">
        <ele>993.794</ele>
        <time>2020-10-24T11:38:10Z</time>
      </trkpt>
      <trkpt lat="42.887589" lon="-1.838719">
        <ele>990.324</ele>
        <time>2020-10-24T11:39:16Z</time>
      </trkpt>
      <trkpt lat="42.887589" lon="-1.838719">
        <ele>990.398</ele>
        <time>2020-10-24T11:39:16Z</time>
      </trkpt>
      <trkpt lat="42.887509" lon="-1.838371">
        <ele>979.525</ele>
        <time>2020-10-24T11:40:01Z</time>
      </trkpt>
      <trkpt lat="42.887400" lon="-1.837776">
        <ele>961.226</ele>
        <time>2020-10-24T11:41:07Z</time>
      </trkpt>
      <trkpt lat="42.887371" lon="-1.837716">
        <ele>959.408</ele>
        <time>2020-10-24T11:41:11Z</time>
      </trkpt>
      <trkpt lat="42.887359" lon="-1.837643">
        <ele>957.408</ele>
        <time>2020-10-24T11:41:16Z</time>
      </trkpt>
      <trkpt lat="42.887353" lon="-1.837571">
        <ele>955.397</ele>
        <time>2020-10-24T11:41:20Z</time>
      </trkpt>
      <trkpt lat="42.887340" lon="-1.837511">
        <ele>952.781</ele>
        <time>2020-10-24T11:41:26Z</time>
      </trkpt>
      <trkpt lat="42.887326" lon="-1.837450">
        <ele>950.063</ele>
        <time>2020-10-24T11:41:31Z</time>
      </trkpt>
      <trkpt lat="42.887304" lon="-1.837390">
        <ele>947.965</ele>
        <time>2020-10-24T11:41:35Z</time>
      </trkpt>
      <trkpt lat="42.887253" lon="-1.837279">
        <ele>941.322</ele>
        <time>2020-10-24T11:41:46Z</time>
      </trkpt>
      <trkpt lat="42.887251" lon="-1.837218">
        <ele>940.940</ele>
        <time>2020-10-24T11:41:50Z</time>
      </trkpt>
      <trkpt lat="42.887242" lon="-1.837152">
        <ele>940.040</ele>
        <time>2020-10-24T11:41:53Z</time>
      </trkpt>
      <trkpt lat="42.887199" lon="-1.837099">
        <ele>938.644</ele>
        <time>2020-10-24T11:41:58Z</time>
      </trkpt>
      <trkpt lat="42.887164" lon="-1.837060">
        <ele>937.028</ele>
        <time>2020-10-24T11:42:02Z</time>
      </trkpt>
      <trkpt lat="42.887135" lon="-1.837012">
        <ele>935.189</ele>
        <time>2020-10-24T11:42:08Z</time>
      </trkpt>
      <trkpt lat="42.887009" lon="-1.836460">
        <ele>914.117</ele>
        <time>2020-10-24T11:42:58Z</time>
      </trkpt>
      <trkpt lat="42.886991" lon="-1.836382">
        <ele>912.908</ele>
        <time>2020-10-24T11:43:03Z</time>
      </trkpt>
      <trkpt lat="42.886976" lon="-1.836284">
        <ele>908.557</ele>
        <time>2020-10-24T11:43:10Z</time>
      </trkpt>
      <trkpt lat="42.886980" lon="-1.836207">
        <ele>907.411</ele>
        <time>2020-10-24T11:43:13Z</time>
      </trkpt>
      <trkpt lat="42.886996" lon="-1.836149">
        <ele>906.563</ele>
        <time>2020-10-24T11:43:15Z</time>
      </trkpt>
      <trkpt lat="42.887007" lon="-1.836079">
        <ele>905.785</ele>
        <time>2020-10-24T11:43:16Z</time>
      </trkpt>
      <trkpt lat="42.887016" lon="-1.835997">
        <ele>904.382</ele>
        <time>2020-10-24T11:43:20Z</time>
      </trkpt>
      <trkpt lat="42.887001" lon="-1.835928">
        <ele>902.470</ele>
        <time>2020-10-24T11:43:24Z</time>
      </trkpt>
      <trkpt lat="42.886990" lon="-1.835868">
        <ele>901.290</ele>
        <time>2020-10-24T11:43:26Z</time>
      </trkpt>
      <trkpt lat="42.886978" lon="-1.835798">
        <ele>900.494</ele>
        <time>2020-10-24T11:43:28Z</time>
      </trkpt>
      <trkpt lat="42.886980" lon="-1.835728">
        <ele>898.418</ele>
        <time>2020-10-24T11:43:35Z</time>
      </trkpt>
      <trkpt lat="42.886962" lon="-1.835660">
        <ele>896.998</ele>
        <time>2020-10-24T11:43:39Z</time>
      </trkpt>
      <trkpt lat="42.886927" lon="-1.835586">
        <ele>896.017</ele>
        <time>2020-10-24T11:43:42Z</time>
      </trkpt>
      <trkpt lat="42.886903" lon="-1.835533">
        <ele>895.408</ele>
        <time>2020-10-24T11:43:44Z</time>
      </trkpt>
      <trkpt lat="42.886868" lon="-1.835482">
        <ele>895.126</ele>
        <time>2020-10-24T11:43:46Z</time>
      </trkpt>
      <trkpt lat="42.886834" lon="-1.835441">
        <ele>894.960</ele>
        <time>2020-10-24T11:43:49Z</time>
      </trkpt>
      <trkpt lat="42.886805" lon="-1.835393">
        <ele>894.792</ele>
        <time>2020-10-24T11:43:52Z</time>
      </trkpt>
      <trkpt lat="42.886757" lon="-1.835425">
        <ele>894.894</ele>
        <time>2020-10-24T11:43:57Z</time>
      </trkpt>
      <trkpt lat="42.886737" lon="-1.835480">
        <ele>894.981</ele>
        <time>2020-10-24T11:44:04Z</time>
      </trkpt>
      <trkpt lat="42.886686" lon="-1.835604">
        <ele>893.519</ele>
        <time>2020-10-24T11:44:10Z</time>
      </trkpt>
      <trkpt lat="42.886646" lon="-1.835642">
        <ele>893.089</ele>
        <time>2020-10-24T11:44:13Z</time>
      </trkpt>
      <trkpt lat="42.886608" lon="-1.835692">
        <ele>892.633</ele>
        <time>2020-10-24T11:44:16Z</time>
      </trkpt>
      <trkpt lat="42.886581" lon="-1.835746">
        <ele>892.157</ele>
        <time>2020-10-24T11:44:19Z</time>
      </trkpt>
      <trkpt lat="42.886534" lon="-1.835781">
        <ele>891.200</ele>
        <time>2020-10-24T11:44:24Z</time>
      </trkpt>
      <trkpt lat="42.886497" lon="-1.835819">
        <ele>889.920</ele>
        <time>2020-10-24T11:44:28Z</time>
      </trkpt>
      <trkpt lat="42.886466" lon="-1.835872">
        <ele>888.908</ele>
        <time>2020-10-24T11:44:31Z</time>
      </trkpt>
      <trkpt lat="42.886433" lon="-1.835941">
        <ele>887.860</ele>
        <time>2020-10-24T11:44:34Z</time>
      </trkpt>
      <trkpt lat="42.886407" lon="-1.835997">
        <ele>886.584</ele>
        <time>2020-10-24T11:44:37Z</time>
      </trkpt>
      <trkpt lat="42.886367" lon="-1.836048">
        <ele>885.286</ele>
        <time>2020-10-24T11:44:40Z</time>
      </trkpt>
      <trkpt lat="42.886342" lon="-1.836102">
        <ele>883.998</ele>
        <time>2020-10-24T11:44:44Z</time>
      </trkpt>
      <trkpt lat="42.886318" lon="-1.836165">
        <ele>882.765</ele>
        <time>2020-10-24T11:44:47Z</time>
      </trkpt>
      <trkpt lat="42.886281" lon="-1.836218">
        <ele>881.773</ele>
        <time>2020-10-24T11:44:53Z</time>
      </trkpt>
      <trkpt lat="42.886246" lon="-1.836275">
        <ele>880.433</ele>
        <time>2020-10-24T11:44:57Z</time>
      </trkpt>
      <trkpt lat="42.886219" lon="-1.836343">
        <ele>879.397</ele>
        <time>2020-10-24T11:45:00Z</time>
      </trkpt>
      <trkpt lat="42.886187" lon="-1.836394">
        <ele>878.236</ele>
        <time>2020-10-24T11:45:03Z</time>
      </trkpt>
      <trkpt lat="42.886155" lon="-1.836444">
        <ele>876.817</ele>
        <time>2020-10-24T11:45:07Z</time>
      </trkpt>
      <trkpt lat="42.886121" lon="-1.836488">
        <ele>875.818</ele>
        <time>2020-10-24T11:45:10Z</time>
      </trkpt>
      <trkpt lat="42.886083" lon="-1.836537">
        <ele>874.908</ele>
        <time>2020-10-24T11:45:15Z</time>
      </trkpt>
      <trkpt lat="42.886045" lon="-1.836613">
        <ele>874.168</ele>
        <time>2020-10-24T11:45:21Z</time>
      </trkpt>
      <trkpt lat="42.886017" lon="-1.836687">
        <ele>873.572</ele>
        <time>2020-10-24T11:45:25Z</time>
      </trkpt>
      <trkpt lat="42.886008" lon="-1.836770">
        <ele>873.154</ele>
        <time>2020-10-24T11:45:28Z</time>
      </trkpt>
      <trkpt lat="42.885990" lon="-1.836860">
        <ele>872.876</ele>
        <time>2020-10-24T11:45:32Z</time>
      </trkpt>
      <trkpt lat="42.885959" lon="-1.836913">
        <ele>872.573</ele>
        <time>2020-10-24T11:45:37Z</time>
      </trkpt>
      <trkpt lat="42.885934" lon="-1.836974">
        <ele>872.161</ele>
        <time>2020-10-24T11:45:40Z</time>
      </trkpt>
      <trkpt lat="42.885911" lon="-1.837037">
        <ele>871.311</ele>
        <time>2020-10-24T11:45:44Z</time>
      </trkpt>
      <trkpt lat="42.885884" lon="-1.837088">
        <ele>870.535</ele>
        <time>2020-10-24T11:45:47Z</time>
      </trkpt>
      <trkpt lat="42.885842" lon="-1.837154">
        <ele>869.367</ele>
        <time>2020-10-24T11:45:51Z</time>
      </trkpt>
      <trkpt lat="42.885817" lon="-1.837206">
        <ele>868.381</ele>
        <time>2020-10-24T11:45:53Z</time>
      </trkpt>
      <trkpt lat="42.885799" lon="-1.837267">
        <ele>867.319</ele>
        <time>2020-10-24T11:45:56Z</time>
      </trkpt>
      <trkpt lat="42.885776" lon="-1.837328">
        <ele>865.808</ele>
        <time>2020-10-24T11:46:00Z</time>
      </trkpt>
      <trkpt lat="42.885751" lon="-1.837396">
        <ele>864.221</ele>
        <time>2020-10-24T11:46:04Z</time>
      </trkpt>
      <trkpt lat="42.885730" lon="-1.837454">
        <ele>862.755</ele>
        <time>2020-10-24T11:46:07Z</time>
      </trkpt>
      <trkpt lat="42.885708" lon="-1.837515">
        <ele>861.497</ele>
        <time>2020-10-24T11:46:10Z</time>
      </trkpt>
      <trkpt lat="42.885678" lon="-1.837580">
        <ele>860.029</ele>
        <time>2020-10-24T11:46:14Z</time>
      </trkpt>
      <trkpt lat="42.885667" lon="-1.837641">
        <ele>858.696</ele>
        <time>2020-10-24T11:46:17Z</time>
      </trkpt>
      <trkpt lat="42.885638" lon="-1.837692">
        <ele>857.254</ele>
        <time>2020-10-24T11:46:21Z</time>
      </trkpt>
      <trkpt lat="42.885613" lon="-1.837744">
        <ele>856.194</ele>
        <time>2020-10-24T11:46:23Z</time>
      </trkpt>
      <trkpt lat="42.885586" lon="-1.837807">
        <ele>854.958</ele>
        <time>2020-10-24T11:46:27Z</time>
      </trkpt>
      <trkpt lat="42.885564" lon="-1.837877">
        <ele>853.321</ele>
        <time>2020-10-24T11:46:32Z</time>
      </trkpt>
      <trkpt lat="42.885546" lon="-1.837936">
        <ele>851.941</ele>
        <time>2020-10-24T11:46:35Z</time>
      </trkpt>
      <trkpt lat="42.885536" lon="-1.838006">
        <ele>850.105</ele>
        <time>2020-10-24T11:46:39Z</time>
      </trkpt>
      <trkpt lat="42.885526" lon="-1.838081">
        <ele>848.008</ele>
        <time>2020-10-24T11:46:44Z</time>
      </trkpt>
      <trkpt lat="42.885503" lon="-1.838134">
        <ele>846.427</ele>
        <time>2020-10-24T11:46:47Z</time>
      </trkpt>
      <trkpt lat="42.885473" lon="-1.838181">
        <ele>844.571</ele>
        <time>2020-10-24T11:46:52Z</time>
      </trkpt>
      <trkpt lat="42.885454" lon="-1.838253">
        <ele>842.313</ele>
        <time>2020-10-24T11:47:01Z</time>
      </trkpt>
      <trkpt lat="42.885435" lon="-1.838319">
        <ele>840.865</ele>
        <time>2020-10-24T11:47:03Z</time>
      </trkpt>
      <trkpt lat="42.885423" lon="-1.838383">
        <ele>839.772</ele>
        <time>2020-10-24T11:47:05Z</time>
      </trkpt>
      <trkpt lat="42.885393" lon="-1.838460">
        <ele>838.860</ele>
        <time>2020-10-24T11:47:08Z</time>
      </trkpt>
      <trkpt lat="42.885357" lon="-1.838503">
        <ele>837.970</ele>
        <time>2020-10-24T11:47:10Z</time>
      </trkpt>
      <trkpt lat="42.885313" lon="-1.838552">
        <ele>836.914</ele>
        <time>2020-10-24T11:47:16Z</time>
      </trkpt>
      <trkpt lat="42.885291" lon="-1.838610">
        <ele>836.259</ele>
        <time>2020-10-24T11:47:18Z</time>
      </trkpt>
      <trkpt lat="42.885268" lon="-1.838675">
        <ele>835.903</ele>
        <time>2020-10-24T11:47:24Z</time>
      </trkpt>
      <trkpt lat="42.885239" lon="-1.838803">
        <ele>835.923</ele>
        <time>2020-10-24T11:47:32Z</time>
      </trkpt>
      <trkpt lat="42.885206" lon="-1.838856">
        <ele>835.908</ele>
        <time>2020-10-24T11:47:36Z</time>
      </trkpt>
      <trkpt lat="42.885180" lon="-1.838912">
        <ele>836.120</ele>
        <time>2020-10-24T11:47:40Z</time>
      </trkpt>
      <trkpt lat="42.885135" lon="-1.838941">
        <ele>836.724</ele>
        <time>2020-10-24T11:47:43Z</time>
      </trkpt>
      <trkpt lat="42.885086" lon="-1.838983">
        <ele>837.286</ele>
        <time>2020-10-24T11:47:47Z</time>
      </trkpt>
      <trkpt lat="42.885045" lon="-1.839026">
        <ele>837.628</ele>
        <time>2020-10-24T11:47:51Z</time>
      </trkpt>
      <trkpt lat="42.885013" lon="-1.839073">
        <ele>837.825</ele>
        <time>2020-10-24T11:47:54Z</time>
      </trkpt>
      <trkpt lat="42.884979" lon="-1.839115">
        <ele>837.873</ele>
        <time>2020-10-24T11:47:58Z</time>
      </trkpt>
      <trkpt lat="42.884948" lon="-1.839164">
        <ele>837.713</ele>
        <time>2020-10-24T11:48:02Z</time>
      </trkpt>
      <trkpt lat="42.884916" lon="-1.839225">
        <ele>837.467</ele>
        <time>2020-10-24T11:48:05Z</time>
      </trkpt>
      <trkpt lat="42.884883" lon="-1.839278">
        <ele>837.177</ele>
        <time>2020-10-24T11:48:09Z</time>
      </trkpt>
      <trkpt lat="42.884855" lon="-1.839335">
        <ele>836.661</ele>
        <time>2020-10-24T11:48:12Z</time>
      </trkpt>
      <trkpt lat="42.884824" lon="-1.839388">
        <ele>835.527</ele>
        <time>2020-10-24T11:48:16Z</time>
      </trkpt>
      <trkpt lat="42.884785" lon="-1.839433">
        <ele>834.508</ele>
        <time>2020-10-24T11:48:20Z</time>
      </trkpt>
      <trkpt lat="42.884746" lon="-1.839477">
        <ele>833.422</ele>
        <time>2020-10-24T11:48:23Z</time>
      </trkpt>
      <trkpt lat="42.884719" lon="-1.839536">
        <ele>832.236</ele>
        <time>2020-10-24T11:48:27Z</time>
      </trkpt>
      <trkpt lat="42.884688" lon="-1.839590">
        <ele>830.948</ele>
        <time>2020-10-24T11:48:31Z</time>
      </trkpt>
      <trkpt lat="42.884662" lon="-1.839641">
        <ele>829.510</ele>
        <time>2020-10-24T11:48:35Z</time>
      </trkpt>
      <trkpt lat="42.884626" lon="-1.839701">
        <ele>827.437</ele>
        <time>2020-10-24T11:48:38Z</time>
      </trkpt>
      <trkpt lat="42.884585" lon="-1.839732">
        <ele>825.225</ele>
        <time>2020-10-24T11:48:41Z</time>
      </trkpt>
      <trkpt lat="42.884542" lon="-1.839778">
        <ele>823.295</ele>
        <time>2020-10-24T11:48:45Z</time>
      </trkpt>
      <trkpt lat="42.884504" lon="-1.839815">
        <ele>821.029</ele>
        <time>2020-10-24T11:48:48Z</time>
      </trkpt>
      <trkpt lat="42.884460" lon="-1.839867">
        <ele>819.324</ele>
        <time>2020-10-24T11:48:52Z</time>
      </trkpt>
      <trkpt lat="42.884425" lon="-1.839912">
        <ele>817.904</ele>
        <time>2020-10-24T11:48:56Z</time>
      </trkpt>
      <trkpt lat="42.884397" lon="-1.839960">
        <ele>816.814</ele>
        <time>2020-10-24T11:48:58Z</time>
      </trkpt>
      <trkpt lat="42.884358" lon="-1.840002">
        <ele>815.808</ele>
        <time>2020-10-24T11:49:02Z</time>
      </trkpt>
      <trkpt lat="42.884316" lon="-1.840040">
        <ele>815.067</ele>
        <time>2020-10-24T11:49:04Z</time>
      </trkpt>
      <trkpt lat="42.884281" lon="-1.840082">
        <ele>814.341</ele>
        <time>2020-10-24T11:49:08Z</time>
      </trkpt>
      <trkpt lat="42.884249" lon="-1.840134">
        <ele>813.683</ele>
        <time>2020-10-24T11:49:11Z</time>
      </trkpt>
      <trkpt lat="42.884220" lon="-1.840192">
        <ele>812.695</ele>
        <time>2020-10-24T11:49:15Z</time>
      </trkpt>
      <trkpt lat="42.884184" lon="-1.840236">
        <ele>811.632</ele>
        <time>2020-10-24T11:49:19Z</time>
      </trkpt>
      <trkpt lat="42.884136" lon="-1.840208">
        <ele>810.310</ele>
        <time>2020-10-24T11:49:22Z</time>
      </trkpt>
      <trkpt lat="42.884126" lon="-1.840148">
        <ele>808.990</ele>
        <time>2020-10-24T11:49:26Z</time>
      </trkpt>
      <trkpt lat="42.884115" lon="-1.840080">
        <ele>807.224</ele>
        <time>2020-10-24T11:49:35Z</time>
      </trkpt>
      <trkpt lat="42.884105" lon="-1.840014">
        <ele>805.956</ele>
        <time>2020-10-24T11:49:38Z</time>
      </trkpt>
      <trkpt lat="42.884121" lon="-1.839956">
        <ele>804.459</ele>
        <time>2020-10-24T11:49:42Z</time>
      </trkpt>
      <trkpt lat="42.884055" lon="-1.839945">
        <ele>797.814</ele>
        <time>2020-10-24T11:50:01Z</time>
      </trkpt>
      <trkpt lat="42.884024" lon="-1.839997">
        <ele>797.808</ele>
        <time>2020-10-24T11:50:05Z</time>
      </trkpt>
      <trkpt lat="42.884028" lon="-1.840060">
        <ele>798.010</ele>
        <time>2020-10-24T11:50:08Z</time>
      </trkpt>
      <trkpt lat="42.884017" lon="-1.840129">
        <ele>798.324</ele>
        <time>2020-10-24T11:50:11Z</time>
      </trkpt>
      <trkpt lat="42.884004" lon="-1.840201">
        <ele>798.016</ele>
        <time>2020-10-24T11:50:17Z</time>
      </trkpt>
      <trkpt lat="42.883970" lon="-1.840264">
        <ele>797.078</ele>
        <time>2020-10-24T11:50:28Z</time>
      </trkpt>
      <trkpt lat="42.883950" lon="-1.840343">
        <ele>796.235</ele>
        <time>2020-10-24T11:50:31Z</time>
      </trkpt>
      <trkpt lat="42.883950" lon="-1.840412">
        <ele>795.613</ele>
        <time>2020-10-24T11:50:33Z</time>
      </trkpt>
      <trkpt lat="42.883964" lon="-1.840474">
        <ele>795.193</ele>
        <time>2020-10-24T11:50:35Z</time>
      </trkpt>
      <trkpt lat="42.883984" lon="-1.840536">
        <ele>794.777</ele>
        <time>2020-10-24T11:50:38Z</time>
      </trkpt>
      <trkpt lat="42.883983" lon="-1.840606">
        <ele>794.061</ele>
        <time>2020-10-24T11:50:42Z</time>
      </trkpt>
      <trkpt lat="42.883978" lon="-1.840668">
        <ele>793.421</ele>
        <time>2020-10-24T11:50:45Z</time>
      </trkpt>
      <trkpt lat="42.883980" lon="-1.840742">
        <ele>792.713</ele>
        <time>2020-10-24T11:50:49Z</time>
      </trkpt>
      <trkpt lat="42.883985" lon="-1.840811">
        <ele>791.908</ele>
        <time>2020-10-24T11:50:52Z</time>
      </trkpt>
      <trkpt lat="42.883990" lon="-1.840878">
        <ele>791.141</ele>
        <time>2020-10-24T11:50:56Z</time>
      </trkpt>
      <trkpt lat="42.883988" lon="-1.840949">
        <ele>790.555</ele>
        <time>2020-10-24T11:51:00Z</time>
      </trkpt>
      <trkpt lat="42.883981" lon="-1.841026">
        <ele>789.577</ele>
        <time>2020-10-24T11:51:05Z</time>
      </trkpt>
      <trkpt lat="42.883981" lon="-1.841026">
        <ele>789.599</ele>
        <time>2020-10-24T11:51:05Z</time>
      </trkpt>
      <trkpt lat="42.883981" lon="-1.841095">
        <ele>789.176</ele>
        <time>2020-10-24T11:51:08Z</time>
      </trkpt>
      <trkpt lat="42.883991" lon="-1.841168">
        <ele>788.544</ele>
        <time>2020-10-24T11:51:13Z</time>
      </trkpt>
      <trkpt lat="42.884002" lon="-1.841241">
        <ele>787.864</ele>
        <time>2020-10-24T11:51:18Z</time>
      </trkpt>
      <trkpt lat="42.884002" lon="-1.841305">
        <ele>787.048</ele>
        <time>2020-10-24T11:51:21Z</time>
      </trkpt>
      <trkpt lat="42.884006" lon="-1.841366">
        <ele>786.243</ele>
        <time>2020-10-24T11:51:24Z</time>
      </trkpt>
      <trkpt lat="42.884019" lon="-1.841432">
        <ele>785.564</ele>
        <time>2020-10-24T11:51:28Z</time>
      </trkpt>
      <trkpt lat="42.884036" lon="-1.841500">
        <ele>784.910</ele>
        <time>2020-10-24T11:51:31Z</time>
      </trkpt>
      <trkpt lat="42.884050" lon="-1.841559">
        <ele>784.508</ele>
        <time>2020-10-24T11:51:34Z</time>
      </trkpt>
      <trkpt lat="42.884052" lon="-1.841626">
        <ele>783.899</ele>
        <time>2020-10-24T11:51:38Z</time>
      </trkpt>
      <trkpt lat="42.884070" lon="-1.841686">
        <ele>782.773</ele>
        <time>2020-10-24T11:51:43Z</time>
      </trkpt>
      <trkpt lat="42.884090" lon="-1.841744">
        <ele>781.715</ele>
        <time>2020-10-24T11:51:51Z</time>
      </trkpt>
      <trkpt lat="42.884134" lon="-1.841858">
        <ele>779.747</ele>
        <time>2020-10-24T11:52:02Z</time>
      </trkpt>
      <trkpt lat="42.884134" lon="-1.841934">
        <ele>780.534</ele>
        <time>2020-10-24T11:52:05Z</time>
      </trkpt>
      <trkpt lat="42.884134" lon="-1.841934">
        <ele>780.562</ele>
        <time>2020-10-24T11:52:05Z</time>
      </trkpt>
      <trkpt lat="42.884133" lon="-1.841999">
        <ele>780.682</ele>
        <time>2020-10-24T11:52:07Z</time>
      </trkpt>
      <trkpt lat="42.884138" lon="-1.842077">
        <ele>780.466</ele>
        <time>2020-10-24T11:52:10Z</time>
      </trkpt>
      <trkpt lat="42.884160" lon="-1.842143">
        <ele>780.028</ele>
        <time>2020-10-24T11:52:15Z</time>
      </trkpt>
      <trkpt lat="42.884194" lon="-1.842183">
        <ele>779.489</ele>
        <time>2020-10-24T11:52:17Z</time>
      </trkpt>
      <trkpt lat="42.884208" lon="-1.842254">
        <ele>778.417</ele>
        <time>2020-10-24T11:52:21Z</time>
      </trkpt>
      <trkpt lat="42.884225" lon="-1.842329">
        <ele>777.608</ele>
        <time>2020-10-24T11:52:24Z</time>
      </trkpt>
      <trkpt lat="42.884256" lon="-1.842378">
        <ele>776.747</ele>
        <time>2020-10-24T11:52:28Z</time>
      </trkpt>
      <trkpt lat="42.884268" lon="-1.842439">
        <ele>775.671</ele>
        <time>2020-10-24T11:52:31Z</time>
      </trkpt>
      <trkpt lat="42.884266" lon="-1.842503">
        <ele>774.793</ele>
        <time>2020-10-24T11:52:34Z</time>
      </trkpt>
      <trkpt lat="42.884271" lon="-1.842566">
        <ele>773.895</ele>
        <time>2020-10-24T11:52:37Z</time>
      </trkpt>
      <trkpt lat="42.884279" lon="-1.842627">
        <ele>772.982</ele>
        <time>2020-10-24T11:52:41Z</time>
      </trkpt>
      <trkpt lat="42.884317" lon="-1.842686">
        <ele>772.130</ele>
        <time>2020-10-24T11:52:51Z</time>
      </trkpt>
      <trkpt lat="42.884327" lon="-1.842755">
        <ele>772.260</ele>
        <time>2020-10-24T11:52:54Z</time>
      </trkpt>
      <trkpt lat="42.884317" lon="-1.842821">
        <ele>772.784</ele>
        <time>2020-10-24T11:52:57Z</time>
      </trkpt>
      <trkpt lat="42.884322" lon="-1.842904">
        <ele>773.215</ele>
        <time>2020-10-24T11:53:01Z</time>
      </trkpt>
      <trkpt lat="42.884334" lon="-1.842969">
        <ele>773.565</ele>
        <time>2020-10-24T11:53:03Z</time>
      </trkpt>
      <trkpt lat="42.884353" lon="-1.843049">
        <ele>773.311</ele>
        <time>2020-10-24T11:53:06Z</time>
      </trkpt>
      <trkpt lat="42.884384" lon="-1.843102">
        <ele>773.008</ele>
        <time>2020-10-24T11:53:09Z</time>
      </trkpt>
      <trkpt lat="42.884405" lon="-1.843167">
        <ele>772.456</ele>
        <time>2020-10-24T11:53:13Z</time>
      </trkpt>
      <trkpt lat="42.884416" lon="-1.843237">
        <ele>771.090</ele>
        <time>2020-10-24T11:53:19Z</time>
      </trkpt>
      <trkpt lat="42.884422" lon="-1.843303">
        <ele>769.482</ele>
        <time>2020-10-24T11:53:23Z</time>
      </trkpt>
      <trkpt lat="42.884426" lon="-1.843367">
        <ele>768.044</ele>
        <time>2020-10-24T11:53:26Z</time>
      </trkpt>
      <trkpt lat="42.884435" lon="-1.843428">
        <ele>766.741</ele>
        <time>2020-10-24T11:53:30Z</time>
      </trkpt>
      <trkpt lat="42.884439" lon="-1.843494">
        <ele>765.719</ele>
        <time>2020-10-24T11:53:33Z</time>
      </trkpt>
      <trkpt lat="42.884443" lon="-1.843555">
        <ele>764.499</ele>
        <time>2020-10-24T11:53:37Z</time>
      </trkpt>
      <trkpt lat="42.884451" lon="-1.843620">
        <ele>763.123</ele>
        <time>2020-10-24T11:53:41Z</time>
      </trkpt>
      <trkpt lat="42.884471" lon="-1.843760">
        <ele>757.566</ele>
        <time>2020-10-24T11:53:55Z</time>
      </trkpt>
      <trkpt lat="42.884470" lon="-1.843850">
        <ele>756.829</ele>
        <time>2020-10-24T11:53:58Z</time>
      </trkpt>
      <trkpt lat="42.884471" lon="-1.843916">
        <ele>755.821</ele>
        <time>2020-10-24T11:54:01Z</time>
      </trkpt>
      <trkpt lat="42.884440" lon="-1.844357">
        <ele>747.508</ele>
        <time>2020-10-24T11:54:29Z</time>
      </trkpt>
      <trkpt lat="42.884443" lon="-1.844430">
        <ele>747.011</ele>
        <time>2020-10-24T11:54:32Z</time>
      </trkpt>
      <trkpt lat="42.884442" lon="-1.844493">
        <ele>746.315</ele>
        <time>2020-10-24T11:54:34Z</time>
      </trkpt>
      <trkpt lat="42.884440" lon="-1.844562">
        <ele>745.317</ele>
        <time>2020-10-24T11:54:37Z</time>
      </trkpt>
      <trkpt lat="42.884444" lon="-1.844623">
        <ele>744.199</ele>
        <time>2020-10-24T11:54:40Z</time>
      </trkpt>
      <trkpt lat="42.884459" lon="-1.844686">
        <ele>742.726</ele>
        <time>2020-10-24T11:54:44Z</time>
      </trkpt>
      <trkpt lat="42.884467" lon="-1.844751">
        <ele>741.544</ele>
        <time>2020-10-24T11:54:48Z</time>
      </trkpt>
      <trkpt lat="42.884469" lon="-1.844848">
        <ele>739.644</ele>
        <time>2020-10-24T11:54:54Z</time>
      </trkpt>
      <trkpt lat="42.884476" lon="-1.844922">
        <ele>738.298</ele>
        <time>2020-10-24T11:54:56Z</time>
      </trkpt>
      <trkpt lat="42.884479" lon="-1.844996">
        <ele>736.965</ele>
        <time>2020-10-24T11:54:59Z</time>
      </trkpt>
      <trkpt lat="42.884478" lon="-1.845168">
        <ele>731.768</ele>
        <time>2020-10-24T11:55:11Z</time>
      </trkpt>
      <trkpt lat="42.884496" lon="-1.845248">
        <ele>730.914</ele>
        <time>2020-10-24T11:55:13Z</time>
      </trkpt>
      <trkpt lat="42.884523" lon="-1.845307">
        <ele>730.008</ele>
        <time>2020-10-24T11:55:15Z</time>
      </trkpt>
      <trkpt lat="42.884544" lon="-1.845365">
        <ele>728.561</ele>
        <time>2020-10-24T11:55:18Z</time>
      </trkpt>
      <trkpt lat="42.884563" lon="-1.845428">
        <ele>727.395</ele>
        <time>2020-10-24T11:55:20Z</time>
      </trkpt>
      <trkpt lat="42.884559" lon="-1.845489">
        <ele>726.157</ele>
        <time>2020-10-24T11:55:24Z</time>
      </trkpt>
      <trkpt lat="42.884561" lon="-1.845554">
        <ele>724.959</ele>
        <time>2020-10-24T11:55:29Z</time>
      </trkpt>
      <trkpt lat="42.884554" lon="-1.845625">
        <ele>724.186</ele>
        <time>2020-10-24T11:55:33Z</time>
      </trkpt>
      <trkpt lat="42.884534" lon="-1.845738">
        <ele>723.874</ele>
        <time>2020-10-24T11:55:53Z</time>
      </trkpt>
      <trkpt lat="42.884539" lon="-1.845810">
        <ele>723.574</ele>
        <time>2020-10-24T11:55:56Z</time>
      </trkpt>
      <trkpt lat="42.884530" lon="-1.845872">
        <ele>723.248</ele>
        <time>2020-10-24T11:55:59Z</time>
      </trkpt>
      <trkpt lat="42.884512" lon="-1.845935">
        <ele>722.938</ele>
        <time>2020-10-24T11:56:03Z</time>
      </trkpt>
      <trkpt lat="42.884496" lon="-1.846002">
        <ele>722.670</ele>
        <time>2020-10-24T11:56:06Z</time>
      </trkpt>
      <trkpt lat="42.884476" lon="-1.846063">
        <ele>722.417</ele>
        <time>2020-10-24T11:56:12Z</time>
      </trkpt>
      <trkpt lat="42.884461" lon="-1.846147">
        <ele>722.308</ele>
        <time>2020-10-24T11:56:15Z</time>
      </trkpt>
      <trkpt lat="42.884440" lon="-1.846208">
        <ele>722.238</ele>
        <time>2020-10-24T11:56:18Z</time>
      </trkpt>
      <trkpt lat="42.884426" lon="-1.846267">
        <ele>722.172</ele>
        <time>2020-10-24T11:56:21Z</time>
      </trkpt>
      <trkpt lat="42.884379" lon="-1.846275">
        <ele>722.024</ele>
        <time>2020-10-24T11:56:24Z</time>
      </trkpt>
      <trkpt lat="42.884332" lon="-1.846268">
        <ele>721.926</ele>
        <time>2020-10-24T11:56:26Z</time>
      </trkpt>
      <trkpt lat="42.884291" lon="-1.846293">
        <ele>721.823</ele>
        <time>2020-10-24T11:56:29Z</time>
      </trkpt>
      <trkpt lat="42.884239" lon="-1.846304">
        <ele>722.031</ele>
        <time>2020-10-24T11:56:32Z</time>
      </trkpt>
      <trkpt lat="42.884194" lon="-1.846316">
        <ele>722.451</ele>
        <time>2020-10-24T11:56:36Z</time>
      </trkpt>
      <trkpt lat="42.884040" lon="-1.846346">
        <ele>726.215</ele>
        <time>2020-10-24T11:56:53Z</time>
      </trkpt>
      <trkpt lat="42.883919" lon="-1.846395">
        <ele>726.491</ele>
        <time>2020-10-24T11:56:59Z</time>
      </trkpt>
      <trkpt lat="42.883854" lon="-1.846356">
        <ele>726.381</ele>
        <time>2020-10-24T11:57:02Z</time>
      </trkpt>
      <trkpt lat="42.883809" lon="-1.846329">
        <ele>726.419</ele>
        <time>2020-10-24T11:57:04Z</time>
      </trkpt>
      <trkpt lat="42.883748" lon="-1.846303">
        <ele>726.708</ele>
        <time>2020-10-24T11:57:06Z</time>
      </trkpt>
      <trkpt lat="42.883699" lon="-1.846297">
        <ele>727.194</ele>
        <time>2020-10-24T11:57:09Z</time>
      </trkpt>
      <trkpt lat="42.883664" lon="-1.846257">
        <ele>727.838</ele>
        <time>2020-10-24T11:57:13Z</time>
      </trkpt>
      <trkpt lat="42.883517" lon="-1.846205">
        <ele>731.410</ele>
        <time>2020-10-24T11:57:29Z</time>
      </trkpt>
      <trkpt lat="42.883348" lon="-1.846159">
        <ele>733.892</ele>
        <time>2020-10-24T11:57:43Z</time>
      </trkpt>
      <trkpt lat="42.883297" lon="-1.846138">
        <ele>732.769</ele>
        <time>2020-10-24T11:57:45Z</time>
      </trkpt>
      <trkpt lat="42.883246" lon="-1.846122">
        <ele>731.627</ele>
        <time>2020-10-24T11:57:47Z</time>
      </trkpt>
      <trkpt lat="42.883198" lon="-1.846109">
        <ele>729.917</ele>
        <time>2020-10-24T11:57:49Z</time>
      </trkpt>
      <trkpt lat="42.883110" lon="-1.846103">
        <ele>724.361</ele>
        <time>2020-10-24T11:57:55Z</time>
      </trkpt>
      <trkpt lat="42.883048" lon="-1.846081">
        <ele>723.113</ele>
        <time>2020-10-24T11:57:57Z</time>
      </trkpt>
      <trkpt lat="42.882993" lon="-1.846051">
        <ele>721.443</ele>
        <time>2020-10-24T11:58:01Z</time>
      </trkpt>
      <trkpt lat="42.882952" lon="-1.846024">
        <ele>720.107</ele>
        <time>2020-10-24T11:58:03Z</time>
      </trkpt>
      <trkpt lat="42.882910" lon="-1.845994">
        <ele>718.908</ele>
        <time>2020-10-24T11:58:06Z</time>
      </trkpt>
      <trkpt lat="42.882862" lon="-1.845950">
        <ele>717.836</ele>
        <time>2020-10-24T11:58:09Z</time>
      </trkpt>
      <trkpt lat="42.882820" lon="-1.845911">
        <ele>716.610</ele>
        <time>2020-10-24T11:58:12Z</time>
      </trkpt>
      <trkpt lat="42.882776" lon="-1.845884">
        <ele>715.672</ele>
        <time>2020-10-24T11:58:15Z</time>
      </trkpt>
      <trkpt lat="42.882726" lon="-1.845870">
        <ele>714.754</ele>
        <time>2020-10-24T11:58:19Z</time>
      </trkpt>
      <trkpt lat="42.882679" lon="-1.845837">
        <ele>713.841</ele>
        <time>2020-10-24T11:58:22Z</time>
      </trkpt>
      <trkpt lat="42.882629" lon="-1.845799">
        <ele>713.549</ele>
        <time>2020-10-24T11:58:26Z</time>
      </trkpt>
      <trkpt lat="42.882583" lon="-1.845763">
        <ele>713.119</ele>
        <time>2020-10-24T11:58:29Z</time>
      </trkpt>
      <trkpt lat="42.882532" lon="-1.845739">
        <ele>712.653</ele>
        <time>2020-10-24T11:58:32Z</time>
      </trkpt>
      <trkpt lat="42.882322" lon="-1.845703">
        <ele>707.767</ele>
        <time>2020-10-24T11:59:00Z</time>
      </trkpt>
      <trkpt lat="42.882263" lon="-1.845679">
        <ele>707.781</ele>
        <time>2020-10-24T11:59:03Z</time>
      </trkpt>
      <trkpt lat="42.882211" lon="-1.845668">
        <ele>707.719</ele>
        <time>2020-10-24T11:59:05Z</time>
      </trkpt>
      <trkpt lat="42.882163" lon="-1.845660">
        <ele>707.708</ele>
        <time>2020-10-24T11:59:08Z</time>
      </trkpt>
      <trkpt lat="42.882114" lon="-1.845643">
        <ele>707.791</ele>
        <time>2020-10-24T11:59:10Z</time>
      </trkpt>
      <trkpt lat="42.882068" lon="-1.845633">
        <ele>707.745</ele>
        <time>2020-10-24T11:59:14Z</time>
      </trkpt>
      <trkpt lat="42.882020" lon="-1.845622">
        <ele>707.867</ele>
        <time>2020-10-24T11:59:16Z</time>
      </trkpt>
      <trkpt lat="42.881969" lon="-1.845628">
        <ele>708.469</ele>
        <time>2020-10-24T11:59:21Z</time>
      </trkpt>
      <trkpt lat="42.881918" lon="-1.845662">
        <ele>709.486</ele>
        <time>2020-10-24T11:59:25Z</time>
      </trkpt>
      <trkpt lat="42.881880" lon="-1.845701">
        <ele>710.634</ele>
        <time>2020-10-24T11:59:28Z</time>
      </trkpt>
      <trkpt lat="42.881829" lon="-1.845709">
        <ele>711.734</ele>
        <time>2020-10-24T11:59:31Z</time>
      </trkpt>
      <trkpt lat="42.881772" lon="-1.845693">
        <ele>713.328</ele>
        <time>2020-10-24T11:59:38Z</time>
      </trkpt>
      <trkpt lat="42.881728" lon="-1.845674">
        <ele>714.557</ele>
        <time>2020-10-24T11:59:45Z</time>
      </trkpt>
      <trkpt lat="42.881694" lon="-1.845629">
        <ele>716.000</ele>
        <time>2020-10-24T11:59:48Z</time>
      </trkpt>
      <trkpt lat="42.881656" lon="-1.845582">
        <ele>717.220</ele>
        <time>2020-10-24T11:59:50Z</time>
      </trkpt>
      <trkpt lat="42.881618" lon="-1.845528">
        <ele>718.208</ele>
        <time>2020-10-24T11:59:53Z</time>
      </trkpt>
      <trkpt lat="42.881583" lon="-1.845479">
        <ele>718.620</ele>
        <time>2020-10-24T11:59:58Z</time>
      </trkpt>
      <trkpt lat="42.881533" lon="-1.845467">
        <ele>718.634</ele>
        <time>2020-10-24T12:00:00Z</time>
      </trkpt>
      <trkpt lat="42.881490" lon="-1.845448">
        <ele>718.266</ele>
        <time>2020-10-24T12:00:05Z</time>
      </trkpt>
      <trkpt lat="42.881459" lon="-1.845400">
        <ele>717.718</ele>
        <time>2020-10-24T12:00:08Z</time>
      </trkpt>
      <trkpt lat="42.881424" lon="-1.845346">
        <ele>717.375</ele>
        <time>2020-10-24T12:00:12Z</time>
      </trkpt>
      <trkpt lat="42.881389" lon="-1.845300">
        <ele>717.053</ele>
        <time>2020-10-24T12:00:15Z</time>
      </trkpt>
      <trkpt lat="42.881351" lon="-1.845266">
        <ele>716.963</ele>
        <time>2020-10-24T12:00:18Z</time>
      </trkpt>
      <trkpt lat="42.881306" lon="-1.845240">
        <ele>717.027</ele>
        <time>2020-10-24T12:00:22Z</time>
      </trkpt>
      <trkpt lat="42.881260" lon="-1.845243">
        <ele>717.663</ele>
        <time>2020-10-24T12:00:26Z</time>
      </trkpt>
      <trkpt lat="42.881215" lon="-1.845230">
        <ele>718.944</ele>
        <time>2020-10-24T12:00:30Z</time>
      </trkpt>
      <trkpt lat="42.881155" lon="-1.845204">
        <ele>721.018</ele>
        <time>2020-10-24T12:00:34Z</time>
      </trkpt>
      <trkpt lat="42.881099" lon="-1.845177">
        <ele>722.908</ele>
        <time>2020-10-24T12:00:36Z</time>
      </trkpt>
      <trkpt lat="42.881055" lon="-1.845155">
        <ele>724.771</ele>
        <time>2020-10-24T12:00:39Z</time>
      </trkpt>
      <trkpt lat="42.881006" lon="-1.845131">
        <ele>727.555</ele>
        <time>2020-10-24T12:00:52Z</time>
      </trkpt>
      <trkpt lat="42.880956" lon="-1.845101">
        <ele>729.417</ele>
        <time>2020-10-24T12:00:55Z</time>
      </trkpt>
      <trkpt lat="42.880897" lon="-1.845082">
        <ele>730.869</ele>
        <time>2020-10-24T12:00:57Z</time>
      </trkpt>
      <trkpt lat="42.880845" lon="-1.845061">
        <ele>731.786</ele>
        <time>2020-10-24T12:00:59Z</time>
      </trkpt>
      <trkpt lat="42.880767" lon="-1.845043">
        <ele>732.034</ele>
        <time>2020-10-24T12:01:03Z</time>
      </trkpt>
      <trkpt lat="42.880721" lon="-1.845023">
        <ele>731.274</ele>
        <time>2020-10-24T12:01:06Z</time>
      </trkpt>
      <trkpt lat="42.880678" lon="-1.844999">
        <ele>729.928</ele>
        <time>2020-10-24T12:01:09Z</time>
      </trkpt>
      <trkpt lat="42.880622" lon="-1.844965">
        <ele>728.622</ele>
        <time>2020-10-24T12:01:14Z</time>
      </trkpt>
      <trkpt lat="42.880579" lon="-1.844931">
        <ele>727.762</ele>
        <time>2020-10-24T12:01:17Z</time>
      </trkpt>
      <trkpt lat="42.880546" lon="-1.844876">
        <ele>726.708</ele>
        <time>2020-10-24T12:01:21Z</time>
      </trkpt>
      <trkpt lat="42.880508" lon="-1.844840">
        <ele>725.808</ele>
        <time>2020-10-24T12:01:25Z</time>
      </trkpt>
      <trkpt lat="42.880458" lon="-1.844823">
        <ele>725.267</ele>
        <time>2020-10-24T12:01:28Z</time>
      </trkpt>
      <trkpt lat="42.880412" lon="-1.844804">
        <ele>724.641</ele>
        <time>2020-10-24T12:01:30Z</time>
      </trkpt>
      <trkpt lat="42.880355" lon="-1.844788">
        <ele>723.763</ele>
        <time>2020-10-24T12:01:34Z</time>
      </trkpt>
      <trkpt lat="42.880317" lon="-1.844754">
        <ele>722.665</ele>
        <time>2020-10-24T12:01:38Z</time>
      </trkpt>
      <trkpt lat="42.880272" lon="-1.844735">
        <ele>721.692</ele>
        <time>2020-10-24T12:01:42Z</time>
      </trkpt>
      <trkpt lat="42.880221" lon="-1.844728">
        <ele>720.710</ele>
        <time>2020-10-24T12:01:46Z</time>
      </trkpt>
      <trkpt lat="42.880174" lon="-1.844723">
        <ele>719.760</ele>
        <time>2020-10-24T12:01:53Z</time>
      </trkpt>
      <trkpt lat="42.880129" lon="-1.844707">
        <ele>718.654</ele>
        <time>2020-10-24T12:01:57Z</time>
      </trkpt>
      <trkpt lat="42.880084" lon="-1.844694">
        <ele>717.428</ele>
        <time>2020-10-24T12:02:00Z</time>
      </trkpt>
      <trkpt lat="42.880029" lon="-1.844683">
        <ele>716.189</ele>
        <time>2020-10-24T12:02:03Z</time>
      </trkpt>
      <trkpt lat="42.879975" lon="-1.844689">
        <ele>714.917</ele>
        <time>2020-10-24T12:02:07Z</time>
      </trkpt>
      <trkpt lat="42.879924" lon="-1.844701">
        <ele>713.708</ele>
        <time>2020-10-24T12:02:09Z</time>
      </trkpt>
      <trkpt lat="42.879876" lon="-1.844698">
        <ele>712.617</ele>
        <time>2020-10-24T12:02:12Z</time>
      </trkpt>
      <trkpt lat="42.879831" lon="-1.844692">
        <ele>711.531</ele>
        <time>2020-10-24T12:02:14Z</time>
      </trkpt>
      <trkpt lat="42.879784" lon="-1.844693">
        <ele>710.193</ele>
        <time>2020-10-24T12:02:17Z</time>
      </trkpt>
      <trkpt lat="42.879736" lon="-1.844686">
        <ele>708.815</ele>
        <time>2020-10-24T12:02:19Z</time>
      </trkpt>
      <trkpt lat="42.879684" lon="-1.844692">
        <ele>707.452</ele>
        <time>2020-10-24T12:02:22Z</time>
      </trkpt>
      <trkpt lat="42.879633" lon="-1.844708">
        <ele>706.090</ele>
        <time>2020-10-24T12:02:25Z</time>
      </trkpt>
      <trkpt lat="42.879582" lon="-1.844719">
        <ele>704.590</ele>
        <time>2020-10-24T12:02:28Z</time>
      </trkpt>
      <trkpt lat="42.879537" lon="-1.844714">
        <ele>702.574</ele>
        <time>2020-10-24T12:02:32Z</time>
      </trkpt>
      <trkpt lat="42.879476" lon="-1.844719">
        <ele>700.283</ele>
        <time>2020-10-24T12:02:36Z</time>
      </trkpt>
      <trkpt lat="42.879421" lon="-1.844729">
        <ele>698.325</ele>
        <time>2020-10-24T12:02:39Z</time>
      </trkpt>
      <trkpt lat="42.879367" lon="-1.844734">
        <ele>696.117</ele>
        <time>2020-10-24T12:02:42Z</time>
      </trkpt>
      <trkpt lat="42.879317" lon="-1.844741">
        <ele>693.908</ele>
        <time>2020-10-24T12:02:46Z</time>
      </trkpt>
      <trkpt lat="42.879162" lon="-1.844721">
        <ele>686.673</ele>
        <time>2020-10-24T12:02:59Z</time>
      </trkpt>
      <trkpt lat="42.879098" lon="-1.844714">
        <ele>686.247</ele>
        <time>2020-10-24T12:03:01Z</time>
      </trkpt>
      <trkpt lat="42.879046" lon="-1.844721">
        <ele>685.539</ele>
        <time>2020-10-24T12:03:06Z</time>
      </trkpt>
      <trkpt lat="42.878997" lon="-1.844700">
        <ele>684.851</ele>
        <time>2020-10-24T12:03:10Z</time>
      </trkpt>
      <trkpt lat="42.878947" lon="-1.844678">
        <ele>684.138</ele>
        <time>2020-10-24T12:03:13Z</time>
      </trkpt>
      <trkpt lat="42.878898" lon="-1.844683">
        <ele>683.426</ele>
        <time>2020-10-24T12:03:18Z</time>
      </trkpt>
      <trkpt lat="42.878842" lon="-1.844682">
        <ele>682.716</ele>
        <time>2020-10-24T12:03:22Z</time>
      </trkpt>
      <trkpt lat="42.878787" lon="-1.844671">
        <ele>681.950</ele>
        <time>2020-10-24T12:03:24Z</time>
      </trkpt>
      <trkpt lat="42.878733" lon="-1.844670">
        <ele>680.984</ele>
        <time>2020-10-24T12:03:28Z</time>
      </trkpt>
      <trkpt lat="42.878687" lon="-1.844663">
        <ele>680.107</ele>
        <time>2020-10-24T12:03:31Z</time>
      </trkpt>
      <trkpt lat="42.878640" lon="-1.844661">
        <ele>679.517</ele>
        <time>2020-10-24T12:03:34Z</time>
      </trkpt>
      <trkpt lat="42.878592" lon="-1.844674">
        <ele>679.008</ele>
        <time>2020-10-24T12:03:38Z</time>
      </trkpt>
      <trkpt lat="42.878546" lon="-1.844681">
        <ele>678.593</ele>
        <time>2020-10-24T12:03:41Z</time>
      </trkpt>
      <trkpt lat="42.878499" lon="-1.844672">
        <ele>677.977</ele>
        <time>2020-10-24T12:03:43Z</time>
      </trkpt>
      <trkpt lat="42.878449" lon="-1.844672">
        <ele>677.229</ele>
        <time>2020-10-24T12:03:47Z</time>
      </trkpt>
      <trkpt lat="42.878398" lon="-1.844657">
        <ele>676.061</ele>
        <time>2020-10-24T12:03:52Z</time>
      </trkpt>
      <trkpt lat="42.878398" lon="-1.844657">
        <ele>676.088</ele>
        <time>2020-10-24T12:03:52Z</time>
      </trkpt>
      <trkpt lat="42.878347" lon="-1.844673">
        <ele>675.636</ele>
        <time>2020-10-24T12:03:56Z</time>
      </trkpt>
      <trkpt lat="42.878300" lon="-1.844672">
        <ele>675.036</ele>
        <time>2020-10-24T12:03:59Z</time>
      </trkpt>
      <trkpt lat="42.878255" lon="-1.844679">
        <ele>674.080</ele>
        <time>2020-10-24T12:04:02Z</time>
      </trkpt>
      <trkpt lat="42.878200" lon="-1.844677">
        <ele>672.969</ele>
        <time>2020-10-24T12:04:04Z</time>
      </trkpt>
      <trkpt lat="42.878151" lon="-1.844658">
        <ele>670.604</ele>
        <time>2020-10-24T12:04:07Z</time>
      </trkpt>
      <trkpt lat="42.878151" lon="-1.844658">
        <ele>670.624</ele>
        <time>2020-10-24T12:04:07Z</time>
      </trkpt>
      <trkpt lat="42.878100" lon="-1.844650">
        <ele>668.708</ele>
        <time>2020-10-24T12:04:11Z</time>
      </trkpt>
      <trkpt lat="42.878053" lon="-1.844652">
        <ele>666.331</ele>
        <time>2020-10-24T12:04:14Z</time>
      </trkpt>
      <trkpt lat="42.878008" lon="-1.844672">
        <ele>664.385</ele>
        <time>2020-10-24T12:04:17Z</time>
      </trkpt>
      <trkpt lat="42.877954" lon="-1.844688">
        <ele>662.587</ele>
        <time>2020-10-24T12:04:21Z</time>
      </trkpt>
      <trkpt lat="42.877900" lon="-1.844696">
        <ele>661.159</ele>
        <time>2020-10-24T12:04:25Z</time>
      </trkpt>
      <trkpt lat="42.877845" lon="-1.844705">
        <ele>659.736</ele>
        <time>2020-10-24T12:04:28Z</time>
      </trkpt>
      <trkpt lat="42.877796" lon="-1.844701">
        <ele>658.574</ele>
        <time>2020-10-24T12:04:30Z</time>
      </trkpt>
      <trkpt lat="42.877751" lon="-1.844681">
        <ele>657.144</ele>
        <time>2020-10-24T12:04:34Z</time>
      </trkpt>
      <trkpt lat="42.877690" lon="-1.844693">
        <ele>655.648</ele>
        <time>2020-10-24T12:04:38Z</time>
      </trkpt>
      <trkpt lat="42.877644" lon="-1.844701">
        <ele>654.484</ele>
        <time>2020-10-24T12:04:40Z</time>
      </trkpt>
      <trkpt lat="42.877596" lon="-1.844709">
        <ele>653.707</ele>
        <time>2020-10-24T12:04:43Z</time>
      </trkpt>
      <trkpt lat="42.877552" lon="-1.844720">
        <ele>653.317</ele>
        <time>2020-10-24T12:04:47Z</time>
      </trkpt>
      <trkpt lat="42.877464" lon="-1.844669">
        <ele>653.308</ele>
        <time>2020-10-24T12:05:00Z</time>
      </trkpt>
      <trkpt lat="42.877445" lon="-1.844608">
        <ele>653.233</ele>
        <time>2020-10-24T12:05:03Z</time>
      </trkpt>
      <trkpt lat="42.877389" lon="-1.844711">
        <ele>651.887</ele>
        <time>2020-10-24T12:05:08Z</time>
      </trkpt>
      <trkpt lat="42.877338" lon="-1.844730">
        <ele>651.659</ele>
        <time>2020-10-24T12:05:10Z</time>
      </trkpt>
      <trkpt lat="42.877280" lon="-1.844748">
        <ele>651.731</ele>
        <time>2020-10-24T12:05:12Z</time>
      </trkpt>
      <trkpt lat="42.877233" lon="-1.844762">
        <ele>651.558</ele>
        <time>2020-10-24T12:05:15Z</time>
      </trkpt>
      <trkpt lat="42.877188" lon="-1.844778">
        <ele>651.716</ele>
        <time>2020-10-24T12:05:18Z</time>
      </trkpt>
      <trkpt lat="42.877132" lon="-1.844776">
        <ele>652.686</ele>
        <time>2020-10-24T12:05:21Z</time>
      </trkpt>
      <trkpt lat="42.877080" lon="-1.844784">
        <ele>653.210</ele>
        <time>2020-10-24T12:05:25Z</time>
      </trkpt>
      <trkpt lat="42.877038" lon="-1.844805">
        <ele>653.767</ele>
        <time>2020-10-24T12:05:28Z</time>
      </trkpt>
      <trkpt lat="42.876984" lon="-1.844815">
        <ele>653.981</ele>
        <time>2020-10-24T12:05:31Z</time>
      </trkpt>
      <trkpt lat="42.876935" lon="-1.844843">
        <ele>654.119</ele>
        <time>2020-10-24T12:05:36Z</time>
      </trkpt>
      <trkpt lat="42.876884" lon="-1.844860">
        <ele>654.008</ele>
        <time>2020-10-24T12:05:40Z</time>
      </trkpt>
      <trkpt lat="42.876823" lon="-1.844865">
        <ele>654.021</ele>
        <time>2020-10-24T12:05:44Z</time>
      </trkpt>
      <trkpt lat="42.876773" lon="-1.844876">
        <ele>654.165</ele>
        <time>2020-10-24T12:05:47Z</time>
      </trkpt>
      <trkpt lat="42.876726" lon="-1.844885">
        <ele>654.167</ele>
        <time>2020-10-24T12:05:49Z</time>
      </trkpt>
      <trkpt lat="42.876682" lon="-1.844896">
        <ele>654.179</ele>
        <time>2020-10-24T12:05:52Z</time>
      </trkpt>
      <trkpt lat="42.876632" lon="-1.844890">
        <ele>654.476</ele>
        <time>2020-10-24T12:05:56Z</time>
      </trkpt>
      <trkpt lat="42.876632" lon="-1.844890">
        <ele>654.424</ele>
        <time>2020-10-24T12:05:56Z</time>
      </trkpt>
      <trkpt lat="42.876577" lon="-1.844907">
        <ele>654.554</ele>
        <time>2020-10-24T12:06:01Z</time>
      </trkpt>
      <trkpt lat="42.876528" lon="-1.844921">
        <ele>654.628</ele>
        <time>2020-10-24T12:06:04Z</time>
      </trkpt>
      <trkpt lat="42.876483" lon="-1.844936">
        <ele>655.041</ele>
        <time>2020-10-24T12:06:07Z</time>
      </trkpt>
      <trkpt lat="42.876434" lon="-1.844970">
        <ele>655.481</ele>
        <time>2020-10-24T12:06:09Z</time>
      </trkpt>
      <trkpt lat="42.876395" lon="-1.845009">
        <ele>655.809</ele>
        <time>2020-10-24T12:06:12Z</time>
      </trkpt>
      <trkpt lat="42.876351" lon="-1.845035">
        <ele>655.908</ele>
        <time>2020-10-24T12:06:14Z</time>
      </trkpt>
      <trkpt lat="42.876316" lon="-1.845085">
        <ele>655.729</ele>
        <time>2020-10-24T12:06:18Z</time>
      </trkpt>
      <trkpt lat="42.876274" lon="-1.845135">
        <ele>655.343</ele>
        <time>2020-10-24T12:06:23Z</time>
      </trkpt>
      <trkpt lat="42.876232" lon="-1.845169">
        <ele>655.075</ele>
        <time>2020-10-24T12:06:26Z</time>
      </trkpt>
      <trkpt lat="42.876189" lon="-1.845204">
        <ele>654.637</ele>
        <time>2020-10-24T12:06:29Z</time>
      </trkpt>
      <trkpt lat="42.876151" lon="-1.845239">
        <ele>654.164</ele>
        <time>2020-10-24T12:06:32Z</time>
      </trkpt>
      <trkpt lat="42.876105" lon="-1.845273">
        <ele>653.662</ele>
        <time>2020-10-24T12:06:35Z</time>
      </trkpt>
      <trkpt lat="42.876062" lon="-1.845323">
        <ele>653.482</ele>
        <time>2020-10-24T12:06:39Z</time>
      </trkpt>
      <trkpt lat="42.876016" lon="-1.845351">
        <ele>653.516</ele>
        <time>2020-10-24T12:06:43Z</time>
      </trkpt>
      <trkpt lat="42.875961" lon="-1.845386">
        <ele>653.512</ele>
        <time>2020-10-24T12:06:47Z</time>
      </trkpt>
      <trkpt lat="42.875906" lon="-1.845413">
        <ele>653.232</ele>
        <time>2020-10-24T12:06:51Z</time>
      </trkpt>
      <trkpt lat="42.875852" lon="-1.845444">
        <ele>653.005</ele>
        <time>2020-10-24T12:06:56Z</time>
      </trkpt>
      <trkpt lat="42.875801" lon="-1.845468">
        <ele>653.408</ele>
        <time>2020-10-24T12:07:00Z</time>
      </trkpt>
      <trkpt lat="42.875801" lon="-1.845468">
        <ele>653.426</ele>
        <time>2020-10-24T12:07:00Z</time>
      </trkpt>
      <trkpt lat="42.875742" lon="-1.845485">
        <ele>653.770</ele>
        <time>2020-10-24T12:07:04Z</time>
      </trkpt>
      <trkpt lat="42.875689" lon="-1.845503">
        <ele>654.032</ele>
        <time>2020-10-24T12:07:10Z</time>
      </trkpt>
      <trkpt lat="42.875637" lon="-1.845522">
        <ele>654.344</ele>
        <time>2020-10-24T12:07:13Z</time>
      </trkpt>
      <trkpt lat="42.875591" lon="-1.845540">
        <ele>654.741</ele>
        <time>2020-10-24T12:07:17Z</time>
      </trkpt>
      <trkpt lat="42.875548" lon="-1.845573">
        <ele>655.099</ele>
        <time>2020-10-24T12:07:21Z</time>
      </trkpt>
      <trkpt lat="42.875498" lon="-1.845615">
        <ele>655.279</ele>
        <time>2020-10-24T12:07:30Z</time>
      </trkpt>
      <trkpt lat="42.875457" lon="-1.845652">
        <ele>655.493</ele>
        <time>2020-10-24T12:07:32Z</time>
      </trkpt>
      <trkpt lat="42.875406" lon="-1.845670">
        <ele>655.831</ele>
        <time>2020-10-24T12:07:35Z</time>
      </trkpt>
      <trkpt lat="42.875359" lon="-1.845680">
        <ele>656.361</ele>
        <time>2020-10-24T12:07:37Z</time>
      </trkpt>
      <trkpt lat="42.875298" lon="-1.845699">
        <ele>656.907</ele>
        <time>2020-10-24T12:07:40Z</time>
      </trkpt>
      <trkpt lat="42.875244" lon="-1.845714">
        <ele>657.708</ele>
        <time>2020-10-24T12:07:43Z</time>
      </trkpt>
      <trkpt lat="42.875195" lon="-1.845728">
        <ele>658.378</ele>
        <time>2020-10-24T12:07:46Z</time>
      </trkpt>
      <trkpt lat="42.875150" lon="-1.845730">
        <ele>658.872</ele>
        <time>2020-10-24T12:07:49Z</time>
      </trkpt>
      <trkpt lat="42.875104" lon="-1.845730">
        <ele>659.364</ele>
        <time>2020-10-24T12:07:52Z</time>
      </trkpt>
      <trkpt lat="42.875051" lon="-1.845744">
        <ele>659.856</ele>
        <time>2020-10-24T12:07:56Z</time>
      </trkpt>
      <trkpt lat="42.875003" lon="-1.845741">
        <ele>660.023</ele>
        <time>2020-10-24T12:07:59Z</time>
      </trkpt>
      <trkpt lat="42.874955" lon="-1.845744">
        <ele>660.171</ele>
        <time>2020-10-24T12:08:02Z</time>
      </trkpt>
      <trkpt lat="42.874906" lon="-1.845755">
        <ele>659.961</ele>
        <time>2020-10-24T12:08:05Z</time>
      </trkpt>
      <trkpt lat="42.874853" lon="-1.845772">
        <ele>659.575</ele>
        <time>2020-10-24T12:08:09Z</time>
      </trkpt>
      <trkpt lat="42.874794" lon="-1.845808">
        <ele>659.721</ele>
        <time>2020-10-24T12:08:15Z</time>
      </trkpt>
      <trkpt lat="42.874742" lon="-1.845806">
        <ele>660.141</ele>
        <time>2020-10-24T12:08:22Z</time>
      </trkpt>
      <trkpt lat="42.874690" lon="-1.845810">
        <ele>660.105</ele>
        <time>2020-10-24T12:08:25Z</time>
      </trkpt>
      <trkpt lat="42.874643" lon="-1.845810">
        <ele>659.808</ele>
        <time>2020-10-24T12:08:28Z</time>
      </trkpt>
      <trkpt lat="42.874583" lon="-1.845813">
        <ele>659.697</ele>
        <time>2020-10-24T12:08:32Z</time>
      </trkpt>
      <trkpt lat="42.874515" lon="-1.845815">
        <ele>658.571</ele>
        <time>2020-10-24T12:08:37Z</time>
      </trkpt>
      <trkpt lat="42.874457" lon="-1.845831">
        <ele>657.563</ele>
        <time>2020-10-24T12:08:40Z</time>
      </trkpt>
      <trkpt lat="42.874411" lon="-1.845845">
        <ele>656.315</ele>
        <time>2020-10-24T12:08:43Z</time>
      </trkpt>
      <trkpt lat="42.874364" lon="-1.845848">
        <ele>655.032</ele>
        <time>2020-10-24T12:08:47Z</time>
      </trkpt>
      <trkpt lat="42.874305" lon="-1.845841">
        <ele>654.510</ele>
        <time>2020-10-24T12:08:52Z</time>
      </trkpt>
      <trkpt lat="42.874259" lon="-1.845842">
        <ele>655.030</ele>
        <time>2020-10-24T12:08:55Z</time>
      </trkpt>
      <trkpt lat="42.874259" lon="-1.845842">
        <ele>655.074</ele>
        <time>2020-10-24T12:08:55Z</time>
      </trkpt>
      <trkpt lat="42.874206" lon="-1.845856">
        <ele>655.287</ele>
        <time>2020-10-24T12:08:58Z</time>
      </trkpt>
      <trkpt lat="42.874154" lon="-1.845863">
        <ele>655.642</ele>
        <time>2020-10-24T12:09:01Z</time>
      </trkpt>
      <trkpt lat="42.874112" lon="-1.845886">
        <ele>656.526</ele>
        <time>2020-10-24T12:09:04Z</time>
      </trkpt>
      <trkpt lat="42.874105" lon="-1.845825">
        <ele>657.108</ele>
        <time>2020-10-24T12:09:12Z</time>
      </trkpt>
      <trkpt lat="42.874057" lon="-1.845799">
        <ele>657.373</ele>
        <time>2020-10-24T12:09:15Z</time>
      </trkpt>
      <trkpt lat="42.874010" lon="-1.845805">
        <ele>657.137</ele>
        <time>2020-10-24T12:09:19Z</time>
      </trkpt>
      <trkpt lat="42.873962" lon="-1.845814">
        <ele>656.659</ele>
        <time>2020-10-24T12:09:22Z</time>
      </trkpt>
      <trkpt lat="42.873916" lon="-1.845778">
        <ele>656.991</ele>
        <time>2020-10-24T12:09:26Z</time>
      </trkpt>
      <trkpt lat="42.873864" lon="-1.845745">
        <ele>657.338</ele>
        <time>2020-10-24T12:09:31Z</time>
      </trkpt>
      <trkpt lat="42.873816" lon="-1.845741">
        <ele>657.756</ele>
        <time>2020-10-24T12:09:34Z</time>
      </trkpt>
      <trkpt lat="42.873768" lon="-1.845744">
        <ele>658.076</ele>
        <time>2020-10-24T12:09:37Z</time>
      </trkpt>
      <trkpt lat="42.873676" lon="-1.845688">
        <ele>658.420</ele>
        <time>2020-10-24T12:09:54Z</time>
      </trkpt>
      <trkpt lat="42.873614" lon="-1.845689">
        <ele>658.171</ele>
        <time>2020-10-24T12:09:56Z</time>
      </trkpt>
      <trkpt lat="42.873561" lon="-1.845698">
        <ele>657.541</ele>
        <time>2020-10-24T12:09:59Z</time>
      </trkpt>
      <trkpt lat="42.873506" lon="-1.845685">
        <ele>656.615</ele>
        <time>2020-10-24T12:10:04Z</time>
      </trkpt>
      <trkpt lat="42.873461" lon="-1.845666">
        <ele>656.308</ele>
        <time>2020-10-24T12:10:06Z</time>
      </trkpt>
      <trkpt lat="42.873405" lon="-1.845654">
        <ele>656.192</ele>
        <time>2020-10-24T12:10:09Z</time>
      </trkpt>
      <trkpt lat="42.873347" lon="-1.845642">
        <ele>656.336</ele>
        <time>2020-10-24T12:10:14Z</time>
      </trkpt>
      <trkpt lat="42.873303" lon="-1.845626">
        <ele>657.688</ele>
        <time>2020-10-24T12:10:17Z</time>
      </trkpt>
      <trkpt lat="42.873272" lon="-1.845576">
        <ele>659.220</ele>
        <time>2020-10-24T12:10:21Z</time>
      </trkpt>
      <trkpt lat="42.873169" lon="-1.845488">
        <ele>661.257</ele>
        <time>2020-10-24T12:10:37Z</time>
      </trkpt>
      <trkpt lat="42.873127" lon="-1.845461">
        <ele>660.825</ele>
        <time>2020-10-24T12:10:39Z</time>
      </trkpt>
      <trkpt lat="42.873084" lon="-1.845428">
        <ele>660.585</ele>
        <time>2020-10-24T12:10:41Z</time>
      </trkpt>
      <trkpt lat="42.873032" lon="-1.845387">
        <ele>660.299</ele>
        <time>2020-10-24T12:10:43Z</time>
      </trkpt>
      <trkpt lat="42.872990" lon="-1.845341">
        <ele>659.745</ele>
        <time>2020-10-24T12:10:46Z</time>
      </trkpt>
      <trkpt lat="42.872947" lon="-1.845310">
        <ele>658.547</ele>
        <time>2020-10-24T12:10:53Z</time>
      </trkpt>
      <trkpt lat="42.872904" lon="-1.845285">
        <ele>657.911</ele>
        <time>2020-10-24T12:10:56Z</time>
      </trkpt>
      <trkpt lat="42.872862" lon="-1.845258">
        <ele>657.508</ele>
        <time>2020-10-24T12:11:01Z</time>
      </trkpt>
      <trkpt lat="42.872813" lon="-1.845231">
        <ele>657.359</ele>
        <time>2020-10-24T12:11:03Z</time>
      </trkpt>
      <trkpt lat="42.872767" lon="-1.845211">
        <ele>657.443</ele>
        <time>2020-10-24T12:11:06Z</time>
      </trkpt>
      <trkpt lat="42.872721" lon="-1.845179">
        <ele>657.425</ele>
        <time>2020-10-24T12:11:09Z</time>
      </trkpt>
      <trkpt lat="42.872683" lon="-1.845144">
        <ele>657.397</ele>
        <time>2020-10-24T12:11:11Z</time>
      </trkpt>
      <trkpt lat="42.872648" lon="-1.845089">
        <ele>657.334</ele>
        <time>2020-10-24T12:11:13Z</time>
      </trkpt>
      <trkpt lat="42.872620" lon="-1.845037">
        <ele>657.182</ele>
        <time>2020-10-24T12:11:15Z</time>
      </trkpt>
      <trkpt lat="42.872586" lon="-1.844994">
        <ele>656.752</ele>
        <time>2020-10-24T12:11:18Z</time>
      </trkpt>
      <trkpt lat="42.872539" lon="-1.844973">
        <ele>656.466</ele>
        <time>2020-10-24T12:11:22Z</time>
      </trkpt>
      <trkpt lat="42.872495" lon="-1.844946">
        <ele>655.766</ele>
        <time>2020-10-24T12:11:25Z</time>
      </trkpt>
      <trkpt lat="42.872454" lon="-1.844905">
        <ele>654.529</ele>
        <time>2020-10-24T12:11:29Z</time>
      </trkpt>
      <trkpt lat="42.872415" lon="-1.844872">
        <ele>653.521</ele>
        <time>2020-10-24T12:11:33Z</time>
      </trkpt>
      <trkpt lat="42.872372" lon="-1.844828">
        <ele>652.508</ele>
        <time>2020-10-24T12:11:36Z</time>
      </trkpt>
      <trkpt lat="42.872332" lon="-1.844793">
        <ele>650.891</ele>
        <time>2020-10-24T12:11:42Z</time>
      </trkpt>
      <trkpt lat="42.872292" lon="-1.844762">
        <ele>649.265</ele>
        <time>2020-10-24T12:11:45Z</time>
      </trkpt>
      <trkpt lat="42.872254" lon="-1.844724">
        <ele>648.117</ele>
        <time>2020-10-24T12:11:47Z</time>
      </trkpt>
      <trkpt lat="42.872217" lon="-1.844683">
        <ele>647.469</ele>
        <time>2020-10-24T12:11:52Z</time>
      </trkpt>
      <trkpt lat="42.872175" lon="-1.844649">
        <ele>647.266</ele>
        <time>2020-10-24T12:11:55Z</time>
      </trkpt>
      <trkpt lat="42.872128" lon="-1.844613">
        <ele>647.364</ele>
        <time>2020-10-24T12:11:58Z</time>
      </trkpt>
      <trkpt lat="42.872081" lon="-1.844587">
        <ele>647.424</ele>
        <time>2020-10-24T12:12:01Z</time>
      </trkpt>
      <trkpt lat="42.872038" lon="-1.844552">
        <ele>647.798</ele>
        <time>2020-10-24T12:12:05Z</time>
      </trkpt>
      <trkpt lat="42.871997" lon="-1.844510">
        <ele>647.844</ele>
        <time>2020-10-24T12:12:09Z</time>
      </trkpt>
      <trkpt lat="42.871955" lon="-1.844475">
        <ele>647.505</ele>
        <time>2020-10-24T12:12:11Z</time>
      </trkpt>
      <trkpt lat="42.871915" lon="-1.844437">
        <ele>647.315</ele>
        <time>2020-10-24T12:12:14Z</time>
      </trkpt>
      <trkpt lat="42.871870" lon="-1.844399">
        <ele>647.108</ele>
        <time>2020-10-24T12:12:17Z</time>
      </trkpt>
      <trkpt lat="42.871820" lon="-1.844365">
        <ele>646.719</ele>
        <time>2020-10-24T12:12:21Z</time>
      </trkpt>
      <trkpt lat="42.871781" lon="-1.844335">
        <ele>646.053</ele>
        <time>2020-10-24T12:12:24Z</time>
      </trkpt>
      <trkpt lat="42.871781" lon="-1.844335">
        <ele>646.025</ele>
        <time>2020-10-24T12:12:24Z</time>
      </trkpt>
      <trkpt lat="42.871726" lon="-1.844299">
        <ele>645.667</ele>
        <time>2020-10-24T12:12:28Z</time>
      </trkpt>
      <trkpt lat="42.871681" lon="-1.844256">
        <ele>645.424</ele>
        <time>2020-10-24T12:12:32Z</time>
      </trkpt>
      <trkpt lat="42.871630" lon="-1.844219">
        <ele>645.472</ele>
        <time>2020-10-24T12:12:35Z</time>
      </trkpt>
      <trkpt lat="42.871591" lon="-1.844174">
        <ele>645.452</ele>
        <time>2020-10-24T12:12:39Z</time>
      </trkpt>
      <trkpt lat="42.871550" lon="-1.844129">
        <ele>645.066</ele>
        <time>2020-10-24T12:12:42Z</time>
      </trkpt>
      <trkpt lat="42.871506" lon="-1.844098">
        <ele>644.555</ele>
        <time>2020-10-24T12:12:45Z</time>
      </trkpt>
      <trkpt lat="42.871465" lon="-1.844056">
        <ele>643.907</ele>
        <time>2020-10-24T12:12:49Z</time>
      </trkpt>
      <trkpt lat="42.871427" lon="-1.844021">
        <ele>643.317</ele>
        <time>2020-10-24T12:12:53Z</time>
      </trkpt>
      <trkpt lat="42.871396" lon="-1.843970">
        <ele>642.608</ele>
        <time>2020-10-24T12:12:56Z</time>
      </trkpt>
      <trkpt lat="42.871357" lon="-1.843909">
        <ele>642.580</ele>
        <time>2020-10-24T12:13:00Z</time>
      </trkpt>
      <trkpt lat="42.871322" lon="-1.843859">
        <ele>642.554</ele>
        <time>2020-10-24T12:13:04Z</time>
      </trkpt>
      <trkpt lat="42.871288" lon="-1.843819">
        <ele>642.446</ele>
        <time>2020-10-24T12:13:06Z</time>
      </trkpt>
      <trkpt lat="42.871236" lon="-1.843791">
        <ele>641.838</ele>
        <time>2020-10-24T12:13:10Z</time>
      </trkpt>
      <trkpt lat="42.871215" lon="-1.843726">
        <ele>640.715</ele>
        <time>2020-10-24T12:13:14Z</time>
      </trkpt>
      <trkpt lat="42.871198" lon="-1.843663">
        <ele>639.683</ele>
        <time>2020-10-24T12:13:17Z</time>
      </trkpt>
      <trkpt lat="42.871179" lon="-1.843603">
        <ele>638.633</ele>
        <time>2020-10-24T12:13:21Z</time>
      </trkpt>
      <trkpt lat="42.871153" lon="-1.843551">
        <ele>638.027</ele>
        <time>2020-10-24T12:13:25Z</time>
      </trkpt>
      <trkpt lat="42.871126" lon="-1.843495">
        <ele>637.583</ele>
        <time>2020-10-24T12:13:28Z</time>
      </trkpt>
      <trkpt lat="42.871099" lon="-1.843433">
        <ele>637.125</ele>
        <time>2020-10-24T12:13:30Z</time>
      </trkpt>
      <trkpt lat="42.871070" lon="-1.843368">
        <ele>637.217</ele>
        <time>2020-10-24T12:13:34Z</time>
      </trkpt>
      <trkpt lat="42.871032" lon="-1.843329">
        <ele>637.408</ele>
        <time>2020-10-24T12:13:37Z</time>
      </trkpt>
      <trkpt lat="42.870983" lon="-1.843300">
        <ele>638.673</ele>
        <time>2020-10-24T12:13:40Z</time>
      </trkpt>
      <trkpt lat="42.870943" lon="-1.843269">
        <ele>639.927</ele>
        <time>2020-10-24T12:13:43Z</time>
      </trkpt>
      <trkpt lat="42.870895" lon="-1.843256">
        <ele>642.099</ele>
        <time>2020-10-24T12:13:47Z</time>
      </trkpt>
      <trkpt lat="42.870847" lon="-1.843246">
        <ele>643.961</ele>
        <time>2020-10-24T12:13:52Z</time>
      </trkpt>
      <trkpt lat="42.870787" lon="-1.843244">
        <ele>645.068</ele>
        <time>2020-10-24T12:13:55Z</time>
      </trkpt>
      <trkpt lat="42.870742" lon="-1.843247">
        <ele>645.776</ele>
        <time>2020-10-24T12:13:57Z</time>
      </trkpt>
      <trkpt lat="42.870685" lon="-1.843250">
        <ele>646.146</ele>
        <time>2020-10-24T12:14:00Z</time>
      </trkpt>
      <trkpt lat="42.870636" lon="-1.843233">
        <ele>646.080</ele>
        <time>2020-10-24T12:14:03Z</time>
      </trkpt>
      <trkpt lat="42.870576" lon="-1.843240">
        <ele>646.042</ele>
        <time>2020-10-24T12:14:08Z</time>
      </trkpt>
      <trkpt lat="42.870527" lon="-1.843235">
        <ele>646.022</ele>
        <time>2020-10-24T12:14:11Z</time>
      </trkpt>
      <trkpt lat="42.870478" lon="-1.843203">
        <ele>646.014</ele>
        <time>2020-10-24T12:14:15Z</time>
      </trkpt>
      <trkpt lat="42.870439" lon="-1.843163">
        <ele>646.408</ele>
        <time>2020-10-24T12:14:18Z</time>
      </trkpt>
      <trkpt lat="42.870387" lon="-1.843144">
        <ele>646.239</ele>
        <time>2020-10-24T12:14:21Z</time>
      </trkpt>
      <trkpt lat="42.870333" lon="-1.843130">
        <ele>645.083</ele>
        <time>2020-10-24T12:14:25Z</time>
      </trkpt>
      <trkpt lat="42.870283" lon="-1.843110">
        <ele>643.165</ele>
        <time>2020-10-24T12:14:28Z</time>
      </trkpt>
      <trkpt lat="42.870243" lon="-1.843081">
        <ele>640.957</ele>
        <time>2020-10-24T12:14:31Z</time>
      </trkpt>
      <trkpt lat="42.870034" lon="-1.842899">
        <ele>623.264</ele>
        <time>2020-10-24T12:14:52Z</time>
      </trkpt>
      <trkpt lat="42.869982" lon="-1.842845">
        <ele>623.392</ele>
        <time>2020-10-24T12:14:56Z</time>
      </trkpt>
      <trkpt lat="42.869939" lon="-1.842814">
        <ele>623.082</ele>
        <time>2020-10-24T12:15:01Z</time>
      </trkpt>
      <trkpt lat="42.869875" lon="-1.842776">
        <ele>622.766</ele>
        <time>2020-10-24T12:15:05Z</time>
      </trkpt>
      <trkpt lat="42.869832" lon="-1.842738">
        <ele>622.477</ele>
        <time>2020-10-24T12:15:07Z</time>
      </trkpt>
      <trkpt lat="42.869791" lon="-1.842703">
        <ele>622.261</ele>
        <time>2020-10-24T12:15:09Z</time>
      </trkpt>
      <trkpt lat="42.869745" lon="-1.842644">
        <ele>622.027</ele>
        <time>2020-10-24T12:15:11Z</time>
      </trkpt>
      <trkpt lat="42.869704" lon="-1.842600">
        <ele>622.008</ele>
        <time>2020-10-24T12:15:15Z</time>
      </trkpt>
      <trkpt lat="42.869664" lon="-1.842547">
        <ele>622.292</ele>
        <time>2020-10-24T12:15:19Z</time>
      </trkpt>
      <trkpt lat="42.869621" lon="-1.842503">
        <ele>622.286</ele>
        <time>2020-10-24T12:15:23Z</time>
      </trkpt>
      <trkpt lat="42.869580" lon="-1.842463">
        <ele>622.798</ele>
        <time>2020-10-24T12:15:29Z</time>
      </trkpt>
      <trkpt lat="42.869523" lon="-1.842425">
        <ele>623.330</ele>
        <time>2020-10-24T12:15:33Z</time>
      </trkpt>
      <trkpt lat="42.869480" lon="-1.842397">
        <ele>623.797</ele>
        <time>2020-10-24T12:15:35Z</time>
      </trkpt>
      <trkpt lat="42.869437" lon="-1.842351">
        <ele>623.855</ele>
        <time>2020-10-24T12:15:37Z</time>
      </trkpt>
      <trkpt lat="42.869398" lon="-1.842311">
        <ele>623.475</ele>
        <time>2020-10-24T12:15:40Z</time>
      </trkpt>
      <trkpt lat="42.869360" lon="-1.842269">
        <ele>622.469</ele>
        <time>2020-10-24T12:15:43Z</time>
      </trkpt>
      <trkpt lat="42.869311" lon="-1.842225">
        <ele>621.216</ele>
        <time>2020-10-24T12:15:46Z</time>
      </trkpt>
      <trkpt lat="42.869273" lon="-1.842189">
        <ele>620.076</ele>
        <time>2020-10-24T12:15:50Z</time>
      </trkpt>
      <trkpt lat="42.869235" lon="-1.842141">
        <ele>619.113</ele>
        <time>2020-10-24T12:15:53Z</time>
      </trkpt>
      <trkpt lat="42.869191" lon="-1.842087">
        <ele>617.908</ele>
        <time>2020-10-24T12:15:58Z</time>
      </trkpt>
      <trkpt lat="42.869145" lon="-1.842036">
        <ele>617.046</ele>
        <time>2020-10-24T12:16:02Z</time>
      </trkpt>
      <trkpt lat="42.869110" lon="-1.841993">
        <ele>616.410</ele>
        <time>2020-10-24T12:16:04Z</time>
      </trkpt>
      <trkpt lat="42.869061" lon="-1.841944">
        <ele>616.112</ele>
        <time>2020-10-24T12:16:09Z</time>
      </trkpt>
      <trkpt lat="42.869019" lon="-1.841921">
        <ele>615.544</ele>
        <time>2020-10-24T12:16:12Z</time>
      </trkpt>
      <trkpt lat="42.868978" lon="-1.841893">
        <ele>614.781</ele>
        <time>2020-10-24T12:16:14Z</time>
      </trkpt>
      <trkpt lat="42.868944" lon="-1.841851">
        <ele>613.529</ele>
        <time>2020-10-24T12:16:17Z</time>
      </trkpt>
      <trkpt lat="42.868905" lon="-1.841787">
        <ele>611.999</ele>
        <time>2020-10-24T12:16:21Z</time>
      </trkpt>
      <trkpt lat="42.868859" lon="-1.841742">
        <ele>610.193</ele>
        <time>2020-10-24T12:16:25Z</time>
      </trkpt>
      <trkpt lat="42.868817" lon="-1.841698">
        <ele>608.113</ele>
        <time>2020-10-24T12:16:29Z</time>
      </trkpt>
      <trkpt lat="42.868775" lon="-1.841659">
        <ele>606.543</ele>
        <time>2020-10-24T12:16:33Z</time>
      </trkpt>
      <trkpt lat="42.868746" lon="-1.841598">
        <ele>604.507</ele>
        <time>2020-10-24T12:16:38Z</time>
      </trkpt>
      <trkpt lat="42.868728" lon="-1.841533">
        <ele>602.608</ele>
        <time>2020-10-24T12:16:44Z</time>
      </trkpt>
      <trkpt lat="42.868664" lon="-1.841433">
        <ele>601.176</ele>
        <time>2020-10-24T12:16:48Z</time>
      </trkpt>
      <trkpt lat="42.868636" lon="-1.841381">
        <ele>600.340</ele>
        <time>2020-10-24T12:16:51Z</time>
      </trkpt>
      <trkpt lat="42.868611" lon="-1.841322">
        <ele>599.762</ele>
        <time>2020-10-24T12:16:54Z</time>
      </trkpt>
      <trkpt lat="42.868578" lon="-1.841264">
        <ele>599.254</ele>
        <time>2020-10-24T12:16:57Z</time>
      </trkpt>
      <trkpt lat="42.868530" lon="-1.841222">
        <ele>598.971</ele>
        <time>2020-10-24T12:17:00Z</time>
      </trkpt>
      <trkpt lat="42.868482" lon="-1.841188">
        <ele>598.979</ele>
        <time>2020-10-24T12:17:02Z</time>
      </trkpt>
      <trkpt lat="42.868425" lon="-1.841155">
        <ele>598.929</ele>
        <time>2020-10-24T12:17:06Z</time>
      </trkpt>
      <trkpt lat="42.868384" lon="-1.841125">
        <ele>598.743</ele>
        <time>2020-10-24T12:17:10Z</time>
      </trkpt>
      <trkpt lat="42.868352" lon="-1.841078">
        <ele>598.037</ele>
        <time>2020-10-24T12:17:13Z</time>
      </trkpt>
      <trkpt lat="42.868313" lon="-1.841032">
        <ele>596.849</ele>
        <time>2020-10-24T12:17:16Z</time>
      </trkpt>
      <trkpt lat="42.868269" lon="-1.840995">
        <ele>596.113</ele>
        <time>2020-10-24T12:17:19Z</time>
      </trkpt>
      <trkpt lat="42.868230" lon="-1.840959">
        <ele>596.208</ele>
        <time>2020-10-24T12:17:22Z</time>
      </trkpt>
      <trkpt lat="42.868187" lon="-1.840929">
        <ele>596.688</ele>
        <time>2020-10-24T12:17:25Z</time>
      </trkpt>
      <trkpt lat="42.868142" lon="-1.840916">
        <ele>597.442</ele>
        <time>2020-10-24T12:17:29Z</time>
      </trkpt>
      <trkpt lat="42.868102" lon="-1.840878">
        <ele>598.274</ele>
        <time>2020-10-24T12:17:34Z</time>
      </trkpt>
      <trkpt lat="42.868061" lon="-1.840840">
        <ele>598.786</ele>
        <time>2020-10-24T12:17:37Z</time>
      </trkpt>
      <trkpt lat="42.868015" lon="-1.840806">
        <ele>598.653</ele>
        <time>2020-10-24T12:17:40Z</time>
      </trkpt>
      <trkpt lat="42.867974" lon="-1.840771">
        <ele>598.311</ele>
        <time>2020-10-24T12:17:43Z</time>
      </trkpt>
      <trkpt lat="42.867933" lon="-1.840733">
        <ele>597.631</ele>
        <time>2020-10-24T12:17:45Z</time>
      </trkpt>
      <trkpt lat="42.867902" lon="-1.840686">
        <ele>596.645</ele>
        <time>2020-10-24T12:17:48Z</time>
      </trkpt>
      <trkpt lat="42.867865" lon="-1.840617">
        <ele>595.789</ele>
        <time>2020-10-24T12:17:51Z</time>
      </trkpt>
      <trkpt lat="42.867840" lon="-1.840564">
        <ele>595.206</ele>
        <time>2020-10-24T12:17:54Z</time>
      </trkpt>
      <trkpt lat="42.867816" lon="-1.840499">
        <ele>594.526</ele>
        <time>2020-10-24T12:17:58Z</time>
      </trkpt>
      <trkpt lat="42.867805" lon="-1.840422">
        <ele>593.908</ele>
        <time>2020-10-24T12:18:02Z</time>
      </trkpt>
      <trkpt lat="42.867785" lon="-1.840366">
        <ele>593.643</ele>
        <time>2020-10-24T12:18:06Z</time>
      </trkpt>
      <trkpt lat="42.867774" lon="-1.840280">
        <ele>592.467</ele>
        <time>2020-10-24T12:18:12Z</time>
      </trkpt>
      <trkpt lat="42.867772" lon="-1.840217">
        <ele>592.419</ele>
        <time>2020-10-24T12:18:14Z</time>
      </trkpt>
      <trkpt lat="42.867770" lon="-1.840144">
        <ele>592.261</ele>
        <time>2020-10-24T12:18:17Z</time>
      </trkpt>
      <trkpt lat="42.867747" lon="-1.840091">
        <ele>591.628</ele>
        <time>2020-10-24T12:18:20Z</time>
      </trkpt>
      <trkpt lat="42.867704" lon="-1.840052">
        <ele>591.076</ele>
        <time>2020-10-24T12:18:23Z</time>
      </trkpt>
      <trkpt lat="42.867673" lon="-1.839999">
        <ele>590.946</ele>
        <time>2020-10-24T12:18:27Z</time>
      </trkpt>
      <trkpt lat="42.867641" lon="-1.839947">
        <ele>591.360</ele>
        <time>2020-10-24T12:18:29Z</time>
      </trkpt>
      <trkpt lat="42.867597" lon="-1.839906">
        <ele>591.799</ele>
        <time>2020-10-24T12:18:33Z</time>
      </trkpt>
      <trkpt lat="42.867555" lon="-1.839865">
        <ele>591.907</ele>
        <time>2020-10-24T12:18:37Z</time>
      </trkpt>
      <trkpt lat="42.867527" lon="-1.839804">
        <ele>591.927</ele>
        <time>2020-10-24T12:18:40Z</time>
      </trkpt>
      <trkpt lat="42.867473" lon="-1.839780">
        <ele>592.008</ele>
        <time>2020-10-24T12:18:44Z</time>
      </trkpt>
      <trkpt lat="42.867422" lon="-1.839784">
        <ele>591.954</ele>
        <time>2020-10-24T12:18:47Z</time>
      </trkpt>
      <trkpt lat="42.867359" lon="-1.839783">
        <ele>591.538</ele>
        <time>2020-10-24T12:18:50Z</time>
      </trkpt>
      <trkpt lat="42.867312" lon="-1.839778">
        <ele>589.780</ele>
        <time>2020-10-24T12:18:55Z</time>
      </trkpt>
      <trkpt lat="42.867265" lon="-1.839771">
        <ele>588.282</ele>
        <time>2020-10-24T12:18:58Z</time>
      </trkpt>
      <trkpt lat="42.867217" lon="-1.839758">
        <ele>586.669</ele>
        <time>2020-10-24T12:19:02Z</time>
      </trkpt>
      <trkpt lat="42.867170" lon="-1.839737">
        <ele>585.187</ele>
        <time>2020-10-24T12:19:07Z</time>
      </trkpt>
      <trkpt lat="42.867124" lon="-1.839713">
        <ele>584.027</ele>
        <time>2020-10-24T12:19:11Z</time>
      </trkpt>
      <trkpt lat="42.867076" lon="-1.839694">
        <ele>583.361</ele>
        <time>2020-10-24T12:19:14Z</time>
      </trkpt>
      <trkpt lat="42.867031" lon="-1.839680">
        <ele>582.642</ele>
        <time>2020-10-24T12:19:16Z</time>
      </trkpt>
      <trkpt lat="42.866984" lon="-1.839676">
        <ele>581.422</ele>
        <time>2020-10-24T12:19:20Z</time>
      </trkpt>
      <trkpt lat="42.866935" lon="-1.839648">
        <ele>580.114</ele>
        <time>2020-10-24T12:19:23Z</time>
      </trkpt>
      <trkpt lat="42.866892" lon="-1.839616">
        <ele>578.708</ele>
        <time>2020-10-24T12:19:27Z</time>
      </trkpt>
      <trkpt lat="42.866856" lon="-1.839569">
        <ele>577.479</ele>
        <time>2020-10-24T12:19:30Z</time>
      </trkpt>
      <trkpt lat="42.866824" lon="-1.839518">
        <ele>576.133</ele>
        <time>2020-10-24T12:19:34Z</time>
      </trkpt>
      <trkpt lat="42.866786" lon="-1.839469">
        <ele>575.415</ele>
        <time>2020-10-24T12:19:38Z</time>
      </trkpt>
      <trkpt lat="42.866765" lon="-1.839404">
        <ele>574.887</ele>
        <time>2020-10-24T12:19:42Z</time>
      </trkpt>
      <trkpt lat="42.866735" lon="-1.839353">
        <ele>574.394</ele>
        <time>2020-10-24T12:19:45Z</time>
      </trkpt>
      <trkpt lat="42.866702" lon="-1.839299">
        <ele>573.962</ele>
        <time>2020-10-24T12:19:48Z</time>
      </trkpt>
      <trkpt lat="42.866681" lon="-1.839244">
        <ele>573.632</ele>
        <time>2020-10-24T12:19:51Z</time>
      </trkpt>
      <trkpt lat="42.866655" lon="-1.839186">
        <ele>573.636</ele>
        <time>2020-10-24T12:19:54Z</time>
      </trkpt>
      <trkpt lat="42.866648" lon="-1.839112">
        <ele>574.286</ele>
        <time>2020-10-24T12:19:57Z</time>
      </trkpt>
      <trkpt lat="42.866631" lon="-1.839054">
        <ele>575.060</ele>
        <time>2020-10-24T12:20:00Z</time>
      </trkpt>
      <trkpt lat="42.866592" lon="-1.839009">
        <ele>575.726</ele>
        <time>2020-10-24T12:20:03Z</time>
      </trkpt>
      <trkpt lat="42.866563" lon="-1.838949">
        <ele>576.608</ele>
        <time>2020-10-24T12:20:08Z</time>
      </trkpt>
      <trkpt lat="42.866547" lon="-1.838889">
        <ele>577.523</ele>
        <time>2020-10-24T12:20:11Z</time>
      </trkpt>
      <trkpt lat="42.866526" lon="-1.838823">
        <ele>578.457</ele>
        <time>2020-10-24T12:20:14Z</time>
      </trkpt>
      <trkpt lat="42.866498" lon="-1.838761">
        <ele>579.089</ele>
        <time>2020-10-24T12:20:17Z</time>
      </trkpt>
      <trkpt lat="42.866472" lon="-1.838706">
        <ele>579.651</ele>
        <time>2020-10-24T12:20:20Z</time>
      </trkpt>
      <trkpt lat="42.866441" lon="-1.838653">
        <ele>579.298</ele>
        <time>2020-10-24T12:20:22Z</time>
      </trkpt>
      <trkpt lat="42.866405" lon="-1.838597">
        <ele>578.516</ele>
        <time>2020-10-24T12:20:26Z</time>
      </trkpt>
      <trkpt lat="42.866352" lon="-1.838565">
        <ele>578.046</ele>
        <time>2020-10-24T12:20:31Z</time>
      </trkpt>
      <trkpt lat="42.866306" lon="-1.838515">
        <ele>577.690</ele>
        <time>2020-10-24T12:20:34Z</time>
      </trkpt>
      <trkpt lat="42.866277" lon="-1.838461">
        <ele>577.491</ele>
        <time>2020-10-24T12:20:37Z</time>
      </trkpt>
      <trkpt lat="42.866253" lon="-1.838406">
        <ele>577.281</ele>
        <time>2020-10-24T12:20:40Z</time>
      </trkpt>
      <trkpt lat="42.866221" lon="-1.838357">
        <ele>576.619</ele>
        <time>2020-10-24T12:20:43Z</time>
      </trkpt>
      <trkpt lat="42.866182" lon="-1.838303">
        <ele>575.608</ele>
        <time>2020-10-24T12:20:47Z</time>
      </trkpt>
      <trkpt lat="42.866148" lon="-1.838262">
        <ele>574.654</ele>
        <time>2020-10-24T12:20:50Z</time>
      </trkpt>
      <trkpt lat="42.866109" lon="-1.838208">
        <ele>573.348</ele>
        <time>2020-10-24T12:20:53Z</time>
      </trkpt>
      <trkpt lat="42.866083" lon="-1.838149">
        <ele>572.010</ele>
        <time>2020-10-24T12:20:57Z</time>
      </trkpt>
      <trkpt lat="42.866041" lon="-1.838105">
        <ele>570.992</ele>
        <time>2020-10-24T12:21:01Z</time>
      </trkpt>
      <trkpt lat="42.865999" lon="-1.838067">
        <ele>569.599</ele>
        <time>2020-10-24T12:21:05Z</time>
      </trkpt>
      <trkpt lat="42.865958" lon="-1.838020">
        <ele>568.367</ele>
        <time>2020-10-24T12:21:08Z</time>
      </trkpt>
      <trkpt lat="42.865909" lon="-1.837972">
        <ele>567.137</ele>
        <time>2020-10-24T12:21:12Z</time>
      </trkpt>
      <trkpt lat="42.865867" lon="-1.837927">
        <ele>566.581</ele>
        <time>2020-10-24T12:21:15Z</time>
      </trkpt>
      <trkpt lat="42.865835" lon="-1.837876">
        <ele>566.276</ele>
        <time>2020-10-24T12:21:19Z</time>
      </trkpt>
      <trkpt lat="42.865801" lon="-1.837835">
        <ele>566.090</ele>
        <time>2020-10-24T12:21:21Z</time>
      </trkpt>
      <trkpt lat="42.865763" lon="-1.837786">
        <ele>565.819</ele>
        <time>2020-10-24T12:21:24Z</time>
      </trkpt>
      <trkpt lat="42.865714" lon="-1.837731">
        <ele>565.408</ele>
        <time>2020-10-24T12:21:27Z</time>
      </trkpt>
      <trkpt lat="42.865669" lon="-1.837710">
        <ele>565.142</ele>
        <time>2020-10-24T12:21:30Z</time>
      </trkpt>
      <trkpt lat="42.865627" lon="-1.837689">
        <ele>564.646</ele>
        <time>2020-10-24T12:21:34Z</time>
      </trkpt>
      <trkpt lat="42.865568" lon="-1.837707">
        <ele>564.128</ele>
        <time>2020-10-24T12:21:38Z</time>
      </trkpt>
      <trkpt lat="42.865519" lon="-1.837719">
        <ele>563.820</ele>
        <time>2020-10-24T12:21:41Z</time>
      </trkpt>
      <trkpt lat="42.865468" lon="-1.837731">
        <ele>563.597</ele>
        <time>2020-10-24T12:21:45Z</time>
      </trkpt>
      <trkpt lat="42.865417" lon="-1.837711">
        <ele>562.485</ele>
        <time>2020-10-24T12:21:50Z</time>
      </trkpt>
      <trkpt lat="42.865366" lon="-1.837704">
        <ele>561.185</ele>
        <time>2020-10-24T12:21:53Z</time>
      </trkpt>
      <trkpt lat="42.865295" lon="-1.837684">
        <ele>559.759</ele>
        <time>2020-10-24T12:21:58Z</time>
      </trkpt>
      <trkpt lat="42.865242" lon="-1.837675">
        <ele>558.453</ele>
        <time>2020-10-24T12:22:01Z</time>
      </trkpt>
      <trkpt lat="42.865185" lon="-1.837666">
        <ele>556.404</ele>
        <time>2020-10-24T12:22:04Z</time>
      </trkpt>
      <trkpt lat="42.865129" lon="-1.837664">
        <ele>554.514</ele>
        <time>2020-10-24T12:22:07Z</time>
      </trkpt>
      <trkpt lat="42.865081" lon="-1.837662">
        <ele>551.908</ele>
        <time>2020-10-24T12:22:09Z</time>
      </trkpt>
      <trkpt lat="42.865047" lon="-1.837619">
        <ele>548.420</ele>
        <time>2020-10-24T12:22:14Z</time>
      </trkpt>
      <trkpt lat="42.865010" lon="-1.837572">
        <ele>545.134</ele>
        <time>2020-10-24T12:22:18Z</time>
      </trkpt>
      <trkpt lat="42.864990" lon="-1.837515">
        <ele>542.776</ele>
        <time>2020-10-24T12:22:20Z</time>
      </trkpt>
      <trkpt lat="42.864951" lon="-1.837457">
        <ele>540.898</ele>
        <time>2020-10-24T12:22:24Z</time>
      </trkpt>
      <trkpt lat="42.864904" lon="-1.837439">
        <ele>539.055</ele>
        <time>2020-10-24T12:22:30Z</time>
      </trkpt>
      <trkpt lat="42.864854" lon="-1.837427">
        <ele>537.843</ele>
        <time>2020-10-24T12:22:34Z</time>
      </trkpt>
      <trkpt lat="42.864800" lon="-1.837397">
        <ele>537.213</ele>
        <time>2020-10-24T12:22:37Z</time>
      </trkpt>
      <trkpt lat="42.864740" lon="-1.837383">
        <ele>536.467</ele>
        <time>2020-10-24T12:22:39Z</time>
      </trkpt>
      <trkpt lat="42.864695" lon="-1.837374">
        <ele>535.713</ele>
        <time>2020-10-24T12:22:41Z</time>
      </trkpt>
      <trkpt lat="42.864649" lon="-1.837378">
        <ele>533.843</ele>
        <time>2020-10-24T12:22:48Z</time>
      </trkpt>
      <trkpt lat="42.864596" lon="-1.837376">
        <ele>532.307</ele>
        <time>2020-10-24T12:22:50Z</time>
      </trkpt>
      <trkpt lat="42.864556" lon="-1.837342">
        <ele>530.908</ele>
        <time>2020-10-24T12:22:53Z</time>
      </trkpt>
      <trkpt lat="42.864524" lon="-1.837299">
        <ele>529.986</ele>
        <time>2020-10-24T12:22:56Z</time>
      </trkpt>
      <trkpt lat="42.864485" lon="-1.837256">
        <ele>529.170</ele>
        <time>2020-10-24T12:23:01Z</time>
      </trkpt>
      <trkpt lat="42.864389" lon="-1.837225">
        <ele>528.092</ele>
        <time>2020-10-24T12:23:15Z</time>
      </trkpt>
      <trkpt lat="42.864340" lon="-1.837210">
        <ele>528.034</ele>
        <time>2020-10-24T12:23:17Z</time>
      </trkpt>
      <trkpt lat="42.864262" lon="-1.837194">
        <ele>528.021</ele>
        <time>2020-10-24T12:23:19Z</time>
      </trkpt>
      <trkpt lat="42.864156" lon="-1.837180">
        <ele>528.099</ele>
        <time>2020-10-24T12:23:21Z</time>
      </trkpt>
      <trkpt lat="42.864094" lon="-1.837174">
        <ele>532.099</ele>
        <time>2020-10-24T12:23:23Z</time>
      </trkpt>
      <trkpt lat="42.864040" lon="-1.837152">
        <ele>536.063</ele>
        <time>2020-10-24T12:23:26Z</time>
      </trkpt>
      <trkpt lat="42.864004" lon="-1.837108">
        <ele>540.011</ele>
        <time>2020-10-24T12:23:32Z</time>
      </trkpt>
      <trkpt lat="42.863961" lon="-1.837131">
        <ele>544.021</ele>
        <time>2020-10-24T12:23:35Z</time>
      </trkpt>
      <trkpt lat="42.863916" lon="-1.837139">
        <ele>548.003</ele>
        <time>2020-10-24T12:23:39Z</time>
      </trkpt>
      <trkpt lat="42.863799" lon="-1.837181">
        <ele>583.108</ele>
        <time>2020-10-24T12:23:55Z</time>
      </trkpt>
      <trkpt lat="42.863799" lon="-1.837181">
        <ele>583.126</ele>
        <time>2020-10-24T12:23:55Z</time>
      </trkpt>
      <trkpt lat="42.863750" lon="-1.837184">
        <ele>585.020</ele>
        <time>2020-10-24T12:23:58Z</time>
      </trkpt>
      <trkpt lat="42.863702" lon="-1.837161">
        <ele>586.892</ele>
        <time>2020-10-24T12:24:04Z</time>
      </trkpt>
      <trkpt lat="42.863702" lon="-1.837161">
        <ele>586.894</ele>
        <time>2020-10-24T12:24:04Z</time>
      </trkpt>
      <trkpt lat="42.863646" lon="-1.837110">
        <ele>587.491</ele>
        <time>2020-10-24T12:24:08Z</time>
      </trkpt>
      <trkpt lat="42.863646" lon="-1.837110">
        <ele>587.439</ele>
        <time>2020-10-24T12:24:08Z</time>
      </trkpt>
      <trkpt lat="42.863600" lon="-1.837072">
        <ele>587.579</ele>
        <time>2020-10-24T12:24:12Z</time>
      </trkpt>
      <trkpt lat="42.863556" lon="-1.837036">
        <ele>587.623</ele>
        <time>2020-10-24T12:24:15Z</time>
      </trkpt>
      <trkpt lat="42.863513" lon="-1.836981">
        <ele>587.712</ele>
        <time>2020-10-24T12:24:20Z</time>
      </trkpt>
      <trkpt lat="42.863488" lon="-1.836926">
        <ele>587.732</ele>
        <time>2020-10-24T12:24:23Z</time>
      </trkpt>
      <trkpt lat="42.863477" lon="-1.836866">
        <ele>587.705</ele>
        <time>2020-10-24T12:24:26Z</time>
      </trkpt>
      <trkpt lat="42.863473" lon="-1.836797">
        <ele>587.708</ele>
        <time>2020-10-24T12:24:29Z</time>
      </trkpt>
      <trkpt lat="42.863480" lon="-1.836734">
        <ele>587.746</ele>
        <time>2020-10-24T12:24:32Z</time>
      </trkpt>
      <trkpt lat="42.863496" lon="-1.836666">
        <ele>587.740</ele>
        <time>2020-10-24T12:24:36Z</time>
      </trkpt>
      <trkpt lat="42.863527" lon="-1.836608">
        <ele>587.742</ele>
        <time>2020-10-24T12:24:40Z</time>
      </trkpt>
      <trkpt lat="42.863555" lon="-1.836556">
        <ele>587.764</ele>
        <time>2020-10-24T12:24:45Z</time>
      </trkpt>
      <trkpt lat="42.863549" lon="-1.836482">
        <ele>587.781</ele>
        <time>2020-10-24T12:24:50Z</time>
      </trkpt>
      <trkpt lat="42.863553" lon="-1.836406">
        <ele>587.729</ele>
        <time>2020-10-24T12:24:54Z</time>
      </trkpt>
      <trkpt lat="42.863580" lon="-1.836339">
        <ele>587.729</ele>
        <time>2020-10-24T12:24:56Z</time>
      </trkpt>
      <trkpt lat="42.863576" lon="-1.836265">
        <ele>587.763</ele>
        <time>2020-10-24T12:25:00Z</time>
      </trkpt>
      <trkpt lat="42.863555" lon="-1.836194">
        <ele>587.758</ele>
        <time>2020-10-24T12:25:04Z</time>
      </trkpt>
      <trkpt lat="42.863537" lon="-1.836132">
        <ele>587.752</ele>
        <time>2020-10-24T12:25:08Z</time>
      </trkpt>
      <trkpt lat="42.863529" lon="-1.836057">
        <ele>587.717</ele>
        <time>2020-10-24T12:25:12Z</time>
      </trkpt>
      <trkpt lat="42.863508" lon="-1.835989">
        <ele>583.708</ele>
        <time>2020-10-24T12:25:16Z</time>
      </trkpt>
      <trkpt lat="42.863480" lon="-1.835940">
        <ele>579.750</ele>
        <time>2020-10-24T12:25:19Z</time>
      </trkpt>
      <trkpt lat="42.863455" lon="-1.835877">
        <ele>575.724</ele>
        <time>2020-10-24T12:25:22Z</time>
      </trkpt>
      <trkpt lat="42.863426" lon="-1.835827">
        <ele>571.796</ele>
        <time>2020-10-24T12:25:28Z</time>
      </trkpt>
      <trkpt lat="42.863392" lon="-1.835764">
        <ele>567.728</ele>
        <time>2020-10-24T12:25:32Z</time>
      </trkpt>
      <trkpt lat="42.863367" lon="-1.835704">
        <ele>563.715</ele>
        <time>2020-10-24T12:25:35Z</time>
      </trkpt>
      <trkpt lat="42.863332" lon="-1.835658">
        <ele>559.753</ele>
        <time>2020-10-24T12:25:38Z</time>
      </trkpt>
      <trkpt lat="42.863301" lon="-1.835602">
        <ele>555.753</ele>
        <time>2020-10-24T12:25:41Z</time>
      </trkpt>
      <trkpt lat="42.863271" lon="-1.835555">
        <ele>551.737</ele>
        <time>2020-10-24T12:25:52Z</time>
      </trkpt>
      <trkpt lat="42.863223" lon="-1.835522">
        <ele>543.781</ele>
        <time>2020-10-24T12:25:54Z</time>
      </trkpt>
      <trkpt lat="42.863223" lon="-1.835522">
        <ele>543.761</ele>
        <time>2020-10-24T12:25:54Z</time>
      </trkpt>
    </trkseg>
  </trk></gpx>