<?xml version="1.0" encoding="UTF-8"?>
<gpx creator="Wikiloc - https://www.wikiloc.com" version="1.1" xmlns="http://www.topografix.com/GPX/1/1" xmlns:xsi="http://www.w3.org/2001/XMLSchema-instance" xsi:schemaLocation="http://www.topografix.com/GPX/1/1 http://www.topografix.com/GPX/1/1/gpx.xsd">
  <metadata>
    <name>Wikiloc - ⛰️ DULANTZ 1243 m desde VENTA ZUNBELTZ</name>
    <author>
      <name>RUTAS por el MONTE BLOG</name>
      <link href="https://www.wikiloc.com/wikiloc/user.do?id=4600824">
        <text>RUTAS por el MONTE BLOG on Wikiloc</text>
      </link>
    </author>
    <link href="https://www.wikiloc.com/hiking-trails/dulantz-1243-m-desde-venta-zunbeltz-69099602">
      <text>⛰️ DULANTZ 1243 m desde VENTA ZUNBELTZ on Wikiloc</text>
    </link>
    <time>2021-03-29T12:39:24Z</time>
  </metadata>
  <wpt lat="42.820648" lon="-2.027621">
    <ele>852.7</ele>
    <time>2021-03-29T10:02:55Z</time>
    <name>Zunbeltz</name>
    <cmt></cmt>
    <desc></desc>
  </wpt>
  <wpt lat="42.819619" lon="-2.028233">
    <ele>856.1</ele>
    <time>2021-03-29T10:10:01Z</time>
    <name>Cruzar vallado paso habilitado y derecha</name>
    <cmt>Cruzar vallado paso habilitado y derecha</cmt>
    <desc>Cruzar vallado paso habilitado y derecha</desc>
  </wpt>
  <wpt lat="42.817568" lon="-2.028935">
    <ele>884.6</ele>
    <time>2021-03-29T10:14:34Z</time>
    <name>Izquierda</name>
    <cmt></cmt>
    <desc></desc>
  </wpt>
  <wpt lat="42.813494" lon="-2.028088">
    <ele>964.7</ele>
    <time>2021-03-29T10:22:04Z</time>
    <name>Prado</name>
    <cmt></cmt>
    <desc></desc>
  </wpt>
  <wpt lat="42.811317" lon="-2.030243">
    <ele>994.4</ele>
    <time>2021-03-29T10:27:43Z</time>
    <name>Marca</name>
    <cmt></cmt>
    <desc></desc>
  </wpt>
  <wpt lat="42.810881" lon="-2.030992">
    <ele>1009.1</ele>
    <time>2021-03-29T10:29:00Z</time>
    <name>Bosque</name>
    <cmt></cmt>
    <desc></desc>
  </wpt>
  <wpt lat="42.808285" lon="-2.035500">
    <ele>1064.3</ele>
    <time>2021-03-29T10:38:09Z</time>
    <name>Mojón de piedras</name>
    <cmt></cmt>
    <desc></desc>
  </wpt>
  <wpt lat="42.806229" lon="-2.036532">
    <ele>1110.3</ele>
    <time>2021-03-29T10:42:17Z</time>
    <name>Cruzar portón</name>
    <cmt></cmt>
    <desc></desc>
  </wpt>
  <wpt lat="42.804991" lon="-2.036645">
    <ele>1111.3</ele>
    <time>2021-03-29T10:45:54Z</time>
    <name>Poste indicativo derecha Dulantz 1'9 km</name>
    <cmt></cmt>
    <desc></desc>
  </wpt>
  <wpt lat="42.806233" lon="-2.039354">
    <ele>1156.3</ele>
    <time>2021-03-29T10:52:53Z</time>
    <name>Marca PR</name>
    <cmt></cmt>
    <desc></desc>
  </wpt>
  <wpt lat="42.806562" lon="-2.041564">
    <ele>1156.1</ele>
    <time>2021-03-29T10:57:28Z</time>
    <name>Dulantz 15 minutos</name>
    <cmt></cmt>
    <desc></desc>
  </wpt>
  <wpt lat="42.806353" lon="-2.042583">
    <ele>1161.5</ele>
    <time>2021-03-29T10:59:24Z</time>
    <name>Poste Dulantz recto</name>
    <cmt></cmt>
    <desc></desc>
  </wpt>
  <wpt lat="42.805384" lon="-2.043818">
    <ele>1174.1</ele>
    <time>2021-03-29T11:05:43Z</time>
    <name>Marca PR</name>
    <cmt></cmt>
    <desc></desc>
  </wpt>
  <wpt lat="42.803321" lon="-2.044406">
    <ele>1191.7</ele>
    <time>2021-03-29T11:10:23Z</time>
    <name>Izquierda opcional alto de la Nevera</name>
    <cmt></cmt>
    <desc></desc>
  </wpt>
  <wpt lat="42.803479" lon="-2.042229">
    <ele>1209.1</ele>
    <time>2021-03-29T11:13:53Z</time>
    <name>Alto de la Nevera</name>
    <cmt></cmt>
    <desc></desc>
  </wpt>
  <wpt lat="42.802346" lon="-2.045363">
    <ele>1191.4</ele>
    <time>2021-03-29T11:22:13Z</time>
    <name>Marca PR</name>
    <cmt></cmt>
    <desc></desc>
  </wpt>
  <wpt lat="42.798120" lon="-2.046467">
    <ele>1214.4</ele>
    <time>2021-03-29T11:29:40Z</time>
    <name>Derecha</name>
    <cmt></cmt>
    <desc></desc>
  </wpt>
  <wpt lat="42.799118" lon="-2.047236">
    <ele>1238.2</ele>
    <time>2021-03-29T11:32:48Z</time>
    <name>Dulantz</name>
    <cmt></cmt>
    <desc></desc>
  </wpt>
  <wpt lat="42.799016" lon="-2.047750">
    <ele>1239.3</ele>
    <time>2021-03-29T11:39:18Z</time>
    <name>Vértice geodésico</name>
    <cmt></cmt>
    <desc></desc>
  </wpt>
  <wpt lat="42.798678" lon="-2.048503">
    <ele>1233.4</ele>
    <time>2021-03-29T11:43:52Z</time>
    <name>Cruzar muro de piedra paso habilitado</name>
    <cmt></cmt>
    <desc></desc>
  </wpt>
  <wpt lat="42.798670" lon="-2.048869">
    <ele>1227.8</ele>
    <time>2021-03-29T11:46:30Z</time>
    <name>Derecha poste Lizarraga</name>
    <cmt></cmt>
    <desc></desc>
  </wpt>
  <wpt lat="42.800199" lon="-2.049566">
    <ele>1227.2</ele>
    <time>2021-03-29T11:51:41Z</time>
    <name>Derecha mojón de piedras</name>
    <cmt></cmt>
    <desc></desc>
  </wpt>
  <wpt lat="42.800615" lon="-2.048909">
    <ele>1226.3</ele>
    <time>2021-03-29T11:52:49Z</time>
    <name>Baliza GR282</name>
    <cmt></cmt>
    <desc></desc>
  </wpt>
  <wpt lat="42.803197" lon="-2.047950">
    <ele>1213.4</ele>
    <time>2021-03-29T11:59:19Z</time>
    <name>Marca BTT</name>
    <cmt></cmt>
    <desc></desc>
  </wpt>
  <wpt lat="42.805634" lon="-2.045643">
    <ele>1174.4</ele>
    <time>2021-03-29T12:03:56Z</time>
    <name>Derecha hacia muro de piedra abandonar Marcas BTT</name>
    <cmt></cmt>
    <desc></desc>
  </wpt>
  <wpt lat="42.805976" lon="-2.044378">
    <ele>1172.2</ele>
    <time>2021-03-29T12:06:11Z</time>
    <name>Ruinas</name>
    <cmt></cmt>
    <desc></desc>
  </wpt>
  <wpt lat="42.806758" lon="-2.043315">
    <ele>1169.4</ele>
    <time>2021-03-29T12:07:51Z</time>
    <name>Poste indicativo derecha y cruzar portón</name>
    <cmt></cmt>
    <desc></desc>
  </wpt>
  <wpt lat="42.806574" lon="-2.042768">
    <ele>1166.8</ele>
    <time>2021-03-29T12:10:11Z</time>
    <name>Cruzar portón conexión con camino de ida</name>
    <cmt></cmt>
    <desc></desc>
  </wpt>
  <trk>
    <name>⛰️ DULANTZ 1243 m desde VENTA ZUNBELTZ</name>
    <cmt>&lt;iframe height="315" src="https://www.youtube.com/embed/j6TzzN9V7CU"&gt;&lt;/iframe&gt; 
 
Sencilla ruta de ida y vuelta con un tramo circular a la cima más alta de Urbasa, Dulantz, de 1243 m de altura. 
 
Es una ruta fácil de seguir partiendo desde las ruinas de la Venta Zunbeltz, donde aparcamos al lado de la carretera, en una explanada. Durante el primer tramo seguiremos una pista muy marcada, con puntos amarillos y mojones de piedras que nos guían. 
Posteriormente conectaremos con el PR marcado con pintura amarilla y blanca, que nos llevará hasta Dulantz. Haremos un desvío de ida y vuelta para coronar el alto de la Nevera, con preciosas vistas de San Donato. 
 
Tras este desvío volveremos al PR que nos llevará hasta la cima de Dulantz. Las vistas desde arriba son preciosas y junto al vértice geodésico hay un panel con una panorámica y con los nombres de todas las montañas que se ven desde aquí. 
 
Para el descenso seguiremos el GR282 en dirección Lizarraga y el camino de BTT. Hay algún tramo de sendero difuminado, pero hay balizas que nos irán guiando de vez en cuando. Cerca de un edificio en ruinas nos desviaremos del camino BTT siguiendo la línea marcada por un bonito muro de piedra y conectaremos finalmente con el camino de ida. Desde ese punto desandaremos los pasos de la subida y bajaremos hasta el coche.</cmt>
    <desc>&lt;iframe height="315" src="https://www.youtube.com/embed/j6TzzN9V7CU"&gt;&lt;/iframe&gt; 
 
Sencilla ruta de ida y vuelta con un tramo circular a la cima más alta de Urbasa, Dulantz, de 1243 m de altura. 
 
Es una ruta fácil de seguir partiendo desde las ruinas de la Venta Zunbeltz, donde aparcamos al lado de la carretera, en una explanada. Durante el primer tramo seguiremos una pista muy marcada, con puntos amarillos y mojones de piedras que nos guían. 
Posteriormente conectaremos con el PR marcado con pintura amarilla y blanca, que nos llevará hasta Dulantz. Haremos un desvío de ida y vuelta para coronar el alto de la Nevera, con preciosas vistas de San Donato. 
 
Tras este desvío volveremos al PR que nos llevará hasta la cima de Dulantz. Las vistas desde arriba son preciosas y junto al vértice geodésico hay un panel con una panorámica y con los nombres de todas las montañas que se ven desde aquí. 
 
Para el descenso seguiremos el GR282 en dirección Lizarraga y el camino de BTT. Hay algún tramo de sendero difuminado, pero hay balizas que nos irán guiando de vez en cuando. Cerca de un edificio en ruinas nos desviaremos del camino BTT siguiendo la línea marcada por un bonito muro de piedra y conectaremos finalmente con el camino de ida. Desde ese punto desandaremos los pasos de la subida y bajaremos hasta el coche.</desc>
    <trkseg>
      <trkpt lat="42.820648" lon="-2.027621">
        <ele>853.875</ele>
        <time>2021-03-29T10:02:39Z</time>
      </trkpt>
      <trkpt lat="42.820648" lon="-2.027621">
        <ele>853.828</ele>
        <time>2021-03-29T10:02:39Z</time>
      </trkpt>
      <trkpt lat="42.820596" lon="-2.027607">
        <ele>853.120</ele>
        <time>2021-03-29T10:03:34Z</time>
      </trkpt>
      <trkpt lat="42.820549" lon="-2.027597">
        <ele>852.708</ele>
        <time>2021-03-29T10:03:48Z</time>
      </trkpt>
      <trkpt lat="42.820539" lon="-2.027658">
        <ele>854.023</ele>
        <time>2021-03-29T10:06:46Z</time>
      </trkpt>
      <trkpt lat="42.820506" lon="-2.027705">
        <ele>854.926</ele>
        <time>2021-03-29T10:06:59Z</time>
      </trkpt>
      <trkpt lat="42.820480" lon="-2.027756">
        <ele>854.447</ele>
        <time>2021-03-29T10:07:25Z</time>
      </trkpt>
      <trkpt lat="42.820474" lon="-2.027820">
        <ele>853.886</ele>
        <time>2021-03-29T10:07:43Z</time>
      </trkpt>
      <trkpt lat="42.820475" lon="-2.027883">
        <ele>853.516</ele>
        <time>2021-03-29T10:07:47Z</time>
      </trkpt>
      <trkpt lat="42.820480" lon="-2.027961">
        <ele>853.963</ele>
        <time>2021-03-29T10:08:00Z</time>
      </trkpt>
      <trkpt lat="42.820471" lon="-2.028037">
        <ele>853.767</ele>
        <time>2021-03-29T10:08:04Z</time>
      </trkpt>
      <trkpt lat="42.820455" lon="-2.028098">
        <ele>853.249</ele>
        <time>2021-03-29T10:08:07Z</time>
      </trkpt>
      <trkpt lat="42.820423" lon="-2.028143">
        <ele>852.795</ele>
        <time>2021-03-29T10:08:11Z</time>
      </trkpt>
      <trkpt lat="42.820376" lon="-2.028168">
        <ele>851.549</ele>
        <time>2021-03-29T10:08:15Z</time>
      </trkpt>
      <trkpt lat="42.820341" lon="-2.028229">
        <ele>852.223</ele>
        <time>2021-03-29T10:08:46Z</time>
      </trkpt>
      <trkpt lat="42.820305" lon="-2.028271">
        <ele>853.508</ele>
        <time>2021-03-29T10:08:49Z</time>
      </trkpt>
      <trkpt lat="42.820269" lon="-2.028313">
        <ele>853.795</ele>
        <time>2021-03-29T10:08:52Z</time>
      </trkpt>
      <trkpt lat="42.820235" lon="-2.028372">
        <ele>853.818</ele>
        <time>2021-03-29T10:08:56Z</time>
      </trkpt>
      <trkpt lat="42.820200" lon="-2.028420">
        <ele>853.829</ele>
        <time>2021-03-29T10:09:00Z</time>
      </trkpt>
      <trkpt lat="42.820150" lon="-2.028422">
        <ele>854.828</ele>
        <time>2021-03-29T10:09:03Z</time>
      </trkpt>
      <trkpt lat="42.820092" lon="-2.028435">
        <ele>856.048</ele>
        <time>2021-03-29T10:09:08Z</time>
      </trkpt>
      <trkpt lat="42.820043" lon="-2.028446">
        <ele>856.365</ele>
        <time>2021-03-29T10:09:12Z</time>
      </trkpt>
      <trkpt lat="42.819983" lon="-2.028445">
        <ele>855.339</ele>
        <time>2021-03-29T10:09:17Z</time>
      </trkpt>
      <trkpt lat="42.819940" lon="-2.028425">
        <ele>855.231</ele>
        <time>2021-03-29T10:09:21Z</time>
      </trkpt>
      <trkpt lat="42.819901" lon="-2.028392">
        <ele>855.195</ele>
        <time>2021-03-29T10:09:25Z</time>
      </trkpt>
      <trkpt lat="42.819855" lon="-2.028375">
        <ele>854.449</ele>
        <time>2021-03-29T10:09:30Z</time>
      </trkpt>
      <trkpt lat="42.819797" lon="-2.028354">
        <ele>854.523</ele>
        <time>2021-03-29T10:09:34Z</time>
      </trkpt>
      <trkpt lat="42.819749" lon="-2.028333">
        <ele>854.508</ele>
        <time>2021-03-29T10:09:38Z</time>
      </trkpt>
      <trkpt lat="42.819703" lon="-2.028290">
        <ele>853.825</ele>
        <time>2021-03-29T10:09:43Z</time>
      </trkpt>
      <trkpt lat="42.819665" lon="-2.028251">
        <ele>854.988</ele>
        <time>2021-03-29T10:09:48Z</time>
      </trkpt>
      <trkpt lat="42.819619" lon="-2.028232">
        <ele>856.149</ele>
        <time>2021-03-29T10:09:53Z</time>
      </trkpt>
      <trkpt lat="42.819571" lon="-2.028217">
        <ele>858.528</ele>
        <time>2021-03-29T10:10:54Z</time>
      </trkpt>
      <trkpt lat="42.819517" lon="-2.028244">
        <ele>859.948</ele>
        <time>2021-03-29T10:11:10Z</time>
      </trkpt>
      <trkpt lat="42.819475" lon="-2.028274">
        <ele>860.455</ele>
        <time>2021-03-29T10:11:14Z</time>
      </trkpt>
      <trkpt lat="42.819431" lon="-2.028289">
        <ele>861.419</ele>
        <time>2021-03-29T10:11:18Z</time>
      </trkpt>
      <trkpt lat="42.819385" lon="-2.028289">
        <ele>862.661</ele>
        <time>2021-03-29T10:11:22Z</time>
      </trkpt>
      <trkpt lat="42.819340" lon="-2.028306">
        <ele>863.177</ele>
        <time>2021-03-29T10:11:27Z</time>
      </trkpt>
      <trkpt lat="42.819294" lon="-2.028346">
        <ele>864.361</ele>
        <time>2021-03-29T10:11:32Z</time>
      </trkpt>
      <trkpt lat="42.819255" lon="-2.028393">
        <ele>864.427</ele>
        <time>2021-03-29T10:11:36Z</time>
      </trkpt>
      <trkpt lat="42.819213" lon="-2.028432">
        <ele>864.908</ele>
        <time>2021-03-29T10:11:40Z</time>
      </trkpt>
      <trkpt lat="42.819174" lon="-2.028464">
        <ele>865.073</ele>
        <time>2021-03-29T10:11:44Z</time>
      </trkpt>
      <trkpt lat="42.819133" lon="-2.028495">
        <ele>865.276</ele>
        <time>2021-03-29T10:11:48Z</time>
      </trkpt>
      <trkpt lat="42.819086" lon="-2.028508">
        <ele>866.667</ele>
        <time>2021-03-29T10:11:54Z</time>
      </trkpt>
      <trkpt lat="42.819036" lon="-2.028537">
        <ele>867.366</ele>
        <time>2021-03-29T10:11:59Z</time>
      </trkpt>
      <trkpt lat="42.818994" lon="-2.028566">
        <ele>868.426</ele>
        <time>2021-03-29T10:12:04Z</time>
      </trkpt>
      <trkpt lat="42.818950" lon="-2.028595">
        <ele>868.983</ele>
        <time>2021-03-29T10:12:08Z</time>
      </trkpt>
      <trkpt lat="42.818906" lon="-2.028622">
        <ele>870.477</ele>
        <time>2021-03-29T10:12:11Z</time>
      </trkpt>
      <trkpt lat="42.818859" lon="-2.028637">
        <ele>870.849</ele>
        <time>2021-03-29T10:12:16Z</time>
      </trkpt>
      <trkpt lat="42.818813" lon="-2.028636">
        <ele>872.145</ele>
        <time>2021-03-29T10:12:20Z</time>
      </trkpt>
      <trkpt lat="42.818755" lon="-2.028645">
        <ele>873.947</ele>
        <time>2021-03-29T10:12:26Z</time>
      </trkpt>
      <trkpt lat="42.818707" lon="-2.028650">
        <ele>875.011</ele>
        <time>2021-03-29T10:12:31Z</time>
      </trkpt>
      <trkpt lat="42.818653" lon="-2.028677">
        <ele>876.908</ele>
        <time>2021-03-29T10:12:36Z</time>
      </trkpt>
      <trkpt lat="42.818598" lon="-2.028672">
        <ele>878.330</ele>
        <time>2021-03-29T10:12:41Z</time>
      </trkpt>
      <trkpt lat="42.818553" lon="-2.028666">
        <ele>879.363</ele>
        <time>2021-03-29T10:12:45Z</time>
      </trkpt>
      <trkpt lat="42.818504" lon="-2.028694">
        <ele>878.664</ele>
        <time>2021-03-29T10:12:54Z</time>
      </trkpt>
      <trkpt lat="42.818463" lon="-2.028721">
        <ele>878.673</ele>
        <time>2021-03-29T10:12:58Z</time>
      </trkpt>
      <trkpt lat="42.818418" lon="-2.028741">
        <ele>879.213</ele>
        <time>2021-03-29T10:13:03Z</time>
      </trkpt>
      <trkpt lat="42.818357" lon="-2.028754">
        <ele>878.260</ele>
        <time>2021-03-29T10:13:07Z</time>
      </trkpt>
      <trkpt lat="42.818308" lon="-2.028778">
        <ele>878.364</ele>
        <time>2021-03-29T10:13:10Z</time>
      </trkpt>
      <trkpt lat="42.818263" lon="-2.028805">
        <ele>877.516</ele>
        <time>2021-03-29T10:13:14Z</time>
      </trkpt>
      <trkpt lat="42.818210" lon="-2.028830">
        <ele>879.274</ele>
        <time>2021-03-29T10:13:20Z</time>
      </trkpt>
      <trkpt lat="42.818165" lon="-2.028849">
        <ele>879.856</ele>
        <time>2021-03-29T10:13:24Z</time>
      </trkpt>
      <trkpt lat="42.818118" lon="-2.028856">
        <ele>879.821</ele>
        <time>2021-03-29T10:13:28Z</time>
      </trkpt>
      <trkpt lat="42.818061" lon="-2.028860">
        <ele>879.808</ele>
        <time>2021-03-29T10:13:32Z</time>
      </trkpt>
      <trkpt lat="42.818013" lon="-2.028863">
        <ele>880.043</ele>
        <time>2021-03-29T10:13:36Z</time>
      </trkpt>
      <trkpt lat="42.817963" lon="-2.028871">
        <ele>880.076</ele>
        <time>2021-03-29T10:13:41Z</time>
      </trkpt>
      <trkpt lat="42.817914" lon="-2.028884">
        <ele>881.267</ele>
        <time>2021-03-29T10:13:47Z</time>
      </trkpt>
      <trkpt lat="42.817871" lon="-2.028906">
        <ele>881.126</ele>
        <time>2021-03-29T10:13:59Z</time>
      </trkpt>
      <trkpt lat="42.817822" lon="-2.028924">
        <ele>879.596</ele>
        <time>2021-03-29T10:14:04Z</time>
      </trkpt>
      <trkpt lat="42.817772" lon="-2.028929">
        <ele>879.763</ele>
        <time>2021-03-29T10:14:08Z</time>
      </trkpt>
      <trkpt lat="42.817721" lon="-2.028935">
        <ele>880.387</ele>
        <time>2021-03-29T10:14:12Z</time>
      </trkpt>
      <trkpt lat="42.817670" lon="-2.028919">
        <ele>881.389</ele>
        <time>2021-03-29T10:14:15Z</time>
      </trkpt>
      <trkpt lat="42.817617" lon="-2.028915">
        <ele>883.184</ele>
        <time>2021-03-29T10:14:18Z</time>
      </trkpt>
      <trkpt lat="42.817568" lon="-2.028934">
        <ele>884.907</ele>
        <time>2021-03-29T10:14:24Z</time>
      </trkpt>
      <trkpt lat="42.817526" lon="-2.028957">
        <ele>885.617</ele>
        <time>2021-03-29T10:14:50Z</time>
      </trkpt>
      <trkpt lat="42.817478" lon="-2.028954">
        <ele>888.908</ele>
        <time>2021-03-29T10:15:02Z</time>
      </trkpt>
      <trkpt lat="42.817427" lon="-2.028947">
        <ele>890.234</ele>
        <time>2021-03-29T10:15:06Z</time>
      </trkpt>
      <trkpt lat="42.817381" lon="-2.028937">
        <ele>891.897</ele>
        <time>2021-03-29T10:15:10Z</time>
      </trkpt>
      <trkpt lat="42.817332" lon="-2.028920">
        <ele>893.238</ele>
        <time>2021-03-29T10:15:14Z</time>
      </trkpt>
      <trkpt lat="42.817284" lon="-2.028911">
        <ele>893.897</ele>
        <time>2021-03-29T10:15:18Z</time>
      </trkpt>
      <trkpt lat="42.817239" lon="-2.028905">
        <ele>895.357</ele>
        <time>2021-03-29T10:15:22Z</time>
      </trkpt>
      <trkpt lat="42.817194" lon="-2.028903">
        <ele>896.214</ele>
        <time>2021-03-29T10:15:26Z</time>
      </trkpt>
      <trkpt lat="42.817149" lon="-2.028893">
        <ele>897.168</ele>
        <time>2021-03-29T10:15:30Z</time>
      </trkpt>
      <trkpt lat="42.817101" lon="-2.028883">
        <ele>897.720</ele>
        <time>2021-03-29T10:15:34Z</time>
      </trkpt>
      <trkpt lat="42.817052" lon="-2.028853">
        <ele>898.724</ele>
        <time>2021-03-29T10:15:38Z</time>
      </trkpt>
      <trkpt lat="42.817010" lon="-2.028818">
        <ele>899.004</ele>
        <time>2021-03-29T10:15:42Z</time>
      </trkpt>
      <trkpt lat="42.816967" lon="-2.028788">
        <ele>900.614</ele>
        <time>2021-03-29T10:15:47Z</time>
      </trkpt>
      <trkpt lat="42.816919" lon="-2.028775">
        <ele>901.808</ele>
        <time>2021-03-29T10:15:52Z</time>
      </trkpt>
      <trkpt lat="42.816871" lon="-2.028758">
        <ele>903.868</ele>
        <time>2021-03-29T10:15:57Z</time>
      </trkpt>
      <trkpt lat="42.816828" lon="-2.028723">
        <ele>905.041</ele>
        <time>2021-03-29T10:16:02Z</time>
      </trkpt>
      <trkpt lat="42.816799" lon="-2.028671">
        <ele>906.672</ele>
        <time>2021-03-29T10:16:07Z</time>
      </trkpt>
      <trkpt lat="42.816786" lon="-2.028605">
        <ele>907.911</ele>
        <time>2021-03-29T10:16:12Z</time>
      </trkpt>
      <trkpt lat="42.816762" lon="-2.028551">
        <ele>909.221</ele>
        <time>2021-03-29T10:16:18Z</time>
      </trkpt>
      <trkpt lat="42.816725" lon="-2.028514">
        <ele>910.728</ele>
        <time>2021-03-29T10:16:24Z</time>
      </trkpt>
      <trkpt lat="42.816680" lon="-2.028479">
        <ele>912.532</ele>
        <time>2021-03-29T10:16:29Z</time>
      </trkpt>
      <trkpt lat="42.816639" lon="-2.028440">
        <ele>913.764</ele>
        <time>2021-03-29T10:16:33Z</time>
      </trkpt>
      <trkpt lat="42.816586" lon="-2.028407">
        <ele>914.528</ele>
        <time>2021-03-29T10:16:38Z</time>
      </trkpt>
      <trkpt lat="42.816544" lon="-2.028376">
        <ele>915.989</ele>
        <time>2021-03-29T10:16:43Z</time>
      </trkpt>
      <trkpt lat="42.816503" lon="-2.028335">
        <ele>917.717</ele>
        <time>2021-03-29T10:16:48Z</time>
      </trkpt>
      <trkpt lat="42.816462" lon="-2.028301">
        <ele>919.308</ele>
        <time>2021-03-29T10:16:53Z</time>
      </trkpt>
      <trkpt lat="42.816420" lon="-2.028266">
        <ele>921.148</ele>
        <time>2021-03-29T10:16:58Z</time>
      </trkpt>
      <trkpt lat="42.816374" lon="-2.028226">
        <ele>922.081</ele>
        <time>2021-03-29T10:17:05Z</time>
      </trkpt>
      <trkpt lat="42.816327" lon="-2.028218">
        <ele>922.962</ele>
        <time>2021-03-29T10:17:10Z</time>
      </trkpt>
      <trkpt lat="42.816283" lon="-2.028193">
        <ele>924.671</ele>
        <time>2021-03-29T10:17:16Z</time>
      </trkpt>
      <trkpt lat="42.816242" lon="-2.028162">
        <ele>926.091</ele>
        <time>2021-03-29T10:17:22Z</time>
      </trkpt>
      <trkpt lat="42.816190" lon="-2.028136">
        <ele>927.778</ele>
        <time>2021-03-29T10:17:28Z</time>
      </trkpt>
      <trkpt lat="42.816141" lon="-2.028139">
        <ele>929.112</ele>
        <time>2021-03-29T10:17:34Z</time>
      </trkpt>
      <trkpt lat="42.816088" lon="-2.028132">
        <ele>930.694</ele>
        <time>2021-03-29T10:17:41Z</time>
      </trkpt>
      <trkpt lat="42.816043" lon="-2.028119">
        <ele>931.971</ele>
        <time>2021-03-29T10:17:45Z</time>
      </trkpt>
      <trkpt lat="42.815991" lon="-2.028112">
        <ele>932.641</ele>
        <time>2021-03-29T10:17:50Z</time>
      </trkpt>
      <trkpt lat="42.815943" lon="-2.028105">
        <ele>933.415</ele>
        <time>2021-03-29T10:17:54Z</time>
      </trkpt>
      <trkpt lat="42.815896" lon="-2.028111">
        <ele>934.608</ele>
        <time>2021-03-29T10:17:58Z</time>
      </trkpt>
      <trkpt lat="42.815848" lon="-2.028120">
        <ele>936.233</ele>
        <time>2021-03-29T10:18:02Z</time>
      </trkpt>
      <trkpt lat="42.815799" lon="-2.028122">
        <ele>937.186</ele>
        <time>2021-03-29T10:18:07Z</time>
      </trkpt>
      <trkpt lat="42.815752" lon="-2.028129">
        <ele>937.737</ele>
        <time>2021-03-29T10:18:12Z</time>
      </trkpt>
      <trkpt lat="42.815706" lon="-2.028131">
        <ele>938.236</ele>
        <time>2021-03-29T10:18:16Z</time>
      </trkpt>
      <trkpt lat="42.815653" lon="-2.028110">
        <ele>937.596</ele>
        <time>2021-03-29T10:18:20Z</time>
      </trkpt>
      <trkpt lat="42.815605" lon="-2.028102">
        <ele>938.963</ele>
        <time>2021-03-29T10:18:25Z</time>
      </trkpt>
      <trkpt lat="42.815558" lon="-2.028088">
        <ele>938.897</ele>
        <time>2021-03-29T10:18:30Z</time>
      </trkpt>
      <trkpt lat="42.815512" lon="-2.028083">
        <ele>939.549</ele>
        <time>2021-03-29T10:18:34Z</time>
      </trkpt>
      <trkpt lat="42.815461" lon="-2.028085">
        <ele>939.111</ele>
        <time>2021-03-29T10:18:39Z</time>
      </trkpt>
      <trkpt lat="42.815412" lon="-2.028086">
        <ele>939.821</ele>
        <time>2021-03-29T10:18:44Z</time>
      </trkpt>
      <trkpt lat="42.815361" lon="-2.028083">
        <ele>940.003</ele>
        <time>2021-03-29T10:18:49Z</time>
      </trkpt>
      <trkpt lat="42.815309" lon="-2.028083">
        <ele>940.208</ele>
        <time>2021-03-29T10:18:54Z</time>
      </trkpt>
      <trkpt lat="42.815260" lon="-2.028084">
        <ele>940.347</ele>
        <time>2021-03-29T10:18:59Z</time>
      </trkpt>
      <trkpt lat="42.815206" lon="-2.028090">
        <ele>941.170</ele>
        <time>2021-03-29T10:19:03Z</time>
      </trkpt>
      <trkpt lat="42.815159" lon="-2.028083">
        <ele>941.881</ele>
        <time>2021-03-29T10:19:07Z</time>
      </trkpt>
      <trkpt lat="42.815103" lon="-2.028098">
        <ele>942.510</ele>
        <time>2021-03-29T10:19:12Z</time>
      </trkpt>
      <trkpt lat="42.815055" lon="-2.028114">
        <ele>943.480</ele>
        <time>2021-03-29T10:19:17Z</time>
      </trkpt>
      <trkpt lat="42.815007" lon="-2.028122">
        <ele>944.367</ele>
        <time>2021-03-29T10:19:22Z</time>
      </trkpt>
      <trkpt lat="42.814957" lon="-2.028130">
        <ele>944.541</ele>
        <time>2021-03-29T10:19:27Z</time>
      </trkpt>
      <trkpt lat="42.814911" lon="-2.028151">
        <ele>945.113</ele>
        <time>2021-03-29T10:19:32Z</time>
      </trkpt>
      <trkpt lat="42.814868" lon="-2.028167">
        <ele>945.194</ele>
        <time>2021-03-29T10:19:36Z</time>
      </trkpt>
      <trkpt lat="42.814819" lon="-2.028176">
        <ele>945.357</ele>
        <time>2021-03-29T10:19:41Z</time>
      </trkpt>
      <trkpt lat="42.814772" lon="-2.028179">
        <ele>945.122</ele>
        <time>2021-03-29T10:19:45Z</time>
      </trkpt>
      <trkpt lat="42.814722" lon="-2.028182">
        <ele>945.008</ele>
        <time>2021-03-29T10:19:49Z</time>
      </trkpt>
      <trkpt lat="42.814680" lon="-2.028204">
        <ele>945.385</ele>
        <time>2021-03-29T10:19:53Z</time>
      </trkpt>
      <trkpt lat="42.814631" lon="-2.028225">
        <ele>945.238</ele>
        <time>2021-03-29T10:19:58Z</time>
      </trkpt>
      <trkpt lat="42.814577" lon="-2.028240">
        <ele>946.739</ele>
        <time>2021-03-29T10:20:03Z</time>
      </trkpt>
      <trkpt lat="42.814526" lon="-2.028242">
        <ele>948.168</ele>
        <time>2021-03-29T10:20:08Z</time>
      </trkpt>
      <trkpt lat="42.814475" lon="-2.028239">
        <ele>949.768</ele>
        <time>2021-03-29T10:20:13Z</time>
      </trkpt>
      <trkpt lat="42.814431" lon="-2.028251">
        <ele>951.665</ele>
        <time>2021-03-29T10:20:23Z</time>
      </trkpt>
      <trkpt lat="42.814383" lon="-2.028250">
        <ele>952.459</ele>
        <time>2021-03-29T10:20:31Z</time>
      </trkpt>
      <trkpt lat="42.814336" lon="-2.028257">
        <ele>953.431</ele>
        <time>2021-03-29T10:20:36Z</time>
      </trkpt>
      <trkpt lat="42.814286" lon="-2.028269">
        <ele>954.191</ele>
        <time>2021-03-29T10:20:41Z</time>
      </trkpt>
      <trkpt lat="42.814237" lon="-2.028282">
        <ele>955.481</ele>
        <time>2021-03-29T10:20:45Z</time>
      </trkpt>
      <trkpt lat="42.814187" lon="-2.028289">
        <ele>956.819</ele>
        <time>2021-03-29T10:20:49Z</time>
      </trkpt>
      <trkpt lat="42.814132" lon="-2.028295">
        <ele>957.508</ele>
        <time>2021-03-29T10:20:53Z</time>
      </trkpt>
      <trkpt lat="42.814079" lon="-2.028291">
        <ele>957.825</ele>
        <time>2021-03-29T10:20:57Z</time>
      </trkpt>
      <trkpt lat="42.814031" lon="-2.028280">
        <ele>958.138</ele>
        <time>2021-03-29T10:21:01Z</time>
      </trkpt>
      <trkpt lat="42.813986" lon="-2.028254">
        <ele>958.459</ele>
        <time>2021-03-29T10:21:06Z</time>
      </trkpt>
      <trkpt lat="42.813943" lon="-2.028225">
        <ele>959.058</ele>
        <time>2021-03-29T10:21:10Z</time>
      </trkpt>
      <trkpt lat="42.813896" lon="-2.028225">
        <ele>959.978</ele>
        <time>2021-03-29T10:21:14Z</time>
      </trkpt>
      <trkpt lat="42.813839" lon="-2.028204">
        <ele>961.265</ele>
        <time>2021-03-29T10:21:19Z</time>
      </trkpt>
      <trkpt lat="42.813785" lon="-2.028183">
        <ele>961.279</ele>
        <time>2021-03-29T10:21:23Z</time>
      </trkpt>
      <trkpt lat="42.813742" lon="-2.028161">
        <ele>962.651</ele>
        <time>2021-03-29T10:21:28Z</time>
      </trkpt>
      <trkpt lat="42.813692" lon="-2.028137">
        <ele>963.184</ele>
        <time>2021-03-29T10:21:32Z</time>
      </trkpt>
      <trkpt lat="42.813647" lon="-2.028119">
        <ele>964.307</ele>
        <time>2021-03-29T10:21:36Z</time>
      </trkpt>
      <trkpt lat="42.813595" lon="-2.028100">
        <ele>964.217</ele>
        <time>2021-03-29T10:21:40Z</time>
      </trkpt>
      <trkpt lat="42.813548" lon="-2.028093">
        <ele>965.208</ele>
        <time>2021-03-29T10:21:44Z</time>
      </trkpt>
      <trkpt lat="42.813489" lon="-2.028091">
        <ele>965.064</ele>
        <time>2021-03-29T10:21:49Z</time>
      </trkpt>
      <trkpt lat="42.813455" lon="-2.028042">
        <ele>965.057</ele>
        <time>2021-03-29T10:22:22Z</time>
      </trkpt>
      <trkpt lat="42.813451" lon="-2.028105">
        <ele>964.618</ele>
        <time>2021-03-29T10:22:40Z</time>
      </trkpt>
      <trkpt lat="42.813401" lon="-2.028110">
        <ele>965.087</ele>
        <time>2021-03-29T10:23:33Z</time>
      </trkpt>
      <trkpt lat="42.813344" lon="-2.028153">
        <ele>965.147</ele>
        <time>2021-03-29T10:23:37Z</time>
      </trkpt>
      <trkpt lat="42.813298" lon="-2.028181">
        <ele>965.434</ele>
        <time>2021-03-29T10:23:41Z</time>
      </trkpt>
      <trkpt lat="42.813267" lon="-2.028237">
        <ele>966.188</ele>
        <time>2021-03-29T10:23:44Z</time>
      </trkpt>
      <trkpt lat="42.813222" lon="-2.028288">
        <ele>967.460</ele>
        <time>2021-03-29T10:23:48Z</time>
      </trkpt>
      <trkpt lat="42.813185" lon="-2.028325">
        <ele>966.864</ele>
        <time>2021-03-29T10:23:51Z</time>
      </trkpt>
      <trkpt lat="42.813142" lon="-2.028352">
        <ele>966.606</ele>
        <time>2021-03-29T10:23:55Z</time>
      </trkpt>
      <trkpt lat="42.813114" lon="-2.028402">
        <ele>965.716</ele>
        <time>2021-03-29T10:24:00Z</time>
      </trkpt>
      <trkpt lat="42.813089" lon="-2.028459">
        <ele>965.508</ele>
        <time>2021-03-29T10:24:06Z</time>
      </trkpt>
      <trkpt lat="42.813051" lon="-2.028509">
        <ele>966.822</ele>
        <time>2021-03-29T10:24:10Z</time>
      </trkpt>
      <trkpt lat="42.813016" lon="-2.028554">
        <ele>966.655</ele>
        <time>2021-03-29T10:24:13Z</time>
      </trkpt>
      <trkpt lat="42.812978" lon="-2.028592">
        <ele>966.956</ele>
        <time>2021-03-29T10:24:16Z</time>
      </trkpt>
      <trkpt lat="42.812930" lon="-2.028626">
        <ele>967.285</ele>
        <time>2021-03-29T10:24:20Z</time>
      </trkpt>
      <trkpt lat="42.812889" lon="-2.028660">
        <ele>968.375</ele>
        <time>2021-03-29T10:24:24Z</time>
      </trkpt>
      <trkpt lat="42.812850" lon="-2.028710">
        <ele>969.482</ele>
        <time>2021-03-29T10:24:29Z</time>
      </trkpt>
      <trkpt lat="42.812804" lon="-2.028744">
        <ele>970.366</ele>
        <time>2021-03-29T10:24:34Z</time>
      </trkpt>
      <trkpt lat="42.812758" lon="-2.028767">
        <ele>971.818</ele>
        <time>2021-03-29T10:24:39Z</time>
      </trkpt>
      <trkpt lat="42.812710" lon="-2.028815">
        <ele>973.011</ele>
        <time>2021-03-29T10:24:55Z</time>
      </trkpt>
      <trkpt lat="42.812665" lon="-2.028851">
        <ele>973.121</ele>
        <time>2021-03-29T10:24:58Z</time>
      </trkpt>
      <trkpt lat="42.812621" lon="-2.028873">
        <ele>973.803</ele>
        <time>2021-03-29T10:25:02Z</time>
      </trkpt>
      <trkpt lat="42.812586" lon="-2.028918">
        <ele>974.208</ele>
        <time>2021-03-29T10:25:05Z</time>
      </trkpt>
      <trkpt lat="42.812552" lon="-2.028960">
        <ele>974.257</ele>
        <time>2021-03-29T10:25:09Z</time>
      </trkpt>
      <trkpt lat="42.812519" lon="-2.029023">
        <ele>974.820</ele>
        <time>2021-03-29T10:25:14Z</time>
      </trkpt>
      <trkpt lat="42.812476" lon="-2.029068">
        <ele>973.821</ele>
        <time>2021-03-29T10:25:18Z</time>
      </trkpt>
      <trkpt lat="42.812431" lon="-2.029114">
        <ele>973.090</ele>
        <time>2021-03-29T10:25:22Z</time>
      </trkpt>
      <trkpt lat="42.812390" lon="-2.029158">
        <ele>972.210</ele>
        <time>2021-03-29T10:25:27Z</time>
      </trkpt>
      <trkpt lat="42.812342" lon="-2.029193">
        <ele>970.867</ele>
        <time>2021-03-29T10:25:31Z</time>
      </trkpt>
      <trkpt lat="42.812296" lon="-2.029212">
        <ele>970.691</ele>
        <time>2021-03-29T10:25:36Z</time>
      </trkpt>
      <trkpt lat="42.812262" lon="-2.029255">
        <ele>970.773</ele>
        <time>2021-03-29T10:25:40Z</time>
      </trkpt>
      <trkpt lat="42.812232" lon="-2.029304">
        <ele>970.988</ele>
        <time>2021-03-29T10:25:43Z</time>
      </trkpt>
      <trkpt lat="42.812185" lon="-2.029350">
        <ele>971.024</ele>
        <time>2021-03-29T10:25:48Z</time>
      </trkpt>
      <trkpt lat="42.812140" lon="-2.029385">
        <ele>971.926</ele>
        <time>2021-03-29T10:25:52Z</time>
      </trkpt>
      <trkpt lat="42.812099" lon="-2.029412">
        <ele>971.208</ele>
        <time>2021-03-29T10:25:55Z</time>
      </trkpt>
      <trkpt lat="42.812053" lon="-2.029430">
        <ele>971.264</ele>
        <time>2021-03-29T10:25:59Z</time>
      </trkpt>
      <trkpt lat="42.812020" lon="-2.029481">
        <ele>971.687</ele>
        <time>2021-03-29T10:26:04Z</time>
      </trkpt>
      <trkpt lat="42.811986" lon="-2.029533">
        <ele>973.348</ele>
        <time>2021-03-29T10:26:08Z</time>
      </trkpt>
      <trkpt lat="42.811944" lon="-2.029560">
        <ele>974.047</ele>
        <time>2021-03-29T10:26:12Z</time>
      </trkpt>
      <trkpt lat="42.811914" lon="-2.029611">
        <ele>976.157</ele>
        <time>2021-03-29T10:26:16Z</time>
      </trkpt>
      <trkpt lat="42.811873" lon="-2.029657">
        <ele>976.924</ele>
        <time>2021-03-29T10:26:21Z</time>
      </trkpt>
      <trkpt lat="42.811830" lon="-2.029680">
        <ele>976.988</ele>
        <time>2021-03-29T10:26:25Z</time>
      </trkpt>
      <trkpt lat="42.811783" lon="-2.029698">
        <ele>977.730</ele>
        <time>2021-03-29T10:26:30Z</time>
      </trkpt>
      <trkpt lat="42.811748" lon="-2.029739">
        <ele>978.264</ele>
        <time>2021-03-29T10:26:34Z</time>
      </trkpt>
      <trkpt lat="42.811705" lon="-2.029773">
        <ele>979.306</ele>
        <time>2021-03-29T10:26:38Z</time>
      </trkpt>
      <trkpt lat="42.811669" lon="-2.029814">
        <ele>980.816</ele>
        <time>2021-03-29T10:26:42Z</time>
      </trkpt>
      <trkpt lat="42.811640" lon="-2.029861">
        <ele>981.608</ele>
        <time>2021-03-29T10:26:47Z</time>
      </trkpt>
      <trkpt lat="42.811610" lon="-2.029911">
        <ele>983.652</ele>
        <time>2021-03-29T10:26:52Z</time>
      </trkpt>
      <trkpt lat="42.811568" lon="-2.029949">
        <ele>985.685</ele>
        <time>2021-03-29T10:26:57Z</time>
      </trkpt>
      <trkpt lat="42.811522" lon="-2.029970">
        <ele>986.926</ele>
        <time>2021-03-29T10:27:01Z</time>
      </trkpt>
      <trkpt lat="42.811483" lon="-2.030009">
        <ele>988.165</ele>
        <time>2021-03-29T10:27:05Z</time>
      </trkpt>
      <trkpt lat="42.811438" lon="-2.030044">
        <ele>989.395</ele>
        <time>2021-03-29T10:27:10Z</time>
      </trkpt>
      <trkpt lat="42.811403" lon="-2.030090">
        <ele>990.892</ele>
        <time>2021-03-29T10:27:14Z</time>
      </trkpt>
      <trkpt lat="42.811372" lon="-2.030145">
        <ele>993.086</ele>
        <time>2021-03-29T10:27:18Z</time>
      </trkpt>
      <trkpt lat="42.811348" lon="-2.030201">
        <ele>993.768</ele>
        <time>2021-03-29T10:27:23Z</time>
      </trkpt>
      <trkpt lat="42.811314" lon="-2.030247">
        <ele>994.842</ele>
        <time>2021-03-29T10:27:30Z</time>
      </trkpt>
      <trkpt lat="42.811288" lon="-2.030308">
        <ele>996.922</ele>
        <time>2021-03-29T10:27:52Z</time>
      </trkpt>
      <trkpt lat="42.811282" lon="-2.030371">
        <ele>999.014</ele>
        <time>2021-03-29T10:27:57Z</time>
      </trkpt>
      <trkpt lat="42.811251" lon="-2.030423">
        <ele>1002.008</ele>
        <time>2021-03-29T10:28:04Z</time>
      </trkpt>
      <trkpt lat="42.811204" lon="-2.030457">
        <ele>1004.220</ele>
        <time>2021-03-29T10:28:08Z</time>
      </trkpt>
      <trkpt lat="42.811151" lon="-2.030502">
        <ele>1005.583</ele>
        <time>2021-03-29T10:28:12Z</time>
      </trkpt>
      <trkpt lat="42.811109" lon="-2.030546">
        <ele>1006.024</ele>
        <time>2021-03-29T10:28:16Z</time>
      </trkpt>
      <trkpt lat="42.811076" lon="-2.030593">
        <ele>1006.283</ele>
        <time>2021-03-29T10:28:19Z</time>
      </trkpt>
      <trkpt lat="42.811045" lon="-2.030640">
        <ele>1006.323</ele>
        <time>2021-03-29T10:28:22Z</time>
      </trkpt>
      <trkpt lat="42.811014" lon="-2.030705">
        <ele>1006.410</ele>
        <time>2021-03-29T10:28:26Z</time>
      </trkpt>
      <trkpt lat="42.810997" lon="-2.030767">
        <ele>1007.234</ele>
        <time>2021-03-29T10:28:30Z</time>
      </trkpt>
      <trkpt lat="42.810962" lon="-2.030811">
        <ele>1008.226</ele>
        <time>2021-03-29T10:28:34Z</time>
      </trkpt>
      <trkpt lat="42.810922" lon="-2.030867">
        <ele>1009.312</ele>
        <time>2021-03-29T10:28:41Z</time>
      </trkpt>
      <trkpt lat="42.810886" lon="-2.030914">
        <ele>1009.432</ele>
        <time>2021-03-29T10:28:46Z</time>
      </trkpt>
      <trkpt lat="42.810844" lon="-2.030953">
        <ele>1009.905</ele>
        <time>2021-03-29T10:28:52Z</time>
      </trkpt>
      <trkpt lat="42.810880" lon="-2.030997">
        <ele>1009.508</ele>
        <time>2021-03-29T10:29:00Z</time>
      </trkpt>
      <trkpt lat="42.810818" lon="-2.030970">
        <ele>1009.727</ele>
        <time>2021-03-29T10:29:05Z</time>
      </trkpt>
      <trkpt lat="42.810767" lon="-2.030964">
        <ele>1009.790</ele>
        <time>2021-03-29T10:29:07Z</time>
      </trkpt>
      <trkpt lat="42.810720" lon="-2.030989">
        <ele>1008.781</ele>
        <time>2021-03-29T10:29:11Z</time>
      </trkpt>
      <trkpt lat="42.810691" lon="-2.031043">
        <ele>1008.260</ele>
        <time>2021-03-29T10:29:16Z</time>
      </trkpt>
      <trkpt lat="42.810647" lon="-2.031088">
        <ele>1008.660</ele>
        <time>2021-03-29T10:29:21Z</time>
      </trkpt>
      <trkpt lat="42.810605" lon="-2.031138">
        <ele>1008.617</ele>
        <time>2021-03-29T10:29:26Z</time>
      </trkpt>
      <trkpt lat="42.810583" lon="-2.031194">
        <ele>1008.471</ele>
        <time>2021-03-29T10:29:30Z</time>
      </trkpt>
      <trkpt lat="42.810545" lon="-2.031244">
        <ele>1007.853</ele>
        <time>2021-03-29T10:29:34Z</time>
      </trkpt>
      <trkpt lat="42.810505" lon="-2.031280">
        <ele>1007.786</ele>
        <time>2021-03-29T10:29:38Z</time>
      </trkpt>
      <trkpt lat="42.810473" lon="-2.031334">
        <ele>1007.860</ele>
        <time>2021-03-29T10:29:43Z</time>
      </trkpt>
      <trkpt lat="42.810449" lon="-2.031386">
        <ele>1008.326</ele>
        <time>2021-03-29T10:29:48Z</time>
      </trkpt>
      <trkpt lat="42.810402" lon="-2.031403">
        <ele>1008.808</ele>
        <time>2021-03-29T10:29:52Z</time>
      </trkpt>
      <trkpt lat="42.810360" lon="-2.031450">
        <ele>1009.184</ele>
        <time>2021-03-29T10:29:56Z</time>
      </trkpt>
      <trkpt lat="42.810326" lon="-2.031502">
        <ele>1009.947</ele>
        <time>2021-03-29T10:30:00Z</time>
      </trkpt>
      <trkpt lat="42.810296" lon="-2.031548">
        <ele>1011.068</ele>
        <time>2021-03-29T10:30:04Z</time>
      </trkpt>
      <trkpt lat="42.810269" lon="-2.031607">
        <ele>1012.667</ele>
        <time>2021-03-29T10:30:09Z</time>
      </trkpt>
      <trkpt lat="42.810248" lon="-2.031666">
        <ele>1013.847</ele>
        <time>2021-03-29T10:30:13Z</time>
      </trkpt>
      <trkpt lat="42.810218" lon="-2.031723">
        <ele>1016.014</ele>
        <time>2021-03-29T10:30:18Z</time>
      </trkpt>
      <trkpt lat="42.810179" lon="-2.031778">
        <ele>1016.578</ele>
        <time>2021-03-29T10:30:23Z</time>
      </trkpt>
      <trkpt lat="42.810151" lon="-2.031831">
        <ele>1018.940</ele>
        <time>2021-03-29T10:30:27Z</time>
      </trkpt>
      <trkpt lat="42.810116" lon="-2.031870">
        <ele>1019.993</ele>
        <time>2021-03-29T10:30:31Z</time>
      </trkpt>
      <trkpt lat="42.810066" lon="-2.031895">
        <ele>1021.565</ele>
        <time>2021-03-29T10:30:37Z</time>
      </trkpt>
      <trkpt lat="42.810018" lon="-2.031898">
        <ele>1022.221</ele>
        <time>2021-03-29T10:30:43Z</time>
      </trkpt>
      <trkpt lat="42.809987" lon="-2.031954">
        <ele>1023.208</ele>
        <time>2021-03-29T10:30:49Z</time>
      </trkpt>
      <trkpt lat="42.809939" lon="-2.031988">
        <ele>1023.565</ele>
        <time>2021-03-29T10:30:53Z</time>
      </trkpt>
      <trkpt lat="42.809904" lon="-2.032035">
        <ele>1023.268</ele>
        <time>2021-03-29T10:30:58Z</time>
      </trkpt>
      <trkpt lat="42.809881" lon="-2.032091">
        <ele>1023.279</ele>
        <time>2021-03-29T10:32:22Z</time>
      </trkpt>
      <trkpt lat="42.809883" lon="-2.032153">
        <ele>1022.648</ele>
        <time>2021-03-29T10:32:32Z</time>
      </trkpt>
      <trkpt lat="42.809870" lon="-2.032217">
        <ele>1024.218</ele>
        <time>2021-03-29T10:32:36Z</time>
      </trkpt>
      <trkpt lat="42.809840" lon="-2.032290">
        <ele>1024.485</ele>
        <time>2021-03-29T10:32:39Z</time>
      </trkpt>
      <trkpt lat="42.809817" lon="-2.032346">
        <ele>1024.229</ele>
        <time>2021-03-29T10:32:44Z</time>
      </trkpt>
      <trkpt lat="42.809796" lon="-2.032408">
        <ele>1025.271</ele>
        <time>2021-03-29T10:32:49Z</time>
      </trkpt>
      <trkpt lat="42.809774" lon="-2.032464">
        <ele>1025.195</ele>
        <time>2021-03-29T10:32:53Z</time>
      </trkpt>
      <trkpt lat="42.809754" lon="-2.032519">
        <ele>1027.249</ele>
        <time>2021-03-29T10:32:58Z</time>
      </trkpt>
      <trkpt lat="42.809736" lon="-2.032576">
        <ele>1028.523</ele>
        <time>2021-03-29T10:33:01Z</time>
      </trkpt>
      <trkpt lat="42.809716" lon="-2.032634">
        <ele>1029.108</ele>
        <time>2021-03-29T10:33:04Z</time>
      </trkpt>
      <trkpt lat="42.809687" lon="-2.032695">
        <ele>1029.515</ele>
        <time>2021-03-29T10:33:09Z</time>
      </trkpt>
      <trkpt lat="42.809652" lon="-2.032741">
        <ele>1029.568</ele>
        <time>2021-03-29T10:33:14Z</time>
      </trkpt>
      <trkpt lat="42.809645" lon="-2.032806">
        <ele>1029.259</ele>
        <time>2021-03-29T10:33:32Z</time>
      </trkpt>
      <trkpt lat="42.809613" lon="-2.032852">
        <ele>1028.298</ele>
        <time>2021-03-29T10:33:39Z</time>
      </trkpt>
      <trkpt lat="42.809572" lon="-2.032881">
        <ele>1027.488</ele>
        <time>2021-03-29T10:33:42Z</time>
      </trkpt>
      <trkpt lat="42.809534" lon="-2.032915">
        <ele>1027.065</ele>
        <time>2021-03-29T10:33:46Z</time>
      </trkpt>
      <trkpt lat="42.809520" lon="-2.032979">
        <ele>1027.989</ele>
        <time>2021-03-29T10:33:50Z</time>
      </trkpt>
      <trkpt lat="42.809528" lon="-2.033040">
        <ele>1028.031</ele>
        <time>2021-03-29T10:33:55Z</time>
      </trkpt>
      <trkpt lat="42.809528" lon="-2.033107">
        <ele>1028.956</ele>
        <time>2021-03-29T10:34:00Z</time>
      </trkpt>
      <trkpt lat="42.809504" lon="-2.033168">
        <ele>1029.359</ele>
        <time>2021-03-29T10:34:05Z</time>
      </trkpt>
      <trkpt lat="42.809474" lon="-2.033220">
        <ele>1030.514</ele>
        <time>2021-03-29T10:34:09Z</time>
      </trkpt>
      <trkpt lat="42.809445" lon="-2.033269">
        <ele>1031.108</ele>
        <time>2021-03-29T10:34:13Z</time>
      </trkpt>
      <trkpt lat="42.809426" lon="-2.033336">
        <ele>1032.521</ele>
        <time>2021-03-29T10:34:18Z</time>
      </trkpt>
      <trkpt lat="42.809406" lon="-2.033395">
        <ele>1033.844</ele>
        <time>2021-03-29T10:34:23Z</time>
      </trkpt>
      <trkpt lat="42.809385" lon="-2.033452">
        <ele>1035.075</ele>
        <time>2021-03-29T10:34:27Z</time>
      </trkpt>
      <trkpt lat="42.809353" lon="-2.033510">
        <ele>1035.554</ele>
        <time>2021-03-29T10:34:33Z</time>
      </trkpt>
      <trkpt lat="42.809322" lon="-2.033576">
        <ele>1036.914</ele>
        <time>2021-03-29T10:34:39Z</time>
      </trkpt>
      <trkpt lat="42.809288" lon="-2.033623">
        <ele>1037.021</ele>
        <time>2021-03-29T10:34:44Z</time>
      </trkpt>
      <trkpt lat="42.809259" lon="-2.033670">
        <ele>1036.985</ele>
        <time>2021-03-29T10:34:48Z</time>
      </trkpt>
      <trkpt lat="42.809245" lon="-2.033731">
        <ele>1038.277</ele>
        <time>2021-03-29T10:34:52Z</time>
      </trkpt>
      <trkpt lat="42.809226" lon="-2.033789">
        <ele>1039.299</ele>
        <time>2021-03-29T10:34:56Z</time>
      </trkpt>
      <trkpt lat="42.809194" lon="-2.033840">
        <ele>1038.607</ele>
        <time>2021-03-29T10:35:01Z</time>
      </trkpt>
      <trkpt lat="42.809169" lon="-2.033905">
        <ele>1039.527</ele>
        <time>2021-03-29T10:35:06Z</time>
      </trkpt>
      <trkpt lat="42.809156" lon="-2.033969">
        <ele>1040.108</ele>
        <time>2021-03-29T10:35:13Z</time>
      </trkpt>
      <trkpt lat="42.809114" lon="-2.034013">
        <ele>1039.845</ele>
        <time>2021-03-29T10:35:17Z</time>
      </trkpt>
      <trkpt lat="42.809071" lon="-2.034049">
        <ele>1039.368</ele>
        <time>2021-03-29T10:35:23Z</time>
      </trkpt>
      <trkpt lat="42.809022" lon="-2.034080">
        <ele>1039.879</ele>
        <time>2021-03-29T10:35:29Z</time>
      </trkpt>
      <trkpt lat="42.808985" lon="-2.034131">
        <ele>1040.218</ele>
        <time>2021-03-29T10:35:35Z</time>
      </trkpt>
      <trkpt lat="42.808962" lon="-2.034185">
        <ele>1040.268</ele>
        <time>2021-03-29T10:35:40Z</time>
      </trkpt>
      <trkpt lat="42.808938" lon="-2.034246">
        <ele>1039.745</ele>
        <time>2021-03-29T10:35:45Z</time>
      </trkpt>
      <trkpt lat="42.808915" lon="-2.034304">
        <ele>1040.419</ele>
        <time>2021-03-29T10:35:50Z</time>
      </trkpt>
      <trkpt lat="42.808894" lon="-2.034360">
        <ele>1041.881</ele>
        <time>2021-03-29T10:35:55Z</time>
      </trkpt>
      <trkpt lat="42.808908" lon="-2.034425">
        <ele>1041.779</ele>
        <time>2021-03-29T10:36:03Z</time>
      </trkpt>
      <trkpt lat="42.808885" lon="-2.034505">
        <ele>1044.005</ele>
        <time>2021-03-29T10:36:15Z</time>
      </trkpt>
      <trkpt lat="42.808842" lon="-2.034549">
        <ele>1043.925</ele>
        <time>2021-03-29T10:36:19Z</time>
      </trkpt>
      <trkpt lat="42.808800" lon="-2.034590">
        <ele>1045.308</ele>
        <time>2021-03-29T10:36:24Z</time>
      </trkpt>
      <trkpt lat="42.808760" lon="-2.034633">
        <ele>1046.343</ele>
        <time>2021-03-29T10:36:28Z</time>
      </trkpt>
      <trkpt lat="42.808722" lon="-2.034674">
        <ele>1046.116</ele>
        <time>2021-03-29T10:36:32Z</time>
      </trkpt>
      <trkpt lat="42.808688" lon="-2.034720">
        <ele>1047.087</ele>
        <time>2021-03-29T10:36:37Z</time>
      </trkpt>
      <trkpt lat="42.808661" lon="-2.034781">
        <ele>1048.116</ele>
        <time>2021-03-29T10:36:44Z</time>
      </trkpt>
      <trkpt lat="42.808630" lon="-2.034836">
        <ele>1049.296</ele>
        <time>2021-03-29T10:36:52Z</time>
      </trkpt>
      <trkpt lat="42.808619" lon="-2.034905">
        <ele>1051.393</ele>
        <time>2021-03-29T10:36:57Z</time>
      </trkpt>
      <trkpt lat="42.808616" lon="-2.034972">
        <ele>1050.577</ele>
        <time>2021-03-29T10:37:01Z</time>
      </trkpt>
      <trkpt lat="42.808601" lon="-2.035038">
        <ele>1051.089</ele>
        <time>2021-03-29T10:37:05Z</time>
      </trkpt>
      <trkpt lat="42.808570" lon="-2.035099">
        <ele>1051.693</ele>
        <time>2021-03-29T10:37:10Z</time>
      </trkpt>
      <trkpt lat="42.808539" lon="-2.035152">
        <ele>1053.265</ele>
        <time>2021-03-29T10:37:16Z</time>
      </trkpt>
      <trkpt lat="42.808530" lon="-2.035216">
        <ele>1054.521</ele>
        <time>2021-03-29T10:37:22Z</time>
      </trkpt>
      <trkpt lat="42.808496" lon="-2.035263">
        <ele>1056.508</ele>
        <time>2021-03-29T10:37:27Z</time>
      </trkpt>
      <trkpt lat="42.808464" lon="-2.035312">
        <ele>1058.435</ele>
        <time>2021-03-29T10:37:32Z</time>
      </trkpt>
      <trkpt lat="42.808422" lon="-2.035349">
        <ele>1059.798</ele>
        <time>2021-03-29T10:37:39Z</time>
      </trkpt>
      <trkpt lat="42.808396" lon="-2.035400">
        <ele>1060.969</ele>
        <time>2021-03-29T10:37:45Z</time>
      </trkpt>
      <trkpt lat="42.808373" lon="-2.035454">
        <ele>1062.548</ele>
        <time>2021-03-29T10:37:50Z</time>
      </trkpt>
      <trkpt lat="42.808332" lon="-2.035486">
        <ele>1064.068</ele>
        <time>2021-03-29T10:37:57Z</time>
      </trkpt>
      <trkpt lat="42.808283" lon="-2.035509">
        <ele>1064.225</ele>
        <time>2021-03-29T10:38:02Z</time>
      </trkpt>
      <trkpt lat="42.808316" lon="-2.035556">
        <ele>1064.529</ele>
        <time>2021-03-29T10:38:13Z</time>
      </trkpt>
      <trkpt lat="42.808299" lon="-2.035636">
        <ele>1064.931</ele>
        <time>2021-03-29T10:38:16Z</time>
      </trkpt>
      <trkpt lat="42.808268" lon="-2.035695">
        <ele>1065.561</ele>
        <time>2021-03-29T10:38:18Z</time>
      </trkpt>
      <trkpt lat="42.808215" lon="-2.035726">
        <ele>1066.221</ele>
        <time>2021-03-29T10:38:22Z</time>
      </trkpt>
      <trkpt lat="42.808164" lon="-2.035729">
        <ele>1067.113</ele>
        <time>2021-03-29T10:38:32Z</time>
      </trkpt>
      <trkpt lat="42.808115" lon="-2.035737">
        <ele>1068.008</ele>
        <time>2021-03-29T10:38:39Z</time>
      </trkpt>
      <trkpt lat="42.808079" lon="-2.035776">
        <ele>1069.022</ele>
        <time>2021-03-29T10:38:45Z</time>
      </trkpt>
      <trkpt lat="42.808039" lon="-2.035804">
        <ele>1069.255</ele>
        <time>2021-03-29T10:38:49Z</time>
      </trkpt>
      <trkpt lat="42.807981" lon="-2.035836">
        <ele>1069.896</ele>
        <time>2021-03-29T10:38:54Z</time>
      </trkpt>
      <trkpt lat="42.807919" lon="-2.035855">
        <ele>1070.295</ele>
        <time>2021-03-29T10:38:58Z</time>
      </trkpt>
      <trkpt lat="42.807865" lon="-2.035886">
        <ele>1070.925</ele>
        <time>2021-03-29T10:39:02Z</time>
      </trkpt>
      <trkpt lat="42.807825" lon="-2.035928">
        <ele>1070.132</ele>
        <time>2021-03-29T10:39:06Z</time>
      </trkpt>
      <trkpt lat="42.807786" lon="-2.035968">
        <ele>1069.836</ele>
        <time>2021-03-29T10:39:11Z</time>
      </trkpt>
      <trkpt lat="42.807744" lon="-2.035996">
        <ele>1070.768</ele>
        <time>2021-03-29T10:39:16Z</time>
      </trkpt>
      <trkpt lat="42.807693" lon="-2.035997">
        <ele>1072.351</ele>
        <time>2021-03-29T10:39:22Z</time>
      </trkpt>
      <trkpt lat="42.807646" lon="-2.036015">
        <ele>1073.601</ele>
        <time>2021-03-29T10:39:28Z</time>
      </trkpt>
      <trkpt lat="42.807604" lon="-2.036042">
        <ele>1074.411</ele>
        <time>2021-03-29T10:39:33Z</time>
      </trkpt>
      <trkpt lat="42.807570" lon="-2.036093">
        <ele>1077.108</ele>
        <time>2021-03-29T10:39:38Z</time>
      </trkpt>
      <trkpt lat="42.807548" lon="-2.036151">
        <ele>1077.921</ele>
        <time>2021-03-29T10:39:43Z</time>
      </trkpt>
      <trkpt lat="42.807514" lon="-2.036206">
        <ele>1079.534</ele>
        <time>2021-03-29T10:39:50Z</time>
      </trkpt>
      <trkpt lat="42.807465" lon="-2.036226">
        <ele>1079.875</ele>
        <time>2021-03-29T10:39:55Z</time>
      </trkpt>
      <trkpt lat="42.807418" lon="-2.036246">
        <ele>1081.484</ele>
        <time>2021-03-29T10:40:00Z</time>
      </trkpt>
      <trkpt lat="42.807373" lon="-2.036264">
        <ele>1081.814</ele>
        <time>2021-03-29T10:40:06Z</time>
      </trkpt>
      <trkpt lat="42.807329" lon="-2.036297">
        <ele>1084.321</ele>
        <time>2021-03-29T10:40:12Z</time>
      </trkpt>
      <trkpt lat="42.807281" lon="-2.036327">
        <ele>1084.465</ele>
        <time>2021-03-29T10:40:17Z</time>
      </trkpt>
      <trkpt lat="42.807232" lon="-2.036327">
        <ele>1085.847</ele>
        <time>2021-03-29T10:40:21Z</time>
      </trkpt>
      <trkpt lat="42.807190" lon="-2.036356">
        <ele>1087.334</ele>
        <time>2021-03-29T10:40:26Z</time>
      </trkpt>
      <trkpt lat="42.807145" lon="-2.036382">
        <ele>1089.155</ele>
        <time>2021-03-29T10:40:32Z</time>
      </trkpt>
      <trkpt lat="42.807098" lon="-2.036400">
        <ele>1091.110</ele>
        <time>2021-03-29T10:40:38Z</time>
      </trkpt>
      <trkpt lat="42.807053" lon="-2.036420">
        <ele>1093.108</ele>
        <time>2021-03-29T10:40:43Z</time>
      </trkpt>
      <trkpt lat="42.807006" lon="-2.036433">
        <ele>1095.089</ele>
        <time>2021-03-29T10:40:48Z</time>
      </trkpt>
      <trkpt lat="42.806956" lon="-2.036426">
        <ele>1096.192</ele>
        <time>2021-03-29T10:40:54Z</time>
      </trkpt>
      <trkpt lat="42.806901" lon="-2.036448">
        <ele>1096.983</ele>
        <time>2021-03-29T10:40:59Z</time>
      </trkpt>
      <trkpt lat="42.806853" lon="-2.036473">
        <ele>1098.712</ele>
        <time>2021-03-29T10:41:04Z</time>
      </trkpt>
      <trkpt lat="42.806805" lon="-2.036500">
        <ele>1100.132</ele>
        <time>2021-03-29T10:41:10Z</time>
      </trkpt>
      <trkpt lat="42.806756" lon="-2.036504">
        <ele>1100.319</ele>
        <time>2021-03-29T10:41:15Z</time>
      </trkpt>
      <trkpt lat="42.806709" lon="-2.036510">
        <ele>1102.153</ele>
        <time>2021-03-29T10:41:20Z</time>
      </trkpt>
      <trkpt lat="42.806660" lon="-2.036504">
        <ele>1102.485</ele>
        <time>2021-03-29T10:41:25Z</time>
      </trkpt>
      <trkpt lat="42.806611" lon="-2.036528">
        <ele>1103.156</ele>
        <time>2021-03-29T10:41:29Z</time>
      </trkpt>
      <trkpt lat="42.806565" lon="-2.036551">
        <ele>1104.059</ele>
        <time>2021-03-29T10:41:32Z</time>
      </trkpt>
      <trkpt lat="42.806519" lon="-2.036558">
        <ele>1104.814</ele>
        <time>2021-03-29T10:41:36Z</time>
      </trkpt>
      <trkpt lat="42.806469" lon="-2.036565">
        <ele>1106.708</ele>
        <time>2021-03-29T10:41:40Z</time>
      </trkpt>
      <trkpt lat="42.806423" lon="-2.036554">
        <ele>1107.321</ele>
        <time>2021-03-29T10:41:45Z</time>
      </trkpt>
      <trkpt lat="42.806370" lon="-2.036559">
        <ele>1107.254</ele>
        <time>2021-03-29T10:41:51Z</time>
      </trkpt>
      <trkpt lat="42.806324" lon="-2.036559">
        <ele>1108.675</ele>
        <time>2021-03-29T10:41:56Z</time>
      </trkpt>
      <trkpt lat="42.806279" lon="-2.036560">
        <ele>1109.334</ele>
        <time>2021-03-29T10:42:02Z</time>
      </trkpt>
      <trkpt lat="42.806226" lon="-2.036538">
        <ele>1110.674</ele>
        <time>2021-03-29T10:42:08Z</time>
      </trkpt>
      <trkpt lat="42.806245" lon="-2.036603">
        <ele>1113.121</ele>
        <time>2021-03-29T10:42:20Z</time>
      </trkpt>
      <trkpt lat="42.806194" lon="-2.036569">
        <ele>1111.385</ele>
        <time>2021-03-29T10:42:41Z</time>
      </trkpt>
      <trkpt lat="42.806151" lon="-2.036529">
        <ele>1110.567</ele>
        <time>2021-03-29T10:42:47Z</time>
      </trkpt>
      <trkpt lat="42.806105" lon="-2.036519">
        <ele>1109.061</ele>
        <time>2021-03-29T10:43:00Z</time>
      </trkpt>
      <trkpt lat="42.806060" lon="-2.036529">
        <ele>1109.421</ele>
        <time>2021-03-29T10:43:07Z</time>
      </trkpt>
      <trkpt lat="42.806016" lon="-2.036505">
        <ele>1107.513</ele>
        <time>2021-03-29T10:43:37Z</time>
      </trkpt>
      <trkpt lat="42.805968" lon="-2.036523">
        <ele>1106.708</ele>
        <time>2021-03-29T10:43:42Z</time>
      </trkpt>
      <trkpt lat="42.805931" lon="-2.036568">
        <ele>1105.692</ele>
        <time>2021-03-29T10:43:45Z</time>
      </trkpt>
      <trkpt lat="42.805886" lon="-2.036600">
        <ele>1105.915</ele>
        <time>2021-03-29T10:43:50Z</time>
      </trkpt>
      <trkpt lat="42.805832" lon="-2.036596">
        <ele>1106.346</ele>
        <time>2021-03-29T10:43:57Z</time>
      </trkpt>
      <trkpt lat="42.805787" lon="-2.036559">
        <ele>1106.665</ele>
        <time>2021-03-29T10:44:03Z</time>
      </trkpt>
      <trkpt lat="42.805733" lon="-2.036583">
        <ele>1107.715</ele>
        <time>2021-03-29T10:44:09Z</time>
      </trkpt>
      <trkpt lat="42.805676" lon="-2.036581">
        <ele>1107.732</ele>
        <time>2021-03-29T10:44:15Z</time>
      </trkpt>
      <trkpt lat="42.805629" lon="-2.036581">
        <ele>1106.776</ele>
        <time>2021-03-29T10:44:19Z</time>
      </trkpt>
      <trkpt lat="42.805576" lon="-2.036573">
        <ele>1107.418</ele>
        <time>2021-03-29T10:44:24Z</time>
      </trkpt>
      <trkpt lat="42.805530" lon="-2.036566">
        <ele>1107.123</ele>
        <time>2021-03-29T10:44:28Z</time>
      </trkpt>
      <trkpt lat="42.805483" lon="-2.036565">
        <ele>1106.583</ele>
        <time>2021-03-29T10:44:33Z</time>
      </trkpt>
      <trkpt lat="42.805438" lon="-2.036560">
        <ele>1106.511</ele>
        <time>2021-03-29T10:44:38Z</time>
      </trkpt>
      <trkpt lat="42.805388" lon="-2.036556">
        <ele>1106.808</ele>
        <time>2021-03-29T10:44:43Z</time>
      </trkpt>
      <trkpt lat="42.805339" lon="-2.036554">
        <ele>1106.478</ele>
        <time>2021-03-29T10:44:48Z</time>
      </trkpt>
      <trkpt lat="42.805294" lon="-2.036540">
        <ele>1106.681</ele>
        <time>2021-03-29T10:44:55Z</time>
      </trkpt>
      <trkpt lat="42.805240" lon="-2.036518">
        <ele>1107.482</ele>
        <time>2021-03-29T10:44:59Z</time>
      </trkpt>
      <trkpt lat="42.805196" lon="-2.036545">
        <ele>1107.411</ele>
        <time>2021-03-29T10:45:02Z</time>
      </trkpt>
      <trkpt lat="42.805153" lon="-2.036574">
        <ele>1107.261</ele>
        <time>2021-03-29T10:45:05Z</time>
      </trkpt>
      <trkpt lat="42.805104" lon="-2.036587">
        <ele>1107.958</ele>
        <time>2021-03-29T10:45:08Z</time>
      </trkpt>
      <trkpt lat="42.805054" lon="-2.036581">
        <ele>1108.492</ele>
        <time>2021-03-29T10:45:12Z</time>
      </trkpt>
      <trkpt lat="42.804996" lon="-2.036591">
        <ele>1109.534</ele>
        <time>2021-03-29T10:45:16Z</time>
      </trkpt>
      <trkpt lat="42.804951" lon="-2.036614">
        <ele>1110.443</ele>
        <time>2021-03-29T10:45:20Z</time>
      </trkpt>
      <trkpt lat="42.804989" lon="-2.036648">
        <ele>1111.464</ele>
        <time>2021-03-29T10:45:30Z</time>
      </trkpt>
      <trkpt lat="42.804972" lon="-2.036716">
        <ele>1113.410</ele>
        <time>2021-03-29T10:46:54Z</time>
      </trkpt>
      <trkpt lat="42.804985" lon="-2.036782">
        <ele>1114.208</ele>
        <time>2021-03-29T10:48:38Z</time>
      </trkpt>
      <trkpt lat="42.804995" lon="-2.036847">
        <ele>1114.170</ele>
        <time>2021-03-29T10:48:44Z</time>
      </trkpt>
      <trkpt lat="42.804992" lon="-2.036920">
        <ele>1114.643</ele>
        <time>2021-03-29T10:48:48Z</time>
      </trkpt>
      <trkpt lat="42.804960" lon="-2.036982">
        <ele>1115.614</ele>
        <time>2021-03-29T10:48:53Z</time>
      </trkpt>
      <trkpt lat="42.804945" lon="-2.037053">
        <ele>1115.643</ele>
        <time>2021-03-29T10:48:57Z</time>
      </trkpt>
      <trkpt lat="42.804938" lon="-2.037116">
        <ele>1115.993</ele>
        <time>2021-03-29T10:49:01Z</time>
      </trkpt>
      <trkpt lat="42.804970" lon="-2.037163">
        <ele>1116.870</ele>
        <time>2021-03-29T10:49:06Z</time>
      </trkpt>
      <trkpt lat="42.804990" lon="-2.037219">
        <ele>1117.124</ele>
        <time>2021-03-29T10:49:11Z</time>
      </trkpt>
      <trkpt lat="42.804999" lon="-2.037282">
        <ele>1117.856</ele>
        <time>2021-03-29T10:49:16Z</time>
      </trkpt>
      <trkpt lat="42.805009" lon="-2.037343">
        <ele>1119.252</ele>
        <time>2021-03-29T10:49:20Z</time>
      </trkpt>
      <trkpt lat="42.805021" lon="-2.037409">
        <ele>1119.953</ele>
        <time>2021-03-29T10:49:26Z</time>
      </trkpt>
      <trkpt lat="42.805029" lon="-2.037472">
        <ele>1121.208</ele>
        <time>2021-03-29T10:49:31Z</time>
      </trkpt>
      <trkpt lat="42.805037" lon="-2.037537">
        <ele>1122.908</ele>
        <time>2021-03-29T10:49:36Z</time>
      </trkpt>
      <trkpt lat="42.805060" lon="-2.037599">
        <ele>1124.261</ele>
        <time>2021-03-29T10:49:41Z</time>
      </trkpt>
      <trkpt lat="42.805090" lon="-2.037662">
        <ele>1125.814</ele>
        <time>2021-03-29T10:49:46Z</time>
      </trkpt>
      <trkpt lat="42.805119" lon="-2.037713">
        <ele>1127.395</ele>
        <time>2021-03-29T10:49:50Z</time>
      </trkpt>
      <trkpt lat="42.805145" lon="-2.037779">
        <ele>1129.144</ele>
        <time>2021-03-29T10:49:56Z</time>
      </trkpt>
      <trkpt lat="42.805162" lon="-2.037837">
        <ele>1130.564</ele>
        <time>2021-03-29T10:50:02Z</time>
      </trkpt>
      <trkpt lat="42.805196" lon="-2.037884">
        <ele>1132.451</ele>
        <time>2021-03-29T10:50:07Z</time>
      </trkpt>
      <trkpt lat="42.805197" lon="-2.037956">
        <ele>1134.435</ele>
        <time>2021-03-29T10:50:13Z</time>
      </trkpt>
      <trkpt lat="42.805203" lon="-2.038020">
        <ele>1135.997</ele>
        <time>2021-03-29T10:50:19Z</time>
      </trkpt>
      <trkpt lat="42.805221" lon="-2.038079">
        <ele>1137.632</ele>
        <time>2021-03-29T10:50:24Z</time>
      </trkpt>
      <trkpt lat="42.805251" lon="-2.038126">
        <ele>1139.292</ele>
        <time>2021-03-29T10:50:28Z</time>
      </trkpt>
      <trkpt lat="42.805290" lon="-2.038163">
        <ele>1140.711</ele>
        <time>2021-03-29T10:50:32Z</time>
      </trkpt>
      <trkpt lat="42.805323" lon="-2.038206">
        <ele>1141.808</ele>
        <time>2021-03-29T10:50:36Z</time>
      </trkpt>
      <trkpt lat="42.805368" lon="-2.038228">
        <ele>1143.819</ele>
        <time>2021-03-29T10:50:41Z</time>
      </trkpt>
      <trkpt lat="42.805399" lon="-2.038273">
        <ele>1144.852</ele>
        <time>2021-03-29T10:50:46Z</time>
      </trkpt>
      <trkpt lat="42.805441" lon="-2.038313">
        <ele>1146.433</ele>
        <time>2021-03-29T10:50:52Z</time>
      </trkpt>
      <trkpt lat="42.805481" lon="-2.038356">
        <ele>1147.442</ele>
        <time>2021-03-29T10:50:56Z</time>
      </trkpt>
      <trkpt lat="42.805521" lon="-2.038414">
        <ele>1149.472</ele>
        <time>2021-03-29T10:51:00Z</time>
      </trkpt>
      <trkpt lat="42.805563" lon="-2.038454">
        <ele>1151.599</ele>
        <time>2021-03-29T10:51:05Z</time>
      </trkpt>
      <trkpt lat="42.805612" lon="-2.038489">
        <ele>1153.623</ele>
        <time>2021-03-29T10:51:10Z</time>
      </trkpt>
      <trkpt lat="42.805669" lon="-2.038508">
        <ele>1154.295</ele>
        <time>2021-03-29T10:51:16Z</time>
      </trkpt>
      <trkpt lat="42.805720" lon="-2.038495">
        <ele>1154.132</ele>
        <time>2021-03-29T10:51:22Z</time>
      </trkpt>
      <trkpt lat="42.805775" lon="-2.038519">
        <ele>1153.292</ele>
        <time>2021-03-29T10:51:27Z</time>
      </trkpt>
      <trkpt lat="42.805824" lon="-2.038561">
        <ele>1152.311</ele>
        <time>2021-03-29T10:51:31Z</time>
      </trkpt>
      <trkpt lat="42.805867" lon="-2.038594">
        <ele>1152.408</ele>
        <time>2021-03-29T10:51:35Z</time>
      </trkpt>
      <trkpt lat="42.805908" lon="-2.038622">
        <ele>1152.269</ele>
        <time>2021-03-29T10:51:39Z</time>
      </trkpt>
      <trkpt lat="42.805945" lon="-2.038662">
        <ele>1152.052</ele>
        <time>2021-03-29T10:51:44Z</time>
      </trkpt>
      <trkpt lat="42.805976" lon="-2.038712">
        <ele>1152.323</ele>
        <time>2021-03-29T10:51:48Z</time>
      </trkpt>
      <trkpt lat="42.805995" lon="-2.038782">
        <ele>1152.252</ele>
        <time>2021-03-29T10:51:53Z</time>
      </trkpt>
      <trkpt lat="42.806026" lon="-2.038847">
        <ele>1152.132</ele>
        <time>2021-03-29T10:51:57Z</time>
      </trkpt>
      <trkpt lat="42.806059" lon="-2.038898">
        <ele>1152.749</ele>
        <time>2021-03-29T10:52:02Z</time>
      </trkpt>
      <trkpt lat="42.806096" lon="-2.038955">
        <ele>1153.053</ele>
        <time>2021-03-29T10:52:06Z</time>
      </trkpt>
      <trkpt lat="42.806116" lon="-2.039010">
        <ele>1153.445</ele>
        <time>2021-03-29T10:52:12Z</time>
      </trkpt>
      <trkpt lat="42.806129" lon="-2.039072">
        <ele>1155.047</ele>
        <time>2021-03-29T10:52:18Z</time>
      </trkpt>
      <trkpt lat="42.806140" lon="-2.039133">
        <ele>1155.529</ele>
        <time>2021-03-29T10:52:23Z</time>
      </trkpt>
      <trkpt lat="42.806165" lon="-2.039192">
        <ele>1156.321</ele>
        <time>2021-03-29T10:52:28Z</time>
      </trkpt>
      <trkpt lat="42.806192" lon="-2.039244">
        <ele>1156.308</ele>
        <time>2021-03-29T10:52:33Z</time>
      </trkpt>
      <trkpt lat="42.806226" lon="-2.039290">
        <ele>1156.210</ele>
        <time>2021-03-29T10:52:39Z</time>
      </trkpt>
      <trkpt lat="42.806230" lon="-2.039358">
        <ele>1156.493</ele>
        <time>2021-03-29T10:52:44Z</time>
      </trkpt>
      <trkpt lat="42.806265" lon="-2.039398">
        <ele>1157.724</ele>
        <time>2021-03-29T10:53:44Z</time>
      </trkpt>
      <trkpt lat="42.806268" lon="-2.039460">
        <ele>1159.043</ele>
        <time>2021-03-29T10:54:50Z</time>
      </trkpt>
      <trkpt lat="42.806285" lon="-2.039530">
        <ele>1159.413</ele>
        <time>2021-03-29T10:54:55Z</time>
      </trkpt>
      <trkpt lat="42.806305" lon="-2.039594">
        <ele>1159.520</ele>
        <time>2021-03-29T10:55:00Z</time>
      </trkpt>
      <trkpt lat="42.806326" lon="-2.039650">
        <ele>1159.624</ele>
        <time>2021-03-29T10:55:05Z</time>
      </trkpt>
      <trkpt lat="42.806349" lon="-2.039703">
        <ele>1159.616</ele>
        <time>2021-03-29T10:55:09Z</time>
      </trkpt>
      <trkpt lat="42.806364" lon="-2.039772">
        <ele>1159.831</ele>
        <time>2021-03-29T10:55:14Z</time>
      </trkpt>
      <trkpt lat="42.806384" lon="-2.039834">
        <ele>1158.161</ele>
        <time>2021-03-29T10:55:18Z</time>
      </trkpt>
      <trkpt lat="42.806408" lon="-2.039886">
        <ele>1158.707</ele>
        <time>2021-03-29T10:55:21Z</time>
      </trkpt>
      <trkpt lat="42.806429" lon="-2.039957">
        <ele>1159.008</ele>
        <time>2021-03-29T10:55:25Z</time>
      </trkpt>
      <trkpt lat="42.806454" lon="-2.040030">
        <ele>1159.769</ele>
        <time>2021-03-29T10:55:29Z</time>
      </trkpt>
      <trkpt lat="42.806469" lon="-2.040093">
        <ele>1160.742</ele>
        <time>2021-03-29T10:55:33Z</time>
      </trkpt>
      <trkpt lat="42.806485" lon="-2.040164">
        <ele>1161.453</ele>
        <time>2021-03-29T10:55:37Z</time>
      </trkpt>
      <trkpt lat="42.806508" lon="-2.040228">
        <ele>1162.812</ele>
        <time>2021-03-29T10:55:41Z</time>
      </trkpt>
      <trkpt lat="42.806534" lon="-2.040280">
        <ele>1163.122</ele>
        <time>2021-03-29T10:55:44Z</time>
      </trkpt>
      <trkpt lat="42.806557" lon="-2.040349">
        <ele>1164.089</ele>
        <time>2021-03-29T10:55:48Z</time>
      </trkpt>
      <trkpt lat="42.806597" lon="-2.040377">
        <ele>1165.193</ele>
        <time>2021-03-29T10:55:52Z</time>
      </trkpt>
      <trkpt lat="42.806625" lon="-2.040436">
        <ele>1165.115</ele>
        <time>2021-03-29T10:55:56Z</time>
      </trkpt>
      <trkpt lat="42.806631" lon="-2.040508">
        <ele>1165.971</ele>
        <time>2021-03-29T10:56:00Z</time>
      </trkpt>
      <trkpt lat="42.806631" lon="-2.040580">
        <ele>1166.141</ele>
        <time>2021-03-29T10:56:04Z</time>
      </trkpt>
      <trkpt lat="42.806628" lon="-2.040657">
        <ele>1166.415</ele>
        <time>2021-03-29T10:56:08Z</time>
      </trkpt>
      <trkpt lat="42.806649" lon="-2.040737">
        <ele>1167.508</ele>
        <time>2021-03-29T10:56:12Z</time>
      </trkpt>
      <trkpt lat="42.806665" lon="-2.040798">
        <ele>1168.413</ele>
        <time>2021-03-29T10:56:15Z</time>
      </trkpt>
      <trkpt lat="42.806702" lon="-2.040852">
        <ele>1170.626</ele>
        <time>2021-03-29T10:56:19Z</time>
      </trkpt>
      <trkpt lat="42.806693" lon="-2.040912">
        <ele>1172.027</ele>
        <time>2021-03-29T10:56:24Z</time>
      </trkpt>
      <trkpt lat="42.806700" lon="-2.040982">
        <ele>1172.456</ele>
        <time>2021-03-29T10:56:28Z</time>
      </trkpt>
      <trkpt lat="42.806726" lon="-2.041052">
        <ele>1172.716</ele>
        <time>2021-03-29T10:56:32Z</time>
      </trkpt>
      <trkpt lat="42.806708" lon="-2.041112">
        <ele>1172.393</ele>
        <time>2021-03-29T10:56:37Z</time>
      </trkpt>
      <trkpt lat="42.806720" lon="-2.041182">
        <ele>1171.247</ele>
        <time>2021-03-29T10:56:44Z</time>
      </trkpt>
      <trkpt lat="42.806701" lon="-2.041244">
        <ele>1168.089</ele>
        <time>2021-03-29T10:56:49Z</time>
      </trkpt>
      <trkpt lat="42.806669" lon="-2.041292">
        <ele>1164.783</ele>
        <time>2021-03-29T10:56:53Z</time>
      </trkpt>
      <trkpt lat="42.806645" lon="-2.041354">
        <ele>1162.825</ele>
        <time>2021-03-29T10:56:57Z</time>
      </trkpt>
      <trkpt lat="42.806616" lon="-2.041415">
        <ele>1161.417</ele>
        <time>2021-03-29T10:57:02Z</time>
      </trkpt>
      <trkpt lat="42.806591" lon="-2.041467">
        <ele>1160.508</ele>
        <time>2021-03-29T10:57:06Z</time>
      </trkpt>
      <trkpt lat="42.806563" lon="-2.041516">
        <ele>1159.724</ele>
        <time>2021-03-29T10:57:10Z</time>
      </trkpt>
      <trkpt lat="42.806562" lon="-2.041567">
        <ele>1156.357</ele>
        <time>2021-03-29T10:57:15Z</time>
      </trkpt>
      <trkpt lat="42.806518" lon="-2.041553">
        <ele>1160.578</ele>
        <time>2021-03-29T10:58:05Z</time>
      </trkpt>
      <trkpt lat="42.806474" lon="-2.041598">
        <ele>1160.717</ele>
        <time>2021-03-29T10:58:15Z</time>
      </trkpt>
      <trkpt lat="42.806469" lon="-2.041679">
        <ele>1161.247</ele>
        <time>2021-03-29T10:58:18Z</time>
      </trkpt>
      <trkpt lat="42.806476" lon="-2.041758">
        <ele>1161.934</ele>
        <time>2021-03-29T10:58:21Z</time>
      </trkpt>
      <trkpt lat="42.806478" lon="-2.041821">
        <ele>1160.988</ele>
        <time>2021-03-29T10:58:25Z</time>
      </trkpt>
      <trkpt lat="42.806484" lon="-2.041893">
        <ele>1160.950</ele>
        <time>2021-03-29T10:58:32Z</time>
      </trkpt>
      <trkpt lat="42.806455" lon="-2.041957">
        <ele>1161.636</ele>
        <time>2021-03-29T10:58:36Z</time>
      </trkpt>
      <trkpt lat="42.806438" lon="-2.042015">
        <ele>1162.117</ele>
        <time>2021-03-29T10:58:40Z</time>
      </trkpt>
      <trkpt lat="42.806423" lon="-2.042081">
        <ele>1163.118</ele>
        <time>2021-03-29T10:58:44Z</time>
      </trkpt>
      <trkpt lat="42.806428" lon="-2.042162">
        <ele>1163.108</ele>
        <time>2021-03-29T10:58:49Z</time>
      </trkpt>
      <trkpt lat="42.806422" lon="-2.042227">
        <ele>1162.749</ele>
        <time>2021-03-29T10:58:52Z</time>
      </trkpt>
      <trkpt lat="42.806385" lon="-2.042270">
        <ele>1162.492</ele>
        <time>2021-03-29T10:58:55Z</time>
      </trkpt>
      <trkpt lat="42.806384" lon="-2.042340">
        <ele>1162.223</ele>
        <time>2021-03-29T10:58:58Z</time>
      </trkpt>
      <trkpt lat="42.806394" lon="-2.042403">
        <ele>1161.462</ele>
        <time>2021-03-29T10:59:01Z</time>
      </trkpt>
      <trkpt lat="42.806381" lon="-2.042465">
        <ele>1161.662</ele>
        <time>2021-03-29T10:59:08Z</time>
      </trkpt>
      <trkpt lat="42.806371" lon="-2.042529">
        <ele>1161.789</ele>
        <time>2021-03-29T10:59:13Z</time>
      </trkpt>
      <trkpt lat="42.806352" lon="-2.042586">
        <ele>1161.793</ele>
        <time>2021-03-29T10:59:17Z</time>
      </trkpt>
      <trkpt lat="42.806351" lon="-2.042652">
        <ele>1161.935</ele>
        <time>2021-03-29T11:01:59Z</time>
      </trkpt>
      <trkpt lat="42.806332" lon="-2.042718">
        <ele>1162.255</ele>
        <time>2021-03-29T11:02:04Z</time>
      </trkpt>
      <trkpt lat="42.806311" lon="-2.042781">
        <ele>1163.107</ele>
        <time>2021-03-29T11:02:08Z</time>
      </trkpt>
      <trkpt lat="42.806283" lon="-2.042841">
        <ele>1163.117</ele>
        <time>2021-03-29T11:02:12Z</time>
      </trkpt>
      <trkpt lat="42.806252" lon="-2.042903">
        <ele>1163.308</ele>
        <time>2021-03-29T11:02:17Z</time>
      </trkpt>
      <trkpt lat="42.806225" lon="-2.042959">
        <ele>1163.761</ele>
        <time>2021-03-29T11:02:21Z</time>
      </trkpt>
      <trkpt lat="42.806202" lon="-2.043038">
        <ele>1163.334</ele>
        <time>2021-03-29T11:02:26Z</time>
      </trkpt>
      <trkpt lat="42.806162" lon="-2.043092">
        <ele>1163.115</ele>
        <time>2021-03-29T11:02:30Z</time>
      </trkpt>
      <trkpt lat="42.806136" lon="-2.043143">
        <ele>1162.764</ele>
        <time>2021-03-29T11:02:34Z</time>
      </trkpt>
      <trkpt lat="42.806108" lon="-2.043191">
        <ele>1162.414</ele>
        <time>2021-03-29T11:02:38Z</time>
      </trkpt>
      <trkpt lat="42.806061" lon="-2.043235">
        <ele>1162.561</ele>
        <time>2021-03-29T11:02:42Z</time>
      </trkpt>
      <trkpt lat="42.806020" lon="-2.043270">
        <ele>1162.715</ele>
        <time>2021-03-29T11:02:46Z</time>
      </trkpt>
      <trkpt lat="42.805980" lon="-2.043310">
        <ele>1164.227</ele>
        <time>2021-03-29T11:02:49Z</time>
      </trkpt>
      <trkpt lat="42.805944" lon="-2.043348">
        <ele>1165.362</ele>
        <time>2021-03-29T11:02:53Z</time>
      </trkpt>
      <trkpt lat="42.805899" lon="-2.043387">
        <ele>1167.783</ele>
        <time>2021-03-29T11:04:48Z</time>
      </trkpt>
      <trkpt lat="42.805850" lon="-2.043429">
        <ele>1169.311</ele>
        <time>2021-03-29T11:04:52Z</time>
      </trkpt>
      <trkpt lat="42.805817" lon="-2.043480">
        <ele>1171.108</ele>
        <time>2021-03-29T11:04:55Z</time>
      </trkpt>
      <trkpt lat="42.805772" lon="-2.043515">
        <ele>1171.072</ele>
        <time>2021-03-29T11:04:59Z</time>
      </trkpt>
      <trkpt lat="42.805722" lon="-2.043550">
        <ele>1172.195</ele>
        <time>2021-03-29T11:05:03Z</time>
      </trkpt>
      <trkpt lat="42.805690" lon="-2.043597">
        <ele>1173.716</ele>
        <time>2021-03-29T11:05:07Z</time>
      </trkpt>
      <trkpt lat="42.805651" lon="-2.043636">
        <ele>1173.445</ele>
        <time>2021-03-29T11:05:11Z</time>
      </trkpt>
      <trkpt lat="42.805606" lon="-2.043683">
        <ele>1174.475</ele>
        <time>2021-03-29T11:05:15Z</time>
      </trkpt>
      <trkpt lat="42.805563" lon="-2.043719">
        <ele>1174.642</ele>
        <time>2021-03-29T11:05:19Z</time>
      </trkpt>
      <trkpt lat="42.805518" lon="-2.043746">
        <ele>1175.346</ele>
        <time>2021-03-29T11:05:23Z</time>
      </trkpt>
      <trkpt lat="42.805471" lon="-2.043778">
        <ele>1174.948</ele>
        <time>2021-03-29T11:05:27Z</time>
      </trkpt>
      <trkpt lat="42.805428" lon="-2.043798">
        <ele>1174.764</ele>
        <time>2021-03-29T11:05:31Z</time>
      </trkpt>
      <trkpt lat="42.805384" lon="-2.043820">
        <ele>1174.406</ele>
        <time>2021-03-29T11:05:36Z</time>
      </trkpt>
      <trkpt lat="42.805336" lon="-2.043810">
        <ele>1173.616</ele>
        <time>2021-03-29T11:06:18Z</time>
      </trkpt>
      <trkpt lat="42.805290" lon="-2.043838">
        <ele>1174.108</ele>
        <time>2021-03-29T11:06:25Z</time>
      </trkpt>
      <trkpt lat="42.805231" lon="-2.043855">
        <ele>1174.062</ele>
        <time>2021-03-29T11:06:30Z</time>
      </trkpt>
      <trkpt lat="42.805186" lon="-2.043860">
        <ele>1174.495</ele>
        <time>2021-03-29T11:06:33Z</time>
      </trkpt>
      <trkpt lat="42.805137" lon="-2.043846">
        <ele>1173.586</ele>
        <time>2021-03-29T11:06:37Z</time>
      </trkpt>
      <trkpt lat="42.805090" lon="-2.043829">
        <ele>1174.125</ele>
        <time>2021-03-29T11:06:42Z</time>
      </trkpt>
      <trkpt lat="42.805044" lon="-2.043810">
        <ele>1174.425</ele>
        <time>2021-03-29T11:06:48Z</time>
      </trkpt>
      <trkpt lat="42.805007" lon="-2.043773">
        <ele>1175.482</ele>
        <time>2021-03-29T11:06:51Z</time>
      </trkpt>
      <trkpt lat="42.804968" lon="-2.043738">
        <ele>1177.256</ele>
        <time>2021-03-29T11:06:55Z</time>
      </trkpt>
      <trkpt lat="42.804923" lon="-2.043725">
        <ele>1178.178</ele>
        <time>2021-03-29T11:06:59Z</time>
      </trkpt>
      <trkpt lat="42.804866" lon="-2.043732">
        <ele>1178.728</ele>
        <time>2021-03-29T11:07:05Z</time>
      </trkpt>
      <trkpt lat="42.804818" lon="-2.043743">
        <ele>1179.089</ele>
        <time>2021-03-29T11:07:09Z</time>
      </trkpt>
      <trkpt lat="42.804769" lon="-2.043761">
        <ele>1179.717</ele>
        <time>2021-03-29T11:07:14Z</time>
      </trkpt>
      <trkpt lat="42.804724" lon="-2.043780">
        <ele>1179.908</ele>
        <time>2021-03-29T11:07:18Z</time>
      </trkpt>
      <trkpt lat="42.804674" lon="-2.043794">
        <ele>1180.678</ele>
        <time>2021-03-29T11:07:23Z</time>
      </trkpt>
      <trkpt lat="42.804621" lon="-2.043801">
        <ele>1181.141</ele>
        <time>2021-03-29T11:07:27Z</time>
      </trkpt>
      <trkpt lat="42.804580" lon="-2.043839">
        <ele>1181.822</ele>
        <time>2021-03-29T11:07:31Z</time>
      </trkpt>
      <trkpt lat="42.804527" lon="-2.043872">
        <ele>1182.851</ele>
        <time>2021-03-29T11:07:36Z</time>
      </trkpt>
      <trkpt lat="42.804481" lon="-2.043892">
        <ele>1183.741</ele>
        <time>2021-03-29T11:07:40Z</time>
      </trkpt>
      <trkpt lat="42.804435" lon="-2.043900">
        <ele>1184.878</ele>
        <time>2021-03-29T11:07:44Z</time>
      </trkpt>
      <trkpt lat="42.804382" lon="-2.043909">
        <ele>1185.432</ele>
        <time>2021-03-29T11:07:48Z</time>
      </trkpt>
      <trkpt lat="42.804327" lon="-2.043932">
        <ele>1185.844</ele>
        <time>2021-03-29T11:07:53Z</time>
      </trkpt>
      <trkpt lat="42.804273" lon="-2.043951">
        <ele>1185.913</ele>
        <time>2021-03-29T11:07:58Z</time>
      </trkpt>
      <trkpt lat="42.804222" lon="-2.043952">
        <ele>1186.043</ele>
        <time>2021-03-29T11:08:02Z</time>
      </trkpt>
      <trkpt lat="42.804180" lon="-2.043931">
        <ele>1186.207</ele>
        <time>2021-03-29T11:08:07Z</time>
      </trkpt>
      <trkpt lat="42.804145" lon="-2.043972">
        <ele>1186.008</ele>
        <time>2021-03-29T11:08:24Z</time>
      </trkpt>
      <trkpt lat="42.804088" lon="-2.043989">
        <ele>1184.927</ele>
        <time>2021-03-29T11:08:28Z</time>
      </trkpt>
      <trkpt lat="42.804036" lon="-2.044012">
        <ele>1185.010</ele>
        <time>2021-03-29T11:08:32Z</time>
      </trkpt>
      <trkpt lat="42.803993" lon="-2.044038">
        <ele>1186.051</ele>
        <time>2021-03-29T11:08:36Z</time>
      </trkpt>
      <trkpt lat="42.803943" lon="-2.044048">
        <ele>1186.160</ele>
        <time>2021-03-29T11:08:41Z</time>
      </trkpt>
      <trkpt lat="42.803896" lon="-2.044067">
        <ele>1186.430</ele>
        <time>2021-03-29T11:08:45Z</time>
      </trkpt>
      <trkpt lat="42.803859" lon="-2.044106">
        <ele>1187.227</ele>
        <time>2021-03-29T11:08:50Z</time>
      </trkpt>
      <trkpt lat="42.803820" lon="-2.044162">
        <ele>1187.971</ele>
        <time>2021-03-29T11:08:56Z</time>
      </trkpt>
      <trkpt lat="42.803776" lon="-2.044190">
        <ele>1187.873</ele>
        <time>2021-03-29T11:09:01Z</time>
      </trkpt>
      <trkpt lat="42.803757" lon="-2.044264">
        <ele>1186.976</ele>
        <time>2021-03-29T11:09:25Z</time>
      </trkpt>
      <trkpt lat="42.803712" lon="-2.044304">
        <ele>1186.390</ele>
        <time>2021-03-29T11:09:28Z</time>
      </trkpt>
      <trkpt lat="42.803661" lon="-2.044317">
        <ele>1185.919</ele>
        <time>2021-03-29T11:09:31Z</time>
      </trkpt>
      <trkpt lat="42.803605" lon="-2.044333">
        <ele>1186.508</ele>
        <time>2021-03-29T11:09:35Z</time>
      </trkpt>
      <trkpt lat="42.803558" lon="-2.044333">
        <ele>1187.543</ele>
        <time>2021-03-29T11:09:39Z</time>
      </trkpt>
      <trkpt lat="42.803504" lon="-2.044325">
        <ele>1187.656</ele>
        <time>2021-03-29T11:09:44Z</time>
      </trkpt>
      <trkpt lat="42.803469" lon="-2.044375">
        <ele>1189.297</ele>
        <time>2021-03-29T11:09:49Z</time>
      </trkpt>
      <trkpt lat="42.803415" lon="-2.044402">
        <ele>1190.236</ele>
        <time>2021-03-29T11:09:54Z</time>
      </trkpt>
      <trkpt lat="42.803368" lon="-2.044403">
        <ele>1190.816</ele>
        <time>2021-03-29T11:09:58Z</time>
      </trkpt>
      <trkpt lat="42.803320" lon="-2.044409">
        <ele>1191.533</ele>
        <time>2021-03-29T11:10:03Z</time>
      </trkpt>
      <trkpt lat="42.803295" lon="-2.044357">
        <ele>1191.047</ele>
        <time>2021-03-29T11:10:55Z</time>
      </trkpt>
      <trkpt lat="42.803295" lon="-2.044294">
        <ele>1191.249</ele>
        <time>2021-03-29T11:10:58Z</time>
      </trkpt>
      <trkpt lat="42.803277" lon="-2.044233">
        <ele>1191.282</ele>
        <time>2021-03-29T11:11:01Z</time>
      </trkpt>
      <trkpt lat="42.803264" lon="-2.044166">
        <ele>1190.143</ele>
        <time>2021-03-29T11:11:05Z</time>
      </trkpt>
      <trkpt lat="42.803258" lon="-2.044104">
        <ele>1189.517</ele>
        <time>2021-03-29T11:11:09Z</time>
      </trkpt>
      <trkpt lat="42.803241" lon="-2.044042">
        <ele>1188.908</ele>
        <time>2021-03-29T11:11:13Z</time>
      </trkpt>
      <trkpt lat="42.803216" lon="-2.043988">
        <ele>1188.864</ele>
        <time>2021-03-29T11:11:17Z</time>
      </trkpt>
      <trkpt lat="42.803180" lon="-2.043941">
        <ele>1189.357</ele>
        <time>2021-03-29T11:11:23Z</time>
      </trkpt>
      <trkpt lat="42.803131" lon="-2.043903">
        <ele>1189.758</ele>
        <time>2021-03-29T11:11:28Z</time>
      </trkpt>
      <trkpt lat="42.803087" lon="-2.043870">
        <ele>1190.147</ele>
        <time>2021-03-29T11:11:32Z</time>
      </trkpt>
      <trkpt lat="42.803066" lon="-2.043806">
        <ele>1190.667</ele>
        <time>2021-03-29T11:11:36Z</time>
      </trkpt>
      <trkpt lat="42.803069" lon="-2.043731">
        <ele>1192.364</ele>
        <time>2021-03-29T11:11:40Z</time>
      </trkpt>
      <trkpt lat="42.803098" lon="-2.043655">
        <ele>1193.578</ele>
        <time>2021-03-29T11:11:44Z</time>
      </trkpt>
      <trkpt lat="42.803120" lon="-2.043601">
        <ele>1194.760</ele>
        <time>2021-03-29T11:11:47Z</time>
      </trkpt>
      <trkpt lat="42.803130" lon="-2.043523">
        <ele>1194.792</ele>
        <time>2021-03-29T11:11:52Z</time>
      </trkpt>
      <trkpt lat="42.803135" lon="-2.043458">
        <ele>1195.773</ele>
        <time>2021-03-29T11:11:57Z</time>
      </trkpt>
      <trkpt lat="42.803114" lon="-2.043402">
        <ele>1196.120</ele>
        <time>2021-03-29T11:12:00Z</time>
      </trkpt>
      <trkpt lat="42.803101" lon="-2.043343">
        <ele>1195.808</ele>
        <time>2021-03-29T11:12:04Z</time>
      </trkpt>
      <trkpt lat="42.803094" lon="-2.043275">
        <ele>1196.355</ele>
        <time>2021-03-29T11:12:08Z</time>
      </trkpt>
      <trkpt lat="42.803104" lon="-2.043212">
        <ele>1197.348</ele>
        <time>2021-03-29T11:12:13Z</time>
      </trkpt>
      <trkpt lat="42.803124" lon="-2.043137">
        <ele>1197.419</ele>
        <time>2021-03-29T11:12:18Z</time>
      </trkpt>
      <trkpt lat="42.803138" lon="-2.043077">
        <ele>1197.988</ele>
        <time>2021-03-29T11:12:23Z</time>
      </trkpt>
      <trkpt lat="42.803171" lon="-2.043029">
        <ele>1198.148</ele>
        <time>2021-03-29T11:12:28Z</time>
      </trkpt>
      <trkpt lat="42.803203" lon="-2.042984">
        <ele>1197.275</ele>
        <time>2021-03-29T11:12:31Z</time>
      </trkpt>
      <trkpt lat="42.803241" lon="-2.042934">
        <ele>1196.669</ele>
        <time>2021-03-29T11:12:36Z</time>
      </trkpt>
      <trkpt lat="42.803261" lon="-2.042872">
        <ele>1196.671</ele>
        <time>2021-03-29T11:12:42Z</time>
      </trkpt>
      <trkpt lat="42.803251" lon="-2.042805">
        <ele>1197.772</ele>
        <time>2021-03-29T11:12:47Z</time>
      </trkpt>
      <trkpt lat="42.803257" lon="-2.042744">
        <ele>1198.213</ele>
        <time>2021-03-29T11:12:51Z</time>
      </trkpt>
      <trkpt lat="42.803297" lon="-2.042703">
        <ele>1198.214</ele>
        <time>2021-03-29T11:12:55Z</time>
      </trkpt>
      <trkpt lat="42.803346" lon="-2.042662">
        <ele>1198.808</ele>
        <time>2021-03-29T11:13:00Z</time>
      </trkpt>
      <trkpt lat="42.803388" lon="-2.042628">
        <ele>1199.663</ele>
        <time>2021-03-29T11:13:05Z</time>
      </trkpt>
      <trkpt lat="42.803439" lon="-2.042620">
        <ele>1200.846</ele>
        <time>2021-03-29T11:13:10Z</time>
      </trkpt>
      <trkpt lat="42.803486" lon="-2.042594">
        <ele>1202.777</ele>
        <time>2021-03-29T11:13:14Z</time>
      </trkpt>
      <trkpt lat="42.803516" lon="-2.042546">
        <ele>1203.326</ele>
        <time>2021-03-29T11:13:18Z</time>
      </trkpt>
      <trkpt lat="42.803530" lon="-2.042481">
        <ele>1204.146</ele>
        <time>2021-03-29T11:13:23Z</time>
      </trkpt>
      <trkpt lat="42.803509" lon="-2.042425">
        <ele>1204.883</ele>
        <time>2021-03-29T11:13:28Z</time>
      </trkpt>
      <trkpt lat="42.803497" lon="-2.042359">
        <ele>1206.277</ele>
        <time>2021-03-29T11:13:34Z</time>
      </trkpt>
      <trkpt lat="42.803478" lon="-2.042294">
        <ele>1208.319</ele>
        <time>2021-03-29T11:13:40Z</time>
      </trkpt>
      <trkpt lat="42.803477" lon="-2.042232">
        <ele>1208.969</ele>
        <time>2021-03-29T11:13:44Z</time>
      </trkpt>
      <trkpt lat="42.803504" lon="-2.042182">
        <ele>1209.704</ele>
        <time>2021-03-29T11:16:54Z</time>
      </trkpt>
      <trkpt lat="42.803550" lon="-2.042184">
        <ele>1208.624</ele>
        <time>2021-03-29T11:17:26Z</time>
      </trkpt>
      <trkpt lat="42.803505" lon="-2.042195">
        <ele>1209.108</ele>
        <time>2021-03-29T11:17:42Z</time>
      </trkpt>
      <trkpt lat="42.803464" lon="-2.042232">
        <ele>1210.132</ele>
        <time>2021-03-29T11:18:22Z</time>
      </trkpt>
      <trkpt lat="42.803481" lon="-2.042290">
        <ele>1210.985</ele>
        <time>2021-03-29T11:18:25Z</time>
      </trkpt>
      <trkpt lat="42.803514" lon="-2.042346">
        <ele>1211.296</ele>
        <time>2021-03-29T11:18:27Z</time>
      </trkpt>
      <trkpt lat="42.803557" lon="-2.042406">
        <ele>1211.845</ele>
        <time>2021-03-29T11:18:31Z</time>
      </trkpt>
      <trkpt lat="42.803584" lon="-2.042460">
        <ele>1211.415</ele>
        <time>2021-03-29T11:18:35Z</time>
      </trkpt>
      <trkpt lat="42.803575" lon="-2.042521">
        <ele>1211.062</ele>
        <time>2021-03-29T11:18:38Z</time>
      </trkpt>
      <trkpt lat="42.803566" lon="-2.042586">
        <ele>1209.516</ele>
        <time>2021-03-29T11:18:43Z</time>
      </trkpt>
      <trkpt lat="42.803520" lon="-2.042608">
        <ele>1208.068</ele>
        <time>2021-03-29T11:18:46Z</time>
      </trkpt>
      <trkpt lat="42.803467" lon="-2.042593">
        <ele>1207.489</ele>
        <time>2021-03-29T11:18:49Z</time>
      </trkpt>
      <trkpt lat="42.803405" lon="-2.042604">
        <ele>1205.906</ele>
        <time>2021-03-29T11:18:52Z</time>
      </trkpt>
      <trkpt lat="42.803360" lon="-2.042650">
        <ele>1205.226</ele>
        <time>2021-03-29T11:18:55Z</time>
      </trkpt>
      <trkpt lat="42.803325" lon="-2.042691">
        <ele>1204.408</ele>
        <time>2021-03-29T11:18:57Z</time>
      </trkpt>
      <trkpt lat="42.803284" lon="-2.042743">
        <ele>1203.784</ele>
        <time>2021-03-29T11:19:00Z</time>
      </trkpt>
      <trkpt lat="42.803258" lon="-2.042797">
        <ele>1203.267</ele>
        <time>2021-03-29T11:19:03Z</time>
      </trkpt>
      <trkpt lat="42.803248" lon="-2.042871">
        <ele>1202.458</ele>
        <time>2021-03-29T11:19:07Z</time>
      </trkpt>
      <trkpt lat="42.803226" lon="-2.042930">
        <ele>1201.267</ele>
        <time>2021-03-29T11:19:17Z</time>
      </trkpt>
      <trkpt lat="42.803199" lon="-2.042991">
        <ele>1200.857</ele>
        <time>2021-03-29T11:19:22Z</time>
      </trkpt>
      <trkpt lat="42.803197" lon="-2.043069">
        <ele>1199.854</ele>
        <time>2021-03-29T11:19:26Z</time>
      </trkpt>
      <trkpt lat="42.803186" lon="-2.043130">
        <ele>1199.478</ele>
        <time>2021-03-29T11:19:28Z</time>
      </trkpt>
      <trkpt lat="42.803178" lon="-2.043212">
        <ele>1199.030</ele>
        <time>2021-03-29T11:19:32Z</time>
      </trkpt>
      <trkpt lat="42.803179" lon="-2.043283">
        <ele>1199.073</ele>
        <time>2021-03-29T11:19:34Z</time>
      </trkpt>
      <trkpt lat="42.803182" lon="-2.043349">
        <ele>1198.385</ele>
        <time>2021-03-29T11:19:38Z</time>
      </trkpt>
      <trkpt lat="42.803174" lon="-2.043410">
        <ele>1197.713</ele>
        <time>2021-03-29T11:19:41Z</time>
      </trkpt>
      <trkpt lat="42.803142" lon="-2.043463">
        <ele>1197.208</ele>
        <time>2021-03-29T11:19:47Z</time>
      </trkpt>
      <trkpt lat="42.803113" lon="-2.043513">
        <ele>1196.663</ele>
        <time>2021-03-29T11:19:51Z</time>
      </trkpt>
      <trkpt lat="42.803118" lon="-2.043579">
        <ele>1195.916</ele>
        <time>2021-03-29T11:19:56Z</time>
      </trkpt>
      <trkpt lat="42.803098" lon="-2.043659">
        <ele>1195.577</ele>
        <time>2021-03-29T11:20:00Z</time>
      </trkpt>
      <trkpt lat="42.803077" lon="-2.043735">
        <ele>1195.386</ele>
        <time>2021-03-29T11:20:04Z</time>
      </trkpt>
      <trkpt lat="42.803059" lon="-2.043793">
        <ele>1195.046</ele>
        <time>2021-03-29T11:20:06Z</time>
      </trkpt>
      <trkpt lat="42.803060" lon="-2.043872">
        <ele>1194.293</ele>
        <time>2021-03-29T11:20:10Z</time>
      </trkpt>
      <trkpt lat="42.803075" lon="-2.043937">
        <ele>1193.497</ele>
        <time>2021-03-29T11:20:14Z</time>
      </trkpt>
      <trkpt lat="42.803101" lon="-2.043988">
        <ele>1193.429</ele>
        <time>2021-03-29T11:20:18Z</time>
      </trkpt>
      <trkpt lat="42.803118" lon="-2.044054">
        <ele>1193.096</ele>
        <time>2021-03-29T11:20:22Z</time>
      </trkpt>
      <trkpt lat="42.803123" lon="-2.044120">
        <ele>1191.631</ele>
        <time>2021-03-29T11:20:26Z</time>
      </trkpt>
      <trkpt lat="42.803119" lon="-2.044188">
        <ele>1190.624</ele>
        <time>2021-03-29T11:20:30Z</time>
      </trkpt>
      <trkpt lat="42.803091" lon="-2.044250">
        <ele>1189.908</ele>
        <time>2021-03-29T11:20:34Z</time>
      </trkpt>
      <trkpt lat="42.803088" lon="-2.044315">
        <ele>1190.125</ele>
        <time>2021-03-29T11:20:38Z</time>
      </trkpt>
      <trkpt lat="42.803052" lon="-2.044362">
        <ele>1189.668</ele>
        <time>2021-03-29T11:20:42Z</time>
      </trkpt>
      <trkpt lat="42.803007" lon="-2.044395">
        <ele>1189.619</ele>
        <time>2021-03-29T11:20:48Z</time>
      </trkpt>
      <trkpt lat="42.802994" lon="-2.044463">
        <ele>1189.938</ele>
        <time>2021-03-29T11:20:51Z</time>
      </trkpt>
      <trkpt lat="42.802986" lon="-2.044528">
        <ele>1189.478</ele>
        <time>2021-03-29T11:20:54Z</time>
      </trkpt>
      <trkpt lat="42.802975" lon="-2.044601">
        <ele>1190.165</ele>
        <time>2021-03-29T11:20:58Z</time>
      </trkpt>
      <trkpt lat="42.802947" lon="-2.044656">
        <ele>1189.739</ele>
        <time>2021-03-29T11:21:02Z</time>
      </trkpt>
      <trkpt lat="42.802911" lon="-2.044702">
        <ele>1190.291</ele>
        <time>2021-03-29T11:21:06Z</time>
      </trkpt>
      <trkpt lat="42.802864" lon="-2.044740">
        <ele>1190.248</ele>
        <time>2021-03-29T11:21:11Z</time>
      </trkpt>
      <trkpt lat="42.802829" lon="-2.044784">
        <ele>1190.161</ele>
        <time>2021-03-29T11:21:15Z</time>
      </trkpt>
      <trkpt lat="42.802798" lon="-2.044837">
        <ele>1190.317</ele>
        <time>2021-03-29T11:21:19Z</time>
      </trkpt>
      <trkpt lat="42.802750" lon="-2.044859">
        <ele>1190.108</ele>
        <time>2021-03-29T11:21:24Z</time>
      </trkpt>
      <trkpt lat="42.802729" lon="-2.044915">
        <ele>1190.840</ele>
        <time>2021-03-29T11:21:28Z</time>
      </trkpt>
      <trkpt lat="42.802708" lon="-2.044970">
        <ele>1191.053</ele>
        <time>2021-03-29T11:21:32Z</time>
      </trkpt>
      <trkpt lat="42.802683" lon="-2.045025">
        <ele>1191.594</ele>
        <time>2021-03-29T11:21:35Z</time>
      </trkpt>
      <trkpt lat="42.802647" lon="-2.045077">
        <ele>1191.893</ele>
        <time>2021-03-29T11:21:40Z</time>
      </trkpt>
      <trkpt lat="42.802599" lon="-2.045133">
        <ele>1192.473</ele>
        <time>2021-03-29T11:21:44Z</time>
      </trkpt>
      <trkpt lat="42.802550" lon="-2.045162">
        <ele>1191.740</ele>
        <time>2021-03-29T11:21:48Z</time>
      </trkpt>
      <trkpt lat="42.802500" lon="-2.045202">
        <ele>1191.154</ele>
        <time>2021-03-29T11:21:53Z</time>
      </trkpt>
      <trkpt lat="42.802462" lon="-2.045244">
        <ele>1190.916</ele>
        <time>2021-03-29T11:21:57Z</time>
      </trkpt>
      <trkpt lat="42.802409" lon="-2.045279">
        <ele>1190.383</ele>
        <time>2021-03-29T11:22:01Z</time>
      </trkpt>
      <trkpt lat="42.802365" lon="-2.045307">
        <ele>1190.125</ele>
        <time>2021-03-29T11:22:05Z</time>
      </trkpt>
      <trkpt lat="42.802344" lon="-2.045367">
        <ele>1191.117</ele>
        <time>2021-03-29T11:22:10Z</time>
      </trkpt>
      <trkpt lat="42.802292" lon="-2.045388">
        <ele>1191.508</ele>
        <time>2021-03-29T11:22:22Z</time>
      </trkpt>
      <trkpt lat="42.802246" lon="-2.045395">
        <ele>1191.634</ele>
        <time>2021-03-29T11:22:25Z</time>
      </trkpt>
      <trkpt lat="42.802198" lon="-2.045413">
        <ele>1190.567</ele>
        <time>2021-03-29T11:22:29Z</time>
      </trkpt>
      <trkpt lat="42.802152" lon="-2.045446">
        <ele>1190.638</ele>
        <time>2021-03-29T11:22:32Z</time>
      </trkpt>
      <trkpt lat="42.802113" lon="-2.045477">
        <ele>1191.017</ele>
        <time>2021-03-29T11:22:35Z</time>
      </trkpt>
      <trkpt lat="42.802069" lon="-2.045501">
        <ele>1190.467</ele>
        <time>2021-03-29T11:22:38Z</time>
      </trkpt>
      <trkpt lat="42.802016" lon="-2.045514">
        <ele>1190.494</ele>
        <time>2021-03-29T11:22:42Z</time>
      </trkpt>
      <trkpt lat="42.801965" lon="-2.045513">
        <ele>1190.588</ele>
        <time>2021-03-29T11:22:46Z</time>
      </trkpt>
      <trkpt lat="42.801911" lon="-2.045501">
        <ele>1190.050</ele>
        <time>2021-03-29T11:22:50Z</time>
      </trkpt>
      <trkpt lat="42.801866" lon="-2.045524">
        <ele>1189.645</ele>
        <time>2021-03-29T11:22:53Z</time>
      </trkpt>
      <trkpt lat="42.801815" lon="-2.045554">
        <ele>1188.947</ele>
        <time>2021-03-29T11:22:58Z</time>
      </trkpt>
      <trkpt lat="42.801764" lon="-2.045559">
        <ele>1188.311</ele>
        <time>2021-03-29T11:23:02Z</time>
      </trkpt>
      <trkpt lat="42.801708" lon="-2.045574">
        <ele>1187.308</ele>
        <time>2021-03-29T11:23:06Z</time>
      </trkpt>
      <trkpt lat="42.801650" lon="-2.045576">
        <ele>1186.760</ele>
        <time>2021-03-29T11:23:11Z</time>
      </trkpt>
      <trkpt lat="42.801605" lon="-2.045550">
        <ele>1187.283</ele>
        <time>2021-03-29T11:23:14Z</time>
      </trkpt>
      <trkpt lat="42.801562" lon="-2.045515">
        <ele>1187.294</ele>
        <time>2021-03-29T11:23:18Z</time>
      </trkpt>
      <trkpt lat="42.801523" lon="-2.045470">
        <ele>1187.393</ele>
        <time>2021-03-29T11:23:23Z</time>
      </trkpt>
      <trkpt lat="42.801479" lon="-2.045434">
        <ele>1186.423</ele>
        <time>2021-03-29T11:23:27Z</time>
      </trkpt>
      <trkpt lat="42.801437" lon="-2.045389">
        <ele>1186.770</ele>
        <time>2021-03-29T11:23:32Z</time>
      </trkpt>
      <trkpt lat="42.801404" lon="-2.045434">
        <ele>1185.454</ele>
        <time>2021-03-29T11:24:17Z</time>
      </trkpt>
      <trkpt lat="42.801458" lon="-2.045442">
        <ele>1184.726</ele>
        <time>2021-03-29T11:24:26Z</time>
      </trkpt>
      <trkpt lat="42.801411" lon="-2.045430">
        <ele>1184.867</ele>
        <time>2021-03-29T11:24:48Z</time>
      </trkpt>
      <trkpt lat="42.801360" lon="-2.045426">
        <ele>1184.781</ele>
        <time>2021-03-29T11:24:51Z</time>
      </trkpt>
      <trkpt lat="42.801308" lon="-2.045419">
        <ele>1185.119</ele>
        <time>2021-03-29T11:24:54Z</time>
      </trkpt>
      <trkpt lat="42.801250" lon="-2.045403">
        <ele>1185.808</ele>
        <time>2021-03-29T11:24:57Z</time>
      </trkpt>
      <trkpt lat="42.801205" lon="-2.045363">
        <ele>1185.992</ele>
        <time>2021-03-29T11:25:01Z</time>
      </trkpt>
      <trkpt lat="42.801160" lon="-2.045346">
        <ele>1185.865</ele>
        <time>2021-03-29T11:25:05Z</time>
      </trkpt>
      <trkpt lat="42.801108" lon="-2.045346">
        <ele>1185.876</ele>
        <time>2021-03-29T11:25:10Z</time>
      </trkpt>
      <trkpt lat="42.801054" lon="-2.045353">
        <ele>1186.635</ele>
        <time>2021-03-29T11:25:14Z</time>
      </trkpt>
      <trkpt lat="42.801003" lon="-2.045373">
        <ele>1187.725</ele>
        <time>2021-03-29T11:25:18Z</time>
      </trkpt>
      <trkpt lat="42.800957" lon="-2.045392">
        <ele>1188.752</ele>
        <time>2021-03-29T11:25:21Z</time>
      </trkpt>
      <trkpt lat="42.800903" lon="-2.045396">
        <ele>1190.376</ele>
        <time>2021-03-29T11:25:25Z</time>
      </trkpt>
      <trkpt lat="42.800853" lon="-2.045419">
        <ele>1192.148</ele>
        <time>2021-03-29T11:25:29Z</time>
      </trkpt>
      <trkpt lat="42.800806" lon="-2.045439">
        <ele>1193.111</ele>
        <time>2021-03-29T11:25:33Z</time>
      </trkpt>
      <trkpt lat="42.800762" lon="-2.045472">
        <ele>1193.421</ele>
        <time>2021-03-29T11:25:37Z</time>
      </trkpt>
      <trkpt lat="42.800720" lon="-2.045500">
        <ele>1193.203</ele>
        <time>2021-03-29T11:25:40Z</time>
      </trkpt>
      <trkpt lat="42.800677" lon="-2.045529">
        <ele>1193.808</ele>
        <time>2021-03-29T11:25:44Z</time>
      </trkpt>
      <trkpt lat="42.800632" lon="-2.045560">
        <ele>1194.857</ele>
        <time>2021-03-29T11:25:48Z</time>
      </trkpt>
      <trkpt lat="42.800588" lon="-2.045575">
        <ele>1195.570</ele>
        <time>2021-03-29T11:25:52Z</time>
      </trkpt>
      <trkpt lat="42.800540" lon="-2.045592">
        <ele>1196.441</ele>
        <time>2021-03-29T11:25:56Z</time>
      </trkpt>
      <trkpt lat="42.800493" lon="-2.045609">
        <ele>1196.970</ele>
        <time>2021-03-29T11:26:01Z</time>
      </trkpt>
      <trkpt lat="42.800441" lon="-2.045637">
        <ele>1196.890</ele>
        <time>2021-03-29T11:26:06Z</time>
      </trkpt>
      <trkpt lat="42.800383" lon="-2.045648">
        <ele>1196.817</ele>
        <time>2021-03-29T11:26:10Z</time>
      </trkpt>
      <trkpt lat="42.800325" lon="-2.045655">
        <ele>1196.061</ele>
        <time>2021-03-29T11:26:14Z</time>
      </trkpt>
      <trkpt lat="42.800279" lon="-2.045661">
        <ele>1195.953</ele>
        <time>2021-03-29T11:26:18Z</time>
      </trkpt>
      <trkpt lat="42.800228" lon="-2.045663">
        <ele>1196.085</ele>
        <time>2021-03-29T11:26:23Z</time>
      </trkpt>
      <trkpt lat="42.800170" lon="-2.045677">
        <ele>1196.789</ele>
        <time>2021-03-29T11:26:27Z</time>
      </trkpt>
      <trkpt lat="42.800127" lon="-2.045700">
        <ele>1197.117</ele>
        <time>2021-03-29T11:26:31Z</time>
      </trkpt>
      <trkpt lat="42.800087" lon="-2.045736">
        <ele>1198.008</ele>
        <time>2021-03-29T11:26:35Z</time>
      </trkpt>
      <trkpt lat="42.800044" lon="-2.045773">
        <ele>1198.614</ele>
        <time>2021-03-29T11:26:40Z</time>
      </trkpt>
      <trkpt lat="42.799984" lon="-2.045783">
        <ele>1198.847</ele>
        <time>2021-03-29T11:26:45Z</time>
      </trkpt>
      <trkpt lat="42.799937" lon="-2.045784">
        <ele>1199.228</ele>
        <time>2021-03-29T11:26:49Z</time>
      </trkpt>
      <trkpt lat="42.799891" lon="-2.045788">
        <ele>1199.737</ele>
        <time>2021-03-29T11:26:53Z</time>
      </trkpt>
      <trkpt lat="42.799846" lon="-2.045793">
        <ele>1200.577</ele>
        <time>2021-03-29T11:26:57Z</time>
      </trkpt>
      <trkpt lat="42.799793" lon="-2.045783">
        <ele>1201.464</ele>
        <time>2021-03-29T11:27:01Z</time>
      </trkpt>
      <trkpt lat="42.799745" lon="-2.045775">
        <ele>1202.218</ele>
        <time>2021-03-29T11:27:04Z</time>
      </trkpt>
      <trkpt lat="42.799697" lon="-2.045755">
        <ele>1203.210</ele>
        <time>2021-03-29T11:27:08Z</time>
      </trkpt>
      <trkpt lat="42.799645" lon="-2.045738">
        <ele>1205.025</ele>
        <time>2021-03-29T11:27:12Z</time>
      </trkpt>
      <trkpt lat="42.799596" lon="-2.045758">
        <ele>1205.626</ele>
        <time>2021-03-29T11:27:16Z</time>
      </trkpt>
      <trkpt lat="42.799554" lon="-2.045781">
        <ele>1206.408</ele>
        <time>2021-03-29T11:27:21Z</time>
      </trkpt>
      <trkpt lat="42.799521" lon="-2.045832">
        <ele>1207.208</ele>
        <time>2021-03-29T11:27:27Z</time>
      </trkpt>
      <trkpt lat="42.799467" lon="-2.045833">
        <ele>1207.458</ele>
        <time>2021-03-29T11:27:32Z</time>
      </trkpt>
      <trkpt lat="42.799433" lon="-2.045876">
        <ele>1208.161</ele>
        <time>2021-03-29T11:27:39Z</time>
      </trkpt>
      <trkpt lat="42.799376" lon="-2.045907">
        <ele>1209.892</ele>
        <time>2021-03-29T11:27:47Z</time>
      </trkpt>
      <trkpt lat="42.799323" lon="-2.045908">
        <ele>1211.811</ele>
        <time>2021-03-29T11:27:51Z</time>
      </trkpt>
      <trkpt lat="42.799273" lon="-2.045903">
        <ele>1213.131</ele>
        <time>2021-03-29T11:27:54Z</time>
      </trkpt>
      <trkpt lat="42.799222" lon="-2.045886">
        <ele>1214.058</ele>
        <time>2021-03-29T11:27:57Z</time>
      </trkpt>
      <trkpt lat="42.799168" lon="-2.045873">
        <ele>1214.242</ele>
        <time>2021-03-29T11:28:01Z</time>
      </trkpt>
      <trkpt lat="42.799122" lon="-2.045861">
        <ele>1214.644</ele>
        <time>2021-03-29T11:28:04Z</time>
      </trkpt>
      <trkpt lat="42.799067" lon="-2.045844">
        <ele>1214.425</ele>
        <time>2021-03-29T11:28:08Z</time>
      </trkpt>
      <trkpt lat="42.799008" lon="-2.045839">
        <ele>1214.426</ele>
        <time>2021-03-29T11:28:12Z</time>
      </trkpt>
      <trkpt lat="42.798954" lon="-2.045842">
        <ele>1214.608</ele>
        <time>2021-03-29T11:28:16Z</time>
      </trkpt>
      <trkpt lat="42.798906" lon="-2.045859">
        <ele>1215.208</ele>
        <time>2021-03-29T11:28:20Z</time>
      </trkpt>
      <trkpt lat="42.798852" lon="-2.045884">
        <ele>1214.628</ele>
        <time>2021-03-29T11:28:24Z</time>
      </trkpt>
      <trkpt lat="42.798798" lon="-2.045897">
        <ele>1213.581</ele>
        <time>2021-03-29T11:28:29Z</time>
      </trkpt>
      <trkpt lat="42.798754" lon="-2.045950">
        <ele>1213.142</ele>
        <time>2021-03-29T11:28:34Z</time>
      </trkpt>
      <trkpt lat="42.798708" lon="-2.045995">
        <ele>1213.141</ele>
        <time>2021-03-29T11:28:38Z</time>
      </trkpt>
      <trkpt lat="42.798671" lon="-2.046035">
        <ele>1213.731</ele>
        <time>2021-03-29T11:28:42Z</time>
      </trkpt>
      <trkpt lat="42.798651" lon="-2.046095">
        <ele>1212.888</ele>
        <time>2021-03-29T11:28:47Z</time>
      </trkpt>
      <trkpt lat="42.798616" lon="-2.046134">
        <ele>1212.842</ele>
        <time>2021-03-29T11:28:51Z</time>
      </trkpt>
      <trkpt lat="42.798569" lon="-2.046158">
        <ele>1212.214</ele>
        <time>2021-03-29T11:28:54Z</time>
      </trkpt>
      <trkpt lat="42.798513" lon="-2.046166">
        <ele>1212.656</ele>
        <time>2021-03-29T11:28:58Z</time>
      </trkpt>
      <trkpt lat="42.798465" lon="-2.046185">
        <ele>1212.659</ele>
        <time>2021-03-29T11:29:02Z</time>
      </trkpt>
      <trkpt lat="42.798419" lon="-2.046229">
        <ele>1212.814</ele>
        <time>2021-03-29T11:29:07Z</time>
      </trkpt>
      <trkpt lat="42.798368" lon="-2.046268">
        <ele>1213.708</ele>
        <time>2021-03-29T11:29:12Z</time>
      </trkpt>
      <trkpt lat="42.798324" lon="-2.046311">
        <ele>1214.671</ele>
        <time>2021-03-29T11:29:16Z</time>
      </trkpt>
      <trkpt lat="42.798277" lon="-2.046333">
        <ele>1214.444</ele>
        <time>2021-03-29T11:29:20Z</time>
      </trkpt>
      <trkpt lat="42.798231" lon="-2.046354">
        <ele>1214.625</ele>
        <time>2021-03-29T11:29:24Z</time>
      </trkpt>
      <trkpt lat="42.798181" lon="-2.046382">
        <ele>1214.364</ele>
        <time>2021-03-29T11:29:28Z</time>
      </trkpt>
      <trkpt lat="42.798144" lon="-2.046422">
        <ele>1214.424</ele>
        <time>2021-03-29T11:29:32Z</time>
      </trkpt>
      <trkpt lat="42.798117" lon="-2.046473">
        <ele>1214.091</ele>
        <time>2021-03-29T11:29:38Z</time>
      </trkpt>
      <trkpt lat="42.798120" lon="-2.046546">
        <ele>1213.675</ele>
        <time>2021-03-29T11:29:53Z</time>
      </trkpt>
      <trkpt lat="42.798138" lon="-2.046609">
        <ele>1213.317</ele>
        <time>2021-03-29T11:29:57Z</time>
      </trkpt>
      <trkpt lat="42.798170" lon="-2.046652">
        <ele>1213.645</ele>
        <time>2021-03-29T11:30:01Z</time>
      </trkpt>
      <trkpt lat="42.798203" lon="-2.046704">
        <ele>1214.347</ele>
        <time>2021-03-29T11:30:07Z</time>
      </trkpt>
      <trkpt lat="42.798238" lon="-2.046745">
        <ele>1215.111</ele>
        <time>2021-03-29T11:30:15Z</time>
      </trkpt>
      <trkpt lat="42.798286" lon="-2.046777">
        <ele>1216.208</ele>
        <time>2021-03-29T11:30:35Z</time>
      </trkpt>
      <trkpt lat="42.798298" lon="-2.046837">
        <ele>1216.830</ele>
        <time>2021-03-29T11:30:38Z</time>
      </trkpt>
      <trkpt lat="42.798320" lon="-2.046896">
        <ele>1217.093</ele>
        <time>2021-03-29T11:30:42Z</time>
      </trkpt>
      <trkpt lat="42.798340" lon="-2.046952">
        <ele>1217.954</ele>
        <time>2021-03-29T11:30:46Z</time>
      </trkpt>
      <trkpt lat="42.798366" lon="-2.047006">
        <ele>1218.493</ele>
        <time>2021-03-29T11:30:51Z</time>
      </trkpt>
      <trkpt lat="42.798394" lon="-2.047061">
        <ele>1219.263</ele>
        <time>2021-03-29T11:30:56Z</time>
      </trkpt>
      <trkpt lat="42.798436" lon="-2.047092">
        <ele>1221.040</ele>
        <time>2021-03-29T11:31:03Z</time>
      </trkpt>
      <trkpt lat="42.798474" lon="-2.047058">
        <ele>1222.144</ele>
        <time>2021-03-29T11:31:09Z</time>
      </trkpt>
      <trkpt lat="42.798509" lon="-2.047003">
        <ele>1222.866</ele>
        <time>2021-03-29T11:31:12Z</time>
      </trkpt>
      <trkpt lat="42.798544" lon="-2.046961">
        <ele>1223.338</ele>
        <time>2021-03-29T11:31:15Z</time>
      </trkpt>
      <trkpt lat="42.798588" lon="-2.046936">
        <ele>1223.670</ele>
        <time>2021-03-29T11:31:19Z</time>
      </trkpt>
      <trkpt lat="42.798645" lon="-2.046939">
        <ele>1223.517</ele>
        <time>2021-03-29T11:31:23Z</time>
      </trkpt>
      <trkpt lat="42.798693" lon="-2.046954">
        <ele>1223.308</ele>
        <time>2021-03-29T11:31:28Z</time>
      </trkpt>
      <trkpt lat="42.798726" lon="-2.047001">
        <ele>1223.859</ele>
        <time>2021-03-29T11:31:32Z</time>
      </trkpt>
      <trkpt lat="42.798774" lon="-2.046971">
        <ele>1224.852</ele>
        <time>2021-03-29T11:31:39Z</time>
      </trkpt>
      <trkpt lat="42.798808" lon="-2.046931">
        <ele>1226.083</ele>
        <time>2021-03-29T11:31:44Z</time>
      </trkpt>
      <trkpt lat="42.798864" lon="-2.046948">
        <ele>1227.672</ele>
        <time>2021-03-29T11:31:49Z</time>
      </trkpt>
      <trkpt lat="42.798911" lon="-2.046976">
        <ele>1228.692</ele>
        <time>2021-03-29T11:31:54Z</time>
      </trkpt>
      <trkpt lat="42.798963" lon="-2.047006">
        <ele>1230.369</ele>
        <time>2021-03-29T11:32:00Z</time>
      </trkpt>
      <trkpt lat="42.799001" lon="-2.047055">
        <ele>1231.533</ele>
        <time>2021-03-29T11:32:05Z</time>
      </trkpt>
      <trkpt lat="42.799005" lon="-2.047131">
        <ele>1233.015</ele>
        <time>2021-03-29T11:32:10Z</time>
      </trkpt>
      <trkpt lat="42.799052" lon="-2.047154">
        <ele>1234.368</ele>
        <time>2021-03-29T11:32:17Z</time>
      </trkpt>
      <trkpt lat="42.799094" lon="-2.047188">
        <ele>1236.242</ele>
        <time>2021-03-29T11:32:24Z</time>
      </trkpt>
      <trkpt lat="42.799115" lon="-2.047243">
        <ele>1238.026</ele>
        <time>2021-03-29T11:32:41Z</time>
      </trkpt>
      <trkpt lat="42.799068" lon="-2.047241">
        <ele>1238.808</ele>
        <time>2021-03-29T11:34:20Z</time>
      </trkpt>
      <trkpt lat="42.799078" lon="-2.047306">
        <ele>1237.582</ele>
        <time>2021-03-29T11:38:04Z</time>
      </trkpt>
      <trkpt lat="42.799075" lon="-2.047377">
        <ele>1236.885</ele>
        <time>2021-03-29T11:38:08Z</time>
      </trkpt>
      <trkpt lat="42.799075" lon="-2.047442">
        <ele>1236.756</ele>
        <time>2021-03-29T11:38:12Z</time>
      </trkpt>
      <trkpt lat="42.799072" lon="-2.047520">
        <ele>1236.855</ele>
        <time>2021-03-29T11:38:16Z</time>
      </trkpt>
      <trkpt lat="42.799054" lon="-2.047581">
        <ele>1237.055</ele>
        <time>2021-03-29T11:38:20Z</time>
      </trkpt>
      <trkpt lat="42.799017" lon="-2.047621">
        <ele>1237.152</ele>
        <time>2021-03-29T11:38:25Z</time>
      </trkpt>
      <trkpt lat="42.799019" lon="-2.047694">
        <ele>1238.216</ele>
        <time>2021-03-29T11:38:28Z</time>
      </trkpt>
      <trkpt lat="42.799013" lon="-2.047757">
        <ele>1239.268</ele>
        <time>2021-03-29T11:38:33Z</time>
      </trkpt>
      <trkpt lat="42.799021" lon="-2.047818">
        <ele>1240.159</ele>
        <time>2021-03-29T11:39:53Z</time>
      </trkpt>
      <trkpt lat="42.798984" lon="-2.047855">
        <ele>1240.403</ele>
        <time>2021-03-29T11:41:36Z</time>
      </trkpt>
      <trkpt lat="42.798945" lon="-2.047907">
        <ele>1241.323</ele>
        <time>2021-03-29T11:41:47Z</time>
      </trkpt>
      <trkpt lat="42.798923" lon="-2.047962">
        <ele>1241.508</ele>
        <time>2021-03-29T11:41:54Z</time>
      </trkpt>
      <trkpt lat="42.798877" lon="-2.047977">
        <ele>1241.351</ele>
        <time>2021-03-29T11:42:18Z</time>
      </trkpt>
      <trkpt lat="42.798828" lon="-2.047995">
        <ele>1240.964</ele>
        <time>2021-03-29T11:42:22Z</time>
      </trkpt>
      <trkpt lat="42.798781" lon="-2.048014">
        <ele>1241.045</ele>
        <time>2021-03-29T11:42:29Z</time>
      </trkpt>
      <trkpt lat="42.798734" lon="-2.048019">
        <ele>1240.194</ele>
        <time>2021-03-29T11:42:33Z</time>
      </trkpt>
      <trkpt lat="42.798686" lon="-2.048038">
        <ele>1240.364</ele>
        <time>2021-03-29T11:42:37Z</time>
      </trkpt>
      <trkpt lat="42.798653" lon="-2.048082">
        <ele>1239.211</ele>
        <time>2021-03-29T11:42:42Z</time>
      </trkpt>
      <trkpt lat="42.798608" lon="-2.048103">
        <ele>1238.155</ele>
        <time>2021-03-29T11:43:22Z</time>
      </trkpt>
      <trkpt lat="42.798590" lon="-2.048164">
        <ele>1237.267</ele>
        <time>2021-03-29T11:43:26Z</time>
      </trkpt>
      <trkpt lat="42.798605" lon="-2.048240">
        <ele>1236.373</ele>
        <time>2021-03-29T11:43:31Z</time>
      </trkpt>
      <trkpt lat="42.798621" lon="-2.048308">
        <ele>1235.585</ele>
        <time>2021-03-29T11:43:35Z</time>
      </trkpt>
      <trkpt lat="42.798627" lon="-2.048374">
        <ele>1234.713</ele>
        <time>2021-03-29T11:43:39Z</time>
      </trkpt>
      <trkpt lat="42.798647" lon="-2.048438">
        <ele>1233.708</ele>
        <time>2021-03-29T11:43:44Z</time>
      </trkpt>
      <trkpt lat="42.798673" lon="-2.048512">
        <ele>1233.473</ele>
        <time>2021-03-29T11:43:50Z</time>
      </trkpt>
      <trkpt lat="42.798710" lon="-2.048475">
        <ele>1232.076</ele>
        <time>2021-03-29T11:44:00Z</time>
      </trkpt>
      <trkpt lat="42.798662" lon="-2.048472">
        <ele>1230.577</ele>
        <time>2021-03-29T11:44:11Z</time>
      </trkpt>
      <trkpt lat="42.798672" lon="-2.048536">
        <ele>1229.916</ele>
        <time>2021-03-29T11:45:37Z</time>
      </trkpt>
      <trkpt lat="42.798674" lon="-2.048602">
        <ele>1229.726</ele>
        <time>2021-03-29T11:45:41Z</time>
      </trkpt>
      <trkpt lat="42.798675" lon="-2.048671">
        <ele>1230.093</ele>
        <time>2021-03-29T11:45:46Z</time>
      </trkpt>
      <trkpt lat="42.798674" lon="-2.048737">
        <ele>1230.167</ele>
        <time>2021-03-29T11:46:00Z</time>
      </trkpt>
      <trkpt lat="42.798663" lon="-2.048812">
        <ele>1228.969</ele>
        <time>2021-03-29T11:46:05Z</time>
      </trkpt>
      <trkpt lat="42.798664" lon="-2.048876">
        <ele>1227.846</ele>
        <time>2021-03-29T11:46:09Z</time>
      </trkpt>
      <trkpt lat="42.798694" lon="-2.048826">
        <ele>1227.188</ele>
        <time>2021-03-29T11:46:54Z</time>
      </trkpt>
      <trkpt lat="42.798744" lon="-2.048834">
        <ele>1226.216</ele>
        <time>2021-03-29T11:47:16Z</time>
      </trkpt>
      <trkpt lat="42.798795" lon="-2.048832">
        <ele>1225.508</ele>
        <time>2021-03-29T11:47:19Z</time>
      </trkpt>
      <trkpt lat="42.798852" lon="-2.048816">
        <ele>1225.140</ele>
        <time>2021-03-29T11:47:23Z</time>
      </trkpt>
      <trkpt lat="42.798905" lon="-2.048801">
        <ele>1224.653</ele>
        <time>2021-03-29T11:47:27Z</time>
      </trkpt>
      <trkpt lat="42.798952" lon="-2.048805">
        <ele>1224.874</ele>
        <time>2021-03-29T11:47:31Z</time>
      </trkpt>
      <trkpt lat="42.799007" lon="-2.048798">
        <ele>1225.063</ele>
        <time>2021-03-29T11:47:36Z</time>
      </trkpt>
      <trkpt lat="42.799055" lon="-2.048770">
        <ele>1226.133</ele>
        <time>2021-03-29T11:47:40Z</time>
      </trkpt>
      <trkpt lat="42.799097" lon="-2.048744">
        <ele>1227.560</ele>
        <time>2021-03-29T11:47:44Z</time>
      </trkpt>
      <trkpt lat="42.799142" lon="-2.048727">
        <ele>1228.744</ele>
        <time>2021-03-29T11:47:49Z</time>
      </trkpt>
      <trkpt lat="42.799190" lon="-2.048730">
        <ele>1229.126</ele>
        <time>2021-03-29T11:47:55Z</time>
      </trkpt>
      <trkpt lat="42.799228" lon="-2.048687">
        <ele>1229.149</ele>
        <time>2021-03-29T11:48:03Z</time>
      </trkpt>
      <trkpt lat="42.799275" lon="-2.048638">
        <ele>1230.002</ele>
        <time>2021-03-29T11:48:08Z</time>
      </trkpt>
      <trkpt lat="42.799322" lon="-2.048634">
        <ele>1231.022</ele>
        <time>2021-03-29T11:48:12Z</time>
      </trkpt>
      <trkpt lat="42.799372" lon="-2.048646">
        <ele>1232.408</ele>
        <time>2021-03-29T11:48:16Z</time>
      </trkpt>
      <trkpt lat="42.799419" lon="-2.048650">
        <ele>1233.590</ele>
        <time>2021-03-29T11:48:20Z</time>
      </trkpt>
      <trkpt lat="42.799470" lon="-2.048666">
        <ele>1234.943</ele>
        <time>2021-03-29T11:48:26Z</time>
      </trkpt>
      <trkpt lat="42.799520" lon="-2.048675">
        <ele>1235.234</ele>
        <time>2021-03-29T11:48:33Z</time>
      </trkpt>
      <trkpt lat="42.799566" lon="-2.048697">
        <ele>1236.313</ele>
        <time>2021-03-29T11:48:38Z</time>
      </trkpt>
      <trkpt lat="42.799620" lon="-2.048703">
        <ele>1236.323</ele>
        <time>2021-03-29T11:48:43Z</time>
      </trkpt>
      <trkpt lat="42.799678" lon="-2.048733">
        <ele>1236.090</ele>
        <time>2021-03-29T11:48:48Z</time>
      </trkpt>
      <trkpt lat="42.799717" lon="-2.048774">
        <ele>1234.944</ele>
        <time>2021-03-29T11:49:05Z</time>
      </trkpt>
      <trkpt lat="42.799761" lon="-2.048799">
        <ele>1234.076</ele>
        <time>2021-03-29T11:49:09Z</time>
      </trkpt>
      <trkpt lat="42.799810" lon="-2.048834">
        <ele>1232.251</ele>
        <time>2021-03-29T11:49:14Z</time>
      </trkpt>
      <trkpt lat="42.799856" lon="-2.048856">
        <ele>1231.201</ele>
        <time>2021-03-29T11:49:18Z</time>
      </trkpt>
      <trkpt lat="42.799871" lon="-2.048928">
        <ele>1230.211</ele>
        <time>2021-03-29T11:49:25Z</time>
      </trkpt>
      <trkpt lat="42.799909" lon="-2.048888">
        <ele>1228.908</ele>
        <time>2021-03-29T11:49:43Z</time>
      </trkpt>
      <trkpt lat="42.799931" lon="-2.048829">
        <ele>1227.891</ele>
        <time>2021-03-29T11:49:56Z</time>
      </trkpt>
      <trkpt lat="42.799976" lon="-2.048811">
        <ele>1227.064</ele>
        <time>2021-03-29T11:50:01Z</time>
      </trkpt>
      <trkpt lat="42.800026" lon="-2.048777">
        <ele>1226.455</ele>
        <time>2021-03-29T11:50:06Z</time>
      </trkpt>
      <trkpt lat="42.800074" lon="-2.048737">
        <ele>1226.264</ele>
        <time>2021-03-29T11:50:11Z</time>
      </trkpt>
      <trkpt lat="42.800122" lon="-2.048738">
        <ele>1226.164</ele>
        <time>2021-03-29T11:50:16Z</time>
      </trkpt>
      <trkpt lat="42.800167" lon="-2.048773">
        <ele>1225.981</ele>
        <time>2021-03-29T11:50:20Z</time>
      </trkpt>
      <trkpt lat="42.800210" lon="-2.048790">
        <ele>1226.115</ele>
        <time>2021-03-29T11:50:24Z</time>
      </trkpt>
      <trkpt lat="42.800257" lon="-2.048816">
        <ele>1226.277</ele>
        <time>2021-03-29T11:50:30Z</time>
      </trkpt>
      <trkpt lat="42.800293" lon="-2.048859">
        <ele>1226.283</ele>
        <time>2021-03-29T11:50:36Z</time>
      </trkpt>
      <trkpt lat="42.800270" lon="-2.048912">
        <ele>1226.325</ele>
        <time>2021-03-29T11:50:40Z</time>
      </trkpt>
      <trkpt lat="42.800241" lon="-2.048966">
        <ele>1227.517</ele>
        <time>2021-03-29T11:50:44Z</time>
      </trkpt>
      <trkpt lat="42.800225" lon="-2.049025">
        <ele>1228.408</ele>
        <time>2021-03-29T11:50:48Z</time>
      </trkpt>
      <trkpt lat="42.800208" lon="-2.049094">
        <ele>1229.424</ele>
        <time>2021-03-29T11:50:53Z</time>
      </trkpt>
      <trkpt lat="42.800203" lon="-2.049160">
        <ele>1229.337</ele>
        <time>2021-03-29T11:50:57Z</time>
      </trkpt>
      <trkpt lat="42.800197" lon="-2.049235">
        <ele>1229.368</ele>
        <time>2021-03-29T11:51:02Z</time>
      </trkpt>
      <trkpt lat="42.800192" lon="-2.049296">
        <ele>1229.327</ele>
        <time>2021-03-29T11:51:06Z</time>
      </trkpt>
      <trkpt lat="42.800188" lon="-2.049369">
        <ele>1229.447</ele>
        <time>2021-03-29T11:51:11Z</time>
      </trkpt>
      <trkpt lat="42.800194" lon="-2.049441">
        <ele>1228.814</ele>
        <time>2021-03-29T11:51:15Z</time>
      </trkpt>
      <trkpt lat="42.800191" lon="-2.049506">
        <ele>1228.428</ele>
        <time>2021-03-29T11:51:19Z</time>
      </trkpt>
      <trkpt lat="42.800193" lon="-2.049574">
        <ele>1227.680</ele>
        <time>2021-03-29T11:51:24Z</time>
      </trkpt>
      <trkpt lat="42.800219" lon="-2.049521">
        <ele>1226.646</ele>
        <time>2021-03-29T11:51:50Z</time>
      </trkpt>
      <trkpt lat="42.800248" lon="-2.049468">
        <ele>1225.488</ele>
        <time>2021-03-29T11:51:55Z</time>
      </trkpt>
      <trkpt lat="42.800290" lon="-2.049439">
        <ele>1225.316</ele>
        <time>2021-03-29T11:51:59Z</time>
      </trkpt>
      <trkpt lat="42.800323" lon="-2.049394">
        <ele>1225.208</ele>
        <time>2021-03-29T11:52:03Z</time>
      </trkpt>
      <trkpt lat="42.800358" lon="-2.049340">
        <ele>1224.660</ele>
        <time>2021-03-29T11:52:07Z</time>
      </trkpt>
      <trkpt lat="42.800385" lon="-2.049275">
        <ele>1224.263</ele>
        <time>2021-03-29T11:52:11Z</time>
      </trkpt>
      <trkpt lat="42.800405" lon="-2.049219">
        <ele>1224.244</ele>
        <time>2021-03-29T11:52:14Z</time>
      </trkpt>
      <trkpt lat="42.800433" lon="-2.049159">
        <ele>1223.763</ele>
        <time>2021-03-29T11:52:19Z</time>
      </trkpt>
      <trkpt lat="42.800475" lon="-2.049122">
        <ele>1223.343</ele>
        <time>2021-03-29T11:52:23Z</time>
      </trkpt>
      <trkpt lat="42.800502" lon="-2.049063">
        <ele>1224.590</ele>
        <time>2021-03-29T11:52:27Z</time>
      </trkpt>
      <trkpt lat="42.800521" lon="-2.049005">
        <ele>1225.284</ele>
        <time>2021-03-29T11:52:31Z</time>
      </trkpt>
      <trkpt lat="42.800568" lon="-2.048959">
        <ele>1226.136</ele>
        <time>2021-03-29T11:52:36Z</time>
      </trkpt>
      <trkpt lat="42.800608" lon="-2.048916">
        <ele>1226.583</ele>
        <time>2021-03-29T11:52:41Z</time>
      </trkpt>
      <trkpt lat="42.800646" lon="-2.048877">
        <ele>1226.725</ele>
        <time>2021-03-29T11:52:54Z</time>
      </trkpt>
      <trkpt lat="42.800623" lon="-2.048932">
        <ele>1226.517</ele>
        <time>2021-03-29T11:53:29Z</time>
      </trkpt>
      <trkpt lat="42.800665" lon="-2.048892">
        <ele>1226.808</ele>
        <time>2021-03-29T11:53:44Z</time>
      </trkpt>
      <trkpt lat="42.800694" lon="-2.048837">
        <ele>1227.114</ele>
        <time>2021-03-29T11:53:48Z</time>
      </trkpt>
      <trkpt lat="42.800729" lon="-2.048790">
        <ele>1226.837</ele>
        <time>2021-03-29T11:54:50Z</time>
      </trkpt>
      <trkpt lat="42.800774" lon="-2.048766">
        <ele>1226.728</ele>
        <time>2021-03-29T11:54:55Z</time>
      </trkpt>
      <trkpt lat="42.800827" lon="-2.048753">
        <ele>1226.547</ele>
        <time>2021-03-29T11:54:58Z</time>
      </trkpt>
      <trkpt lat="42.800873" lon="-2.048734">
        <ele>1225.967</ele>
        <time>2021-03-29T11:55:01Z</time>
      </trkpt>
      <trkpt lat="42.800934" lon="-2.048715">
        <ele>1225.764</ele>
        <time>2021-03-29T11:55:05Z</time>
      </trkpt>
      <trkpt lat="42.800985" lon="-2.048705">
        <ele>1225.078</ele>
        <time>2021-03-29T11:55:09Z</time>
      </trkpt>
      <trkpt lat="42.801036" lon="-2.048681">
        <ele>1224.490</ele>
        <time>2021-03-29T11:55:13Z</time>
      </trkpt>
      <trkpt lat="42.801080" lon="-2.048669">
        <ele>1224.148</ele>
        <time>2021-03-29T11:55:17Z</time>
      </trkpt>
      <trkpt lat="42.801135" lon="-2.048657">
        <ele>1223.761</ele>
        <time>2021-03-29T11:55:21Z</time>
      </trkpt>
      <trkpt lat="42.801183" lon="-2.048638">
        <ele>1223.017</ele>
        <time>2021-03-29T11:55:25Z</time>
      </trkpt>
      <trkpt lat="42.801231" lon="-2.048600">
        <ele>1222.908</ele>
        <time>2021-03-29T11:55:29Z</time>
      </trkpt>
      <trkpt lat="42.801275" lon="-2.048550">
        <ele>1223.060</ele>
        <time>2021-03-29T11:55:34Z</time>
      </trkpt>
      <trkpt lat="42.801316" lon="-2.048521">
        <ele>1222.653</ele>
        <time>2021-03-29T11:55:37Z</time>
      </trkpt>
      <trkpt lat="42.801358" lon="-2.048479">
        <ele>1221.744</ele>
        <time>2021-03-29T11:55:41Z</time>
      </trkpt>
      <trkpt lat="42.801397" lon="-2.048427">
        <ele>1221.693</ele>
        <time>2021-03-29T11:55:45Z</time>
      </trkpt>
      <trkpt lat="42.801439" lon="-2.048381">
        <ele>1221.273</ele>
        <time>2021-03-29T11:55:49Z</time>
      </trkpt>
      <trkpt lat="42.801481" lon="-2.048332">
        <ele>1220.560</ele>
        <time>2021-03-29T11:55:53Z</time>
      </trkpt>
      <trkpt lat="42.801523" lon="-2.048280">
        <ele>1220.064</ele>
        <time>2021-03-29T11:55:57Z</time>
      </trkpt>
      <trkpt lat="42.801533" lon="-2.048207">
        <ele>1219.436</ele>
        <time>2021-03-29T11:56:01Z</time>
      </trkpt>
      <trkpt lat="42.801578" lon="-2.048173">
        <ele>1220.782</ele>
        <time>2021-03-29T11:57:07Z</time>
      </trkpt>
      <trkpt lat="42.801616" lon="-2.048131">
        <ele>1220.443</ele>
        <time>2021-03-29T11:57:11Z</time>
      </trkpt>
      <trkpt lat="42.801667" lon="-2.048128">
        <ele>1219.917</ele>
        <time>2021-03-29T11:57:14Z</time>
      </trkpt>
      <trkpt lat="42.801720" lon="-2.048127">
        <ele>1219.908</ele>
        <time>2021-03-29T11:57:18Z</time>
      </trkpt>
      <trkpt lat="42.801763" lon="-2.048111">
        <ele>1219.234</ele>
        <time>2021-03-29T11:57:22Z</time>
      </trkpt>
      <trkpt lat="42.801807" lon="-2.048138">
        <ele>1218.767</ele>
        <time>2021-03-29T11:57:26Z</time>
      </trkpt>
      <trkpt lat="42.801846" lon="-2.048172">
        <ele>1217.078</ele>
        <time>2021-03-29T11:57:29Z</time>
      </trkpt>
      <trkpt lat="42.801895" lon="-2.048196">
        <ele>1216.377</ele>
        <time>2021-03-29T11:57:32Z</time>
      </trkpt>
      <trkpt lat="42.801940" lon="-2.048200">
        <ele>1215.227</ele>
        <time>2021-03-29T11:57:37Z</time>
      </trkpt>
      <trkpt lat="42.801990" lon="-2.048242">
        <ele>1213.684</ele>
        <time>2021-03-29T11:57:43Z</time>
      </trkpt>
      <trkpt lat="42.802037" lon="-2.048263">
        <ele>1212.998</ele>
        <time>2021-03-29T11:57:46Z</time>
      </trkpt>
      <trkpt lat="42.802081" lon="-2.048280">
        <ele>1212.630</ele>
        <time>2021-03-29T11:57:48Z</time>
      </trkpt>
      <trkpt lat="42.802142" lon="-2.048320">
        <ele>1212.561</ele>
        <time>2021-03-29T11:57:51Z</time>
      </trkpt>
      <trkpt lat="42.802195" lon="-2.048360">
        <ele>1212.221</ele>
        <time>2021-03-29T11:57:54Z</time>
      </trkpt>
      <trkpt lat="42.802249" lon="-2.048369">
        <ele>1211.513</ele>
        <time>2021-03-29T11:57:58Z</time>
      </trkpt>
      <trkpt lat="42.802296" lon="-2.048358">
        <ele>1211.508</ele>
        <time>2021-03-29T11:58:04Z</time>
      </trkpt>
      <trkpt lat="42.802358" lon="-2.048351">
        <ele>1211.062</ele>
        <time>2021-03-29T11:58:08Z</time>
      </trkpt>
      <trkpt lat="42.802414" lon="-2.048324">
        <ele>1211.465</ele>
        <time>2021-03-29T11:58:12Z</time>
      </trkpt>
      <trkpt lat="42.802456" lon="-2.048295">
        <ele>1211.956</ele>
        <time>2021-03-29T11:58:15Z</time>
      </trkpt>
      <trkpt lat="42.802503" lon="-2.048279">
        <ele>1212.795</ele>
        <time>2021-03-29T11:58:19Z</time>
      </trkpt>
      <trkpt lat="42.802549" lon="-2.048271">
        <ele>1213.475</ele>
        <time>2021-03-29T11:58:23Z</time>
      </trkpt>
      <trkpt lat="42.802598" lon="-2.048271">
        <ele>1213.312</ele>
        <time>2021-03-29T11:58:28Z</time>
      </trkpt>
      <trkpt lat="42.802647" lon="-2.048256">
        <ele>1213.016</ele>
        <time>2021-03-29T11:58:33Z</time>
      </trkpt>
      <trkpt lat="42.802690" lon="-2.048223">
        <ele>1212.798</ele>
        <time>2021-03-29T11:58:37Z</time>
      </trkpt>
      <trkpt lat="42.802731" lon="-2.048190">
        <ele>1212.076</ele>
        <time>2021-03-29T11:58:41Z</time>
      </trkpt>
      <trkpt lat="42.802780" lon="-2.048148">
        <ele>1211.690</ele>
        <time>2021-03-29T11:58:45Z</time>
      </trkpt>
      <trkpt lat="42.802825" lon="-2.048114">
        <ele>1211.319</ele>
        <time>2021-03-29T11:58:48Z</time>
      </trkpt>
      <trkpt lat="42.802864" lon="-2.048080">
        <ele>1211.708</ele>
        <time>2021-03-29T11:58:51Z</time>
      </trkpt>
      <trkpt lat="42.802910" lon="-2.048058">
        <ele>1212.783</ele>
        <time>2021-03-29T11:58:55Z</time>
      </trkpt>
      <trkpt lat="42.802967" lon="-2.048043">
        <ele>1212.876</ele>
        <time>2021-03-29T11:58:59Z</time>
      </trkpt>
      <trkpt lat="42.803009" lon="-2.048011">
        <ele>1212.747</ele>
        <time>2021-03-29T11:59:03Z</time>
      </trkpt>
      <trkpt lat="42.803056" lon="-2.048007">
        <ele>1213.256</ele>
        <time>2021-03-29T11:59:07Z</time>
      </trkpt>
      <trkpt lat="42.803106" lon="-2.048005">
        <ele>1212.936</ele>
        <time>2021-03-29T11:59:11Z</time>
      </trkpt>
      <trkpt lat="42.803158" lon="-2.047999">
        <ele>1213.443</ele>
        <time>2021-03-29T11:59:15Z</time>
      </trkpt>
      <trkpt lat="42.803191" lon="-2.047956">
        <ele>1213.367</ele>
        <time>2021-03-29T11:59:19Z</time>
      </trkpt>
      <trkpt lat="42.803207" lon="-2.048045">
        <ele>1213.979</ele>
        <time>2021-03-29T11:59:25Z</time>
      </trkpt>
      <trkpt lat="42.803233" lon="-2.047986">
        <ele>1213.861</ele>
        <time>2021-03-29T11:59:31Z</time>
      </trkpt>
      <trkpt lat="42.803261" lon="-2.047928">
        <ele>1213.221</ele>
        <time>2021-03-29T11:59:34Z</time>
      </trkpt>
      <trkpt lat="42.803298" lon="-2.047890">
        <ele>1212.013</ele>
        <time>2021-03-29T11:59:37Z</time>
      </trkpt>
      <trkpt lat="42.803343" lon="-2.047864">
        <ele>1211.408</ele>
        <time>2021-03-29T11:59:41Z</time>
      </trkpt>
      <trkpt lat="42.803388" lon="-2.047855">
        <ele>1211.322</ele>
        <time>2021-03-29T11:59:45Z</time>
      </trkpt>
      <trkpt lat="42.803438" lon="-2.047811">
        <ele>1211.315</ele>
        <time>2021-03-29T11:59:49Z</time>
      </trkpt>
      <trkpt lat="42.803481" lon="-2.047794">
        <ele>1211.216</ele>
        <time>2021-03-29T11:59:52Z</time>
      </trkpt>
      <trkpt lat="42.803526" lon="-2.047783">
        <ele>1211.015</ele>
        <time>2021-03-29T11:59:55Z</time>
      </trkpt>
      <trkpt lat="42.803580" lon="-2.047774">
        <ele>1210.425</ele>
        <time>2021-03-29T11:59:58Z</time>
      </trkpt>
      <trkpt lat="42.803630" lon="-2.047760">
        <ele>1209.822</ele>
        <time>2021-03-29T12:00:02Z</time>
      </trkpt>
      <trkpt lat="42.803681" lon="-2.047746">
        <ele>1209.546</ele>
        <time>2021-03-29T12:00:05Z</time>
      </trkpt>
      <trkpt lat="42.803734" lon="-2.047751">
        <ele>1209.418</ele>
        <time>2021-03-29T12:00:09Z</time>
      </trkpt>
      <trkpt lat="42.803791" lon="-2.047755">
        <ele>1209.555</ele>
        <time>2021-03-29T12:00:14Z</time>
      </trkpt>
      <trkpt lat="42.803847" lon="-2.047750">
        <ele>1209.207</ele>
        <time>2021-03-29T12:00:19Z</time>
      </trkpt>
      <trkpt lat="42.803881" lon="-2.047702">
        <ele>1207.917</ele>
        <time>2021-03-29T12:00:23Z</time>
      </trkpt>
      <trkpt lat="42.803918" lon="-2.047645">
        <ele>1206.608</ele>
        <time>2021-03-29T12:00:27Z</time>
      </trkpt>
      <trkpt lat="42.803958" lon="-2.047598">
        <ele>1204.721</ele>
        <time>2021-03-29T12:00:32Z</time>
      </trkpt>
      <trkpt lat="42.803985" lon="-2.047543">
        <ele>1203.334</ele>
        <time>2021-03-29T12:00:36Z</time>
      </trkpt>
      <trkpt lat="42.804027" lon="-2.047501">
        <ele>1202.575</ele>
        <time>2021-03-29T12:00:40Z</time>
      </trkpt>
      <trkpt lat="42.804073" lon="-2.047479">
        <ele>1201.884</ele>
        <time>2021-03-29T12:00:45Z</time>
      </trkpt>
      <trkpt lat="42.804120" lon="-2.047486">
        <ele>1201.014</ele>
        <time>2021-03-29T12:00:49Z</time>
      </trkpt>
      <trkpt lat="42.804161" lon="-2.047510">
        <ele>1199.881</ele>
        <time>2021-03-29T12:00:53Z</time>
      </trkpt>
      <trkpt lat="42.804212" lon="-2.047529">
        <ele>1199.335</ele>
        <time>2021-03-29T12:00:57Z</time>
      </trkpt>
      <trkpt lat="42.804269" lon="-2.047542">
        <ele>1198.227</ele>
        <time>2021-03-29T12:01:01Z</time>
      </trkpt>
      <trkpt lat="42.804326" lon="-2.047515">
        <ele>1198.756</ele>
        <time>2021-03-29T12:01:06Z</time>
      </trkpt>
      <trkpt lat="42.804373" lon="-2.047465">
        <ele>1198.959</ele>
        <time>2021-03-29T12:01:10Z</time>
      </trkpt>
      <trkpt lat="42.804407" lon="-2.047425">
        <ele>1198.614</ele>
        <time>2021-03-29T12:01:13Z</time>
      </trkpt>
      <trkpt lat="42.804440" lon="-2.047372">
        <ele>1198.108</ele>
        <time>2021-03-29T12:01:17Z</time>
      </trkpt>
      <trkpt lat="42.804474" lon="-2.047329">
        <ele>1197.591</ele>
        <time>2021-03-29T12:01:21Z</time>
      </trkpt>
      <trkpt lat="42.804519" lon="-2.047298">
        <ele>1196.644</ele>
        <time>2021-03-29T12:01:25Z</time>
      </trkpt>
      <trkpt lat="42.804578" lon="-2.047280">
        <ele>1196.055</ele>
        <time>2021-03-29T12:01:29Z</time>
      </trkpt>
      <trkpt lat="42.804626" lon="-2.047291">
        <ele>1195.844</ele>
        <time>2021-03-29T12:01:32Z</time>
      </trkpt>
      <trkpt lat="42.804676" lon="-2.047306">
        <ele>1195.084</ele>
        <time>2021-03-29T12:01:36Z</time>
      </trkpt>
      <trkpt lat="42.804727" lon="-2.047282">
        <ele>1193.941</ele>
        <time>2021-03-29T12:01:40Z</time>
      </trkpt>
      <trkpt lat="42.804762" lon="-2.047233">
        <ele>1192.925</ele>
        <time>2021-03-29T12:01:44Z</time>
      </trkpt>
      <trkpt lat="42.804799" lon="-2.047196">
        <ele>1192.147</ele>
        <time>2021-03-29T12:01:47Z</time>
      </trkpt>
      <trkpt lat="42.804839" lon="-2.047158">
        <ele>1190.746</ele>
        <time>2021-03-29T12:01:52Z</time>
      </trkpt>
      <trkpt lat="42.804870" lon="-2.047110">
        <ele>1190.388</ele>
        <time>2021-03-29T12:01:57Z</time>
      </trkpt>
      <trkpt lat="42.804906" lon="-2.047053">
        <ele>1189.616</ele>
        <time>2021-03-29T12:02:02Z</time>
      </trkpt>
      <trkpt lat="42.804936" lon="-2.046991">
        <ele>1189.108</ele>
        <time>2021-03-29T12:02:06Z</time>
      </trkpt>
      <trkpt lat="42.804959" lon="-2.046926">
        <ele>1188.640</ele>
        <time>2021-03-29T12:02:10Z</time>
      </trkpt>
      <trkpt lat="42.804972" lon="-2.046862">
        <ele>1188.273</ele>
        <time>2021-03-29T12:02:14Z</time>
      </trkpt>
      <trkpt lat="42.805002" lon="-2.046808">
        <ele>1187.524</ele>
        <time>2021-03-29T12:02:18Z</time>
      </trkpt>
      <trkpt lat="42.805029" lon="-2.046751">
        <ele>1187.543</ele>
        <time>2021-03-29T12:02:22Z</time>
      </trkpt>
      <trkpt lat="42.805030" lon="-2.046676">
        <ele>1186.913</ele>
        <time>2021-03-29T12:02:26Z</time>
      </trkpt>
      <trkpt lat="42.805051" lon="-2.046613">
        <ele>1186.360</ele>
        <time>2021-03-29T12:02:30Z</time>
      </trkpt>
      <trkpt lat="42.805085" lon="-2.046558">
        <ele>1185.294</ele>
        <time>2021-03-29T12:02:34Z</time>
      </trkpt>
      <trkpt lat="42.805123" lon="-2.046523">
        <ele>1183.656</ele>
        <time>2021-03-29T12:02:37Z</time>
      </trkpt>
      <trkpt lat="42.805156" lon="-2.046475">
        <ele>1183.355</ele>
        <time>2021-03-29T12:02:47Z</time>
      </trkpt>
      <trkpt lat="42.805205" lon="-2.046435">
        <ele>1182.607</ele>
        <time>2021-03-29T12:02:51Z</time>
      </trkpt>
      <trkpt lat="42.805234" lon="-2.046385">
        <ele>1182.017</ele>
        <time>2021-03-29T12:02:54Z</time>
      </trkpt>
      <trkpt lat="42.805252" lon="-2.046317">
        <ele>1180.908</ele>
        <time>2021-03-29T12:02:58Z</time>
      </trkpt>
      <trkpt lat="42.805262" lon="-2.046257">
        <ele>1180.111</ele>
        <time>2021-03-29T12:03:01Z</time>
      </trkpt>
      <trkpt lat="42.805298" lon="-2.046193">
        <ele>1179.764</ele>
        <time>2021-03-29T12:03:06Z</time>
      </trkpt>
      <trkpt lat="42.805333" lon="-2.046154">
        <ele>1177.765</ele>
        <time>2021-03-29T12:03:10Z</time>
      </trkpt>
      <trkpt lat="42.805368" lon="-2.046110">
        <ele>1177.474</ele>
        <time>2021-03-29T12:03:13Z</time>
      </trkpt>
      <trkpt lat="42.805406" lon="-2.046065">
        <ele>1177.294</ele>
        <time>2021-03-29T12:03:17Z</time>
      </trkpt>
      <trkpt lat="42.805436" lon="-2.046000">
        <ele>1176.231</ele>
        <time>2021-03-29T12:03:22Z</time>
      </trkpt>
      <trkpt lat="42.805455" lon="-2.045938">
        <ele>1175.775</ele>
        <time>2021-03-29T12:03:26Z</time>
      </trkpt>
      <trkpt lat="42.805471" lon="-2.045875">
        <ele>1176.387</ele>
        <time>2021-03-29T12:03:30Z</time>
      </trkpt>
      <trkpt lat="42.805491" lon="-2.045809">
        <ele>1176.314</ele>
        <time>2021-03-29T12:03:34Z</time>
      </trkpt>
      <trkpt lat="42.805520" lon="-2.045742">
        <ele>1175.554</ele>
        <time>2021-03-29T12:03:39Z</time>
      </trkpt>
      <trkpt lat="42.805539" lon="-2.045683">
        <ele>1175.009</ele>
        <time>2021-03-29T12:03:42Z</time>
      </trkpt>
      <trkpt lat="42.805579" lon="-2.045647">
        <ele>1174.608</ele>
        <time>2021-03-29T12:03:46Z</time>
      </trkpt>
      <trkpt lat="42.805631" lon="-2.045647">
        <ele>1174.177</ele>
        <time>2021-03-29T12:03:51Z</time>
      </trkpt>
      <trkpt lat="42.805676" lon="-2.045658">
        <ele>1173.790</ele>
        <time>2021-03-29T12:04:05Z</time>
      </trkpt>
      <trkpt lat="42.805728" lon="-2.045655">
        <ele>1172.851</ele>
        <time>2021-03-29T12:04:09Z</time>
      </trkpt>
      <trkpt lat="42.805770" lon="-2.045633">
        <ele>1172.520</ele>
        <time>2021-03-29T12:04:13Z</time>
      </trkpt>
      <trkpt lat="42.805810" lon="-2.045588">
        <ele>1173.730</ele>
        <time>2021-03-29T12:04:17Z</time>
      </trkpt>
      <trkpt lat="42.805854" lon="-2.045545">
        <ele>1173.467</ele>
        <time>2021-03-29T12:04:22Z</time>
      </trkpt>
      <trkpt lat="42.805887" lon="-2.045491">
        <ele>1173.181</ele>
        <time>2021-03-29T12:04:27Z</time>
      </trkpt>
      <trkpt lat="42.805901" lon="-2.045431">
        <ele>1172.293</ele>
        <time>2021-03-29T12:04:32Z</time>
      </trkpt>
      <trkpt lat="42.805899" lon="-2.045369">
        <ele>1172.391</ele>
        <time>2021-03-29T12:04:38Z</time>
      </trkpt>
      <trkpt lat="42.805859" lon="-2.045327">
        <ele>1172.981</ele>
        <time>2021-03-29T12:04:54Z</time>
      </trkpt>
      <trkpt lat="42.805822" lon="-2.045274">
        <ele>1173.919</ele>
        <time>2021-03-29T12:04:58Z</time>
      </trkpt>
      <trkpt lat="42.805785" lon="-2.045236">
        <ele>1174.008</ele>
        <time>2021-03-29T12:05:02Z</time>
      </trkpt>
      <trkpt lat="42.805742" lon="-2.045192">
        <ele>1173.715</ele>
        <time>2021-03-29T12:05:06Z</time>
      </trkpt>
      <trkpt lat="42.805703" lon="-2.045141">
        <ele>1173.758</ele>
        <time>2021-03-29T12:05:10Z</time>
      </trkpt>
      <trkpt lat="42.805688" lon="-2.045070">
        <ele>1173.549</ele>
        <time>2021-03-29T12:05:14Z</time>
      </trkpt>
      <trkpt lat="42.805690" lon="-2.045006">
        <ele>1173.618</ele>
        <time>2021-03-29T12:05:18Z</time>
      </trkpt>
      <trkpt lat="42.805716" lon="-2.044950">
        <ele>1173.538</ele>
        <time>2021-03-29T12:05:22Z</time>
      </trkpt>
      <trkpt lat="42.805741" lon="-2.044890">
        <ele>1173.055</ele>
        <time>2021-03-29T12:05:27Z</time>
      </trkpt>
      <trkpt lat="42.805764" lon="-2.044830">
        <ele>1172.899</ele>
        <time>2021-03-29T12:05:31Z</time>
      </trkpt>
      <trkpt lat="42.805790" lon="-2.044779">
        <ele>1173.051</ele>
        <time>2021-03-29T12:05:35Z</time>
      </trkpt>
      <trkpt lat="42.805814" lon="-2.044710">
        <ele>1172.195</ele>
        <time>2021-03-29T12:05:39Z</time>
      </trkpt>
      <trkpt lat="42.805824" lon="-2.044644">
        <ele>1172.049</ele>
        <time>2021-03-29T12:05:43Z</time>
      </trkpt>
      <trkpt lat="42.805847" lon="-2.044583">
        <ele>1171.623</ele>
        <time>2021-03-29T12:05:47Z</time>
      </trkpt>
      <trkpt lat="42.805877" lon="-2.044526">
        <ele>1171.208</ele>
        <time>2021-03-29T12:05:52Z</time>
      </trkpt>
      <trkpt lat="42.805909" lon="-2.044477">
        <ele>1171.685</ele>
        <time>2021-03-29T12:05:56Z</time>
      </trkpt>
      <trkpt lat="42.805940" lon="-2.044430">
        <ele>1171.348</ele>
        <time>2021-03-29T12:06:00Z</time>
      </trkpt>
      <trkpt lat="42.805974" lon="-2.044382">
        <ele>1171.979</ele>
        <time>2021-03-29T12:06:05Z</time>
      </trkpt>
      <trkpt lat="42.806011" lon="-2.044322">
        <ele>1172.248</ele>
        <time>2021-03-29T12:06:19Z</time>
      </trkpt>
      <trkpt lat="42.806036" lon="-2.044266">
        <ele>1172.358</ele>
        <time>2021-03-29T12:06:22Z</time>
      </trkpt>
      <trkpt lat="42.806064" lon="-2.044214">
        <ele>1171.915</ele>
        <time>2021-03-29T12:06:26Z</time>
      </trkpt>
      <trkpt lat="42.806105" lon="-2.044178">
        <ele>1171.349</ele>
        <time>2021-03-29T12:06:30Z</time>
      </trkpt>
      <trkpt lat="42.806133" lon="-2.044111">
        <ele>1169.451</ele>
        <time>2021-03-29T12:06:40Z</time>
      </trkpt>
      <trkpt lat="42.806168" lon="-2.044054">
        <ele>1168.911</ele>
        <time>2021-03-29T12:06:44Z</time>
      </trkpt>
      <trkpt lat="42.806199" lon="-2.044007">
        <ele>1167.821</ele>
        <time>2021-03-29T12:06:47Z</time>
      </trkpt>
      <trkpt lat="42.806235" lon="-2.043963">
        <ele>1167.603</ele>
        <time>2021-03-29T12:06:51Z</time>
      </trkpt>
      <trkpt lat="42.806268" lon="-2.043906">
        <ele>1167.808</ele>
        <time>2021-03-29T12:06:55Z</time>
      </trkpt>
      <trkpt lat="42.806307" lon="-2.043858">
        <ele>1168.127</ele>
        <time>2021-03-29T12:06:59Z</time>
      </trkpt>
      <trkpt lat="42.806348" lon="-2.043832">
        <ele>1168.310</ele>
        <time>2021-03-29T12:07:02Z</time>
      </trkpt>
      <trkpt lat="42.806383" lon="-2.043792">
        <ele>1169.071</ele>
        <time>2021-03-29T12:07:06Z</time>
      </trkpt>
      <trkpt lat="42.806419" lon="-2.043746">
        <ele>1169.230</ele>
        <time>2021-03-29T12:07:09Z</time>
      </trkpt>
      <trkpt lat="42.806455" lon="-2.043697">
        <ele>1169.530</ele>
        <time>2021-03-29T12:07:14Z</time>
      </trkpt>
      <trkpt lat="42.806497" lon="-2.043651">
        <ele>1169.647</ele>
        <time>2021-03-29T12:07:18Z</time>
      </trkpt>
      <trkpt lat="42.806542" lon="-2.043600">
        <ele>1170.261</ele>
        <time>2021-03-29T12:07:23Z</time>
      </trkpt>
      <trkpt lat="42.806571" lon="-2.043544">
        <ele>1169.943</ele>
        <time>2021-03-29T12:07:27Z</time>
      </trkpt>
      <trkpt lat="42.806607" lon="-2.043487">
        <ele>1170.025</ele>
        <time>2021-03-29T12:07:31Z</time>
      </trkpt>
      <trkpt lat="42.806646" lon="-2.043448">
        <ele>1168.626</ele>
        <time>2021-03-29T12:07:35Z</time>
      </trkpt>
      <trkpt lat="42.806686" lon="-2.043398">
        <ele>1168.408</ele>
        <time>2021-03-29T12:07:39Z</time>
      </trkpt>
      <trkpt lat="42.806715" lon="-2.043350">
        <ele>1168.008</ele>
        <time>2021-03-29T12:07:43Z</time>
      </trkpt>
      <trkpt lat="42.806757" lon="-2.043318">
        <ele>1169.068</ele>
        <time>2021-03-29T12:07:48Z</time>
      </trkpt>
      <trkpt lat="42.806772" lon="-2.043256">
        <ele>1170.321</ele>
        <time>2021-03-29T12:08:16Z</time>
      </trkpt>
      <trkpt lat="42.806793" lon="-2.043196">
        <ele>1170.232</ele>
        <time>2021-03-29T12:08:20Z</time>
      </trkpt>
      <trkpt lat="42.806807" lon="-2.043128">
        <ele>1170.731</ele>
        <time>2021-03-29T12:08:23Z</time>
      </trkpt>
      <trkpt lat="42.806789" lon="-2.043070">
        <ele>1170.271</ele>
        <time>2021-03-29T12:08:27Z</time>
      </trkpt>
      <trkpt lat="42.806768" lon="-2.043008">
        <ele>1169.288</ele>
        <time>2021-03-29T12:08:33Z</time>
      </trkpt>
      <trkpt lat="42.806764" lon="-2.042946">
        <ele>1168.692</ele>
        <time>2021-03-29T12:08:38Z</time>
      </trkpt>
      <trkpt lat="42.806732" lon="-2.042882">
        <ele>1168.124</ele>
        <time>2021-03-29T12:08:43Z</time>
      </trkpt>
      <trkpt lat="42.806696" lon="-2.042837">
        <ele>1168.491</ele>
        <time>2021-03-29T12:08:47Z</time>
      </trkpt>
      <trkpt lat="42.806652" lon="-2.042826">
        <ele>1167.081</ele>
        <time>2021-03-29T12:09:48Z</time>
      </trkpt>
      <trkpt lat="42.806593" lon="-2.042827">
        <ele>1166.319</ele>
        <time>2021-03-29T12:09:56Z</time>
      </trkpt>
      <trkpt lat="42.806573" lon="-2.042772">
        <ele>1166.508</ele>
        <time>2021-03-29T12:10:05Z</time>
      </trkpt>
      <trkpt lat="42.806526" lon="-2.042748">
        <ele>1166.495</ele>
        <time>2021-03-29T12:10:21Z</time>
      </trkpt>
      <trkpt lat="42.806489" lon="-2.042706">
        <ele>1167.648</ele>
        <time>2021-03-29T12:10:26Z</time>
      </trkpt>
      <trkpt lat="42.806459" lon="-2.042657">
        <ele>1166.819</ele>
        <time>2021-03-29T12:10:36Z</time>
      </trkpt>
      <trkpt lat="42.806429" lon="-2.042610">
        <ele>1167.428</ele>
        <time>2021-03-29T12:10:41Z</time>
      </trkpt>
      <trkpt lat="42.806433" lon="-2.042533">
        <ele>1166.688</ele>
        <time>2021-03-29T12:10:45Z</time>
      </trkpt>
      <trkpt lat="42.806446" lon="-2.042468">
        <ele>1166.065</ele>
        <time>2021-03-29T12:10:49Z</time>
      </trkpt>
      <trkpt lat="42.806446" lon="-2.042402">
        <ele>1165.889</ele>
        <time>2021-03-29T12:10:53Z</time>
      </trkpt>
      <trkpt lat="42.806459" lon="-2.042334">
        <ele>1166.691</ele>
        <time>2021-03-29T12:10:58Z</time>
      </trkpt>
      <trkpt lat="42.806480" lon="-2.042277">
        <ele>1166.693</ele>
        <time>2021-03-29T12:11:02Z</time>
      </trkpt>
      <trkpt lat="42.806512" lon="-2.042225">
        <ele>1166.365</ele>
        <time>2021-03-29T12:11:05Z</time>
      </trkpt>
      <trkpt lat="42.806541" lon="-2.042169">
        <ele>1165.621</ele>
        <time>2021-03-29T12:11:09Z</time>
      </trkpt>
      <trkpt lat="42.806549" lon="-2.042100">
        <ele>1165.008</ele>
        <time>2021-03-29T12:11:12Z</time>
      </trkpt>
      <trkpt lat="42.806543" lon="-2.042025">
        <ele>1164.215</ele>
        <time>2021-03-29T12:11:16Z</time>
      </trkpt>
      <trkpt lat="42.806527" lon="-2.041965">
        <ele>1164.378</ele>
        <time>2021-03-29T12:11:20Z</time>
      </trkpt>
      <trkpt lat="42.806543" lon="-2.041899">
        <ele>1163.789</ele>
        <time>2021-03-29T12:11:24Z</time>
      </trkpt>
      <trkpt lat="42.806560" lon="-2.041828">
        <ele>1162.928</ele>
        <time>2021-03-29T12:11:29Z</time>
      </trkpt>
      <trkpt lat="42.806564" lon="-2.041761">
        <ele>1162.778</ele>
        <time>2021-03-29T12:11:34Z</time>
      </trkpt>
      <trkpt lat="42.806559" lon="-2.041692">
        <ele>1161.755</ele>
        <time>2021-03-29T12:11:38Z</time>
      </trkpt>
      <trkpt lat="42.806574" lon="-2.041630">
        <ele>1162.169</ele>
        <time>2021-03-29T12:11:42Z</time>
      </trkpt>
      <trkpt lat="42.806580" lon="-2.041567">
        <ele>1162.171</ele>
        <time>2021-03-29T12:11:45Z</time>
      </trkpt>
      <trkpt lat="42.806600" lon="-2.041502">
        <ele>1162.669</ele>
        <time>2021-03-29T12:11:50Z</time>
      </trkpt>
      <trkpt lat="42.806620" lon="-2.041433">
        <ele>1162.404</ele>
        <time>2021-03-29T12:11:54Z</time>
      </trkpt>
      <trkpt lat="42.806631" lon="-2.041372">
        <ele>1162.324</ele>
        <time>2021-03-29T12:11:57Z</time>
      </trkpt>
      <trkpt lat="42.806661" lon="-2.041304">
        <ele>1161.908</ele>
        <time>2021-03-29T12:12:02Z</time>
      </trkpt>
      <trkpt lat="42.806662" lon="-2.041227">
        <ele>1162.742</ele>
        <time>2021-03-29T12:12:06Z</time>
      </trkpt>
      <trkpt lat="42.806697" lon="-2.041175">
        <ele>1162.355</ele>
        <time>2021-03-29T12:12:10Z</time>
      </trkpt>
      <trkpt lat="42.806746" lon="-2.041158">
        <ele>1162.916</ele>
        <time>2021-03-29T12:12:13Z</time>
      </trkpt>
      <trkpt lat="42.806775" lon="-2.041104">
        <ele>1163.425</ele>
        <time>2021-03-29T12:12:17Z</time>
      </trkpt>
      <trkpt lat="42.806807" lon="-2.041050">
        <ele>1164.345</ele>
        <time>2021-03-29T12:12:21Z</time>
      </trkpt>
      <trkpt lat="42.806860" lon="-2.041030">
        <ele>1165.352</ele>
        <time>2021-03-29T12:12:26Z</time>
      </trkpt>
      <trkpt lat="42.806841" lon="-2.040965">
        <ele>1166.396</ele>
        <time>2021-03-29T12:12:30Z</time>
      </trkpt>
      <trkpt lat="42.806801" lon="-2.040925">
        <ele>1164.818</ele>
        <time>2021-03-29T12:12:34Z</time>
      </trkpt>
      <trkpt lat="42.806765" lon="-2.040888">
        <ele>1163.954</ele>
        <time>2021-03-29T12:12:42Z</time>
      </trkpt>
      <trkpt lat="42.806722" lon="-2.040863">
        <ele>1159.956</ele>
        <time>2021-03-29T12:12:47Z</time>
      </trkpt>
      <trkpt lat="42.806701" lon="-2.040787">
        <ele>1155.911</ele>
        <time>2021-03-29T12:12:50Z</time>
      </trkpt>
      <trkpt lat="42.806688" lon="-2.040720">
        <ele>1153.208</ele>
        <time>2021-03-29T12:12:53Z</time>
      </trkpt>
      <trkpt lat="42.806669" lon="-2.040664">
        <ele>1154.251</ele>
        <time>2021-03-29T12:12:55Z</time>
      </trkpt>
      <trkpt lat="42.806643" lon="-2.040598">
        <ele>1155.124</ele>
        <time>2021-03-29T12:12:58Z</time>
      </trkpt>
      <trkpt lat="42.806616" lon="-2.040518">
        <ele>1155.955</ele>
        <time>2021-03-29T12:13:01Z</time>
      </trkpt>
      <trkpt lat="42.806574" lon="-2.040462">
        <ele>1156.734</ele>
        <time>2021-03-29T12:13:05Z</time>
      </trkpt>
      <trkpt lat="42.806554" lon="-2.040388">
        <ele>1157.374</ele>
        <time>2021-03-29T12:13:09Z</time>
      </trkpt>
      <trkpt lat="42.806526" lon="-2.040321">
        <ele>1156.931</ele>
        <time>2021-03-29T12:13:14Z</time>
      </trkpt>
      <trkpt lat="42.806517" lon="-2.040251">
        <ele>1154.095</ele>
        <time>2021-03-29T12:13:18Z</time>
      </trkpt>
      <trkpt lat="42.806495" lon="-2.040197">
        <ele>1151.957</ele>
        <time>2021-03-29T12:13:21Z</time>
      </trkpt>
      <trkpt lat="42.806468" lon="-2.040147">
        <ele>1150.935</ele>
        <time>2021-03-29T12:13:25Z</time>
      </trkpt>
      <trkpt lat="42.806450" lon="-2.040081">
        <ele>1150.486</ele>
        <time>2021-03-29T12:13:29Z</time>
      </trkpt>
      <trkpt lat="42.806437" lon="-2.040020">
        <ele>1150.014</ele>
        <time>2021-03-29T12:13:32Z</time>
      </trkpt>
      <trkpt lat="42.806413" lon="-2.039951">
        <ele>1149.808</ele>
        <time>2021-03-29T12:13:36Z</time>
      </trkpt>
      <trkpt lat="42.806387" lon="-2.039884">
        <ele>1148.959</ele>
        <time>2021-03-29T12:13:40Z</time>
      </trkpt>
      <trkpt lat="42.806356" lon="-2.039835">
        <ele>1148.232</ele>
        <time>2021-03-29T12:13:44Z</time>
      </trkpt>
      <trkpt lat="42.806330" lon="-2.039783">
        <ele>1146.813</ele>
        <time>2021-03-29T12:13:47Z</time>
      </trkpt>
      <trkpt lat="42.806324" lon="-2.039712">
        <ele>1147.772</ele>
        <time>2021-03-29T12:13:52Z</time>
      </trkpt>
      <trkpt lat="42.806320" lon="-2.039648">
        <ele>1149.372</ele>
        <time>2021-03-29T12:13:56Z</time>
      </trkpt>
      <trkpt lat="42.806306" lon="-2.039587">
        <ele>1150.679</ele>
        <time>2021-03-29T12:14:00Z</time>
      </trkpt>
      <trkpt lat="42.806271" lon="-2.039535">
        <ele>1152.313</ele>
        <time>2021-03-29T12:14:04Z</time>
      </trkpt>
      <trkpt lat="42.806238" lon="-2.039488">
        <ele>1153.435</ele>
        <time>2021-03-29T12:14:09Z</time>
      </trkpt>
      <trkpt lat="42.806238" lon="-2.039415">
        <ele>1153.838</ele>
        <time>2021-03-29T12:14:14Z</time>
      </trkpt>
      <trkpt lat="42.806241" lon="-2.039341">
        <ele>1155.470</ele>
        <time>2021-03-29T12:14:18Z</time>
      </trkpt>
      <trkpt lat="42.806235" lon="-2.039279">
        <ele>1156.417</ele>
        <time>2021-03-29T12:14:21Z</time>
      </trkpt>
      <trkpt lat="42.806215" lon="-2.039205">
        <ele>1157.608</ele>
        <time>2021-03-29T12:14:24Z</time>
      </trkpt>
      <trkpt lat="42.806187" lon="-2.039149">
        <ele>1158.829</ele>
        <time>2021-03-29T12:14:27Z</time>
      </trkpt>
      <trkpt lat="42.806165" lon="-2.039081">
        <ele>1159.162</ele>
        <time>2021-03-29T12:14:31Z</time>
      </trkpt>
      <trkpt lat="42.806147" lon="-2.039023">
        <ele>1158.963</ele>
        <time>2021-03-29T12:14:34Z</time>
      </trkpt>
      <trkpt lat="42.806143" lon="-2.038956">
        <ele>1159.412</ele>
        <time>2021-03-29T12:14:38Z</time>
      </trkpt>
      <trkpt lat="42.806127" lon="-2.038898">
        <ele>1160.752</ele>
        <time>2021-03-29T12:14:42Z</time>
      </trkpt>
      <trkpt lat="42.806113" lon="-2.038835">
        <ele>1160.939</ele>
        <time>2021-03-29T12:14:47Z</time>
      </trkpt>
      <trkpt lat="42.806081" lon="-2.038786">
        <ele>1160.943</ele>
        <time>2021-03-29T12:14:51Z</time>
      </trkpt>
      <trkpt lat="42.806020" lon="-2.038708">
        <ele>1161.055</ele>
        <time>2021-03-29T12:14:55Z</time>
      </trkpt>
      <trkpt lat="42.805978" lon="-2.038681">
        <ele>1160.168</ele>
        <time>2021-03-29T12:14:58Z</time>
      </trkpt>
      <trkpt lat="42.805933" lon="-2.038640">
        <ele>1156.842</ele>
        <time>2021-03-29T12:15:01Z</time>
      </trkpt>
      <trkpt lat="42.805886" lon="-2.038616">
        <ele>1154.226</ele>
        <time>2021-03-29T12:15:03Z</time>
      </trkpt>
      <trkpt lat="42.805842" lon="-2.038602">
        <ele>1151.908</ele>
        <time>2021-03-29T12:15:05Z</time>
      </trkpt>
      <trkpt lat="42.805789" lon="-2.038576">
        <ele>1149.642</ele>
        <time>2021-03-29T12:15:08Z</time>
      </trkpt>
      <trkpt lat="42.805731" lon="-2.038546">
        <ele>1147.535</ele>
        <time>2021-03-29T12:15:12Z</time>
      </trkpt>
      <trkpt lat="42.805689" lon="-2.038519">
        <ele>1145.376</ele>
        <time>2021-03-29T12:15:16Z</time>
      </trkpt>
      <trkpt lat="42.805664" lon="-2.038462">
        <ele>1144.085</ele>
        <time>2021-03-29T12:15:20Z</time>
      </trkpt>
      <trkpt lat="42.805627" lon="-2.038425">
        <ele>1142.465</ele>
        <time>2021-03-29T12:15:24Z</time>
      </trkpt>
      <trkpt lat="42.805590" lon="-2.038385">
        <ele>1141.392</ele>
        <time>2021-03-29T12:15:29Z</time>
      </trkpt>
      <trkpt lat="42.805535" lon="-2.038357">
        <ele>1139.276</ele>
        <time>2021-03-29T12:15:34Z</time>
      </trkpt>
      <trkpt lat="42.805490" lon="-2.038315">
        <ele>1139.498</ele>
        <time>2021-03-29T12:15:38Z</time>
      </trkpt>
      <trkpt lat="42.805445" lon="-2.038279">
        <ele>1138.523</ele>
        <time>2021-03-29T12:15:41Z</time>
      </trkpt>
      <trkpt lat="42.805405" lon="-2.038247">
        <ele>1139.583</ele>
        <time>2021-03-29T12:15:43Z</time>
      </trkpt>
      <trkpt lat="42.805361" lon="-2.038206">
        <ele>1139.811</ele>
        <time>2021-03-29T12:15:46Z</time>
      </trkpt>
      <trkpt lat="42.805314" lon="-2.038157">
        <ele>1139.808</ele>
        <time>2021-03-29T12:15:50Z</time>
      </trkpt>
      <trkpt lat="42.805275" lon="-2.038115">
        <ele>1141.128</ele>
        <time>2021-03-29T12:15:54Z</time>
      </trkpt>
      <trkpt lat="42.805247" lon="-2.038062">
        <ele>1142.061</ele>
        <time>2021-03-29T12:15:58Z</time>
      </trkpt>
      <trkpt lat="42.805223" lon="-2.037989">
        <ele>1142.022</ele>
        <time>2021-03-29T12:16:02Z</time>
      </trkpt>
      <trkpt lat="42.805193" lon="-2.037938">
        <ele>1141.521</ele>
        <time>2021-03-29T12:16:05Z</time>
      </trkpt>
      <trkpt lat="42.805162" lon="-2.037883">
        <ele>1140.521</ele>
        <time>2021-03-29T12:16:08Z</time>
      </trkpt>
      <trkpt lat="42.805147" lon="-2.037816">
        <ele>1140.858</ele>
        <time>2021-03-29T12:16:11Z</time>
      </trkpt>
      <trkpt lat="42.805155" lon="-2.037741">
        <ele>1139.722</ele>
        <time>2021-03-29T12:16:15Z</time>
      </trkpt>
      <trkpt lat="42.805121" lon="-2.037692">
        <ele>1139.584</ele>
        <time>2021-03-29T12:16:18Z</time>
      </trkpt>
      <trkpt lat="42.805085" lon="-2.037652">
        <ele>1138.436</ele>
        <time>2021-03-29T12:16:21Z</time>
      </trkpt>
      <trkpt lat="42.805057" lon="-2.037600">
        <ele>1136.917</ele>
        <time>2021-03-29T12:16:24Z</time>
      </trkpt>
      <trkpt lat="42.805038" lon="-2.037540">
        <ele>1136.318</ele>
        <time>2021-03-29T12:16:26Z</time>
      </trkpt>
      <trkpt lat="42.805019" lon="-2.037474">
        <ele>1135.708</ele>
        <time>2021-03-29T12:16:29Z</time>
      </trkpt>
      <trkpt lat="42.804999" lon="-2.037410">
        <ele>1135.089</ele>
        <time>2021-03-29T12:16:31Z</time>
      </trkpt>
      <trkpt lat="42.804975" lon="-2.037324">
        <ele>1135.232</ele>
        <time>2021-03-29T12:16:34Z</time>
      </trkpt>
      <trkpt lat="42.804956" lon="-2.037249">
        <ele>1133.313</ele>
        <time>2021-03-29T12:16:37Z</time>
      </trkpt>
      <trkpt lat="42.804947" lon="-2.037187">
        <ele>1133.732</ele>
        <time>2021-03-29T12:16:39Z</time>
      </trkpt>
      <trkpt lat="42.804958" lon="-2.037108">
        <ele>1133.592</ele>
        <time>2021-03-29T12:16:42Z</time>
      </trkpt>
      <trkpt lat="42.804966" lon="-2.037037">
        <ele>1131.959</ele>
        <time>2021-03-29T12:16:45Z</time>
      </trkpt>
      <trkpt lat="42.804949" lon="-2.036974">
        <ele>1130.743</ele>
        <time>2021-03-29T12:16:48Z</time>
      </trkpt>
      <trkpt lat="42.804952" lon="-2.036901">
        <ele>1130.595</ele>
        <time>2021-03-29T12:16:51Z</time>
      </trkpt>
      <trkpt lat="42.804959" lon="-2.036822">
        <ele>1130.335</ele>
        <time>2021-03-29T12:16:55Z</time>
      </trkpt>
      <trkpt lat="42.804988" lon="-2.036764">
        <ele>1130.286</ele>
        <time>2021-03-29T12:16:58Z</time>
      </trkpt>
      <trkpt lat="42.805029" lon="-2.036724">
        <ele>1129.814</ele>
        <time>2021-03-29T12:17:02Z</time>
      </trkpt>
      <trkpt lat="42.805056" lon="-2.036671">
        <ele>1128.908</ele>
        <time>2021-03-29T12:17:06Z</time>
      </trkpt>
      <trkpt lat="42.805089" lon="-2.036628">
        <ele>1128.489</ele>
        <time>2021-03-29T12:17:11Z</time>
      </trkpt>
      <trkpt lat="42.805123" lon="-2.036585">
        <ele>1128.922</ele>
        <time>2021-03-29T12:17:16Z</time>
      </trkpt>
      <trkpt lat="42.805172" lon="-2.036569">
        <ele>1128.163</ele>
        <time>2021-03-29T12:17:20Z</time>
      </trkpt>
      <trkpt lat="42.805224" lon="-2.036563">
        <ele>1127.732</ele>
        <time>2021-03-29T12:17:23Z</time>
      </trkpt>
      <trkpt lat="42.805270" lon="-2.036565">
        <ele>1126.412</ele>
        <time>2021-03-29T12:17:26Z</time>
      </trkpt>
      <trkpt lat="42.805320" lon="-2.036563">
        <ele>1124.799</ele>
        <time>2021-03-29T12:17:29Z</time>
      </trkpt>
      <trkpt lat="42.805378" lon="-2.036549">
        <ele>1123.233</ele>
        <time>2021-03-29T12:17:32Z</time>
      </trkpt>
      <trkpt lat="42.805421" lon="-2.036569">
        <ele>1121.925</ele>
        <time>2021-03-29T12:17:36Z</time>
      </trkpt>
      <trkpt lat="42.805466" lon="-2.036614">
        <ele>1120.663</ele>
        <time>2021-03-29T12:17:41Z</time>
      </trkpt>
      <trkpt lat="42.805503" lon="-2.036650">
        <ele>1118.744</ele>
        <time>2021-03-29T12:17:45Z</time>
      </trkpt>
      <trkpt lat="42.805553" lon="-2.036669">
        <ele>1116.618</ele>
        <time>2021-03-29T12:17:48Z</time>
      </trkpt>
      <trkpt lat="42.805607" lon="-2.036691">
        <ele>1116.108</ele>
        <time>2021-03-29T12:17:52Z</time>
      </trkpt>
      <trkpt lat="42.805652" lon="-2.036704">
        <ele>1115.342</ele>
        <time>2021-03-29T12:17:55Z</time>
      </trkpt>
      <trkpt lat="42.805698" lon="-2.036705">
        <ele>1114.075</ele>
        <time>2021-03-29T12:17:59Z</time>
      </trkpt>
      <trkpt lat="42.805744" lon="-2.036679">
        <ele>1114.636</ele>
        <time>2021-03-29T12:18:03Z</time>
      </trkpt>
      <trkpt lat="42.805781" lon="-2.036627">
        <ele>1114.715</ele>
        <time>2021-03-29T12:18:08Z</time>
      </trkpt>
      <trkpt lat="42.805828" lon="-2.036589">
        <ele>1114.415</ele>
        <time>2021-03-29T12:18:12Z</time>
      </trkpt>
      <trkpt lat="42.805882" lon="-2.036568">
        <ele>1114.572</ele>
        <time>2021-03-29T12:18:16Z</time>
      </trkpt>
      <trkpt lat="42.805929" lon="-2.036557">
        <ele>1114.126</ele>
        <time>2021-03-29T12:18:19Z</time>
      </trkpt>
      <trkpt lat="42.805981" lon="-2.036537">
        <ele>1113.498</ele>
        <time>2021-03-29T12:18:23Z</time>
      </trkpt>
      <trkpt lat="42.806046" lon="-2.036512">
        <ele>1112.986</ele>
        <time>2021-03-29T12:18:26Z</time>
      </trkpt>
      <trkpt lat="42.806092" lon="-2.036530">
        <ele>1112.260</ele>
        <time>2021-03-29T12:18:38Z</time>
      </trkpt>
      <trkpt lat="42.806134" lon="-2.036555">
        <ele>1110.426</ele>
        <time>2021-03-29T12:18:42Z</time>
      </trkpt>
      <trkpt lat="42.806195" lon="-2.036567">
        <ele>1109.408</ele>
        <time>2021-03-29T12:18:47Z</time>
      </trkpt>
      <trkpt lat="42.806252" lon="-2.036560">
        <ele>1107.544</ele>
        <time>2021-03-29T12:18:51Z</time>
      </trkpt>
      <trkpt lat="42.806304" lon="-2.036520">
        <ele>1106.827</ele>
        <time>2021-03-29T12:18:55Z</time>
      </trkpt>
      <trkpt lat="42.806352" lon="-2.036505">
        <ele>1107.088</ele>
        <time>2021-03-29T12:18:58Z</time>
      </trkpt>
      <trkpt lat="42.806398" lon="-2.036503">
        <ele>1106.637</ele>
        <time>2021-03-29T12:19:00Z</time>
      </trkpt>
      <trkpt lat="42.806446" lon="-2.036493">
        <ele>1105.787</ele>
        <time>2021-03-29T12:19:03Z</time>
      </trkpt>
      <trkpt lat="42.806500" lon="-2.036467">
        <ele>1104.514</ele>
        <time>2021-03-29T12:19:06Z</time>
      </trkpt>
      <trkpt lat="42.806553" lon="-2.036442">
        <ele>1104.738</ele>
        <time>2021-03-29T12:19:10Z</time>
      </trkpt>
      <trkpt lat="42.806599" lon="-2.036439">
        <ele>1103.640</ele>
        <time>2021-03-29T12:19:14Z</time>
      </trkpt>
      <trkpt lat="42.806646" lon="-2.036436">
        <ele>1102.439</ele>
        <time>2021-03-29T12:19:19Z</time>
      </trkpt>
      <trkpt lat="42.806694" lon="-2.036422">
        <ele>1103.001</ele>
        <time>2021-03-29T12:19:23Z</time>
      </trkpt>
      <trkpt lat="42.806750" lon="-2.036408">
        <ele>1102.021</ele>
        <time>2021-03-29T12:19:27Z</time>
      </trkpt>
      <trkpt lat="42.806811" lon="-2.036407">
        <ele>1101.008</ele>
        <time>2021-03-29T12:19:31Z</time>
      </trkpt>
      <trkpt lat="42.806869" lon="-2.036409">
        <ele>1101.159</ele>
        <time>2021-03-29T12:19:35Z</time>
      </trkpt>
      <trkpt lat="42.806923" lon="-2.036385">
        <ele>1101.312</ele>
        <time>2021-03-29T12:19:39Z</time>
      </trkpt>
      <trkpt lat="42.806967" lon="-2.036370">
        <ele>1102.243</ele>
        <time>2021-03-29T12:19:43Z</time>
      </trkpt>
      <trkpt lat="42.807015" lon="-2.036366">
        <ele>1103.232</ele>
        <time>2021-03-29T12:19:47Z</time>
      </trkpt>
      <trkpt lat="42.807069" lon="-2.036354">
        <ele>1104.192</ele>
        <time>2021-03-29T12:19:51Z</time>
      </trkpt>
      <trkpt lat="42.807116" lon="-2.036327">
        <ele>1105.329</ele>
        <time>2021-03-29T12:19:55Z</time>
      </trkpt>
      <trkpt lat="42.807171" lon="-2.036302">
        <ele>1106.533</ele>
        <time>2021-03-29T12:20:00Z</time>
      </trkpt>
      <trkpt lat="42.807220" lon="-2.036279">
        <ele>1107.865</ele>
        <time>2021-03-29T12:20:04Z</time>
      </trkpt>
      <trkpt lat="42.807269" lon="-2.036271">
        <ele>1109.166</ele>
        <time>2021-03-29T12:20:07Z</time>
      </trkpt>
      <trkpt lat="42.807323" lon="-2.036251">
        <ele>1110.829</ele>
        <time>2021-03-29T12:20:11Z</time>
      </trkpt>
      <trkpt lat="42.807369" lon="-2.036219">
        <ele>1111.421</ele>
        <time>2021-03-29T12:20:15Z</time>
      </trkpt>
      <trkpt lat="42.807413" lon="-2.036197">
        <ele>1111.108</ele>
        <time>2021-03-29T12:20:17Z</time>
      </trkpt>
      <trkpt lat="42.807464" lon="-2.036168">
        <ele>1109.722</ele>
        <time>2021-03-29T12:20:20Z</time>
      </trkpt>
      <trkpt lat="42.807519" lon="-2.036125">
        <ele>1108.395</ele>
        <time>2021-03-29T12:20:24Z</time>
      </trkpt>
      <trkpt lat="42.807559" lon="-2.036092">
        <ele>1109.116</ele>
        <time>2021-03-29T12:20:26Z</time>
      </trkpt>
      <trkpt lat="42.807601" lon="-2.036062">
        <ele>1108.775</ele>
        <time>2021-03-29T12:20:29Z</time>
      </trkpt>
      <trkpt lat="42.807646" lon="-2.036033">
        <ele>1107.815</ele>
        <time>2021-03-29T12:20:33Z</time>
      </trkpt>
      <trkpt lat="42.807678" lon="-2.035988">
        <ele>1107.932</ele>
        <time>2021-03-29T12:20:37Z</time>
      </trkpt>
      <trkpt lat="42.807722" lon="-2.035944">
        <ele>1108.376</ele>
        <time>2021-03-29T12:20:40Z</time>
      </trkpt>
      <trkpt lat="42.807748" lon="-2.035890">
        <ele>1107.448</ele>
        <time>2021-03-29T12:20:43Z</time>
      </trkpt>
      <trkpt lat="42.807799" lon="-2.035859">
        <ele>1106.441</ele>
        <time>2021-03-29T12:20:47Z</time>
      </trkpt>
      <trkpt lat="42.807847" lon="-2.035835">
        <ele>1106.781</ele>
        <time>2021-03-29T12:20:51Z</time>
      </trkpt>
      <trkpt lat="42.807899" lon="-2.035822">
        <ele>1107.209</ele>
        <time>2021-03-29T12:20:55Z</time>
      </trkpt>
      <trkpt lat="42.807948" lon="-2.035794">
        <ele>1106.208</ele>
        <time>2021-03-29T12:21:00Z</time>
      </trkpt>
      <trkpt lat="42.807982" lon="-2.035750">
        <ele>1106.110</ele>
        <time>2021-03-29T12:21:04Z</time>
      </trkpt>
      <trkpt lat="42.808010" lon="-2.035701">
        <ele>1105.433</ele>
        <time>2021-03-29T12:21:07Z</time>
      </trkpt>
      <trkpt lat="42.808049" lon="-2.035664">
        <ele>1106.054</ele>
        <time>2021-03-29T12:21:10Z</time>
      </trkpt>
      <trkpt lat="42.808094" lon="-2.035631">
        <ele>1104.563</ele>
        <time>2021-03-29T12:21:14Z</time>
      </trkpt>
      <trkpt lat="42.808143" lon="-2.035631">
        <ele>1102.623</ele>
        <time>2021-03-29T12:21:19Z</time>
      </trkpt>
      <trkpt lat="42.808188" lon="-2.035611">
        <ele>1102.430</ele>
        <time>2021-03-29T12:21:24Z</time>
      </trkpt>
      <trkpt lat="42.808235" lon="-2.035592">
        <ele>1102.084</ele>
        <time>2021-03-29T12:21:27Z</time>
      </trkpt>
      <trkpt lat="42.808273" lon="-2.035559">
        <ele>1101.516</ele>
        <time>2021-03-29T12:21:31Z</time>
      </trkpt>
      <trkpt lat="42.808317" lon="-2.035513">
        <ele>1099.867</ele>
        <time>2021-03-29T12:21:35Z</time>
      </trkpt>
      <trkpt lat="42.808360" lon="-2.035489">
        <ele>1099.481</ele>
        <time>2021-03-29T12:21:38Z</time>
      </trkpt>
      <trkpt lat="42.808402" lon="-2.035446">
        <ele>1098.119</ele>
        <time>2021-03-29T12:21:43Z</time>
      </trkpt>
      <trkpt lat="42.808435" lon="-2.035391">
        <ele>1094.608</ele>
        <time>2021-03-29T12:21:47Z</time>
      </trkpt>
      <trkpt lat="42.808478" lon="-2.035352">
        <ele>1091.462</ele>
        <time>2021-03-29T12:21:51Z</time>
      </trkpt>
      <trkpt lat="42.808509" lon="-2.035305">
        <ele>1091.095</ele>
        <time>2021-03-29T12:21:54Z</time>
      </trkpt>
      <trkpt lat="42.808542" lon="-2.035262">
        <ele>1090.836</ele>
        <time>2021-03-29T12:21:57Z</time>
      </trkpt>
      <trkpt lat="42.808575" lon="-2.035212">
        <ele>1088.415</ele>
        <time>2021-03-29T12:22:00Z</time>
      </trkpt>
      <trkpt lat="42.808614" lon="-2.035167">
        <ele>1087.675</ele>
        <time>2021-03-29T12:22:02Z</time>
      </trkpt>
      <trkpt lat="42.808637" lon="-2.035110">
        <ele>1085.012</ele>
        <time>2021-03-29T12:22:06Z</time>
      </trkpt>
      <trkpt lat="42.808668" lon="-2.035051">
        <ele>1082.826</ele>
        <time>2021-03-29T12:22:09Z</time>
      </trkpt>
      <trkpt lat="42.808685" lon="-2.034986">
        <ele>1081.088</ele>
        <time>2021-03-29T12:22:12Z</time>
      </trkpt>
      <trkpt lat="42.808701" lon="-2.034924">
        <ele>1079.778</ele>
        <time>2021-03-29T12:22:17Z</time>
      </trkpt>
      <trkpt lat="42.808741" lon="-2.034878">
        <ele>1079.833</ele>
        <time>2021-03-29T12:22:23Z</time>
      </trkpt>
      <trkpt lat="42.808792" lon="-2.034837">
        <ele>1079.426</ele>
        <time>2021-03-29T12:22:27Z</time>
      </trkpt>
      <trkpt lat="42.808824" lon="-2.034787">
        <ele>1080.608</ele>
        <time>2021-03-29T12:22:30Z</time>
      </trkpt>
      <trkpt lat="42.808858" lon="-2.034740">
        <ele>1080.473</ele>
        <time>2021-03-29T12:22:35Z</time>
      </trkpt>
      <trkpt lat="42.808868" lon="-2.034666">
        <ele>1081.916</ele>
        <time>2021-03-29T12:22:40Z</time>
      </trkpt>
      <trkpt lat="42.808885" lon="-2.034605">
        <ele>1082.867</ele>
        <time>2021-03-29T12:22:44Z</time>
      </trkpt>
      <trkpt lat="42.808904" lon="-2.034544">
        <ele>1083.066</ele>
        <time>2021-03-29T12:22:47Z</time>
      </trkpt>
      <trkpt lat="42.808918" lon="-2.034477">
        <ele>1083.996</ele>
        <time>2021-03-29T12:22:50Z</time>
      </trkpt>
      <trkpt lat="42.808932" lon="-2.034410">
        <ele>1084.773</ele>
        <time>2021-03-29T12:22:53Z</time>
      </trkpt>
      <trkpt lat="42.808961" lon="-2.034363">
        <ele>1084.157</ele>
        <time>2021-03-29T12:22:56Z</time>
      </trkpt>
      <trkpt lat="42.808991" lon="-2.034308">
        <ele>1084.059</ele>
        <time>2021-03-29T12:22:59Z</time>
      </trkpt>
      <trkpt lat="42.809005" lon="-2.034233">
        <ele>1084.584</ele>
        <time>2021-03-29T12:23:02Z</time>
      </trkpt>
      <trkpt lat="42.809031" lon="-2.034164">
        <ele>1085.107</ele>
        <time>2021-03-29T12:23:05Z</time>
      </trkpt>
      <trkpt lat="42.809078" lon="-2.034126">
        <ele>1084.417</ele>
        <time>2021-03-29T12:23:09Z</time>
      </trkpt>
      <trkpt lat="42.809129" lon="-2.034090">
        <ele>1082.808</ele>
        <time>2021-03-29T12:23:13Z</time>
      </trkpt>
      <trkpt lat="42.809157" lon="-2.034034">
        <ele>1082.344</ele>
        <time>2021-03-29T12:23:16Z</time>
      </trkpt>
      <trkpt lat="42.809187" lon="-2.033969">
        <ele>1078.927</ele>
        <time>2021-03-29T12:23:19Z</time>
      </trkpt>
      <trkpt lat="42.809210" lon="-2.033914">
        <ele>1075.278</ele>
        <time>2021-03-29T12:23:22Z</time>
      </trkpt>
      <trkpt lat="42.809231" lon="-2.033852">
        <ele>1071.317</ele>
        <time>2021-03-29T12:23:27Z</time>
      </trkpt>
      <trkpt lat="42.809275" lon="-2.033810">
        <ele>1067.367</ele>
        <time>2021-03-29T12:23:30Z</time>
      </trkpt>
      <trkpt lat="42.809313" lon="-2.033766">
        <ele>1064.554</ele>
        <time>2021-03-29T12:23:34Z</time>
      </trkpt>
      <trkpt lat="42.809309" lon="-2.033699">
        <ele>1060.838</ele>
        <time>2021-03-29T12:23:37Z</time>
      </trkpt>
      <trkpt lat="42.809310" lon="-2.033625">
        <ele>1057.460</ele>
        <time>2021-03-29T12:23:41Z</time>
      </trkpt>
      <trkpt lat="42.809344" lon="-2.033579">
        <ele>1054.135</ele>
        <time>2021-03-29T12:23:45Z</time>
      </trkpt>
      <trkpt lat="42.809386" lon="-2.033525">
        <ele>1052.586</ele>
        <time>2021-03-29T12:23:50Z</time>
      </trkpt>
      <trkpt lat="42.809414" lon="-2.033470">
        <ele>1050.814</ele>
        <time>2021-03-29T12:23:55Z</time>
      </trkpt>
      <trkpt lat="42.809435" lon="-2.033412">
        <ele>1048.708</ele>
        <time>2021-03-29T12:24:00Z</time>
      </trkpt>
      <trkpt lat="42.809452" lon="-2.033340">
        <ele>1047.839</ele>
        <time>2021-03-29T12:24:04Z</time>
      </trkpt>
      <trkpt lat="42.809479" lon="-2.033274">
        <ele>1048.412</ele>
        <time>2021-03-29T12:24:07Z</time>
      </trkpt>
      <trkpt lat="42.809504" lon="-2.033206">
        <ele>1047.013</ele>
        <time>2021-03-29T12:24:10Z</time>
      </trkpt>
      <trkpt lat="42.809540" lon="-2.033152">
        <ele>1046.142</ele>
        <time>2021-03-29T12:24:13Z</time>
      </trkpt>
      <trkpt lat="42.809554" lon="-2.033092">
        <ele>1044.792</ele>
        <time>2021-03-29T12:24:16Z</time>
      </trkpt>
      <trkpt lat="42.809537" lon="-2.033030">
        <ele>1043.949</ele>
        <time>2021-03-29T12:24:19Z</time>
      </trkpt>
      <trkpt lat="42.809532" lon="-2.032968">
        <ele>1042.663</ele>
        <time>2021-03-29T12:24:22Z</time>
      </trkpt>
      <trkpt lat="42.809579" lon="-2.032953">
        <ele>1041.685</ele>
        <time>2021-03-29T12:24:25Z</time>
      </trkpt>
      <trkpt lat="42.809628" lon="-2.032952">
        <ele>1041.171</ele>
        <time>2021-03-29T12:24:28Z</time>
      </trkpt>
      <trkpt lat="42.809676" lon="-2.032948">
        <ele>1042.141</ele>
        <time>2021-03-29T12:24:30Z</time>
      </trkpt>
      <trkpt lat="42.809723" lon="-2.032913">
        <ele>1043.615</ele>
        <time>2021-03-29T12:24:33Z</time>
      </trkpt>
      <trkpt lat="42.809768" lon="-2.032877">
        <ele>1043.908</ele>
        <time>2021-03-29T12:24:36Z</time>
      </trkpt>
      <trkpt lat="42.809808" lon="-2.032830">
        <ele>1045.663</ele>
        <time>2021-03-29T12:24:39Z</time>
      </trkpt>
      <trkpt lat="42.809835" lon="-2.032762">
        <ele>1048.026</ele>
        <time>2021-03-29T12:24:44Z</time>
      </trkpt>
      <trkpt lat="42.809825" lon="-2.032701">
        <ele>1050.437</ele>
        <time>2021-03-29T12:24:48Z</time>
      </trkpt>
      <trkpt lat="42.809850" lon="-2.032640">
        <ele>1052.796</ele>
        <time>2021-03-29T12:24:53Z</time>
      </trkpt>
      <trkpt lat="42.809859" lon="-2.032579">
        <ele>1053.286</ele>
        <time>2021-03-29T12:24:58Z</time>
      </trkpt>
      <trkpt lat="42.809846" lon="-2.032510">
        <ele>1053.583</ele>
        <time>2021-03-29T12:25:02Z</time>
      </trkpt>
      <trkpt lat="42.809839" lon="-2.032447">
        <ele>1052.527</ele>
        <time>2021-03-29T12:25:05Z</time>
      </trkpt>
      <trkpt lat="42.809859" lon="-2.032384">
        <ele>1050.019</ele>
        <time>2021-03-29T12:25:08Z</time>
      </trkpt>
      <trkpt lat="42.809890" lon="-2.032336">
        <ele>1050.098</ele>
        <time>2021-03-29T12:25:11Z</time>
      </trkpt>
      <trkpt lat="42.809922" lon="-2.032273">
        <ele>1048.915</ele>
        <time>2021-03-29T12:25:14Z</time>
      </trkpt>
      <trkpt lat="42.809924" lon="-2.032199">
        <ele>1045.826</ele>
        <time>2021-03-29T12:25:17Z</time>
      </trkpt>
      <trkpt lat="42.809915" lon="-2.032109">
        <ele>1042.108</ele>
        <time>2021-03-29T12:25:20Z</time>
      </trkpt>
      <trkpt lat="42.809963" lon="-2.032062">
        <ele>1040.935</ele>
        <time>2021-03-29T12:25:28Z</time>
      </trkpt>
      <trkpt lat="42.810009" lon="-2.032030">
        <ele>1039.168</ele>
        <time>2021-03-29T12:25:34Z</time>
      </trkpt>
      <trkpt lat="42.810044" lon="-2.031988">
        <ele>1037.159</ele>
        <time>2021-03-29T12:25:38Z</time>
      </trkpt>
      <trkpt lat="42.810082" lon="-2.031951">
        <ele>1035.998</ele>
        <time>2021-03-29T12:25:41Z</time>
      </trkpt>
      <trkpt lat="42.810120" lon="-2.031917">
        <ele>1034.778</ele>
        <time>2021-03-29T12:25:45Z</time>
      </trkpt>
      <trkpt lat="42.810152" lon="-2.031868">
        <ele>1034.195</ele>
        <time>2021-03-29T12:25:50Z</time>
      </trkpt>
      <trkpt lat="42.810176" lon="-2.031811">
        <ele>1034.529</ele>
        <time>2021-03-29T12:25:58Z</time>
      </trkpt>
      <trkpt lat="42.810201" lon="-2.031752">
        <ele>1035.331</ele>
        <time>2021-03-29T12:26:02Z</time>
      </trkpt>
      <trkpt lat="42.810235" lon="-2.031695">
        <ele>1035.588</ele>
        <time>2021-03-29T12:26:05Z</time>
      </trkpt>
      <trkpt lat="42.810261" lon="-2.031643">
        <ele>1035.324</ele>
        <time>2021-03-29T12:26:07Z</time>
      </trkpt>
      <trkpt lat="42.810285" lon="-2.031589">
        <ele>1034.226</ele>
        <time>2021-03-29T12:26:09Z</time>
      </trkpt>
      <trkpt lat="42.810312" lon="-2.031533">
        <ele>1034.208</ele>
        <time>2021-03-29T12:26:12Z</time>
      </trkpt>
      <trkpt lat="42.810356" lon="-2.031481">
        <ele>1033.324</ele>
        <time>2021-03-29T12:26:15Z</time>
      </trkpt>
      <trkpt lat="42.810405" lon="-2.031430">
        <ele>1032.197</ele>
        <time>2021-03-29T12:26:17Z</time>
      </trkpt>
      <trkpt lat="42.810449" lon="-2.031388">
        <ele>1031.078</ele>
        <time>2021-03-29T12:26:20Z</time>
      </trkpt>
      <trkpt lat="42.810500" lon="-2.031357">
        <ele>1028.777</ele>
        <time>2021-03-29T12:26:25Z</time>
      </trkpt>
      <trkpt lat="42.810537" lon="-2.031316">
        <ele>1027.897</ele>
        <time>2021-03-29T12:26:31Z</time>
      </trkpt>
      <trkpt lat="42.810570" lon="-2.031270">
        <ele>1025.944</ele>
        <time>2021-03-29T12:26:35Z</time>
      </trkpt>
      <trkpt lat="42.810610" lon="-2.031228">
        <ele>1025.288</ele>
        <time>2021-03-29T12:26:39Z</time>
      </trkpt>
      <trkpt lat="42.810657" lon="-2.031173">
        <ele>1023.520</ele>
        <time>2021-03-29T12:26:42Z</time>
      </trkpt>
      <trkpt lat="42.810701" lon="-2.031128">
        <ele>1022.499</ele>
        <time>2021-03-29T12:26:46Z</time>
      </trkpt>
      <trkpt lat="42.810756" lon="-2.031090">
        <ele>1021.707</ele>
        <time>2021-03-29T12:26:50Z</time>
      </trkpt>
      <trkpt lat="42.810798" lon="-2.031036">
        <ele>1020.927</ele>
        <time>2021-03-29T12:26:55Z</time>
      </trkpt>
      <trkpt lat="42.810833" lon="-2.030987">
        <ele>1019.508</ele>
        <time>2021-03-29T12:26:59Z</time>
      </trkpt>
      <trkpt lat="42.810865" lon="-2.030938">
        <ele>1017.015</ele>
        <time>2021-03-29T12:27:03Z</time>
      </trkpt>
      <trkpt lat="42.810902" lon="-2.030887">
        <ele>1015.238</ele>
        <time>2021-03-29T12:27:07Z</time>
      </trkpt>
      <trkpt lat="42.810935" lon="-2.030841">
        <ele>1014.369</ele>
        <time>2021-03-29T12:27:11Z</time>
      </trkpt>
      <trkpt lat="42.810963" lon="-2.030788">
        <ele>1012.768</ele>
        <time>2021-03-29T12:27:15Z</time>
      </trkpt>
      <trkpt lat="42.810993" lon="-2.030728">
        <ele>1010.638</ele>
        <time>2021-03-29T12:27:19Z</time>
      </trkpt>
      <trkpt lat="42.811039" lon="-2.030660">
        <ele>1008.615</ele>
        <time>2021-03-29T12:27:23Z</time>
      </trkpt>
      <trkpt lat="42.811073" lon="-2.030617">
        <ele>1007.639</ele>
        <time>2021-03-29T12:27:26Z</time>
      </trkpt>
      <trkpt lat="42.811112" lon="-2.030558">
        <ele>1005.691</ele>
        <time>2021-03-29T12:27:29Z</time>
      </trkpt>
      <trkpt lat="42.811158" lon="-2.030503">
        <ele>1005.335</ele>
        <time>2021-03-29T12:27:33Z</time>
      </trkpt>
      <trkpt lat="42.811195" lon="-2.030458">
        <ele>1004.186</ele>
        <time>2021-03-29T12:27:37Z</time>
      </trkpt>
      <trkpt lat="42.811226" lon="-2.030406">
        <ele>1003.514</ele>
        <time>2021-03-29T12:27:41Z</time>
      </trkpt>
      <trkpt lat="42.811261" lon="-2.030360">
        <ele>1002.908</ele>
        <time>2021-03-29T12:27:45Z</time>
      </trkpt>
      <trkpt lat="42.811292" lon="-2.030301">
        <ele>1002.579</ele>
        <time>2021-03-29T12:27:49Z</time>
      </trkpt>
      <trkpt lat="42.811334" lon="-2.030254">
        <ele>1001.462</ele>
        <time>2021-03-29T12:27:52Z</time>
      </trkpt>
      <trkpt lat="42.811362" lon="-2.030206">
        <ele>1000.863</ele>
        <time>2021-03-29T12:27:55Z</time>
      </trkpt>
      <trkpt lat="42.811392" lon="-2.030158">
        <ele>1001.132</ele>
        <time>2021-03-29T12:27:58Z</time>
      </trkpt>
      <trkpt lat="42.811432" lon="-2.030103">
        <ele>999.392</ele>
        <time>2021-03-29T12:28:02Z</time>
      </trkpt>
      <trkpt lat="42.811475" lon="-2.030077">
        <ele>998.199</ele>
        <time>2021-03-29T12:28:05Z</time>
      </trkpt>
      <trkpt lat="42.811518" lon="-2.030038">
        <ele>995.653</ele>
        <time>2021-03-29T12:28:09Z</time>
      </trkpt>
      <trkpt lat="42.811564" lon="-2.030006">
        <ele>993.985</ele>
        <time>2021-03-29T12:28:13Z</time>
      </trkpt>
      <trkpt lat="42.811599" lon="-2.029963">
        <ele>992.116</ele>
        <time>2021-03-29T12:28:16Z</time>
      </trkpt>
      <trkpt lat="42.811640" lon="-2.029896">
        <ele>990.176</ele>
        <time>2021-03-29T12:28:20Z</time>
      </trkpt>
      <trkpt lat="42.811686" lon="-2.029855">
        <ele>988.513</ele>
        <time>2021-03-29T12:28:24Z</time>
      </trkpt>
      <trkpt lat="42.811735" lon="-2.029813">
        <ele>987.908</ele>
        <time>2021-03-29T12:28:28Z</time>
      </trkpt>
      <trkpt lat="42.811774" lon="-2.029768">
        <ele>986.687</ele>
        <time>2021-03-29T12:28:32Z</time>
      </trkpt>
      <trkpt lat="42.811819" lon="-2.029717">
        <ele>984.910</ele>
        <time>2021-03-29T12:28:37Z</time>
      </trkpt>
      <trkpt lat="42.811864" lon="-2.029676">
        <ele>984.181</ele>
        <time>2021-03-29T12:28:42Z</time>
      </trkpt>
      <trkpt lat="42.811913" lon="-2.029641">
        <ele>983.470</ele>
        <time>2021-03-29T12:28:46Z</time>
      </trkpt>
      <trkpt lat="42.811960" lon="-2.029610">
        <ele>982.050</ele>
        <time>2021-03-29T12:28:50Z</time>
      </trkpt>
      <trkpt lat="42.812002" lon="-2.029572">
        <ele>981.427</ele>
        <time>2021-03-29T12:28:54Z</time>
      </trkpt>
      <trkpt lat="42.812039" lon="-2.029534">
        <ele>980.951</ele>
        <time>2021-03-29T12:28:56Z</time>
      </trkpt>
      <trkpt lat="42.812084" lon="-2.029485">
        <ele>980.463</ele>
        <time>2021-03-29T12:28:59Z</time>
      </trkpt>
      <trkpt lat="42.812121" lon="-2.029444">
        <ele>981.137</ele>
        <time>2021-03-29T12:29:00Z</time>
      </trkpt>
      <trkpt lat="42.812164" lon="-2.029405">
        <ele>980.949</ele>
        <time>2021-03-29T12:29:02Z</time>
      </trkpt>
      <trkpt lat="42.812209" lon="-2.029364">
        <ele>980.513</ele>
        <time>2021-03-29T12:29:04Z</time>
      </trkpt>
      <trkpt lat="42.812255" lon="-2.029308">
        <ele>980.108</ele>
        <time>2021-03-29T12:29:06Z</time>
      </trkpt>
      <trkpt lat="42.812307" lon="-2.029262">
        <ele>980.119</ele>
        <time>2021-03-29T12:29:08Z</time>
      </trkpt>
      <trkpt lat="42.812348" lon="-2.029229">
        <ele>979.642</ele>
        <time>2021-03-29T12:29:10Z</time>
      </trkpt>
      <trkpt lat="42.812390" lon="-2.029186">
        <ele>978.813</ele>
        <time>2021-03-29T12:29:12Z</time>
      </trkpt>
      <trkpt lat="42.812438" lon="-2.029153">
        <ele>977.862</ele>
        <time>2021-03-29T12:29:14Z</time>
      </trkpt>
      <trkpt lat="42.812476" lon="-2.029116">
        <ele>977.992</ele>
        <time>2021-03-29T12:29:16Z</time>
      </trkpt>
      <trkpt lat="42.812511" lon="-2.029055">
        <ele>977.099</ele>
        <time>2021-03-29T12:29:19Z</time>
      </trkpt>
      <trkpt lat="42.812553" lon="-2.029000">
        <ele>977.253</ele>
        <time>2021-03-29T12:29:22Z</time>
      </trkpt>
      <trkpt lat="42.812590" lon="-2.028950">
        <ele>977.865</ele>
        <time>2021-03-29T12:29:25Z</time>
      </trkpt>
      <trkpt lat="42.812637" lon="-2.028918">
        <ele>977.767</ele>
        <time>2021-03-29T12:29:30Z</time>
      </trkpt>
      <trkpt lat="42.812688" lon="-2.028880">
        <ele>977.681</ele>
        <time>2021-03-29T12:29:35Z</time>
      </trkpt>
      <trkpt lat="42.812726" lon="-2.028838">
        <ele>978.219</ele>
        <time>2021-03-29T12:29:39Z</time>
      </trkpt>
      <trkpt lat="42.812757" lon="-2.028793">
        <ele>978.108</ele>
        <time>2021-03-29T12:29:43Z</time>
      </trkpt>
      <trkpt lat="42.812804" lon="-2.028761">
        <ele>977.662</ele>
        <time>2021-03-29T12:29:47Z</time>
      </trkpt>
      <trkpt lat="42.812853" lon="-2.028718">
        <ele>977.385</ele>
        <time>2021-03-29T12:29:51Z</time>
      </trkpt>
      <trkpt lat="42.812902" lon="-2.028673">
        <ele>978.326</ele>
        <time>2021-03-29T12:29:54Z</time>
      </trkpt>
      <trkpt lat="42.812951" lon="-2.028631">
        <ele>978.335</ele>
        <time>2021-03-29T12:29:57Z</time>
      </trkpt>
      <trkpt lat="42.812991" lon="-2.028590">
        <ele>978.215</ele>
        <time>2021-03-29T12:30:00Z</time>
      </trkpt>
      <trkpt lat="42.813031" lon="-2.028531">
        <ele>976.592</ele>
        <time>2021-03-29T12:30:04Z</time>
      </trkpt>
      <trkpt lat="42.813074" lon="-2.028484">
        <ele>974.936</ele>
        <time>2021-03-29T12:30:07Z</time>
      </trkpt>
      <trkpt lat="42.813115" lon="-2.028419">
        <ele>973.548</ele>
        <time>2021-03-29T12:30:09Z</time>
      </trkpt>
      <trkpt lat="42.813150" lon="-2.028373">
        <ele>972.124</ele>
        <time>2021-03-29T12:30:11Z</time>
      </trkpt>
      <trkpt lat="42.813185" lon="-2.028330">
        <ele>971.604</ele>
        <time>2021-03-29T12:30:13Z</time>
      </trkpt>
      <trkpt lat="42.813232" lon="-2.028274">
        <ele>969.414</ele>
        <time>2021-03-29T12:30:15Z</time>
      </trkpt>
      <trkpt lat="42.813279" lon="-2.028219">
        <ele>968.708</ele>
        <time>2021-03-29T12:30:17Z</time>
      </trkpt>
      <trkpt lat="42.813320" lon="-2.028170">
        <ele>967.688</ele>
        <time>2021-03-29T12:30:20Z</time>
      </trkpt>
      <trkpt lat="42.813369" lon="-2.028134">
        <ele>966.371</ele>
        <time>2021-03-29T12:30:24Z</time>
      </trkpt>
      <trkpt lat="42.813422" lon="-2.028107">
        <ele>966.592</ele>
        <time>2021-03-29T12:30:29Z</time>
      </trkpt>
      <trkpt lat="42.813472" lon="-2.028097">
        <ele>966.471</ele>
        <time>2021-03-29T12:30:32Z</time>
      </trkpt>
      <trkpt lat="42.813523" lon="-2.028080">
        <ele>966.761</ele>
        <time>2021-03-29T12:30:36Z</time>
      </trkpt>
      <trkpt lat="42.813568" lon="-2.028072">
        <ele>965.918</ele>
        <time>2021-03-29T12:30:39Z</time>
      </trkpt>
      <trkpt lat="42.813619" lon="-2.028077">
        <ele>964.792</ele>
        <time>2021-03-29T12:30:42Z</time>
      </trkpt>
      <trkpt lat="42.813674" lon="-2.028105">
        <ele>963.854</ele>
        <time>2021-03-29T12:30:46Z</time>
      </trkpt>
      <trkpt lat="42.813722" lon="-2.028098">
        <ele>962.826</ele>
        <time>2021-03-29T12:30:51Z</time>
      </trkpt>
      <trkpt lat="42.813768" lon="-2.028077">
        <ele>961.047</ele>
        <time>2021-03-29T12:30:55Z</time>
      </trkpt>
      <trkpt lat="42.813822" lon="-2.028087">
        <ele>958.611</ele>
        <time>2021-03-29T12:30:59Z</time>
      </trkpt>
      <trkpt lat="42.813882" lon="-2.028097">
        <ele>956.208</ele>
        <time>2021-03-29T12:31:03Z</time>
      </trkpt>
      <trkpt lat="42.813923" lon="-2.028129">
        <ele>954.078</ele>
        <time>2021-03-29T12:31:07Z</time>
      </trkpt>
      <trkpt lat="42.813956" lon="-2.028172">
        <ele>953.091</ele>
        <time>2021-03-29T12:31:10Z</time>
      </trkpt>
      <trkpt lat="42.813993" lon="-2.028218">
        <ele>951.212</ele>
        <time>2021-03-29T12:31:13Z</time>
      </trkpt>
      <trkpt lat="42.814039" lon="-2.028248">
        <ele>951.121</ele>
        <time>2021-03-29T12:31:16Z</time>
      </trkpt>
      <trkpt lat="42.814096" lon="-2.028265">
        <ele>950.381</ele>
        <time>2021-03-29T12:31:18Z</time>
      </trkpt>
      <trkpt lat="42.814154" lon="-2.028281">
        <ele>951.248</ele>
        <time>2021-03-29T12:31:20Z</time>
      </trkpt>
      <trkpt lat="42.814220" lon="-2.028292">
        <ele>952.582</ele>
        <time>2021-03-29T12:31:22Z</time>
      </trkpt>
      <trkpt lat="42.814274" lon="-2.028294">
        <ele>954.614</ele>
        <time>2021-03-29T12:31:24Z</time>
      </trkpt>
      <trkpt lat="42.814334" lon="-2.028295">
        <ele>955.611</ele>
        <time>2021-03-29T12:31:26Z</time>
      </trkpt>
      <trkpt lat="42.814395" lon="-2.028300">
        <ele>957.121</ele>
        <time>2021-03-29T12:31:28Z</time>
      </trkpt>
      <trkpt lat="42.814452" lon="-2.028308">
        <ele>959.003</ele>
        <time>2021-03-29T12:31:30Z</time>
      </trkpt>
      <trkpt lat="42.814531" lon="-2.028305">
        <ele>961.808</ele>
        <time>2021-03-29T12:31:33Z</time>
      </trkpt>
      <trkpt lat="42.814582" lon="-2.028297">
        <ele>964.337</ele>
        <time>2021-03-29T12:31:35Z</time>
      </trkpt>
      <trkpt lat="42.814637" lon="-2.028287">
        <ele>966.810</ele>
        <time>2021-03-29T12:31:38Z</time>
      </trkpt>
      <trkpt lat="42.814694" lon="-2.028279">
        <ele>968.781</ele>
        <time>2021-03-29T12:31:41Z</time>
      </trkpt>
      <trkpt lat="42.814743" lon="-2.028269">
        <ele>969.550</ele>
        <time>2021-03-29T12:31:44Z</time>
      </trkpt>
      <trkpt lat="42.814796" lon="-2.028244">
        <ele>969.670</ele>
        <time>2021-03-29T12:31:47Z</time>
      </trkpt>
      <trkpt lat="42.814839" lon="-2.028221">
        <ele>969.777</ele>
        <time>2021-03-29T12:31:50Z</time>
      </trkpt>
      <trkpt lat="42.814897" lon="-2.028197">
        <ele>969.051</ele>
        <time>2021-03-29T12:31:53Z</time>
      </trkpt>
      <trkpt lat="42.814947" lon="-2.028174">
        <ele>968.853</ele>
        <time>2021-03-29T12:31:55Z</time>
      </trkpt>
      <trkpt lat="42.814999" lon="-2.028160">
        <ele>970.264</ele>
        <time>2021-03-29T12:31:58Z</time>
      </trkpt>
      <trkpt lat="42.815046" lon="-2.028142">
        <ele>970.406</ele>
        <time>2021-03-29T12:32:02Z</time>
      </trkpt>
      <trkpt lat="42.815097" lon="-2.028131">
        <ele>970.416</ele>
        <time>2021-03-29T12:32:07Z</time>
      </trkpt>
      <trkpt lat="42.815142" lon="-2.028085">
        <ele>969.308</ele>
        <time>2021-03-29T12:32:12Z</time>
      </trkpt>
      <trkpt lat="42.815194" lon="-2.028092">
        <ele>968.242</ele>
        <time>2021-03-29T12:32:15Z</time>
      </trkpt>
      <trkpt lat="42.815244" lon="-2.028131">
        <ele>968.115</ele>
        <time>2021-03-29T12:32:18Z</time>
      </trkpt>
      <trkpt lat="42.815293" lon="-2.028151">
        <ele>966.936</ele>
        <time>2021-03-29T12:32:21Z</time>
      </trkpt>
      <trkpt lat="42.815339" lon="-2.028157">
        <ele>967.165</ele>
        <time>2021-03-29T12:32:24Z</time>
      </trkpt>
      <trkpt lat="42.815391" lon="-2.028149">
        <ele>966.495</ele>
        <time>2021-03-29T12:32:27Z</time>
      </trkpt>
      <trkpt lat="42.815443" lon="-2.028156">
        <ele>966.092</ele>
        <time>2021-03-29T12:32:30Z</time>
      </trkpt>
      <trkpt lat="42.815491" lon="-2.028155">
        <ele>964.446</ele>
        <time>2021-03-29T12:32:33Z</time>
      </trkpt>
      <trkpt lat="42.815550" lon="-2.028164">
        <ele>963.968</ele>
        <time>2021-03-29T12:32:39Z</time>
      </trkpt>
      <trkpt lat="42.815609" lon="-2.028172">
        <ele>962.362</ele>
        <time>2021-03-29T12:32:43Z</time>
      </trkpt>
      <trkpt lat="42.815658" lon="-2.028183">
        <ele>961.283</ele>
        <time>2021-03-29T12:32:47Z</time>
      </trkpt>
      <trkpt lat="42.815712" lon="-2.028205">
        <ele>959.911</ele>
        <time>2021-03-29T12:32:52Z</time>
      </trkpt>
      <trkpt lat="42.815773" lon="-2.028208">
        <ele>957.208</ele>
        <time>2021-03-29T12:32:56Z</time>
      </trkpt>
      <trkpt lat="42.815819" lon="-2.028204">
        <ele>956.412</ele>
        <time>2021-03-29T12:32:59Z</time>
      </trkpt>
      <trkpt lat="42.815868" lon="-2.028193">
        <ele>953.875</ele>
        <time>2021-03-29T12:33:03Z</time>
      </trkpt>
      <trkpt lat="42.815924" lon="-2.028176">
        <ele>950.746</ele>
        <time>2021-03-29T12:33:08Z</time>
      </trkpt>
      <trkpt lat="42.815985" lon="-2.028155">
        <ele>947.915</ele>
        <time>2021-03-29T12:33:13Z</time>
      </trkpt>
      <trkpt lat="42.816035" lon="-2.028175">
        <ele>945.535</ele>
        <time>2021-03-29T12:33:17Z</time>
      </trkpt>
      <trkpt lat="42.816094" lon="-2.028170">
        <ele>944.892</ele>
        <time>2021-03-29T12:33:21Z</time>
      </trkpt>
      <trkpt lat="42.816141" lon="-2.028167">
        <ele>942.616</ele>
        <time>2021-03-29T12:33:24Z</time>
      </trkpt>
      <trkpt lat="42.816191" lon="-2.028171">
        <ele>940.468</ele>
        <time>2021-03-29T12:33:27Z</time>
      </trkpt>
      <trkpt lat="42.816241" lon="-2.028177">
        <ele>937.065</ele>
        <time>2021-03-29T12:33:32Z</time>
      </trkpt>
      <trkpt lat="42.816289" lon="-2.028204">
        <ele>934.468</ele>
        <time>2021-03-29T12:33:36Z</time>
      </trkpt>
      <trkpt lat="42.816332" lon="-2.028238">
        <ele>931.514</ele>
        <time>2021-03-29T12:33:40Z</time>
      </trkpt>
      <trkpt lat="42.816366" lon="-2.028285">
        <ele>928.708</ele>
        <time>2021-03-29T12:33:43Z</time>
      </trkpt>
      <trkpt lat="42.816410" lon="-2.028318">
        <ele>926.072</ele>
        <time>2021-03-29T12:33:46Z</time>
      </trkpt>
      <trkpt lat="42.816461" lon="-2.028337">
        <ele>923.715</ele>
        <time>2021-03-29T12:33:49Z</time>
      </trkpt>
      <trkpt lat="42.816510" lon="-2.028365">
        <ele>922.526</ele>
        <time>2021-03-29T12:33:53Z</time>
      </trkpt>
      <trkpt lat="42.816563" lon="-2.028394">
        <ele>920.195</ele>
        <time>2021-03-29T12:33:56Z</time>
      </trkpt>
      <trkpt lat="42.816613" lon="-2.028433">
        <ele>919.665</ele>
        <time>2021-03-29T12:34:00Z</time>
      </trkpt>
      <trkpt lat="42.816653" lon="-2.028468">
        <ele>918.072</ele>
        <time>2021-03-29T12:34:03Z</time>
      </trkpt>
      <trkpt lat="42.816699" lon="-2.028499">
        <ele>917.746</ele>
        <time>2021-03-29T12:34:06Z</time>
      </trkpt>
      <trkpt lat="42.816746" lon="-2.028536">
        <ele>916.068</ele>
        <time>2021-03-29T12:34:10Z</time>
      </trkpt>
      <trkpt lat="42.816783" lon="-2.028572">
        <ele>915.092</ele>
        <time>2021-03-29T12:34:13Z</time>
      </trkpt>
      <trkpt lat="42.816809" lon="-2.028625">
        <ele>914.173</ele>
        <time>2021-03-29T12:34:16Z</time>
      </trkpt>
      <trkpt lat="42.816820" lon="-2.028690">
        <ele>911.920</ele>
        <time>2021-03-29T12:34:20Z</time>
      </trkpt>
      <trkpt lat="42.816852" lon="-2.028738">
        <ele>910.008</ele>
        <time>2021-03-29T12:34:23Z</time>
      </trkpt>
      <trkpt lat="42.816911" lon="-2.028772">
        <ele>908.915</ele>
        <time>2021-03-29T12:34:27Z</time>
      </trkpt>
      <trkpt lat="42.816962" lon="-2.028799">
        <ele>907.068</ele>
        <time>2021-03-29T12:34:31Z</time>
      </trkpt>
      <trkpt lat="42.817015" lon="-2.028818">
        <ele>906.849</ele>
        <time>2021-03-29T12:34:36Z</time>
      </trkpt>
      <trkpt lat="42.817061" lon="-2.028849">
        <ele>906.498</ele>
        <time>2021-03-29T12:34:40Z</time>
      </trkpt>
      <trkpt lat="42.817108" lon="-2.028878">
        <ele>906.428</ele>
        <time>2021-03-29T12:34:43Z</time>
      </trkpt>
      <trkpt lat="42.817150" lon="-2.028911">
        <ele>906.325</ele>
        <time>2021-03-29T12:34:46Z</time>
      </trkpt>
      <trkpt lat="42.817198" lon="-2.028934">
        <ele>906.289</ele>
        <time>2021-03-29T12:34:49Z</time>
      </trkpt>
      <trkpt lat="42.817249" lon="-2.028946">
        <ele>906.161</ele>
        <time>2021-03-29T12:34:53Z</time>
      </trkpt>
      <trkpt lat="42.817303" lon="-2.028939">
        <ele>905.559</ele>
        <time>2021-03-29T12:34:57Z</time>
      </trkpt>
      <trkpt lat="42.817351" lon="-2.028950">
        <ele>903.603</ele>
        <time>2021-03-29T12:35:02Z</time>
      </trkpt>
      <trkpt lat="42.817401" lon="-2.028958">
        <ele>902.623</ele>
        <time>2021-03-29T12:35:07Z</time>
      </trkpt>
      <trkpt lat="42.817449" lon="-2.028962">
        <ele>901.208</ele>
        <time>2021-03-29T12:35:11Z</time>
      </trkpt>
      <trkpt lat="42.817508" lon="-2.028985">
        <ele>900.751</ele>
        <time>2021-03-29T12:35:14Z</time>
      </trkpt>
      <trkpt lat="42.817560" lon="-2.028992">
        <ele>899.544</ele>
        <time>2021-03-29T12:35:17Z</time>
      </trkpt>
      <trkpt lat="42.817606" lon="-2.028963">
        <ele>899.115</ele>
        <time>2021-03-29T12:35:20Z</time>
      </trkpt>
      <trkpt lat="42.817655" lon="-2.028944">
        <ele>898.354</ele>
        <time>2021-03-29T12:35:24Z</time>
      </trkpt>
      <trkpt lat="42.817706" lon="-2.028951">
        <ele>897.164</ele>
        <time>2021-03-29T12:35:29Z</time>
      </trkpt>
      <trkpt lat="42.817758" lon="-2.028941">
        <ele>894.651</ele>
        <time>2021-03-29T12:35:34Z</time>
      </trkpt>
      <trkpt lat="42.817815" lon="-2.028945">
        <ele>892.585</ele>
        <time>2021-03-29T12:35:39Z</time>
      </trkpt>
      <trkpt lat="42.817871" lon="-2.028926">
        <ele>892.317</ele>
        <time>2021-03-29T12:35:43Z</time>
      </trkpt>
      <trkpt lat="42.817926" lon="-2.028902">
        <ele>892.346</ele>
        <time>2021-03-29T12:35:47Z</time>
      </trkpt>
      <trkpt lat="42.817982" lon="-2.028904">
        <ele>893.088</ele>
        <time>2021-03-29T12:35:51Z</time>
      </trkpt>
      <trkpt lat="42.818032" lon="-2.028911">
        <ele>893.216</ele>
        <time>2021-03-29T12:35:55Z</time>
      </trkpt>
      <trkpt lat="42.818079" lon="-2.028929">
        <ele>895.508</ele>
        <time>2021-03-29T12:35:59Z</time>
      </trkpt>
      <trkpt lat="42.818127" lon="-2.028907">
        <ele>898.030</ele>
        <time>2021-03-29T12:36:03Z</time>
      </trkpt>
      <trkpt lat="42.818180" lon="-2.028874">
        <ele>899.843</ele>
        <time>2021-03-29T12:36:07Z</time>
      </trkpt>
      <trkpt lat="42.818240" lon="-2.028873">
        <ele>901.634</ele>
        <time>2021-03-29T12:36:11Z</time>
      </trkpt>
      <trkpt lat="42.818294" lon="-2.028851">
        <ele>902.833</ele>
        <time>2021-03-29T12:36:17Z</time>
      </trkpt>
      <trkpt lat="42.818338" lon="-2.028834">
        <ele>903.313</ele>
        <time>2021-03-29T12:36:22Z</time>
      </trkpt>
      <trkpt lat="42.818395" lon="-2.028802">
        <ele>904.550</ele>
        <time>2021-03-29T12:36:27Z</time>
      </trkpt>
      <trkpt lat="42.818446" lon="-2.028775">
        <ele>903.894</ele>
        <time>2021-03-29T12:36:31Z</time>
      </trkpt>
      <trkpt lat="42.818491" lon="-2.028762">
        <ele>903.946</ele>
        <time>2021-03-29T12:36:34Z</time>
      </trkpt>
      <trkpt lat="42.818542" lon="-2.028746">
        <ele>904.535</ele>
        <time>2021-03-29T12:36:38Z</time>
      </trkpt>
      <trkpt lat="42.818586" lon="-2.028732">
        <ele>905.086</ele>
        <time>2021-03-29T12:36:41Z</time>
      </trkpt>
      <trkpt lat="42.818634" lon="-2.028717">
        <ele>904.614</ele>
        <time>2021-03-29T12:36:43Z</time>
      </trkpt>
      <trkpt lat="42.818683" lon="-2.028683">
        <ele>904.408</ele>
        <time>2021-03-29T12:36:45Z</time>
      </trkpt>
      <trkpt lat="42.818745" lon="-2.028655">
        <ele>904.749</ele>
        <time>2021-03-29T12:36:48Z</time>
      </trkpt>
      <trkpt lat="42.818804" lon="-2.028644">
        <ele>905.632</ele>
        <time>2021-03-29T12:36:50Z</time>
      </trkpt>
      <trkpt lat="42.818865" lon="-2.028645">
        <ele>904.363</ele>
        <time>2021-03-29T12:36:53Z</time>
      </trkpt>
      <trkpt lat="42.818920" lon="-2.028634">
        <ele>903.592</ele>
        <time>2021-03-29T12:36:56Z</time>
      </trkpt>
      <trkpt lat="42.818975" lon="-2.028622">
        <ele>901.192</ele>
        <time>2021-03-29T12:37:00Z</time>
      </trkpt>
      <trkpt lat="42.819023" lon="-2.028599">
        <ele>900.289</ele>
        <time>2021-03-29T12:37:05Z</time>
      </trkpt>
      <trkpt lat="42.819076" lon="-2.028593">
        <ele>898.323</ele>
        <time>2021-03-29T12:37:08Z</time>
      </trkpt>
      <trkpt lat="42.819124" lon="-2.028569">
        <ele>895.435</ele>
        <time>2021-03-29T12:37:12Z</time>
      </trkpt>
      <trkpt lat="42.819163" lon="-2.028530">
        <ele>893.315</ele>
        <time>2021-03-29T12:37:15Z</time>
      </trkpt>
      <trkpt lat="42.819200" lon="-2.028494">
        <ele>891.765</ele>
        <time>2021-03-29T12:37:18Z</time>
      </trkpt>
      <trkpt lat="42.819238" lon="-2.028454">
        <ele>889.911</ele>
        <time>2021-03-29T12:37:21Z</time>
      </trkpt>
      <trkpt lat="42.819276" lon="-2.028406">
        <ele>886.308</ele>
        <time>2021-03-29T12:37:24Z</time>
      </trkpt>
      <trkpt lat="42.819313" lon="-2.028363">
        <ele>883.777</ele>
        <time>2021-03-29T12:37:27Z</time>
      </trkpt>
      <trkpt lat="42.819361" lon="-2.028355">
        <ele>880.460</ele>
        <time>2021-03-29T12:37:30Z</time>
      </trkpt>
      <trkpt lat="42.819421" lon="-2.028349">
        <ele>877.431</ele>
        <time>2021-03-29T12:37:34Z</time>
      </trkpt>
      <trkpt lat="42.819464" lon="-2.028309">
        <ele>874.290</ele>
        <time>2021-03-29T12:37:37Z</time>
      </trkpt>
      <trkpt lat="42.819492" lon="-2.028256">
        <ele>872.640</ele>
        <time>2021-03-29T12:37:39Z</time>
      </trkpt>
      <trkpt lat="42.819534" lon="-2.028224">
        <ele>870.487</ele>
        <time>2021-03-29T12:37:42Z</time>
      </trkpt>
      <trkpt lat="42.819585" lon="-2.028200">
        <ele>869.021</ele>
        <time>2021-03-29T12:37:45Z</time>
      </trkpt>
      <trkpt lat="42.819634" lon="-2.028177">
        <ele>867.593</ele>
        <time>2021-03-29T12:37:55Z</time>
      </trkpt>
      <trkpt lat="42.819690" lon="-2.028195">
        <ele>865.721</ele>
        <time>2021-03-29T12:38:00Z</time>
      </trkpt>
      <trkpt lat="42.819735" lon="-2.028242">
        <ele>865.441</ele>
        <time>2021-03-29T12:38:02Z</time>
      </trkpt>
      <trkpt lat="42.819774" lon="-2.028296">
        <ele>864.405</ele>
        <time>2021-03-29T12:38:04Z</time>
      </trkpt>
      <trkpt lat="42.819813" lon="-2.028346">
        <ele>865.008</ele>
        <time>2021-03-29T12:38:06Z</time>
      </trkpt>
      <trkpt lat="42.819864" lon="-2.028368">
        <ele>863.518</ele>
        <time>2021-03-29T12:38:09Z</time>
      </trkpt>
      <trkpt lat="42.819917" lon="-2.028396">
        <ele>863.141</ele>
        <time>2021-03-29T12:38:12Z</time>
      </trkpt>
      <trkpt lat="42.819989" lon="-2.028427">
        <ele>862.562</ele>
        <time>2021-03-29T12:38:15Z</time>
      </trkpt>
      <trkpt lat="42.820048" lon="-2.028442">
        <ele>862.371</ele>
        <time>2021-03-29T12:38:17Z</time>
      </trkpt>
      <trkpt lat="42.820118" lon="-2.028435">
        <ele>861.871</ele>
        <time>2021-03-29T12:38:20Z</time>
      </trkpt>
      <trkpt lat="42.820165" lon="-2.028419">
        <ele>861.358</ele>
        <time>2021-03-29T12:38:22Z</time>
      </trkpt>
      <trkpt lat="42.820224" lon="-2.028393">
        <ele>860.472</ele>
        <time>2021-03-29T12:38:24Z</time>
      </trkpt>
      <trkpt lat="42.820265" lon="-2.028353">
        <ele>860.834</ele>
        <time>2021-03-29T12:38:26Z</time>
      </trkpt>
      <trkpt lat="42.820321" lon="-2.028305">
        <ele>859.877</ele>
        <time>2021-03-29T12:38:28Z</time>
      </trkpt>
      <trkpt lat="42.820371" lon="-2.028257">
        <ele>858.561</ele>
        <time>2021-03-29T12:38:31Z</time>
      </trkpt>
      <trkpt lat="42.820415" lon="-2.028206">
        <ele>857.027</ele>
        <time>2021-03-29T12:38:35Z</time>
      </trkpt>
      <trkpt lat="42.820444" lon="-2.028148">
        <ele>856.608</ele>
        <time>2021-03-29T12:38:40Z</time>
      </trkpt>
      <trkpt lat="42.820477" lon="-2.028103">
        <ele>856.153</ele>
        <time>2021-03-29T12:38:43Z</time>
      </trkpt>
      <trkpt lat="42.820496" lon="-2.028041">
        <ele>856.756</ele>
        <time>2021-03-29T12:38:47Z</time>
      </trkpt>
      <trkpt lat="42.820503" lon="-2.027966">
        <ele>856.817</ele>
        <time>2021-03-29T12:38:51Z</time>
      </trkpt>
      <trkpt lat="42.820463" lon="-2.027906">
        <ele>855.246</ele>
        <time>2021-03-29T12:38:55Z</time>
      </trkpt>
      <trkpt lat="42.820449" lon="-2.027833">
        <ele>854.966</ele>
        <time>2021-03-29T12:38:59Z</time>
      </trkpt>
      <trkpt lat="42.820451" lon="-2.027757">
        <ele>854.593</ele>
        <time>2021-03-29T12:39:03Z</time>
      </trkpt>
      <trkpt lat="42.820490" lon="-2.027697">
        <ele>853.357</ele>
        <time>2021-03-29T12:39:07Z</time>
      </trkpt>
      <trkpt lat="42.820520" lon="-2.027650">
        <ele>853.129</ele>
        <time>2021-03-29T12:39:10Z</time>
      </trkpt>
      <trkpt lat="42.820550" lon="-2.027601">
        <ele>852.421</ele>
        <time>2021-03-29T12:39:14Z</time>
      </trkpt>
      <trkpt lat="42.820578" lon="-2.027548">
        <ele>852.441</ele>
        <time>2021-03-29T12:39:20Z</time>
      </trkpt>
      <trkpt lat="42.820630" lon="-2.027563">
        <ele>852.705</ele>
        <time>2021-03-29T12:39:24Z</time>
      </trkpt>
    </trkseg>
  </trk></gpx>