<?xml version="1.0" encoding="UTF-8"?>
<gpx creator="Wikiloc - https://www.wikiloc.com" version="1.1" xmlns="http://www.topografix.com/GPX/1/1" xmlns:xsi="http://www.w3.org/2001/XMLSchema-instance" xsi:schemaLocation="http://www.topografix.com/GPX/1/1 http://www.topografix.com/GPX/1/1/gpx.xsd">
  <metadata>
    <name>Wikiloc - ⛰️ MURUMENDI (868 m) desde MANDUBIA</name>
    <author>
      <name>RUTAS por el MONTE BLOG</name>
      <link href="https://www.wikiloc.com/wikiloc/user.do?id=4600824">
        <text>RUTAS por el MONTE BLOG on Wikiloc</text>
      </link>
    </author>
    <link href="https://www.wikiloc.com/hiking-trails/murumendi-868-m-desde-mandubia-80051602">
      <text>⛰️ MURUMENDI (868 m) desde MANDUBIA on Wikiloc</text>
    </link>
    <time>2021-08-05T11:26:46Z</time>
  </metadata>
  <wpt lat="43.087390" lon="-2.244836">
    <ele>541.4</ele>
    <time>2021-08-05T09:04:29Z</time>
    <name>Parking</name>
    <cmt></cmt>
    <desc></desc>
  </wpt>
  <wpt lat="43.086985" lon="-2.244120">
    <ele>539.3</ele>
    <time>2021-08-05T09:07:24Z</time>
    <name>Cruzar vallado y seguir hacia la izquierda</name>
    <cmt></cmt>
    <desc></desc>
  </wpt>
  <wpt lat="43.087467" lon="-2.243262">
    <ele>552.3</ele>
    <time>2021-08-05T09:09:48Z</time>
    <name>Derecha, cruzar portón, seguir marcas PR</name>
    <cmt></cmt>
    <desc></desc>
  </wpt>
  <wpt lat="43.087870" lon="-2.240434">
    <ele>585.5</ele>
    <time>2021-08-05T09:15:20Z</time>
    <name>Sendero</name>
    <cmt></cmt>
    <desc></desc>
  </wpt>
  <wpt lat="43.088846" lon="-2.236038">
    <ele>614.6</ele>
    <time>2021-08-05T09:21:15Z</time>
    <name>Portón</name>
    <cmt></cmt>
    <desc></desc>
  </wpt>
  <wpt lat="43.089601" lon="-2.232645">
    <ele>609.0</ele>
    <time>2021-08-05T09:25:27Z</time>
    <name>Ermita San Gregorio</name>
    <cmt></cmt>
    <desc></desc>
  </wpt>
  <wpt lat="43.089435" lon="-2.231917">
    <ele>611.4</ele>
    <time>2021-08-05T09:27:23Z</time>
    <name>Izquierda Urresparatz</name>
    <cmt></cmt>
    <desc></desc>
  </wpt>
  <wpt lat="43.088541" lon="-2.222174">
    <ele>741.4</ele>
    <time>2021-08-05T09:46:16Z</time>
    <name>Collado Pagota izquierda</name>
    <cmt></cmt>
    <desc></desc>
  </wpt>
  <wpt lat="43.088760" lon="-2.221127">
    <ele>743.2</ele>
    <time>2021-08-05T09:48:30Z</time>
    <name>Recto marcas PR</name>
    <cmt></cmt>
    <desc></desc>
  </wpt>
  <wpt lat="43.088274" lon="-2.219266">
    <ele>745.8</ele>
    <time>2021-08-05T09:50:57Z</time>
    <name>Recto</name>
    <cmt></cmt>
    <desc></desc>
  </wpt>
  <wpt lat="43.087126" lon="-2.217058">
    <ele>726.8</ele>
    <time>2021-08-05T09:54:07Z</time>
    <name>Campa</name>
    <cmt></cmt>
    <desc></desc>
  </wpt>
  <wpt lat="43.086626" lon="-2.215500">
    <ele>706.5</ele>
    <time>2021-08-05T09:56:01Z</time>
    <name>Dolmen de Larrarte</name>
    <cmt></cmt>
    <desc></desc>
  </wpt>
  <wpt lat="43.086662" lon="-2.213842">
    <ele>698.4</ele>
    <time>2021-08-05T09:58:39Z</time>
    <name>Borda</name>
    <cmt></cmt>
    <desc></desc>
  </wpt>
  <wpt lat="43.086651" lon="-2.213225">
    <ele>699.6</ele>
    <time>2021-08-05T09:59:36Z</time>
    <name>Subir por pista</name>
    <cmt></cmt>
    <desc></desc>
  </wpt>
  <wpt lat="43.086579" lon="-2.207991">
    <ele>766.1</ele>
    <time>2021-08-05T10:06:21Z</time>
    <name>Izquierda</name>
    <cmt></cmt>
    <desc></desc>
  </wpt>
  <wpt lat="43.086804" lon="-2.207945">
    <ele>771.6</ele>
    <time>2021-08-05T10:07:47Z</time>
    <name>Cruce de caminos, seguir marcas PR pista central</name>
    <cmt></cmt>
    <desc></desc>
  </wpt>
  <wpt lat="43.088089" lon="-2.206822">
    <ele>796.6</ele>
    <time>2021-08-05T10:11:15Z</time>
    <name>Panel informativo vistas Aralar</name>
    <cmt></cmt>
    <desc></desc>
  </wpt>
  <wpt lat="43.089148" lon="-2.205554">
    <ele>797.4</ele>
    <time>2021-08-05T10:14:22Z</time>
    <name>Derecha Murumendi, abandonar marcas</name>
    <cmt></cmt>
    <desc></desc>
  </wpt>
  <wpt lat="43.089892" lon="-2.204663">
    <ele>812.4</ele>
    <time>2021-08-05T10:16:56Z</time>
    <name>Cruzar vallado paso habilitado</name>
    <cmt></cmt>
    <desc></desc>
  </wpt>
  <wpt lat="43.091416" lon="-2.202616">
    <ele>865.9</ele>
    <time>2021-08-05T10:22:39Z</time>
    <name>Murumendi</name>
    <cmt></cmt>
    <desc></desc>
  </wpt>
  <trk>
    <name>⛰️ MURUMENDI (868 m) desde MANDUBIA</name>
    <cmt>&lt;iframe height="315" src="https://www.youtube.com/embed/VA1JdonJNb4"&gt;&lt;/iframe&gt; 
 
Ruta de ida y vuelta al monte por excelencia de Beasain y Ordizia, con unas vistas espectaculares de las sierras montañosas más importantes del País Vasco. Desde su cima se puede ver la sierra de Aralar, la de Aizkorri, el monte Anbonto e incluso el Ernio. Un deleite a los 360º de esta cima, a la que llegamos en una sencilla ruta de ida y vuelta desde el puerto de Mandubia, donde hay un gran parking. 
 
La ruta es sencilla, aunque conviene hacerlo con el terreno seco, ya que sobre todo la primera mitad de la ruta se embarra con relativa facilidad. Por lo demás ninguna dificultad. No hay grandes rampas y la mayor parte de la ruta seguiremos las marcas blancas y amarillas del sendero PR por lo que es fácil de seguir.</cmt>
    <desc>&lt;iframe height="315" src="https://www.youtube.com/embed/VA1JdonJNb4"&gt;&lt;/iframe&gt; 
 
Ruta de ida y vuelta al monte por excelencia de Beasain y Ordizia, con unas vistas espectaculares de las sierras montañosas más importantes del País Vasco. Desde su cima se puede ver la sierra de Aralar, la de Aizkorri, el monte Anbonto e incluso el Ernio. Un deleite a los 360º de esta cima, a la que llegamos en una sencilla ruta de ida y vuelta desde el puerto de Mandubia, donde hay un gran parking. 
 
La ruta es sencilla, aunque conviene hacerlo con el terreno seco, ya que sobre todo la primera mitad de la ruta se embarra con relativa facilidad. Por lo demás ninguna dificultad. No hay grandes rampas y la mayor parte de la ruta seguiremos las marcas blancas y amarillas del sendero PR por lo que es fácil de seguir.</desc>
    <trkseg>
      <trkpt lat="43.087320" lon="-2.245027">
        <ele>542.068</ele>
        <time>2021-08-05T09:04:05Z</time>
      </trkpt>
      <trkpt lat="43.087349" lon="-2.244872">
        <ele>542.042</ele>
        <time>2021-08-05T09:04:10Z</time>
      </trkpt>
      <trkpt lat="43.087390" lon="-2.244835">
        <ele>542.026</ele>
        <time>2021-08-05T09:04:15Z</time>
      </trkpt>
      <trkpt lat="43.087379" lon="-2.244774">
        <ele>541.808</ele>
        <time>2021-08-05T09:05:10Z</time>
      </trkpt>
      <trkpt lat="43.087361" lon="-2.244717">
        <ele>541.864</ele>
        <time>2021-08-05T09:05:13Z</time>
      </trkpt>
      <trkpt lat="43.087337" lon="-2.244652">
        <ele>541.826</ele>
        <time>2021-08-05T09:05:17Z</time>
      </trkpt>
      <trkpt lat="43.087305" lon="-2.244602">
        <ele>541.866</ele>
        <time>2021-08-05T09:05:20Z</time>
      </trkpt>
      <trkpt lat="43.087276" lon="-2.244550">
        <ele>541.721</ele>
        <time>2021-08-05T09:05:24Z</time>
      </trkpt>
      <trkpt lat="43.087247" lon="-2.244499">
        <ele>541.797</ele>
        <time>2021-08-05T09:05:30Z</time>
      </trkpt>
      <trkpt lat="43.087195" lon="-2.244500">
        <ele>541.892</ele>
        <time>2021-08-05T09:05:36Z</time>
      </trkpt>
      <trkpt lat="43.087147" lon="-2.244506">
        <ele>541.946</ele>
        <time>2021-08-05T09:05:40Z</time>
      </trkpt>
      <trkpt lat="43.087113" lon="-2.244552">
        <ele>542.218</ele>
        <time>2021-08-05T09:06:04Z</time>
      </trkpt>
      <trkpt lat="43.087066" lon="-2.244554">
        <ele>542.213</ele>
        <time>2021-08-05T09:06:32Z</time>
      </trkpt>
      <trkpt lat="43.087064" lon="-2.244491">
        <ele>541.743</ele>
        <time>2021-08-05T09:06:39Z</time>
      </trkpt>
      <trkpt lat="43.087063" lon="-2.244426">
        <ele>541.507</ele>
        <time>2021-08-05T09:06:44Z</time>
      </trkpt>
      <trkpt lat="43.087046" lon="-2.244363">
        <ele>540.508</ele>
        <time>2021-08-05T09:06:48Z</time>
      </trkpt>
      <trkpt lat="43.087032" lon="-2.244303">
        <ele>540.249</ele>
        <time>2021-08-05T09:06:53Z</time>
      </trkpt>
      <trkpt lat="43.087019" lon="-2.244240">
        <ele>539.751</ele>
        <time>2021-08-05T09:06:57Z</time>
      </trkpt>
      <trkpt lat="43.087003" lon="-2.244180">
        <ele>539.271</ele>
        <time>2021-08-05T09:07:01Z</time>
      </trkpt>
      <trkpt lat="43.086986" lon="-2.244120">
        <ele>539.336</ele>
        <time>2021-08-05T09:07:09Z</time>
      </trkpt>
      <trkpt lat="43.086995" lon="-2.244055">
        <ele>540.382</ele>
        <time>2021-08-05T09:07:58Z</time>
      </trkpt>
      <trkpt lat="43.087019" lon="-2.244000">
        <ele>540.497</ele>
        <time>2021-08-05T09:08:03Z</time>
      </trkpt>
      <trkpt lat="43.087062" lon="-2.243966">
        <ele>540.571</ele>
        <time>2021-08-05T09:08:06Z</time>
      </trkpt>
      <trkpt lat="43.087106" lon="-2.243933">
        <ele>540.923</ele>
        <time>2021-08-05T09:08:10Z</time>
      </trkpt>
      <trkpt lat="43.087156" lon="-2.243872">
        <ele>541.162</ele>
        <time>2021-08-05T09:08:15Z</time>
      </trkpt>
      <trkpt lat="43.087150" lon="-2.243809">
        <ele>540.583</ele>
        <time>2021-08-05T09:08:17Z</time>
      </trkpt>
      <trkpt lat="43.087193" lon="-2.243759">
        <ele>543.311</ele>
        <time>2021-08-05T09:08:24Z</time>
      </trkpt>
      <trkpt lat="43.087240" lon="-2.243754">
        <ele>543.808</ele>
        <time>2021-08-05T09:08:30Z</time>
      </trkpt>
      <trkpt lat="43.087266" lon="-2.243698">
        <ele>544.314</ele>
        <time>2021-08-05T09:08:37Z</time>
      </trkpt>
      <trkpt lat="43.087297" lon="-2.243652">
        <ele>544.846</ele>
        <time>2021-08-05T09:08:47Z</time>
      </trkpt>
      <trkpt lat="43.087335" lon="-2.243617">
        <ele>545.816</ele>
        <time>2021-08-05T09:08:53Z</time>
      </trkpt>
      <trkpt lat="43.087358" lon="-2.243562">
        <ele>546.451</ele>
        <time>2021-08-05T09:08:57Z</time>
      </trkpt>
      <trkpt lat="43.087383" lon="-2.243500">
        <ele>547.087</ele>
        <time>2021-08-05T09:09:02Z</time>
      </trkpt>
      <trkpt lat="43.087405" lon="-2.243437">
        <ele>548.632</ele>
        <time>2021-08-05T09:09:08Z</time>
      </trkpt>
      <trkpt lat="43.087433" lon="-2.243373">
        <ele>549.276</ele>
        <time>2021-08-05T09:09:14Z</time>
      </trkpt>
      <trkpt lat="43.087458" lon="-2.243321">
        <ele>550.258</ele>
        <time>2021-08-05T09:09:19Z</time>
      </trkpt>
      <trkpt lat="43.087471" lon="-2.243261">
        <ele>552.499</ele>
        <time>2021-08-05T09:09:42Z</time>
      </trkpt>
      <trkpt lat="43.087497" lon="-2.243209">
        <ele>552.607</ele>
        <time>2021-08-05T09:09:53Z</time>
      </trkpt>
      <trkpt lat="43.087474" lon="-2.243150">
        <ele>553.027</ele>
        <time>2021-08-05T09:10:01Z</time>
      </trkpt>
      <trkpt lat="43.087473" lon="-2.243079">
        <ele>553.408</ele>
        <time>2021-08-05T09:10:28Z</time>
      </trkpt>
      <trkpt lat="43.087446" lon="-2.243024">
        <ele>554.027</ele>
        <time>2021-08-05T09:10:35Z</time>
      </trkpt>
      <trkpt lat="43.087471" lon="-2.243076">
        <ele>557.699</ele>
        <time>2021-08-05T09:10:55Z</time>
      </trkpt>
      <trkpt lat="43.087437" lon="-2.243121">
        <ele>558.149</ele>
        <time>2021-08-05T09:11:00Z</time>
      </trkpt>
      <trkpt lat="43.087494" lon="-2.243098">
        <ele>558.634</ele>
        <time>2021-08-05T09:11:14Z</time>
      </trkpt>
      <trkpt lat="43.087526" lon="-2.243042">
        <ele>559.740</ele>
        <time>2021-08-05T09:11:17Z</time>
      </trkpt>
      <trkpt lat="43.087545" lon="-2.242976">
        <ele>560.515</ele>
        <time>2021-08-05T09:11:19Z</time>
      </trkpt>
      <trkpt lat="43.087541" lon="-2.242898">
        <ele>561.079</ele>
        <time>2021-08-05T09:11:23Z</time>
      </trkpt>
      <trkpt lat="43.087529" lon="-2.242836">
        <ele>561.721</ele>
        <time>2021-08-05T09:11:26Z</time>
      </trkpt>
      <trkpt lat="43.087504" lon="-2.242767">
        <ele>561.915</ele>
        <time>2021-08-05T09:11:29Z</time>
      </trkpt>
      <trkpt lat="43.087473" lon="-2.242721">
        <ele>562.465</ele>
        <time>2021-08-05T09:11:32Z</time>
      </trkpt>
      <trkpt lat="43.087459" lon="-2.242656">
        <ele>562.711</ele>
        <time>2021-08-05T09:11:37Z</time>
      </trkpt>
      <trkpt lat="43.087458" lon="-2.242591">
        <ele>563.408</ele>
        <time>2021-08-05T09:11:44Z</time>
      </trkpt>
      <trkpt lat="43.087461" lon="-2.242524">
        <ele>563.859</ele>
        <time>2021-08-05T09:11:49Z</time>
      </trkpt>
      <trkpt lat="43.087466" lon="-2.242455">
        <ele>564.841</ele>
        <time>2021-08-05T09:11:55Z</time>
      </trkpt>
      <trkpt lat="43.087465" lon="-2.242386">
        <ele>565.821</ele>
        <time>2021-08-05T09:11:59Z</time>
      </trkpt>
      <trkpt lat="43.087476" lon="-2.242322">
        <ele>566.496</ele>
        <time>2021-08-05T09:12:06Z</time>
      </trkpt>
      <trkpt lat="43.087489" lon="-2.242262">
        <ele>567.052</ele>
        <time>2021-08-05T09:12:12Z</time>
      </trkpt>
      <trkpt lat="43.087521" lon="-2.242207">
        <ele>567.487</ele>
        <time>2021-08-05T09:12:17Z</time>
      </trkpt>
      <trkpt lat="43.087530" lon="-2.242144">
        <ele>568.381</ele>
        <time>2021-08-05T09:12:22Z</time>
      </trkpt>
      <trkpt lat="43.087512" lon="-2.242084">
        <ele>569.483</ele>
        <time>2021-08-05T09:12:28Z</time>
      </trkpt>
      <trkpt lat="43.087497" lon="-2.242022">
        <ele>570.154</ele>
        <time>2021-08-05T09:12:34Z</time>
      </trkpt>
      <trkpt lat="43.087503" lon="-2.241956">
        <ele>570.756</ele>
        <time>2021-08-05T09:12:40Z</time>
      </trkpt>
      <trkpt lat="43.087526" lon="-2.241892">
        <ele>571.311</ele>
        <time>2021-08-05T09:12:44Z</time>
      </trkpt>
      <trkpt lat="43.087551" lon="-2.241836">
        <ele>571.408</ele>
        <time>2021-08-05T09:12:48Z</time>
      </trkpt>
      <trkpt lat="43.087569" lon="-2.241777">
        <ele>571.623</ele>
        <time>2021-08-05T09:12:52Z</time>
      </trkpt>
      <trkpt lat="43.087583" lon="-2.241717">
        <ele>572.065</ele>
        <time>2021-08-05T09:12:58Z</time>
      </trkpt>
      <trkpt lat="43.087591" lon="-2.241656">
        <ele>572.825</ele>
        <time>2021-08-05T09:13:04Z</time>
      </trkpt>
      <trkpt lat="43.087613" lon="-2.241599">
        <ele>572.960</ele>
        <time>2021-08-05T09:13:09Z</time>
      </trkpt>
      <trkpt lat="43.087629" lon="-2.241532">
        <ele>574.186</ele>
        <time>2021-08-05T09:13:14Z</time>
      </trkpt>
      <trkpt lat="43.087638" lon="-2.241470">
        <ele>575.351</ele>
        <time>2021-08-05T09:13:20Z</time>
      </trkpt>
      <trkpt lat="43.087655" lon="-2.241403">
        <ele>577.275</ele>
        <time>2021-08-05T09:13:25Z</time>
      </trkpt>
      <trkpt lat="43.087660" lon="-2.241340">
        <ele>577.597</ele>
        <time>2021-08-05T09:13:29Z</time>
      </trkpt>
      <trkpt lat="43.087665" lon="-2.241277">
        <ele>579.074</ele>
        <time>2021-08-05T09:13:34Z</time>
      </trkpt>
      <trkpt lat="43.087669" lon="-2.241210">
        <ele>580.256</ele>
        <time>2021-08-05T09:13:41Z</time>
      </trkpt>
      <trkpt lat="43.087687" lon="-2.241152">
        <ele>581.521</ele>
        <time>2021-08-05T09:13:45Z</time>
      </trkpt>
      <trkpt lat="43.087707" lon="-2.241086">
        <ele>581.608</ele>
        <time>2021-08-05T09:13:50Z</time>
      </trkpt>
      <trkpt lat="43.087731" lon="-2.241028">
        <ele>581.865</ele>
        <time>2021-08-05T09:13:55Z</time>
      </trkpt>
      <trkpt lat="43.087759" lon="-2.240974">
        <ele>582.117</ele>
        <time>2021-08-05T09:14:01Z</time>
      </trkpt>
      <trkpt lat="43.087786" lon="-2.240922">
        <ele>581.447</ele>
        <time>2021-08-05T09:14:06Z</time>
      </trkpt>
      <trkpt lat="43.087784" lon="-2.240856">
        <ele>581.222</ele>
        <time>2021-08-05T09:14:11Z</time>
      </trkpt>
      <trkpt lat="43.087764" lon="-2.240796">
        <ele>581.048</ele>
        <time>2021-08-05T09:14:19Z</time>
      </trkpt>
      <trkpt lat="43.087774" lon="-2.240734">
        <ele>581.283</ele>
        <time>2021-08-05T09:14:26Z</time>
      </trkpt>
      <trkpt lat="43.087778" lon="-2.240672">
        <ele>581.247</ele>
        <time>2021-08-05T09:14:36Z</time>
      </trkpt>
      <trkpt lat="43.087791" lon="-2.240611">
        <ele>582.079</ele>
        <time>2021-08-05T09:14:48Z</time>
      </trkpt>
      <trkpt lat="43.087768" lon="-2.240557">
        <ele>582.626</ele>
        <time>2021-08-05T09:14:53Z</time>
      </trkpt>
      <trkpt lat="43.087786" lon="-2.240492">
        <ele>583.347</ele>
        <time>2021-08-05T09:14:59Z</time>
      </trkpt>
      <trkpt lat="43.087830" lon="-2.240455">
        <ele>584.311</ele>
        <time>2021-08-05T09:15:05Z</time>
      </trkpt>
      <trkpt lat="43.087874" lon="-2.240432">
        <ele>585.408</ele>
        <time>2021-08-05T09:15:11Z</time>
      </trkpt>
      <trkpt lat="43.087848" lon="-2.240379">
        <ele>589.460</ele>
        <time>2021-08-05T09:15:37Z</time>
      </trkpt>
      <trkpt lat="43.087849" lon="-2.240315">
        <ele>590.422</ele>
        <time>2021-08-05T09:15:43Z</time>
      </trkpt>
      <trkpt lat="43.087875" lon="-2.240264">
        <ele>591.462</ele>
        <time>2021-08-05T09:15:49Z</time>
      </trkpt>
      <trkpt lat="43.087910" lon="-2.240212">
        <ele>592.627</ele>
        <time>2021-08-05T09:15:53Z</time>
      </trkpt>
      <trkpt lat="43.087946" lon="-2.240140">
        <ele>595.733</ele>
        <time>2021-08-05T09:15:56Z</time>
      </trkpt>
      <trkpt lat="43.087974" lon="-2.240090">
        <ele>597.038</ele>
        <time>2021-08-05T09:15:59Z</time>
      </trkpt>
      <trkpt lat="43.088004" lon="-2.240040">
        <ele>598.372</ele>
        <time>2021-08-05T09:16:02Z</time>
      </trkpt>
      <trkpt lat="43.088036" lon="-2.239987">
        <ele>600.564</ele>
        <time>2021-08-05T09:16:05Z</time>
      </trkpt>
      <trkpt lat="43.088076" lon="-2.239944">
        <ele>600.934</ele>
        <time>2021-08-05T09:16:09Z</time>
      </trkpt>
      <trkpt lat="43.088119" lon="-2.239910">
        <ele>600.755</ele>
        <time>2021-08-05T09:16:13Z</time>
      </trkpt>
      <trkpt lat="43.088151" lon="-2.239865">
        <ele>600.710</ele>
        <time>2021-08-05T09:16:17Z</time>
      </trkpt>
      <trkpt lat="43.088187" lon="-2.239817">
        <ele>600.908</ele>
        <time>2021-08-05T09:16:22Z</time>
      </trkpt>
      <trkpt lat="43.088225" lon="-2.239780">
        <ele>600.991</ele>
        <time>2021-08-05T09:16:28Z</time>
      </trkpt>
      <trkpt lat="43.088262" lon="-2.239744">
        <ele>600.923</ele>
        <time>2021-08-05T09:16:32Z</time>
      </trkpt>
      <trkpt lat="43.088305" lon="-2.239692">
        <ele>602.023</ele>
        <time>2021-08-05T09:16:37Z</time>
      </trkpt>
      <trkpt lat="43.088340" lon="-2.239630">
        <ele>603.968</ele>
        <time>2021-08-05T09:16:42Z</time>
      </trkpt>
      <trkpt lat="43.088373" lon="-2.239568">
        <ele>606.234</ele>
        <time>2021-08-05T09:16:47Z</time>
      </trkpt>
      <trkpt lat="43.088402" lon="-2.239517">
        <ele>608.259</ele>
        <time>2021-08-05T09:16:51Z</time>
      </trkpt>
      <trkpt lat="43.088442" lon="-2.239475">
        <ele>610.483</ele>
        <time>2021-08-05T09:16:56Z</time>
      </trkpt>
      <trkpt lat="43.088478" lon="-2.239427">
        <ele>610.555</ele>
        <time>2021-08-05T09:17:00Z</time>
      </trkpt>
      <trkpt lat="43.088501" lon="-2.239364">
        <ele>610.521</ele>
        <time>2021-08-05T09:17:05Z</time>
      </trkpt>
      <trkpt lat="43.088519" lon="-2.239308">
        <ele>610.541</ele>
        <time>2021-08-05T09:17:10Z</time>
      </trkpt>
      <trkpt lat="43.088546" lon="-2.239256">
        <ele>610.405</ele>
        <time>2021-08-05T09:17:14Z</time>
      </trkpt>
      <trkpt lat="43.088571" lon="-2.239200">
        <ele>610.008</ele>
        <time>2021-08-05T09:17:18Z</time>
      </trkpt>
      <trkpt lat="43.088596" lon="-2.239145">
        <ele>609.840</ele>
        <time>2021-08-05T09:17:22Z</time>
      </trkpt>
      <trkpt lat="43.088618" lon="-2.239082">
        <ele>609.692</ele>
        <time>2021-08-05T09:17:25Z</time>
      </trkpt>
      <trkpt lat="43.088639" lon="-2.239018">
        <ele>609.442</ele>
        <time>2021-08-05T09:17:28Z</time>
      </trkpt>
      <trkpt lat="43.088658" lon="-2.238961">
        <ele>609.357</ele>
        <time>2021-08-05T09:17:32Z</time>
      </trkpt>
      <trkpt lat="43.088665" lon="-2.238899">
        <ele>608.873</ele>
        <time>2021-08-05T09:17:37Z</time>
      </trkpt>
      <trkpt lat="43.088682" lon="-2.238842">
        <ele>607.958</ele>
        <time>2021-08-05T09:17:41Z</time>
      </trkpt>
      <trkpt lat="43.088701" lon="-2.238777">
        <ele>607.662</ele>
        <time>2021-08-05T09:17:45Z</time>
      </trkpt>
      <trkpt lat="43.088730" lon="-2.238725">
        <ele>607.214</ele>
        <time>2021-08-05T09:17:49Z</time>
      </trkpt>
      <trkpt lat="43.088749" lon="-2.238660">
        <ele>607.425</ele>
        <time>2021-08-05T09:17:54Z</time>
      </trkpt>
      <trkpt lat="43.088768" lon="-2.238599">
        <ele>607.626</ele>
        <time>2021-08-05T09:17:59Z</time>
      </trkpt>
      <trkpt lat="43.088766" lon="-2.238525">
        <ele>607.608</ele>
        <time>2021-08-05T09:18:04Z</time>
      </trkpt>
      <trkpt lat="43.088766" lon="-2.238463">
        <ele>607.608</ele>
        <time>2021-08-05T09:18:08Z</time>
      </trkpt>
      <trkpt lat="43.088775" lon="-2.238398">
        <ele>607.690</ele>
        <time>2021-08-05T09:18:11Z</time>
      </trkpt>
      <trkpt lat="43.088788" lon="-2.238336">
        <ele>607.792</ele>
        <time>2021-08-05T09:18:15Z</time>
      </trkpt>
      <trkpt lat="43.088802" lon="-2.238275">
        <ele>607.472</ele>
        <time>2021-08-05T09:18:19Z</time>
      </trkpt>
      <trkpt lat="43.088819" lon="-2.238213">
        <ele>607.127</ele>
        <time>2021-08-05T09:18:23Z</time>
      </trkpt>
      <trkpt lat="43.088838" lon="-2.238150">
        <ele>607.363</ele>
        <time>2021-08-05T09:18:27Z</time>
      </trkpt>
      <trkpt lat="43.088851" lon="-2.238084">
        <ele>606.688</ele>
        <time>2021-08-05T09:18:31Z</time>
      </trkpt>
      <trkpt lat="43.088859" lon="-2.238010">
        <ele>606.592</ele>
        <time>2021-08-05T09:18:36Z</time>
      </trkpt>
      <trkpt lat="43.088864" lon="-2.237942">
        <ele>606.294</ele>
        <time>2021-08-05T09:18:40Z</time>
      </trkpt>
      <trkpt lat="43.088866" lon="-2.237877">
        <ele>606.074</ele>
        <time>2021-08-05T09:18:44Z</time>
      </trkpt>
      <trkpt lat="43.088866" lon="-2.237803">
        <ele>605.456</ele>
        <time>2021-08-05T09:18:48Z</time>
      </trkpt>
      <trkpt lat="43.088852" lon="-2.237731">
        <ele>605.421</ele>
        <time>2021-08-05T09:18:53Z</time>
      </trkpt>
      <trkpt lat="43.088853" lon="-2.237669">
        <ele>605.008</ele>
        <time>2021-08-05T09:18:57Z</time>
      </trkpt>
      <trkpt lat="43.088851" lon="-2.237599">
        <ele>605.315</ele>
        <time>2021-08-05T09:19:02Z</time>
      </trkpt>
      <trkpt lat="43.088844" lon="-2.237531">
        <ele>605.257</ele>
        <time>2021-08-05T09:19:07Z</time>
      </trkpt>
      <trkpt lat="43.088824" lon="-2.237474">
        <ele>605.267</ele>
        <time>2021-08-05T09:19:10Z</time>
      </trkpt>
      <trkpt lat="43.088804" lon="-2.237418">
        <ele>605.542</ele>
        <time>2021-08-05T09:19:14Z</time>
      </trkpt>
      <trkpt lat="43.088792" lon="-2.237331">
        <ele>605.968</ele>
        <time>2021-08-05T09:19:18Z</time>
      </trkpt>
      <trkpt lat="43.088781" lon="-2.237270">
        <ele>606.063</ele>
        <time>2021-08-05T09:19:22Z</time>
      </trkpt>
      <trkpt lat="43.088771" lon="-2.237209">
        <ele>606.057</ele>
        <time>2021-08-05T09:19:26Z</time>
      </trkpt>
      <trkpt lat="43.088748" lon="-2.237145">
        <ele>606.059</ele>
        <time>2021-08-05T09:19:30Z</time>
      </trkpt>
      <trkpt lat="43.088743" lon="-2.237080">
        <ele>606.089</ele>
        <time>2021-08-05T09:19:34Z</time>
      </trkpt>
      <trkpt lat="43.088734" lon="-2.237008">
        <ele>606.006</ele>
        <time>2021-08-05T09:19:39Z</time>
      </trkpt>
      <trkpt lat="43.088732" lon="-2.236939">
        <ele>606.726</ele>
        <time>2021-08-05T09:19:42Z</time>
      </trkpt>
      <trkpt lat="43.088743" lon="-2.236876">
        <ele>607.308</ele>
        <time>2021-08-05T09:19:46Z</time>
      </trkpt>
      <trkpt lat="43.088739" lon="-2.236809">
        <ele>607.676</ele>
        <time>2021-08-05T09:19:50Z</time>
      </trkpt>
      <trkpt lat="43.088740" lon="-2.236747">
        <ele>608.088</ele>
        <time>2021-08-05T09:19:54Z</time>
      </trkpt>
      <trkpt lat="43.088743" lon="-2.236684">
        <ele>608.698</ele>
        <time>2021-08-05T09:19:59Z</time>
      </trkpt>
      <trkpt lat="43.088756" lon="-2.236613">
        <ele>609.363</ele>
        <time>2021-08-05T09:20:03Z</time>
      </trkpt>
      <trkpt lat="43.088776" lon="-2.236557">
        <ele>609.689</ele>
        <time>2021-08-05T09:20:07Z</time>
      </trkpt>
      <trkpt lat="43.088779" lon="-2.236488">
        <ele>610.564</ele>
        <time>2021-08-05T09:20:11Z</time>
      </trkpt>
      <trkpt lat="43.088777" lon="-2.236424">
        <ele>610.628</ele>
        <time>2021-08-05T09:20:14Z</time>
      </trkpt>
      <trkpt lat="43.088760" lon="-2.236350">
        <ele>611.120</ele>
        <time>2021-08-05T09:20:18Z</time>
      </trkpt>
      <trkpt lat="43.088810" lon="-2.236344">
        <ele>612.122</ele>
        <time>2021-08-05T09:20:49Z</time>
      </trkpt>
      <trkpt lat="43.088842" lon="-2.236286">
        <ele>612.362</ele>
        <time>2021-08-05T09:20:53Z</time>
      </trkpt>
      <trkpt lat="43.088856" lon="-2.236222">
        <ele>612.408</ele>
        <time>2021-08-05T09:20:56Z</time>
      </trkpt>
      <trkpt lat="43.088870" lon="-2.236162">
        <ele>612.608</ele>
        <time>2021-08-05T09:21:00Z</time>
      </trkpt>
      <trkpt lat="43.088867" lon="-2.236096">
        <ele>613.370</ele>
        <time>2021-08-05T09:21:03Z</time>
      </trkpt>
      <trkpt lat="43.088852" lon="-2.236034">
        <ele>614.392</ele>
        <time>2021-08-05T09:21:07Z</time>
      </trkpt>
      <trkpt lat="43.088817" lon="-2.235994">
        <ele>613.752</ele>
        <time>2021-08-05T09:21:23Z</time>
      </trkpt>
      <trkpt lat="43.088821" lon="-2.235929">
        <ele>613.467</ele>
        <time>2021-08-05T09:21:26Z</time>
      </trkpt>
      <trkpt lat="43.088842" lon="-2.235868">
        <ele>613.463</ele>
        <time>2021-08-05T09:21:30Z</time>
      </trkpt>
      <trkpt lat="43.088831" lon="-2.235806">
        <ele>613.438</ele>
        <time>2021-08-05T09:21:34Z</time>
      </trkpt>
      <trkpt lat="43.088819" lon="-2.235739">
        <ele>613.472</ele>
        <time>2021-08-05T09:21:38Z</time>
      </trkpt>
      <trkpt lat="43.088818" lon="-2.235676">
        <ele>613.284</ele>
        <time>2021-08-05T09:21:42Z</time>
      </trkpt>
      <trkpt lat="43.088822" lon="-2.235612">
        <ele>612.928</ele>
        <time>2021-08-05T09:21:46Z</time>
      </trkpt>
      <trkpt lat="43.088837" lon="-2.235539">
        <ele>612.489</ele>
        <time>2021-08-05T09:21:50Z</time>
      </trkpt>
      <trkpt lat="43.088861" lon="-2.235482">
        <ele>608.217</ele>
        <time>2021-08-05T09:21:54Z</time>
      </trkpt>
      <trkpt lat="43.088877" lon="-2.235423">
        <ele>606.408</ele>
        <time>2021-08-05T09:21:57Z</time>
      </trkpt>
      <trkpt lat="43.088872" lon="-2.235353">
        <ele>603.350</ele>
        <time>2021-08-05T09:22:03Z</time>
      </trkpt>
      <trkpt lat="43.088876" lon="-2.235285">
        <ele>603.152</ele>
        <time>2021-08-05T09:22:08Z</time>
      </trkpt>
      <trkpt lat="43.088898" lon="-2.235230">
        <ele>603.152</ele>
        <time>2021-08-05T09:22:10Z</time>
      </trkpt>
      <trkpt lat="43.088915" lon="-2.235165">
        <ele>603.137</ele>
        <time>2021-08-05T09:22:14Z</time>
      </trkpt>
      <trkpt lat="43.088937" lon="-2.235104">
        <ele>603.443</ele>
        <time>2021-08-05T09:22:17Z</time>
      </trkpt>
      <trkpt lat="43.088958" lon="-2.235040">
        <ele>603.758</ele>
        <time>2021-08-05T09:22:20Z</time>
      </trkpt>
      <trkpt lat="43.088975" lon="-2.234981">
        <ele>604.372</ele>
        <time>2021-08-05T09:22:24Z</time>
      </trkpt>
      <trkpt lat="43.089003" lon="-2.234924">
        <ele>607.384</ele>
        <time>2021-08-05T09:22:28Z</time>
      </trkpt>
      <trkpt lat="43.089035" lon="-2.234872">
        <ele>608.491</ele>
        <time>2021-08-05T09:22:32Z</time>
      </trkpt>
      <trkpt lat="43.089060" lon="-2.234800">
        <ele>608.881</ele>
        <time>2021-08-05T09:22:36Z</time>
      </trkpt>
      <trkpt lat="43.089108" lon="-2.234760">
        <ele>609.119</ele>
        <time>2021-08-05T09:22:40Z</time>
      </trkpt>
      <trkpt lat="43.089149" lon="-2.234728">
        <ele>608.808</ele>
        <time>2021-08-05T09:22:45Z</time>
      </trkpt>
      <trkpt lat="43.089172" lon="-2.234659">
        <ele>607.247</ele>
        <time>2021-08-05T09:22:51Z</time>
      </trkpt>
      <trkpt lat="43.089204" lon="-2.234612">
        <ele>604.749</ele>
        <time>2021-08-05T09:22:57Z</time>
      </trkpt>
      <trkpt lat="43.089238" lon="-2.234562">
        <ele>604.319</ele>
        <time>2021-08-05T09:23:03Z</time>
      </trkpt>
      <trkpt lat="43.089267" lon="-2.234506">
        <ele>604.244</ele>
        <time>2021-08-05T09:23:06Z</time>
      </trkpt>
      <trkpt lat="43.089274" lon="-2.234439">
        <ele>604.170</ele>
        <time>2021-08-05T09:23:09Z</time>
      </trkpt>
      <trkpt lat="43.089301" lon="-2.234389">
        <ele>604.295</ele>
        <time>2021-08-05T09:23:12Z</time>
      </trkpt>
      <trkpt lat="43.089344" lon="-2.234332">
        <ele>604.189</ele>
        <time>2021-08-05T09:23:16Z</time>
      </trkpt>
      <trkpt lat="43.089391" lon="-2.234279">
        <ele>604.371</ele>
        <time>2021-08-05T09:23:21Z</time>
      </trkpt>
      <trkpt lat="43.089429" lon="-2.234234">
        <ele>603.863</ele>
        <time>2021-08-05T09:23:26Z</time>
      </trkpt>
      <trkpt lat="43.089460" lon="-2.234172">
        <ele>603.844</ele>
        <time>2021-08-05T09:23:31Z</time>
      </trkpt>
      <trkpt lat="43.089466" lon="-2.234108">
        <ele>603.618</ele>
        <time>2021-08-05T09:23:35Z</time>
      </trkpt>
      <trkpt lat="43.089475" lon="-2.234047">
        <ele>603.308</ele>
        <time>2021-08-05T09:23:38Z</time>
      </trkpt>
      <trkpt lat="43.089474" lon="-2.233977">
        <ele>602.974</ele>
        <time>2021-08-05T09:23:42Z</time>
      </trkpt>
      <trkpt lat="43.089494" lon="-2.233917">
        <ele>603.126</ele>
        <time>2021-08-05T09:23:45Z</time>
      </trkpt>
      <trkpt lat="43.089520" lon="-2.233861">
        <ele>603.236</ele>
        <time>2021-08-05T09:23:49Z</time>
      </trkpt>
      <trkpt lat="43.089523" lon="-2.233799">
        <ele>602.971</ele>
        <time>2021-08-05T09:23:52Z</time>
      </trkpt>
      <trkpt lat="43.089520" lon="-2.233737">
        <ele>602.987</ele>
        <time>2021-08-05T09:23:57Z</time>
      </trkpt>
      <trkpt lat="43.089499" lon="-2.233682">
        <ele>602.962</ele>
        <time>2021-08-05T09:24:01Z</time>
      </trkpt>
      <trkpt lat="43.089484" lon="-2.233621">
        <ele>602.596</ele>
        <time>2021-08-05T09:24:08Z</time>
      </trkpt>
      <trkpt lat="43.089490" lon="-2.233552">
        <ele>602.568</ele>
        <time>2021-08-05T09:24:11Z</time>
      </trkpt>
      <trkpt lat="43.089504" lon="-2.233487">
        <ele>602.333</ele>
        <time>2021-08-05T09:24:15Z</time>
      </trkpt>
      <trkpt lat="43.089513" lon="-2.233418">
        <ele>602.123</ele>
        <time>2021-08-05T09:24:18Z</time>
      </trkpt>
      <trkpt lat="43.089521" lon="-2.233352">
        <ele>602.115</ele>
        <time>2021-08-05T09:24:22Z</time>
      </trkpt>
      <trkpt lat="43.089526" lon="-2.233282">
        <ele>602.108</ele>
        <time>2021-08-05T09:24:26Z</time>
      </trkpt>
      <trkpt lat="43.089520" lon="-2.233198">
        <ele>603.051</ele>
        <time>2021-08-05T09:24:31Z</time>
      </trkpt>
      <trkpt lat="43.089532" lon="-2.233134">
        <ele>604.993</ele>
        <time>2021-08-05T09:24:35Z</time>
      </trkpt>
      <trkpt lat="43.089555" lon="-2.233076">
        <ele>605.743</ele>
        <time>2021-08-05T09:24:39Z</time>
      </trkpt>
      <trkpt lat="43.089576" lon="-2.233013">
        <ele>606.458</ele>
        <time>2021-08-05T09:24:43Z</time>
      </trkpt>
      <trkpt lat="43.089585" lon="-2.232951">
        <ele>607.714</ele>
        <time>2021-08-05T09:24:47Z</time>
      </trkpt>
      <trkpt lat="43.089605" lon="-2.232894">
        <ele>608.049</ele>
        <time>2021-08-05T09:24:51Z</time>
      </trkpt>
      <trkpt lat="43.089618" lon="-2.232831">
        <ele>608.493</ele>
        <time>2021-08-05T09:25:03Z</time>
      </trkpt>
      <trkpt lat="43.089616" lon="-2.232768">
        <ele>609.065</ele>
        <time>2021-08-05T09:25:09Z</time>
      </trkpt>
      <trkpt lat="43.089604" lon="-2.232706">
        <ele>609.163</ele>
        <time>2021-08-05T09:25:13Z</time>
      </trkpt>
      <trkpt lat="43.089609" lon="-2.232638">
        <ele>608.844</ele>
        <time>2021-08-05T09:25:18Z</time>
      </trkpt>
      <trkpt lat="43.089617" lon="-2.232568">
        <ele>608.018</ele>
        <time>2021-08-05T09:25:35Z</time>
      </trkpt>
      <trkpt lat="43.089571" lon="-2.232574">
        <ele>605.508</ele>
        <time>2021-08-05T09:25:53Z</time>
      </trkpt>
      <trkpt lat="43.089534" lon="-2.232495">
        <ele>605.444</ele>
        <time>2021-08-05T09:25:56Z</time>
      </trkpt>
      <trkpt lat="43.089563" lon="-2.232376">
        <ele>605.296</ele>
        <time>2021-08-05T09:25:57Z</time>
      </trkpt>
      <trkpt lat="43.089605" lon="-2.232291">
        <ele>605.526</ele>
        <time>2021-08-05T09:25:59Z</time>
      </trkpt>
      <trkpt lat="43.089721" lon="-2.232103">
        <ele>607.161</ele>
        <time>2021-08-05T09:26:00Z</time>
      </trkpt>
      <trkpt lat="43.089721" lon="-2.232103">
        <ele>607.167</ele>
        <time>2021-08-05T09:26:00Z</time>
      </trkpt>
      <trkpt lat="43.089803" lon="-2.232092">
        <ele>605.762</ele>
        <time>2021-08-05T09:26:02Z</time>
      </trkpt>
      <trkpt lat="43.089758" lon="-2.232259">
        <ele>606.336</ele>
        <time>2021-08-05T09:26:04Z</time>
      </trkpt>
      <trkpt lat="43.089727" lon="-2.232346">
        <ele>608.368</ele>
        <time>2021-08-05T09:26:08Z</time>
      </trkpt>
      <trkpt lat="43.089652" lon="-2.232392">
        <ele>608.379</ele>
        <time>2021-08-05T09:26:09Z</time>
      </trkpt>
      <trkpt lat="43.089576" lon="-2.232314">
        <ele>610.005</ele>
        <time>2021-08-05T09:26:36Z</time>
      </trkpt>
      <trkpt lat="43.089521" lon="-2.232268">
        <ele>610.225</ele>
        <time>2021-08-05T09:26:37Z</time>
      </trkpt>
      <trkpt lat="43.089445" lon="-2.232231">
        <ele>610.408</ele>
        <time>2021-08-05T09:26:39Z</time>
      </trkpt>
      <trkpt lat="43.089459" lon="-2.232168">
        <ele>611.145</ele>
        <time>2021-08-05T09:26:45Z</time>
      </trkpt>
      <trkpt lat="43.089480" lon="-2.232113">
        <ele>611.227</ele>
        <time>2021-08-05T09:26:51Z</time>
      </trkpt>
      <trkpt lat="43.089458" lon="-2.232059">
        <ele>611.277</ele>
        <time>2021-08-05T09:26:56Z</time>
      </trkpt>
      <trkpt lat="43.089457" lon="-2.231993">
        <ele>611.292</ele>
        <time>2021-08-05T09:27:21Z</time>
      </trkpt>
      <trkpt lat="43.089444" lon="-2.231909">
        <ele>611.248</ele>
        <time>2021-08-05T09:27:23Z</time>
      </trkpt>
      <trkpt lat="43.089498" lon="-2.232024">
        <ele>611.213</ele>
        <time>2021-08-05T09:27:26Z</time>
      </trkpt>
      <trkpt lat="43.089514" lon="-2.232093">
        <ele>612.847</ele>
        <time>2021-08-05T09:27:28Z</time>
      </trkpt>
      <trkpt lat="43.089494" lon="-2.232034">
        <ele>612.849</ele>
        <time>2021-08-05T09:27:30Z</time>
      </trkpt>
      <trkpt lat="43.089477" lon="-2.231977">
        <ele>612.017</ele>
        <time>2021-08-05T09:28:06Z</time>
      </trkpt>
      <trkpt lat="43.089478" lon="-2.231904">
        <ele>612.187</ele>
        <time>2021-08-05T09:28:08Z</time>
      </trkpt>
      <trkpt lat="43.089489" lon="-2.231840">
        <ele>612.315</ele>
        <time>2021-08-05T09:28:11Z</time>
      </trkpt>
      <trkpt lat="43.089491" lon="-2.231775">
        <ele>612.808</ele>
        <time>2021-08-05T09:28:17Z</time>
      </trkpt>
      <trkpt lat="43.089492" lon="-2.231711">
        <ele>612.979</ele>
        <time>2021-08-05T09:28:19Z</time>
      </trkpt>
      <trkpt lat="43.089510" lon="-2.231654">
        <ele>612.971</ele>
        <time>2021-08-05T09:28:24Z</time>
      </trkpt>
      <trkpt lat="43.089530" lon="-2.231589">
        <ele>615.831</ele>
        <time>2021-08-05T09:28:35Z</time>
      </trkpt>
      <trkpt lat="43.089544" lon="-2.231525">
        <ele>615.826</ele>
        <time>2021-08-05T09:28:38Z</time>
      </trkpt>
      <trkpt lat="43.089561" lon="-2.231464">
        <ele>615.832</ele>
        <time>2021-08-05T09:28:45Z</time>
      </trkpt>
      <trkpt lat="43.089588" lon="-2.231407">
        <ele>615.977</ele>
        <time>2021-08-05T09:28:47Z</time>
      </trkpt>
      <trkpt lat="43.089598" lon="-2.231346">
        <ele>616.161</ele>
        <time>2021-08-05T09:28:50Z</time>
      </trkpt>
      <trkpt lat="43.089621" lon="-2.231293">
        <ele>615.883</ele>
        <time>2021-08-05T09:28:54Z</time>
      </trkpt>
      <trkpt lat="43.089647" lon="-2.231238">
        <ele>616.389</ele>
        <time>2021-08-05T09:28:57Z</time>
      </trkpt>
      <trkpt lat="43.089670" lon="-2.231177">
        <ele>617.606</ele>
        <time>2021-08-05T09:29:10Z</time>
      </trkpt>
      <trkpt lat="43.089711" lon="-2.231116">
        <ele>618.026</ele>
        <time>2021-08-05T09:29:13Z</time>
      </trkpt>
      <trkpt lat="43.089741" lon="-2.231066">
        <ele>618.508</ele>
        <time>2021-08-05T09:29:17Z</time>
      </trkpt>
      <trkpt lat="43.089764" lon="-2.231001">
        <ele>619.846</ele>
        <time>2021-08-05T09:29:20Z</time>
      </trkpt>
      <trkpt lat="43.089790" lon="-2.230948">
        <ele>620.278</ele>
        <time>2021-08-05T09:29:22Z</time>
      </trkpt>
      <trkpt lat="43.089822" lon="-2.230893">
        <ele>621.388</ele>
        <time>2021-08-05T09:29:26Z</time>
      </trkpt>
      <trkpt lat="43.089858" lon="-2.230850">
        <ele>623.263</ele>
        <time>2021-08-05T09:29:30Z</time>
      </trkpt>
      <trkpt lat="43.089899" lon="-2.230820">
        <ele>624.119</ele>
        <time>2021-08-05T09:29:35Z</time>
      </trkpt>
      <trkpt lat="43.089926" lon="-2.230770">
        <ele>624.634</ele>
        <time>2021-08-05T09:29:41Z</time>
      </trkpt>
      <trkpt lat="43.089970" lon="-2.230735">
        <ele>625.918</ele>
        <time>2021-08-05T09:29:47Z</time>
      </trkpt>
      <trkpt lat="43.090008" lon="-2.230693">
        <ele>629.910</ele>
        <time>2021-08-05T09:30:04Z</time>
      </trkpt>
      <trkpt lat="43.090059" lon="-2.230666">
        <ele>630.499</ele>
        <time>2021-08-05T09:30:07Z</time>
      </trkpt>
      <trkpt lat="43.090103" lon="-2.230651">
        <ele>631.307</ele>
        <time>2021-08-05T09:30:10Z</time>
      </trkpt>
      <trkpt lat="43.090148" lon="-2.230625">
        <ele>631.527</ele>
        <time>2021-08-05T09:30:15Z</time>
      </trkpt>
      <trkpt lat="43.090187" lon="-2.230588">
        <ele>635.208</ele>
        <time>2021-08-05T09:30:19Z</time>
      </trkpt>
      <trkpt lat="43.090231" lon="-2.230544">
        <ele>637.687</ele>
        <time>2021-08-05T09:30:29Z</time>
      </trkpt>
      <trkpt lat="43.090272" lon="-2.230512">
        <ele>639.639</ele>
        <time>2021-08-05T09:30:31Z</time>
      </trkpt>
      <trkpt lat="43.090310" lon="-2.230476">
        <ele>639.829</ele>
        <time>2021-08-05T09:30:33Z</time>
      </trkpt>
      <trkpt lat="43.090346" lon="-2.230430">
        <ele>641.644</ele>
        <time>2021-08-05T09:30:36Z</time>
      </trkpt>
      <trkpt lat="43.090386" lon="-2.230391">
        <ele>641.670</ele>
        <time>2021-08-05T09:30:39Z</time>
      </trkpt>
      <trkpt lat="43.090432" lon="-2.230362">
        <ele>642.315</ele>
        <time>2021-08-05T09:30:43Z</time>
      </trkpt>
      <trkpt lat="43.090471" lon="-2.230326">
        <ele>642.869</ele>
        <time>2021-08-05T09:30:49Z</time>
      </trkpt>
      <trkpt lat="43.090502" lon="-2.230271">
        <ele>643.031</ele>
        <time>2021-08-05T09:30:53Z</time>
      </trkpt>
      <trkpt lat="43.090535" lon="-2.230221">
        <ele>644.376</ele>
        <time>2021-08-05T09:30:57Z</time>
      </trkpt>
      <trkpt lat="43.090563" lon="-2.230168">
        <ele>644.890</ele>
        <time>2021-08-05T09:31:01Z</time>
      </trkpt>
      <trkpt lat="43.090594" lon="-2.230118">
        <ele>647.019</ele>
        <time>2021-08-05T09:31:14Z</time>
      </trkpt>
      <trkpt lat="43.090624" lon="-2.230058">
        <ele>647.508</ele>
        <time>2021-08-05T09:31:17Z</time>
      </trkpt>
      <trkpt lat="43.090656" lon="-2.229999">
        <ele>647.755</ele>
        <time>2021-08-05T09:31:20Z</time>
      </trkpt>
      <trkpt lat="43.090680" lon="-2.229938">
        <ele>649.137</ele>
        <time>2021-08-05T09:31:26Z</time>
      </trkpt>
      <trkpt lat="43.090712" lon="-2.229895">
        <ele>649.497</ele>
        <time>2021-08-05T09:31:28Z</time>
      </trkpt>
      <trkpt lat="43.090742" lon="-2.229842">
        <ele>651.062</ele>
        <time>2021-08-05T09:31:32Z</time>
      </trkpt>
      <trkpt lat="43.090769" lon="-2.229784">
        <ele>651.378</ele>
        <time>2021-08-05T09:31:35Z</time>
      </trkpt>
      <trkpt lat="43.090797" lon="-2.229716">
        <ele>651.383</ele>
        <time>2021-08-05T09:31:39Z</time>
      </trkpt>
      <trkpt lat="43.090810" lon="-2.229656">
        <ele>651.537</ele>
        <time>2021-08-05T09:31:43Z</time>
      </trkpt>
      <trkpt lat="43.090824" lon="-2.229596">
        <ele>651.979</ele>
        <time>2021-08-05T09:31:49Z</time>
      </trkpt>
      <trkpt lat="43.090839" lon="-2.229530">
        <ele>651.951</ele>
        <time>2021-08-05T09:31:52Z</time>
      </trkpt>
      <trkpt lat="43.090861" lon="-2.229475">
        <ele>651.901</ele>
        <time>2021-08-05T09:31:55Z</time>
      </trkpt>
      <trkpt lat="43.090878" lon="-2.229412">
        <ele>651.211</ele>
        <time>2021-08-05T09:31:59Z</time>
      </trkpt>
      <trkpt lat="43.090895" lon="-2.229351">
        <ele>651.108</ele>
        <time>2021-08-05T09:32:05Z</time>
      </trkpt>
      <trkpt lat="43.090908" lon="-2.229285">
        <ele>650.443</ele>
        <time>2021-08-05T09:32:10Z</time>
      </trkpt>
      <trkpt lat="43.090920" lon="-2.229224">
        <ele>650.255</ele>
        <time>2021-08-05T09:32:15Z</time>
      </trkpt>
      <trkpt lat="43.090931" lon="-2.229160">
        <ele>649.985</ele>
        <time>2021-08-05T09:32:19Z</time>
      </trkpt>
      <trkpt lat="43.090940" lon="-2.229098">
        <ele>649.740</ele>
        <time>2021-08-05T09:32:22Z</time>
      </trkpt>
      <trkpt lat="43.090938" lon="-2.229032">
        <ele>649.736</ele>
        <time>2021-08-05T09:32:29Z</time>
      </trkpt>
      <trkpt lat="43.090973" lon="-2.228969">
        <ele>649.681</ele>
        <time>2021-08-05T09:32:40Z</time>
      </trkpt>
      <trkpt lat="43.091009" lon="-2.228922">
        <ele>649.625</ele>
        <time>2021-08-05T09:32:44Z</time>
      </trkpt>
      <trkpt lat="43.091044" lon="-2.228870">
        <ele>649.657</ele>
        <time>2021-08-05T09:32:48Z</time>
      </trkpt>
      <trkpt lat="43.091075" lon="-2.228808">
        <ele>649.875</ele>
        <time>2021-08-05T09:32:51Z</time>
      </trkpt>
      <trkpt lat="43.091109" lon="-2.228754">
        <ele>649.828</ele>
        <time>2021-08-05T09:32:54Z</time>
      </trkpt>
      <trkpt lat="43.091132" lon="-2.228701">
        <ele>650.020</ele>
        <time>2021-08-05T09:32:57Z</time>
      </trkpt>
      <trkpt lat="43.091150" lon="-2.228633">
        <ele>650.408</ele>
        <time>2021-08-05T09:33:01Z</time>
      </trkpt>
      <trkpt lat="43.091160" lon="-2.228572">
        <ele>651.485</ele>
        <time>2021-08-05T09:33:07Z</time>
      </trkpt>
      <trkpt lat="43.091172" lon="-2.228512">
        <ele>652.137</ele>
        <time>2021-08-05T09:33:16Z</time>
      </trkpt>
      <trkpt lat="43.091198" lon="-2.228450">
        <ele>652.537</ele>
        <time>2021-08-05T09:33:23Z</time>
      </trkpt>
      <trkpt lat="43.091222" lon="-2.228382">
        <ele>652.982</ele>
        <time>2021-08-05T09:33:26Z</time>
      </trkpt>
      <trkpt lat="43.091236" lon="-2.228321">
        <ele>653.788</ele>
        <time>2021-08-05T09:33:31Z</time>
      </trkpt>
      <trkpt lat="43.091254" lon="-2.228263">
        <ele>654.023</ele>
        <time>2021-08-05T09:33:36Z</time>
      </trkpt>
      <trkpt lat="43.091278" lon="-2.228204">
        <ele>654.787</ele>
        <time>2021-08-05T09:33:43Z</time>
      </trkpt>
      <trkpt lat="43.091304" lon="-2.228145">
        <ele>655.359</ele>
        <time>2021-08-05T09:33:46Z</time>
      </trkpt>
      <trkpt lat="43.091330" lon="-2.228086">
        <ele>656.215</ele>
        <time>2021-08-05T09:33:50Z</time>
      </trkpt>
      <trkpt lat="43.091340" lon="-2.228024">
        <ele>656.465</ele>
        <time>2021-08-05T09:33:57Z</time>
      </trkpt>
      <trkpt lat="43.091359" lon="-2.227961">
        <ele>657.611</ele>
        <time>2021-08-05T09:34:06Z</time>
      </trkpt>
      <trkpt lat="43.091382" lon="-2.227901">
        <ele>658.708</ele>
        <time>2021-08-05T09:34:09Z</time>
      </trkpt>
      <trkpt lat="43.091403" lon="-2.227843">
        <ele>658.929</ele>
        <time>2021-08-05T09:34:13Z</time>
      </trkpt>
      <trkpt lat="43.091421" lon="-2.227770">
        <ele>659.721</ele>
        <time>2021-08-05T09:34:20Z</time>
      </trkpt>
      <trkpt lat="43.091449" lon="-2.227706">
        <ele>660.541</ele>
        <time>2021-08-05T09:34:22Z</time>
      </trkpt>
      <trkpt lat="43.091472" lon="-2.227646">
        <ele>663.276</ele>
        <time>2021-08-05T09:34:26Z</time>
      </trkpt>
      <trkpt lat="43.091497" lon="-2.227595">
        <ele>663.652</ele>
        <time>2021-08-05T09:34:29Z</time>
      </trkpt>
      <trkpt lat="43.091516" lon="-2.227539">
        <ele>664.897</ele>
        <time>2021-08-05T09:34:33Z</time>
      </trkpt>
      <trkpt lat="43.091536" lon="-2.227475">
        <ele>666.481</ele>
        <time>2021-08-05T09:34:38Z</time>
      </trkpt>
      <trkpt lat="43.091575" lon="-2.227439">
        <ele>669.433</ele>
        <time>2021-08-05T09:34:44Z</time>
      </trkpt>
      <trkpt lat="43.091613" lon="-2.227404">
        <ele>670.565</ele>
        <time>2021-08-05T09:34:48Z</time>
      </trkpt>
      <trkpt lat="43.091653" lon="-2.227361">
        <ele>671.868</ele>
        <time>2021-08-05T09:34:51Z</time>
      </trkpt>
      <trkpt lat="43.091692" lon="-2.227316">
        <ele>673.414</ele>
        <time>2021-08-05T09:34:55Z</time>
      </trkpt>
      <trkpt lat="43.091730" lon="-2.227271">
        <ele>677.408</ele>
        <time>2021-08-05T09:35:05Z</time>
      </trkpt>
      <trkpt lat="43.091752" lon="-2.227214">
        <ele>679.024</ele>
        <time>2021-08-05T09:35:08Z</time>
      </trkpt>
      <trkpt lat="43.091780" lon="-2.227159">
        <ele>682.046</ele>
        <time>2021-08-05T09:35:15Z</time>
      </trkpt>
      <trkpt lat="43.091809" lon="-2.227112">
        <ele>682.786</ele>
        <time>2021-08-05T09:35:17Z</time>
      </trkpt>
      <trkpt lat="43.091838" lon="-2.227063">
        <ele>683.661</ele>
        <time>2021-08-05T09:35:22Z</time>
      </trkpt>
      <trkpt lat="43.091865" lon="-2.227010">
        <ele>684.037</ele>
        <time>2021-08-05T09:35:25Z</time>
      </trkpt>
      <trkpt lat="43.091908" lon="-2.226971">
        <ele>686.592</ele>
        <time>2021-08-05T09:35:28Z</time>
      </trkpt>
      <trkpt lat="43.091952" lon="-2.226950">
        <ele>687.756</ele>
        <time>2021-08-05T09:35:32Z</time>
      </trkpt>
      <trkpt lat="43.091981" lon="-2.226898">
        <ele>688.638</ele>
        <time>2021-08-05T09:35:35Z</time>
      </trkpt>
      <trkpt lat="43.092025" lon="-2.226858">
        <ele>689.474</ele>
        <time>2021-08-05T09:35:40Z</time>
      </trkpt>
      <trkpt lat="43.092055" lon="-2.226807">
        <ele>689.856</ele>
        <time>2021-08-05T09:35:43Z</time>
      </trkpt>
      <trkpt lat="43.092063" lon="-2.226743">
        <ele>689.821</ele>
        <time>2021-08-05T09:35:46Z</time>
      </trkpt>
      <trkpt lat="43.092085" lon="-2.226681">
        <ele>689.708</ele>
        <time>2021-08-05T09:35:49Z</time>
      </trkpt>
      <trkpt lat="43.092095" lon="-2.226617">
        <ele>689.265</ele>
        <time>2021-08-05T09:35:53Z</time>
      </trkpt>
      <trkpt lat="43.092114" lon="-2.226548">
        <ele>687.037</ele>
        <time>2021-08-05T09:35:56Z</time>
      </trkpt>
      <trkpt lat="43.092124" lon="-2.226485">
        <ele>685.567</ele>
        <time>2021-08-05T09:36:02Z</time>
      </trkpt>
      <trkpt lat="43.092136" lon="-2.226412">
        <ele>685.172</ele>
        <time>2021-08-05T09:36:06Z</time>
      </trkpt>
      <trkpt lat="43.092134" lon="-2.226344">
        <ele>684.978</ele>
        <time>2021-08-05T09:36:11Z</time>
      </trkpt>
      <trkpt lat="43.092138" lon="-2.226280">
        <ele>684.653</ele>
        <time>2021-08-05T09:36:15Z</time>
      </trkpt>
      <trkpt lat="43.092167" lon="-2.226221">
        <ele>684.157</ele>
        <time>2021-08-05T09:36:20Z</time>
      </trkpt>
      <trkpt lat="43.092190" lon="-2.226162">
        <ele>684.259</ele>
        <time>2021-08-05T09:36:23Z</time>
      </trkpt>
      <trkpt lat="43.092169" lon="-2.226079">
        <ele>684.286</ele>
        <time>2021-08-05T09:36:26Z</time>
      </trkpt>
      <trkpt lat="43.092140" lon="-2.226027">
        <ele>681.660</ele>
        <time>2021-08-05T09:36:28Z</time>
      </trkpt>
      <trkpt lat="43.092111" lon="-2.225976">
        <ele>681.226</ele>
        <time>2021-08-05T09:36:30Z</time>
      </trkpt>
      <trkpt lat="43.092119" lon="-2.225905">
        <ele>681.308</ele>
        <time>2021-08-05T09:36:38Z</time>
      </trkpt>
      <trkpt lat="43.092159" lon="-2.225872">
        <ele>681.266</ele>
        <time>2021-08-05T09:36:43Z</time>
      </trkpt>
      <trkpt lat="43.092190" lon="-2.225822">
        <ele>681.698</ele>
        <time>2021-08-05T09:36:46Z</time>
      </trkpt>
      <trkpt lat="43.092229" lon="-2.225780">
        <ele>681.838</ele>
        <time>2021-08-05T09:36:51Z</time>
      </trkpt>
      <trkpt lat="43.092242" lon="-2.225715">
        <ele>683.913</ele>
        <time>2021-08-05T09:36:55Z</time>
      </trkpt>
      <trkpt lat="43.092250" lon="-2.225654">
        <ele>685.569</ele>
        <time>2021-08-05T09:36:59Z</time>
      </trkpt>
      <trkpt lat="43.092272" lon="-2.225595">
        <ele>686.344</ele>
        <time>2021-08-05T09:37:03Z</time>
      </trkpt>
      <trkpt lat="43.092311" lon="-2.225564">
        <ele>687.118</ele>
        <time>2021-08-05T09:37:09Z</time>
      </trkpt>
      <trkpt lat="43.092334" lon="-2.225498">
        <ele>689.630</ele>
        <time>2021-08-05T09:37:14Z</time>
      </trkpt>
      <trkpt lat="43.092348" lon="-2.225434">
        <ele>690.273</ele>
        <time>2021-08-05T09:37:17Z</time>
      </trkpt>
      <trkpt lat="43.092383" lon="-2.225382">
        <ele>693.085</ele>
        <time>2021-08-05T09:37:23Z</time>
      </trkpt>
      <trkpt lat="43.092430" lon="-2.225373">
        <ele>695.013</ele>
        <time>2021-08-05T09:37:27Z</time>
      </trkpt>
      <trkpt lat="43.092410" lon="-2.225306">
        <ele>696.808</ele>
        <time>2021-08-05T09:37:31Z</time>
      </trkpt>
      <trkpt lat="43.092401" lon="-2.225232">
        <ele>700.555</ele>
        <time>2021-08-05T09:37:34Z</time>
      </trkpt>
      <trkpt lat="43.092420" lon="-2.225172">
        <ele>702.987</ele>
        <time>2021-08-05T09:37:39Z</time>
      </trkpt>
      <trkpt lat="43.092453" lon="-2.225126">
        <ele>704.437</ele>
        <time>2021-08-05T09:37:42Z</time>
      </trkpt>
      <trkpt lat="43.092487" lon="-2.225084">
        <ele>706.132</ele>
        <time>2021-08-05T09:37:48Z</time>
      </trkpt>
      <trkpt lat="43.092524" lon="-2.225042">
        <ele>706.838</ele>
        <time>2021-08-05T09:37:52Z</time>
      </trkpt>
      <trkpt lat="43.092539" lon="-2.224981">
        <ele>709.633</ele>
        <time>2021-08-05T09:38:01Z</time>
      </trkpt>
      <trkpt lat="43.092552" lon="-2.224921">
        <ele>712.557</ele>
        <time>2021-08-05T09:38:09Z</time>
      </trkpt>
      <trkpt lat="43.092571" lon="-2.224852">
        <ele>714.989</ele>
        <time>2021-08-05T09:38:12Z</time>
      </trkpt>
      <trkpt lat="43.092588" lon="-2.224783">
        <ele>715.594</ele>
        <time>2021-08-05T09:38:15Z</time>
      </trkpt>
      <trkpt lat="43.092591" lon="-2.224720">
        <ele>716.457</ele>
        <time>2021-08-05T09:38:18Z</time>
      </trkpt>
      <trkpt lat="43.092574" lon="-2.224646">
        <ele>717.622</ele>
        <time>2021-08-05T09:38:31Z</time>
      </trkpt>
      <trkpt lat="43.092577" lon="-2.224575">
        <ele>718.208</ele>
        <time>2021-08-05T09:38:33Z</time>
      </trkpt>
      <trkpt lat="43.092581" lon="-2.224506">
        <ele>718.847</ele>
        <time>2021-08-05T09:38:35Z</time>
      </trkpt>
      <trkpt lat="43.092584" lon="-2.224437">
        <ele>719.929</ele>
        <time>2021-08-05T09:38:38Z</time>
      </trkpt>
      <trkpt lat="43.092588" lon="-2.224376">
        <ele>722.049</ele>
        <time>2021-08-05T09:38:43Z</time>
      </trkpt>
      <trkpt lat="43.092598" lon="-2.224306">
        <ele>724.614</ele>
        <time>2021-08-05T09:38:47Z</time>
      </trkpt>
      <trkpt lat="43.092609" lon="-2.224245">
        <ele>724.860</ele>
        <time>2021-08-05T09:38:50Z</time>
      </trkpt>
      <trkpt lat="43.092612" lon="-2.224176">
        <ele>724.935</ele>
        <time>2021-08-05T09:38:54Z</time>
      </trkpt>
      <trkpt lat="43.092626" lon="-2.224106">
        <ele>725.219</ele>
        <time>2021-08-05T09:39:00Z</time>
      </trkpt>
      <trkpt lat="43.092634" lon="-2.224033">
        <ele>725.961</ele>
        <time>2021-08-05T09:39:13Z</time>
      </trkpt>
      <trkpt lat="43.092637" lon="-2.223947">
        <ele>726.155</ele>
        <time>2021-08-05T09:39:17Z</time>
      </trkpt>
      <trkpt lat="43.092614" lon="-2.223876">
        <ele>726.307</ele>
        <time>2021-08-05T09:39:20Z</time>
      </trkpt>
      <trkpt lat="43.092579" lon="-2.223820">
        <ele>726.317</ele>
        <time>2021-08-05T09:39:23Z</time>
      </trkpt>
      <trkpt lat="43.092529" lon="-2.223803">
        <ele>725.608</ele>
        <time>2021-08-05T09:39:29Z</time>
      </trkpt>
      <trkpt lat="43.092479" lon="-2.223816">
        <ele>724.263</ele>
        <time>2021-08-05T09:39:38Z</time>
      </trkpt>
      <trkpt lat="43.092427" lon="-2.223826">
        <ele>724.155</ele>
        <time>2021-08-05T09:39:42Z</time>
      </trkpt>
      <trkpt lat="43.092379" lon="-2.223834">
        <ele>723.275</ele>
        <time>2021-08-05T09:39:45Z</time>
      </trkpt>
      <trkpt lat="43.092338" lon="-2.223797">
        <ele>722.890</ele>
        <time>2021-08-05T09:39:59Z</time>
      </trkpt>
      <trkpt lat="43.092288" lon="-2.223776">
        <ele>722.796</ele>
        <time>2021-08-05T09:40:01Z</time>
      </trkpt>
      <trkpt lat="43.092241" lon="-2.223757">
        <ele>722.771</ele>
        <time>2021-08-05T09:40:03Z</time>
      </trkpt>
      <trkpt lat="43.092188" lon="-2.223746">
        <ele>723.285</ele>
        <time>2021-08-05T09:40:06Z</time>
      </trkpt>
      <trkpt lat="43.092137" lon="-2.223744">
        <ele>726.477</ele>
        <time>2021-08-05T09:40:20Z</time>
      </trkpt>
      <trkpt lat="43.092086" lon="-2.223732">
        <ele>727.746</ele>
        <time>2021-08-05T09:40:23Z</time>
      </trkpt>
      <trkpt lat="43.092039" lon="-2.223730">
        <ele>729.588</ele>
        <time>2021-08-05T09:40:28Z</time>
      </trkpt>
      <trkpt lat="43.091986" lon="-2.223709">
        <ele>730.116</ele>
        <time>2021-08-05T09:40:33Z</time>
      </trkpt>
      <trkpt lat="43.091939" lon="-2.223693">
        <ele>730.808</ele>
        <time>2021-08-05T09:40:37Z</time>
      </trkpt>
      <trkpt lat="43.091889" lon="-2.223673">
        <ele>731.032</ele>
        <time>2021-08-05T09:40:47Z</time>
      </trkpt>
      <trkpt lat="43.091838" lon="-2.223655">
        <ele>731.854</ele>
        <time>2021-08-05T09:40:49Z</time>
      </trkpt>
      <trkpt lat="43.091794" lon="-2.223642">
        <ele>732.584</ele>
        <time>2021-08-05T09:40:55Z</time>
      </trkpt>
      <trkpt lat="43.091739" lon="-2.223603">
        <ele>733.389</ele>
        <time>2021-08-05T09:41:03Z</time>
      </trkpt>
      <trkpt lat="43.091700" lon="-2.223568">
        <ele>733.585</ele>
        <time>2021-08-05T09:41:06Z</time>
      </trkpt>
      <trkpt lat="43.091654" lon="-2.223529">
        <ele>734.820</ele>
        <time>2021-08-05T09:41:18Z</time>
      </trkpt>
      <trkpt lat="43.091622" lon="-2.223481">
        <ele>734.954</ele>
        <time>2021-08-05T09:41:20Z</time>
      </trkpt>
      <trkpt lat="43.091600" lon="-2.223427">
        <ele>735.286</ele>
        <time>2021-08-05T09:41:22Z</time>
      </trkpt>
      <trkpt lat="43.091581" lon="-2.223370">
        <ele>735.667</ele>
        <time>2021-08-05T09:41:25Z</time>
      </trkpt>
      <trkpt lat="43.091545" lon="-2.223309">
        <ele>736.081</ele>
        <time>2021-08-05T09:41:28Z</time>
      </trkpt>
      <trkpt lat="43.091507" lon="-2.223247">
        <ele>736.219</ele>
        <time>2021-08-05T09:41:31Z</time>
      </trkpt>
      <trkpt lat="43.091469" lon="-2.223211">
        <ele>737.108</ele>
        <time>2021-08-05T09:41:37Z</time>
      </trkpt>
      <trkpt lat="43.091422" lon="-2.223183">
        <ele>738.384</ele>
        <time>2021-08-05T09:41:45Z</time>
      </trkpt>
      <trkpt lat="43.091380" lon="-2.223162">
        <ele>738.916</ele>
        <time>2021-08-05T09:41:49Z</time>
      </trkpt>
      <trkpt lat="43.091331" lon="-2.223136">
        <ele>739.626</ele>
        <time>2021-08-05T09:41:57Z</time>
      </trkpt>
      <trkpt lat="43.091283" lon="-2.223116">
        <ele>739.981</ele>
        <time>2021-08-05T09:42:00Z</time>
      </trkpt>
      <trkpt lat="43.091237" lon="-2.223099">
        <ele>741.057</ele>
        <time>2021-08-05T09:42:20Z</time>
      </trkpt>
      <trkpt lat="43.091191" lon="-2.223085">
        <ele>742.172</ele>
        <time>2021-08-05T09:42:23Z</time>
      </trkpt>
      <trkpt lat="43.091146" lon="-2.223076">
        <ele>742.876</ele>
        <time>2021-08-05T09:42:28Z</time>
      </trkpt>
      <trkpt lat="43.091088" lon="-2.223073">
        <ele>743.288</ele>
        <time>2021-08-05T09:42:33Z</time>
      </trkpt>
      <trkpt lat="43.091043" lon="-2.223068">
        <ele>743.911</ele>
        <time>2021-08-05T09:42:37Z</time>
      </trkpt>
      <trkpt lat="43.090998" lon="-2.223046">
        <ele>744.421</ele>
        <time>2021-08-05T09:42:41Z</time>
      </trkpt>
      <trkpt lat="43.090950" lon="-2.223015">
        <ele>746.803</ele>
        <time>2021-08-05T09:42:44Z</time>
      </trkpt>
      <trkpt lat="43.090897" lon="-2.222981">
        <ele>748.108</ele>
        <time>2021-08-05T09:42:46Z</time>
      </trkpt>
      <trkpt lat="43.090848" lon="-2.222976">
        <ele>749.079</ele>
        <time>2021-08-05T09:42:48Z</time>
      </trkpt>
      <trkpt lat="43.090799" lon="-2.222953">
        <ele>749.771</ele>
        <time>2021-08-05T09:42:52Z</time>
      </trkpt>
      <trkpt lat="43.090748" lon="-2.222942">
        <ele>750.851</ele>
        <time>2021-08-05T09:42:59Z</time>
      </trkpt>
      <trkpt lat="43.090694" lon="-2.222951">
        <ele>750.866</ele>
        <time>2021-08-05T09:43:01Z</time>
      </trkpt>
      <trkpt lat="43.090632" lon="-2.222971">
        <ele>750.842</ele>
        <time>2021-08-05T09:43:02Z</time>
      </trkpt>
      <trkpt lat="43.090575" lon="-2.222986">
        <ele>750.817</ele>
        <time>2021-08-05T09:43:04Z</time>
      </trkpt>
      <trkpt lat="43.090521" lon="-2.222992">
        <ele>750.311</ele>
        <time>2021-08-05T09:43:05Z</time>
      </trkpt>
      <trkpt lat="43.090478" lon="-2.222971">
        <ele>749.593</ele>
        <time>2021-08-05T09:43:07Z</time>
      </trkpt>
      <trkpt lat="43.090430" lon="-2.222966">
        <ele>749.333</ele>
        <time>2021-08-05T09:43:11Z</time>
      </trkpt>
      <trkpt lat="43.090386" lon="-2.222935">
        <ele>749.323</ele>
        <time>2021-08-05T09:43:15Z</time>
      </trkpt>
      <trkpt lat="43.090330" lon="-2.222920">
        <ele>749.115</ele>
        <time>2021-08-05T09:43:22Z</time>
      </trkpt>
      <trkpt lat="43.090280" lon="-2.222916">
        <ele>749.008</ele>
        <time>2021-08-05T09:43:34Z</time>
      </trkpt>
      <trkpt lat="43.090235" lon="-2.222921">
        <ele>749.061</ele>
        <time>2021-08-05T09:43:37Z</time>
      </trkpt>
      <trkpt lat="43.090175" lon="-2.222930">
        <ele>749.153</ele>
        <time>2021-08-05T09:43:40Z</time>
      </trkpt>
      <trkpt lat="43.090128" lon="-2.222928">
        <ele>749.223</ele>
        <time>2021-08-05T09:43:46Z</time>
      </trkpt>
      <trkpt lat="43.090081" lon="-2.222912">
        <ele>749.248</ele>
        <time>2021-08-05T09:43:51Z</time>
      </trkpt>
      <trkpt lat="43.090026" lon="-2.222889">
        <ele>749.164</ele>
        <time>2021-08-05T09:43:54Z</time>
      </trkpt>
      <trkpt lat="43.089974" lon="-2.222856">
        <ele>749.769</ele>
        <time>2021-08-05T09:43:57Z</time>
      </trkpt>
      <trkpt lat="43.089920" lon="-2.222823">
        <ele>749.553</ele>
        <time>2021-08-05T09:44:00Z</time>
      </trkpt>
      <trkpt lat="43.089874" lon="-2.222802">
        <ele>748.825</ele>
        <time>2021-08-05T09:44:03Z</time>
      </trkpt>
      <trkpt lat="43.089831" lon="-2.222780">
        <ele>748.017</ele>
        <time>2021-08-05T09:44:05Z</time>
      </trkpt>
      <trkpt lat="43.089785" lon="-2.222775">
        <ele>746.487</ele>
        <time>2021-08-05T09:44:14Z</time>
      </trkpt>
      <trkpt lat="43.089733" lon="-2.222743">
        <ele>746.015</ele>
        <time>2021-08-05T09:44:18Z</time>
      </trkpt>
      <trkpt lat="43.089688" lon="-2.222729">
        <ele>745.508</ele>
        <time>2021-08-05T09:44:20Z</time>
      </trkpt>
      <trkpt lat="43.089644" lon="-2.222707">
        <ele>744.119</ele>
        <time>2021-08-05T09:44:22Z</time>
      </trkpt>
      <trkpt lat="43.089604" lon="-2.222677">
        <ele>742.641</ele>
        <time>2021-08-05T09:44:39Z</time>
      </trkpt>
      <trkpt lat="43.089567" lon="-2.222639">
        <ele>741.641</ele>
        <time>2021-08-05T09:44:42Z</time>
      </trkpt>
      <trkpt lat="43.089516" lon="-2.222598">
        <ele>740.916</ele>
        <time>2021-08-05T09:44:49Z</time>
      </trkpt>
      <trkpt lat="43.089468" lon="-2.222543">
        <ele>740.712</ele>
        <time>2021-08-05T09:44:52Z</time>
      </trkpt>
      <trkpt lat="43.089418" lon="-2.222525">
        <ele>739.997</ele>
        <time>2021-08-05T09:44:59Z</time>
      </trkpt>
      <trkpt lat="43.089369" lon="-2.222500">
        <ele>739.111</ele>
        <time>2021-08-05T09:45:01Z</time>
      </trkpt>
      <trkpt lat="43.089324" lon="-2.222461">
        <ele>737.993</ele>
        <time>2021-08-05T09:45:04Z</time>
      </trkpt>
      <trkpt lat="43.089273" lon="-2.222445">
        <ele>737.862</ele>
        <time>2021-08-05T09:45:07Z</time>
      </trkpt>
      <trkpt lat="43.089221" lon="-2.222440">
        <ele>736.583</ele>
        <time>2021-08-05T09:45:09Z</time>
      </trkpt>
      <trkpt lat="43.089176" lon="-2.222426">
        <ele>736.511</ele>
        <time>2021-08-05T09:45:11Z</time>
      </trkpt>
      <trkpt lat="43.089124" lon="-2.222409">
        <ele>736.508</ele>
        <time>2021-08-05T09:45:13Z</time>
      </trkpt>
      <trkpt lat="43.089072" lon="-2.222390">
        <ele>736.724</ele>
        <time>2021-08-05T09:45:17Z</time>
      </trkpt>
      <trkpt lat="43.089029" lon="-2.222354">
        <ele>741.496</ele>
        <time>2021-08-05T09:45:32Z</time>
      </trkpt>
      <trkpt lat="43.088980" lon="-2.222346">
        <ele>742.386</ele>
        <time>2021-08-05T09:45:34Z</time>
      </trkpt>
      <trkpt lat="43.088931" lon="-2.222308">
        <ele>742.471</ele>
        <time>2021-08-05T09:45:36Z</time>
      </trkpt>
      <trkpt lat="43.088886" lon="-2.222279">
        <ele>742.527</ele>
        <time>2021-08-05T09:45:39Z</time>
      </trkpt>
      <trkpt lat="43.088842" lon="-2.222261">
        <ele>742.642</ele>
        <time>2021-08-05T09:45:42Z</time>
      </trkpt>
      <trkpt lat="43.088797" lon="-2.222273">
        <ele>742.546</ele>
        <time>2021-08-05T09:45:46Z</time>
      </trkpt>
      <trkpt lat="43.088757" lon="-2.222303">
        <ele>742.188</ele>
        <time>2021-08-05T09:45:50Z</time>
      </trkpt>
      <trkpt lat="43.088707" lon="-2.222302">
        <ele>742.093</ele>
        <time>2021-08-05T09:45:55Z</time>
      </trkpt>
      <trkpt lat="43.088662" lon="-2.222286">
        <ele>741.865</ele>
        <time>2021-08-05T09:46:02Z</time>
      </trkpt>
      <trkpt lat="43.088578" lon="-2.222210">
        <ele>741.221</ele>
        <time>2021-08-05T09:46:13Z</time>
      </trkpt>
      <trkpt lat="43.088539" lon="-2.222169">
        <ele>740.708</ele>
        <time>2021-08-05T09:46:15Z</time>
      </trkpt>
      <trkpt lat="43.088627" lon="-2.222205">
        <ele>741.197</ele>
        <time>2021-08-05T09:46:18Z</time>
      </trkpt>
      <trkpt lat="43.088683" lon="-2.222254">
        <ele>742.759</ele>
        <time>2021-08-05T09:46:20Z</time>
      </trkpt>
      <trkpt lat="43.088641" lon="-2.222222">
        <ele>742.719</ele>
        <time>2021-08-05T09:46:24Z</time>
      </trkpt>
      <trkpt lat="43.088630" lon="-2.222159">
        <ele>741.654</ele>
        <time>2021-08-05T09:46:48Z</time>
      </trkpt>
      <trkpt lat="43.088623" lon="-2.222091">
        <ele>740.880</ele>
        <time>2021-08-05T09:46:50Z</time>
      </trkpt>
      <trkpt lat="43.088617" lon="-2.222010">
        <ele>740.475</ele>
        <time>2021-08-05T09:47:07Z</time>
      </trkpt>
      <trkpt lat="43.088633" lon="-2.221943">
        <ele>740.489</ele>
        <time>2021-08-05T09:47:10Z</time>
      </trkpt>
      <trkpt lat="43.088654" lon="-2.221875">
        <ele>741.071</ele>
        <time>2021-08-05T09:47:29Z</time>
      </trkpt>
      <trkpt lat="43.088685" lon="-2.221821">
        <ele>741.346</ele>
        <time>2021-08-05T09:47:32Z</time>
      </trkpt>
      <trkpt lat="43.088716" lon="-2.221772">
        <ele>741.888</ele>
        <time>2021-08-05T09:47:41Z</time>
      </trkpt>
      <trkpt lat="43.088754" lon="-2.221719">
        <ele>742.516</ele>
        <time>2021-08-05T09:47:43Z</time>
      </trkpt>
      <trkpt lat="43.088794" lon="-2.221668">
        <ele>743.108</ele>
        <time>2021-08-05T09:47:46Z</time>
      </trkpt>
      <trkpt lat="43.088821" lon="-2.221619">
        <ele>744.612</ele>
        <time>2021-08-05T09:47:59Z</time>
      </trkpt>
      <trkpt lat="43.088819" lon="-2.221556">
        <ele>744.674</ele>
        <time>2021-08-05T09:48:02Z</time>
      </trkpt>
      <trkpt lat="43.088812" lon="-2.221495">
        <ele>744.714</ele>
        <time>2021-08-05T09:48:09Z</time>
      </trkpt>
      <trkpt lat="43.088786" lon="-2.221431">
        <ele>744.819</ele>
        <time>2021-08-05T09:48:12Z</time>
      </trkpt>
      <trkpt lat="43.088757" lon="-2.221373">
        <ele>744.765</ele>
        <time>2021-08-05T09:48:15Z</time>
      </trkpt>
      <trkpt lat="43.088738" lon="-2.221309">
        <ele>744.510</ele>
        <time>2021-08-05T09:48:18Z</time>
      </trkpt>
      <trkpt lat="43.088742" lon="-2.221185">
        <ele>743.774</ele>
        <time>2021-08-05T09:48:23Z</time>
      </trkpt>
      <trkpt lat="43.088757" lon="-2.221123">
        <ele>742.796</ele>
        <time>2021-08-05T09:48:27Z</time>
      </trkpt>
      <trkpt lat="43.088728" lon="-2.221064">
        <ele>742.592</ele>
        <time>2021-08-05T09:48:33Z</time>
      </trkpt>
      <trkpt lat="43.088705" lon="-2.221119">
        <ele>741.373</ele>
        <time>2021-08-05T09:48:37Z</time>
      </trkpt>
      <trkpt lat="43.088696" lon="-2.221048">
        <ele>739.820</ele>
        <time>2021-08-05T09:49:07Z</time>
      </trkpt>
      <trkpt lat="43.088703" lon="-2.220985">
        <ele>739.708</ele>
        <time>2021-08-05T09:49:09Z</time>
      </trkpt>
      <trkpt lat="43.088694" lon="-2.220915">
        <ele>739.597</ele>
        <time>2021-08-05T09:49:12Z</time>
      </trkpt>
      <trkpt lat="43.088686" lon="-2.220854">
        <ele>739.539</ele>
        <time>2021-08-05T09:49:15Z</time>
      </trkpt>
      <trkpt lat="43.088686" lon="-2.220781">
        <ele>739.239</ele>
        <time>2021-08-05T09:49:18Z</time>
      </trkpt>
      <trkpt lat="43.088679" lon="-2.220717">
        <ele>739.114</ele>
        <time>2021-08-05T09:49:20Z</time>
      </trkpt>
      <trkpt lat="43.088660" lon="-2.220653">
        <ele>739.320</ele>
        <time>2021-08-05T09:49:32Z</time>
      </trkpt>
      <trkpt lat="43.088647" lon="-2.220592">
        <ele>739.275</ele>
        <time>2021-08-05T09:49:36Z</time>
      </trkpt>
      <trkpt lat="43.088644" lon="-2.220525">
        <ele>739.239</ele>
        <time>2021-08-05T09:49:40Z</time>
      </trkpt>
      <trkpt lat="43.088648" lon="-2.220460">
        <ele>739.241</ele>
        <time>2021-08-05T09:49:43Z</time>
      </trkpt>
      <trkpt lat="43.088666" lon="-2.220401">
        <ele>739.624</ele>
        <time>2021-08-05T09:49:49Z</time>
      </trkpt>
      <trkpt lat="43.088678" lon="-2.220327">
        <ele>739.704</ele>
        <time>2021-08-05T09:49:54Z</time>
      </trkpt>
      <trkpt lat="43.088680" lon="-2.220259">
        <ele>739.614</ele>
        <time>2021-08-05T09:49:58Z</time>
      </trkpt>
      <trkpt lat="43.088672" lon="-2.220188">
        <ele>739.208</ele>
        <time>2021-08-05T09:50:04Z</time>
      </trkpt>
      <trkpt lat="43.088664" lon="-2.220119">
        <ele>739.470</ele>
        <time>2021-08-05T09:50:06Z</time>
      </trkpt>
      <trkpt lat="43.088652" lon="-2.220044">
        <ele>739.162</ele>
        <time>2021-08-05T09:50:08Z</time>
      </trkpt>
      <trkpt lat="43.088648" lon="-2.219966">
        <ele>739.012</ele>
        <time>2021-08-05T09:50:11Z</time>
      </trkpt>
      <trkpt lat="43.088646" lon="-2.219896">
        <ele>739.177</ele>
        <time>2021-08-05T09:50:15Z</time>
      </trkpt>
      <trkpt lat="43.088635" lon="-2.219829">
        <ele>739.613</ele>
        <time>2021-08-05T09:50:19Z</time>
      </trkpt>
      <trkpt lat="43.088623" lon="-2.219755">
        <ele>740.268</ele>
        <time>2021-08-05T09:50:22Z</time>
      </trkpt>
      <trkpt lat="43.088595" lon="-2.219686">
        <ele>741.312</ele>
        <time>2021-08-05T09:50:25Z</time>
      </trkpt>
      <trkpt lat="43.088564" lon="-2.219631">
        <ele>742.744</ele>
        <time>2021-08-05T09:50:29Z</time>
      </trkpt>
      <trkpt lat="43.088535" lon="-2.219575">
        <ele>743.187</ele>
        <time>2021-08-05T09:50:33Z</time>
      </trkpt>
      <trkpt lat="43.088510" lon="-2.219519">
        <ele>744.042</ele>
        <time>2021-08-05T09:50:37Z</time>
      </trkpt>
      <trkpt lat="43.088481" lon="-2.219465">
        <ele>744.526</ele>
        <time>2021-08-05T09:50:41Z</time>
      </trkpt>
      <trkpt lat="43.088459" lon="-2.219410">
        <ele>744.508</ele>
        <time>2021-08-05T09:50:45Z</time>
      </trkpt>
      <trkpt lat="43.088444" lon="-2.219340">
        <ele>744.636</ele>
        <time>2021-08-05T09:50:51Z</time>
      </trkpt>
      <trkpt lat="43.088408" lon="-2.219283">
        <ele>745.038</ele>
        <time>2021-08-05T09:50:55Z</time>
      </trkpt>
      <trkpt lat="43.088272" lon="-2.219261">
        <ele>745.438</ele>
        <time>2021-08-05T09:50:56Z</time>
      </trkpt>
      <trkpt lat="43.088220" lon="-2.219301">
        <ele>750.323</ele>
        <time>2021-08-05T09:50:58Z</time>
      </trkpt>
      <trkpt lat="43.088280" lon="-2.219308">
        <ele>751.699</ele>
        <time>2021-08-05T09:50:59Z</time>
      </trkpt>
      <trkpt lat="43.088366" lon="-2.219319">
        <ele>751.724</ele>
        <time>2021-08-05T09:51:01Z</time>
      </trkpt>
      <trkpt lat="43.088351" lon="-2.219260">
        <ele>749.838</ele>
        <time>2021-08-05T09:51:09Z</time>
      </trkpt>
      <trkpt lat="43.088318" lon="-2.219177">
        <ele>749.420</ele>
        <time>2021-08-05T09:51:15Z</time>
      </trkpt>
      <trkpt lat="43.088287" lon="-2.219128">
        <ele>748.073</ele>
        <time>2021-08-05T09:51:18Z</time>
      </trkpt>
      <trkpt lat="43.088249" lon="-2.219061">
        <ele>746.885</ele>
        <time>2021-08-05T09:51:26Z</time>
      </trkpt>
      <trkpt lat="43.088222" lon="-2.218989">
        <ele>745.413</ele>
        <time>2021-08-05T09:51:28Z</time>
      </trkpt>
      <trkpt lat="43.088186" lon="-2.218944">
        <ele>743.508</ele>
        <time>2021-08-05T09:51:31Z</time>
      </trkpt>
      <trkpt lat="43.088151" lon="-2.218904">
        <ele>743.345</ele>
        <time>2021-08-05T09:51:34Z</time>
      </trkpt>
      <trkpt lat="43.088107" lon="-2.218853">
        <ele>742.937</ele>
        <time>2021-08-05T09:51:38Z</time>
      </trkpt>
      <trkpt lat="43.088075" lon="-2.218800">
        <ele>742.977</ele>
        <time>2021-08-05T09:51:42Z</time>
      </trkpt>
      <trkpt lat="43.088032" lon="-2.218758">
        <ele>742.962</ele>
        <time>2021-08-05T09:51:46Z</time>
      </trkpt>
      <trkpt lat="43.087990" lon="-2.218713">
        <ele>742.638</ele>
        <time>2021-08-05T09:51:50Z</time>
      </trkpt>
      <trkpt lat="43.087960" lon="-2.218650">
        <ele>742.583</ele>
        <time>2021-08-05T09:51:54Z</time>
      </trkpt>
      <trkpt lat="43.087921" lon="-2.218604">
        <ele>742.417</ele>
        <time>2021-08-05T09:51:58Z</time>
      </trkpt>
      <trkpt lat="43.087876" lon="-2.218560">
        <ele>742.269</ele>
        <time>2021-08-05T09:52:01Z</time>
      </trkpt>
      <trkpt lat="43.087841" lon="-2.218519">
        <ele>742.334</ele>
        <time>2021-08-05T09:52:05Z</time>
      </trkpt>
      <trkpt lat="43.087816" lon="-2.218455">
        <ele>742.455</ele>
        <time>2021-08-05T09:52:10Z</time>
      </trkpt>
      <trkpt lat="43.087791" lon="-2.218397">
        <ele>742.410</ele>
        <time>2021-08-05T09:52:14Z</time>
      </trkpt>
      <trkpt lat="43.087759" lon="-2.218333">
        <ele>742.208</ele>
        <time>2021-08-05T09:52:18Z</time>
      </trkpt>
      <trkpt lat="43.087729" lon="-2.218277">
        <ele>741.681</ele>
        <time>2021-08-05T09:52:22Z</time>
      </trkpt>
      <trkpt lat="43.087703" lon="-2.218215">
        <ele>741.123</ele>
        <time>2021-08-05T09:52:26Z</time>
      </trkpt>
      <trkpt lat="43.087676" lon="-2.218165">
        <ele>739.323</ele>
        <time>2021-08-05T09:52:30Z</time>
      </trkpt>
      <trkpt lat="43.087636" lon="-2.218123">
        <ele>737.388</ele>
        <time>2021-08-05T09:52:34Z</time>
      </trkpt>
      <trkpt lat="43.087592" lon="-2.218083">
        <ele>735.884</ele>
        <time>2021-08-05T09:52:38Z</time>
      </trkpt>
      <trkpt lat="43.087544" lon="-2.218049">
        <ele>735.299</ele>
        <time>2021-08-05T09:52:42Z</time>
      </trkpt>
      <trkpt lat="43.087515" lon="-2.217994">
        <ele>735.053</ele>
        <time>2021-08-05T09:52:46Z</time>
      </trkpt>
      <trkpt lat="43.087483" lon="-2.217940">
        <ele>734.485</ele>
        <time>2021-08-05T09:52:50Z</time>
      </trkpt>
      <trkpt lat="43.087453" lon="-2.217894">
        <ele>733.958</ele>
        <time>2021-08-05T09:52:56Z</time>
      </trkpt>
      <trkpt lat="43.087420" lon="-2.217848">
        <ele>733.252</ele>
        <time>2021-08-05T09:53:02Z</time>
      </trkpt>
      <trkpt lat="43.087422" lon="-2.217773">
        <ele>732.617</ele>
        <time>2021-08-05T09:53:05Z</time>
      </trkpt>
      <trkpt lat="43.087435" lon="-2.217700">
        <ele>732.608</ele>
        <time>2021-08-05T09:53:07Z</time>
      </trkpt>
      <trkpt lat="43.087458" lon="-2.217646">
        <ele>732.133</ele>
        <time>2021-08-05T09:53:09Z</time>
      </trkpt>
      <trkpt lat="43.087473" lon="-2.217587">
        <ele>731.315</ele>
        <time>2021-08-05T09:53:16Z</time>
      </trkpt>
      <trkpt lat="43.087446" lon="-2.217532">
        <ele>731.355</ele>
        <time>2021-08-05T09:53:19Z</time>
      </trkpt>
      <trkpt lat="43.087424" lon="-2.217478">
        <ele>730.230</ele>
        <time>2021-08-05T09:53:22Z</time>
      </trkpt>
      <trkpt lat="43.087401" lon="-2.217412">
        <ele>729.256</ele>
        <time>2021-08-05T09:53:25Z</time>
      </trkpt>
      <trkpt lat="43.087379" lon="-2.217353">
        <ele>728.541</ele>
        <time>2021-08-05T09:53:30Z</time>
      </trkpt>
      <trkpt lat="43.087351" lon="-2.217259">
        <ele>728.055</ele>
        <time>2021-08-05T09:53:43Z</time>
      </trkpt>
      <trkpt lat="43.087329" lon="-2.217205">
        <ele>726.747</ele>
        <time>2021-08-05T09:53:45Z</time>
      </trkpt>
      <trkpt lat="43.087293" lon="-2.217145">
        <ele>725.459</ele>
        <time>2021-08-05T09:53:48Z</time>
      </trkpt>
      <trkpt lat="43.087267" lon="-2.217088">
        <ele>725.003</ele>
        <time>2021-08-05T09:53:50Z</time>
      </trkpt>
      <trkpt lat="43.087244" lon="-2.217023">
        <ele>724.323</ele>
        <time>2021-08-05T09:53:53Z</time>
      </trkpt>
      <trkpt lat="43.087236" lon="-2.216961">
        <ele>724.908</ele>
        <time>2021-08-05T09:53:57Z</time>
      </trkpt>
      <trkpt lat="43.087163" lon="-2.217001">
        <ele>725.063</ele>
        <time>2021-08-05T09:54:03Z</time>
      </trkpt>
      <trkpt lat="43.087124" lon="-2.217051">
        <ele>726.145</ele>
        <time>2021-08-05T09:54:05Z</time>
      </trkpt>
      <trkpt lat="43.087183" lon="-2.217013">
        <ele>726.815</ele>
        <time>2021-08-05T09:54:07Z</time>
      </trkpt>
      <trkpt lat="43.087183" lon="-2.217013">
        <ele>726.830</ele>
        <time>2021-08-05T09:54:07Z</time>
      </trkpt>
      <trkpt lat="43.087183" lon="-2.217013">
        <ele>726.866</ele>
        <time>2021-08-05T09:54:07Z</time>
      </trkpt>
      <trkpt lat="43.087220" lon="-2.216969">
        <ele>726.841</ele>
        <time>2021-08-05T09:54:08Z</time>
      </trkpt>
      <trkpt lat="43.087226" lon="-2.216903">
        <ele>727.175</ele>
        <time>2021-08-05T09:54:10Z</time>
      </trkpt>
      <trkpt lat="43.087190" lon="-2.216863">
        <ele>726.057</ele>
        <time>2021-08-05T09:54:15Z</time>
      </trkpt>
      <trkpt lat="43.087172" lon="-2.216799">
        <ele>721.893</ele>
        <time>2021-08-05T09:54:20Z</time>
      </trkpt>
      <trkpt lat="43.087141" lon="-2.216741">
        <ele>720.465</ele>
        <time>2021-08-05T09:54:25Z</time>
      </trkpt>
      <trkpt lat="43.087133" lon="-2.216675">
        <ele>719.321</ele>
        <time>2021-08-05T09:54:29Z</time>
      </trkpt>
      <trkpt lat="43.087122" lon="-2.216603">
        <ele>717.808</ele>
        <time>2021-08-05T09:54:33Z</time>
      </trkpt>
      <trkpt lat="43.087106" lon="-2.216545">
        <ele>717.397</ele>
        <time>2021-08-05T09:54:36Z</time>
      </trkpt>
      <trkpt lat="43.087078" lon="-2.216487">
        <ele>716.619</ele>
        <time>2021-08-05T09:54:40Z</time>
      </trkpt>
      <trkpt lat="43.087046" lon="-2.216437">
        <ele>715.799</ele>
        <time>2021-08-05T09:54:44Z</time>
      </trkpt>
      <trkpt lat="43.087015" lon="-2.216379">
        <ele>713.454</ele>
        <time>2021-08-05T09:54:49Z</time>
      </trkpt>
      <trkpt lat="43.086989" lon="-2.216329">
        <ele>711.540</ele>
        <time>2021-08-05T09:54:53Z</time>
      </trkpt>
      <trkpt lat="43.086961" lon="-2.216263">
        <ele>710.425</ele>
        <time>2021-08-05T09:54:57Z</time>
      </trkpt>
      <trkpt lat="43.086934" lon="-2.216189">
        <ele>710.229</ele>
        <time>2021-08-05T09:55:01Z</time>
      </trkpt>
      <trkpt lat="43.086904" lon="-2.216127">
        <ele>709.581</ele>
        <time>2021-08-05T09:55:05Z</time>
      </trkpt>
      <trkpt lat="43.086880" lon="-2.216070">
        <ele>709.223</ele>
        <time>2021-08-05T09:55:08Z</time>
      </trkpt>
      <trkpt lat="43.086851" lon="-2.216017">
        <ele>709.183</ele>
        <time>2021-08-05T09:55:13Z</time>
      </trkpt>
      <trkpt lat="43.086820" lon="-2.215961">
        <ele>708.511</ele>
        <time>2021-08-05T09:55:17Z</time>
      </trkpt>
      <trkpt lat="43.086793" lon="-2.215903">
        <ele>708.208</ele>
        <time>2021-08-05T09:55:21Z</time>
      </trkpt>
      <trkpt lat="43.086757" lon="-2.215859">
        <ele>707.410</ele>
        <time>2021-08-05T09:55:25Z</time>
      </trkpt>
      <trkpt lat="43.086717" lon="-2.215822">
        <ele>707.262</ele>
        <time>2021-08-05T09:55:29Z</time>
      </trkpt>
      <trkpt lat="43.086682" lon="-2.215767">
        <ele>706.332</ele>
        <time>2021-08-05T09:55:33Z</time>
      </trkpt>
      <trkpt lat="43.086660" lon="-2.215687">
        <ele>705.667</ele>
        <time>2021-08-05T09:55:44Z</time>
      </trkpt>
      <trkpt lat="43.086645" lon="-2.215620">
        <ele>705.643</ele>
        <time>2021-08-05T09:55:47Z</time>
      </trkpt>
      <trkpt lat="43.086629" lon="-2.215558">
        <ele>705.558</ele>
        <time>2021-08-05T09:55:48Z</time>
      </trkpt>
      <trkpt lat="43.086623" lon="-2.215492">
        <ele>705.992</ele>
        <time>2021-08-05T09:55:58Z</time>
      </trkpt>
      <trkpt lat="43.086614" lon="-2.215431">
        <ele>706.054</ele>
        <time>2021-08-05T09:56:04Z</time>
      </trkpt>
      <trkpt lat="43.086603" lon="-2.215370">
        <ele>706.464</ele>
        <time>2021-08-05T09:56:42Z</time>
      </trkpt>
      <trkpt lat="43.086587" lon="-2.215304">
        <ele>706.506</ele>
        <time>2021-08-05T09:56:47Z</time>
      </trkpt>
      <trkpt lat="43.086581" lon="-2.215237">
        <ele>706.516</ele>
        <time>2021-08-05T09:56:51Z</time>
      </trkpt>
      <trkpt lat="43.086577" lon="-2.215167">
        <ele>706.808</ele>
        <time>2021-08-05T09:56:58Z</time>
      </trkpt>
      <trkpt lat="43.086590" lon="-2.215099">
        <ele>706.944</ele>
        <time>2021-08-05T09:57:01Z</time>
      </trkpt>
      <trkpt lat="43.086580" lon="-2.215036">
        <ele>707.256</ele>
        <time>2021-08-05T09:57:04Z</time>
      </trkpt>
      <trkpt lat="43.086536" lon="-2.214987">
        <ele>707.136</ele>
        <time>2021-08-05T09:57:09Z</time>
      </trkpt>
      <trkpt lat="43.086550" lon="-2.214927">
        <ele>706.861</ele>
        <time>2021-08-05T09:57:13Z</time>
      </trkpt>
      <trkpt lat="43.086566" lon="-2.214866">
        <ele>704.617</ele>
        <time>2021-08-05T09:57:16Z</time>
      </trkpt>
      <trkpt lat="43.086565" lon="-2.214801">
        <ele>702.622</ele>
        <time>2021-08-05T09:57:25Z</time>
      </trkpt>
      <trkpt lat="43.086537" lon="-2.214716">
        <ele>702.356</ele>
        <time>2021-08-05T09:57:28Z</time>
      </trkpt>
      <trkpt lat="43.086521" lon="-2.214658">
        <ele>702.278</ele>
        <time>2021-08-05T09:57:31Z</time>
      </trkpt>
      <trkpt lat="43.086517" lon="-2.214594">
        <ele>702.261</ele>
        <time>2021-08-05T09:57:35Z</time>
      </trkpt>
      <trkpt lat="43.086522" lon="-2.214524">
        <ele>702.221</ele>
        <time>2021-08-05T09:57:48Z</time>
      </trkpt>
      <trkpt lat="43.086522" lon="-2.214448">
        <ele>702.313</ele>
        <time>2021-08-05T09:57:50Z</time>
      </trkpt>
      <trkpt lat="43.086528" lon="-2.214382">
        <ele>702.308</ele>
        <time>2021-08-05T09:57:53Z</time>
      </trkpt>
      <trkpt lat="43.086542" lon="-2.214319">
        <ele>702.394</ele>
        <time>2021-08-05T09:57:55Z</time>
      </trkpt>
      <trkpt lat="43.086557" lon="-2.214259">
        <ele>702.346</ele>
        <time>2021-08-05T09:57:58Z</time>
      </trkpt>
      <trkpt lat="43.086575" lon="-2.214197">
        <ele>701.416</ele>
        <time>2021-08-05T09:58:04Z</time>
      </trkpt>
      <trkpt lat="43.086584" lon="-2.214133">
        <ele>700.751</ele>
        <time>2021-08-05T09:58:08Z</time>
      </trkpt>
      <trkpt lat="43.086600" lon="-2.214074">
        <ele>699.767</ele>
        <time>2021-08-05T09:58:13Z</time>
      </trkpt>
      <trkpt lat="43.086627" lon="-2.214024">
        <ele>698.782</ele>
        <time>2021-08-05T09:58:16Z</time>
      </trkpt>
      <trkpt lat="43.086640" lon="-2.213963">
        <ele>698.686</ele>
        <time>2021-08-05T09:58:20Z</time>
      </trkpt>
      <trkpt lat="43.086644" lon="-2.213897">
        <ele>698.288</ele>
        <time>2021-08-05T09:58:27Z</time>
      </trkpt>
      <trkpt lat="43.086658" lon="-2.213833">
        <ele>698.163</ele>
        <time>2021-08-05T09:58:30Z</time>
      </trkpt>
      <trkpt lat="43.086636" lon="-2.213772">
        <ele>697.944</ele>
        <time>2021-08-05T09:58:40Z</time>
      </trkpt>
      <trkpt lat="43.086634" lon="-2.213695">
        <ele>697.718</ele>
        <time>2021-08-05T09:58:43Z</time>
      </trkpt>
      <trkpt lat="43.086660" lon="-2.213639">
        <ele>697.508</ele>
        <time>2021-08-05T09:58:47Z</time>
      </trkpt>
      <trkpt lat="43.086674" lon="-2.213579">
        <ele>697.114</ele>
        <time>2021-08-05T09:58:52Z</time>
      </trkpt>
      <trkpt lat="43.086694" lon="-2.213518">
        <ele>697.016</ele>
        <time>2021-08-05T09:58:57Z</time>
      </trkpt>
      <trkpt lat="43.086704" lon="-2.213457">
        <ele>696.846</ele>
        <time>2021-08-05T09:59:02Z</time>
      </trkpt>
      <trkpt lat="43.086701" lon="-2.213392">
        <ele>697.041</ele>
        <time>2021-08-05T09:59:08Z</time>
      </trkpt>
      <trkpt lat="43.086693" lon="-2.213328">
        <ele>698.327</ele>
        <time>2021-08-05T09:59:22Z</time>
      </trkpt>
      <trkpt lat="43.086673" lon="-2.213266">
        <ele>698.742</ele>
        <time>2021-08-05T09:59:25Z</time>
      </trkpt>
      <trkpt lat="43.086648" lon="-2.213214">
        <ele>699.336</ele>
        <time>2021-08-05T09:59:32Z</time>
      </trkpt>
      <trkpt lat="43.086675" lon="-2.213160">
        <ele>699.378</ele>
        <time>2021-08-05T09:59:38Z</time>
      </trkpt>
      <trkpt lat="43.086649" lon="-2.213107">
        <ele>699.147</ele>
        <time>2021-08-05T09:59:44Z</time>
      </trkpt>
      <trkpt lat="43.086628" lon="-2.213045">
        <ele>698.229</ele>
        <time>2021-08-05T09:59:48Z</time>
      </trkpt>
      <trkpt lat="43.086623" lon="-2.212981">
        <ele>697.621</ele>
        <time>2021-08-05T09:59:51Z</time>
      </trkpt>
      <trkpt lat="43.086612" lon="-2.212896">
        <ele>697.608</ele>
        <time>2021-08-05T09:59:55Z</time>
      </trkpt>
      <trkpt lat="43.086602" lon="-2.212830">
        <ele>698.372</ele>
        <time>2021-08-05T09:59:59Z</time>
      </trkpt>
      <trkpt lat="43.086599" lon="-2.212764">
        <ele>698.484</ele>
        <time>2021-08-05T10:00:04Z</time>
      </trkpt>
      <trkpt lat="43.086589" lon="-2.212701">
        <ele>699.324</ele>
        <time>2021-08-05T10:00:08Z</time>
      </trkpt>
      <trkpt lat="43.086585" lon="-2.212626">
        <ele>700.029</ele>
        <time>2021-08-05T10:00:16Z</time>
      </trkpt>
      <trkpt lat="43.086578" lon="-2.212556">
        <ele>700.455</ele>
        <time>2021-08-05T10:00:20Z</time>
      </trkpt>
      <trkpt lat="43.086575" lon="-2.212490">
        <ele>701.780</ele>
        <time>2021-08-05T10:00:27Z</time>
      </trkpt>
      <trkpt lat="43.086568" lon="-2.212425">
        <ele>704.764</ele>
        <time>2021-08-05T10:00:29Z</time>
      </trkpt>
      <trkpt lat="43.086551" lon="-2.212366">
        <ele>706.686</ele>
        <time>2021-08-05T10:00:36Z</time>
      </trkpt>
      <trkpt lat="43.086530" lon="-2.212285">
        <ele>707.069</ele>
        <time>2021-08-05T10:00:40Z</time>
      </trkpt>
      <trkpt lat="43.086527" lon="-2.212217">
        <ele>707.204</ele>
        <time>2021-08-05T10:00:45Z</time>
      </trkpt>
      <trkpt lat="43.086524" lon="-2.212152">
        <ele>708.024</ele>
        <time>2021-08-05T10:00:49Z</time>
      </trkpt>
      <trkpt lat="43.086523" lon="-2.212086">
        <ele>709.608</ele>
        <time>2021-08-05T10:00:55Z</time>
      </trkpt>
      <trkpt lat="43.086525" lon="-2.212020">
        <ele>711.554</ele>
        <time>2021-08-05T10:00:59Z</time>
      </trkpt>
      <trkpt lat="43.086505" lon="-2.211958">
        <ele>712.456</ele>
        <time>2021-08-05T10:01:05Z</time>
      </trkpt>
      <trkpt lat="43.086492" lon="-2.211890">
        <ele>712.876</ele>
        <time>2021-08-05T10:01:09Z</time>
      </trkpt>
      <trkpt lat="43.086495" lon="-2.211817">
        <ele>714.191</ele>
        <time>2021-08-05T10:01:13Z</time>
      </trkpt>
      <trkpt lat="43.086480" lon="-2.211757">
        <ele>716.027</ele>
        <time>2021-08-05T10:01:16Z</time>
      </trkpt>
      <trkpt lat="43.086447" lon="-2.211710">
        <ele>717.032</ele>
        <time>2021-08-05T10:01:19Z</time>
      </trkpt>
      <trkpt lat="43.086426" lon="-2.211648">
        <ele>718.576</ele>
        <time>2021-08-05T10:01:26Z</time>
      </trkpt>
      <trkpt lat="43.086425" lon="-2.211582">
        <ele>718.548</ele>
        <time>2021-08-05T10:01:30Z</time>
      </trkpt>
      <trkpt lat="43.086416" lon="-2.211520">
        <ele>718.625</ele>
        <time>2021-08-05T10:01:34Z</time>
      </trkpt>
      <trkpt lat="43.086410" lon="-2.211454">
        <ele>718.626</ele>
        <time>2021-08-05T10:01:38Z</time>
      </trkpt>
      <trkpt lat="43.086417" lon="-2.211392">
        <ele>718.608</ele>
        <time>2021-08-05T10:01:43Z</time>
      </trkpt>
      <trkpt lat="43.086405" lon="-2.211333">
        <ele>719.008</ele>
        <time>2021-08-05T10:01:48Z</time>
      </trkpt>
      <trkpt lat="43.086400" lon="-2.211270">
        <ele>719.440</ele>
        <time>2021-08-05T10:01:53Z</time>
      </trkpt>
      <trkpt lat="43.086409" lon="-2.211207">
        <ele>720.592</ele>
        <time>2021-08-05T10:01:59Z</time>
      </trkpt>
      <trkpt lat="43.086412" lon="-2.211142">
        <ele>721.482</ele>
        <time>2021-08-05T10:02:02Z</time>
      </trkpt>
      <trkpt lat="43.086414" lon="-2.211070">
        <ele>721.977</ele>
        <time>2021-08-05T10:02:06Z</time>
      </trkpt>
      <trkpt lat="43.086402" lon="-2.211010">
        <ele>722.163</ele>
        <time>2021-08-05T10:02:10Z</time>
      </trkpt>
      <trkpt lat="43.086394" lon="-2.210948">
        <ele>722.748</ele>
        <time>2021-08-05T10:02:15Z</time>
      </trkpt>
      <trkpt lat="43.086399" lon="-2.210882">
        <ele>722.692</ele>
        <time>2021-08-05T10:02:23Z</time>
      </trkpt>
      <trkpt lat="43.086400" lon="-2.210813">
        <ele>722.554</ele>
        <time>2021-08-05T10:02:27Z</time>
      </trkpt>
      <trkpt lat="43.086399" lon="-2.210751">
        <ele>723.013</ele>
        <time>2021-08-05T10:02:33Z</time>
      </trkpt>
      <trkpt lat="43.086403" lon="-2.210685">
        <ele>723.943</ele>
        <time>2021-08-05T10:02:36Z</time>
      </trkpt>
      <trkpt lat="43.086409" lon="-2.210623">
        <ele>725.207</ele>
        <time>2021-08-05T10:02:41Z</time>
      </trkpt>
      <trkpt lat="43.086411" lon="-2.210539">
        <ele>726.308</ele>
        <time>2021-08-05T10:02:44Z</time>
      </trkpt>
      <trkpt lat="43.086428" lon="-2.210474">
        <ele>727.379</ele>
        <time>2021-08-05T10:02:47Z</time>
      </trkpt>
      <trkpt lat="43.086402" lon="-2.210417">
        <ele>728.641</ele>
        <time>2021-08-05T10:02:51Z</time>
      </trkpt>
      <trkpt lat="43.086399" lon="-2.210350">
        <ele>730.261</ele>
        <time>2021-08-05T10:02:55Z</time>
      </trkpt>
      <trkpt lat="43.086371" lon="-2.210291">
        <ele>730.716</ele>
        <time>2021-08-05T10:03:00Z</time>
      </trkpt>
      <trkpt lat="43.086337" lon="-2.210241">
        <ele>730.212</ele>
        <time>2021-08-05T10:03:04Z</time>
      </trkpt>
      <trkpt lat="43.086311" lon="-2.210186">
        <ele>730.027</ele>
        <time>2021-08-05T10:03:07Z</time>
      </trkpt>
      <trkpt lat="43.086288" lon="-2.210123">
        <ele>730.081</ele>
        <time>2021-08-05T10:03:10Z</time>
      </trkpt>
      <trkpt lat="43.086275" lon="-2.210060">
        <ele>725.923</ele>
        <time>2021-08-05T10:03:14Z</time>
      </trkpt>
      <trkpt lat="43.086271" lon="-2.209998">
        <ele>724.836</ele>
        <time>2021-08-05T10:03:18Z</time>
      </trkpt>
      <trkpt lat="43.086275" lon="-2.209936">
        <ele>721.517</ele>
        <time>2021-08-05T10:03:21Z</time>
      </trkpt>
      <trkpt lat="43.086293" lon="-2.209870">
        <ele>719.218</ele>
        <time>2021-08-05T10:03:27Z</time>
      </trkpt>
      <trkpt lat="43.086296" lon="-2.209802">
        <ele>718.308</ele>
        <time>2021-08-05T10:03:31Z</time>
      </trkpt>
      <trkpt lat="43.086292" lon="-2.209737">
        <ele>717.921</ele>
        <time>2021-08-05T10:03:36Z</time>
      </trkpt>
      <trkpt lat="43.086304" lon="-2.209670">
        <ele>718.063</ele>
        <time>2021-08-05T10:03:42Z</time>
      </trkpt>
      <trkpt lat="43.086341" lon="-2.209625">
        <ele>719.143</ele>
        <time>2021-08-05T10:03:48Z</time>
      </trkpt>
      <trkpt lat="43.086387" lon="-2.209627">
        <ele>721.938</ele>
        <time>2021-08-05T10:03:50Z</time>
      </trkpt>
      <trkpt lat="43.086382" lon="-2.209558">
        <ele>722.614</ele>
        <time>2021-08-05T10:03:53Z</time>
      </trkpt>
      <trkpt lat="43.086356" lon="-2.209506">
        <ele>730.439</ele>
        <time>2021-08-05T10:03:55Z</time>
      </trkpt>
      <trkpt lat="43.086314" lon="-2.209456">
        <ele>733.293</ele>
        <time>2021-08-05T10:03:59Z</time>
      </trkpt>
      <trkpt lat="43.086294" lon="-2.209391">
        <ele>734.885</ele>
        <time>2021-08-05T10:04:05Z</time>
      </trkpt>
      <trkpt lat="43.086319" lon="-2.209339">
        <ele>734.813</ele>
        <time>2021-08-05T10:04:11Z</time>
      </trkpt>
      <trkpt lat="43.086320" lon="-2.209276">
        <ele>735.443</ele>
        <time>2021-08-05T10:04:19Z</time>
      </trkpt>
      <trkpt lat="43.086328" lon="-2.209208">
        <ele>736.107</ele>
        <time>2021-08-05T10:04:28Z</time>
      </trkpt>
      <trkpt lat="43.086332" lon="-2.209146">
        <ele>736.508</ele>
        <time>2021-08-05T10:04:32Z</time>
      </trkpt>
      <trkpt lat="43.086344" lon="-2.209075">
        <ele>736.889</ele>
        <time>2021-08-05T10:04:41Z</time>
      </trkpt>
      <trkpt lat="43.086358" lon="-2.209003">
        <ele>737.711</ele>
        <time>2021-08-05T10:04:44Z</time>
      </trkpt>
      <trkpt lat="43.086366" lon="-2.208937">
        <ele>738.181</ele>
        <time>2021-08-05T10:04:54Z</time>
      </trkpt>
      <trkpt lat="43.086368" lon="-2.208875">
        <ele>739.486</ele>
        <time>2021-08-05T10:04:57Z</time>
      </trkpt>
      <trkpt lat="43.086369" lon="-2.208811">
        <ele>740.712</ele>
        <time>2021-08-05T10:05:04Z</time>
      </trkpt>
      <trkpt lat="43.086368" lon="-2.208735">
        <ele>741.387</ele>
        <time>2021-08-05T10:05:08Z</time>
      </trkpt>
      <trkpt lat="43.086369" lon="-2.208671">
        <ele>741.241</ele>
        <time>2021-08-05T10:05:10Z</time>
      </trkpt>
      <trkpt lat="43.086362" lon="-2.208606">
        <ele>741.973</ele>
        <time>2021-08-05T10:05:13Z</time>
      </trkpt>
      <trkpt lat="43.086368" lon="-2.208539">
        <ele>744.879</ele>
        <time>2021-08-05T10:05:20Z</time>
      </trkpt>
      <trkpt lat="43.086393" lon="-2.208487">
        <ele>745.705</ele>
        <time>2021-08-05T10:05:25Z</time>
      </trkpt>
      <trkpt lat="43.086418" lon="-2.208434">
        <ele>749.025</ele>
        <time>2021-08-05T10:05:32Z</time>
      </trkpt>
      <trkpt lat="43.086436" lon="-2.208375">
        <ele>749.008</ele>
        <time>2021-08-05T10:05:39Z</time>
      </trkpt>
      <trkpt lat="43.086458" lon="-2.208293">
        <ele>749.365</ele>
        <time>2021-08-05T10:05:44Z</time>
      </trkpt>
      <trkpt lat="43.086501" lon="-2.208247">
        <ele>749.777</ele>
        <time>2021-08-05T10:05:47Z</time>
      </trkpt>
      <trkpt lat="43.086539" lon="-2.208208">
        <ele>750.567</ele>
        <time>2021-08-05T10:05:49Z</time>
      </trkpt>
      <trkpt lat="43.086563" lon="-2.208140">
        <ele>752.862</ele>
        <time>2021-08-05T10:05:52Z</time>
      </trkpt>
      <trkpt lat="43.086605" lon="-2.208098">
        <ele>755.948</ele>
        <time>2021-08-05T10:05:57Z</time>
      </trkpt>
      <trkpt lat="43.086672" lon="-2.208137">
        <ele>760.863</ele>
        <time>2021-08-05T10:06:00Z</time>
      </trkpt>
      <trkpt lat="43.086704" lon="-2.208212">
        <ele>764.087</ele>
        <time>2021-08-05T10:06:04Z</time>
      </trkpt>
      <trkpt lat="43.086717" lon="-2.208364">
        <ele>767.269</ele>
        <time>2021-08-05T10:06:06Z</time>
      </trkpt>
      <trkpt lat="43.086638" lon="-2.208339">
        <ele>768.716</ele>
        <time>2021-08-05T10:06:08Z</time>
      </trkpt>
      <trkpt lat="43.086478" lon="-2.208160">
        <ele>768.976</ele>
        <time>2021-08-05T10:06:09Z</time>
      </trkpt>
      <trkpt lat="43.086464" lon="-2.208021">
        <ele>769.213</ele>
        <time>2021-08-05T10:06:10Z</time>
      </trkpt>
      <trkpt lat="43.086506" lon="-2.207855">
        <ele>766.508</ele>
        <time>2021-08-05T10:06:12Z</time>
      </trkpt>
      <trkpt lat="43.086516" lon="-2.207763">
        <ele>767.869</ele>
        <time>2021-08-05T10:06:14Z</time>
      </trkpt>
      <trkpt lat="43.086537" lon="-2.207838">
        <ele>765.711</ele>
        <time>2021-08-05T10:06:16Z</time>
      </trkpt>
      <trkpt lat="43.086560" lon="-2.207920">
        <ele>765.061</ele>
        <time>2021-08-05T10:06:19Z</time>
      </trkpt>
      <trkpt lat="43.086576" lon="-2.207981">
        <ele>765.066</ele>
        <time>2021-08-05T10:06:21Z</time>
      </trkpt>
      <trkpt lat="43.086619" lon="-2.207952">
        <ele>765.052</ele>
        <time>2021-08-05T10:07:00Z</time>
      </trkpt>
      <trkpt lat="43.086660" lon="-2.207920">
        <ele>765.217</ele>
        <time>2021-08-05T10:07:03Z</time>
      </trkpt>
      <trkpt lat="43.086704" lon="-2.207892">
        <ele>765.661</ele>
        <time>2021-08-05T10:07:05Z</time>
      </trkpt>
      <trkpt lat="43.086757" lon="-2.207872">
        <ele>765.863</ele>
        <time>2021-08-05T10:07:08Z</time>
      </trkpt>
      <trkpt lat="43.086819" lon="-2.207863">
        <ele>766.154</ele>
        <time>2021-08-05T10:07:11Z</time>
      </trkpt>
      <trkpt lat="43.086859" lon="-2.207834">
        <ele>770.056</ele>
        <time>2021-08-05T10:07:34Z</time>
      </trkpt>
      <trkpt lat="43.086868" lon="-2.207917">
        <ele>769.911</ele>
        <time>2021-08-05T10:07:44Z</time>
      </trkpt>
      <trkpt lat="43.086802" lon="-2.207935">
        <ele>770.508</ele>
        <time>2021-08-05T10:07:47Z</time>
      </trkpt>
      <trkpt lat="43.086802" lon="-2.207935">
        <ele>770.543</ele>
        <time>2021-08-05T10:07:47Z</time>
      </trkpt>
      <trkpt lat="43.086756" lon="-2.207910">
        <ele>770.245</ele>
        <time>2021-08-05T10:07:49Z</time>
      </trkpt>
      <trkpt lat="43.086831" lon="-2.207850">
        <ele>769.235</ele>
        <time>2021-08-05T10:07:51Z</time>
      </trkpt>
      <trkpt lat="43.086874" lon="-2.207824">
        <ele>768.120</ele>
        <time>2021-08-05T10:08:47Z</time>
      </trkpt>
      <trkpt lat="43.086920" lon="-2.207803">
        <ele>768.386</ele>
        <time>2021-08-05T10:08:49Z</time>
      </trkpt>
      <trkpt lat="43.086968" lon="-2.207782">
        <ele>768.071</ele>
        <time>2021-08-05T10:08:52Z</time>
      </trkpt>
      <trkpt lat="43.087004" lon="-2.207739">
        <ele>768.855</ele>
        <time>2021-08-05T10:09:09Z</time>
      </trkpt>
      <trkpt lat="43.087051" lon="-2.207708">
        <ele>769.167</ele>
        <time>2021-08-05T10:09:12Z</time>
      </trkpt>
      <trkpt lat="43.087103" lon="-2.207678">
        <ele>769.313</ele>
        <time>2021-08-05T10:09:14Z</time>
      </trkpt>
      <trkpt lat="43.087149" lon="-2.207642">
        <ele>770.043</ele>
        <time>2021-08-05T10:09:17Z</time>
      </trkpt>
      <trkpt lat="43.087192" lon="-2.207607">
        <ele>770.707</ele>
        <time>2021-08-05T10:09:20Z</time>
      </trkpt>
      <trkpt lat="43.087237" lon="-2.207568">
        <ele>771.308</ele>
        <time>2021-08-05T10:09:25Z</time>
      </trkpt>
      <trkpt lat="43.087275" lon="-2.207532">
        <ele>772.849</ele>
        <time>2021-08-05T10:09:28Z</time>
      </trkpt>
      <trkpt lat="43.087312" lon="-2.207491">
        <ele>773.411</ele>
        <time>2021-08-05T10:09:29Z</time>
      </trkpt>
      <trkpt lat="43.087338" lon="-2.207440">
        <ele>773.631</ele>
        <time>2021-08-05T10:09:32Z</time>
      </trkpt>
      <trkpt lat="43.087355" lon="-2.207373">
        <ele>774.016</ele>
        <time>2021-08-05T10:09:40Z</time>
      </trkpt>
      <trkpt lat="43.087389" lon="-2.207333">
        <ele>774.392</ele>
        <time>2021-08-05T10:09:46Z</time>
      </trkpt>
      <trkpt lat="43.087431" lon="-2.207299">
        <ele>774.427</ele>
        <time>2021-08-05T10:09:51Z</time>
      </trkpt>
      <trkpt lat="43.087474" lon="-2.207264">
        <ele>774.531</ele>
        <time>2021-08-05T10:09:55Z</time>
      </trkpt>
      <trkpt lat="43.087519" lon="-2.207226">
        <ele>774.573</ele>
        <time>2021-08-05T10:09:58Z</time>
      </trkpt>
      <trkpt lat="43.087562" lon="-2.207199">
        <ele>776.156</ele>
        <time>2021-08-05T10:10:00Z</time>
      </trkpt>
      <trkpt lat="43.087611" lon="-2.207173">
        <ele>777.459</ele>
        <time>2021-08-05T10:10:03Z</time>
      </trkpt>
      <trkpt lat="43.087650" lon="-2.207127">
        <ele>779.414</ele>
        <time>2021-08-05T10:10:12Z</time>
      </trkpt>
      <trkpt lat="43.087695" lon="-2.207090">
        <ele>779.908</ele>
        <time>2021-08-05T10:10:15Z</time>
      </trkpt>
      <trkpt lat="43.087752" lon="-2.207069">
        <ele>782.153</ele>
        <time>2021-08-05T10:10:18Z</time>
      </trkpt>
      <trkpt lat="43.087799" lon="-2.207056">
        <ele>782.785</ele>
        <time>2021-08-05T10:10:20Z</time>
      </trkpt>
      <trkpt lat="43.087845" lon="-2.207053">
        <ele>783.645</ele>
        <time>2021-08-05T10:10:25Z</time>
      </trkpt>
      <trkpt lat="43.087893" lon="-2.207023">
        <ele>784.010</ele>
        <time>2021-08-05T10:10:29Z</time>
      </trkpt>
      <trkpt lat="43.087927" lon="-2.206980">
        <ele>785.686</ele>
        <time>2021-08-05T10:10:33Z</time>
      </trkpt>
      <trkpt lat="43.087970" lon="-2.206928">
        <ele>787.011</ele>
        <time>2021-08-05T10:10:40Z</time>
      </trkpt>
      <trkpt lat="43.088008" lon="-2.206894">
        <ele>787.475</ele>
        <time>2021-08-05T10:10:45Z</time>
      </trkpt>
      <trkpt lat="43.088049" lon="-2.206857">
        <ele>787.747</ele>
        <time>2021-08-05T10:10:48Z</time>
      </trkpt>
      <trkpt lat="43.088086" lon="-2.206815">
        <ele>790.284</ele>
        <time>2021-08-05T10:10:54Z</time>
      </trkpt>
      <trkpt lat="43.088125" lon="-2.206767">
        <ele>792.107</ele>
        <time>2021-08-05T10:11:01Z</time>
      </trkpt>
      <trkpt lat="43.088175" lon="-2.206771">
        <ele>795.117</ele>
        <time>2021-08-05T10:11:05Z</time>
      </trkpt>
      <trkpt lat="43.088144" lon="-2.206837">
        <ele>795.108</ele>
        <time>2021-08-05T10:11:14Z</time>
      </trkpt>
      <trkpt lat="43.088089" lon="-2.206813">
        <ele>795.856</ele>
        <time>2021-08-05T10:11:15Z</time>
      </trkpt>
      <trkpt lat="43.088147" lon="-2.206852">
        <ele>796.658</ele>
        <time>2021-08-05T10:11:18Z</time>
      </trkpt>
      <trkpt lat="43.088194" lon="-2.206886">
        <ele>795.618</ele>
        <time>2021-08-05T10:11:19Z</time>
      </trkpt>
      <trkpt lat="43.088255" lon="-2.206937">
        <ele>795.593</ele>
        <time>2021-08-05T10:11:21Z</time>
      </trkpt>
      <trkpt lat="43.088237" lon="-2.206879">
        <ele>795.339</ele>
        <time>2021-08-05T10:11:23Z</time>
      </trkpt>
      <trkpt lat="43.088218" lon="-2.206821">
        <ele>795.054</ele>
        <time>2021-08-05T10:11:26Z</time>
      </trkpt>
      <trkpt lat="43.088236" lon="-2.206764">
        <ele>795.298</ele>
        <time>2021-08-05T10:11:56Z</time>
      </trkpt>
      <trkpt lat="43.088281" lon="-2.206735">
        <ele>795.510</ele>
        <time>2021-08-05T10:12:00Z</time>
      </trkpt>
      <trkpt lat="43.088328" lon="-2.206729">
        <ele>795.565</ele>
        <time>2021-08-05T10:12:01Z</time>
      </trkpt>
      <trkpt lat="43.088381" lon="-2.206729">
        <ele>795.268</ele>
        <time>2021-08-05T10:12:04Z</time>
      </trkpt>
      <trkpt lat="43.088406" lon="-2.206672">
        <ele>794.114</ele>
        <time>2021-08-05T10:12:16Z</time>
      </trkpt>
      <trkpt lat="43.088439" lon="-2.206618">
        <ele>794.208</ele>
        <time>2021-08-05T10:12:21Z</time>
      </trkpt>
      <trkpt lat="43.088468" lon="-2.206558">
        <ele>794.254</ele>
        <time>2021-08-05T10:12:25Z</time>
      </trkpt>
      <trkpt lat="43.088468" lon="-2.206496">
        <ele>794.436</ele>
        <time>2021-08-05T10:12:28Z</time>
      </trkpt>
      <trkpt lat="43.088498" lon="-2.206439">
        <ele>796.256</ele>
        <time>2021-08-05T10:12:33Z</time>
      </trkpt>
      <trkpt lat="43.088537" lon="-2.206410">
        <ele>797.641</ele>
        <time>2021-08-05T10:12:38Z</time>
      </trkpt>
      <trkpt lat="43.088577" lon="-2.206360">
        <ele>798.737</ele>
        <time>2021-08-05T10:12:45Z</time>
      </trkpt>
      <trkpt lat="43.088617" lon="-2.206328">
        <ele>799.862</ele>
        <time>2021-08-05T10:12:48Z</time>
      </trkpt>
      <trkpt lat="43.088657" lon="-2.206301">
        <ele>800.426</ele>
        <time>2021-08-05T10:12:56Z</time>
      </trkpt>
      <trkpt lat="43.088716" lon="-2.206293">
        <ele>800.648</ele>
        <time>2021-08-05T10:13:03Z</time>
      </trkpt>
      <trkpt lat="43.088763" lon="-2.206285">
        <ele>801.063</ele>
        <time>2021-08-05T10:13:05Z</time>
      </trkpt>
      <trkpt lat="43.088804" lon="-2.206247">
        <ele>801.044</ele>
        <time>2021-08-05T10:13:13Z</time>
      </trkpt>
      <trkpt lat="43.088839" lon="-2.206201">
        <ele>801.218</ele>
        <time>2021-08-05T10:13:17Z</time>
      </trkpt>
      <trkpt lat="43.088882" lon="-2.206157">
        <ele>801.608</ele>
        <time>2021-08-05T10:13:21Z</time>
      </trkpt>
      <trkpt lat="43.088921" lon="-2.206118">
        <ele>801.854</ele>
        <time>2021-08-05T10:13:24Z</time>
      </trkpt>
      <trkpt lat="43.088964" lon="-2.206080">
        <ele>801.726</ele>
        <time>2021-08-05T10:13:29Z</time>
      </trkpt>
      <trkpt lat="43.089004" lon="-2.206048">
        <ele>801.726</ele>
        <time>2021-08-05T10:13:31Z</time>
      </trkpt>
      <trkpt lat="43.089040" lon="-2.206009">
        <ele>801.761</ele>
        <time>2021-08-05T10:13:33Z</time>
      </trkpt>
      <trkpt lat="43.089080" lon="-2.205978">
        <ele>802.287</ele>
        <time>2021-08-05T10:13:40Z</time>
      </trkpt>
      <trkpt lat="43.089124" lon="-2.205959">
        <ele>801.912</ele>
        <time>2021-08-05T10:13:44Z</time>
      </trkpt>
      <trkpt lat="43.089165" lon="-2.205922">
        <ele>799.886</ele>
        <time>2021-08-05T10:14:02Z</time>
      </trkpt>
      <trkpt lat="43.089199" lon="-2.205871">
        <ele>799.168</ele>
        <time>2021-08-05T10:14:04Z</time>
      </trkpt>
      <trkpt lat="43.089231" lon="-2.205826">
        <ele>798.488</ele>
        <time>2021-08-05T10:14:08Z</time>
      </trkpt>
      <trkpt lat="43.089265" lon="-2.205761">
        <ele>797.724</ele>
        <time>2021-08-05T10:14:19Z</time>
      </trkpt>
      <trkpt lat="43.089241" lon="-2.205662">
        <ele>797.726</ele>
        <time>2021-08-05T10:14:20Z</time>
      </trkpt>
      <trkpt lat="43.089148" lon="-2.205545">
        <ele>796.408</ele>
        <time>2021-08-05T10:14:21Z</time>
      </trkpt>
      <trkpt lat="43.089122" lon="-2.205494">
        <ele>796.716</ele>
        <time>2021-08-05T10:14:23Z</time>
      </trkpt>
      <trkpt lat="43.089181" lon="-2.205525">
        <ele>796.668</ele>
        <time>2021-08-05T10:14:27Z</time>
      </trkpt>
      <trkpt lat="43.089246" lon="-2.205664">
        <ele>797.038</ele>
        <time>2021-08-05T10:14:29Z</time>
      </trkpt>
      <trkpt lat="43.089271" lon="-2.205716">
        <ele>796.473</ele>
        <time>2021-08-05T10:14:54Z</time>
      </trkpt>
      <trkpt lat="43.089322" lon="-2.205703">
        <ele>796.529</ele>
        <time>2021-08-05T10:15:16Z</time>
      </trkpt>
      <trkpt lat="43.089367" lon="-2.205689">
        <ele>796.544</ele>
        <time>2021-08-05T10:15:20Z</time>
      </trkpt>
      <trkpt lat="43.089399" lon="-2.205639">
        <ele>797.078</ele>
        <time>2021-08-05T10:15:26Z</time>
      </trkpt>
      <trkpt lat="43.089431" lon="-2.205594">
        <ele>797.210</ele>
        <time>2021-08-05T10:15:34Z</time>
      </trkpt>
      <trkpt lat="43.089463" lon="-2.205529">
        <ele>797.218</ele>
        <time>2021-08-05T10:15:37Z</time>
      </trkpt>
      <trkpt lat="43.089490" lon="-2.205473">
        <ele>797.998</ele>
        <time>2021-08-05T10:15:40Z</time>
      </trkpt>
      <trkpt lat="43.089518" lon="-2.205414">
        <ele>797.917</ele>
        <time>2021-08-05T10:15:42Z</time>
      </trkpt>
      <trkpt lat="43.089545" lon="-2.205357">
        <ele>798.108</ele>
        <time>2021-08-05T10:15:45Z</time>
      </trkpt>
      <trkpt lat="43.089576" lon="-2.205311">
        <ele>798.369</ele>
        <time>2021-08-05T10:15:48Z</time>
      </trkpt>
      <trkpt lat="43.089609" lon="-2.205256">
        <ele>799.031</ele>
        <time>2021-08-05T10:15:51Z</time>
      </trkpt>
      <trkpt lat="43.089638" lon="-2.205202">
        <ele>799.361</ele>
        <time>2021-08-05T10:15:53Z</time>
      </trkpt>
      <trkpt lat="43.089664" lon="-2.205152">
        <ele>800.456</ele>
        <time>2021-08-05T10:15:58Z</time>
      </trkpt>
      <trkpt lat="43.089699" lon="-2.205099">
        <ele>800.892</ele>
        <time>2021-08-05T10:16:02Z</time>
      </trkpt>
      <trkpt lat="43.089716" lon="-2.205042">
        <ele>803.377</ele>
        <time>2021-08-05T10:16:13Z</time>
      </trkpt>
      <trkpt lat="43.089750" lon="-2.204976">
        <ele>804.031</ele>
        <time>2021-08-05T10:16:17Z</time>
      </trkpt>
      <trkpt lat="43.089780" lon="-2.204928">
        <ele>804.443</ele>
        <time>2021-08-05T10:16:19Z</time>
      </trkpt>
      <trkpt lat="43.089817" lon="-2.204886">
        <ele>805.966</ele>
        <time>2021-08-05T10:16:22Z</time>
      </trkpt>
      <trkpt lat="43.089838" lon="-2.204825">
        <ele>807.129</ele>
        <time>2021-08-05T10:16:26Z</time>
      </trkpt>
      <trkpt lat="43.089837" lon="-2.204763">
        <ele>807.921</ele>
        <time>2021-08-05T10:16:33Z</time>
      </trkpt>
      <trkpt lat="43.089858" lon="-2.204706">
        <ele>809.108</ele>
        <time>2021-08-05T10:16:45Z</time>
      </trkpt>
      <trkpt lat="43.089832" lon="-2.204763">
        <ele>809.314</ele>
        <time>2021-08-05T10:16:50Z</time>
      </trkpt>
      <trkpt lat="43.089798" lon="-2.204830">
        <ele>809.476</ele>
        <time>2021-08-05T10:16:52Z</time>
      </trkpt>
      <trkpt lat="43.089843" lon="-2.204724">
        <ele>810.346</ele>
        <time>2021-08-05T10:16:54Z</time>
      </trkpt>
      <trkpt lat="43.089891" lon="-2.204654">
        <ele>811.641</ele>
        <time>2021-08-05T10:16:56Z</time>
      </trkpt>
      <trkpt lat="43.089940" lon="-2.204647">
        <ele>810.357</ele>
        <time>2021-08-05T10:17:30Z</time>
      </trkpt>
      <trkpt lat="43.089972" lon="-2.204594">
        <ele>810.212</ele>
        <time>2021-08-05T10:17:32Z</time>
      </trkpt>
      <trkpt lat="43.090005" lon="-2.204531">
        <ele>810.326</ele>
        <time>2021-08-05T10:17:37Z</time>
      </trkpt>
      <trkpt lat="43.090029" lon="-2.204475">
        <ele>810.448</ele>
        <time>2021-08-05T10:17:43Z</time>
      </trkpt>
      <trkpt lat="43.090054" lon="-2.204424">
        <ele>811.053</ele>
        <time>2021-08-05T10:17:47Z</time>
      </trkpt>
      <trkpt lat="43.090090" lon="-2.204377">
        <ele>811.704</ele>
        <time>2021-08-05T10:17:51Z</time>
      </trkpt>
      <trkpt lat="43.090130" lon="-2.204336">
        <ele>813.314</ele>
        <time>2021-08-05T10:17:58Z</time>
      </trkpt>
      <trkpt lat="43.090169" lon="-2.204303">
        <ele>813.908</ele>
        <time>2021-08-05T10:18:01Z</time>
      </trkpt>
      <trkpt lat="43.090205" lon="-2.204249">
        <ele>815.363</ele>
        <time>2021-08-05T10:18:04Z</time>
      </trkpt>
      <trkpt lat="43.090225" lon="-2.204190">
        <ele>817.125</ele>
        <time>2021-08-05T10:18:07Z</time>
      </trkpt>
      <trkpt lat="43.090246" lon="-2.204135">
        <ele>818.685</ele>
        <time>2021-08-05T10:18:13Z</time>
      </trkpt>
      <trkpt lat="43.090284" lon="-2.204087">
        <ele>820.430</ele>
        <time>2021-08-05T10:18:18Z</time>
      </trkpt>
      <trkpt lat="43.090330" lon="-2.204047">
        <ele>820.696</ele>
        <time>2021-08-05T10:18:34Z</time>
      </trkpt>
      <trkpt lat="43.090370" lon="-2.203997">
        <ele>820.811</ele>
        <time>2021-08-05T10:18:37Z</time>
      </trkpt>
      <trkpt lat="43.090402" lon="-2.203951">
        <ele>820.735</ele>
        <time>2021-08-05T10:18:40Z</time>
      </trkpt>
      <trkpt lat="43.090431" lon="-2.203902">
        <ele>820.657</ele>
        <time>2021-08-05T10:18:46Z</time>
      </trkpt>
      <trkpt lat="43.090470" lon="-2.203849">
        <ele>821.082</ele>
        <time>2021-08-05T10:18:57Z</time>
      </trkpt>
      <trkpt lat="43.090503" lon="-2.203804">
        <ele>822.043</ele>
        <time>2021-08-05T10:19:01Z</time>
      </trkpt>
      <trkpt lat="43.090534" lon="-2.203756">
        <ele>822.617</ele>
        <time>2021-08-05T10:19:10Z</time>
      </trkpt>
      <trkpt lat="43.090563" lon="-2.203697">
        <ele>823.108</ele>
        <time>2021-08-05T10:19:13Z</time>
      </trkpt>
      <trkpt lat="43.090593" lon="-2.203649">
        <ele>825.026</ele>
        <time>2021-08-05T10:19:30Z</time>
      </trkpt>
      <trkpt lat="43.090627" lon="-2.203602">
        <ele>825.798</ele>
        <time>2021-08-05T10:19:33Z</time>
      </trkpt>
      <trkpt lat="43.090661" lon="-2.203558">
        <ele>826.718</ele>
        <time>2021-08-05T10:19:40Z</time>
      </trkpt>
      <trkpt lat="43.090703" lon="-2.203512">
        <ele>826.933</ele>
        <time>2021-08-05T10:19:47Z</time>
      </trkpt>
      <trkpt lat="43.090736" lon="-2.203469">
        <ele>828.099</ele>
        <time>2021-08-05T10:19:50Z</time>
      </trkpt>
      <trkpt lat="43.090781" lon="-2.203420">
        <ele>828.974</ele>
        <time>2021-08-05T10:20:00Z</time>
      </trkpt>
      <trkpt lat="43.090823" lon="-2.203379">
        <ele>830.288</ele>
        <time>2021-08-05T10:20:04Z</time>
      </trkpt>
      <trkpt lat="43.090861" lon="-2.203340">
        <ele>830.870</ele>
        <time>2021-08-05T10:20:17Z</time>
      </trkpt>
      <trkpt lat="43.090904" lon="-2.203298">
        <ele>832.356</ele>
        <time>2021-08-05T10:20:20Z</time>
      </trkpt>
      <trkpt lat="43.091034" lon="-2.203199">
        <ele>833.759</ele>
        <time>2021-08-05T10:20:47Z</time>
      </trkpt>
      <trkpt lat="43.091082" lon="-2.203146">
        <ele>835.514</ele>
        <time>2021-08-05T10:20:49Z</time>
      </trkpt>
      <trkpt lat="43.091000" lon="-2.203177">
        <ele>838.108</ele>
        <time>2021-08-05T10:20:51Z</time>
      </trkpt>
      <trkpt lat="43.090935" lon="-2.203183">
        <ele>838.853</ele>
        <time>2021-08-05T10:20:52Z</time>
      </trkpt>
      <trkpt lat="43.091002" lon="-2.203091">
        <ele>838.935</ele>
        <time>2021-08-05T10:21:12Z</time>
      </trkpt>
      <trkpt lat="43.091046" lon="-2.203062">
        <ele>840.565</ele>
        <time>2021-08-05T10:21:22Z</time>
      </trkpt>
      <trkpt lat="43.091088" lon="-2.202989">
        <ele>841.680</ele>
        <time>2021-08-05T10:21:25Z</time>
      </trkpt>
      <trkpt lat="43.091114" lon="-2.202938">
        <ele>847.066</ele>
        <time>2021-08-05T10:21:39Z</time>
      </trkpt>
      <trkpt lat="43.091152" lon="-2.202886">
        <ele>849.231</ele>
        <time>2021-08-05T10:21:43Z</time>
      </trkpt>
      <trkpt lat="43.091191" lon="-2.202830">
        <ele>851.325</ele>
        <time>2021-08-05T10:21:50Z</time>
      </trkpt>
      <trkpt lat="43.091234" lon="-2.202795">
        <ele>857.397</ele>
        <time>2021-08-05T10:21:54Z</time>
      </trkpt>
      <trkpt lat="43.091273" lon="-2.202764">
        <ele>858.077</ele>
        <time>2021-08-05T10:22:05Z</time>
      </trkpt>
      <trkpt lat="43.091321" lon="-2.202738">
        <ele>858.361</ele>
        <time>2021-08-05T10:22:10Z</time>
      </trkpt>
      <trkpt lat="43.091274" lon="-2.202625">
        <ele>859.627</ele>
        <time>2021-08-05T10:22:15Z</time>
      </trkpt>
      <trkpt lat="43.091274" lon="-2.202625">
        <ele>859.608</ele>
        <time>2021-08-05T10:22:15Z</time>
      </trkpt>
      <trkpt lat="43.091255" lon="-2.202524">
        <ele>860.715</ele>
        <time>2021-08-05T10:22:16Z</time>
      </trkpt>
      <trkpt lat="43.091325" lon="-2.202613">
        <ele>862.647</ele>
        <time>2021-08-05T10:22:18Z</time>
      </trkpt>
      <trkpt lat="43.091386" lon="-2.202726">
        <ele>864.537</ele>
        <time>2021-08-05T10:22:20Z</time>
      </trkpt>
      <trkpt lat="43.091427" lon="-2.202679">
        <ele>864.592</ele>
        <time>2021-08-05T10:22:25Z</time>
      </trkpt>
      <trkpt lat="43.091418" lon="-2.202612">
        <ele>865.088</ele>
        <time>2021-08-05T10:22:29Z</time>
      </trkpt>
      <trkpt lat="43.091463" lon="-2.202582">
        <ele>865.663</ele>
        <time>2021-08-05T10:23:14Z</time>
      </trkpt>
      <trkpt lat="43.091522" lon="-2.202541">
        <ele>865.617</ele>
        <time>2021-08-05T10:23:19Z</time>
      </trkpt>
      <trkpt lat="43.091522" lon="-2.202541">
        <ele>865.649</ele>
        <time>2021-08-05T10:23:19Z</time>
      </trkpt>
      <trkpt lat="43.091522" lon="-2.202541">
        <ele>865.671</ele>
        <time>2021-08-05T10:23:19Z</time>
      </trkpt>
      <trkpt lat="43.091474" lon="-2.202540">
        <ele>866.941</ele>
        <time>2021-08-05T10:26:02Z</time>
      </trkpt>
      <trkpt lat="43.091460" lon="-2.202617">
        <ele>868.515</ele>
        <time>2021-08-05T10:28:34Z</time>
      </trkpt>
      <trkpt lat="43.091419" lon="-2.202662">
        <ele>868.608</ele>
        <time>2021-08-05T10:28:36Z</time>
      </trkpt>
      <trkpt lat="43.091384" lon="-2.202700">
        <ele>869.655</ele>
        <time>2021-08-05T10:28:42Z</time>
      </trkpt>
      <trkpt lat="43.091339" lon="-2.202741">
        <ele>869.667</ele>
        <time>2021-08-05T10:28:45Z</time>
      </trkpt>
      <trkpt lat="43.091305" lon="-2.202787">
        <ele>869.637</ele>
        <time>2021-08-05T10:28:48Z</time>
      </trkpt>
      <trkpt lat="43.091257" lon="-2.202795">
        <ele>864.452</ele>
        <time>2021-08-05T10:29:07Z</time>
      </trkpt>
      <trkpt lat="43.091212" lon="-2.202826">
        <ele>864.038</ele>
        <time>2021-08-05T10:29:10Z</time>
      </trkpt>
      <trkpt lat="43.091167" lon="-2.202845">
        <ele>863.433</ele>
        <time>2021-08-05T10:29:15Z</time>
      </trkpt>
      <trkpt lat="43.091113" lon="-2.202898">
        <ele>862.797</ele>
        <time>2021-08-05T10:29:19Z</time>
      </trkpt>
      <trkpt lat="43.091093" lon="-2.202958">
        <ele>861.379</ele>
        <time>2021-08-05T10:29:23Z</time>
      </trkpt>
      <trkpt lat="43.091064" lon="-2.203021">
        <ele>857.185</ele>
        <time>2021-08-05T10:29:44Z</time>
      </trkpt>
      <trkpt lat="43.091034" lon="-2.203083">
        <ele>856.589</ele>
        <time>2021-08-05T10:29:46Z</time>
      </trkpt>
      <trkpt lat="43.091008" lon="-2.203136">
        <ele>856.017</ele>
        <time>2021-08-05T10:29:49Z</time>
      </trkpt>
      <trkpt lat="43.090983" lon="-2.203193">
        <ele>855.708</ele>
        <time>2021-08-05T10:29:54Z</time>
      </trkpt>
      <trkpt lat="43.090949" lon="-2.203250">
        <ele>853.776</ele>
        <time>2021-08-05T10:30:01Z</time>
      </trkpt>
      <trkpt lat="43.090910" lon="-2.203286">
        <ele>847.528</ele>
        <time>2021-08-05T10:30:05Z</time>
      </trkpt>
      <trkpt lat="43.090864" lon="-2.203309">
        <ele>846.688</ele>
        <time>2021-08-05T10:30:09Z</time>
      </trkpt>
      <trkpt lat="43.090823" lon="-2.203340">
        <ele>846.553</ele>
        <time>2021-08-05T10:30:12Z</time>
      </trkpt>
      <trkpt lat="43.090790" lon="-2.203384">
        <ele>844.179</ele>
        <time>2021-08-05T10:30:20Z</time>
      </trkpt>
      <trkpt lat="43.090775" lon="-2.203444">
        <ele>843.274</ele>
        <time>2021-08-05T10:30:23Z</time>
      </trkpt>
      <trkpt lat="43.090752" lon="-2.203512">
        <ele>842.048</ele>
        <time>2021-08-05T10:30:28Z</time>
      </trkpt>
      <trkpt lat="43.090708" lon="-2.203525">
        <ele>839.230</ele>
        <time>2021-08-05T10:30:32Z</time>
      </trkpt>
      <trkpt lat="43.090659" lon="-2.203511">
        <ele>835.852</ele>
        <time>2021-08-05T10:30:51Z</time>
      </trkpt>
      <trkpt lat="43.090610" lon="-2.203525">
        <ele>835.153</ele>
        <time>2021-08-05T10:30:54Z</time>
      </trkpt>
      <trkpt lat="43.090578" lon="-2.203587">
        <ele>834.408</ele>
        <time>2021-08-05T10:30:57Z</time>
      </trkpt>
      <trkpt lat="43.090559" lon="-2.203645">
        <ele>834.108</ele>
        <time>2021-08-05T10:31:05Z</time>
      </trkpt>
      <trkpt lat="43.090525" lon="-2.203700">
        <ele>834.183</ele>
        <time>2021-08-05T10:31:07Z</time>
      </trkpt>
      <trkpt lat="43.090495" lon="-2.203763">
        <ele>832.325</ele>
        <time>2021-08-05T10:31:10Z</time>
      </trkpt>
      <trkpt lat="43.090476" lon="-2.203825">
        <ele>831.795</ele>
        <time>2021-08-05T10:31:13Z</time>
      </trkpt>
      <trkpt lat="43.090451" lon="-2.203877">
        <ele>827.570</ele>
        <time>2021-08-05T10:31:22Z</time>
      </trkpt>
      <trkpt lat="43.090402" lon="-2.203931">
        <ele>825.366</ele>
        <time>2021-08-05T10:31:27Z</time>
      </trkpt>
      <trkpt lat="43.090367" lon="-2.203978">
        <ele>823.671</ele>
        <time>2021-08-05T10:31:30Z</time>
      </trkpt>
      <trkpt lat="43.090331" lon="-2.204022">
        <ele>823.385</ele>
        <time>2021-08-05T10:31:32Z</time>
      </trkpt>
      <trkpt lat="43.090295" lon="-2.204063">
        <ele>821.637</ele>
        <time>2021-08-05T10:31:34Z</time>
      </trkpt>
      <trkpt lat="43.090263" lon="-2.204108">
        <ele>820.921</ele>
        <time>2021-08-05T10:31:36Z</time>
      </trkpt>
      <trkpt lat="43.090221" lon="-2.204160">
        <ele>816.941</ele>
        <time>2021-08-05T10:31:39Z</time>
      </trkpt>
      <trkpt lat="43.090186" lon="-2.204215">
        <ele>815.405</ele>
        <time>2021-08-05T10:31:42Z</time>
      </trkpt>
      <trkpt lat="43.090158" lon="-2.204271">
        <ele>814.208</ele>
        <time>2021-08-05T10:31:45Z</time>
      </trkpt>
      <trkpt lat="43.090127" lon="-2.204321">
        <ele>813.650</ele>
        <time>2021-08-05T10:31:48Z</time>
      </trkpt>
      <trkpt lat="43.090096" lon="-2.204370">
        <ele>812.962</ele>
        <time>2021-08-05T10:31:53Z</time>
      </trkpt>
      <trkpt lat="43.090054" lon="-2.204428">
        <ele>811.872</ele>
        <time>2021-08-05T10:31:57Z</time>
      </trkpt>
      <trkpt lat="43.090013" lon="-2.204478">
        <ele>810.297</ele>
        <time>2021-08-05T10:32:01Z</time>
      </trkpt>
      <trkpt lat="43.089973" lon="-2.204507">
        <ele>809.313</ele>
        <time>2021-08-05T10:32:04Z</time>
      </trkpt>
      <trkpt lat="43.089936" lon="-2.204551">
        <ele>808.848</ele>
        <time>2021-08-05T10:32:08Z</time>
      </trkpt>
      <trkpt lat="43.089909" lon="-2.204601">
        <ele>808.182</ele>
        <time>2021-08-05T10:32:12Z</time>
      </trkpt>
      <trkpt lat="43.089876" lon="-2.204648">
        <ele>805.994</ele>
        <time>2021-08-05T10:32:48Z</time>
      </trkpt>
      <trkpt lat="43.089834" lon="-2.204687">
        <ele>805.661</ele>
        <time>2021-08-05T10:32:51Z</time>
      </trkpt>
      <trkpt lat="43.089814" lon="-2.204743">
        <ele>804.921</ele>
        <time>2021-08-05T10:32:59Z</time>
      </trkpt>
      <trkpt lat="43.089791" lon="-2.204807">
        <ele>804.713</ele>
        <time>2021-08-05T10:33:01Z</time>
      </trkpt>
      <trkpt lat="43.089760" lon="-2.204858">
        <ele>804.508</ele>
        <time>2021-08-05T10:33:05Z</time>
      </trkpt>
      <trkpt lat="43.089733" lon="-2.204910">
        <ele>803.394</ele>
        <time>2021-08-05T10:33:10Z</time>
      </trkpt>
      <trkpt lat="43.089700" lon="-2.204961">
        <ele>802.456</ele>
        <time>2021-08-05T10:33:20Z</time>
      </trkpt>
      <trkpt lat="43.089671" lon="-2.205011">
        <ele>802.236</ele>
        <time>2021-08-05T10:33:23Z</time>
      </trkpt>
      <trkpt lat="43.089649" lon="-2.205065">
        <ele>801.551</ele>
        <time>2021-08-05T10:33:26Z</time>
      </trkpt>
      <trkpt lat="43.089629" lon="-2.205125">
        <ele>801.227</ele>
        <time>2021-08-05T10:33:29Z</time>
      </trkpt>
      <trkpt lat="43.089610" lon="-2.205184">
        <ele>800.272</ele>
        <time>2021-08-05T10:33:31Z</time>
      </trkpt>
      <trkpt lat="43.089591" lon="-2.205241">
        <ele>799.286</ele>
        <time>2021-08-05T10:33:35Z</time>
      </trkpt>
      <trkpt lat="43.089567" lon="-2.205298">
        <ele>797.968</ele>
        <time>2021-08-05T10:33:39Z</time>
      </trkpt>
      <trkpt lat="43.089544" lon="-2.205352">
        <ele>797.215</ele>
        <time>2021-08-05T10:33:42Z</time>
      </trkpt>
      <trkpt lat="43.089523" lon="-2.205413">
        <ele>795.065</ele>
        <time>2021-08-05T10:33:48Z</time>
      </trkpt>
      <trkpt lat="43.089496" lon="-2.205467">
        <ele>794.911</ele>
        <time>2021-08-05T10:33:52Z</time>
      </trkpt>
      <trkpt lat="43.089455" lon="-2.205439">
        <ele>791.708</ele>
        <time>2021-08-05T10:33:58Z</time>
      </trkpt>
      <trkpt lat="43.089423" lon="-2.205494">
        <ele>789.499</ele>
        <time>2021-08-05T10:34:12Z</time>
      </trkpt>
      <trkpt lat="43.089392" lon="-2.205549">
        <ele>788.741</ele>
        <time>2021-08-05T10:34:16Z</time>
      </trkpt>
      <trkpt lat="43.089350" lon="-2.205591">
        <ele>787.951</ele>
        <time>2021-08-05T10:34:32Z</time>
      </trkpt>
      <trkpt lat="43.089325" lon="-2.205643">
        <ele>787.396</ele>
        <time>2021-08-05T10:34:37Z</time>
      </trkpt>
      <trkpt lat="43.089297" lon="-2.205706">
        <ele>786.032</ele>
        <time>2021-08-05T10:34:44Z</time>
      </trkpt>
      <trkpt lat="43.089265" lon="-2.205755">
        <ele>784.867</ele>
        <time>2021-08-05T10:34:45Z</time>
      </trkpt>
      <trkpt lat="43.089236" lon="-2.205805">
        <ele>784.881</ele>
        <time>2021-08-05T10:34:48Z</time>
      </trkpt>
      <trkpt lat="43.089193" lon="-2.205861">
        <ele>784.883</ele>
        <time>2021-08-05T10:34:50Z</time>
      </trkpt>
      <trkpt lat="43.089142" lon="-2.205890">
        <ele>784.849</ele>
        <time>2021-08-05T10:34:53Z</time>
      </trkpt>
      <trkpt lat="43.089091" lon="-2.205931">
        <ele>785.402</ele>
        <time>2021-08-05T10:34:55Z</time>
      </trkpt>
      <trkpt lat="43.089046" lon="-2.205973">
        <ele>786.622</ele>
        <time>2021-08-05T10:34:58Z</time>
      </trkpt>
      <trkpt lat="43.089004" lon="-2.206001">
        <ele>788.108</ele>
        <time>2021-08-05T10:35:00Z</time>
      </trkpt>
      <trkpt lat="43.088961" lon="-2.206040">
        <ele>790.132</ele>
        <time>2021-08-05T10:35:04Z</time>
      </trkpt>
      <trkpt lat="43.088919" lon="-2.206073">
        <ele>792.344</ele>
        <time>2021-08-05T10:35:08Z</time>
      </trkpt>
      <trkpt lat="43.088884" lon="-2.206120">
        <ele>793.224</ele>
        <time>2021-08-05T10:35:14Z</time>
      </trkpt>
      <trkpt lat="43.088852" lon="-2.206172">
        <ele>793.379</ele>
        <time>2021-08-05T10:35:17Z</time>
      </trkpt>
      <trkpt lat="43.088815" lon="-2.206213">
        <ele>794.095</ele>
        <time>2021-08-05T10:35:21Z</time>
      </trkpt>
      <trkpt lat="43.088761" lon="-2.206224">
        <ele>794.290</ele>
        <time>2021-08-05T10:35:25Z</time>
      </trkpt>
      <trkpt lat="43.088718" lon="-2.206243">
        <ele>794.414</ele>
        <time>2021-08-05T10:35:28Z</time>
      </trkpt>
      <trkpt lat="43.088665" lon="-2.206256">
        <ele>795.096</ele>
        <time>2021-08-05T10:35:32Z</time>
      </trkpt>
      <trkpt lat="43.088622" lon="-2.206297">
        <ele>795.925</ele>
        <time>2021-08-05T10:35:38Z</time>
      </trkpt>
      <trkpt lat="43.088585" lon="-2.206335">
        <ele>796.426</ele>
        <time>2021-08-05T10:35:41Z</time>
      </trkpt>
      <trkpt lat="43.088542" lon="-2.206380">
        <ele>796.908</ele>
        <time>2021-08-05T10:35:45Z</time>
      </trkpt>
      <trkpt lat="43.088495" lon="-2.206408">
        <ele>797.408</ele>
        <time>2021-08-05T10:35:49Z</time>
      </trkpt>
      <trkpt lat="43.088460" lon="-2.206447">
        <ele>797.940</ele>
        <time>2021-08-05T10:35:53Z</time>
      </trkpt>
      <trkpt lat="43.088428" lon="-2.206511">
        <ele>797.722</ele>
        <time>2021-08-05T10:35:57Z</time>
      </trkpt>
      <trkpt lat="43.088404" lon="-2.206566">
        <ele>797.292</ele>
        <time>2021-08-05T10:36:00Z</time>
      </trkpt>
      <trkpt lat="43.088375" lon="-2.206617">
        <ele>795.737</ele>
        <time>2021-08-05T10:36:05Z</time>
      </trkpt>
      <trkpt lat="43.088337" lon="-2.206668">
        <ele>793.963</ele>
        <time>2021-08-05T10:36:13Z</time>
      </trkpt>
      <trkpt lat="43.088300" lon="-2.206711">
        <ele>793.498</ele>
        <time>2021-08-05T10:36:18Z</time>
      </trkpt>
      <trkpt lat="43.088253" lon="-2.206737">
        <ele>792.172</ele>
        <time>2021-08-05T10:36:30Z</time>
      </trkpt>
      <trkpt lat="43.088210" lon="-2.206759">
        <ele>791.934</ele>
        <time>2021-08-05T10:36:37Z</time>
      </trkpt>
      <trkpt lat="43.088168" lon="-2.206802">
        <ele>791.294</ele>
        <time>2021-08-05T10:36:43Z</time>
      </trkpt>
      <trkpt lat="43.088130" lon="-2.206851">
        <ele>790.257</ele>
        <time>2021-08-05T10:36:46Z</time>
      </trkpt>
      <trkpt lat="43.088083" lon="-2.206856">
        <ele>789.022</ele>
        <time>2021-08-05T10:36:51Z</time>
      </trkpt>
      <trkpt lat="43.088039" lon="-2.206904">
        <ele>788.108</ele>
        <time>2021-08-05T10:36:54Z</time>
      </trkpt>
      <trkpt lat="43.088000" lon="-2.206939">
        <ele>788.177</ele>
        <time>2021-08-05T10:36:57Z</time>
      </trkpt>
      <trkpt lat="43.087953" lon="-2.206976">
        <ele>787.089</ele>
        <time>2021-08-05T10:37:01Z</time>
      </trkpt>
      <trkpt lat="43.087898" lon="-2.206995">
        <ele>787.069</ele>
        <time>2021-08-05T10:37:04Z</time>
      </trkpt>
      <trkpt lat="43.087864" lon="-2.207038">
        <ele>786.534</ele>
        <time>2021-08-05T10:37:08Z</time>
      </trkpt>
      <trkpt lat="43.087815" lon="-2.207035">
        <ele>785.350</ele>
        <time>2021-08-05T10:37:11Z</time>
      </trkpt>
      <trkpt lat="43.087770" lon="-2.207040">
        <ele>785.375</ele>
        <time>2021-08-05T10:37:14Z</time>
      </trkpt>
      <trkpt lat="43.087711" lon="-2.207059">
        <ele>784.799</ele>
        <time>2021-08-05T10:37:18Z</time>
      </trkpt>
      <trkpt lat="43.087669" lon="-2.207083">
        <ele>783.791</ele>
        <time>2021-08-05T10:37:21Z</time>
      </trkpt>
      <trkpt lat="43.087624" lon="-2.207097">
        <ele>783.278</ele>
        <time>2021-08-05T10:37:24Z</time>
      </trkpt>
      <trkpt lat="43.087573" lon="-2.207113">
        <ele>782.433</ele>
        <time>2021-08-05T10:37:27Z</time>
      </trkpt>
      <trkpt lat="43.087532" lon="-2.207140">
        <ele>778.026</ele>
        <time>2021-08-05T10:37:32Z</time>
      </trkpt>
      <trkpt lat="43.087490" lon="-2.207186">
        <ele>777.008</ele>
        <time>2021-08-05T10:37:41Z</time>
      </trkpt>
      <trkpt lat="43.087451" lon="-2.207241">
        <ele>776.355</ele>
        <time>2021-08-05T10:37:44Z</time>
      </trkpt>
      <trkpt lat="43.087418" lon="-2.207292">
        <ele>775.597</ele>
        <time>2021-08-05T10:37:47Z</time>
      </trkpt>
      <trkpt lat="43.087384" lon="-2.207342">
        <ele>774.587</ele>
        <time>2021-08-05T10:38:04Z</time>
      </trkpt>
      <trkpt lat="43.087341" lon="-2.207405">
        <ele>774.192</ele>
        <time>2021-08-05T10:38:07Z</time>
      </trkpt>
      <trkpt lat="43.087307" lon="-2.207453">
        <ele>774.098</ele>
        <time>2021-08-05T10:38:11Z</time>
      </trkpt>
      <trkpt lat="43.087276" lon="-2.207500">
        <ele>774.073</ele>
        <time>2021-08-05T10:38:14Z</time>
      </trkpt>
      <trkpt lat="43.087256" lon="-2.207560">
        <ele>774.187</ele>
        <time>2021-08-05T10:38:18Z</time>
      </trkpt>
      <trkpt lat="43.087223" lon="-2.207610">
        <ele>774.869</ele>
        <time>2021-08-05T10:38:24Z</time>
      </trkpt>
      <trkpt lat="43.087177" lon="-2.207662">
        <ele>775.072</ele>
        <time>2021-08-05T10:38:27Z</time>
      </trkpt>
      <trkpt lat="43.087125" lon="-2.207685">
        <ele>775.313</ele>
        <time>2021-08-05T10:38:30Z</time>
      </trkpt>
      <trkpt lat="43.087069" lon="-2.207710">
        <ele>775.314</ele>
        <time>2021-08-05T10:38:32Z</time>
      </trkpt>
      <trkpt lat="43.087007" lon="-2.207726">
        <ele>775.208</ele>
        <time>2021-08-05T10:38:34Z</time>
      </trkpt>
      <trkpt lat="43.086963" lon="-2.207739">
        <ele>774.985</ele>
        <time>2021-08-05T10:38:35Z</time>
      </trkpt>
      <trkpt lat="43.086916" lon="-2.207772">
        <ele>773.227</ele>
        <time>2021-08-05T10:38:38Z</time>
      </trkpt>
      <trkpt lat="43.086881" lon="-2.207824">
        <ele>771.387</ele>
        <time>2021-08-05T10:38:45Z</time>
      </trkpt>
      <trkpt lat="43.086823" lon="-2.207847">
        <ele>769.082</ele>
        <time>2021-08-05T10:38:48Z</time>
      </trkpt>
      <trkpt lat="43.086788" lon="-2.207887">
        <ele>768.188</ele>
        <time>2021-08-05T10:38:51Z</time>
      </trkpt>
      <trkpt lat="43.086743" lon="-2.207909">
        <ele>767.433</ele>
        <time>2021-08-05T10:38:55Z</time>
      </trkpt>
      <trkpt lat="43.086695" lon="-2.207926">
        <ele>765.557</ele>
        <time>2021-08-05T10:39:00Z</time>
      </trkpt>
      <trkpt lat="43.086655" lon="-2.207954">
        <ele>764.989</ele>
        <time>2021-08-05T10:39:04Z</time>
      </trkpt>
      <trkpt lat="43.086619" lon="-2.207991">
        <ele>763.824</ele>
        <time>2021-08-05T10:39:13Z</time>
      </trkpt>
      <trkpt lat="43.086584" lon="-2.208053">
        <ele>763.304</ele>
        <time>2021-08-05T10:39:26Z</time>
      </trkpt>
      <trkpt lat="43.086548" lon="-2.208105">
        <ele>763.214</ele>
        <time>2021-08-05T10:39:28Z</time>
      </trkpt>
      <trkpt lat="43.086529" lon="-2.208173">
        <ele>763.108</ele>
        <time>2021-08-05T10:39:32Z</time>
      </trkpt>
      <trkpt lat="43.086511" lon="-2.208236">
        <ele>763.280</ele>
        <time>2021-08-05T10:39:35Z</time>
      </trkpt>
      <trkpt lat="43.086485" lon="-2.208297">
        <ele>763.692</ele>
        <time>2021-08-05T10:39:38Z</time>
      </trkpt>
      <trkpt lat="43.086460" lon="-2.208349">
        <ele>763.782</ele>
        <time>2021-08-05T10:39:41Z</time>
      </trkpt>
      <trkpt lat="43.086448" lon="-2.208418">
        <ele>763.627</ele>
        <time>2021-08-05T10:39:44Z</time>
      </trkpt>
      <trkpt lat="43.086440" lon="-2.208483">
        <ele>763.593</ele>
        <time>2021-08-05T10:39:47Z</time>
      </trkpt>
      <trkpt lat="43.086430" lon="-2.208548">
        <ele>762.758</ele>
        <time>2021-08-05T10:39:52Z</time>
      </trkpt>
      <trkpt lat="43.086408" lon="-2.208610">
        <ele>761.862</ele>
        <time>2021-08-05T10:39:59Z</time>
      </trkpt>
      <trkpt lat="43.086398" lon="-2.208686">
        <ele>761.584</ele>
        <time>2021-08-05T10:40:02Z</time>
      </trkpt>
      <trkpt lat="43.086383" lon="-2.208748">
        <ele>761.083</ele>
        <time>2021-08-05T10:40:05Z</time>
      </trkpt>
      <trkpt lat="43.086368" lon="-2.208806">
        <ele>760.525</ele>
        <time>2021-08-05T10:40:08Z</time>
      </trkpt>
      <trkpt lat="43.086357" lon="-2.208883">
        <ele>759.917</ele>
        <time>2021-08-05T10:40:10Z</time>
      </trkpt>
      <trkpt lat="43.086348" lon="-2.208948">
        <ele>759.208</ele>
        <time>2021-08-05T10:40:13Z</time>
      </trkpt>
      <trkpt lat="43.086352" lon="-2.209017">
        <ele>756.496</ele>
        <time>2021-08-05T10:40:16Z</time>
      </trkpt>
      <trkpt lat="43.086366" lon="-2.209076">
        <ele>755.788</ele>
        <time>2021-08-05T10:40:19Z</time>
      </trkpt>
      <trkpt lat="43.086367" lon="-2.209145">
        <ele>754.718</ele>
        <time>2021-08-05T10:40:23Z</time>
      </trkpt>
      <trkpt lat="43.086355" lon="-2.209211">
        <ele>754.293</ele>
        <time>2021-08-05T10:40:26Z</time>
      </trkpt>
      <trkpt lat="43.086343" lon="-2.209278">
        <ele>753.059</ele>
        <time>2021-08-05T10:40:30Z</time>
      </trkpt>
      <trkpt lat="43.086336" lon="-2.209345">
        <ele>752.284</ele>
        <time>2021-08-05T10:40:33Z</time>
      </trkpt>
      <trkpt lat="43.086334" lon="-2.209419">
        <ele>751.338</ele>
        <time>2021-08-05T10:40:37Z</time>
      </trkpt>
      <trkpt lat="43.086337" lon="-2.209483">
        <ele>749.470</ele>
        <time>2021-08-05T10:40:40Z</time>
      </trkpt>
      <trkpt lat="43.086337" lon="-2.209563">
        <ele>749.321</ele>
        <time>2021-08-05T10:40:44Z</time>
      </trkpt>
      <trkpt lat="43.086330" lon="-2.209635">
        <ele>747.741</ele>
        <time>2021-08-05T10:40:48Z</time>
      </trkpt>
      <trkpt lat="43.086318" lon="-2.209698">
        <ele>745.305</ele>
        <time>2021-08-05T10:40:51Z</time>
      </trkpt>
      <trkpt lat="43.086300" lon="-2.209763">
        <ele>742.408</ele>
        <time>2021-08-05T10:40:55Z</time>
      </trkpt>
      <trkpt lat="43.086297" lon="-2.209826">
        <ele>740.330</ele>
        <time>2021-08-05T10:40:58Z</time>
      </trkpt>
      <trkpt lat="43.086323" lon="-2.209887">
        <ele>737.152</ele>
        <time>2021-08-05T10:41:02Z</time>
      </trkpt>
      <trkpt lat="43.086329" lon="-2.209960">
        <ele>733.142</ele>
        <time>2021-08-05T10:41:06Z</time>
      </trkpt>
      <trkpt lat="43.086314" lon="-2.210019">
        <ele>732.467</ele>
        <time>2021-08-05T10:41:09Z</time>
      </trkpt>
      <trkpt lat="43.086315" lon="-2.210086">
        <ele>731.593</ele>
        <time>2021-08-05T10:41:13Z</time>
      </trkpt>
      <trkpt lat="43.086313" lon="-2.210153">
        <ele>728.058</ele>
        <time>2021-08-05T10:41:17Z</time>
      </trkpt>
      <trkpt lat="43.086304" lon="-2.210220">
        <ele>727.282</ele>
        <time>2021-08-05T10:41:20Z</time>
      </trkpt>
      <trkpt lat="43.086303" lon="-2.210283">
        <ele>724.774</ele>
        <time>2021-08-05T10:41:24Z</time>
      </trkpt>
      <trkpt lat="43.086324" lon="-2.210341">
        <ele>722.836</ele>
        <time>2021-08-05T10:41:50Z</time>
      </trkpt>
      <trkpt lat="43.086335" lon="-2.210412">
        <ele>722.217</ele>
        <time>2021-08-05T10:41:54Z</time>
      </trkpt>
      <trkpt lat="43.086341" lon="-2.210473">
        <ele>721.818</ele>
        <time>2021-08-05T10:41:56Z</time>
      </trkpt>
      <trkpt lat="43.086349" lon="-2.210545">
        <ele>721.608</ele>
        <time>2021-08-05T10:41:58Z</time>
      </trkpt>
      <trkpt lat="43.086361" lon="-2.210609">
        <ele>720.951</ele>
        <time>2021-08-05T10:42:00Z</time>
      </trkpt>
      <trkpt lat="43.086376" lon="-2.210675">
        <ele>719.593</ele>
        <time>2021-08-05T10:42:02Z</time>
      </trkpt>
      <trkpt lat="43.086385" lon="-2.210743">
        <ele>718.863</ele>
        <time>2021-08-05T10:42:17Z</time>
      </trkpt>
      <trkpt lat="43.086384" lon="-2.210819">
        <ele>718.298</ele>
        <time>2021-08-05T10:42:20Z</time>
      </trkpt>
      <trkpt lat="43.086389" lon="-2.210907">
        <ele>717.874</ele>
        <time>2021-08-05T10:42:22Z</time>
      </trkpt>
      <trkpt lat="43.086393" lon="-2.210989">
        <ele>716.979</ele>
        <time>2021-08-05T10:42:24Z</time>
      </trkpt>
      <trkpt lat="43.086397" lon="-2.211055">
        <ele>716.533</ele>
        <time>2021-08-05T10:42:26Z</time>
      </trkpt>
      <trkpt lat="43.086404" lon="-2.211126">
        <ele>715.275</ele>
        <time>2021-08-05T10:42:29Z</time>
      </trkpt>
      <trkpt lat="43.086397" lon="-2.211194">
        <ele>715.246</ele>
        <time>2021-08-05T10:42:32Z</time>
      </trkpt>
      <trkpt lat="43.086381" lon="-2.211255">
        <ele>715.188</ele>
        <time>2021-08-05T10:42:40Z</time>
      </trkpt>
      <trkpt lat="43.086371" lon="-2.211324">
        <ele>714.716</ele>
        <time>2021-08-05T10:42:51Z</time>
      </trkpt>
      <trkpt lat="43.086374" lon="-2.211397">
        <ele>714.608</ele>
        <time>2021-08-05T10:42:53Z</time>
      </trkpt>
      <trkpt lat="43.086381" lon="-2.211474">
        <ele>714.462</ele>
        <time>2021-08-05T10:42:55Z</time>
      </trkpt>
      <trkpt lat="43.086389" lon="-2.211541">
        <ele>713.724</ele>
        <time>2021-08-05T10:42:57Z</time>
      </trkpt>
      <trkpt lat="43.086399" lon="-2.211627">
        <ele>712.974</ele>
        <time>2021-08-05T10:43:00Z</time>
      </trkpt>
      <trkpt lat="43.086416" lon="-2.211695">
        <ele>710.939</ele>
        <time>2021-08-05T10:43:03Z</time>
      </trkpt>
      <trkpt lat="43.086428" lon="-2.211757">
        <ele>709.935</ele>
        <time>2021-08-05T10:43:15Z</time>
      </trkpt>
      <trkpt lat="43.086436" lon="-2.211827">
        <ele>709.610</ele>
        <time>2021-08-05T10:43:17Z</time>
      </trkpt>
      <trkpt lat="43.086450" lon="-2.211887">
        <ele>709.174</ele>
        <time>2021-08-05T10:43:22Z</time>
      </trkpt>
      <trkpt lat="43.086463" lon="-2.211948">
        <ele>707.136</ele>
        <time>2021-08-05T10:43:31Z</time>
      </trkpt>
      <trkpt lat="43.086479" lon="-2.212014">
        <ele>706.635</ele>
        <time>2021-08-05T10:43:34Z</time>
      </trkpt>
      <trkpt lat="43.086494" lon="-2.212075">
        <ele>706.286</ele>
        <time>2021-08-05T10:43:37Z</time>
      </trkpt>
      <trkpt lat="43.086503" lon="-2.212156">
        <ele>705.114</ele>
        <time>2021-08-05T10:43:40Z</time>
      </trkpt>
      <trkpt lat="43.086499" lon="-2.212223">
        <ele>702.508</ele>
        <time>2021-08-05T10:43:42Z</time>
      </trkpt>
      <trkpt lat="43.086495" lon="-2.212297">
        <ele>701.361</ele>
        <time>2021-08-05T10:43:45Z</time>
      </trkpt>
      <trkpt lat="43.086488" lon="-2.212363">
        <ele>700.863</ele>
        <time>2021-08-05T10:43:48Z</time>
      </trkpt>
      <trkpt lat="43.086492" lon="-2.212426">
        <ele>700.093</ele>
        <time>2021-08-05T10:43:51Z</time>
      </trkpt>
      <trkpt lat="43.086509" lon="-2.212491">
        <ele>698.748</ele>
        <time>2021-08-05T10:43:54Z</time>
      </trkpt>
      <trkpt lat="43.086527" lon="-2.212554">
        <ele>698.664</ele>
        <time>2021-08-05T10:43:59Z</time>
      </trkpt>
      <trkpt lat="43.086547" lon="-2.212628">
        <ele>697.589</ele>
        <time>2021-08-05T10:44:15Z</time>
      </trkpt>
      <trkpt lat="43.086561" lon="-2.212703">
        <ele>697.453</ele>
        <time>2021-08-05T10:44:18Z</time>
      </trkpt>
      <trkpt lat="43.086570" lon="-2.212766">
        <ele>697.335</ele>
        <time>2021-08-05T10:44:19Z</time>
      </trkpt>
      <trkpt lat="43.086580" lon="-2.212838">
        <ele>697.024</ele>
        <time>2021-08-05T10:44:21Z</time>
      </trkpt>
      <trkpt lat="43.086595" lon="-2.212903">
        <ele>696.604</ele>
        <time>2021-08-05T10:44:23Z</time>
      </trkpt>
      <trkpt lat="43.086614" lon="-2.212963">
        <ele>696.414</ele>
        <time>2021-08-05T10:44:28Z</time>
      </trkpt>
      <trkpt lat="43.086625" lon="-2.213035">
        <ele>696.408</ele>
        <time>2021-08-05T10:44:32Z</time>
      </trkpt>
      <trkpt lat="43.086637" lon="-2.213096">
        <ele>697.040</ele>
        <time>2021-08-05T10:44:34Z</time>
      </trkpt>
      <trkpt lat="43.086646" lon="-2.213160">
        <ele>696.932</ele>
        <time>2021-08-05T10:44:38Z</time>
      </trkpt>
      <trkpt lat="43.086664" lon="-2.213223">
        <ele>696.872</ele>
        <time>2021-08-05T10:44:52Z</time>
      </trkpt>
      <trkpt lat="43.086689" lon="-2.213280">
        <ele>696.877</ele>
        <time>2021-08-05T10:44:55Z</time>
      </trkpt>
      <trkpt lat="43.086697" lon="-2.213345">
        <ele>697.243</ele>
        <time>2021-08-05T10:44:59Z</time>
      </trkpt>
      <trkpt lat="43.086697" lon="-2.213408">
        <ele>697.498</ele>
        <time>2021-08-05T10:45:05Z</time>
      </trkpt>
      <trkpt lat="43.086686" lon="-2.213481">
        <ele>697.652</ele>
        <time>2021-08-05T10:45:10Z</time>
      </trkpt>
      <trkpt lat="43.086667" lon="-2.213554">
        <ele>698.274</ele>
        <time>2021-08-05T10:45:13Z</time>
      </trkpt>
      <trkpt lat="43.086651" lon="-2.213620">
        <ele>698.563</ele>
        <time>2021-08-05T10:45:25Z</time>
      </trkpt>
      <trkpt lat="43.086642" lon="-2.213686">
        <ele>699.044</ele>
        <time>2021-08-05T10:45:32Z</time>
      </trkpt>
      <trkpt lat="43.086633" lon="-2.213759">
        <ele>699.518</ele>
        <time>2021-08-05T10:45:35Z</time>
      </trkpt>
      <trkpt lat="43.086623" lon="-2.213828">
        <ele>700.408</ele>
        <time>2021-08-05T10:45:37Z</time>
      </trkpt>
      <trkpt lat="43.086611" lon="-2.213888">
        <ele>700.494</ele>
        <time>2021-08-05T10:45:39Z</time>
      </trkpt>
      <trkpt lat="43.086615" lon="-2.213950">
        <ele>700.516</ele>
        <time>2021-08-05T10:45:50Z</time>
      </trkpt>
      <trkpt lat="43.086597" lon="-2.214012">
        <ele>700.326</ele>
        <time>2021-08-05T10:45:56Z</time>
      </trkpt>
      <trkpt lat="43.086585" lon="-2.214080">
        <ele>699.771</ele>
        <time>2021-08-05T10:45:59Z</time>
      </trkpt>
      <trkpt lat="43.086567" lon="-2.214138">
        <ele>699.387</ele>
        <time>2021-08-05T10:46:01Z</time>
      </trkpt>
      <trkpt lat="43.086541" lon="-2.214196">
        <ele>699.372</ele>
        <time>2021-08-05T10:46:03Z</time>
      </trkpt>
      <trkpt lat="43.086529" lon="-2.214263">
        <ele>698.966</ele>
        <time>2021-08-05T10:46:09Z</time>
      </trkpt>
      <trkpt lat="43.086524" lon="-2.214335">
        <ele>698.438</ele>
        <time>2021-08-05T10:46:12Z</time>
      </trkpt>
      <trkpt lat="43.086513" lon="-2.214398">
        <ele>698.411</ele>
        <time>2021-08-05T10:46:15Z</time>
      </trkpt>
      <trkpt lat="43.086500" lon="-2.214467">
        <ele>698.521</ele>
        <time>2021-08-05T10:46:19Z</time>
      </trkpt>
      <trkpt lat="43.086503" lon="-2.214536">
        <ele>698.403</ele>
        <time>2021-08-05T10:46:23Z</time>
      </trkpt>
      <trkpt lat="43.086512" lon="-2.214605">
        <ele>698.608</ele>
        <time>2021-08-05T10:46:29Z</time>
      </trkpt>
      <trkpt lat="43.086525" lon="-2.214666">
        <ele>699.059</ele>
        <time>2021-08-05T10:46:32Z</time>
      </trkpt>
      <trkpt lat="43.086541" lon="-2.214733">
        <ele>699.911</ele>
        <time>2021-08-05T10:46:35Z</time>
      </trkpt>
      <trkpt lat="43.086533" lon="-2.214797">
        <ele>701.831</ele>
        <time>2021-08-05T10:46:47Z</time>
      </trkpt>
      <trkpt lat="43.086548" lon="-2.214868">
        <ele>702.166</ele>
        <time>2021-08-05T10:46:51Z</time>
      </trkpt>
      <trkpt lat="43.086558" lon="-2.214928">
        <ele>703.242</ele>
        <time>2021-08-05T10:46:55Z</time>
      </trkpt>
      <trkpt lat="43.086564" lon="-2.214999">
        <ele>703.377</ele>
        <time>2021-08-05T10:46:59Z</time>
      </trkpt>
      <trkpt lat="43.086562" lon="-2.215065">
        <ele>703.461</ele>
        <time>2021-08-05T10:47:04Z</time>
      </trkpt>
      <trkpt lat="43.086562" lon="-2.215142">
        <ele>703.763</ele>
        <time>2021-08-05T10:47:07Z</time>
      </trkpt>
      <trkpt lat="43.086566" lon="-2.215209">
        <ele>704.219</ele>
        <time>2021-08-05T10:47:11Z</time>
      </trkpt>
      <trkpt lat="43.086577" lon="-2.215273">
        <ele>704.709</ele>
        <time>2021-08-05T10:47:14Z</time>
      </trkpt>
      <trkpt lat="43.086585" lon="-2.215344">
        <ele>704.719</ele>
        <time>2021-08-05T10:47:27Z</time>
      </trkpt>
      <trkpt lat="43.086591" lon="-2.215412">
        <ele>705.008</ele>
        <time>2021-08-05T10:47:30Z</time>
      </trkpt>
      <trkpt lat="43.086605" lon="-2.215478">
        <ele>705.069</ele>
        <time>2021-08-05T10:47:47Z</time>
      </trkpt>
      <trkpt lat="43.086618" lon="-2.215553">
        <ele>705.011</ele>
        <time>2021-08-05T10:47:50Z</time>
      </trkpt>
      <trkpt lat="43.086634" lon="-2.215614">
        <ele>705.171</ele>
        <time>2021-08-05T10:47:52Z</time>
      </trkpt>
      <trkpt lat="43.086648" lon="-2.215681">
        <ele>705.176</ele>
        <time>2021-08-05T10:47:54Z</time>
      </trkpt>
      <trkpt lat="43.086664" lon="-2.215746">
        <ele>704.932</ele>
        <time>2021-08-05T10:47:59Z</time>
      </trkpt>
      <trkpt lat="43.086692" lon="-2.215796">
        <ele>704.997</ele>
        <time>2021-08-05T10:48:03Z</time>
      </trkpt>
      <trkpt lat="43.086724" lon="-2.215847">
        <ele>704.271</ele>
        <time>2021-08-05T10:48:08Z</time>
      </trkpt>
      <trkpt lat="43.086754" lon="-2.215903">
        <ele>703.943</ele>
        <time>2021-08-05T10:48:11Z</time>
      </trkpt>
      <trkpt lat="43.086786" lon="-2.215972">
        <ele>703.737</ele>
        <time>2021-08-05T10:48:15Z</time>
      </trkpt>
      <trkpt lat="43.086830" lon="-2.216009">
        <ele>703.549</ele>
        <time>2021-08-05T10:48:19Z</time>
      </trkpt>
      <trkpt lat="43.086865" lon="-2.216052">
        <ele>703.213</ele>
        <time>2021-08-05T10:48:22Z</time>
      </trkpt>
      <trkpt lat="43.086889" lon="-2.216105">
        <ele>702.908</ele>
        <time>2021-08-05T10:48:25Z</time>
      </trkpt>
      <trkpt lat="43.086905" lon="-2.216166">
        <ele>702.981</ele>
        <time>2021-08-05T10:48:30Z</time>
      </trkpt>
      <trkpt lat="43.086928" lon="-2.216221">
        <ele>702.973</ele>
        <time>2021-08-05T10:48:33Z</time>
      </trkpt>
      <trkpt lat="43.086952" lon="-2.216278">
        <ele>703.183</ele>
        <time>2021-08-05T10:48:36Z</time>
      </trkpt>
      <trkpt lat="43.086981" lon="-2.216340">
        <ele>703.488</ele>
        <time>2021-08-05T10:48:40Z</time>
      </trkpt>
      <trkpt lat="43.087005" lon="-2.216393">
        <ele>703.794</ele>
        <time>2021-08-05T10:48:45Z</time>
      </trkpt>
      <trkpt lat="43.087027" lon="-2.216450">
        <ele>703.789</ele>
        <time>2021-08-05T10:48:48Z</time>
      </trkpt>
      <trkpt lat="43.087056" lon="-2.216500">
        <ele>703.793</ele>
        <time>2021-08-05T10:48:52Z</time>
      </trkpt>
      <trkpt lat="43.087079" lon="-2.216554">
        <ele>703.945</ele>
        <time>2021-08-05T10:48:57Z</time>
      </trkpt>
      <trkpt lat="43.087102" lon="-2.216613">
        <ele>704.565</ele>
        <time>2021-08-05T10:49:02Z</time>
      </trkpt>
      <trkpt lat="43.087125" lon="-2.216677">
        <ele>705.068</ele>
        <time>2021-08-05T10:49:07Z</time>
      </trkpt>
      <trkpt lat="43.087153" lon="-2.216741">
        <ele>706.614</ele>
        <time>2021-08-05T10:49:12Z</time>
      </trkpt>
      <trkpt lat="43.087175" lon="-2.216795">
        <ele>706.908</ele>
        <time>2021-08-05T10:49:15Z</time>
      </trkpt>
      <trkpt lat="43.087203" lon="-2.216854">
        <ele>708.214</ele>
        <time>2021-08-05T10:49:20Z</time>
      </trkpt>
      <trkpt lat="43.087223" lon="-2.216912">
        <ele>710.346</ele>
        <time>2021-08-05T10:49:24Z</time>
      </trkpt>
      <trkpt lat="43.087256" lon="-2.216956">
        <ele>710.896</ele>
        <time>2021-08-05T10:49:28Z</time>
      </trkpt>
      <trkpt lat="43.087275" lon="-2.217015">
        <ele>712.491</ele>
        <time>2021-08-05T10:49:33Z</time>
      </trkpt>
      <trkpt lat="43.087278" lon="-2.217080">
        <ele>714.177</ele>
        <time>2021-08-05T10:49:37Z</time>
      </trkpt>
      <trkpt lat="43.087289" lon="-2.217142">
        <ele>715.252</ele>
        <time>2021-08-05T10:49:41Z</time>
      </trkpt>
      <trkpt lat="43.087319" lon="-2.217189">
        <ele>716.076</ele>
        <time>2021-08-05T10:49:45Z</time>
      </trkpt>
      <trkpt lat="43.087342" lon="-2.217246">
        <ele>716.218</ele>
        <time>2021-08-05T10:49:49Z</time>
      </trkpt>
      <trkpt lat="43.087359" lon="-2.217307">
        <ele>716.539</ele>
        <time>2021-08-05T10:49:54Z</time>
      </trkpt>
      <trkpt lat="43.087372" lon="-2.217366">
        <ele>716.901</ele>
        <time>2021-08-05T10:50:00Z</time>
      </trkpt>
      <trkpt lat="43.087390" lon="-2.217427">
        <ele>717.321</ele>
        <time>2021-08-05T10:50:04Z</time>
      </trkpt>
      <trkpt lat="43.087409" lon="-2.217483">
        <ele>718.308</ele>
        <time>2021-08-05T10:50:10Z</time>
      </trkpt>
      <trkpt lat="43.087431" lon="-2.217552">
        <ele>718.831</ele>
        <time>2021-08-05T10:50:13Z</time>
      </trkpt>
      <trkpt lat="43.087442" lon="-2.217612">
        <ele>719.493</ele>
        <time>2021-08-05T10:50:19Z</time>
      </trkpt>
      <trkpt lat="43.087441" lon="-2.217682">
        <ele>720.453</ele>
        <time>2021-08-05T10:50:23Z</time>
      </trkpt>
      <trkpt lat="43.087463" lon="-2.217741">
        <ele>721.278</ele>
        <time>2021-08-05T10:50:27Z</time>
      </trkpt>
      <trkpt lat="43.087492" lon="-2.217798">
        <ele>722.064</ele>
        <time>2021-08-05T10:50:30Z</time>
      </trkpt>
      <trkpt lat="43.087506" lon="-2.217863">
        <ele>722.479</ele>
        <time>2021-08-05T10:50:36Z</time>
      </trkpt>
      <trkpt lat="43.087514" lon="-2.217925">
        <ele>723.263</ele>
        <time>2021-08-05T10:50:41Z</time>
      </trkpt>
      <trkpt lat="43.087537" lon="-2.217984">
        <ele>724.095</ele>
        <time>2021-08-05T10:50:49Z</time>
      </trkpt>
      <trkpt lat="43.087561" lon="-2.218051">
        <ele>724.133</ele>
        <time>2021-08-05T10:50:53Z</time>
      </trkpt>
      <trkpt lat="43.087587" lon="-2.218109">
        <ele>725.423</ele>
        <time>2021-08-05T10:51:00Z</time>
      </trkpt>
      <trkpt lat="43.087616" lon="-2.218158">
        <ele>728.315</ele>
        <time>2021-08-05T10:51:03Z</time>
      </trkpt>
      <trkpt lat="43.087646" lon="-2.218206">
        <ele>729.608</ele>
        <time>2021-08-05T10:51:06Z</time>
      </trkpt>
      <trkpt lat="43.087682" lon="-2.218244">
        <ele>731.661</ele>
        <time>2021-08-05T10:51:10Z</time>
      </trkpt>
      <trkpt lat="43.087721" lon="-2.218288">
        <ele>732.113</ele>
        <time>2021-08-05T10:51:15Z</time>
      </trkpt>
      <trkpt lat="43.087747" lon="-2.218340">
        <ele>732.313</ele>
        <time>2021-08-05T10:51:20Z</time>
      </trkpt>
      <trkpt lat="43.087769" lon="-2.218410">
        <ele>732.828</ele>
        <time>2021-08-05T10:51:24Z</time>
      </trkpt>
      <trkpt lat="43.087804" lon="-2.218458">
        <ele>733.074</ele>
        <time>2021-08-05T10:51:28Z</time>
      </trkpt>
      <trkpt lat="43.087836" lon="-2.218501">
        <ele>733.789</ele>
        <time>2021-08-05T10:51:32Z</time>
      </trkpt>
      <trkpt lat="43.087866" lon="-2.218551">
        <ele>734.843</ele>
        <time>2021-08-05T10:51:35Z</time>
      </trkpt>
      <trkpt lat="43.087899" lon="-2.218592">
        <ele>735.625</ele>
        <time>2021-08-05T10:51:39Z</time>
      </trkpt>
      <trkpt lat="43.087936" lon="-2.218639">
        <ele>736.369</ele>
        <time>2021-08-05T10:51:43Z</time>
      </trkpt>
      <trkpt lat="43.087973" lon="-2.218679">
        <ele>737.404</ele>
        <time>2021-08-05T10:51:47Z</time>
      </trkpt>
      <trkpt lat="43.088019" lon="-2.218717">
        <ele>737.824</ele>
        <time>2021-08-05T10:51:54Z</time>
      </trkpt>
      <trkpt lat="43.088054" lon="-2.218757">
        <ele>738.008</ele>
        <time>2021-08-05T10:51:57Z</time>
      </trkpt>
      <trkpt lat="43.088092" lon="-2.218802">
        <ele>738.544</ele>
        <time>2021-08-05T10:52:04Z</time>
      </trkpt>
      <trkpt lat="43.088129" lon="-2.218838">
        <ele>738.796</ele>
        <time>2021-08-05T10:52:07Z</time>
      </trkpt>
      <trkpt lat="43.088167" lon="-2.218878">
        <ele>738.896</ele>
        <time>2021-08-05T10:52:09Z</time>
      </trkpt>
      <trkpt lat="43.088198" lon="-2.218924">
        <ele>739.111</ele>
        <time>2021-08-05T10:52:11Z</time>
      </trkpt>
      <trkpt lat="43.088236" lon="-2.218957">
        <ele>739.547</ele>
        <time>2021-08-05T10:52:15Z</time>
      </trkpt>
      <trkpt lat="43.088277" lon="-2.218995">
        <ele>739.952</ele>
        <time>2021-08-05T10:52:17Z</time>
      </trkpt>
      <trkpt lat="43.088277" lon="-2.219071">
        <ele>739.936</ele>
        <time>2021-08-05T10:52:20Z</time>
      </trkpt>
      <trkpt lat="43.088300" lon="-2.219135">
        <ele>740.948</ele>
        <time>2021-08-05T10:52:24Z</time>
      </trkpt>
      <trkpt lat="43.088340" lon="-2.219167">
        <ele>740.976</ele>
        <time>2021-08-05T10:52:29Z</time>
      </trkpt>
      <trkpt lat="43.088354" lon="-2.219227">
        <ele>739.990</ele>
        <time>2021-08-05T10:52:32Z</time>
      </trkpt>
      <trkpt lat="43.088366" lon="-2.219287">
        <ele>739.319</ele>
        <time>2021-08-05T10:52:36Z</time>
      </trkpt>
      <trkpt lat="43.088400" lon="-2.219344">
        <ele>738.008</ele>
        <time>2021-08-05T10:52:42Z</time>
      </trkpt>
      <trkpt lat="43.088436" lon="-2.219391">
        <ele>737.065</ele>
        <time>2021-08-05T10:52:45Z</time>
      </trkpt>
      <trkpt lat="43.088459" lon="-2.219450">
        <ele>736.347</ele>
        <time>2021-08-05T10:52:49Z</time>
      </trkpt>
      <trkpt lat="43.088476" lon="-2.219514">
        <ele>735.947</ele>
        <time>2021-08-05T10:52:53Z</time>
      </trkpt>
      <trkpt lat="43.088483" lon="-2.219581">
        <ele>735.772</ele>
        <time>2021-08-05T10:52:57Z</time>
      </trkpt>
      <trkpt lat="43.088505" lon="-2.219645">
        <ele>735.788</ele>
        <time>2021-08-05T10:53:02Z</time>
      </trkpt>
      <trkpt lat="43.088512" lon="-2.219713">
        <ele>735.723</ele>
        <time>2021-08-05T10:53:06Z</time>
      </trkpt>
      <trkpt lat="43.088540" lon="-2.219769">
        <ele>735.727</ele>
        <time>2021-08-05T10:53:10Z</time>
      </trkpt>
      <trkpt lat="43.088575" lon="-2.219812">
        <ele>735.589</ele>
        <time>2021-08-05T10:53:15Z</time>
      </trkpt>
      <trkpt lat="43.088624" lon="-2.219843">
        <ele>735.799</ele>
        <time>2021-08-05T10:53:19Z</time>
      </trkpt>
      <trkpt lat="43.088659" lon="-2.219892">
        <ele>735.707</ele>
        <time>2021-08-05T10:53:21Z</time>
      </trkpt>
      <trkpt lat="43.088667" lon="-2.219964">
        <ele>737.827</ele>
        <time>2021-08-05T10:53:24Z</time>
      </trkpt>
      <trkpt lat="43.088667" lon="-2.220030">
        <ele>739.608</ele>
        <time>2021-08-05T10:53:34Z</time>
      </trkpt>
      <trkpt lat="43.088671" lon="-2.220092">
        <ele>740.597</ele>
        <time>2021-08-05T10:53:36Z</time>
      </trkpt>
      <trkpt lat="43.088674" lon="-2.220156">
        <ele>740.869</ele>
        <time>2021-08-05T10:53:39Z</time>
      </trkpt>
      <trkpt lat="43.088680" lon="-2.220221">
        <ele>740.959</ele>
        <time>2021-08-05T10:53:42Z</time>
      </trkpt>
      <trkpt lat="43.088677" lon="-2.220283">
        <ele>741.464</ele>
        <time>2021-08-05T10:53:52Z</time>
      </trkpt>
      <trkpt lat="43.088673" lon="-2.220355">
        <ele>741.190</ele>
        <time>2021-08-05T10:53:55Z</time>
      </trkpt>
      <trkpt lat="43.088689" lon="-2.220430">
        <ele>740.725</ele>
        <time>2021-08-05T10:53:59Z</time>
      </trkpt>
      <trkpt lat="43.088698" lon="-2.220505">
        <ele>740.689</ele>
        <time>2021-08-05T10:54:02Z</time>
      </trkpt>
      <trkpt lat="43.088700" lon="-2.220567">
        <ele>740.591</ele>
        <time>2021-08-05T10:54:05Z</time>
      </trkpt>
      <trkpt lat="43.088708" lon="-2.220630">
        <ele>739.074</ele>
        <time>2021-08-05T10:54:08Z</time>
      </trkpt>
      <trkpt lat="43.088715" lon="-2.220710">
        <ele>738.456</ele>
        <time>2021-08-05T10:54:11Z</time>
      </trkpt>
      <trkpt lat="43.088715" lon="-2.220790">
        <ele>737.321</ele>
        <time>2021-08-05T10:54:14Z</time>
      </trkpt>
      <trkpt lat="43.088723" lon="-2.220852">
        <ele>737.108</ele>
        <time>2021-08-05T10:54:16Z</time>
      </trkpt>
      <trkpt lat="43.088736" lon="-2.220920">
        <ele>736.295</ele>
        <time>2021-08-05T10:54:18Z</time>
      </trkpt>
      <trkpt lat="43.088737" lon="-2.220987">
        <ele>735.537</ele>
        <time>2021-08-05T10:54:22Z</time>
      </trkpt>
      <trkpt lat="43.088731" lon="-2.221062">
        <ele>734.887</ele>
        <time>2021-08-05T10:54:28Z</time>
      </trkpt>
      <trkpt lat="43.088742" lon="-2.221129">
        <ele>734.612</ele>
        <time>2021-08-05T10:54:30Z</time>
      </trkpt>
      <trkpt lat="43.088757" lon="-2.221188">
        <ele>734.118</ele>
        <time>2021-08-05T10:54:32Z</time>
      </trkpt>
      <trkpt lat="43.088776" lon="-2.221249">
        <ele>733.733</ele>
        <time>2021-08-05T10:54:36Z</time>
      </trkpt>
      <trkpt lat="43.088786" lon="-2.221312">
        <ele>733.427</ele>
        <time>2021-08-05T10:54:43Z</time>
      </trkpt>
      <trkpt lat="43.088799" lon="-2.221385">
        <ele>733.479</ele>
        <time>2021-08-05T10:54:46Z</time>
      </trkpt>
      <trkpt lat="43.088788" lon="-2.221445">
        <ele>734.481</ele>
        <time>2021-08-05T10:55:01Z</time>
      </trkpt>
      <trkpt lat="43.088765" lon="-2.221520">
        <ele>734.761</ele>
        <time>2021-08-05T10:55:04Z</time>
      </trkpt>
      <trkpt lat="43.088751" lon="-2.221597">
        <ele>734.817</ele>
        <time>2021-08-05T10:55:07Z</time>
      </trkpt>
      <trkpt lat="43.088740" lon="-2.221660">
        <ele>735.408</ele>
        <time>2021-08-05T10:55:10Z</time>
      </trkpt>
      <trkpt lat="43.088724" lon="-2.221718">
        <ele>735.436</ele>
        <time>2021-08-05T10:55:12Z</time>
      </trkpt>
      <trkpt lat="43.088701" lon="-2.221776">
        <ele>735.478</ele>
        <time>2021-08-05T10:55:14Z</time>
      </trkpt>
      <trkpt lat="43.088678" lon="-2.221829">
        <ele>736.818</ele>
        <time>2021-08-05T10:55:16Z</time>
      </trkpt>
      <trkpt lat="43.088649" lon="-2.221887">
        <ele>735.483</ele>
        <time>2021-08-05T10:55:22Z</time>
      </trkpt>
      <trkpt lat="43.088628" lon="-2.221946">
        <ele>735.829</ele>
        <time>2021-08-05T10:55:26Z</time>
      </trkpt>
      <trkpt lat="43.088614" lon="-2.222006">
        <ele>736.774</ele>
        <time>2021-08-05T10:55:34Z</time>
      </trkpt>
      <trkpt lat="43.088601" lon="-2.222066">
        <ele>737.338</ele>
        <time>2021-08-05T10:55:41Z</time>
      </trkpt>
      <trkpt lat="43.088611" lon="-2.222132">
        <ele>737.670</ele>
        <time>2021-08-05T10:55:46Z</time>
      </trkpt>
      <trkpt lat="43.088629" lon="-2.222192">
        <ele>738.259</ele>
        <time>2021-08-05T10:55:51Z</time>
      </trkpt>
      <trkpt lat="43.088665" lon="-2.222235">
        <ele>738.903</ele>
        <time>2021-08-05T10:56:00Z</time>
      </trkpt>
      <trkpt lat="43.088720" lon="-2.222259">
        <ele>740.023</ele>
        <time>2021-08-05T10:56:03Z</time>
      </trkpt>
      <trkpt lat="43.088762" lon="-2.222287">
        <ele>740.808</ele>
        <time>2021-08-05T10:56:07Z</time>
      </trkpt>
      <trkpt lat="43.088805" lon="-2.222315">
        <ele>741.463</ele>
        <time>2021-08-05T10:56:09Z</time>
      </trkpt>
      <trkpt lat="43.088855" lon="-2.222346">
        <ele>741.195</ele>
        <time>2021-08-05T10:56:12Z</time>
      </trkpt>
      <trkpt lat="43.088906" lon="-2.222385">
        <ele>741.545</ele>
        <time>2021-08-05T10:56:17Z</time>
      </trkpt>
      <trkpt lat="43.088950" lon="-2.222422">
        <ele>741.820</ele>
        <time>2021-08-05T10:56:20Z</time>
      </trkpt>
      <trkpt lat="43.088994" lon="-2.222436">
        <ele>741.886</ele>
        <time>2021-08-05T10:56:23Z</time>
      </trkpt>
      <trkpt lat="43.089044" lon="-2.222446">
        <ele>741.971</ele>
        <time>2021-08-05T10:56:27Z</time>
      </trkpt>
      <trkpt lat="43.089088" lon="-2.222466">
        <ele>742.145</ele>
        <time>2021-08-05T10:56:30Z</time>
      </trkpt>
      <trkpt lat="43.089138" lon="-2.222480">
        <ele>742.787</ele>
        <time>2021-08-05T10:56:37Z</time>
      </trkpt>
      <trkpt lat="43.089190" lon="-2.222498">
        <ele>743.276</ele>
        <time>2021-08-05T10:56:40Z</time>
      </trkpt>
      <trkpt lat="43.089241" lon="-2.222513">
        <ele>743.890</ele>
        <time>2021-08-05T10:56:43Z</time>
      </trkpt>
      <trkpt lat="43.089289" lon="-2.222516">
        <ele>743.819</ele>
        <time>2021-08-05T10:56:47Z</time>
      </trkpt>
      <trkpt lat="43.089331" lon="-2.222494">
        <ele>744.008</ele>
        <time>2021-08-05T10:56:55Z</time>
      </trkpt>
      <trkpt lat="43.089376" lon="-2.222484">
        <ele>744.885</ele>
        <time>2021-08-05T10:57:05Z</time>
      </trkpt>
      <trkpt lat="43.089425" lon="-2.222486">
        <ele>745.087</ele>
        <time>2021-08-05T10:57:08Z</time>
      </trkpt>
      <trkpt lat="43.089473" lon="-2.222498">
        <ele>745.057</ele>
        <time>2021-08-05T10:57:10Z</time>
      </trkpt>
      <trkpt lat="43.089519" lon="-2.222526">
        <ele>745.532</ele>
        <time>2021-08-05T10:57:11Z</time>
      </trkpt>
      <trkpt lat="43.089564" lon="-2.222556">
        <ele>746.218</ele>
        <time>2021-08-05T10:57:14Z</time>
      </trkpt>
      <trkpt lat="43.089609" lon="-2.222583">
        <ele>747.393</ele>
        <time>2021-08-05T10:57:19Z</time>
      </trkpt>
      <trkpt lat="43.089656" lon="-2.222632">
        <ele>747.567</ele>
        <time>2021-08-05T10:57:22Z</time>
      </trkpt>
      <trkpt lat="43.089689" lon="-2.222680">
        <ele>747.569</ele>
        <time>2021-08-05T10:57:24Z</time>
      </trkpt>
      <trkpt lat="43.089740" lon="-2.222703">
        <ele>748.288</ele>
        <time>2021-08-05T10:57:29Z</time>
      </trkpt>
      <trkpt lat="43.089779" lon="-2.222742">
        <ele>748.324</ele>
        <time>2021-08-05T10:57:31Z</time>
      </trkpt>
      <trkpt lat="43.089818" lon="-2.222777">
        <ele>748.726</ele>
        <time>2021-08-05T10:57:33Z</time>
      </trkpt>
      <trkpt lat="43.089848" lon="-2.222824">
        <ele>748.408</ele>
        <time>2021-08-05T10:57:37Z</time>
      </trkpt>
      <trkpt lat="43.089880" lon="-2.222872">
        <ele>748.256</ele>
        <time>2021-08-05T10:57:41Z</time>
      </trkpt>
      <trkpt lat="43.089926" lon="-2.222880">
        <ele>747.698</ele>
        <time>2021-08-05T10:57:44Z</time>
      </trkpt>
      <trkpt lat="43.089969" lon="-2.222901">
        <ele>746.738</ele>
        <time>2021-08-05T10:57:47Z</time>
      </trkpt>
      <trkpt lat="43.090015" lon="-2.222914">
        <ele>745.863</ele>
        <time>2021-08-05T10:57:52Z</time>
      </trkpt>
      <trkpt lat="43.090063" lon="-2.222919">
        <ele>745.299</ele>
        <time>2021-08-05T10:58:02Z</time>
      </trkpt>
      <trkpt lat="43.090113" lon="-2.222921">
        <ele>744.524</ele>
        <time>2021-08-05T10:58:07Z</time>
      </trkpt>
      <trkpt lat="43.090167" lon="-2.222917">
        <ele>744.598</ele>
        <time>2021-08-05T10:58:17Z</time>
      </trkpt>
      <trkpt lat="43.090219" lon="-2.222912">
        <ele>744.860</ele>
        <time>2021-08-05T10:58:19Z</time>
      </trkpt>
      <trkpt lat="43.090270" lon="-2.222909">
        <ele>744.872</ele>
        <time>2021-08-05T10:58:22Z</time>
      </trkpt>
      <trkpt lat="43.090317" lon="-2.222908">
        <ele>745.013</ele>
        <time>2021-08-05T10:58:25Z</time>
      </trkpt>
      <trkpt lat="43.090363" lon="-2.222913">
        <ele>745.314</ele>
        <time>2021-08-05T10:58:28Z</time>
      </trkpt>
      <trkpt lat="43.090412" lon="-2.222917">
        <ele>745.908</ele>
        <time>2021-08-05T10:58:32Z</time>
      </trkpt>
      <trkpt lat="43.090460" lon="-2.222924">
        <ele>745.515</ele>
        <time>2021-08-05T10:58:37Z</time>
      </trkpt>
      <trkpt lat="43.090514" lon="-2.222934">
        <ele>745.137</ele>
        <time>2021-08-05T10:58:41Z</time>
      </trkpt>
      <trkpt lat="43.090560" lon="-2.222944">
        <ele>745.077</ele>
        <time>2021-08-05T10:58:47Z</time>
      </trkpt>
      <trkpt lat="43.090604" lon="-2.222959">
        <ele>744.822</ele>
        <time>2021-08-05T10:58:49Z</time>
      </trkpt>
      <trkpt lat="43.090653" lon="-2.222960">
        <ele>744.718</ele>
        <time>2021-08-05T10:58:52Z</time>
      </trkpt>
      <trkpt lat="43.090701" lon="-2.222962">
        <ele>744.773</ele>
        <time>2021-08-05T10:58:56Z</time>
      </trkpt>
      <trkpt lat="43.090747" lon="-2.222974">
        <ele>744.927</ele>
        <time>2021-08-05T10:59:01Z</time>
      </trkpt>
      <trkpt lat="43.090801" lon="-2.222983">
        <ele>745.649</ele>
        <time>2021-08-05T10:59:04Z</time>
      </trkpt>
      <trkpt lat="43.090848" lon="-2.222982">
        <ele>746.593</ele>
        <time>2021-08-05T10:59:07Z</time>
      </trkpt>
      <trkpt lat="43.090893" lon="-2.222997">
        <ele>746.965</ele>
        <time>2021-08-05T10:59:10Z</time>
      </trkpt>
      <trkpt lat="43.090938" lon="-2.223022">
        <ele>747.421</ele>
        <time>2021-08-05T10:59:13Z</time>
      </trkpt>
      <trkpt lat="43.090989" lon="-2.223033">
        <ele>747.608</ele>
        <time>2021-08-05T10:59:30Z</time>
      </trkpt>
      <trkpt lat="43.091034" lon="-2.223040">
        <ele>748.117</ele>
        <time>2021-08-05T10:59:34Z</time>
      </trkpt>
      <trkpt lat="43.091083" lon="-2.223048">
        <ele>748.869</ele>
        <time>2021-08-05T10:59:44Z</time>
      </trkpt>
      <trkpt lat="43.091141" lon="-2.223041">
        <ele>749.139</ele>
        <time>2021-08-05T10:59:47Z</time>
      </trkpt>
      <trkpt lat="43.091190" lon="-2.223053">
        <ele>749.334</ele>
        <time>2021-08-05T10:59:56Z</time>
      </trkpt>
      <trkpt lat="43.091249" lon="-2.223067">
        <ele>750.080</ele>
        <time>2021-08-05T10:59:58Z</time>
      </trkpt>
      <trkpt lat="43.091308" lon="-2.223103">
        <ele>749.735</ele>
        <time>2021-08-05T11:00:03Z</time>
      </trkpt>
      <trkpt lat="43.091347" lon="-2.223164">
        <ele>749.579</ele>
        <time>2021-08-05T11:00:05Z</time>
      </trkpt>
      <trkpt lat="43.091388" lon="-2.223227">
        <ele>749.391</ele>
        <time>2021-08-05T11:00:07Z</time>
      </trkpt>
      <trkpt lat="43.091429" lon="-2.223285">
        <ele>748.884</ele>
        <time>2021-08-05T11:00:09Z</time>
      </trkpt>
      <trkpt lat="43.091467" lon="-2.223342">
        <ele>747.607</ele>
        <time>2021-08-05T11:00:12Z</time>
      </trkpt>
      <trkpt lat="43.091504" lon="-2.223391">
        <ele>745.917</ele>
        <time>2021-08-05T11:00:16Z</time>
      </trkpt>
      <trkpt lat="43.091530" lon="-2.223445">
        <ele>742.608</ele>
        <time>2021-08-05T11:00:24Z</time>
      </trkpt>
      <trkpt lat="43.091566" lon="-2.223489">
        <ele>737.316</ele>
        <time>2021-08-05T11:00:41Z</time>
      </trkpt>
      <trkpt lat="43.091606" lon="-2.223517">
        <ele>737.058</ele>
        <time>2021-08-05T11:00:45Z</time>
      </trkpt>
      <trkpt lat="43.091650" lon="-2.223569">
        <ele>736.598</ele>
        <time>2021-08-05T11:00:52Z</time>
      </trkpt>
      <trkpt lat="43.091687" lon="-2.223605">
        <ele>736.513</ele>
        <time>2021-08-05T11:00:55Z</time>
      </trkpt>
      <trkpt lat="43.091733" lon="-2.223614">
        <ele>736.399</ele>
        <time>2021-08-05T11:01:02Z</time>
      </trkpt>
      <trkpt lat="43.091774" lon="-2.223648">
        <ele>734.874</ele>
        <time>2021-08-05T11:01:05Z</time>
      </trkpt>
      <trkpt lat="43.091815" lon="-2.223675">
        <ele>734.718</ele>
        <time>2021-08-05T11:01:07Z</time>
      </trkpt>
      <trkpt lat="43.091862" lon="-2.223667">
        <ele>734.520</ele>
        <time>2021-08-05T11:01:14Z</time>
      </trkpt>
      <trkpt lat="43.091908" lon="-2.223665">
        <ele>734.239</ele>
        <time>2021-08-05T11:01:17Z</time>
      </trkpt>
      <trkpt lat="43.091951" lon="-2.223698">
        <ele>733.901</ele>
        <time>2021-08-05T11:01:19Z</time>
      </trkpt>
      <trkpt lat="43.092007" lon="-2.223705">
        <ele>734.721</ele>
        <time>2021-08-05T11:01:21Z</time>
      </trkpt>
      <trkpt lat="43.092058" lon="-2.223677">
        <ele>734.908</ele>
        <time>2021-08-05T11:01:24Z</time>
      </trkpt>
      <trkpt lat="43.092096" lon="-2.223624">
        <ele>735.751</ele>
        <time>2021-08-05T11:01:27Z</time>
      </trkpt>
      <trkpt lat="43.092143" lon="-2.223625">
        <ele>736.253</ele>
        <time>2021-08-05T11:01:30Z</time>
      </trkpt>
      <trkpt lat="43.092195" lon="-2.223633">
        <ele>736.633</ele>
        <time>2021-08-05T11:01:33Z</time>
      </trkpt>
      <trkpt lat="43.092243" lon="-2.223648">
        <ele>737.038</ele>
        <time>2021-08-05T11:01:36Z</time>
      </trkpt>
      <trkpt lat="43.092291" lon="-2.223680">
        <ele>737.634</ele>
        <time>2021-08-05T11:01:38Z</time>
      </trkpt>
      <trkpt lat="43.092335" lon="-2.223713">
        <ele>737.529</ele>
        <time>2021-08-05T11:01:41Z</time>
      </trkpt>
      <trkpt lat="43.092379" lon="-2.223738">
        <ele>736.653</ele>
        <time>2021-08-05T11:01:44Z</time>
      </trkpt>
      <trkpt lat="43.092434" lon="-2.223763">
        <ele>736.315</ele>
        <time>2021-08-05T11:01:49Z</time>
      </trkpt>
      <trkpt lat="43.092475" lon="-2.223806">
        <ele>735.949</ele>
        <time>2021-08-05T11:01:52Z</time>
      </trkpt>
      <trkpt lat="43.092503" lon="-2.223855">
        <ele>734.502</ele>
        <time>2021-08-05T11:01:55Z</time>
      </trkpt>
      <trkpt lat="43.092538" lon="-2.223905">
        <ele>733.222</ele>
        <time>2021-08-05T11:01:58Z</time>
      </trkpt>
      <trkpt lat="43.092562" lon="-2.223970">
        <ele>732.908</ele>
        <time>2021-08-05T11:02:02Z</time>
      </trkpt>
      <trkpt lat="43.092571" lon="-2.224031">
        <ele>731.922</ele>
        <time>2021-08-05T11:02:06Z</time>
      </trkpt>
      <trkpt lat="43.092571" lon="-2.224104">
        <ele>730.214</ele>
        <time>2021-08-05T11:02:10Z</time>
      </trkpt>
      <trkpt lat="43.092565" lon="-2.224171">
        <ele>729.584</ele>
        <time>2021-08-05T11:02:13Z</time>
      </trkpt>
      <trkpt lat="43.092559" lon="-2.224236">
        <ele>729.399</ele>
        <time>2021-08-05T11:02:16Z</time>
      </trkpt>
      <trkpt lat="43.092554" lon="-2.224305">
        <ele>725.615</ele>
        <time>2021-08-05T11:02:20Z</time>
      </trkpt>
      <trkpt lat="43.092561" lon="-2.224375">
        <ele>722.850</ele>
        <time>2021-08-05T11:02:24Z</time>
      </trkpt>
      <trkpt lat="43.092566" lon="-2.224441">
        <ele>721.264</ele>
        <time>2021-08-05T11:02:28Z</time>
      </trkpt>
      <trkpt lat="43.092560" lon="-2.224517">
        <ele>719.866</ele>
        <time>2021-08-05T11:02:33Z</time>
      </trkpt>
      <trkpt lat="43.092558" lon="-2.224589">
        <ele>717.428</ele>
        <time>2021-08-05T11:02:37Z</time>
      </trkpt>
      <trkpt lat="43.092551" lon="-2.224654">
        <ele>716.589</ele>
        <time>2021-08-05T11:02:41Z</time>
      </trkpt>
      <trkpt lat="43.092540" lon="-2.224717">
        <ele>715.017</ele>
        <time>2021-08-05T11:02:44Z</time>
      </trkpt>
      <trkpt lat="43.092541" lon="-2.224785">
        <ele>712.408</ele>
        <time>2021-08-05T11:02:47Z</time>
      </trkpt>
      <trkpt lat="43.092518" lon="-2.224844">
        <ele>711.020</ele>
        <time>2021-08-05T11:02:51Z</time>
      </trkpt>
      <trkpt lat="43.092501" lon="-2.224902">
        <ele>708.262</ele>
        <time>2021-08-05T11:02:55Z</time>
      </trkpt>
      <trkpt lat="43.092481" lon="-2.224961">
        <ele>707.172</ele>
        <time>2021-08-05T11:02:58Z</time>
      </trkpt>
      <trkpt lat="43.092461" lon="-2.225022">
        <ele>706.677</ele>
        <time>2021-08-05T11:03:01Z</time>
      </trkpt>
      <trkpt lat="43.092434" lon="-2.225086">
        <ele>701.593</ele>
        <time>2021-08-05T11:03:05Z</time>
      </trkpt>
      <trkpt lat="43.092408" lon="-2.225142">
        <ele>700.288</ele>
        <time>2021-08-05T11:03:09Z</time>
      </trkpt>
      <trkpt lat="43.092376" lon="-2.225191">
        <ele>699.522</ele>
        <time>2021-08-05T11:03:13Z</time>
      </trkpt>
      <trkpt lat="43.092345" lon="-2.225244">
        <ele>698.124</ele>
        <time>2021-08-05T11:03:17Z</time>
      </trkpt>
      <trkpt lat="43.092342" lon="-2.225307">
        <ele>697.742</ele>
        <time>2021-08-05T11:03:21Z</time>
      </trkpt>
      <trkpt lat="43.092334" lon="-2.225370">
        <ele>695.122</ele>
        <time>2021-08-05T11:03:24Z</time>
      </trkpt>
      <trkpt lat="43.092320" lon="-2.225437">
        <ele>693.314</ele>
        <time>2021-08-05T11:03:28Z</time>
      </trkpt>
      <trkpt lat="43.092304" lon="-2.225501">
        <ele>692.608</ele>
        <time>2021-08-05T11:03:32Z</time>
      </trkpt>
      <trkpt lat="43.092283" lon="-2.225565">
        <ele>691.972</ele>
        <time>2021-08-05T11:03:35Z</time>
      </trkpt>
      <trkpt lat="43.092260" lon="-2.225624">
        <ele>690.644</ele>
        <time>2021-08-05T11:03:38Z</time>
      </trkpt>
      <trkpt lat="43.092235" lon="-2.225679">
        <ele>690.444</ele>
        <time>2021-08-05T11:03:42Z</time>
      </trkpt>
      <trkpt lat="43.092210" lon="-2.225731">
        <ele>689.879</ele>
        <time>2021-08-05T11:03:45Z</time>
      </trkpt>
      <trkpt lat="43.092182" lon="-2.225783">
        <ele>689.685</ele>
        <time>2021-08-05T11:03:49Z</time>
      </trkpt>
      <trkpt lat="43.092159" lon="-2.225838">
        <ele>688.070</ele>
        <time>2021-08-05T11:03:52Z</time>
      </trkpt>
      <trkpt lat="43.092139" lon="-2.225912">
        <ele>687.464</ele>
        <time>2021-08-05T11:03:56Z</time>
      </trkpt>
      <trkpt lat="43.092130" lon="-2.225988">
        <ele>687.086</ele>
        <time>2021-08-05T11:04:00Z</time>
      </trkpt>
      <trkpt lat="43.092117" lon="-2.226058">
        <ele>685.621</ele>
        <time>2021-08-05T11:04:04Z</time>
      </trkpt>
      <trkpt lat="43.092088" lon="-2.226106">
        <ele>685.141</ele>
        <time>2021-08-05T11:04:10Z</time>
      </trkpt>
      <trkpt lat="43.092064" lon="-2.226167">
        <ele>685.105</ele>
        <time>2021-08-05T11:04:14Z</time>
      </trkpt>
      <trkpt lat="43.092061" lon="-2.226233">
        <ele>684.208</ele>
        <time>2021-08-05T11:04:17Z</time>
      </trkpt>
      <trkpt lat="43.092056" lon="-2.226295">
        <ele>683.710</ele>
        <time>2021-08-05T11:04:20Z</time>
      </trkpt>
      <trkpt lat="43.092030" lon="-2.226352">
        <ele>682.632</ele>
        <time>2021-08-05T11:04:23Z</time>
      </trkpt>
      <trkpt lat="43.092018" lon="-2.226430">
        <ele>682.212</ele>
        <time>2021-08-05T11:04:27Z</time>
      </trkpt>
      <trkpt lat="43.092020" lon="-2.226492">
        <ele>680.487</ele>
        <time>2021-08-05T11:04:29Z</time>
      </trkpt>
      <trkpt lat="43.092013" lon="-2.226554">
        <ele>680.093</ele>
        <time>2021-08-05T11:04:33Z</time>
      </trkpt>
      <trkpt lat="43.091990" lon="-2.226607">
        <ele>680.278</ele>
        <time>2021-08-05T11:04:36Z</time>
      </trkpt>
      <trkpt lat="43.091980" lon="-2.226677">
        <ele>680.142</ele>
        <time>2021-08-05T11:04:40Z</time>
      </trkpt>
      <trkpt lat="43.091967" lon="-2.226746">
        <ele>680.514</ele>
        <time>2021-08-05T11:04:44Z</time>
      </trkpt>
      <trkpt lat="43.091958" lon="-2.226809">
        <ele>681.599</ele>
        <time>2021-08-05T11:04:47Z</time>
      </trkpt>
      <trkpt lat="43.091932" lon="-2.226871">
        <ele>681.507</ele>
        <time>2021-08-05T11:04:53Z</time>
      </trkpt>
      <trkpt lat="43.091897" lon="-2.226919">
        <ele>681.427</ele>
        <time>2021-08-05T11:04:57Z</time>
      </trkpt>
      <trkpt lat="43.091857" lon="-2.226962">
        <ele>681.308</ele>
        <time>2021-08-05T11:05:00Z</time>
      </trkpt>
      <trkpt lat="43.091816" lon="-2.226991">
        <ele>680.887</ele>
        <time>2021-08-05T11:05:03Z</time>
      </trkpt>
      <trkpt lat="43.091787" lon="-2.227049">
        <ele>680.829</ele>
        <time>2021-08-05T11:05:07Z</time>
      </trkpt>
      <trkpt lat="43.091767" lon="-2.227108">
        <ele>680.479</ele>
        <time>2021-08-05T11:05:10Z</time>
      </trkpt>
      <trkpt lat="43.091734" lon="-2.227169">
        <ele>680.124</ele>
        <time>2021-08-05T11:05:14Z</time>
      </trkpt>
      <trkpt lat="43.091715" lon="-2.227227">
        <ele>680.180</ele>
        <time>2021-08-05T11:05:17Z</time>
      </trkpt>
      <trkpt lat="43.091683" lon="-2.227280">
        <ele>679.075</ele>
        <time>2021-08-05T11:05:21Z</time>
      </trkpt>
      <trkpt lat="43.091645" lon="-2.227321">
        <ele>678.749</ele>
        <time>2021-08-05T11:05:24Z</time>
      </trkpt>
      <trkpt lat="43.091609" lon="-2.227370">
        <ele>678.551</ele>
        <time>2021-08-05T11:05:28Z</time>
      </trkpt>
      <trkpt lat="43.091581" lon="-2.227428">
        <ele>677.827</ele>
        <time>2021-08-05T11:05:32Z</time>
      </trkpt>
      <trkpt lat="43.091543" lon="-2.227481">
        <ele>677.468</ele>
        <time>2021-08-05T11:05:36Z</time>
      </trkpt>
      <trkpt lat="43.091509" lon="-2.227532">
        <ele>676.914</ele>
        <time>2021-08-05T11:05:40Z</time>
      </trkpt>
      <trkpt lat="43.091503" lon="-2.227597">
        <ele>675.508</ele>
        <time>2021-08-05T11:05:44Z</time>
      </trkpt>
      <trkpt lat="43.091482" lon="-2.227653">
        <ele>675.010</ele>
        <time>2021-08-05T11:05:47Z</time>
      </trkpt>
      <trkpt lat="43.091459" lon="-2.227712">
        <ele>673.762</ele>
        <time>2021-08-05T11:05:51Z</time>
      </trkpt>
      <trkpt lat="43.091442" lon="-2.227770">
        <ele>673.732</ele>
        <time>2021-08-05T11:05:54Z</time>
      </trkpt>
      <trkpt lat="43.091428" lon="-2.227832">
        <ele>672.367</ele>
        <time>2021-08-05T11:06:02Z</time>
      </trkpt>
      <trkpt lat="43.091393" lon="-2.227884">
        <ele>671.863</ele>
        <time>2021-08-05T11:06:05Z</time>
      </trkpt>
      <trkpt lat="43.091371" lon="-2.227945">
        <ele>671.068</ele>
        <time>2021-08-05T11:06:08Z</time>
      </trkpt>
      <trkpt lat="43.091339" lon="-2.227994">
        <ele>670.722</ele>
        <time>2021-08-05T11:06:11Z</time>
      </trkpt>
      <trkpt lat="43.091306" lon="-2.228040">
        <ele>670.744</ele>
        <time>2021-08-05T11:06:15Z</time>
      </trkpt>
      <trkpt lat="43.091302" lon="-2.228109">
        <ele>669.956</ele>
        <time>2021-08-05T11:06:19Z</time>
      </trkpt>
      <trkpt lat="43.091284" lon="-2.228170">
        <ele>669.159</ele>
        <time>2021-08-05T11:06:23Z</time>
      </trkpt>
      <trkpt lat="43.091272" lon="-2.228230">
        <ele>667.914</ele>
        <time>2021-08-05T11:06:26Z</time>
      </trkpt>
      <trkpt lat="43.091267" lon="-2.228295">
        <ele>665.908</ele>
        <time>2021-08-05T11:06:29Z</time>
      </trkpt>
      <trkpt lat="43.091241" lon="-2.228347">
        <ele>665.583</ele>
        <time>2021-08-05T11:06:33Z</time>
      </trkpt>
      <trkpt lat="43.091227" lon="-2.228406">
        <ele>664.465</ele>
        <time>2021-08-05T11:06:37Z</time>
      </trkpt>
      <trkpt lat="43.091199" lon="-2.228455">
        <ele>662.645</ele>
        <time>2021-08-05T11:06:41Z</time>
      </trkpt>
      <trkpt lat="43.091185" lon="-2.228524">
        <ele>661.660</ele>
        <time>2021-08-05T11:06:45Z</time>
      </trkpt>
      <trkpt lat="43.091169" lon="-2.228591">
        <ele>660.196</ele>
        <time>2021-08-05T11:06:50Z</time>
      </trkpt>
      <trkpt lat="43.091137" lon="-2.228660">
        <ele>659.181</ele>
        <time>2021-08-05T11:06:54Z</time>
      </trkpt>
      <trkpt lat="43.091103" lon="-2.228710">
        <ele>657.175</ele>
        <time>2021-08-05T11:06:57Z</time>
      </trkpt>
      <trkpt lat="43.091063" lon="-2.228752">
        <ele>656.767</ele>
        <time>2021-08-05T11:07:00Z</time>
      </trkpt>
      <trkpt lat="43.091036" lon="-2.228804">
        <ele>655.853</ele>
        <time>2021-08-05T11:07:04Z</time>
      </trkpt>
      <trkpt lat="43.091017" lon="-2.228867">
        <ele>654.104</ele>
        <time>2021-08-05T11:07:07Z</time>
      </trkpt>
      <trkpt lat="43.090990" lon="-2.228922">
        <ele>653.514</ele>
        <time>2021-08-05T11:07:11Z</time>
      </trkpt>
      <trkpt lat="43.090973" lon="-2.228982">
        <ele>652.808</ele>
        <time>2021-08-05T11:07:14Z</time>
      </trkpt>
      <trkpt lat="43.090956" lon="-2.229041">
        <ele>652.793</ele>
        <time>2021-08-05T11:07:17Z</time>
      </trkpt>
      <trkpt lat="43.090944" lon="-2.229109">
        <ele>651.735</ele>
        <time>2021-08-05T11:07:21Z</time>
      </trkpt>
      <trkpt lat="43.090945" lon="-2.229173">
        <ele>650.575</ele>
        <time>2021-08-05T11:07:25Z</time>
      </trkpt>
      <trkpt lat="43.090952" lon="-2.229243">
        <ele>650.170</ele>
        <time>2021-08-05T11:07:28Z</time>
      </trkpt>
      <trkpt lat="43.090925" lon="-2.229301">
        <ele>649.756</ele>
        <time>2021-08-05T11:07:31Z</time>
      </trkpt>
      <trkpt lat="43.090887" lon="-2.229343">
        <ele>649.151</ele>
        <time>2021-08-05T11:07:34Z</time>
      </trkpt>
      <trkpt lat="43.090853" lon="-2.229384">
        <ele>648.025</ele>
        <time>2021-08-05T11:07:37Z</time>
      </trkpt>
      <trkpt lat="43.090828" lon="-2.229445">
        <ele>648.087</ele>
        <time>2021-08-05T11:07:41Z</time>
      </trkpt>
      <trkpt lat="43.090806" lon="-2.229501">
        <ele>646.149</ele>
        <time>2021-08-05T11:07:44Z</time>
      </trkpt>
      <trkpt lat="43.090777" lon="-2.229571">
        <ele>644.002</ele>
        <time>2021-08-05T11:07:48Z</time>
      </trkpt>
      <trkpt lat="43.090761" lon="-2.229633">
        <ele>642.722</ele>
        <time>2021-08-05T11:07:51Z</time>
      </trkpt>
      <trkpt lat="43.090736" lon="-2.229690">
        <ele>641.908</ele>
        <time>2021-08-05T11:07:54Z</time>
      </trkpt>
      <trkpt lat="43.090715" lon="-2.229745">
        <ele>640.372</ele>
        <time>2021-08-05T11:07:57Z</time>
      </trkpt>
      <trkpt lat="43.090691" lon="-2.229806">
        <ele>638.114</ele>
        <time>2021-08-05T11:08:00Z</time>
      </trkpt>
      <trkpt lat="43.090663" lon="-2.229864">
        <ele>637.684</ele>
        <time>2021-08-05T11:08:04Z</time>
      </trkpt>
      <trkpt lat="43.090633" lon="-2.229916">
        <ele>637.719</ele>
        <time>2021-08-05T11:08:08Z</time>
      </trkpt>
      <trkpt lat="43.090602" lon="-2.229963">
        <ele>637.835</ele>
        <time>2021-08-05T11:08:12Z</time>
      </trkpt>
      <trkpt lat="43.090567" lon="-2.230005">
        <ele>638.850</ele>
        <time>2021-08-05T11:08:15Z</time>
      </trkpt>
      <trkpt lat="43.090547" lon="-2.230062">
        <ele>641.594</ele>
        <time>2021-08-05T11:08:19Z</time>
      </trkpt>
      <trkpt lat="43.090533" lon="-2.230122">
        <ele>642.896</ele>
        <time>2021-08-05T11:08:23Z</time>
      </trkpt>
      <trkpt lat="43.090514" lon="-2.230181">
        <ele>643.297</ele>
        <time>2021-08-05T11:08:26Z</time>
      </trkpt>
      <trkpt lat="43.090482" lon="-2.230234">
        <ele>643.923</ele>
        <time>2021-08-05T11:08:30Z</time>
      </trkpt>
      <trkpt lat="43.090446" lon="-2.230284">
        <ele>643.925</ele>
        <time>2021-08-05T11:08:34Z</time>
      </trkpt>
      <trkpt lat="43.090402" lon="-2.230323">
        <ele>643.308</ele>
        <time>2021-08-05T11:08:37Z</time>
      </trkpt>
      <trkpt lat="43.090367" lon="-2.230362">
        <ele>642.827</ele>
        <time>2021-08-05T11:08:40Z</time>
      </trkpt>
      <trkpt lat="43.090335" lon="-2.230421">
        <ele>642.329</ele>
        <time>2021-08-05T11:08:44Z</time>
      </trkpt>
      <trkpt lat="43.090294" lon="-2.230451">
        <ele>641.999</ele>
        <time>2021-08-05T11:08:49Z</time>
      </trkpt>
      <trkpt lat="43.090266" lon="-2.230506">
        <ele>640.594</ele>
        <time>2021-08-05T11:08:53Z</time>
      </trkpt>
      <trkpt lat="43.090232" lon="-2.230554">
        <ele>639.620</ele>
        <time>2021-08-05T11:08:57Z</time>
      </trkpt>
      <trkpt lat="43.090199" lon="-2.230611">
        <ele>637.455</ele>
        <time>2021-08-05T11:09:00Z</time>
      </trkpt>
      <trkpt lat="43.090159" lon="-2.230655">
        <ele>636.549</ele>
        <time>2021-08-05T11:09:03Z</time>
      </trkpt>
      <trkpt lat="43.090100" lon="-2.230676">
        <ele>634.471</ele>
        <time>2021-08-05T11:09:13Z</time>
      </trkpt>
      <trkpt lat="43.090059" lon="-2.230714">
        <ele>634.182</ele>
        <time>2021-08-05T11:09:15Z</time>
      </trkpt>
      <trkpt lat="43.090019" lon="-2.230744">
        <ele>633.643</ele>
        <time>2021-08-05T11:09:19Z</time>
      </trkpt>
      <trkpt lat="43.089972" lon="-2.230772">
        <ele>633.517</ele>
        <time>2021-08-05T11:09:25Z</time>
      </trkpt>
      <trkpt lat="43.089919" lon="-2.230819">
        <ele>633.508</ele>
        <time>2021-08-05T11:09:28Z</time>
      </trkpt>
      <trkpt lat="43.089879" lon="-2.230859">
        <ele>634.066</ele>
        <time>2021-08-05T11:09:31Z</time>
      </trkpt>
      <trkpt lat="43.089837" lon="-2.230883">
        <ele>633.818</ele>
        <time>2021-08-05T11:09:34Z</time>
      </trkpt>
      <trkpt lat="43.089797" lon="-2.230946">
        <ele>634.888</ele>
        <time>2021-08-05T11:09:38Z</time>
      </trkpt>
      <trkpt lat="43.089766" lon="-2.231011">
        <ele>634.843</ele>
        <time>2021-08-05T11:09:42Z</time>
      </trkpt>
      <trkpt lat="43.089737" lon="-2.231068">
        <ele>635.099</ele>
        <time>2021-08-05T11:09:48Z</time>
      </trkpt>
      <trkpt lat="43.089696" lon="-2.231094">
        <ele>635.074</ele>
        <time>2021-08-05T11:09:51Z</time>
      </trkpt>
      <trkpt lat="43.089670" lon="-2.231155">
        <ele>634.958</ele>
        <time>2021-08-05T11:09:55Z</time>
      </trkpt>
      <trkpt lat="43.089663" lon="-2.231224">
        <ele>634.640</ele>
        <time>2021-08-05T11:09:58Z</time>
      </trkpt>
      <trkpt lat="43.089666" lon="-2.231292">
        <ele>634.059</ele>
        <time>2021-08-05T11:10:02Z</time>
      </trkpt>
      <trkpt lat="43.089652" lon="-2.231351">
        <ele>632.403</ele>
        <time>2021-08-05T11:10:05Z</time>
      </trkpt>
      <trkpt lat="43.089615" lon="-2.231408">
        <ele>632.023</ele>
        <time>2021-08-05T11:10:09Z</time>
      </trkpt>
      <trkpt lat="43.089590" lon="-2.231466">
        <ele>631.708</ele>
        <time>2021-08-05T11:10:12Z</time>
      </trkpt>
      <trkpt lat="43.089550" lon="-2.231497">
        <ele>631.123</ele>
        <time>2021-08-05T11:10:17Z</time>
      </trkpt>
      <trkpt lat="43.089520" lon="-2.231576">
        <ele>629.835</ele>
        <time>2021-08-05T11:10:21Z</time>
      </trkpt>
      <trkpt lat="43.089497" lon="-2.231629">
        <ele>629.695</ele>
        <time>2021-08-05T11:10:23Z</time>
      </trkpt>
      <trkpt lat="43.089477" lon="-2.231690">
        <ele>628.260</ele>
        <time>2021-08-05T11:10:26Z</time>
      </trkpt>
      <trkpt lat="43.089463" lon="-2.231758">
        <ele>625.256</ele>
        <time>2021-08-05T11:10:30Z</time>
      </trkpt>
      <trkpt lat="43.089443" lon="-2.231826">
        <ele>620.121</ele>
        <time>2021-08-05T11:10:33Z</time>
      </trkpt>
      <trkpt lat="43.089435" lon="-2.231891">
        <ele>612.015</ele>
        <time>2021-08-05T11:10:37Z</time>
      </trkpt>
      <trkpt lat="43.089424" lon="-2.231955">
        <ele>604.627</ele>
        <time>2021-08-05T11:10:53Z</time>
      </trkpt>
      <trkpt lat="43.089440" lon="-2.232014">
        <ele>603.333</ele>
        <time>2021-08-05T11:10:56Z</time>
      </trkpt>
      <trkpt lat="43.089466" lon="-2.232078">
        <ele>602.423</ele>
        <time>2021-08-05T11:11:00Z</time>
      </trkpt>
      <trkpt lat="43.089493" lon="-2.232127">
        <ele>602.015</ele>
        <time>2021-08-05T11:11:04Z</time>
      </trkpt>
      <trkpt lat="43.089516" lon="-2.232183">
        <ele>601.908</ele>
        <time>2021-08-05T11:11:07Z</time>
      </trkpt>
      <trkpt lat="43.089532" lon="-2.232252">
        <ele>602.031</ele>
        <time>2021-08-05T11:11:11Z</time>
      </trkpt>
      <trkpt lat="43.089544" lon="-2.232321">
        <ele>603.293</ele>
        <time>2021-08-05T11:11:16Z</time>
      </trkpt>
      <trkpt lat="43.089536" lon="-2.232388">
        <ele>604.083</ele>
        <time>2021-08-05T11:11:37Z</time>
      </trkpt>
      <trkpt lat="43.089533" lon="-2.232454">
        <ele>604.368</ele>
        <time>2021-08-05T11:11:42Z</time>
      </trkpt>
      <trkpt lat="43.089536" lon="-2.232516">
        <ele>604.484</ele>
        <time>2021-08-05T11:11:46Z</time>
      </trkpt>
      <trkpt lat="43.089545" lon="-2.232582">
        <ele>604.459</ele>
        <time>2021-08-05T11:11:50Z</time>
      </trkpt>
      <trkpt lat="43.089562" lon="-2.232646">
        <ele>604.553</ele>
        <time>2021-08-05T11:11:53Z</time>
      </trkpt>
      <trkpt lat="43.089580" lon="-2.232710">
        <ele>604.415</ele>
        <time>2021-08-05T11:11:56Z</time>
      </trkpt>
      <trkpt lat="43.089584" lon="-2.232781">
        <ele>604.662</ele>
        <time>2021-08-05T11:12:00Z</time>
      </trkpt>
      <trkpt lat="43.089555" lon="-2.232832">
        <ele>605.283</ele>
        <time>2021-08-05T11:12:03Z</time>
      </trkpt>
      <trkpt lat="43.089517" lon="-2.232867">
        <ele>605.611</ele>
        <time>2021-08-05T11:12:08Z</time>
      </trkpt>
      <trkpt lat="43.089487" lon="-2.232930">
        <ele>605.908</ele>
        <time>2021-08-05T11:12:11Z</time>
      </trkpt>
      <trkpt lat="43.089480" lon="-2.232998">
        <ele>606.864</ele>
        <time>2021-08-05T11:12:15Z</time>
      </trkpt>
      <trkpt lat="43.089464" lon="-2.233061">
        <ele>606.866</ele>
        <time>2021-08-05T11:12:19Z</time>
      </trkpt>
      <trkpt lat="43.089457" lon="-2.233129">
        <ele>607.146</ele>
        <time>2021-08-05T11:12:23Z</time>
      </trkpt>
      <trkpt lat="43.089459" lon="-2.233199">
        <ele>607.771</ele>
        <time>2021-08-05T11:12:32Z</time>
      </trkpt>
      <trkpt lat="43.089476" lon="-2.233261">
        <ele>608.057</ele>
        <time>2021-08-05T11:12:35Z</time>
      </trkpt>
      <trkpt lat="43.089482" lon="-2.233327">
        <ele>608.032</ele>
        <time>2021-08-05T11:12:38Z</time>
      </trkpt>
      <trkpt lat="43.089477" lon="-2.233389">
        <ele>608.016</ele>
        <time>2021-08-05T11:12:41Z</time>
      </trkpt>
      <trkpt lat="43.089470" lon="-2.233452">
        <ele>607.758</ele>
        <time>2021-08-05T11:12:56Z</time>
      </trkpt>
      <trkpt lat="43.089471" lon="-2.233524">
        <ele>607.821</ele>
        <time>2021-08-05T11:12:58Z</time>
      </trkpt>
      <trkpt lat="43.089477" lon="-2.233586">
        <ele>607.341</ele>
        <time>2021-08-05T11:13:00Z</time>
      </trkpt>
      <trkpt lat="43.089488" lon="-2.233649">
        <ele>607.105</ele>
        <time>2021-08-05T11:13:02Z</time>
      </trkpt>
      <trkpt lat="43.089486" lon="-2.233714">
        <ele>607.008</ele>
        <time>2021-08-05T11:13:05Z</time>
      </trkpt>
      <trkpt lat="43.089473" lon="-2.233781">
        <ele>606.810</ele>
        <time>2021-08-05T11:13:07Z</time>
      </trkpt>
      <trkpt lat="43.089451" lon="-2.233845">
        <ele>606.652</ele>
        <time>2021-08-05T11:13:10Z</time>
      </trkpt>
      <trkpt lat="43.089428" lon="-2.233902">
        <ele>606.962</ele>
        <time>2021-08-05T11:13:13Z</time>
      </trkpt>
      <trkpt lat="43.089397" lon="-2.233968">
        <ele>607.387</ele>
        <time>2021-08-05T11:13:16Z</time>
      </trkpt>
      <trkpt lat="43.089369" lon="-2.234022">
        <ele>607.343</ele>
        <time>2021-08-05T11:13:19Z</time>
      </trkpt>
      <trkpt lat="43.089347" lon="-2.234080">
        <ele>605.628</ele>
        <time>2021-08-05T11:13:22Z</time>
      </trkpt>
      <trkpt lat="43.089331" lon="-2.234144">
        <ele>605.672</ele>
        <time>2021-08-05T11:13:26Z</time>
      </trkpt>
      <trkpt lat="43.089323" lon="-2.234207">
        <ele>605.494</ele>
        <time>2021-08-05T11:13:30Z</time>
      </trkpt>
      <trkpt lat="43.089313" lon="-2.234269">
        <ele>605.022</ele>
        <time>2021-08-05T11:13:33Z</time>
      </trkpt>
      <trkpt lat="43.089300" lon="-2.234335">
        <ele>605.062</ele>
        <time>2021-08-05T11:13:36Z</time>
      </trkpt>
      <trkpt lat="43.089278" lon="-2.234403">
        <ele>603.008</ele>
        <time>2021-08-05T11:13:39Z</time>
      </trkpt>
      <trkpt lat="43.089243" lon="-2.234465">
        <ele>602.508</ele>
        <time>2021-08-05T11:13:43Z</time>
      </trkpt>
      <trkpt lat="43.089213" lon="-2.234524">
        <ele>602.320</ele>
        <time>2021-08-05T11:13:47Z</time>
      </trkpt>
      <trkpt lat="43.089179" lon="-2.234565">
        <ele>602.062</ele>
        <time>2021-08-05T11:13:50Z</time>
      </trkpt>
      <trkpt lat="43.089140" lon="-2.234608">
        <ele>601.662</ele>
        <time>2021-08-05T11:13:54Z</time>
      </trkpt>
      <trkpt lat="43.089116" lon="-2.234663">
        <ele>601.217</ele>
        <time>2021-08-05T11:13:57Z</time>
      </trkpt>
      <trkpt lat="43.089077" lon="-2.234716">
        <ele>601.523</ele>
        <time>2021-08-05T11:14:01Z</time>
      </trkpt>
      <trkpt lat="43.089034" lon="-2.234763">
        <ele>602.348</ele>
        <time>2021-08-05T11:14:06Z</time>
      </trkpt>
      <trkpt lat="43.089002" lon="-2.234813">
        <ele>603.472</ele>
        <time>2021-08-05T11:14:10Z</time>
      </trkpt>
      <trkpt lat="43.088985" lon="-2.234876">
        <ele>606.594</ele>
        <time>2021-08-05T11:14:15Z</time>
      </trkpt>
      <trkpt lat="43.088957" lon="-2.234935">
        <ele>609.052</ele>
        <time>2021-08-05T11:14:20Z</time>
      </trkpt>
      <trkpt lat="43.088935" lon="-2.234998">
        <ele>609.453</ele>
        <time>2021-08-05T11:14:23Z</time>
      </trkpt>
      <trkpt lat="43.088914" lon="-2.235059">
        <ele>612.208</ele>
        <time>2021-08-05T11:14:27Z</time>
      </trkpt>
      <trkpt lat="43.088894" lon="-2.235125">
        <ele>612.408</ele>
        <time>2021-08-05T11:14:33Z</time>
      </trkpt>
      <trkpt lat="43.088870" lon="-2.235208">
        <ele>612.693</ele>
        <time>2021-08-05T11:14:37Z</time>
      </trkpt>
      <trkpt lat="43.088852" lon="-2.235267">
        <ele>613.245</ele>
        <time>2021-08-05T11:14:40Z</time>
      </trkpt>
      <trkpt lat="43.088838" lon="-2.235330">
        <ele>612.945</ele>
        <time>2021-08-05T11:14:43Z</time>
      </trkpt>
      <trkpt lat="43.088817" lon="-2.235390">
        <ele>612.610</ele>
        <time>2021-08-05T11:14:46Z</time>
      </trkpt>
      <trkpt lat="43.088799" lon="-2.235455">
        <ele>611.946</ele>
        <time>2021-08-05T11:14:49Z</time>
      </trkpt>
      <trkpt lat="43.088782" lon="-2.235515">
        <ele>611.671</ele>
        <time>2021-08-05T11:14:52Z</time>
      </trkpt>
      <trkpt lat="43.088780" lon="-2.235583">
        <ele>611.845</ele>
        <time>2021-08-05T11:14:56Z</time>
      </trkpt>
      <trkpt lat="43.088779" lon="-2.235651">
        <ele>611.717</ele>
        <time>2021-08-05T11:14:59Z</time>
      </trkpt>
      <trkpt lat="43.088770" lon="-2.235722">
        <ele>611.738</ele>
        <time>2021-08-05T11:15:03Z</time>
      </trkpt>
      <trkpt lat="43.088787" lon="-2.235788">
        <ele>611.770</ele>
        <time>2021-08-05T11:15:07Z</time>
      </trkpt>
      <trkpt lat="43.088790" lon="-2.235857">
        <ele>612.217</ele>
        <time>2021-08-05T11:15:11Z</time>
      </trkpt>
      <trkpt lat="43.088793" lon="-2.235930">
        <ele>612.408</ele>
        <time>2021-08-05T11:15:15Z</time>
      </trkpt>
      <trkpt lat="43.088812" lon="-2.235999">
        <ele>612.211</ele>
        <time>2021-08-05T11:15:20Z</time>
      </trkpt>
      <trkpt lat="43.088819" lon="-2.236061">
        <ele>611.683</ele>
        <time>2021-08-05T11:15:23Z</time>
      </trkpt>
      <trkpt lat="43.088815" lon="-2.236124">
        <ele>612.273</ele>
        <time>2021-08-05T11:15:27Z</time>
      </trkpt>
      <trkpt lat="43.088791" lon="-2.236178">
        <ele>612.578</ele>
        <time>2021-08-05T11:15:57Z</time>
      </trkpt>
      <trkpt lat="43.088790" lon="-2.236250">
        <ele>611.524</ele>
        <time>2021-08-05T11:16:00Z</time>
      </trkpt>
      <trkpt lat="43.088803" lon="-2.236309">
        <ele>611.029</ele>
        <time>2021-08-05T11:16:03Z</time>
      </trkpt>
      <trkpt lat="43.088795" lon="-2.236375">
        <ele>610.623</ele>
        <time>2021-08-05T11:16:07Z</time>
      </trkpt>
      <trkpt lat="43.088774" lon="-2.236448">
        <ele>610.685</ele>
        <time>2021-08-05T11:16:11Z</time>
      </trkpt>
      <trkpt lat="43.088768" lon="-2.236516">
        <ele>609.615</ele>
        <time>2021-08-05T11:16:15Z</time>
      </trkpt>
      <trkpt lat="43.088756" lon="-2.236589">
        <ele>609.065</ele>
        <time>2021-08-05T11:16:20Z</time>
      </trkpt>
      <trkpt lat="43.088745" lon="-2.236654">
        <ele>609.611</ele>
        <time>2021-08-05T11:16:24Z</time>
      </trkpt>
      <trkpt lat="43.088746" lon="-2.236728">
        <ele>609.508</ele>
        <time>2021-08-05T11:16:28Z</time>
      </trkpt>
      <trkpt lat="43.088698" lon="-2.236763">
        <ele>609.529</ele>
        <time>2021-08-05T11:16:30Z</time>
      </trkpt>
      <trkpt lat="43.088701" lon="-2.236829">
        <ele>609.551</ele>
        <time>2021-08-05T11:16:34Z</time>
      </trkpt>
      <trkpt lat="43.088720" lon="-2.236896">
        <ele>609.541</ele>
        <time>2021-08-05T11:16:38Z</time>
      </trkpt>
      <trkpt lat="43.088718" lon="-2.236958">
        <ele>608.236</ele>
        <time>2021-08-05T11:16:41Z</time>
      </trkpt>
      <trkpt lat="43.088729" lon="-2.237021">
        <ele>608.162</ele>
        <time>2021-08-05T11:16:45Z</time>
      </trkpt>
      <trkpt lat="43.088750" lon="-2.237080">
        <ele>607.387</ele>
        <time>2021-08-05T11:16:48Z</time>
      </trkpt>
      <trkpt lat="43.088770" lon="-2.237139">
        <ele>605.971</ele>
        <time>2021-08-05T11:16:52Z</time>
      </trkpt>
      <trkpt lat="43.088790" lon="-2.237203">
        <ele>603.773</ele>
        <time>2021-08-05T11:16:56Z</time>
      </trkpt>
      <trkpt lat="43.088816" lon="-2.237265">
        <ele>600.373</ele>
        <time>2021-08-05T11:17:00Z</time>
      </trkpt>
      <trkpt lat="43.088833" lon="-2.237335">
        <ele>600.085</ele>
        <time>2021-08-05T11:17:03Z</time>
      </trkpt>
      <trkpt lat="43.088844" lon="-2.237414">
        <ele>599.813</ele>
        <time>2021-08-05T11:17:08Z</time>
      </trkpt>
      <trkpt lat="43.088837" lon="-2.237483">
        <ele>599.808</ele>
        <time>2021-08-05T11:17:12Z</time>
      </trkpt>
      <trkpt lat="43.088836" lon="-2.237556">
        <ele>599.555</ele>
        <time>2021-08-05T11:17:16Z</time>
      </trkpt>
      <trkpt lat="43.088848" lon="-2.237626">
        <ele>600.027</ele>
        <time>2021-08-05T11:17:20Z</time>
      </trkpt>
      <trkpt lat="43.088854" lon="-2.237688">
        <ele>600.187</ele>
        <time>2021-08-05T11:17:23Z</time>
      </trkpt>
      <trkpt lat="43.088867" lon="-2.237749">
        <ele>599.982</ele>
        <time>2021-08-05T11:17:27Z</time>
      </trkpt>
      <trkpt lat="43.088876" lon="-2.237812">
        <ele>600.058</ele>
        <time>2021-08-05T11:17:31Z</time>
      </trkpt>
      <trkpt lat="43.088876" lon="-2.237878">
        <ele>601.093</ele>
        <time>2021-08-05T11:17:35Z</time>
      </trkpt>
      <trkpt lat="43.088880" lon="-2.237940">
        <ele>602.317</ele>
        <time>2021-08-05T11:17:39Z</time>
      </trkpt>
      <trkpt lat="43.088875" lon="-2.238007">
        <ele>602.839</ele>
        <time>2021-08-05T11:17:43Z</time>
      </trkpt>
      <trkpt lat="43.088866" lon="-2.238072">
        <ele>603.148</ele>
        <time>2021-08-05T11:17:47Z</time>
      </trkpt>
      <trkpt lat="43.088850" lon="-2.238143">
        <ele>603.461</ele>
        <time>2021-08-05T11:17:50Z</time>
      </trkpt>
      <trkpt lat="43.088823" lon="-2.238208">
        <ele>604.517</ele>
        <time>2021-08-05T11:17:55Z</time>
      </trkpt>
      <trkpt lat="43.088818" lon="-2.238278">
        <ele>604.708</ele>
        <time>2021-08-05T11:17:59Z</time>
      </trkpt>
      <trkpt lat="43.088797" lon="-2.238341">
        <ele>606.262</ele>
        <time>2021-08-05T11:18:02Z</time>
      </trkpt>
      <trkpt lat="43.088776" lon="-2.238411">
        <ele>606.844</ele>
        <time>2021-08-05T11:18:06Z</time>
      </trkpt>
      <trkpt lat="43.088759" lon="-2.238476">
        <ele>608.184</ele>
        <time>2021-08-05T11:18:11Z</time>
      </trkpt>
      <trkpt lat="43.088753" lon="-2.238539">
        <ele>608.969</ele>
        <time>2021-08-05T11:18:14Z</time>
      </trkpt>
      <trkpt lat="43.088734" lon="-2.238595">
        <ele>609.965</ele>
        <time>2021-08-05T11:18:17Z</time>
      </trkpt>
      <trkpt lat="43.088715" lon="-2.238656">
        <ele>610.570</ele>
        <time>2021-08-05T11:18:20Z</time>
      </trkpt>
      <trkpt lat="43.088701" lon="-2.238717">
        <ele>610.724</ele>
        <time>2021-08-05T11:18:24Z</time>
      </trkpt>
      <trkpt lat="43.088674" lon="-2.238779">
        <ele>611.756</ele>
        <time>2021-08-05T11:18:28Z</time>
      </trkpt>
      <trkpt lat="43.088648" lon="-2.238829">
        <ele>611.778</ele>
        <time>2021-08-05T11:18:31Z</time>
      </trkpt>
      <trkpt lat="43.088640" lon="-2.238891">
        <ele>612.033</ele>
        <time>2021-08-05T11:18:35Z</time>
      </trkpt>
      <trkpt lat="43.088637" lon="-2.238959">
        <ele>611.626</ele>
        <time>2021-08-05T11:18:39Z</time>
      </trkpt>
      <trkpt lat="43.088622" lon="-2.239026">
        <ele>611.608</ele>
        <time>2021-08-05T11:18:43Z</time>
      </trkpt>
      <trkpt lat="43.088602" lon="-2.239098">
        <ele>611.445</ele>
        <time>2021-08-05T11:18:47Z</time>
      </trkpt>
      <trkpt lat="43.088577" lon="-2.239161">
        <ele>610.737</ele>
        <time>2021-08-05T11:18:51Z</time>
      </trkpt>
      <trkpt lat="43.088560" lon="-2.239228">
        <ele>610.557</ele>
        <time>2021-08-05T11:18:55Z</time>
      </trkpt>
      <trkpt lat="43.088533" lon="-2.239279">
        <ele>610.132</ele>
        <time>2021-08-05T11:18:59Z</time>
      </trkpt>
      <trkpt lat="43.088494" lon="-2.239314">
        <ele>610.028</ele>
        <time>2021-08-05T11:19:02Z</time>
      </trkpt>
      <trkpt lat="43.088459" lon="-2.239366">
        <ele>610.123</ele>
        <time>2021-08-05T11:19:06Z</time>
      </trkpt>
      <trkpt lat="43.088414" lon="-2.239396">
        <ele>610.147</ele>
        <time>2021-08-05T11:19:11Z</time>
      </trkpt>
      <trkpt lat="43.088387" lon="-2.239458">
        <ele>610.529</ele>
        <time>2021-08-05T11:19:15Z</time>
      </trkpt>
      <trkpt lat="43.088359" lon="-2.239525">
        <ele>610.681</ele>
        <time>2021-08-05T11:19:18Z</time>
      </trkpt>
      <trkpt lat="43.088334" lon="-2.239584">
        <ele>612.561</ele>
        <time>2021-08-05T11:19:25Z</time>
      </trkpt>
      <trkpt lat="43.088305" lon="-2.239633">
        <ele>612.917</ele>
        <time>2021-08-05T11:19:29Z</time>
      </trkpt>
      <trkpt lat="43.088272" lon="-2.239682">
        <ele>614.108</ele>
        <time>2021-08-05T11:19:34Z</time>
      </trkpt>
      <trkpt lat="43.088234" lon="-2.239722">
        <ele>614.386</ele>
        <time>2021-08-05T11:19:37Z</time>
      </trkpt>
      <trkpt lat="43.088191" lon="-2.239775">
        <ele>614.598</ele>
        <time>2021-08-05T11:19:41Z</time>
      </trkpt>
      <trkpt lat="43.088153" lon="-2.239809">
        <ele>615.278</ele>
        <time>2021-08-05T11:19:49Z</time>
      </trkpt>
      <trkpt lat="43.088114" lon="-2.239846">
        <ele>615.453</ele>
        <time>2021-08-05T11:19:51Z</time>
      </trkpt>
      <trkpt lat="43.088073" lon="-2.239882">
        <ele>615.839</ele>
        <time>2021-08-05T11:19:54Z</time>
      </trkpt>
      <trkpt lat="43.088051" lon="-2.239948">
        <ele>616.164</ele>
        <time>2021-08-05T11:19:58Z</time>
      </trkpt>
      <trkpt lat="43.088022" lon="-2.239999">
        <ele>616.158</ele>
        <time>2021-08-05T11:20:03Z</time>
      </trkpt>
      <trkpt lat="43.087989" lon="-2.240052">
        <ele>615.940</ele>
        <time>2021-08-05T11:20:07Z</time>
      </trkpt>
      <trkpt lat="43.087961" lon="-2.240112">
        <ele>615.113</ele>
        <time>2021-08-05T11:20:11Z</time>
      </trkpt>
      <trkpt lat="43.087932" lon="-2.240160">
        <ele>613.943</ele>
        <time>2021-08-05T11:20:15Z</time>
      </trkpt>
      <trkpt lat="43.087902" lon="-2.240224">
        <ele>612.307</ele>
        <time>2021-08-05T11:20:19Z</time>
      </trkpt>
      <trkpt lat="43.087878" lon="-2.240282">
        <ele>612.008</ele>
        <time>2021-08-05T11:20:22Z</time>
      </trkpt>
      <trkpt lat="43.087865" lon="-2.240343">
        <ele>609.819</ele>
        <time>2021-08-05T11:20:26Z</time>
      </trkpt>
      <trkpt lat="43.087841" lon="-2.240397">
        <ele>609.441</ele>
        <time>2021-08-05T11:20:31Z</time>
      </trkpt>
      <trkpt lat="43.087806" lon="-2.240438">
        <ele>609.151</ele>
        <time>2021-08-05T11:20:35Z</time>
      </trkpt>
      <trkpt lat="43.087775" lon="-2.240496">
        <ele>608.296</ele>
        <time>2021-08-05T11:20:38Z</time>
      </trkpt>
      <trkpt lat="43.087764" lon="-2.240571">
        <ele>607.292</ele>
        <time>2021-08-05T11:20:44Z</time>
      </trkpt>
      <trkpt lat="43.087766" lon="-2.240637">
        <ele>606.227</ele>
        <time>2021-08-05T11:20:48Z</time>
      </trkpt>
      <trkpt lat="43.087735" lon="-2.240686">
        <ele>604.991</ele>
        <time>2021-08-05T11:20:54Z</time>
      </trkpt>
      <trkpt lat="43.087733" lon="-2.240749">
        <ele>603.873</ele>
        <time>2021-08-05T11:20:56Z</time>
      </trkpt>
      <trkpt lat="43.087764" lon="-2.240794">
        <ele>602.761</ele>
        <time>2021-08-05T11:21:00Z</time>
      </trkpt>
      <trkpt lat="43.087755" lon="-2.240856">
        <ele>600.721</ele>
        <time>2021-08-05T11:21:09Z</time>
      </trkpt>
      <trkpt lat="43.087735" lon="-2.240918">
        <ele>599.813</ele>
        <time>2021-08-05T11:21:11Z</time>
      </trkpt>
      <trkpt lat="43.087706" lon="-2.240973">
        <ele>599.508</ele>
        <time>2021-08-05T11:21:14Z</time>
      </trkpt>
      <trkpt lat="43.087682" lon="-2.241032">
        <ele>599.064</ele>
        <time>2021-08-05T11:21:17Z</time>
      </trkpt>
      <trkpt lat="43.087654" lon="-2.241090">
        <ele>598.196</ele>
        <time>2021-08-05T11:21:20Z</time>
      </trkpt>
      <trkpt lat="43.087640" lon="-2.241151">
        <ele>597.476</ele>
        <time>2021-08-05T11:21:23Z</time>
      </trkpt>
      <trkpt lat="43.087635" lon="-2.241241">
        <ele>596.521</ele>
        <time>2021-08-05T11:21:26Z</time>
      </trkpt>
      <trkpt lat="43.087639" lon="-2.241317">
        <ele>595.317</ele>
        <time>2021-08-05T11:21:29Z</time>
      </trkpt>
      <trkpt lat="43.087625" lon="-2.241380">
        <ele>595.042</ele>
        <time>2021-08-05T11:21:34Z</time>
      </trkpt>
      <trkpt lat="43.087619" lon="-2.241443">
        <ele>593.126</ele>
        <time>2021-08-05T11:21:38Z</time>
      </trkpt>
      <trkpt lat="43.087614" lon="-2.241506">
        <ele>592.638</ele>
        <time>2021-08-05T11:21:42Z</time>
      </trkpt>
      <trkpt lat="43.087614" lon="-2.241568">
        <ele>591.287</ele>
        <time>2021-08-05T11:21:48Z</time>
      </trkpt>
      <trkpt lat="43.087594" lon="-2.241625">
        <ele>589.242</ele>
        <time>2021-08-05T11:21:52Z</time>
      </trkpt>
      <trkpt lat="43.087572" lon="-2.241679">
        <ele>586.826</ele>
        <time>2021-08-05T11:21:55Z</time>
      </trkpt>
      <trkpt lat="43.087560" lon="-2.241739">
        <ele>584.308</ele>
        <time>2021-08-05T11:22:00Z</time>
      </trkpt>
      <trkpt lat="43.087539" lon="-2.241802">
        <ele>581.526</ele>
        <time>2021-08-05T11:22:06Z</time>
      </trkpt>
      <trkpt lat="43.087523" lon="-2.241860">
        <ele>579.788</ele>
        <time>2021-08-05T11:22:13Z</time>
      </trkpt>
      <trkpt lat="43.087517" lon="-2.241924">
        <ele>578.698</ele>
        <time>2021-08-05T11:22:16Z</time>
      </trkpt>
      <trkpt lat="43.087503" lon="-2.241998">
        <ele>577.693</ele>
        <time>2021-08-05T11:22:19Z</time>
      </trkpt>
      <trkpt lat="43.087500" lon="-2.242060">
        <ele>577.099</ele>
        <time>2021-08-05T11:22:22Z</time>
      </trkpt>
      <trkpt lat="43.087503" lon="-2.242135">
        <ele>575.214</ele>
        <time>2021-08-05T11:22:25Z</time>
      </trkpt>
      <trkpt lat="43.087495" lon="-2.242197">
        <ele>574.858</ele>
        <time>2021-08-05T11:22:28Z</time>
      </trkpt>
      <trkpt lat="43.087494" lon="-2.242261">
        <ele>573.570</ele>
        <time>2021-08-05T11:22:31Z</time>
      </trkpt>
      <trkpt lat="43.087488" lon="-2.242337">
        <ele>573.462</ele>
        <time>2021-08-05T11:22:35Z</time>
      </trkpt>
      <trkpt lat="43.087471" lon="-2.242395">
        <ele>572.383</ele>
        <time>2021-08-05T11:22:38Z</time>
      </trkpt>
      <trkpt lat="43.087453" lon="-2.242459">
        <ele>571.911</ele>
        <time>2021-08-05T11:22:42Z</time>
      </trkpt>
      <trkpt lat="43.087455" lon="-2.242527">
        <ele>570.708</ele>
        <time>2021-08-05T11:22:53Z</time>
      </trkpt>
      <trkpt lat="43.087459" lon="-2.242595">
        <ele>570.234</ele>
        <time>2021-08-05T11:22:55Z</time>
      </trkpt>
      <trkpt lat="43.087466" lon="-2.242656">
        <ele>568.876</ele>
        <time>2021-08-05T11:22:57Z</time>
      </trkpt>
      <trkpt lat="43.087474" lon="-2.242722">
        <ele>567.626</ele>
        <time>2021-08-05T11:23:00Z</time>
      </trkpt>
      <trkpt lat="43.087482" lon="-2.242789">
        <ele>564.981</ele>
        <time>2021-08-05T11:23:02Z</time>
      </trkpt>
      <trkpt lat="43.087493" lon="-2.242869">
        <ele>563.427</ele>
        <time>2021-08-05T11:23:05Z</time>
      </trkpt>
      <trkpt lat="43.087507" lon="-2.242932">
        <ele>562.672</ele>
        <time>2021-08-05T11:23:08Z</time>
      </trkpt>
      <trkpt lat="43.087532" lon="-2.242988">
        <ele>562.086</ele>
        <time>2021-08-05T11:23:12Z</time>
      </trkpt>
      <trkpt lat="43.087532" lon="-2.243050">
        <ele>559.488</ele>
        <time>2021-08-05T11:23:46Z</time>
      </trkpt>
      <trkpt lat="43.087495" lon="-2.243093">
        <ele>559.192</ele>
        <time>2021-08-05T11:23:57Z</time>
      </trkpt>
      <trkpt lat="43.087461" lon="-2.243136">
        <ele>558.873</ele>
        <time>2021-08-05T11:24:07Z</time>
      </trkpt>
      <trkpt lat="43.087461" lon="-2.243206">
        <ele>558.520</ele>
        <time>2021-08-05T11:24:18Z</time>
      </trkpt>
      <trkpt lat="43.087439" lon="-2.243295">
        <ele>558.408</ele>
        <time>2021-08-05T11:24:24Z</time>
      </trkpt>
      <trkpt lat="43.087408" lon="-2.243365">
        <ele>557.827</ele>
        <time>2021-08-05T11:24:27Z</time>
      </trkpt>
      <trkpt lat="43.087404" lon="-2.243440">
        <ele>557.829</ele>
        <time>2021-08-05T11:24:30Z</time>
      </trkpt>
      <trkpt lat="43.087394" lon="-2.243515">
        <ele>557.129</ele>
        <time>2021-08-05T11:24:34Z</time>
      </trkpt>
      <trkpt lat="43.087368" lon="-2.243581">
        <ele>554.844</ele>
        <time>2021-08-05T11:24:45Z</time>
      </trkpt>
      <trkpt lat="43.087352" lon="-2.243647">
        <ele>553.790</ele>
        <time>2021-08-05T11:24:48Z</time>
      </trkpt>
      <trkpt lat="43.087321" lon="-2.243703">
        <ele>551.765</ele>
        <time>2021-08-05T11:24:59Z</time>
      </trkpt>
      <trkpt lat="43.087288" lon="-2.243754">
        <ele>551.479</ele>
        <time>2021-08-05T11:25:01Z</time>
      </trkpt>
      <trkpt lat="43.087261" lon="-2.243805">
        <ele>550.891</ele>
        <time>2021-08-05T11:25:04Z</time>
      </trkpt>
      <trkpt lat="43.087282" lon="-2.243861">
        <ele>547.963</ele>
        <time>2021-08-05T11:25:28Z</time>
      </trkpt>
      <trkpt lat="43.087318" lon="-2.243914">
        <ele>547.644</ele>
        <time>2021-08-05T11:25:32Z</time>
      </trkpt>
      <trkpt lat="43.087347" lon="-2.243975">
        <ele>547.318</ele>
        <time>2021-08-05T11:25:36Z</time>
      </trkpt>
      <trkpt lat="43.087357" lon="-2.244045">
        <ele>547.308</ele>
        <time>2021-08-05T11:25:52Z</time>
      </trkpt>
      <trkpt lat="43.087350" lon="-2.244115">
        <ele>547.074</ele>
        <time>2021-08-05T11:25:55Z</time>
      </trkpt>
      <trkpt lat="43.087345" lon="-2.244184">
        <ele>547.036</ele>
        <time>2021-08-05T11:25:57Z</time>
      </trkpt>
      <trkpt lat="43.087349" lon="-2.244247">
        <ele>546.896</ele>
        <time>2021-08-05T11:26:01Z</time>
      </trkpt>
      <trkpt lat="43.087368" lon="-2.244328">
        <ele>546.131</ele>
        <time>2021-08-05T11:26:21Z</time>
      </trkpt>
      <trkpt lat="43.087353" lon="-2.244395">
        <ele>544.847</ele>
        <time>2021-08-05T11:26:24Z</time>
      </trkpt>
      <trkpt lat="43.087358" lon="-2.244458">
        <ele>544.542</ele>
        <time>2021-08-05T11:26:27Z</time>
      </trkpt>
      <trkpt lat="43.087343" lon="-2.244520">
        <ele>544.456</ele>
        <time>2021-08-05T11:26:30Z</time>
      </trkpt>
      <trkpt lat="43.087357" lon="-2.244586">
        <ele>544.378</ele>
        <time>2021-08-05T11:26:34Z</time>
      </trkpt>
      <trkpt lat="43.087366" lon="-2.244647">
        <ele>545.321</ele>
        <time>2021-08-05T11:26:39Z</time>
      </trkpt>
      <trkpt lat="43.087394" lon="-2.244710">
        <ele>545.541</ele>
        <time>2021-08-05T11:26:43Z</time>
      </trkpt>
      <trkpt lat="43.087410" lon="-2.244768">
        <ele>545.905</ele>
        <time>2021-08-05T11:26:46Z</time>
      </trkpt>
    </trkseg>
  </trk></gpx>