<?xml version="1.0" encoding="UTF-8"?>
<gpx creator="Wikiloc - https://www.wikiloc.com" version="1.1" xmlns="http://www.topografix.com/GPX/1/1" xmlns:xsi="http://www.w3.org/2001/XMLSchema-instance" xsi:schemaLocation="http://www.topografix.com/GPX/1/1 http://www.topografix.com/GPX/1/1/gpx.xsd">
  <metadata>
    <name>Wikiloc - SAN MARCIAL ruta circular desde OLA por ERLAITZ</name>
    <author>
      <name>RUTAS por el MONTE BLOG</name>
      <link href="https://www.wikiloc.com/wikiloc/user.do?id=4600824">
        <text>RUTAS por el MONTE BLOG on Wikiloc</text>
      </link>
    </author>
    <link href="https://www.wikiloc.com/hiking-trails/san-marcial-ruta-circular-desde-ola-por-erlaitz-80338790">
      <text>SAN MARCIAL ruta circular desde OLA por ERLAITZ on Wikiloc</text>
    </link>
    <time>2021-08-08T11:05:53Z</time>
  </metadata>
  <wpt lat="43.322848" lon="-1.775804">
    <ele>29.0</ele>
    <time>2021-08-08T08:05:52Z</time>
    <name>Ola</name>
    <cmt></cmt>
    <desc></desc>
  </wpt>
  <wpt lat="43.323366" lon="-1.775995">
    <ele>27.5</ele>
    <time>2021-08-08T08:06:59Z</time>
    <name>Poste indicativo Ibarla, depués seguir por carril bici.</name>
    <cmt></cmt>
    <desc></desc>
  </wpt>
  <wpt lat="43.326603" lon="-1.778271">
    <ele>21.0</ele>
    <time>2021-08-08T08:12:33Z</time>
    <name>Bidegorri / Carril bici seguir recto</name>
    <cmt></cmt>
    <desc></desc>
  </wpt>
  <wpt lat="43.331932" lon="-1.777457">
    <ele>11.0</ele>
    <time>2021-08-08T08:19:45Z</time>
    <name>Derecha cruzar puente</name>
    <cmt></cmt>
    <desc></desc>
  </wpt>
  <wpt lat="43.332181" lon="-1.776937">
    <ele>16.9</ele>
    <time>2021-08-08T08:20:28Z</time>
    <name>Izquierda acera</name>
    <cmt></cmt>
    <desc></desc>
  </wpt>
  <wpt lat="43.333550" lon="-1.776871">
    <ele>20.2</ele>
    <time>2021-08-08T08:22:22Z</time>
    <name>Derecha cruzar carretera y rampa</name>
    <cmt></cmt>
    <desc></desc>
  </wpt>
  <wpt lat="43.333847" lon="-1.775216">
    <ele>52.0</ele>
    <time>2021-08-08T08:26:53Z</time>
    <name>Recto</name>
    <cmt></cmt>
    <desc></desc>
  </wpt>
  <wpt lat="43.333429" lon="-1.774574">
    <ele>61.4</ele>
    <time>2021-08-08T08:27:55Z</time>
    <name>Recto escaleras marcas GR</name>
    <cmt>Seguir marcas blancas y rojas del sendero GR</cmt>
    <desc>Seguir marcas blancas y rojas del sendero GR</desc>
  </wpt>
  <wpt lat="43.332573" lon="-1.772973">
    <ele>95.3</ele>
    <time>2021-08-08T08:30:54Z</time>
    <name>Aldabe baserria</name>
    <cmt></cmt>
    <desc></desc>
  </wpt>
  <wpt lat="43.332322" lon="-1.770095">
    <ele>125.4</ele>
    <time>2021-08-08T08:34:29Z</time>
    <name>Cruzar carretera seguir GR</name>
    <cmt></cmt>
    <desc></desc>
  </wpt>
  <wpt lat="43.331823" lon="-1.766974">
    <ele>176.8</ele>
    <time>2021-08-08T08:38:38Z</time>
    <name>Cruzar carretera recto gr</name>
    <cmt></cmt>
    <desc></desc>
  </wpt>
  <wpt lat="43.331271" lon="-1.765944">
    <ele>208.1</ele>
    <time>2021-08-08T08:41:50Z</time>
    <name>Derecha escalera</name>
    <cmt></cmt>
    <desc></desc>
  </wpt>
  <wpt lat="43.331271" lon="-1.766617">
    <ele>210.3</ele>
    <time>2021-08-08T08:43:05Z</time>
    <name>San Marcial</name>
    <cmt></cmt>
    <desc></desc>
  </wpt>
  <wpt lat="43.331138" lon="-1.765840">
    <ele>207.9</ele>
    <time>2021-08-08T08:45:32Z</time>
    <name>Bajar por pista cementada</name>
    <cmt></cmt>
    <desc></desc>
  </wpt>
  <wpt lat="43.329762" lon="-1.764759">
    <ele>204.2</ele>
    <time>2021-08-08T08:48:50Z</time>
    <name>Izquierda</name>
    <cmt></cmt>
    <desc></desc>
  </wpt>
  <wpt lat="43.324273" lon="-1.761966">
    <ele>155.6</ele>
    <time>2021-08-08T08:58:24Z</time>
    <name>Izquierda</name>
    <cmt></cmt>
    <desc></desc>
  </wpt>
  <wpt lat="43.323846" lon="-1.760612">
    <ele>148.6</ele>
    <time>2021-08-08T08:59:47Z</time>
    <name>Recto</name>
    <cmt></cmt>
    <desc></desc>
  </wpt>
  <wpt lat="43.322513" lon="-1.756938">
    <ele>166.3</ele>
    <time>2021-08-08T09:04:00Z</time>
    <name>Recto</name>
    <cmt></cmt>
    <desc></desc>
  </wpt>
  <wpt lat="43.320856" lon="-1.754767">
    <ele>184.9</ele>
    <time>2021-08-08T09:07:13Z</time>
    <name>Saioa derecha seguir marcas GR</name>
    <cmt></cmt>
    <desc></desc>
  </wpt>
  <wpt lat="43.318766" lon="-1.752300">
    <ele>211.9</ele>
    <time>2021-08-08T09:12:12Z</time>
    <name>Derecha</name>
    <cmt></cmt>
    <desc></desc>
  </wpt>
  <wpt lat="43.315990" lon="-1.752721">
    <ele>273.5</ele>
    <time>2021-08-08T09:18:39Z</time>
    <name>Derecha</name>
    <cmt></cmt>
    <desc></desc>
  </wpt>
  <wpt lat="43.313985" lon="-1.752469">
    <ele>321.3</ele>
    <time>2021-08-08T09:25:25Z</time>
    <name>Paso canadiense</name>
    <cmt></cmt>
    <desc></desc>
  </wpt>
  <wpt lat="43.314224" lon="-1.751698">
    <ele>322.4</ele>
    <time>2021-08-08T09:26:28Z</time>
    <name>Derecha</name>
    <cmt></cmt>
    <desc></desc>
  </wpt>
  <wpt lat="43.313819" lon="-1.750844">
    <ele>332.3</ele>
    <time>2021-08-08T09:27:35Z</time>
    <name>Pista cementada GR</name>
    <cmt></cmt>
    <desc></desc>
  </wpt>
  <wpt lat="43.312149" lon="-1.754228">
    <ele>367.1</ele>
    <time>2021-08-08T09:32:47Z</time>
    <name>Izquierda hacia Erlaitz</name>
    <cmt></cmt>
    <desc></desc>
  </wpt>
  <wpt lat="43.307886" lon="-1.754484">
    <ele>429.8</ele>
    <time>2021-08-08T09:40:55Z</time>
    <name>Recto caseta bosque GR</name>
    <cmt></cmt>
    <desc></desc>
  </wpt>
  <wpt lat="43.305758" lon="-1.756273">
    <ele>447.0</ele>
    <time>2021-08-08T09:44:48Z</time>
    <name>Cruzar carretera</name>
    <cmt></cmt>
    <desc></desc>
  </wpt>
  <wpt lat="43.305361" lon="-1.756742">
    <ele>450.7</ele>
    <time>2021-08-08T09:45:41Z</time>
    <name>Recto pr blancas y amarillas</name>
    <cmt></cmt>
    <desc></desc>
  </wpt>
  <wpt lat="43.304161" lon="-1.759861">
    <ele>466.2</ele>
    <time>2021-08-08T09:49:12Z</time>
    <name>Fuerte de Erlaitz</name>
    <cmt></cmt>
    <desc></desc>
  </wpt>
  <wpt lat="43.304414" lon="-1.760500">
    <ele>473.4</ele>
    <time>2021-08-08T09:50:23Z</time>
    <name>Izquierda</name>
    <cmt></cmt>
    <desc></desc>
  </wpt>
  <wpt lat="43.303086" lon="-1.760833">
    <ele>441.4</ele>
    <time>2021-08-08T09:56:12Z</time>
    <name>Cruzar carretera, ir entre mesas picnic</name>
    <cmt></cmt>
    <desc></desc>
  </wpt>
  <wpt lat="43.301341" lon="-1.763093">
    <ele>442.2</ele>
    <time>2021-08-08T10:00:18Z</time>
    <name>Cruzar carretera pr</name>
    <cmt></cmt>
    <desc></desc>
  </wpt>
  <wpt lat="43.301658" lon="-1.768192">
    <ele>421.2</ele>
    <time>2021-08-08T10:06:06Z</time>
    <name>Izquierda pr</name>
    <cmt></cmt>
    <desc></desc>
  </wpt>
  <wpt lat="43.300815" lon="-1.768905">
    <ele>396.2</ele>
    <time>2021-08-08T10:08:43Z</time>
    <name>Curva derecha 180</name>
    <cmt></cmt>
    <desc></desc>
  </wpt>
  <wpt lat="43.301227" lon="-1.769377">
    <ele>385.5</ele>
    <time>2021-08-08T10:10:10Z</time>
    <name>Derecha</name>
    <cmt></cmt>
    <desc></desc>
  </wpt>
  <wpt lat="43.303226" lon="-1.771096">
    <ele>320.3</ele>
    <time>2021-08-08T10:18:29Z</time>
    <name>Derecha</name>
    <cmt></cmt>
    <desc></desc>
  </wpt>
  <wpt lat="43.303361" lon="-1.771636">
    <ele>310.9</ele>
    <time>2021-08-08T10:20:19Z</time>
    <name>Recto PR</name>
    <cmt></cmt>
    <desc></desc>
  </wpt>
  <wpt lat="43.305230" lon="-1.772675">
    <ele>303.5</ele>
    <time>2021-08-08T10:23:05Z</time>
    <name>Derecha túnel</name>
    <cmt></cmt>
    <desc></desc>
  </wpt>
  <wpt lat="43.307825" lon="-1.769337">
    <ele>306.3</ele>
    <time>2021-08-08T10:28:44Z</time>
    <name>Túnel y vista cascada</name>
    <cmt></cmt>
    <desc></desc>
  </wpt>
  <wpt lat="43.310891" lon="-1.768226">
    <ele>292.6</ele>
    <time>2021-08-08T10:36:29Z</time>
    <name>Izquierda Enbido, cruzar portón</name>
    <cmt></cmt>
    <desc></desc>
  </wpt>
  <wpt lat="43.313439" lon="-1.769748">
    <ele>222.3</ele>
    <time>2021-08-08T10:43:53Z</time>
    <name>Izquierda</name>
    <cmt></cmt>
    <desc></desc>
  </wpt>
  <wpt lat="43.317580" lon="-1.772162">
    <ele>51.1</ele>
    <time>2021-08-08T10:57:20Z</time>
    <name>Hornos Irugurutzeta</name>
    <cmt></cmt>
    <desc></desc>
  </wpt>
  <wpt lat="43.318166" lon="-1.772553">
    <ele>48.3</ele>
    <time>2021-08-08T10:58:47Z</time>
    <name>Recto</name>
    <cmt></cmt>
    <desc></desc>
  </wpt>
  <trk>
    <name>SAN MARCIAL ruta circular desde OLA por ERLAITZ</name>
    <cmt>&lt;iframe height="315" src="https://www.youtube.com/embed/tF7oTbWpo34"&gt;&lt;/iframe&gt; 
 
Ruta circular al monte San Marcial de Irún desde la sidrería Ola, pasando por Erlaitz. Es una ruta con alguna rampa moderada pero breve, en la que caminaremos en gran parte por senderos GR o PR. Hay varios cruces, por lo que es recomendable llevar track si no se conoce la zona. 
 
Desde San Marcial tendremos una preciosa panorámica de la bahía del Txingudi y ya en Erlaitz una vista espectacular de Peñas de Aia. Ya en la bajada, pasaremos junto a los Hornos de Irugurutzeta tras bajar por Enbido. 
 
En resumen, una ruta sencilla con varios puntos de interés que hacen la ruta entretenida.</cmt>
    <desc>&lt;iframe height="315" src="https://www.youtube.com/embed/tF7oTbWpo34"&gt;&lt;/iframe&gt; 
 
Ruta circular al monte San Marcial de Irún desde la sidrería Ola, pasando por Erlaitz. Es una ruta con alguna rampa moderada pero breve, en la que caminaremos en gran parte por senderos GR o PR. Hay varios cruces, por lo que es recomendable llevar track si no se conoce la zona. 
 
Desde San Marcial tendremos una preciosa panorámica de la bahía del Txingudi y ya en Erlaitz una vista espectacular de Peñas de Aia. Ya en la bajada, pasaremos junto a los Hornos de Irugurutzeta tras bajar por Enbido. 
 
En resumen, una ruta sencilla con varios puntos de interés que hacen la ruta entretenida.</desc>
    <trkseg>
      <trkpt lat="43.322859" lon="-1.775855">
        <ele>29.376</ele>
        <time>2021-08-08T08:05:35Z</time>
      </trkpt>
      <trkpt lat="43.322902" lon="-1.775760">
        <ele>28.990</ele>
        <time>2021-08-08T08:05:36Z</time>
      </trkpt>
      <trkpt lat="43.322884" lon="-1.775624">
        <ele>28.719</ele>
        <time>2021-08-08T08:05:37Z</time>
      </trkpt>
      <trkpt lat="43.322829" lon="-1.775562">
        <ele>28.808</ele>
        <time>2021-08-08T08:05:39Z</time>
      </trkpt>
      <trkpt lat="43.322793" lon="-1.775679">
        <ele>29.025</ele>
        <time>2021-08-08T08:05:41Z</time>
      </trkpt>
      <trkpt lat="43.322825" lon="-1.775742">
        <ele>28.947</ele>
        <time>2021-08-08T08:05:49Z</time>
      </trkpt>
      <trkpt lat="43.322847" lon="-1.775804">
        <ele>29.040</ele>
        <time>2021-08-08T08:05:50Z</time>
      </trkpt>
      <trkpt lat="43.322858" lon="-1.775868">
        <ele>29.560</ele>
        <time>2021-08-08T08:05:54Z</time>
      </trkpt>
      <trkpt lat="43.322902" lon="-1.775895">
        <ele>29.755</ele>
        <time>2021-08-08T08:05:58Z</time>
      </trkpt>
      <trkpt lat="43.322944" lon="-1.775918">
        <ele>29.884</ele>
        <time>2021-08-08T08:06:02Z</time>
      </trkpt>
      <trkpt lat="43.322985" lon="-1.775867">
        <ele>29.226</ele>
        <time>2021-08-08T08:06:04Z</time>
      </trkpt>
      <trkpt lat="43.323023" lon="-1.775831">
        <ele>29.077</ele>
        <time>2021-08-08T08:06:06Z</time>
      </trkpt>
      <trkpt lat="43.323057" lon="-1.775781">
        <ele>28.881</ele>
        <time>2021-08-08T08:06:10Z</time>
      </trkpt>
      <trkpt lat="43.323094" lon="-1.775739">
        <ele>28.461</ele>
        <time>2021-08-08T08:06:15Z</time>
      </trkpt>
      <trkpt lat="43.323142" lon="-1.775738">
        <ele>28.117</ele>
        <time>2021-08-08T08:06:21Z</time>
      </trkpt>
      <trkpt lat="43.323190" lon="-1.775767">
        <ele>27.908</ele>
        <time>2021-08-08T08:06:26Z</time>
      </trkpt>
      <trkpt lat="43.323226" lon="-1.775806">
        <ele>27.736</ele>
        <time>2021-08-08T08:06:29Z</time>
      </trkpt>
      <trkpt lat="43.323263" lon="-1.775861">
        <ele>27.618</ele>
        <time>2021-08-08T08:06:34Z</time>
      </trkpt>
      <trkpt lat="43.323306" lon="-1.775895">
        <ele>27.411</ele>
        <time>2021-08-08T08:06:39Z</time>
      </trkpt>
      <trkpt lat="43.323333" lon="-1.775946">
        <ele>27.431</ele>
        <time>2021-08-08T08:06:42Z</time>
      </trkpt>
      <trkpt lat="43.323366" lon="-1.775995">
        <ele>27.596</ele>
        <time>2021-08-08T08:06:46Z</time>
      </trkpt>
      <trkpt lat="43.323413" lon="-1.776025">
        <ele>27.475</ele>
        <time>2021-08-08T08:07:04Z</time>
      </trkpt>
      <trkpt lat="43.323452" lon="-1.775992">
        <ele>27.177</ele>
        <time>2021-08-08T08:07:31Z</time>
      </trkpt>
      <trkpt lat="43.323497" lon="-1.776000">
        <ele>27.058</ele>
        <time>2021-08-08T08:07:35Z</time>
      </trkpt>
      <trkpt lat="43.323543" lon="-1.775987">
        <ele>26.869</ele>
        <time>2021-08-08T08:07:40Z</time>
      </trkpt>
      <trkpt lat="43.323592" lon="-1.775999">
        <ele>26.704</ele>
        <time>2021-08-08T08:07:44Z</time>
      </trkpt>
      <trkpt lat="43.323638" lon="-1.776037">
        <ele>26.624</ele>
        <time>2021-08-08T08:07:49Z</time>
      </trkpt>
      <trkpt lat="43.323679" lon="-1.776068">
        <ele>26.608</ele>
        <time>2021-08-08T08:07:53Z</time>
      </trkpt>
      <trkpt lat="43.323722" lon="-1.776094">
        <ele>26.524</ele>
        <time>2021-08-08T08:07:57Z</time>
      </trkpt>
      <trkpt lat="43.323770" lon="-1.776115">
        <ele>26.426</ele>
        <time>2021-08-08T08:08:00Z</time>
      </trkpt>
      <trkpt lat="43.323816" lon="-1.776122">
        <ele>26.369</ele>
        <time>2021-08-08T08:08:03Z</time>
      </trkpt>
      <trkpt lat="43.323859" lon="-1.776148">
        <ele>26.139</ele>
        <time>2021-08-08T08:08:08Z</time>
      </trkpt>
      <trkpt lat="43.323899" lon="-1.776178">
        <ele>25.924</ele>
        <time>2021-08-08T08:08:11Z</time>
      </trkpt>
      <trkpt lat="43.323941" lon="-1.776204">
        <ele>25.723</ele>
        <time>2021-08-08T08:08:15Z</time>
      </trkpt>
      <trkpt lat="43.323982" lon="-1.776241">
        <ele>25.545</ele>
        <time>2021-08-08T08:08:18Z</time>
      </trkpt>
      <trkpt lat="43.323987" lon="-1.776303">
        <ele>25.526</ele>
        <time>2021-08-08T08:08:22Z</time>
      </trkpt>
      <trkpt lat="43.324036" lon="-1.776336">
        <ele>25.429</ele>
        <time>2021-08-08T08:08:25Z</time>
      </trkpt>
      <trkpt lat="43.324089" lon="-1.776347">
        <ele>25.200</ele>
        <time>2021-08-08T08:08:28Z</time>
      </trkpt>
      <trkpt lat="43.324134" lon="-1.776346">
        <ele>25.020</ele>
        <time>2021-08-08T08:08:31Z</time>
      </trkpt>
      <trkpt lat="43.324179" lon="-1.776352">
        <ele>24.808</ele>
        <time>2021-08-08T08:08:35Z</time>
      </trkpt>
      <trkpt lat="43.324230" lon="-1.776340">
        <ele>24.680</ele>
        <time>2021-08-08T08:08:40Z</time>
      </trkpt>
      <trkpt lat="43.324278" lon="-1.776324">
        <ele>24.562</ele>
        <time>2021-08-08T08:08:43Z</time>
      </trkpt>
      <trkpt lat="43.324320" lon="-1.776296">
        <ele>24.335</ele>
        <time>2021-08-08T08:08:46Z</time>
      </trkpt>
      <trkpt lat="43.324369" lon="-1.776278">
        <ele>24.255</ele>
        <time>2021-08-08T08:08:49Z</time>
      </trkpt>
      <trkpt lat="43.324396" lon="-1.776329">
        <ele>24.130</ele>
        <time>2021-08-08T08:08:53Z</time>
      </trkpt>
      <trkpt lat="43.324405" lon="-1.776394">
        <ele>24.259</ele>
        <time>2021-08-08T08:08:58Z</time>
      </trkpt>
      <trkpt lat="43.324440" lon="-1.776439">
        <ele>24.431</ele>
        <time>2021-08-08T08:09:02Z</time>
      </trkpt>
      <trkpt lat="43.324479" lon="-1.776470">
        <ele>24.442</ele>
        <time>2021-08-08T08:09:06Z</time>
      </trkpt>
      <trkpt lat="43.324523" lon="-1.776509">
        <ele>24.377</ele>
        <time>2021-08-08T08:09:10Z</time>
      </trkpt>
      <trkpt lat="43.324565" lon="-1.776535">
        <ele>24.261</ele>
        <time>2021-08-08T08:09:13Z</time>
      </trkpt>
      <trkpt lat="43.324600" lon="-1.776581">
        <ele>24.027</ele>
        <time>2021-08-08T08:09:16Z</time>
      </trkpt>
      <trkpt lat="43.324628" lon="-1.776631">
        <ele>23.908</ele>
        <time>2021-08-08T08:09:19Z</time>
      </trkpt>
      <trkpt lat="43.324656" lon="-1.776689">
        <ele>23.725</ele>
        <time>2021-08-08T08:09:23Z</time>
      </trkpt>
      <trkpt lat="43.324683" lon="-1.776741">
        <ele>23.487</ele>
        <time>2021-08-08T08:09:27Z</time>
      </trkpt>
      <trkpt lat="43.324710" lon="-1.776799">
        <ele>23.110</ele>
        <time>2021-08-08T08:09:31Z</time>
      </trkpt>
      <trkpt lat="43.324749" lon="-1.776832">
        <ele>22.980</ele>
        <time>2021-08-08T08:09:35Z</time>
      </trkpt>
      <trkpt lat="43.324791" lon="-1.776860">
        <ele>22.815</ele>
        <time>2021-08-08T08:09:39Z</time>
      </trkpt>
      <trkpt lat="43.324835" lon="-1.776888">
        <ele>22.754</ele>
        <time>2021-08-08T08:09:43Z</time>
      </trkpt>
      <trkpt lat="43.324878" lon="-1.776913">
        <ele>22.576</ele>
        <time>2021-08-08T08:09:46Z</time>
      </trkpt>
      <trkpt lat="43.324921" lon="-1.776941">
        <ele>22.397</ele>
        <time>2021-08-08T08:09:49Z</time>
      </trkpt>
      <trkpt lat="43.324965" lon="-1.776966">
        <ele>22.187</ele>
        <time>2021-08-08T08:09:52Z</time>
      </trkpt>
      <trkpt lat="43.325018" lon="-1.777007">
        <ele>22.042</ele>
        <time>2021-08-08T08:09:56Z</time>
      </trkpt>
      <trkpt lat="43.325056" lon="-1.777050">
        <ele>21.926</ele>
        <time>2021-08-08T08:10:00Z</time>
      </trkpt>
      <trkpt lat="43.325101" lon="-1.777082">
        <ele>21.808</ele>
        <time>2021-08-08T08:10:04Z</time>
      </trkpt>
      <trkpt lat="43.325147" lon="-1.777090">
        <ele>21.746</ele>
        <time>2021-08-08T08:10:08Z</time>
      </trkpt>
      <trkpt lat="43.325193" lon="-1.777107">
        <ele>21.618</ele>
        <time>2021-08-08T08:10:11Z</time>
      </trkpt>
      <trkpt lat="43.325235" lon="-1.777139">
        <ele>21.431</ele>
        <time>2021-08-08T08:10:16Z</time>
      </trkpt>
      <trkpt lat="43.325274" lon="-1.777193">
        <ele>21.111</ele>
        <time>2021-08-08T08:10:21Z</time>
      </trkpt>
      <trkpt lat="43.325312" lon="-1.777232">
        <ele>21.196</ele>
        <time>2021-08-08T08:10:26Z</time>
      </trkpt>
      <trkpt lat="43.325348" lon="-1.777278">
        <ele>21.095</ele>
        <time>2021-08-08T08:10:30Z</time>
      </trkpt>
      <trkpt lat="43.325391" lon="-1.777312">
        <ele>21.077</ele>
        <time>2021-08-08T08:10:33Z</time>
      </trkpt>
      <trkpt lat="43.325434" lon="-1.777357">
        <ele>20.838</ele>
        <time>2021-08-08T08:10:36Z</time>
      </trkpt>
      <trkpt lat="43.325472" lon="-1.777398">
        <ele>20.612</ele>
        <time>2021-08-08T08:10:40Z</time>
      </trkpt>
      <trkpt lat="43.325511" lon="-1.777430">
        <ele>20.532</ele>
        <time>2021-08-08T08:10:43Z</time>
      </trkpt>
      <trkpt lat="43.325544" lon="-1.777476">
        <ele>20.205</ele>
        <time>2021-08-08T08:10:47Z</time>
      </trkpt>
      <trkpt lat="43.325576" lon="-1.777532">
        <ele>20.108</ele>
        <time>2021-08-08T08:10:51Z</time>
      </trkpt>
      <trkpt lat="43.325618" lon="-1.777562">
        <ele>20.259</ele>
        <time>2021-08-08T08:10:55Z</time>
      </trkpt>
      <trkpt lat="43.325660" lon="-1.777584">
        <ele>20.311</ele>
        <time>2021-08-08T08:10:58Z</time>
      </trkpt>
      <trkpt lat="43.325689" lon="-1.777639">
        <ele>20.244</ele>
        <time>2021-08-08T08:11:02Z</time>
      </trkpt>
      <trkpt lat="43.325721" lon="-1.777691">
        <ele>20.274</ele>
        <time>2021-08-08T08:11:07Z</time>
      </trkpt>
      <trkpt lat="43.325758" lon="-1.777729">
        <ele>20.179</ele>
        <time>2021-08-08T08:11:11Z</time>
      </trkpt>
      <trkpt lat="43.325779" lon="-1.777791">
        <ele>20.028</ele>
        <time>2021-08-08T08:11:14Z</time>
      </trkpt>
      <trkpt lat="43.325794" lon="-1.777856">
        <ele>19.830</ele>
        <time>2021-08-08T08:11:18Z</time>
      </trkpt>
      <trkpt lat="43.325826" lon="-1.777910">
        <ele>19.591</ele>
        <time>2021-08-08T08:11:21Z</time>
      </trkpt>
      <trkpt lat="43.325877" lon="-1.777912">
        <ele>19.538</ele>
        <time>2021-08-08T08:11:25Z</time>
      </trkpt>
      <trkpt lat="43.325925" lon="-1.777948">
        <ele>19.470</ele>
        <time>2021-08-08T08:11:28Z</time>
      </trkpt>
      <trkpt lat="43.325972" lon="-1.777975">
        <ele>19.317</ele>
        <time>2021-08-08T08:11:31Z</time>
      </trkpt>
      <trkpt lat="43.326016" lon="-1.777998">
        <ele>19.208</ele>
        <time>2021-08-08T08:11:35Z</time>
      </trkpt>
      <trkpt lat="43.326061" lon="-1.778013">
        <ele>19.271</ele>
        <time>2021-08-08T08:11:38Z</time>
      </trkpt>
      <trkpt lat="43.326112" lon="-1.778023">
        <ele>19.133</ele>
        <time>2021-08-08T08:11:42Z</time>
      </trkpt>
      <trkpt lat="43.326155" lon="-1.778059">
        <ele>19.026</ele>
        <time>2021-08-08T08:11:47Z</time>
      </trkpt>
      <trkpt lat="43.326199" lon="-1.778100">
        <ele>19.296</ele>
        <time>2021-08-08T08:11:51Z</time>
      </trkpt>
      <trkpt lat="43.326240" lon="-1.778127">
        <ele>19.321</ele>
        <time>2021-08-08T08:11:54Z</time>
      </trkpt>
      <trkpt lat="43.326286" lon="-1.778127">
        <ele>19.330</ele>
        <time>2021-08-08T08:11:59Z</time>
      </trkpt>
      <trkpt lat="43.326333" lon="-1.778134">
        <ele>19.352</ele>
        <time>2021-08-08T08:12:04Z</time>
      </trkpt>
      <trkpt lat="43.326380" lon="-1.778150">
        <ele>19.393</ele>
        <time>2021-08-08T08:12:07Z</time>
      </trkpt>
      <trkpt lat="43.326423" lon="-1.778183">
        <ele>19.629</ele>
        <time>2021-08-08T08:12:11Z</time>
      </trkpt>
      <trkpt lat="43.326465" lon="-1.778204">
        <ele>19.800</ele>
        <time>2021-08-08T08:12:15Z</time>
      </trkpt>
      <trkpt lat="43.326510" lon="-1.778230">
        <ele>20.220</ele>
        <time>2021-08-08T08:12:21Z</time>
      </trkpt>
      <trkpt lat="43.326560" lon="-1.778250">
        <ele>20.608</ele>
        <time>2021-08-08T08:12:26Z</time>
      </trkpt>
      <trkpt lat="43.326603" lon="-1.778270">
        <ele>21.010</ele>
        <time>2021-08-08T08:12:31Z</time>
      </trkpt>
      <trkpt lat="43.326645" lon="-1.778245">
        <ele>20.962</ele>
        <time>2021-08-08T08:12:39Z</time>
      </trkpt>
      <trkpt lat="43.326691" lon="-1.778278">
        <ele>21.455</ele>
        <time>2021-08-08T08:12:42Z</time>
      </trkpt>
      <trkpt lat="43.326730" lon="-1.778308">
        <ele>21.725</ele>
        <time>2021-08-08T08:12:45Z</time>
      </trkpt>
      <trkpt lat="43.326781" lon="-1.778346">
        <ele>22.540</ele>
        <time>2021-08-08T08:12:47Z</time>
      </trkpt>
      <trkpt lat="43.326826" lon="-1.778371">
        <ele>23.279</ele>
        <time>2021-08-08T08:12:51Z</time>
      </trkpt>
      <trkpt lat="43.326874" lon="-1.778390">
        <ele>23.721</ele>
        <time>2021-08-08T08:12:55Z</time>
      </trkpt>
      <trkpt lat="43.326921" lon="-1.778388">
        <ele>23.532</ele>
        <time>2021-08-08T08:12:58Z</time>
      </trkpt>
      <trkpt lat="43.326971" lon="-1.778376">
        <ele>22.624</ele>
        <time>2021-08-08T08:13:02Z</time>
      </trkpt>
      <trkpt lat="43.327022" lon="-1.778377">
        <ele>21.704</ele>
        <time>2021-08-08T08:13:05Z</time>
      </trkpt>
      <trkpt lat="43.327073" lon="-1.778365">
        <ele>20.614</ele>
        <time>2021-08-08T08:13:08Z</time>
      </trkpt>
      <trkpt lat="43.327124" lon="-1.778342">
        <ele>19.508</ele>
        <time>2021-08-08T08:13:12Z</time>
      </trkpt>
      <trkpt lat="43.327168" lon="-1.778326">
        <ele>18.830</ele>
        <time>2021-08-08T08:13:16Z</time>
      </trkpt>
      <trkpt lat="43.327220" lon="-1.778312">
        <ele>18.072</ele>
        <time>2021-08-08T08:13:19Z</time>
      </trkpt>
      <trkpt lat="43.327267" lon="-1.778315">
        <ele>17.885</ele>
        <time>2021-08-08T08:13:22Z</time>
      </trkpt>
      <trkpt lat="43.327314" lon="-1.778334">
        <ele>17.775</ele>
        <time>2021-08-08T08:13:25Z</time>
      </trkpt>
      <trkpt lat="43.327358" lon="-1.778346">
        <ele>17.660</ele>
        <time>2021-08-08T08:13:28Z</time>
      </trkpt>
      <trkpt lat="43.327412" lon="-1.778363">
        <ele>17.489</ele>
        <time>2021-08-08T08:13:32Z</time>
      </trkpt>
      <trkpt lat="43.327456" lon="-1.778384">
        <ele>17.311</ele>
        <time>2021-08-08T08:13:35Z</time>
      </trkpt>
      <trkpt lat="43.327509" lon="-1.778377">
        <ele>17.252</ele>
        <time>2021-08-08T08:13:39Z</time>
      </trkpt>
      <trkpt lat="43.327554" lon="-1.778359">
        <ele>17.178</ele>
        <time>2021-08-08T08:13:42Z</time>
      </trkpt>
      <trkpt lat="43.327604" lon="-1.778339">
        <ele>17.033</ele>
        <time>2021-08-08T08:13:46Z</time>
      </trkpt>
      <trkpt lat="43.327652" lon="-1.778299">
        <ele>17.026</ele>
        <time>2021-08-08T08:13:50Z</time>
      </trkpt>
      <trkpt lat="43.327700" lon="-1.778297">
        <ele>17.008</ele>
        <time>2021-08-08T08:13:56Z</time>
      </trkpt>
      <trkpt lat="43.327755" lon="-1.778302">
        <ele>17.065</ele>
        <time>2021-08-08T08:14:00Z</time>
      </trkpt>
      <trkpt lat="43.327808" lon="-1.778297">
        <ele>16.967</ele>
        <time>2021-08-08T08:14:04Z</time>
      </trkpt>
      <trkpt lat="43.327856" lon="-1.778272">
        <ele>16.770</ele>
        <time>2021-08-08T08:14:08Z</time>
      </trkpt>
      <trkpt lat="43.327908" lon="-1.778255">
        <ele>16.580</ele>
        <time>2021-08-08T08:14:11Z</time>
      </trkpt>
      <trkpt lat="43.327952" lon="-1.778237">
        <ele>16.415</ele>
        <time>2021-08-08T08:14:14Z</time>
      </trkpt>
      <trkpt lat="43.328004" lon="-1.778209">
        <ele>16.234</ele>
        <time>2021-08-08T08:14:17Z</time>
      </trkpt>
      <trkpt lat="43.328050" lon="-1.778202">
        <ele>16.076</ele>
        <time>2021-08-08T08:14:22Z</time>
      </trkpt>
      <trkpt lat="43.328094" lon="-1.778170">
        <ele>15.967</ele>
        <time>2021-08-08T08:14:25Z</time>
      </trkpt>
      <trkpt lat="43.328131" lon="-1.778134">
        <ele>15.944</ele>
        <time>2021-08-08T08:14:28Z</time>
      </trkpt>
      <trkpt lat="43.328177" lon="-1.778106">
        <ele>15.905</ele>
        <time>2021-08-08T08:14:33Z</time>
      </trkpt>
      <trkpt lat="43.328207" lon="-1.778053">
        <ele>16.015</ele>
        <time>2021-08-08T08:14:37Z</time>
      </trkpt>
      <trkpt lat="43.328258" lon="-1.778035">
        <ele>15.908</ele>
        <time>2021-08-08T08:14:41Z</time>
      </trkpt>
      <trkpt lat="43.328306" lon="-1.778017">
        <ele>15.992</ele>
        <time>2021-08-08T08:14:45Z</time>
      </trkpt>
      <trkpt lat="43.328353" lon="-1.777998">
        <ele>15.784</ele>
        <time>2021-08-08T08:14:51Z</time>
      </trkpt>
      <trkpt lat="43.328398" lon="-1.778009">
        <ele>15.677</ele>
        <time>2021-08-08T08:14:54Z</time>
      </trkpt>
      <trkpt lat="43.328452" lon="-1.778011">
        <ele>15.547</ele>
        <time>2021-08-08T08:14:58Z</time>
      </trkpt>
      <trkpt lat="43.328496" lon="-1.777972">
        <ele>15.392</ele>
        <time>2021-08-08T08:15:01Z</time>
      </trkpt>
      <trkpt lat="43.328541" lon="-1.777944">
        <ele>15.271</ele>
        <time>2021-08-08T08:15:05Z</time>
      </trkpt>
      <trkpt lat="43.328588" lon="-1.777919">
        <ele>15.023</ele>
        <time>2021-08-08T08:15:09Z</time>
      </trkpt>
      <trkpt lat="43.328641" lon="-1.777896">
        <ele>15.044</ele>
        <time>2021-08-08T08:15:15Z</time>
      </trkpt>
      <trkpt lat="43.328689" lon="-1.777900">
        <ele>14.912</ele>
        <time>2021-08-08T08:15:19Z</time>
      </trkpt>
      <trkpt lat="43.328737" lon="-1.777892">
        <ele>14.832</ele>
        <time>2021-08-08T08:15:22Z</time>
      </trkpt>
      <trkpt lat="43.328786" lon="-1.777888">
        <ele>14.805</ele>
        <time>2021-08-08T08:15:27Z</time>
      </trkpt>
      <trkpt lat="43.328846" lon="-1.777887">
        <ele>14.708</ele>
        <time>2021-08-08T08:15:31Z</time>
      </trkpt>
      <trkpt lat="43.328891" lon="-1.777868">
        <ele>14.739</ele>
        <time>2021-08-08T08:15:35Z</time>
      </trkpt>
      <trkpt lat="43.328936" lon="-1.777835">
        <ele>14.791</ele>
        <time>2021-08-08T08:15:38Z</time>
      </trkpt>
      <trkpt lat="43.328988" lon="-1.777787">
        <ele>14.624</ele>
        <time>2021-08-08T08:15:41Z</time>
      </trkpt>
      <trkpt lat="43.329031" lon="-1.777762">
        <ele>14.594</ele>
        <time>2021-08-08T08:15:46Z</time>
      </trkpt>
      <trkpt lat="43.329078" lon="-1.777740">
        <ele>14.349</ele>
        <time>2021-08-08T08:15:50Z</time>
      </trkpt>
      <trkpt lat="43.329120" lon="-1.777708">
        <ele>14.218</ele>
        <time>2021-08-08T08:15:56Z</time>
      </trkpt>
      <trkpt lat="43.329161" lon="-1.777676">
        <ele>14.040</ele>
        <time>2021-08-08T08:16:00Z</time>
      </trkpt>
      <trkpt lat="43.329214" lon="-1.777642">
        <ele>13.941</ele>
        <time>2021-08-08T08:16:05Z</time>
      </trkpt>
      <trkpt lat="43.329257" lon="-1.777622">
        <ele>13.927</ele>
        <time>2021-08-08T08:16:09Z</time>
      </trkpt>
      <trkpt lat="43.329308" lon="-1.777602">
        <ele>13.868</ele>
        <time>2021-08-08T08:16:12Z</time>
      </trkpt>
      <trkpt lat="43.329352" lon="-1.777579">
        <ele>13.814</ele>
        <time>2021-08-08T08:16:15Z</time>
      </trkpt>
      <trkpt lat="43.329400" lon="-1.777561">
        <ele>13.808</ele>
        <time>2021-08-08T08:16:19Z</time>
      </trkpt>
      <trkpt lat="43.329441" lon="-1.777528">
        <ele>13.980</ele>
        <time>2021-08-08T08:16:24Z</time>
      </trkpt>
      <trkpt lat="43.329485" lon="-1.777514">
        <ele>13.842</ele>
        <time>2021-08-08T08:16:28Z</time>
      </trkpt>
      <trkpt lat="43.329528" lon="-1.777493">
        <ele>13.725</ele>
        <time>2021-08-08T08:16:31Z</time>
      </trkpt>
      <trkpt lat="43.329571" lon="-1.777470">
        <ele>13.645</ele>
        <time>2021-08-08T08:16:35Z</time>
      </trkpt>
      <trkpt lat="43.329619" lon="-1.777455">
        <ele>13.530</ele>
        <time>2021-08-08T08:16:40Z</time>
      </trkpt>
      <trkpt lat="43.329667" lon="-1.777443">
        <ele>13.459</ele>
        <time>2021-08-08T08:16:43Z</time>
      </trkpt>
      <trkpt lat="43.329717" lon="-1.777430">
        <ele>13.361</ele>
        <time>2021-08-08T08:16:47Z</time>
      </trkpt>
      <trkpt lat="43.329768" lon="-1.777426">
        <ele>13.272</ele>
        <time>2021-08-08T08:16:50Z</time>
      </trkpt>
      <trkpt lat="43.329813" lon="-1.777411">
        <ele>13.224</ele>
        <time>2021-08-08T08:16:53Z</time>
      </trkpt>
      <trkpt lat="43.329867" lon="-1.777388">
        <ele>13.204</ele>
        <time>2021-08-08T08:16:57Z</time>
      </trkpt>
      <trkpt lat="43.329917" lon="-1.777374">
        <ele>13.114</ele>
        <time>2021-08-08T08:17:00Z</time>
      </trkpt>
      <trkpt lat="43.329965" lon="-1.777368">
        <ele>13.108</ele>
        <time>2021-08-08T08:17:04Z</time>
      </trkpt>
      <trkpt lat="43.330010" lon="-1.777356">
        <ele>13.050</ele>
        <time>2021-08-08T08:17:07Z</time>
      </trkpt>
      <trkpt lat="43.330054" lon="-1.777332">
        <ele>12.952</ele>
        <time>2021-08-08T08:17:11Z</time>
      </trkpt>
      <trkpt lat="43.330096" lon="-1.777300">
        <ele>12.965</ele>
        <time>2021-08-08T08:17:17Z</time>
      </trkpt>
      <trkpt lat="43.330138" lon="-1.777268">
        <ele>12.965</ele>
        <time>2021-08-08T08:17:21Z</time>
      </trkpt>
      <trkpt lat="43.330184" lon="-1.777247">
        <ele>12.930</ele>
        <time>2021-08-08T08:17:25Z</time>
      </trkpt>
      <trkpt lat="43.330241" lon="-1.777242">
        <ele>12.979</ele>
        <time>2021-08-08T08:17:29Z</time>
      </trkpt>
      <trkpt lat="43.330290" lon="-1.777238">
        <ele>12.921</ele>
        <time>2021-08-08T08:17:32Z</time>
      </trkpt>
      <trkpt lat="43.330339" lon="-1.777231">
        <ele>12.862</ele>
        <time>2021-08-08T08:17:35Z</time>
      </trkpt>
      <trkpt lat="43.330384" lon="-1.777221">
        <ele>12.678</ele>
        <time>2021-08-08T08:17:38Z</time>
      </trkpt>
      <trkpt lat="43.330437" lon="-1.777213">
        <ele>12.433</ele>
        <time>2021-08-08T08:17:42Z</time>
      </trkpt>
      <trkpt lat="43.330489" lon="-1.777217">
        <ele>12.226</ele>
        <time>2021-08-08T08:17:45Z</time>
      </trkpt>
      <trkpt lat="43.330541" lon="-1.777258">
        <ele>12.008</ele>
        <time>2021-08-08T08:17:49Z</time>
      </trkpt>
      <trkpt lat="43.330583" lon="-1.777306">
        <ele>12.065</ele>
        <time>2021-08-08T08:17:53Z</time>
      </trkpt>
      <trkpt lat="43.330632" lon="-1.777320">
        <ele>11.997</ele>
        <time>2021-08-08T08:17:57Z</time>
      </trkpt>
      <trkpt lat="43.330681" lon="-1.777319">
        <ele>11.880</ele>
        <time>2021-08-08T08:18:00Z</time>
      </trkpt>
      <trkpt lat="43.330729" lon="-1.777337">
        <ele>11.730</ele>
        <time>2021-08-08T08:18:04Z</time>
      </trkpt>
      <trkpt lat="43.330778" lon="-1.777356">
        <ele>11.615</ele>
        <time>2021-08-08T08:18:08Z</time>
      </trkpt>
      <trkpt lat="43.330833" lon="-1.777364">
        <ele>11.534</ele>
        <time>2021-08-08T08:18:12Z</time>
      </trkpt>
      <trkpt lat="43.330882" lon="-1.777384">
        <ele>11.676</ele>
        <time>2021-08-08T08:18:16Z</time>
      </trkpt>
      <trkpt lat="43.330926" lon="-1.777404">
        <ele>11.747</ele>
        <time>2021-08-08T08:18:19Z</time>
      </trkpt>
      <trkpt lat="43.330972" lon="-1.777425">
        <ele>11.896</ele>
        <time>2021-08-08T08:18:23Z</time>
      </trkpt>
      <trkpt lat="43.331022" lon="-1.777445">
        <ele>11.931</ele>
        <time>2021-08-08T08:18:26Z</time>
      </trkpt>
      <trkpt lat="43.331062" lon="-1.777476">
        <ele>11.924</ele>
        <time>2021-08-08T08:18:30Z</time>
      </trkpt>
      <trkpt lat="43.331112" lon="-1.777499">
        <ele>12.008</ele>
        <time>2021-08-08T08:18:34Z</time>
      </trkpt>
      <trkpt lat="43.331157" lon="-1.777509">
        <ele>12.037</ele>
        <time>2021-08-08T08:18:37Z</time>
      </trkpt>
      <trkpt lat="43.331197" lon="-1.777540">
        <ele>11.919</ele>
        <time>2021-08-08T08:18:41Z</time>
      </trkpt>
      <trkpt lat="43.331240" lon="-1.777572">
        <ele>11.732</ele>
        <time>2021-08-08T08:18:45Z</time>
      </trkpt>
      <trkpt lat="43.331288" lon="-1.777577">
        <ele>11.742</ele>
        <time>2021-08-08T08:18:50Z</time>
      </trkpt>
      <trkpt lat="43.331337" lon="-1.777598">
        <ele>11.617</ele>
        <time>2021-08-08T08:18:53Z</time>
      </trkpt>
      <trkpt lat="43.331389" lon="-1.777627">
        <ele>11.586</ele>
        <time>2021-08-08T08:18:57Z</time>
      </trkpt>
      <trkpt lat="43.331436" lon="-1.777638">
        <ele>11.478</ele>
        <time>2021-08-08T08:19:01Z</time>
      </trkpt>
      <trkpt lat="43.331481" lon="-1.777640">
        <ele>11.339</ele>
        <time>2021-08-08T08:19:04Z</time>
      </trkpt>
      <trkpt lat="43.331529" lon="-1.777629">
        <ele>11.374</ele>
        <time>2021-08-08T08:19:08Z</time>
      </trkpt>
      <trkpt lat="43.331576" lon="-1.777644">
        <ele>11.256</ele>
        <time>2021-08-08T08:19:15Z</time>
      </trkpt>
      <trkpt lat="43.331623" lon="-1.777667">
        <ele>11.121</ele>
        <time>2021-08-08T08:19:20Z</time>
      </trkpt>
      <trkpt lat="43.331673" lon="-1.777666">
        <ele>11.008</ele>
        <time>2021-08-08T08:19:23Z</time>
      </trkpt>
      <trkpt lat="43.331723" lon="-1.777667">
        <ele>11.055</ele>
        <time>2021-08-08T08:19:26Z</time>
      </trkpt>
      <trkpt lat="43.331765" lon="-1.777641">
        <ele>11.017</ele>
        <time>2021-08-08T08:19:29Z</time>
      </trkpt>
      <trkpt lat="43.331780" lon="-1.777581">
        <ele>11.070</ele>
        <time>2021-08-08T08:19:37Z</time>
      </trkpt>
      <trkpt lat="43.331900" lon="-1.777483">
        <ele>11.080</ele>
        <time>2021-08-08T08:19:42Z</time>
      </trkpt>
      <trkpt lat="43.331997" lon="-1.777399">
        <ele>10.865</ele>
        <time>2021-08-08T08:19:44Z</time>
      </trkpt>
      <trkpt lat="43.331932" lon="-1.777455">
        <ele>11.014</ele>
        <time>2021-08-08T08:19:45Z</time>
      </trkpt>
      <trkpt lat="43.331971" lon="-1.777407">
        <ele>10.916</ele>
        <time>2021-08-08T08:19:49Z</time>
      </trkpt>
      <trkpt lat="43.331949" lon="-1.777349">
        <ele>11.037</ele>
        <time>2021-08-08T08:19:52Z</time>
      </trkpt>
      <trkpt lat="43.331904" lon="-1.777326">
        <ele>11.189</ele>
        <time>2021-08-08T08:19:54Z</time>
      </trkpt>
      <trkpt lat="43.331867" lon="-1.777367">
        <ele>11.106</ele>
        <time>2021-08-08T08:19:57Z</time>
      </trkpt>
      <trkpt lat="43.331872" lon="-1.777304">
        <ele>11.226</ele>
        <time>2021-08-08T08:20:05Z</time>
      </trkpt>
      <trkpt lat="43.331905" lon="-1.777234">
        <ele>11.108</ele>
        <time>2021-08-08T08:20:13Z</time>
      </trkpt>
      <trkpt lat="43.331933" lon="-1.777179">
        <ele>11.546</ele>
        <time>2021-08-08T08:20:14Z</time>
      </trkpt>
      <trkpt lat="43.331961" lon="-1.777127">
        <ele>12.148</ele>
        <time>2021-08-08T08:20:16Z</time>
      </trkpt>
      <trkpt lat="43.331993" lon="-1.777072">
        <ele>12.931</ele>
        <time>2021-08-08T08:20:17Z</time>
      </trkpt>
      <trkpt lat="43.332029" lon="-1.777029">
        <ele>13.731</ele>
        <time>2021-08-08T08:20:19Z</time>
      </trkpt>
      <trkpt lat="43.332076" lon="-1.777007">
        <ele>14.426</ele>
        <time>2021-08-08T08:20:21Z</time>
      </trkpt>
      <trkpt lat="43.332129" lon="-1.777013">
        <ele>14.835</ele>
        <time>2021-08-08T08:20:26Z</time>
      </trkpt>
      <trkpt lat="43.332180" lon="-1.776897">
        <ele>18.517</ele>
        <time>2021-08-08T08:20:29Z</time>
      </trkpt>
      <trkpt lat="43.332180" lon="-1.776897">
        <ele>18.558</ele>
        <time>2021-08-08T08:20:29Z</time>
      </trkpt>
      <trkpt lat="43.332135" lon="-1.776879">
        <ele>18.766</ele>
        <time>2021-08-08T08:20:33Z</time>
      </trkpt>
      <trkpt lat="43.332183" lon="-1.776898">
        <ele>18.529</ele>
        <time>2021-08-08T08:20:35Z</time>
      </trkpt>
      <trkpt lat="43.332219" lon="-1.776962">
        <ele>16.621</ele>
        <time>2021-08-08T08:20:37Z</time>
      </trkpt>
      <trkpt lat="43.332257" lon="-1.777000">
        <ele>16.308</ele>
        <time>2021-08-08T08:20:43Z</time>
      </trkpt>
      <trkpt lat="43.332263" lon="-1.777067">
        <ele>14.824</ele>
        <time>2021-08-08T08:20:47Z</time>
      </trkpt>
      <trkpt lat="43.332279" lon="-1.777128">
        <ele>13.516</ele>
        <time>2021-08-08T08:20:51Z</time>
      </trkpt>
      <trkpt lat="43.332324" lon="-1.777136">
        <ele>13.759</ele>
        <time>2021-08-08T08:20:54Z</time>
      </trkpt>
      <trkpt lat="43.332373" lon="-1.777120">
        <ele>14.619</ele>
        <time>2021-08-08T08:20:56Z</time>
      </trkpt>
      <trkpt lat="43.332427" lon="-1.777092">
        <ele>15.944</ele>
        <time>2021-08-08T08:20:58Z</time>
      </trkpt>
      <trkpt lat="43.332473" lon="-1.777079">
        <ele>16.993</ele>
        <time>2021-08-08T08:21:01Z</time>
      </trkpt>
      <trkpt lat="43.332509" lon="-1.777120">
        <ele>15.715</ele>
        <time>2021-08-08T08:21:04Z</time>
      </trkpt>
      <trkpt lat="43.332551" lon="-1.777159">
        <ele>14.386</ele>
        <time>2021-08-08T08:21:09Z</time>
      </trkpt>
      <trkpt lat="43.332603" lon="-1.777190">
        <ele>13.474</ele>
        <time>2021-08-08T08:21:15Z</time>
      </trkpt>
      <trkpt lat="43.332640" lon="-1.777229">
        <ele>12.456</ele>
        <time>2021-08-08T08:21:19Z</time>
      </trkpt>
      <trkpt lat="43.332688" lon="-1.777233">
        <ele>12.521</ele>
        <time>2021-08-08T08:21:25Z</time>
      </trkpt>
      <trkpt lat="43.332733" lon="-1.777241">
        <ele>12.608</ele>
        <time>2021-08-08T08:21:29Z</time>
      </trkpt>
      <trkpt lat="43.332775" lon="-1.777265">
        <ele>12.495</ele>
        <time>2021-08-08T08:21:32Z</time>
      </trkpt>
      <trkpt lat="43.332823" lon="-1.777291">
        <ele>11.727</ele>
        <time>2021-08-08T08:21:36Z</time>
      </trkpt>
      <trkpt lat="43.332872" lon="-1.777277">
        <ele>11.660</ele>
        <time>2021-08-08T08:21:39Z</time>
      </trkpt>
      <trkpt lat="43.332912" lon="-1.777246">
        <ele>11.790</ele>
        <time>2021-08-08T08:21:40Z</time>
      </trkpt>
      <trkpt lat="43.332969" lon="-1.777234">
        <ele>11.585</ele>
        <time>2021-08-08T08:21:46Z</time>
      </trkpt>
      <trkpt lat="43.333020" lon="-1.777237">
        <ele>11.154</ele>
        <time>2021-08-08T08:21:49Z</time>
      </trkpt>
      <trkpt lat="43.333072" lon="-1.777230">
        <ele>11.066</ele>
        <time>2021-08-08T08:21:52Z</time>
      </trkpt>
      <trkpt lat="43.333122" lon="-1.777215">
        <ele>11.377</ele>
        <time>2021-08-08T08:21:54Z</time>
      </trkpt>
      <trkpt lat="43.333171" lon="-1.777208">
        <ele>11.691</ele>
        <time>2021-08-08T08:21:57Z</time>
      </trkpt>
      <trkpt lat="43.333218" lon="-1.777211">
        <ele>11.781</ele>
        <time>2021-08-08T08:22:01Z</time>
      </trkpt>
      <trkpt lat="43.333275" lon="-1.777127">
        <ele>12.819</ele>
        <time>2021-08-08T08:22:19Z</time>
      </trkpt>
      <trkpt lat="43.333550" lon="-1.776867">
        <ele>20.308</ele>
        <time>2021-08-08T08:22:21Z</time>
      </trkpt>
      <trkpt lat="43.333734" lon="-1.776847">
        <ele>20.047</ele>
        <time>2021-08-08T08:22:23Z</time>
      </trkpt>
      <trkpt lat="43.333736" lon="-1.776923">
        <ele>18.589</ele>
        <time>2021-08-08T08:22:27Z</time>
      </trkpt>
      <trkpt lat="43.333670" lon="-1.777015">
        <ele>17.282</ele>
        <time>2021-08-08T08:22:29Z</time>
      </trkpt>
      <trkpt lat="43.333616" lon="-1.777057">
        <ele>16.692</ele>
        <time>2021-08-08T08:22:30Z</time>
      </trkpt>
      <trkpt lat="43.333541" lon="-1.777092">
        <ele>15.277</ele>
        <time>2021-08-08T08:22:32Z</time>
      </trkpt>
      <trkpt lat="43.333493" lon="-1.777082">
        <ele>15.056</ele>
        <time>2021-08-08T08:22:44Z</time>
      </trkpt>
      <trkpt lat="43.333456" lon="-1.777044">
        <ele>15.248</ele>
        <time>2021-08-08T08:22:52Z</time>
      </trkpt>
      <trkpt lat="43.333414" lon="-1.777002">
        <ele>15.499</ele>
        <time>2021-08-08T08:22:58Z</time>
      </trkpt>
      <trkpt lat="43.333356" lon="-1.776970">
        <ele>15.062</ele>
        <time>2021-08-08T08:23:02Z</time>
      </trkpt>
      <trkpt lat="43.333312" lon="-1.776947">
        <ele>14.983</ele>
        <time>2021-08-08T08:23:04Z</time>
      </trkpt>
      <trkpt lat="43.333277" lon="-1.776896">
        <ele>16.011</ele>
        <time>2021-08-08T08:23:07Z</time>
      </trkpt>
      <trkpt lat="43.333245" lon="-1.776840">
        <ele>17.208</ele>
        <time>2021-08-08T08:23:25Z</time>
      </trkpt>
      <trkpt lat="43.333237" lon="-1.776761">
        <ele>19.014</ele>
        <time>2021-08-08T08:23:26Z</time>
      </trkpt>
      <trkpt lat="43.333219" lon="-1.776687">
        <ele>20.786</ele>
        <time>2021-08-08T08:23:28Z</time>
      </trkpt>
      <trkpt lat="43.333195" lon="-1.776608">
        <ele>22.829</ele>
        <time>2021-08-08T08:23:29Z</time>
      </trkpt>
      <trkpt lat="43.333168" lon="-1.776551">
        <ele>24.379</ele>
        <time>2021-08-08T08:23:32Z</time>
      </trkpt>
      <trkpt lat="43.333139" lon="-1.776476">
        <ele>26.384</ele>
        <time>2021-08-08T08:24:00Z</time>
      </trkpt>
      <trkpt lat="43.333106" lon="-1.776417">
        <ele>27.773</ele>
        <time>2021-08-08T08:24:05Z</time>
      </trkpt>
      <trkpt lat="43.333080" lon="-1.776350">
        <ele>29.735</ele>
        <time>2021-08-08T08:24:14Z</time>
      </trkpt>
      <trkpt lat="43.333051" lon="-1.776262">
        <ele>32.676</ele>
        <time>2021-08-08T08:24:16Z</time>
      </trkpt>
      <trkpt lat="43.333029" lon="-1.776196">
        <ele>34.959</ele>
        <time>2021-08-08T08:24:18Z</time>
      </trkpt>
      <trkpt lat="43.333010" lon="-1.776138">
        <ele>36.803</ele>
        <time>2021-08-08T08:24:19Z</time>
      </trkpt>
      <trkpt lat="43.332984" lon="-1.776075">
        <ele>38.423</ele>
        <time>2021-08-08T08:24:21Z</time>
      </trkpt>
      <trkpt lat="43.332941" lon="-1.776044">
        <ele>38.808</ele>
        <time>2021-08-08T08:24:36Z</time>
      </trkpt>
      <trkpt lat="43.332892" lon="-1.776024">
        <ele>38.813</ele>
        <time>2021-08-08T08:24:39Z</time>
      </trkpt>
      <trkpt lat="43.332847" lon="-1.776015">
        <ele>38.725</ele>
        <time>2021-08-08T08:24:43Z</time>
      </trkpt>
      <trkpt lat="43.332811" lon="-1.775945">
        <ele>39.958</ele>
        <time>2021-08-08T08:24:54Z</time>
      </trkpt>
      <trkpt lat="43.332799" lon="-1.775878">
        <ele>41.318</ele>
        <time>2021-08-08T08:24:59Z</time>
      </trkpt>
      <trkpt lat="43.332817" lon="-1.775807">
        <ele>43.253</ele>
        <time>2021-08-08T08:25:09Z</time>
      </trkpt>
      <trkpt lat="43.332840" lon="-1.775750">
        <ele>45.042</ele>
        <time>2021-08-08T08:25:13Z</time>
      </trkpt>
      <trkpt lat="43.332883" lon="-1.775713">
        <ele>46.444</ele>
        <time>2021-08-08T08:25:22Z</time>
      </trkpt>
      <trkpt lat="43.332938" lon="-1.775687">
        <ele>47.665</ele>
        <time>2021-08-08T08:25:25Z</time>
      </trkpt>
      <trkpt lat="43.332988" lon="-1.775680">
        <ele>48.346</ele>
        <time>2021-08-08T08:25:28Z</time>
      </trkpt>
      <trkpt lat="43.333039" lon="-1.775691">
        <ele>48.488</ele>
        <time>2021-08-08T08:25:31Z</time>
      </trkpt>
      <trkpt lat="43.333094" lon="-1.775717">
        <ele>48.116</ele>
        <time>2021-08-08T08:25:35Z</time>
      </trkpt>
      <trkpt lat="43.333139" lon="-1.775753">
        <ele>47.308</ele>
        <time>2021-08-08T08:25:41Z</time>
      </trkpt>
      <trkpt lat="43.333185" lon="-1.775763">
        <ele>47.232</ele>
        <time>2021-08-08T08:25:46Z</time>
      </trkpt>
      <trkpt lat="43.333237" lon="-1.775764">
        <ele>47.464</ele>
        <time>2021-08-08T08:25:51Z</time>
      </trkpt>
      <trkpt lat="43.333286" lon="-1.775772">
        <ele>47.437</ele>
        <time>2021-08-08T08:25:58Z</time>
      </trkpt>
      <trkpt lat="43.333332" lon="-1.775778">
        <ele>47.487</ele>
        <time>2021-08-08T08:26:00Z</time>
      </trkpt>
      <trkpt lat="43.333378" lon="-1.775767">
        <ele>47.632</ele>
        <time>2021-08-08T08:26:03Z</time>
      </trkpt>
      <trkpt lat="43.333429" lon="-1.775754">
        <ele>47.811</ele>
        <time>2021-08-08T08:26:06Z</time>
      </trkpt>
      <trkpt lat="43.333477" lon="-1.775729">
        <ele>48.213</ele>
        <time>2021-08-08T08:26:10Z</time>
      </trkpt>
      <trkpt lat="43.333523" lon="-1.775706">
        <ele>48.634</ele>
        <time>2021-08-08T08:26:13Z</time>
      </trkpt>
      <trkpt lat="43.333572" lon="-1.775680">
        <ele>48.941</ele>
        <time>2021-08-08T08:26:17Z</time>
      </trkpt>
      <trkpt lat="43.333623" lon="-1.775673">
        <ele>48.781</ele>
        <time>2021-08-08T08:26:20Z</time>
      </trkpt>
      <trkpt lat="43.333668" lon="-1.775661">
        <ele>48.309</ele>
        <time>2021-08-08T08:26:24Z</time>
      </trkpt>
      <trkpt lat="43.333710" lon="-1.775635">
        <ele>48.308</ele>
        <time>2021-08-08T08:26:28Z</time>
      </trkpt>
      <trkpt lat="43.333750" lon="-1.775593">
        <ele>49.062</ele>
        <time>2021-08-08T08:26:32Z</time>
      </trkpt>
      <trkpt lat="43.333779" lon="-1.775535">
        <ele>50.014</ele>
        <time>2021-08-08T08:26:35Z</time>
      </trkpt>
      <trkpt lat="43.333803" lon="-1.775470">
        <ele>50.497</ele>
        <time>2021-08-08T08:26:47Z</time>
      </trkpt>
      <trkpt lat="43.333821" lon="-1.775412">
        <ele>50.867</ele>
        <time>2021-08-08T08:26:49Z</time>
      </trkpt>
      <trkpt lat="43.333794" lon="-1.775283">
        <ele>52.332</ele>
        <time>2021-08-08T08:26:51Z</time>
      </trkpt>
      <trkpt lat="43.333846" lon="-1.775212">
        <ele>52.131</ele>
        <time>2021-08-08T08:26:53Z</time>
      </trkpt>
      <trkpt lat="43.333899" lon="-1.775173">
        <ele>51.643</ele>
        <time>2021-08-08T08:26:56Z</time>
      </trkpt>
      <trkpt lat="43.333907" lon="-1.775096">
        <ele>51.954</ele>
        <time>2021-08-08T08:26:59Z</time>
      </trkpt>
      <trkpt lat="43.333862" lon="-1.775063">
        <ele>52.915</ele>
        <time>2021-08-08T08:27:00Z</time>
      </trkpt>
      <trkpt lat="43.333791" lon="-1.775044">
        <ele>53.865</ele>
        <time>2021-08-08T08:27:02Z</time>
      </trkpt>
      <trkpt lat="43.333761" lon="-1.775093">
        <ele>53.911</ele>
        <time>2021-08-08T08:27:05Z</time>
      </trkpt>
      <trkpt lat="43.333735" lon="-1.775036">
        <ele>54.508</ele>
        <time>2021-08-08T08:27:18Z</time>
      </trkpt>
      <trkpt lat="43.333712" lon="-1.774979">
        <ele>55.099</ele>
        <time>2021-08-08T08:27:21Z</time>
      </trkpt>
      <trkpt lat="43.333690" lon="-1.774902">
        <ele>55.741</ele>
        <time>2021-08-08T08:27:23Z</time>
      </trkpt>
      <trkpt lat="43.333660" lon="-1.774846">
        <ele>56.454</ele>
        <time>2021-08-08T08:27:25Z</time>
      </trkpt>
      <trkpt lat="43.333625" lon="-1.774802">
        <ele>57.284</ele>
        <time>2021-08-08T08:27:28Z</time>
      </trkpt>
      <trkpt lat="43.333589" lon="-1.774759">
        <ele>58.069</ele>
        <time>2021-08-08T08:27:30Z</time>
      </trkpt>
      <trkpt lat="43.333558" lon="-1.774711">
        <ele>58.728</ele>
        <time>2021-08-08T08:27:35Z</time>
      </trkpt>
      <trkpt lat="43.333517" lon="-1.774682">
        <ele>59.450</ele>
        <time>2021-08-08T08:27:39Z</time>
      </trkpt>
      <trkpt lat="43.333427" lon="-1.774570">
        <ele>61.451</ele>
        <time>2021-08-08T08:27:51Z</time>
      </trkpt>
      <trkpt lat="43.333380" lon="-1.774567">
        <ele>62.194</ele>
        <time>2021-08-08T08:27:58Z</time>
      </trkpt>
      <trkpt lat="43.333435" lon="-1.774572">
        <ele>61.357</ele>
        <time>2021-08-08T08:28:00Z</time>
      </trkpt>
      <trkpt lat="43.333481" lon="-1.774546">
        <ele>61.022</ele>
        <time>2021-08-08T08:28:02Z</time>
      </trkpt>
      <trkpt lat="43.333454" lon="-1.774484">
        <ele>61.908</ele>
        <time>2021-08-08T08:28:05Z</time>
      </trkpt>
      <trkpt lat="43.333421" lon="-1.774438">
        <ele>62.837</ele>
        <time>2021-08-08T08:28:12Z</time>
      </trkpt>
      <trkpt lat="43.333375" lon="-1.774422">
        <ele>63.899</ele>
        <time>2021-08-08T08:28:16Z</time>
      </trkpt>
      <trkpt lat="43.333313" lon="-1.774416">
        <ele>65.052</ele>
        <time>2021-08-08T08:28:18Z</time>
      </trkpt>
      <trkpt lat="43.333276" lon="-1.774373">
        <ele>66.642</ele>
        <time>2021-08-08T08:28:25Z</time>
      </trkpt>
      <trkpt lat="43.333247" lon="-1.774320">
        <ele>68.067</ele>
        <time>2021-08-08T08:28:31Z</time>
      </trkpt>
      <trkpt lat="43.333212" lon="-1.774262">
        <ele>69.556</ele>
        <time>2021-08-08T08:28:35Z</time>
      </trkpt>
      <trkpt lat="43.333172" lon="-1.774190">
        <ele>71.088</ele>
        <time>2021-08-08T08:28:55Z</time>
      </trkpt>
      <trkpt lat="43.333139" lon="-1.774146">
        <ele>72.199</ele>
        <time>2021-08-08T08:29:04Z</time>
      </trkpt>
      <trkpt lat="43.333104" lon="-1.774107">
        <ele>73.357</ele>
        <time>2021-08-08T08:29:08Z</time>
      </trkpt>
      <trkpt lat="43.333070" lon="-1.774061">
        <ele>74.700</ele>
        <time>2021-08-08T08:29:12Z</time>
      </trkpt>
      <trkpt lat="43.333039" lon="-1.774015">
        <ele>76.020</ele>
        <time>2021-08-08T08:29:20Z</time>
      </trkpt>
      <trkpt lat="43.332991" lon="-1.773974">
        <ele>77.508</ele>
        <time>2021-08-08T08:29:23Z</time>
      </trkpt>
      <trkpt lat="43.332947" lon="-1.773954">
        <ele>78.553</ele>
        <time>2021-08-08T08:29:28Z</time>
      </trkpt>
      <trkpt lat="43.332908" lon="-1.773923">
        <ele>79.675</ele>
        <time>2021-08-08T08:29:37Z</time>
      </trkpt>
      <trkpt lat="43.332861" lon="-1.773870">
        <ele>81.028</ele>
        <time>2021-08-08T08:29:39Z</time>
      </trkpt>
      <trkpt lat="43.332829" lon="-1.773826">
        <ele>82.028</ele>
        <time>2021-08-08T08:29:42Z</time>
      </trkpt>
      <trkpt lat="43.332796" lon="-1.773771">
        <ele>83.023</ele>
        <time>2021-08-08T08:29:45Z</time>
      </trkpt>
      <trkpt lat="43.332773" lon="-1.773711">
        <ele>84.062</ele>
        <time>2021-08-08T08:29:50Z</time>
      </trkpt>
      <trkpt lat="43.332750" lon="-1.773650">
        <ele>84.974</ele>
        <time>2021-08-08T08:30:03Z</time>
      </trkpt>
      <trkpt lat="43.332717" lon="-1.773594">
        <ele>86.015</ele>
        <time>2021-08-08T08:30:06Z</time>
      </trkpt>
      <trkpt lat="43.332689" lon="-1.773539">
        <ele>87.268</ele>
        <time>2021-08-08T08:30:16Z</time>
      </trkpt>
      <trkpt lat="43.332664" lon="-1.773481">
        <ele>88.442</ele>
        <time>2021-08-08T08:30:19Z</time>
      </trkpt>
      <trkpt lat="43.332637" lon="-1.773431">
        <ele>89.426</ele>
        <time>2021-08-08T08:30:29Z</time>
      </trkpt>
      <trkpt lat="43.332596" lon="-1.773376">
        <ele>90.608</ele>
        <time>2021-08-08T08:30:35Z</time>
      </trkpt>
      <trkpt lat="43.332570" lon="-1.773322">
        <ele>91.624</ele>
        <time>2021-08-08T08:30:41Z</time>
      </trkpt>
      <trkpt lat="43.332561" lon="-1.773256">
        <ele>92.526</ele>
        <time>2021-08-08T08:30:45Z</time>
      </trkpt>
      <trkpt lat="43.332581" lon="-1.773199">
        <ele>93.039</ele>
        <time>2021-08-08T08:30:49Z</time>
      </trkpt>
      <trkpt lat="43.332634" lon="-1.773188">
        <ele>92.969</ele>
        <time>2021-08-08T08:30:52Z</time>
      </trkpt>
      <trkpt lat="43.332584" lon="-1.773073">
        <ele>94.554</ele>
        <time>2021-08-08T08:30:53Z</time>
      </trkpt>
      <trkpt lat="43.332570" lon="-1.772967">
        <ele>95.483</ele>
        <time>2021-08-08T08:30:54Z</time>
      </trkpt>
      <trkpt lat="43.332556" lon="-1.772893">
        <ele>96.055</ele>
        <time>2021-08-08T08:30:55Z</time>
      </trkpt>
      <trkpt lat="43.332552" lon="-1.772827">
        <ele>96.546</ele>
        <time>2021-08-08T08:30:57Z</time>
      </trkpt>
      <trkpt lat="43.332553" lon="-1.772760">
        <ele>96.945</ele>
        <time>2021-08-08T08:31:08Z</time>
      </trkpt>
      <trkpt lat="43.332579" lon="-1.772707">
        <ele>97.247</ele>
        <time>2021-08-08T08:31:15Z</time>
      </trkpt>
      <trkpt lat="43.332612" lon="-1.772653">
        <ele>97.511</ele>
        <time>2021-08-08T08:31:19Z</time>
      </trkpt>
      <trkpt lat="43.332638" lon="-1.772595">
        <ele>97.808</ele>
        <time>2021-08-08T08:31:22Z</time>
      </trkpt>
      <trkpt lat="43.332636" lon="-1.772525">
        <ele>98.352</ele>
        <time>2021-08-08T08:31:25Z</time>
      </trkpt>
      <trkpt lat="43.332610" lon="-1.772467">
        <ele>98.824</ele>
        <time>2021-08-08T08:31:30Z</time>
      </trkpt>
      <trkpt lat="43.332589" lon="-1.772406">
        <ele>99.227</ele>
        <time>2021-08-08T08:31:33Z</time>
      </trkpt>
      <trkpt lat="43.332580" lon="-1.772343">
        <ele>99.747</ele>
        <time>2021-08-08T08:31:37Z</time>
      </trkpt>
      <trkpt lat="43.332571" lon="-1.772266">
        <ele>100.252</ele>
        <time>2021-08-08T08:31:43Z</time>
      </trkpt>
      <trkpt lat="43.332558" lon="-1.772198">
        <ele>100.841</ele>
        <time>2021-08-08T08:31:48Z</time>
      </trkpt>
      <trkpt lat="43.332553" lon="-1.772132">
        <ele>101.543</ele>
        <time>2021-08-08T08:31:51Z</time>
      </trkpt>
      <trkpt lat="43.332551" lon="-1.772067">
        <ele>102.234</ele>
        <time>2021-08-08T08:31:54Z</time>
      </trkpt>
      <trkpt lat="43.332545" lon="-1.771996">
        <ele>103.078</ele>
        <time>2021-08-08T08:31:58Z</time>
      </trkpt>
      <trkpt lat="43.332547" lon="-1.771931">
        <ele>103.633</ele>
        <time>2021-08-08T08:32:03Z</time>
      </trkpt>
      <trkpt lat="43.332549" lon="-1.771868">
        <ele>104.226</ele>
        <time>2021-08-08T08:32:07Z</time>
      </trkpt>
      <trkpt lat="43.332540" lon="-1.771792">
        <ele>105.108</ele>
        <time>2021-08-08T08:32:11Z</time>
      </trkpt>
      <trkpt lat="43.332536" lon="-1.771725">
        <ele>105.955</ele>
        <time>2021-08-08T08:32:15Z</time>
      </trkpt>
      <trkpt lat="43.332538" lon="-1.771655">
        <ele>106.697</ele>
        <time>2021-08-08T08:32:20Z</time>
      </trkpt>
      <trkpt lat="43.332528" lon="-1.771587">
        <ele>107.780</ele>
        <time>2021-08-08T08:32:24Z</time>
      </trkpt>
      <trkpt lat="43.332509" lon="-1.771524">
        <ele>108.990</ele>
        <time>2021-08-08T08:32:30Z</time>
      </trkpt>
      <trkpt lat="43.332501" lon="-1.771458">
        <ele>110.015</ele>
        <time>2021-08-08T08:32:33Z</time>
      </trkpt>
      <trkpt lat="43.332505" lon="-1.771393">
        <ele>110.884</ele>
        <time>2021-08-08T08:32:38Z</time>
      </trkpt>
      <trkpt lat="43.332534" lon="-1.771337">
        <ele>110.516</ele>
        <time>2021-08-08T08:32:58Z</time>
      </trkpt>
      <trkpt lat="43.332530" lon="-1.771260">
        <ele>111.147</ele>
        <time>2021-08-08T08:33:01Z</time>
      </trkpt>
      <trkpt lat="43.332523" lon="-1.771187">
        <ele>111.819</ele>
        <time>2021-08-08T08:33:04Z</time>
      </trkpt>
      <trkpt lat="43.332519" lon="-1.771123">
        <ele>112.409</ele>
        <time>2021-08-08T08:33:07Z</time>
      </trkpt>
      <trkpt lat="43.332507" lon="-1.771051">
        <ele>113.419</ele>
        <time>2021-08-08T08:33:20Z</time>
      </trkpt>
      <trkpt lat="43.332505" lon="-1.770988">
        <ele>114.208</ele>
        <time>2021-08-08T08:33:23Z</time>
      </trkpt>
      <trkpt lat="43.332505" lon="-1.770913">
        <ele>115.019</ele>
        <time>2021-08-08T08:33:26Z</time>
      </trkpt>
      <trkpt lat="43.332505" lon="-1.770845">
        <ele>115.721</ele>
        <time>2021-08-08T08:33:29Z</time>
      </trkpt>
      <trkpt lat="43.332505" lon="-1.770781">
        <ele>116.224</ele>
        <time>2021-08-08T08:33:31Z</time>
      </trkpt>
      <trkpt lat="43.332507" lon="-1.770713">
        <ele>116.624</ele>
        <time>2021-08-08T08:33:34Z</time>
      </trkpt>
      <trkpt lat="43.332500" lon="-1.770648">
        <ele>117.329</ele>
        <time>2021-08-08T08:33:37Z</time>
      </trkpt>
      <trkpt lat="43.332485" lon="-1.770580">
        <ele>118.128</ele>
        <time>2021-08-08T08:33:40Z</time>
      </trkpt>
      <trkpt lat="43.332464" lon="-1.770523">
        <ele>118.920</ele>
        <time>2021-08-08T08:33:45Z</time>
      </trkpt>
      <trkpt lat="43.332443" lon="-1.770464">
        <ele>119.791</ele>
        <time>2021-08-08T08:33:49Z</time>
      </trkpt>
      <trkpt lat="43.332419" lon="-1.770401">
        <ele>120.625</ele>
        <time>2021-08-08T08:33:53Z</time>
      </trkpt>
      <trkpt lat="43.332389" lon="-1.770341">
        <ele>121.826</ele>
        <time>2021-08-08T08:34:03Z</time>
      </trkpt>
      <trkpt lat="43.332366" lon="-1.770280">
        <ele>122.808</ele>
        <time>2021-08-08T08:34:06Z</time>
      </trkpt>
      <trkpt lat="43.332345" lon="-1.770223">
        <ele>123.908</ele>
        <time>2021-08-08T08:34:10Z</time>
      </trkpt>
      <trkpt lat="43.332338" lon="-1.770161">
        <ele>124.540</ele>
        <time>2021-08-08T08:34:21Z</time>
      </trkpt>
      <trkpt lat="43.332321" lon="-1.770092">
        <ele>125.552</ele>
        <time>2021-08-08T08:34:29Z</time>
      </trkpt>
      <trkpt lat="43.332309" lon="-1.770022">
        <ele>126.375</ele>
        <time>2021-08-08T08:34:31Z</time>
      </trkpt>
      <trkpt lat="43.332304" lon="-1.769946">
        <ele>127.135</ele>
        <time>2021-08-08T08:34:34Z</time>
      </trkpt>
      <trkpt lat="43.332274" lon="-1.769900">
        <ele>128.370</ele>
        <time>2021-08-08T08:34:38Z</time>
      </trkpt>
      <trkpt lat="43.332252" lon="-1.769831">
        <ele>129.459</ele>
        <time>2021-08-08T08:34:54Z</time>
      </trkpt>
      <trkpt lat="43.332228" lon="-1.769776">
        <ele>130.591</ele>
        <time>2021-08-08T08:34:59Z</time>
      </trkpt>
      <trkpt lat="43.332208" lon="-1.769716">
        <ele>131.392</ele>
        <time>2021-08-08T08:35:09Z</time>
      </trkpt>
      <trkpt lat="43.332187" lon="-1.769653">
        <ele>132.227</ele>
        <time>2021-08-08T08:35:11Z</time>
      </trkpt>
      <trkpt lat="43.332170" lon="-1.769582">
        <ele>133.168</ele>
        <time>2021-08-08T08:35:14Z</time>
      </trkpt>
      <trkpt lat="43.332154" lon="-1.769523">
        <ele>134.014</ele>
        <time>2021-08-08T08:35:19Z</time>
      </trkpt>
      <trkpt lat="43.332149" lon="-1.769454">
        <ele>134.808</ele>
        <time>2021-08-08T08:35:26Z</time>
      </trkpt>
      <trkpt lat="43.332148" lon="-1.769385">
        <ele>135.530</ele>
        <time>2021-08-08T08:35:29Z</time>
      </trkpt>
      <trkpt lat="43.332143" lon="-1.769322">
        <ele>136.312</ele>
        <time>2021-08-08T08:35:37Z</time>
      </trkpt>
      <trkpt lat="43.332134" lon="-1.769249">
        <ele>137.385</ele>
        <time>2021-08-08T08:35:39Z</time>
      </trkpt>
      <trkpt lat="43.332122" lon="-1.769188">
        <ele>138.365</ele>
        <time>2021-08-08T08:35:43Z</time>
      </trkpt>
      <trkpt lat="43.332103" lon="-1.769121">
        <ele>139.670</ele>
        <time>2021-08-08T08:35:48Z</time>
      </trkpt>
      <trkpt lat="43.332074" lon="-1.769045">
        <ele>141.399</ele>
        <time>2021-08-08T08:35:50Z</time>
      </trkpt>
      <trkpt lat="43.332055" lon="-1.768974">
        <ele>142.661</ele>
        <time>2021-08-08T08:35:52Z</time>
      </trkpt>
      <trkpt lat="43.332049" lon="-1.768899">
        <ele>143.682</ele>
        <time>2021-08-08T08:35:54Z</time>
      </trkpt>
      <trkpt lat="43.332065" lon="-1.768835">
        <ele>144.135</ele>
        <time>2021-08-08T08:36:08Z</time>
      </trkpt>
      <trkpt lat="43.332039" lon="-1.768760">
        <ele>145.886</ele>
        <time>2021-08-08T08:36:10Z</time>
      </trkpt>
      <trkpt lat="43.332018" lon="-1.768702">
        <ele>147.214</ele>
        <time>2021-08-08T08:36:12Z</time>
      </trkpt>
      <trkpt lat="43.332009" lon="-1.768640">
        <ele>148.508</ele>
        <time>2021-08-08T08:36:17Z</time>
      </trkpt>
      <trkpt lat="43.332001" lon="-1.768568">
        <ele>149.861</ele>
        <time>2021-08-08T08:36:31Z</time>
      </trkpt>
      <trkpt lat="43.331990" lon="-1.768507">
        <ele>151.033</ele>
        <time>2021-08-08T08:36:34Z</time>
      </trkpt>
      <trkpt lat="43.331983" lon="-1.768439">
        <ele>152.246</ele>
        <time>2021-08-08T08:36:45Z</time>
      </trkpt>
      <trkpt lat="43.331979" lon="-1.768360">
        <ele>153.516</ele>
        <time>2021-08-08T08:36:48Z</time>
      </trkpt>
      <trkpt lat="43.331976" lon="-1.768284">
        <ele>154.771</ele>
        <time>2021-08-08T08:36:56Z</time>
      </trkpt>
      <trkpt lat="43.331977" lon="-1.768209">
        <ele>155.760</ele>
        <time>2021-08-08T08:36:58Z</time>
      </trkpt>
      <trkpt lat="43.331983" lon="-1.768142">
        <ele>156.492</ele>
        <time>2021-08-08T08:37:02Z</time>
      </trkpt>
      <trkpt lat="43.331981" lon="-1.768067">
        <ele>157.593</ele>
        <time>2021-08-08T08:37:10Z</time>
      </trkpt>
      <trkpt lat="43.331975" lon="-1.768003">
        <ele>158.571</ele>
        <time>2021-08-08T08:37:15Z</time>
      </trkpt>
      <trkpt lat="43.331974" lon="-1.767940">
        <ele>159.241</ele>
        <time>2021-08-08T08:37:26Z</time>
      </trkpt>
      <trkpt lat="43.331968" lon="-1.767868">
        <ele>160.215</ele>
        <time>2021-08-08T08:37:28Z</time>
      </trkpt>
      <trkpt lat="43.331976" lon="-1.767803">
        <ele>160.608</ele>
        <time>2021-08-08T08:37:32Z</time>
      </trkpt>
      <trkpt lat="43.331958" lon="-1.767736">
        <ele>162.195</ele>
        <time>2021-08-08T08:37:42Z</time>
      </trkpt>
      <trkpt lat="43.331947" lon="-1.767673">
        <ele>163.417</ele>
        <time>2021-08-08T08:37:44Z</time>
      </trkpt>
      <trkpt lat="43.331938" lon="-1.767610">
        <ele>164.770</ele>
        <time>2021-08-08T08:37:55Z</time>
      </trkpt>
      <trkpt lat="43.331918" lon="-1.767522">
        <ele>166.770</ele>
        <time>2021-08-08T08:37:59Z</time>
      </trkpt>
      <trkpt lat="43.331906" lon="-1.767461">
        <ele>167.965</ele>
        <time>2021-08-08T08:38:04Z</time>
      </trkpt>
      <trkpt lat="43.331892" lon="-1.767402">
        <ele>169.024</ele>
        <time>2021-08-08T08:38:09Z</time>
      </trkpt>
      <trkpt lat="43.331877" lon="-1.767339">
        <ele>170.356</ele>
        <time>2021-08-08T08:38:12Z</time>
      </trkpt>
      <trkpt lat="43.331859" lon="-1.767276">
        <ele>171.737</ele>
        <time>2021-08-08T08:38:16Z</time>
      </trkpt>
      <trkpt lat="43.331840" lon="-1.767204">
        <ele>173.549</ele>
        <time>2021-08-08T08:38:18Z</time>
      </trkpt>
      <trkpt lat="43.331824" lon="-1.767102">
        <ele>175.402</ele>
        <time>2021-08-08T08:38:21Z</time>
      </trkpt>
      <trkpt lat="43.331816" lon="-1.767038">
        <ele>176.522</ele>
        <time>2021-08-08T08:38:29Z</time>
      </trkpt>
      <trkpt lat="43.331821" lon="-1.766967">
        <ele>177.008</ele>
        <time>2021-08-08T08:38:36Z</time>
      </trkpt>
      <trkpt lat="43.331865" lon="-1.766953">
        <ele>174.982</ele>
        <time>2021-08-08T08:38:39Z</time>
      </trkpt>
      <trkpt lat="43.331872" lon="-1.766885">
        <ele>175.284</ele>
        <time>2021-08-08T08:38:42Z</time>
      </trkpt>
      <trkpt lat="43.331830" lon="-1.766844">
        <ele>177.747</ele>
        <time>2021-08-08T08:38:46Z</time>
      </trkpt>
      <trkpt lat="43.331808" lon="-1.766768">
        <ele>179.587</ele>
        <time>2021-08-08T08:38:51Z</time>
      </trkpt>
      <trkpt lat="43.331827" lon="-1.766684">
        <ele>179.382</ele>
        <time>2021-08-08T08:39:06Z</time>
      </trkpt>
      <trkpt lat="43.331849" lon="-1.766609">
        <ele>179.351</ele>
        <time>2021-08-08T08:39:09Z</time>
      </trkpt>
      <trkpt lat="43.331865" lon="-1.766549">
        <ele>179.493</ele>
        <time>2021-08-08T08:39:11Z</time>
      </trkpt>
      <trkpt lat="43.331859" lon="-1.766487">
        <ele>180.644</ele>
        <time>2021-08-08T08:39:22Z</time>
      </trkpt>
      <trkpt lat="43.331871" lon="-1.766419">
        <ele>181.073</ele>
        <time>2021-08-08T08:39:25Z</time>
      </trkpt>
      <trkpt lat="43.331881" lon="-1.766335">
        <ele>181.285</ele>
        <time>2021-08-08T08:39:27Z</time>
      </trkpt>
      <trkpt lat="43.331880" lon="-1.766271">
        <ele>181.513</ele>
        <time>2021-08-08T08:39:30Z</time>
      </trkpt>
      <trkpt lat="43.331861" lon="-1.766215">
        <ele>182.708</ele>
        <time>2021-08-08T08:39:33Z</time>
      </trkpt>
      <trkpt lat="43.331828" lon="-1.766164">
        <ele>184.625</ele>
        <time>2021-08-08T08:39:38Z</time>
      </trkpt>
      <trkpt lat="43.331780" lon="-1.766144">
        <ele>187.137</ele>
        <time>2021-08-08T08:39:42Z</time>
      </trkpt>
      <trkpt lat="43.331740" lon="-1.766110">
        <ele>189.330</ele>
        <time>2021-08-08T08:39:46Z</time>
      </trkpt>
      <trkpt lat="43.331740" lon="-1.766040">
        <ele>189.170</ele>
        <time>2021-08-08T08:39:51Z</time>
      </trkpt>
      <trkpt lat="43.331732" lon="-1.765975">
        <ele>189.395</ele>
        <time>2021-08-08T08:39:55Z</time>
      </trkpt>
      <trkpt lat="43.331724" lon="-1.765914">
        <ele>189.584</ele>
        <time>2021-08-08T08:40:09Z</time>
      </trkpt>
      <trkpt lat="43.331701" lon="-1.765858">
        <ele>190.566</ele>
        <time>2021-08-08T08:40:13Z</time>
      </trkpt>
      <trkpt lat="43.331675" lon="-1.765807">
        <ele>191.677</ele>
        <time>2021-08-08T08:40:16Z</time>
      </trkpt>
      <trkpt lat="43.331652" lon="-1.765750">
        <ele>192.772</ele>
        <time>2021-08-08T08:40:21Z</time>
      </trkpt>
      <trkpt lat="43.331617" lon="-1.765701">
        <ele>194.413</ele>
        <time>2021-08-08T08:40:32Z</time>
      </trkpt>
      <trkpt lat="43.331572" lon="-1.765662">
        <ele>196.614</ele>
        <time>2021-08-08T08:40:34Z</time>
      </trkpt>
      <trkpt lat="43.331536" lon="-1.765622">
        <ele>198.208</ele>
        <time>2021-08-08T08:40:38Z</time>
      </trkpt>
      <trkpt lat="43.331497" lon="-1.765591">
        <ele>200.085</ele>
        <time>2021-08-08T08:40:52Z</time>
      </trkpt>
      <trkpt lat="43.331450" lon="-1.765574">
        <ele>202.297</ele>
        <time>2021-08-08T08:40:56Z</time>
      </trkpt>
      <trkpt lat="43.331404" lon="-1.765564">
        <ele>204.330</ele>
        <time>2021-08-08T08:41:07Z</time>
      </trkpt>
      <trkpt lat="43.331358" lon="-1.765561">
        <ele>205.290</ele>
        <time>2021-08-08T08:41:19Z</time>
      </trkpt>
      <trkpt lat="43.331321" lon="-1.765612">
        <ele>205.795</ele>
        <time>2021-08-08T08:41:40Z</time>
      </trkpt>
      <trkpt lat="43.331306" lon="-1.765678">
        <ele>206.054</ele>
        <time>2021-08-08T08:41:43Z</time>
      </trkpt>
      <trkpt lat="43.331289" lon="-1.765807">
        <ele>206.666</ele>
        <time>2021-08-08T08:41:48Z</time>
      </trkpt>
      <trkpt lat="43.331273" lon="-1.765937">
        <ele>208.037</ele>
        <time>2021-08-08T08:41:49Z</time>
      </trkpt>
      <trkpt lat="43.331252" lon="-1.766147">
        <ele>210.379</ele>
        <time>2021-08-08T08:41:52Z</time>
      </trkpt>
      <trkpt lat="43.331264" lon="-1.766057">
        <ele>209.405</ele>
        <time>2021-08-08T08:41:54Z</time>
      </trkpt>
      <trkpt lat="43.331261" lon="-1.765990">
        <ele>208.725</ele>
        <time>2021-08-08T08:41:55Z</time>
      </trkpt>
      <trkpt lat="43.331258" lon="-1.765925">
        <ele>208.008</ele>
        <time>2021-08-08T08:41:58Z</time>
      </trkpt>
      <trkpt lat="43.331273" lon="-1.766056">
        <ele>209.435</ele>
        <time>2021-08-08T08:42:10Z</time>
      </trkpt>
      <trkpt lat="43.331288" lon="-1.766133">
        <ele>210.157</ele>
        <time>2021-08-08T08:42:24Z</time>
      </trkpt>
      <trkpt lat="43.331303" lon="-1.766202">
        <ele>210.540</ele>
        <time>2021-08-08T08:42:27Z</time>
      </trkpt>
      <trkpt lat="43.331301" lon="-1.766265">
        <ele>210.970</ele>
        <time>2021-08-08T08:42:35Z</time>
      </trkpt>
      <trkpt lat="43.331304" lon="-1.766330">
        <ele>211.345</ele>
        <time>2021-08-08T08:42:38Z</time>
      </trkpt>
      <trkpt lat="43.331307" lon="-1.766397">
        <ele>211.584</ele>
        <time>2021-08-08T08:42:42Z</time>
      </trkpt>
      <trkpt lat="43.331301" lon="-1.766464">
        <ele>211.026</ele>
        <time>2021-08-08T08:42:44Z</time>
      </trkpt>
      <trkpt lat="43.331295" lon="-1.766547">
        <ele>210.417</ele>
        <time>2021-08-08T08:42:47Z</time>
      </trkpt>
      <trkpt lat="43.331275" lon="-1.766610">
        <ele>210.395</ele>
        <time>2021-08-08T08:42:51Z</time>
      </trkpt>
      <trkpt lat="43.331232" lon="-1.766593">
        <ele>211.349</ele>
        <time>2021-08-08T08:43:06Z</time>
      </trkpt>
      <trkpt lat="43.331246" lon="-1.766522">
        <ele>211.323</ele>
        <time>2021-08-08T08:43:10Z</time>
      </trkpt>
      <trkpt lat="43.331280" lon="-1.766470">
        <ele>211.208</ele>
        <time>2021-08-08T08:43:13Z</time>
      </trkpt>
      <trkpt lat="43.331325" lon="-1.766456">
        <ele>210.827</ele>
        <time>2021-08-08T08:43:18Z</time>
      </trkpt>
      <trkpt lat="43.331359" lon="-1.766498">
        <ele>209.979</ele>
        <time>2021-08-08T08:43:23Z</time>
      </trkpt>
      <trkpt lat="43.331398" lon="-1.766553">
        <ele>208.022</ele>
        <time>2021-08-08T08:44:09Z</time>
      </trkpt>
      <trkpt lat="43.331441" lon="-1.766519">
        <ele>205.492</ele>
        <time>2021-08-08T08:44:12Z</time>
      </trkpt>
      <trkpt lat="43.331477" lon="-1.766361">
        <ele>204.757</ele>
        <time>2021-08-08T08:44:14Z</time>
      </trkpt>
      <trkpt lat="43.331487" lon="-1.766297">
        <ele>204.046</ele>
        <time>2021-08-08T08:44:16Z</time>
      </trkpt>
      <trkpt lat="43.331487" lon="-1.766297">
        <ele>204.068</ele>
        <time>2021-08-08T08:44:16Z</time>
      </trkpt>
      <trkpt lat="43.331460" lon="-1.766361">
        <ele>205.989</ele>
        <time>2021-08-08T08:44:20Z</time>
      </trkpt>
      <trkpt lat="43.331415" lon="-1.766347">
        <ele>209.051</ele>
        <time>2021-08-08T08:44:30Z</time>
      </trkpt>
      <trkpt lat="43.331376" lon="-1.766313">
        <ele>210.801</ele>
        <time>2021-08-08T08:44:35Z</time>
      </trkpt>
      <trkpt lat="43.331335" lon="-1.766286">
        <ele>210.911</ele>
        <time>2021-08-08T08:44:38Z</time>
      </trkpt>
      <trkpt lat="43.331301" lon="-1.766242">
        <ele>210.808</ele>
        <time>2021-08-08T08:44:42Z</time>
      </trkpt>
      <trkpt lat="43.331281" lon="-1.766184">
        <ele>210.573</ele>
        <time>2021-08-08T08:44:48Z</time>
      </trkpt>
      <trkpt lat="43.331272" lon="-1.766121">
        <ele>210.125</ele>
        <time>2021-08-08T08:44:57Z</time>
      </trkpt>
      <trkpt lat="43.331266" lon="-1.766053">
        <ele>209.318</ele>
        <time>2021-08-08T08:45:03Z</time>
      </trkpt>
      <trkpt lat="43.331249" lon="-1.765988">
        <ele>208.798</ele>
        <time>2021-08-08T08:45:06Z</time>
      </trkpt>
      <trkpt lat="43.331238" lon="-1.765926">
        <ele>208.143</ele>
        <time>2021-08-08T08:45:09Z</time>
      </trkpt>
      <trkpt lat="43.331232" lon="-1.765863">
        <ele>207.422</ele>
        <time>2021-08-08T08:45:14Z</time>
      </trkpt>
      <trkpt lat="43.331186" lon="-1.765854">
        <ele>207.724</ele>
        <time>2021-08-08T08:45:23Z</time>
      </trkpt>
      <trkpt lat="43.331142" lon="-1.765832">
        <ele>207.895</ele>
        <time>2021-08-08T08:45:32Z</time>
      </trkpt>
      <trkpt lat="43.331091" lon="-1.765818">
        <ele>207.742</ele>
        <time>2021-08-08T08:45:38Z</time>
      </trkpt>
      <trkpt lat="43.331046" lon="-1.765779">
        <ele>207.022</ele>
        <time>2021-08-08T08:45:41Z</time>
      </trkpt>
      <trkpt lat="43.331005" lon="-1.765754">
        <ele>206.414</ele>
        <time>2021-08-08T08:45:45Z</time>
      </trkpt>
      <trkpt lat="43.330968" lon="-1.765718">
        <ele>206.008</ele>
        <time>2021-08-08T08:45:48Z</time>
      </trkpt>
      <trkpt lat="43.330920" lon="-1.765693">
        <ele>205.432</ele>
        <time>2021-08-08T08:45:52Z</time>
      </trkpt>
      <trkpt lat="43.330873" lon="-1.765689">
        <ele>204.994</ele>
        <time>2021-08-08T08:45:55Z</time>
      </trkpt>
      <trkpt lat="43.330828" lon="-1.765679">
        <ele>204.527</ele>
        <time>2021-08-08T08:45:59Z</time>
      </trkpt>
      <trkpt lat="43.330790" lon="-1.765636">
        <ele>204.037</ele>
        <time>2021-08-08T08:46:04Z</time>
      </trkpt>
      <trkpt lat="43.330750" lon="-1.765606">
        <ele>203.542</ele>
        <time>2021-08-08T08:46:08Z</time>
      </trkpt>
      <trkpt lat="43.330709" lon="-1.765576">
        <ele>203.151</ele>
        <time>2021-08-08T08:46:12Z</time>
      </trkpt>
      <trkpt lat="43.330664" lon="-1.765555">
        <ele>202.623</ele>
        <time>2021-08-08T08:46:15Z</time>
      </trkpt>
      <trkpt lat="43.330613" lon="-1.765544">
        <ele>202.064</ele>
        <time>2021-08-08T08:46:19Z</time>
      </trkpt>
      <trkpt lat="43.330560" lon="-1.765546">
        <ele>201.255</ele>
        <time>2021-08-08T08:46:24Z</time>
      </trkpt>
      <trkpt lat="43.330526" lon="-1.765506">
        <ele>201.307</ele>
        <time>2021-08-08T08:46:26Z</time>
      </trkpt>
      <trkpt lat="43.330500" lon="-1.765453">
        <ele>201.817</ele>
        <time>2021-08-08T08:46:31Z</time>
      </trkpt>
      <trkpt lat="43.330460" lon="-1.765487">
        <ele>200.808</ele>
        <time>2021-08-08T08:46:56Z</time>
      </trkpt>
      <trkpt lat="43.330419" lon="-1.765455">
        <ele>200.843</ele>
        <time>2021-08-08T08:47:04Z</time>
      </trkpt>
      <trkpt lat="43.330371" lon="-1.765441">
        <ele>200.595</ele>
        <time>2021-08-08T08:47:10Z</time>
      </trkpt>
      <trkpt lat="43.330325" lon="-1.765457">
        <ele>199.728</ele>
        <time>2021-08-08T08:47:14Z</time>
      </trkpt>
      <trkpt lat="43.330278" lon="-1.765451">
        <ele>199.348</ele>
        <time>2021-08-08T08:47:18Z</time>
      </trkpt>
      <trkpt lat="43.330227" lon="-1.765435">
        <ele>199.193</ele>
        <time>2021-08-08T08:47:20Z</time>
      </trkpt>
      <trkpt lat="43.330180" lon="-1.765398">
        <ele>199.332</ele>
        <time>2021-08-08T08:47:26Z</time>
      </trkpt>
      <trkpt lat="43.330139" lon="-1.765358">
        <ele>199.814</ele>
        <time>2021-08-08T08:47:31Z</time>
      </trkpt>
      <trkpt lat="43.330102" lon="-1.765320">
        <ele>200.235</ele>
        <time>2021-08-08T08:47:35Z</time>
      </trkpt>
      <trkpt lat="43.330059" lon="-1.765291">
        <ele>200.444</ele>
        <time>2021-08-08T08:47:38Z</time>
      </trkpt>
      <trkpt lat="43.330016" lon="-1.765269">
        <ele>200.305</ele>
        <time>2021-08-08T08:47:42Z</time>
      </trkpt>
      <trkpt lat="43.329971" lon="-1.765260">
        <ele>200.115</ele>
        <time>2021-08-08T08:47:45Z</time>
      </trkpt>
      <trkpt lat="43.329925" lon="-1.765241">
        <ele>200.108</ele>
        <time>2021-08-08T08:47:49Z</time>
      </trkpt>
      <trkpt lat="43.329885" lon="-1.765212">
        <ele>200.312</ele>
        <time>2021-08-08T08:47:52Z</time>
      </trkpt>
      <trkpt lat="43.329838" lon="-1.765183">
        <ele>200.384</ele>
        <time>2021-08-08T08:47:56Z</time>
      </trkpt>
      <trkpt lat="43.329795" lon="-1.765164">
        <ele>200.347</ele>
        <time>2021-08-08T08:47:59Z</time>
      </trkpt>
      <trkpt lat="43.329743" lon="-1.765141">
        <ele>200.227</ele>
        <time>2021-08-08T08:48:03Z</time>
      </trkpt>
      <trkpt lat="43.329697" lon="-1.765132">
        <ele>199.872</ele>
        <time>2021-08-08T08:48:06Z</time>
      </trkpt>
      <trkpt lat="43.329654" lon="-1.765099">
        <ele>199.821</ele>
        <time>2021-08-08T08:48:10Z</time>
      </trkpt>
      <trkpt lat="43.329610" lon="-1.765074">
        <ele>199.753</ele>
        <time>2021-08-08T08:48:13Z</time>
      </trkpt>
      <trkpt lat="43.329565" lon="-1.765054">
        <ele>199.514</ele>
        <time>2021-08-08T08:48:17Z</time>
      </trkpt>
      <trkpt lat="43.329514" lon="-1.765057">
        <ele>198.992</ele>
        <time>2021-08-08T08:48:21Z</time>
      </trkpt>
      <trkpt lat="43.329472" lon="-1.765083">
        <ele>198.173</ele>
        <time>2021-08-08T08:48:25Z</time>
      </trkpt>
      <trkpt lat="43.329428" lon="-1.765113">
        <ele>197.120</ele>
        <time>2021-08-08T08:48:30Z</time>
      </trkpt>
      <trkpt lat="43.329486" lon="-1.765028">
        <ele>199.008</ele>
        <time>2021-08-08T08:48:42Z</time>
      </trkpt>
      <trkpt lat="43.329572" lon="-1.764958">
        <ele>200.797</ele>
        <time>2021-08-08T08:48:43Z</time>
      </trkpt>
      <trkpt lat="43.329731" lon="-1.764821">
        <ele>203.499</ele>
        <time>2021-08-08T08:48:45Z</time>
      </trkpt>
      <trkpt lat="43.329778" lon="-1.764768">
        <ele>204.322</ele>
        <time>2021-08-08T08:48:46Z</time>
      </trkpt>
      <trkpt lat="43.329815" lon="-1.764712">
        <ele>205.162</ele>
        <time>2021-08-08T08:48:48Z</time>
      </trkpt>
      <trkpt lat="43.329766" lon="-1.764751">
        <ele>204.397</ele>
        <time>2021-08-08T08:48:50Z</time>
      </trkpt>
      <trkpt lat="43.329723" lon="-1.764809">
        <ele>203.416</ele>
        <time>2021-08-08T08:48:52Z</time>
      </trkpt>
      <trkpt lat="43.329657" lon="-1.764881">
        <ele>202.248</ele>
        <time>2021-08-08T08:48:55Z</time>
      </trkpt>
      <trkpt lat="43.329578" lon="-1.764951">
        <ele>200.819</ele>
        <time>2021-08-08T08:48:58Z</time>
      </trkpt>
      <trkpt lat="43.329522" lon="-1.764998">
        <ele>199.918</ele>
        <time>2021-08-08T08:49:00Z</time>
      </trkpt>
      <trkpt lat="43.329470" lon="-1.765042">
        <ele>198.798</ele>
        <time>2021-08-08T08:49:03Z</time>
      </trkpt>
      <trkpt lat="43.329422" lon="-1.765059">
        <ele>197.817</ele>
        <time>2021-08-08T08:49:07Z</time>
      </trkpt>
      <trkpt lat="43.329377" lon="-1.765031">
        <ele>197.508</ele>
        <time>2021-08-08T08:49:20Z</time>
      </trkpt>
      <trkpt lat="43.329338" lon="-1.764998">
        <ele>197.579</ele>
        <time>2021-08-08T08:49:22Z</time>
      </trkpt>
      <trkpt lat="43.329304" lon="-1.764953">
        <ele>197.681</ele>
        <time>2021-08-08T08:49:24Z</time>
      </trkpt>
      <trkpt lat="43.329265" lon="-1.764915">
        <ele>197.614</ele>
        <time>2021-08-08T08:49:27Z</time>
      </trkpt>
      <trkpt lat="43.329212" lon="-1.764908">
        <ele>197.124</ele>
        <time>2021-08-08T08:49:30Z</time>
      </trkpt>
      <trkpt lat="43.329159" lon="-1.764928">
        <ele>196.489</ele>
        <time>2021-08-08T08:49:33Z</time>
      </trkpt>
      <trkpt lat="43.329111" lon="-1.764937">
        <ele>196.858</ele>
        <time>2021-08-08T08:49:37Z</time>
      </trkpt>
      <trkpt lat="43.329065" lon="-1.764914">
        <ele>197.880</ele>
        <time>2021-08-08T08:49:41Z</time>
      </trkpt>
      <trkpt lat="43.329018" lon="-1.764901">
        <ele>198.641</ele>
        <time>2021-08-08T08:49:45Z</time>
      </trkpt>
      <trkpt lat="43.328972" lon="-1.764891">
        <ele>199.395</ele>
        <time>2021-08-08T08:49:49Z</time>
      </trkpt>
      <trkpt lat="43.328926" lon="-1.764879">
        <ele>200.249</ele>
        <time>2021-08-08T08:49:53Z</time>
      </trkpt>
      <trkpt lat="43.328878" lon="-1.764863">
        <ele>200.823</ele>
        <time>2021-08-08T08:49:57Z</time>
      </trkpt>
      <trkpt lat="43.328834" lon="-1.764839">
        <ele>200.708</ele>
        <time>2021-08-08T08:50:01Z</time>
      </trkpt>
      <trkpt lat="43.328786" lon="-1.764818">
        <ele>200.437</ele>
        <time>2021-08-08T08:50:05Z</time>
      </trkpt>
      <trkpt lat="43.328735" lon="-1.764786">
        <ele>200.439</ele>
        <time>2021-08-08T08:50:09Z</time>
      </trkpt>
      <trkpt lat="43.328687" lon="-1.764748">
        <ele>200.512</ele>
        <time>2021-08-08T08:50:13Z</time>
      </trkpt>
      <trkpt lat="43.328655" lon="-1.764704">
        <ele>201.072</ele>
        <time>2021-08-08T08:50:16Z</time>
      </trkpt>
      <trkpt lat="43.328620" lon="-1.764652">
        <ele>201.677</ele>
        <time>2021-08-08T08:50:20Z</time>
      </trkpt>
      <trkpt lat="43.328584" lon="-1.764604">
        <ele>201.796</ele>
        <time>2021-08-08T08:50:24Z</time>
      </trkpt>
      <trkpt lat="43.328554" lon="-1.764558">
        <ele>201.728</ele>
        <time>2021-08-08T08:50:28Z</time>
      </trkpt>
      <trkpt lat="43.328521" lon="-1.764501">
        <ele>201.959</ele>
        <time>2021-08-08T08:50:33Z</time>
      </trkpt>
      <trkpt lat="43.328495" lon="-1.764447">
        <ele>202.295</ele>
        <time>2021-08-08T08:50:38Z</time>
      </trkpt>
      <trkpt lat="43.328477" lon="-1.764377">
        <ele>203.049</ele>
        <time>2021-08-08T08:50:43Z</time>
      </trkpt>
      <trkpt lat="43.328475" lon="-1.764302">
        <ele>204.423</ele>
        <time>2021-08-08T08:50:47Z</time>
      </trkpt>
      <trkpt lat="43.328460" lon="-1.764235">
        <ele>205.308</ele>
        <time>2021-08-08T08:50:51Z</time>
      </trkpt>
      <trkpt lat="43.328429" lon="-1.764179">
        <ele>205.557</ele>
        <time>2021-08-08T08:50:55Z</time>
      </trkpt>
      <trkpt lat="43.328400" lon="-1.764128">
        <ele>205.679</ele>
        <time>2021-08-08T08:50:58Z</time>
      </trkpt>
      <trkpt lat="43.328362" lon="-1.764082">
        <ele>205.372</ele>
        <time>2021-08-08T08:51:02Z</time>
      </trkpt>
      <trkpt lat="43.328320" lon="-1.764051">
        <ele>204.622</ele>
        <time>2021-08-08T08:51:05Z</time>
      </trkpt>
      <trkpt lat="43.328290" lon="-1.763997">
        <ele>204.437</ele>
        <time>2021-08-08T08:51:10Z</time>
      </trkpt>
      <trkpt lat="43.328259" lon="-1.763949">
        <ele>204.246</ele>
        <time>2021-08-08T08:51:14Z</time>
      </trkpt>
      <trkpt lat="43.328228" lon="-1.763899">
        <ele>204.038</ele>
        <time>2021-08-08T08:51:17Z</time>
      </trkpt>
      <trkpt lat="43.328204" lon="-1.763846">
        <ele>204.139</ele>
        <time>2021-08-08T08:51:20Z</time>
      </trkpt>
      <trkpt lat="43.328171" lon="-1.763796">
        <ele>203.833</ele>
        <time>2021-08-08T08:51:25Z</time>
      </trkpt>
      <trkpt lat="43.328139" lon="-1.763749">
        <ele>203.523</ele>
        <time>2021-08-08T08:51:29Z</time>
      </trkpt>
      <trkpt lat="43.328107" lon="-1.763699">
        <ele>203.315</ele>
        <time>2021-08-08T08:51:34Z</time>
      </trkpt>
      <trkpt lat="43.328065" lon="-1.763669">
        <ele>202.308</ele>
        <time>2021-08-08T08:51:38Z</time>
      </trkpt>
      <trkpt lat="43.328021" lon="-1.763634">
        <ele>201.771</ele>
        <time>2021-08-08T08:51:43Z</time>
      </trkpt>
      <trkpt lat="43.327983" lon="-1.763587">
        <ele>201.653</ele>
        <time>2021-08-08T08:51:47Z</time>
      </trkpt>
      <trkpt lat="43.327949" lon="-1.763543">
        <ele>201.586</ele>
        <time>2021-08-08T08:51:52Z</time>
      </trkpt>
      <trkpt lat="43.327904" lon="-1.763518">
        <ele>200.956</ele>
        <time>2021-08-08T08:51:58Z</time>
      </trkpt>
      <trkpt lat="43.327861" lon="-1.763500">
        <ele>200.161</ele>
        <time>2021-08-08T08:52:01Z</time>
      </trkpt>
      <trkpt lat="43.327813" lon="-1.763484">
        <ele>199.290</ele>
        <time>2021-08-08T08:52:04Z</time>
      </trkpt>
      <trkpt lat="43.327768" lon="-1.763467">
        <ele>198.412</ele>
        <time>2021-08-08T08:52:07Z</time>
      </trkpt>
      <trkpt lat="43.327724" lon="-1.763439">
        <ele>198.013</ele>
        <time>2021-08-08T08:52:11Z</time>
      </trkpt>
      <trkpt lat="43.327679" lon="-1.763410">
        <ele>197.663</ele>
        <time>2021-08-08T08:52:15Z</time>
      </trkpt>
      <trkpt lat="43.327637" lon="-1.763362">
        <ele>197.844</ele>
        <time>2021-08-08T08:52:19Z</time>
      </trkpt>
      <trkpt lat="43.327602" lon="-1.763313">
        <ele>198.318</ele>
        <time>2021-08-08T08:52:23Z</time>
      </trkpt>
      <trkpt lat="43.327564" lon="-1.763264">
        <ele>198.708</ele>
        <time>2021-08-08T08:52:27Z</time>
      </trkpt>
      <trkpt lat="43.327529" lon="-1.763217">
        <ele>199.084</ele>
        <time>2021-08-08T08:52:31Z</time>
      </trkpt>
      <trkpt lat="43.327501" lon="-1.763160">
        <ele>199.886</ele>
        <time>2021-08-08T08:52:35Z</time>
      </trkpt>
      <trkpt lat="43.327467" lon="-1.763113">
        <ele>199.779</ele>
        <time>2021-08-08T08:52:39Z</time>
      </trkpt>
      <trkpt lat="43.327437" lon="-1.763056">
        <ele>199.999</ele>
        <time>2021-08-08T08:52:44Z</time>
      </trkpt>
      <trkpt lat="43.327411" lon="-1.763000">
        <ele>199.844</ele>
        <time>2021-08-08T08:52:49Z</time>
      </trkpt>
      <trkpt lat="43.327376" lon="-1.762957">
        <ele>199.183</ele>
        <time>2021-08-08T08:52:54Z</time>
      </trkpt>
      <trkpt lat="43.327344" lon="-1.762899">
        <ele>198.655</ele>
        <time>2021-08-08T08:52:57Z</time>
      </trkpt>
      <trkpt lat="43.327308" lon="-1.762837">
        <ele>197.886</ele>
        <time>2021-08-08T08:53:01Z</time>
      </trkpt>
      <trkpt lat="43.327277" lon="-1.762778">
        <ele>197.276</ele>
        <time>2021-08-08T08:53:05Z</time>
      </trkpt>
      <trkpt lat="43.327257" lon="-1.762718">
        <ele>197.190</ele>
        <time>2021-08-08T08:53:09Z</time>
      </trkpt>
      <trkpt lat="43.327250" lon="-1.762650">
        <ele>197.619</ele>
        <time>2021-08-08T08:53:13Z</time>
      </trkpt>
      <trkpt lat="43.327231" lon="-1.762594">
        <ele>197.408</ele>
        <time>2021-08-08T08:53:17Z</time>
      </trkpt>
      <trkpt lat="43.327195" lon="-1.762536">
        <ele>196.015</ele>
        <time>2021-08-08T08:53:21Z</time>
      </trkpt>
      <trkpt lat="43.327158" lon="-1.762493">
        <ele>194.227</ele>
        <time>2021-08-08T08:53:24Z</time>
      </trkpt>
      <trkpt lat="43.327140" lon="-1.762432">
        <ele>194.120</ele>
        <time>2021-08-08T08:53:28Z</time>
      </trkpt>
      <trkpt lat="43.327111" lon="-1.762376">
        <ele>193.390</ele>
        <time>2021-08-08T08:53:33Z</time>
      </trkpt>
      <trkpt lat="43.327075" lon="-1.762337">
        <ele>192.075</ele>
        <time>2021-08-08T08:53:38Z</time>
      </trkpt>
      <trkpt lat="43.327036" lon="-1.762292">
        <ele>190.684</ele>
        <time>2021-08-08T08:53:42Z</time>
      </trkpt>
      <trkpt lat="43.327003" lon="-1.762239">
        <ele>189.866</ele>
        <time>2021-08-08T08:53:46Z</time>
      </trkpt>
      <trkpt lat="43.326971" lon="-1.762185">
        <ele>189.677</ele>
        <time>2021-08-08T08:53:50Z</time>
      </trkpt>
      <trkpt lat="43.326946" lon="-1.762128">
        <ele>190.181</ele>
        <time>2021-08-08T08:53:54Z</time>
      </trkpt>
      <trkpt lat="43.326907" lon="-1.762085">
        <ele>191.261</ele>
        <time>2021-08-08T08:53:57Z</time>
      </trkpt>
      <trkpt lat="43.326871" lon="-1.762041">
        <ele>192.317</ele>
        <time>2021-08-08T08:54:01Z</time>
      </trkpt>
      <trkpt lat="43.326828" lon="-1.762022">
        <ele>192.508</ele>
        <time>2021-08-08T08:54:05Z</time>
      </trkpt>
      <trkpt lat="43.326783" lon="-1.762017">
        <ele>192.246</ele>
        <time>2021-08-08T08:54:08Z</time>
      </trkpt>
      <trkpt lat="43.326734" lon="-1.762008">
        <ele>192.068</ele>
        <time>2021-08-08T08:54:12Z</time>
      </trkpt>
      <trkpt lat="43.326685" lon="-1.761990">
        <ele>192.081</ele>
        <time>2021-08-08T08:54:15Z</time>
      </trkpt>
      <trkpt lat="43.326639" lon="-1.761977">
        <ele>192.321</ele>
        <time>2021-08-08T08:54:19Z</time>
      </trkpt>
      <trkpt lat="43.326593" lon="-1.761981">
        <ele>192.446</ele>
        <time>2021-08-08T08:54:23Z</time>
      </trkpt>
      <trkpt lat="43.326545" lon="-1.761987">
        <ele>192.485</ele>
        <time>2021-08-08T08:54:27Z</time>
      </trkpt>
      <trkpt lat="43.326503" lon="-1.762018">
        <ele>191.977</ele>
        <time>2021-08-08T08:54:31Z</time>
      </trkpt>
      <trkpt lat="43.326472" lon="-1.762068">
        <ele>190.958</ele>
        <time>2021-08-08T08:54:36Z</time>
      </trkpt>
      <trkpt lat="43.326457" lon="-1.762137">
        <ele>189.471</ele>
        <time>2021-08-08T08:54:41Z</time>
      </trkpt>
      <trkpt lat="43.326439" lon="-1.762201">
        <ele>188.141</ele>
        <time>2021-08-08T08:54:45Z</time>
      </trkpt>
      <trkpt lat="43.326403" lon="-1.762252">
        <ele>187.215</ele>
        <time>2021-08-08T08:54:49Z</time>
      </trkpt>
      <trkpt lat="43.326365" lon="-1.762298">
        <ele>186.208</ele>
        <time>2021-08-08T08:54:53Z</time>
      </trkpt>
      <trkpt lat="43.326325" lon="-1.762333">
        <ele>185.215</ele>
        <time>2021-08-08T08:54:57Z</time>
      </trkpt>
      <trkpt lat="43.326274" lon="-1.762343">
        <ele>184.617</ele>
        <time>2021-08-08T08:55:01Z</time>
      </trkpt>
      <trkpt lat="43.326229" lon="-1.762350">
        <ele>184.180</ele>
        <time>2021-08-08T08:55:05Z</time>
      </trkpt>
      <trkpt lat="43.326188" lon="-1.762380">
        <ele>183.090</ele>
        <time>2021-08-08T08:55:09Z</time>
      </trkpt>
      <trkpt lat="43.326142" lon="-1.762407">
        <ele>181.915</ele>
        <time>2021-08-08T08:55:13Z</time>
      </trkpt>
      <trkpt lat="43.326091" lon="-1.762409">
        <ele>181.264</ele>
        <time>2021-08-08T08:55:16Z</time>
      </trkpt>
      <trkpt lat="43.326045" lon="-1.762394">
        <ele>180.696</ele>
        <time>2021-08-08T08:55:19Z</time>
      </trkpt>
      <trkpt lat="43.326006" lon="-1.762352">
        <ele>180.837</ele>
        <time>2021-08-08T08:55:22Z</time>
      </trkpt>
      <trkpt lat="43.325972" lon="-1.762301">
        <ele>181.288</ele>
        <time>2021-08-08T08:55:26Z</time>
      </trkpt>
      <trkpt lat="43.325935" lon="-1.762261">
        <ele>181.124</ele>
        <time>2021-08-08T08:55:29Z</time>
      </trkpt>
      <trkpt lat="43.325894" lon="-1.762223">
        <ele>180.726</ele>
        <time>2021-08-08T08:55:33Z</time>
      </trkpt>
      <trkpt lat="43.325865" lon="-1.762167">
        <ele>181.408</ele>
        <time>2021-08-08T08:55:38Z</time>
      </trkpt>
      <trkpt lat="43.325820" lon="-1.762149">
        <ele>180.916</ele>
        <time>2021-08-08T08:55:42Z</time>
      </trkpt>
      <trkpt lat="43.325772" lon="-1.762136">
        <ele>180.568</ele>
        <time>2021-08-08T08:55:46Z</time>
      </trkpt>
      <trkpt lat="43.325727" lon="-1.762116">
        <ele>180.451</ele>
        <time>2021-08-08T08:55:50Z</time>
      </trkpt>
      <trkpt lat="43.325680" lon="-1.762111">
        <ele>179.831</ele>
        <time>2021-08-08T08:55:53Z</time>
      </trkpt>
      <trkpt lat="43.325633" lon="-1.762096">
        <ele>179.486</ele>
        <time>2021-08-08T08:55:57Z</time>
      </trkpt>
      <trkpt lat="43.325590" lon="-1.762070">
        <ele>179.495</ele>
        <time>2021-08-08T08:56:01Z</time>
      </trkpt>
      <trkpt lat="43.325543" lon="-1.762039">
        <ele>179.457</ele>
        <time>2021-08-08T08:56:05Z</time>
      </trkpt>
      <trkpt lat="43.325497" lon="-1.762028">
        <ele>179.168</ele>
        <time>2021-08-08T08:56:08Z</time>
      </trkpt>
      <trkpt lat="43.325448" lon="-1.762022">
        <ele>178.561</ele>
        <time>2021-08-08T08:56:12Z</time>
      </trkpt>
      <trkpt lat="43.325403" lon="-1.762032">
        <ele>177.621</ele>
        <time>2021-08-08T08:56:16Z</time>
      </trkpt>
      <trkpt lat="43.325357" lon="-1.762061">
        <ele>176.213</ele>
        <time>2021-08-08T08:56:21Z</time>
      </trkpt>
      <trkpt lat="43.325309" lon="-1.762043">
        <ele>176.008</ele>
        <time>2021-08-08T08:56:27Z</time>
      </trkpt>
      <trkpt lat="43.325263" lon="-1.762024">
        <ele>175.784</ele>
        <time>2021-08-08T08:56:31Z</time>
      </trkpt>
      <trkpt lat="43.325220" lon="-1.762006">
        <ele>175.366</ele>
        <time>2021-08-08T08:56:35Z</time>
      </trkpt>
      <trkpt lat="43.325173" lon="-1.761995">
        <ele>174.629</ele>
        <time>2021-08-08T08:56:39Z</time>
      </trkpt>
      <trkpt lat="43.325125" lon="-1.761992">
        <ele>173.739</ele>
        <time>2021-08-08T08:56:44Z</time>
      </trkpt>
      <trkpt lat="43.325081" lon="-1.762009">
        <ele>172.534</ele>
        <time>2021-08-08T08:56:48Z</time>
      </trkpt>
      <trkpt lat="43.325043" lon="-1.762042">
        <ele>171.153</ele>
        <time>2021-08-08T08:56:52Z</time>
      </trkpt>
      <trkpt lat="43.324998" lon="-1.762046">
        <ele>170.185</ele>
        <time>2021-08-08T08:56:56Z</time>
      </trkpt>
      <trkpt lat="43.324953" lon="-1.762039">
        <ele>169.766</ele>
        <time>2021-08-08T08:56:59Z</time>
      </trkpt>
      <trkpt lat="43.324904" lon="-1.762028">
        <ele>169.227</ele>
        <time>2021-08-08T08:57:03Z</time>
      </trkpt>
      <trkpt lat="43.324854" lon="-1.762021">
        <ele>168.768</ele>
        <time>2021-08-08T08:57:06Z</time>
      </trkpt>
      <trkpt lat="43.324804" lon="-1.762023">
        <ele>168.014</ele>
        <time>2021-08-08T08:57:10Z</time>
      </trkpt>
      <trkpt lat="43.324756" lon="-1.762024">
        <ele>167.308</ele>
        <time>2021-08-08T08:57:13Z</time>
      </trkpt>
      <trkpt lat="43.324703" lon="-1.762032">
        <ele>166.370</ele>
        <time>2021-08-08T08:57:17Z</time>
      </trkpt>
      <trkpt lat="43.324647" lon="-1.762052">
        <ele>164.712</ele>
        <time>2021-08-08T08:57:21Z</time>
      </trkpt>
      <trkpt lat="43.324608" lon="-1.762082">
        <ele>163.535</ele>
        <time>2021-08-08T08:57:25Z</time>
      </trkpt>
      <trkpt lat="43.324584" lon="-1.762135">
        <ele>162.615</ele>
        <time>2021-08-08T08:57:31Z</time>
      </trkpt>
      <trkpt lat="43.324538" lon="-1.762147">
        <ele>161.740</ele>
        <time>2021-08-08T08:57:37Z</time>
      </trkpt>
      <trkpt lat="43.324501" lon="-1.762112">
        <ele>161.149</ele>
        <time>2021-08-08T08:57:41Z</time>
      </trkpt>
      <trkpt lat="43.324475" lon="-1.762056">
        <ele>160.711</ele>
        <time>2021-08-08T08:57:46Z</time>
      </trkpt>
      <trkpt lat="43.324454" lon="-1.761994">
        <ele>160.322</ele>
        <time>2021-08-08T08:57:50Z</time>
      </trkpt>
      <trkpt lat="43.324425" lon="-1.761947">
        <ele>159.552</ele>
        <time>2021-08-08T08:57:55Z</time>
      </trkpt>
      <trkpt lat="43.324402" lon="-1.761891">
        <ele>159.153</ele>
        <time>2021-08-08T08:58:02Z</time>
      </trkpt>
      <trkpt lat="43.324366" lon="-1.761853">
        <ele>158.308</ele>
        <time>2021-08-08T08:58:09Z</time>
      </trkpt>
      <trkpt lat="43.324319" lon="-1.761878">
        <ele>157.008</ele>
        <time>2021-08-08T08:58:16Z</time>
      </trkpt>
      <trkpt lat="43.324270" lon="-1.761877">
        <ele>155.733</ele>
        <time>2021-08-08T08:58:21Z</time>
      </trkpt>
      <trkpt lat="43.324274" lon="-1.761957">
        <ele>155.765</ele>
        <time>2021-08-08T08:58:23Z</time>
      </trkpt>
      <trkpt lat="43.324337" lon="-1.761973">
        <ele>157.358</ele>
        <time>2021-08-08T08:58:25Z</time>
      </trkpt>
      <trkpt lat="43.324295" lon="-1.761915">
        <ele>156.388</ele>
        <time>2021-08-08T08:58:27Z</time>
      </trkpt>
      <trkpt lat="43.324259" lon="-1.761833">
        <ele>155.523</ele>
        <time>2021-08-08T08:58:30Z</time>
      </trkpt>
      <trkpt lat="43.324223" lon="-1.761788">
        <ele>154.582</ele>
        <time>2021-08-08T08:58:31Z</time>
      </trkpt>
      <trkpt lat="43.324176" lon="-1.761728">
        <ele>153.394</ele>
        <time>2021-08-08T08:58:33Z</time>
      </trkpt>
      <trkpt lat="43.324135" lon="-1.761692">
        <ele>151.985</ele>
        <time>2021-08-08T08:58:41Z</time>
      </trkpt>
      <trkpt lat="43.324103" lon="-1.761643">
        <ele>150.757</ele>
        <time>2021-08-08T08:58:44Z</time>
      </trkpt>
      <trkpt lat="43.324083" lon="-1.761585">
        <ele>150.200</ele>
        <time>2021-08-08T08:58:55Z</time>
      </trkpt>
      <trkpt lat="43.324099" lon="-1.761520">
        <ele>150.820</ele>
        <time>2021-08-08T08:58:56Z</time>
      </trkpt>
      <trkpt lat="43.324109" lon="-1.761437">
        <ele>151.308</ele>
        <time>2021-08-08T08:58:58Z</time>
      </trkpt>
      <trkpt lat="43.324117" lon="-1.761363">
        <ele>151.763</ele>
        <time>2021-08-08T08:59:00Z</time>
      </trkpt>
      <trkpt lat="43.324116" lon="-1.761301">
        <ele>151.975</ele>
        <time>2021-08-08T08:59:02Z</time>
      </trkpt>
      <trkpt lat="43.324097" lon="-1.761243">
        <ele>151.598</ele>
        <time>2021-08-08T08:59:16Z</time>
      </trkpt>
      <trkpt lat="43.324073" lon="-1.761180">
        <ele>151.148</ele>
        <time>2021-08-08T08:59:20Z</time>
      </trkpt>
      <trkpt lat="43.324041" lon="-1.761128">
        <ele>150.373</ele>
        <time>2021-08-08T08:59:28Z</time>
      </trkpt>
      <trkpt lat="43.324007" lon="-1.761078">
        <ele>149.842</ele>
        <time>2021-08-08T08:59:31Z</time>
      </trkpt>
      <trkpt lat="43.323987" lon="-1.761021">
        <ele>149.854</ele>
        <time>2021-08-08T08:59:35Z</time>
      </trkpt>
      <trkpt lat="43.323965" lon="-1.760950">
        <ele>149.885</ele>
        <time>2021-08-08T08:59:38Z</time>
      </trkpt>
      <trkpt lat="43.323955" lon="-1.760885">
        <ele>150.157</ele>
        <time>2021-08-08T08:59:40Z</time>
      </trkpt>
      <trkpt lat="43.323947" lon="-1.760814">
        <ele>150.400</ele>
        <time>2021-08-08T08:59:42Z</time>
      </trkpt>
      <trkpt lat="43.323898" lon="-1.760780">
        <ele>148.720</ele>
        <time>2021-08-08T08:59:44Z</time>
      </trkpt>
      <trkpt lat="43.323833" lon="-1.760738">
        <ele>147.208</ele>
        <time>2021-08-08T08:59:46Z</time>
      </trkpt>
      <trkpt lat="43.323848" lon="-1.760601">
        <ele>148.783</ele>
        <time>2021-08-08T08:59:47Z</time>
      </trkpt>
      <trkpt lat="43.323871" lon="-1.760531">
        <ele>149.855</ele>
        <time>2021-08-08T08:59:49Z</time>
      </trkpt>
      <trkpt lat="43.323886" lon="-1.760467">
        <ele>150.638</ele>
        <time>2021-08-08T08:59:52Z</time>
      </trkpt>
      <trkpt lat="43.323916" lon="-1.760417">
        <ele>152.088</ele>
        <time>2021-08-08T08:59:55Z</time>
      </trkpt>
      <trkpt lat="43.323887" lon="-1.760360">
        <ele>151.423</ele>
        <time>2021-08-08T09:00:07Z</time>
      </trkpt>
      <trkpt lat="43.323891" lon="-1.760289">
        <ele>152.092</ele>
        <time>2021-08-08T09:00:10Z</time>
      </trkpt>
      <trkpt lat="43.323893" lon="-1.760227">
        <ele>152.914</ele>
        <time>2021-08-08T09:00:13Z</time>
      </trkpt>
      <trkpt lat="43.323872" lon="-1.760172">
        <ele>153.175</ele>
        <time>2021-08-08T09:00:16Z</time>
      </trkpt>
      <trkpt lat="43.323844" lon="-1.760118">
        <ele>153.195</ele>
        <time>2021-08-08T09:00:19Z</time>
      </trkpt>
      <trkpt lat="43.323812" lon="-1.760059">
        <ele>153.149</ele>
        <time>2021-08-08T09:00:23Z</time>
      </trkpt>
      <trkpt lat="43.323790" lon="-1.760002">
        <ele>153.123</ele>
        <time>2021-08-08T09:00:26Z</time>
      </trkpt>
      <trkpt lat="43.323762" lon="-1.759951">
        <ele>152.808</ele>
        <time>2021-08-08T09:00:29Z</time>
      </trkpt>
      <trkpt lat="43.323728" lon="-1.759882">
        <ele>152.447</ele>
        <time>2021-08-08T09:00:32Z</time>
      </trkpt>
      <trkpt lat="43.323704" lon="-1.759828">
        <ele>152.119</ele>
        <time>2021-08-08T09:00:35Z</time>
      </trkpt>
      <trkpt lat="43.323684" lon="-1.759760">
        <ele>152.182</ele>
        <time>2021-08-08T09:00:41Z</time>
      </trkpt>
      <trkpt lat="43.323671" lon="-1.759699">
        <ele>152.252</ele>
        <time>2021-08-08T09:00:44Z</time>
      </trkpt>
      <trkpt lat="43.323643" lon="-1.759643">
        <ele>151.957</ele>
        <time>2021-08-08T09:00:54Z</time>
      </trkpt>
      <trkpt lat="43.323606" lon="-1.759605">
        <ele>151.256</ele>
        <time>2021-08-08T09:00:58Z</time>
      </trkpt>
      <trkpt lat="43.323571" lon="-1.759556">
        <ele>151.058</ele>
        <time>2021-08-08T09:01:01Z</time>
      </trkpt>
      <trkpt lat="43.323535" lon="-1.759504">
        <ele>150.979</ele>
        <time>2021-08-08T09:01:04Z</time>
      </trkpt>
      <trkpt lat="43.323504" lon="-1.759454">
        <ele>150.979</ele>
        <time>2021-08-08T09:01:07Z</time>
      </trkpt>
      <trkpt lat="43.323468" lon="-1.759400">
        <ele>151.105</ele>
        <time>2021-08-08T09:01:10Z</time>
      </trkpt>
      <trkpt lat="43.323458" lon="-1.759337">
        <ele>151.825</ele>
        <time>2021-08-08T09:01:12Z</time>
      </trkpt>
      <trkpt lat="43.323469" lon="-1.759262">
        <ele>153.108</ele>
        <time>2021-08-08T09:01:14Z</time>
      </trkpt>
      <trkpt lat="43.323469" lon="-1.759200">
        <ele>154.065</ele>
        <time>2021-08-08T09:01:16Z</time>
      </trkpt>
      <trkpt lat="43.323454" lon="-1.759123">
        <ele>154.657</ele>
        <time>2021-08-08T09:01:31Z</time>
      </trkpt>
      <trkpt lat="43.323435" lon="-1.759055">
        <ele>154.830</ele>
        <time>2021-08-08T09:01:33Z</time>
      </trkpt>
      <trkpt lat="43.323406" lon="-1.759007">
        <ele>154.610</ele>
        <time>2021-08-08T09:01:36Z</time>
      </trkpt>
      <trkpt lat="43.323383" lon="-1.758947">
        <ele>154.675</ele>
        <time>2021-08-08T09:01:38Z</time>
      </trkpt>
      <trkpt lat="43.323364" lon="-1.758889">
        <ele>154.714</ele>
        <time>2021-08-08T09:01:41Z</time>
      </trkpt>
      <trkpt lat="43.323344" lon="-1.758832">
        <ele>154.676</ele>
        <time>2021-08-08T09:01:45Z</time>
      </trkpt>
      <trkpt lat="43.323323" lon="-1.758773">
        <ele>154.687</ele>
        <time>2021-08-08T09:01:54Z</time>
      </trkpt>
      <trkpt lat="43.323306" lon="-1.758707">
        <ele>154.825</ele>
        <time>2021-08-08T09:01:58Z</time>
      </trkpt>
      <trkpt lat="43.323283" lon="-1.758627">
        <ele>155.026</ele>
        <time>2021-08-08T09:02:10Z</time>
      </trkpt>
      <trkpt lat="43.323258" lon="-1.758565">
        <ele>155.308</ele>
        <time>2021-08-08T09:02:13Z</time>
      </trkpt>
      <trkpt lat="43.323225" lon="-1.758495">
        <ele>155.608</ele>
        <time>2021-08-08T09:02:21Z</time>
      </trkpt>
      <trkpt lat="43.323199" lon="-1.758433">
        <ele>155.860</ele>
        <time>2021-08-08T09:02:24Z</time>
      </trkpt>
      <trkpt lat="43.323168" lon="-1.758375">
        <ele>155.972</ele>
        <time>2021-08-08T09:02:27Z</time>
      </trkpt>
      <trkpt lat="43.323137" lon="-1.758322">
        <ele>155.865</ele>
        <time>2021-08-08T09:02:30Z</time>
      </trkpt>
      <trkpt lat="43.323110" lon="-1.758264">
        <ele>155.715</ele>
        <time>2021-08-08T09:02:32Z</time>
      </trkpt>
      <trkpt lat="43.323090" lon="-1.758194">
        <ele>155.710</ele>
        <time>2021-08-08T09:02:35Z</time>
      </trkpt>
      <trkpt lat="43.323084" lon="-1.758122">
        <ele>156.159</ele>
        <time>2021-08-08T09:02:37Z</time>
      </trkpt>
      <trkpt lat="43.323078" lon="-1.758056">
        <ele>156.551</ele>
        <time>2021-08-08T09:02:38Z</time>
      </trkpt>
      <trkpt lat="43.323071" lon="-1.757995">
        <ele>156.692</ele>
        <time>2021-08-08T09:02:39Z</time>
      </trkpt>
      <trkpt lat="43.323064" lon="-1.757933">
        <ele>156.666</ele>
        <time>2021-08-08T09:02:41Z</time>
      </trkpt>
      <trkpt lat="43.323055" lon="-1.757870">
        <ele>156.729</ele>
        <time>2021-08-08T09:02:43Z</time>
      </trkpt>
      <trkpt lat="43.323022" lon="-1.757801">
        <ele>156.221</ele>
        <time>2021-08-08T09:02:56Z</time>
      </trkpt>
      <trkpt lat="43.323007" lon="-1.757739">
        <ele>156.508</ele>
        <time>2021-08-08T09:02:58Z</time>
      </trkpt>
      <trkpt lat="43.322971" lon="-1.757684">
        <ele>156.534</ele>
        <time>2021-08-08T09:03:01Z</time>
      </trkpt>
      <trkpt lat="43.322951" lon="-1.757628">
        <ele>156.986</ele>
        <time>2021-08-08T09:03:04Z</time>
      </trkpt>
      <trkpt lat="43.322932" lon="-1.757569">
        <ele>157.319</ele>
        <time>2021-08-08T09:03:11Z</time>
      </trkpt>
      <trkpt lat="43.322906" lon="-1.757491">
        <ele>158.079</ele>
        <time>2021-08-08T09:03:19Z</time>
      </trkpt>
      <trkpt lat="43.322884" lon="-1.757419">
        <ele>159.244</ele>
        <time>2021-08-08T09:03:20Z</time>
      </trkpt>
      <trkpt lat="43.322856" lon="-1.757350">
        <ele>160.333</ele>
        <time>2021-08-08T09:03:21Z</time>
      </trkpt>
      <trkpt lat="43.322820" lon="-1.757292">
        <ele>161.075</ele>
        <time>2021-08-08T09:03:22Z</time>
      </trkpt>
      <trkpt lat="43.322786" lon="-1.757250">
        <ele>161.576</ele>
        <time>2021-08-08T09:03:23Z</time>
      </trkpt>
      <trkpt lat="43.322743" lon="-1.757212">
        <ele>162.042</ele>
        <time>2021-08-08T09:03:25Z</time>
      </trkpt>
      <trkpt lat="43.322696" lon="-1.757194">
        <ele>162.022</ele>
        <time>2021-08-08T09:03:30Z</time>
      </trkpt>
      <trkpt lat="43.322653" lon="-1.757155">
        <ele>162.614</ele>
        <time>2021-08-08T09:03:44Z</time>
      </trkpt>
      <trkpt lat="43.322621" lon="-1.757110">
        <ele>163.308</ele>
        <time>2021-08-08T09:03:50Z</time>
      </trkpt>
      <trkpt lat="43.322584" lon="-1.757044">
        <ele>164.562</ele>
        <time>2021-08-08T09:03:57Z</time>
      </trkpt>
      <trkpt lat="43.322551" lon="-1.756982">
        <ele>165.664</ele>
        <time>2021-08-08T09:03:58Z</time>
      </trkpt>
      <trkpt lat="43.322516" lon="-1.756931">
        <ele>166.587</ele>
        <time>2021-08-08T09:04:00Z</time>
      </trkpt>
      <trkpt lat="43.322479" lon="-1.756885">
        <ele>167.747</ele>
        <time>2021-08-08T09:04:04Z</time>
      </trkpt>
      <trkpt lat="43.322422" lon="-1.756907">
        <ele>167.022</ele>
        <time>2021-08-08T09:04:06Z</time>
      </trkpt>
      <trkpt lat="43.322362" lon="-1.756934">
        <ele>166.351</ele>
        <time>2021-08-08T09:04:07Z</time>
      </trkpt>
      <trkpt lat="43.322315" lon="-1.756919">
        <ele>166.763</ele>
        <time>2021-08-08T09:04:11Z</time>
      </trkpt>
      <trkpt lat="43.322271" lon="-1.756884">
        <ele>167.654</ele>
        <time>2021-08-08T09:04:28Z</time>
      </trkpt>
      <trkpt lat="43.322239" lon="-1.756821">
        <ele>169.185</ele>
        <time>2021-08-08T09:04:32Z</time>
      </trkpt>
      <trkpt lat="43.322218" lon="-1.756764">
        <ele>170.589</ele>
        <time>2021-08-08T09:04:35Z</time>
      </trkpt>
      <trkpt lat="43.322183" lon="-1.756716">
        <ele>171.217</ele>
        <time>2021-08-08T09:04:38Z</time>
      </trkpt>
      <trkpt lat="43.322135" lon="-1.756684">
        <ele>171.308</ele>
        <time>2021-08-08T09:04:40Z</time>
      </trkpt>
      <trkpt lat="43.322083" lon="-1.756662">
        <ele>171.176</ele>
        <time>2021-08-08T09:04:41Z</time>
      </trkpt>
      <trkpt lat="43.322042" lon="-1.756632">
        <ele>170.948</ele>
        <time>2021-08-08T09:04:44Z</time>
      </trkpt>
      <trkpt lat="43.322015" lon="-1.756579">
        <ele>171.311</ele>
        <time>2021-08-08T09:04:48Z</time>
      </trkpt>
      <trkpt lat="43.321992" lon="-1.756520">
        <ele>171.891</ele>
        <time>2021-08-08T09:04:51Z</time>
      </trkpt>
      <trkpt lat="43.321966" lon="-1.756463">
        <ele>172.296</ele>
        <time>2021-08-08T09:04:53Z</time>
      </trkpt>
      <trkpt lat="43.321934" lon="-1.756405">
        <ele>172.665</ele>
        <time>2021-08-08T09:04:57Z</time>
      </trkpt>
      <trkpt lat="43.321890" lon="-1.756369">
        <ele>172.417</ele>
        <time>2021-08-08T09:05:00Z</time>
      </trkpt>
      <trkpt lat="43.321857" lon="-1.756326">
        <ele>172.548</ele>
        <time>2021-08-08T09:05:03Z</time>
      </trkpt>
      <trkpt lat="43.321836" lon="-1.756267">
        <ele>172.993</ele>
        <time>2021-08-08T09:05:06Z</time>
      </trkpt>
      <trkpt lat="43.321796" lon="-1.756226">
        <ele>172.965</ele>
        <time>2021-08-08T09:05:10Z</time>
      </trkpt>
      <trkpt lat="43.321755" lon="-1.756194">
        <ele>172.921</ele>
        <time>2021-08-08T09:05:14Z</time>
      </trkpt>
      <trkpt lat="43.321730" lon="-1.756132">
        <ele>173.408</ele>
        <time>2021-08-08T09:05:19Z</time>
      </trkpt>
      <trkpt lat="43.321686" lon="-1.756103">
        <ele>173.387</ele>
        <time>2021-08-08T09:05:24Z</time>
      </trkpt>
      <trkpt lat="43.321658" lon="-1.756048">
        <ele>173.889</ele>
        <time>2021-08-08T09:05:31Z</time>
      </trkpt>
      <trkpt lat="43.321635" lon="-1.755991">
        <ele>174.482</ele>
        <time>2021-08-08T09:05:34Z</time>
      </trkpt>
      <trkpt lat="43.321599" lon="-1.755941">
        <ele>174.982</ele>
        <time>2021-08-08T09:05:38Z</time>
      </trkpt>
      <trkpt lat="43.321561" lon="-1.755897">
        <ele>175.227</ele>
        <time>2021-08-08T09:05:42Z</time>
      </trkpt>
      <trkpt lat="43.321528" lon="-1.755852">
        <ele>175.736</ele>
        <time>2021-08-08T09:05:45Z</time>
      </trkpt>
      <trkpt lat="43.321491" lon="-1.755805">
        <ele>176.278</ele>
        <time>2021-08-08T09:05:51Z</time>
      </trkpt>
      <trkpt lat="43.321459" lon="-1.755755">
        <ele>176.999</ele>
        <time>2021-08-08T09:05:54Z</time>
      </trkpt>
      <trkpt lat="43.321426" lon="-1.755705">
        <ele>177.628</ele>
        <time>2021-08-08T09:06:00Z</time>
      </trkpt>
      <trkpt lat="43.321412" lon="-1.755636">
        <ele>178.789</ele>
        <time>2021-08-08T09:06:05Z</time>
      </trkpt>
      <trkpt lat="43.321403" lon="-1.755572">
        <ele>179.817</ele>
        <time>2021-08-08T09:06:08Z</time>
      </trkpt>
      <trkpt lat="43.321387" lon="-1.755506">
        <ele>180.908</ele>
        <time>2021-08-08T09:06:12Z</time>
      </trkpt>
      <trkpt lat="43.321358" lon="-1.755450">
        <ele>181.640</ele>
        <time>2021-08-08T09:06:16Z</time>
      </trkpt>
      <trkpt lat="43.321323" lon="-1.755407">
        <ele>182.022</ele>
        <time>2021-08-08T09:06:20Z</time>
      </trkpt>
      <trkpt lat="43.321291" lon="-1.755356">
        <ele>182.515</ele>
        <time>2021-08-08T09:06:24Z</time>
      </trkpt>
      <trkpt lat="43.321256" lon="-1.755310">
        <ele>183.055</ele>
        <time>2021-08-08T09:06:30Z</time>
      </trkpt>
      <trkpt lat="43.321224" lon="-1.755265">
        <ele>183.330</ele>
        <time>2021-08-08T09:06:34Z</time>
      </trkpt>
      <trkpt lat="43.321190" lon="-1.755219">
        <ele>183.439</ele>
        <time>2021-08-08T09:06:37Z</time>
      </trkpt>
      <trkpt lat="43.321160" lon="-1.755170">
        <ele>183.661</ele>
        <time>2021-08-08T09:06:40Z</time>
      </trkpt>
      <trkpt lat="43.321133" lon="-1.755112">
        <ele>184.092</ele>
        <time>2021-08-08T09:06:45Z</time>
      </trkpt>
      <trkpt lat="43.321097" lon="-1.755068">
        <ele>184.268</ele>
        <time>2021-08-08T09:06:48Z</time>
      </trkpt>
      <trkpt lat="43.321052" lon="-1.755018">
        <ele>184.642</ele>
        <time>2021-08-08T09:06:52Z</time>
      </trkpt>
      <trkpt lat="43.321015" lon="-1.754962">
        <ele>184.826</ele>
        <time>2021-08-08T09:06:56Z</time>
      </trkpt>
      <trkpt lat="43.320983" lon="-1.754915">
        <ele>184.808</ele>
        <time>2021-08-08T09:06:59Z</time>
      </trkpt>
      <trkpt lat="43.320946" lon="-1.754871">
        <ele>184.984</ele>
        <time>2021-08-08T09:07:03Z</time>
      </trkpt>
      <trkpt lat="43.320898" lon="-1.754847">
        <ele>184.856</ele>
        <time>2021-08-08T09:07:05Z</time>
      </trkpt>
      <trkpt lat="43.320846" lon="-1.754838">
        <ele>184.679</ele>
        <time>2021-08-08T09:07:06Z</time>
      </trkpt>
      <trkpt lat="43.320806" lon="-1.754809">
        <ele>184.969</ele>
        <time>2021-08-08T09:07:08Z</time>
      </trkpt>
      <trkpt lat="43.320864" lon="-1.754763">
        <ele>185.034</ele>
        <time>2021-08-08T09:07:12Z</time>
      </trkpt>
      <trkpt lat="43.320917" lon="-1.754715">
        <ele>185.233</ele>
        <time>2021-08-08T09:07:14Z</time>
      </trkpt>
      <trkpt lat="43.320873" lon="-1.754703">
        <ele>184.935</ele>
        <time>2021-08-08T09:07:20Z</time>
      </trkpt>
      <trkpt lat="43.320828" lon="-1.754710">
        <ele>184.836</ele>
        <time>2021-08-08T09:07:26Z</time>
      </trkpt>
      <trkpt lat="43.320775" lon="-1.754704">
        <ele>184.978</ele>
        <time>2021-08-08T09:07:32Z</time>
      </trkpt>
      <trkpt lat="43.320728" lon="-1.754707">
        <ele>185.133</ele>
        <time>2021-08-08T09:07:33Z</time>
      </trkpt>
      <trkpt lat="43.320675" lon="-1.754696">
        <ele>185.126</ele>
        <time>2021-08-08T09:07:35Z</time>
      </trkpt>
      <trkpt lat="43.320628" lon="-1.754687">
        <ele>185.108</ele>
        <time>2021-08-08T09:07:36Z</time>
      </trkpt>
      <trkpt lat="43.320583" lon="-1.754682">
        <ele>185.255</ele>
        <time>2021-08-08T09:07:41Z</time>
      </trkpt>
      <trkpt lat="43.320534" lon="-1.754648">
        <ele>185.157</ele>
        <time>2021-08-08T09:07:48Z</time>
      </trkpt>
      <trkpt lat="43.320489" lon="-1.754643">
        <ele>185.830</ele>
        <time>2021-08-08T09:07:56Z</time>
      </trkpt>
      <trkpt lat="43.320427" lon="-1.754619">
        <ele>186.580</ele>
        <time>2021-08-08T09:08:06Z</time>
      </trkpt>
      <trkpt lat="43.320378" lon="-1.754610">
        <ele>187.235</ele>
        <time>2021-08-08T09:08:08Z</time>
      </trkpt>
      <trkpt lat="43.320328" lon="-1.754588">
        <ele>187.734</ele>
        <time>2021-08-08T09:08:10Z</time>
      </trkpt>
      <trkpt lat="43.320279" lon="-1.754559">
        <ele>188.036</ele>
        <time>2021-08-08T09:08:12Z</time>
      </trkpt>
      <trkpt lat="43.320234" lon="-1.754549">
        <ele>188.447</ele>
        <time>2021-08-08T09:08:16Z</time>
      </trkpt>
      <trkpt lat="43.320176" lon="-1.754552">
        <ele>189.183</ele>
        <time>2021-08-08T09:08:19Z</time>
      </trkpt>
      <trkpt lat="43.320117" lon="-1.754529">
        <ele>189.225</ele>
        <time>2021-08-08T09:08:31Z</time>
      </trkpt>
      <trkpt lat="43.320066" lon="-1.754507">
        <ele>189.217</ele>
        <time>2021-08-08T09:08:33Z</time>
      </trkpt>
      <trkpt lat="43.320017" lon="-1.754498">
        <ele>189.408</ele>
        <time>2021-08-08T09:08:35Z</time>
      </trkpt>
      <trkpt lat="43.319973" lon="-1.754511">
        <ele>190.396</ele>
        <time>2021-08-08T09:08:41Z</time>
      </trkpt>
      <trkpt lat="43.319927" lon="-1.754507">
        <ele>190.898</ele>
        <time>2021-08-08T09:08:55Z</time>
      </trkpt>
      <trkpt lat="43.319885" lon="-1.754464">
        <ele>190.261</ele>
        <time>2021-08-08T09:08:58Z</time>
      </trkpt>
      <trkpt lat="43.319845" lon="-1.754432">
        <ele>189.951</ele>
        <time>2021-08-08T09:09:00Z</time>
      </trkpt>
      <trkpt lat="43.319797" lon="-1.754390">
        <ele>189.656</ele>
        <time>2021-08-08T09:09:08Z</time>
      </trkpt>
      <trkpt lat="43.319755" lon="-1.754337">
        <ele>189.185</ele>
        <time>2021-08-08T09:09:11Z</time>
      </trkpt>
      <trkpt lat="43.319721" lon="-1.754287">
        <ele>188.777</ele>
        <time>2021-08-08T09:09:13Z</time>
      </trkpt>
      <trkpt lat="43.319684" lon="-1.754230">
        <ele>189.118</ele>
        <time>2021-08-08T09:09:16Z</time>
      </trkpt>
      <trkpt lat="43.319648" lon="-1.754180">
        <ele>189.538</ele>
        <time>2021-08-08T09:09:19Z</time>
      </trkpt>
      <trkpt lat="43.319616" lon="-1.754130">
        <ele>189.470</ele>
        <time>2021-08-08T09:09:31Z</time>
      </trkpt>
      <trkpt lat="43.319571" lon="-1.754098">
        <ele>190.317</ele>
        <time>2021-08-08T09:09:34Z</time>
      </trkpt>
      <trkpt lat="43.319526" lon="-1.754072">
        <ele>191.408</ele>
        <time>2021-08-08T09:09:36Z</time>
      </trkpt>
      <trkpt lat="43.319480" lon="-1.754055">
        <ele>192.881</ele>
        <time>2021-08-08T09:09:38Z</time>
      </trkpt>
      <trkpt lat="43.319427" lon="-1.754027">
        <ele>194.123</ele>
        <time>2021-08-08T09:09:43Z</time>
      </trkpt>
      <trkpt lat="43.319379" lon="-1.753977">
        <ele>194.056</ele>
        <time>2021-08-08T09:09:45Z</time>
      </trkpt>
      <trkpt lat="43.319341" lon="-1.753943">
        <ele>194.076</ele>
        <time>2021-08-08T09:09:48Z</time>
      </trkpt>
      <trkpt lat="43.319279" lon="-1.753920">
        <ele>195.051</ele>
        <time>2021-08-08T09:09:51Z</time>
      </trkpt>
      <trkpt lat="43.319234" lon="-1.753915">
        <ele>196.260</ele>
        <time>2021-08-08T09:09:53Z</time>
      </trkpt>
      <trkpt lat="43.319165" lon="-1.753914">
        <ele>198.292</ele>
        <time>2021-08-08T09:09:55Z</time>
      </trkpt>
      <trkpt lat="43.319127" lon="-1.753878">
        <ele>197.743</ele>
        <time>2021-08-08T09:09:58Z</time>
      </trkpt>
      <trkpt lat="43.319103" lon="-1.753820">
        <ele>197.054</ele>
        <time>2021-08-08T09:10:12Z</time>
      </trkpt>
      <trkpt lat="43.319058" lon="-1.753840">
        <ele>198.756</ele>
        <time>2021-08-08T09:10:14Z</time>
      </trkpt>
      <trkpt lat="43.318997" lon="-1.753824">
        <ele>200.111</ele>
        <time>2021-08-08T09:10:16Z</time>
      </trkpt>
      <trkpt lat="43.318960" lon="-1.753767">
        <ele>200.108</ele>
        <time>2021-08-08T09:10:19Z</time>
      </trkpt>
      <trkpt lat="43.318966" lon="-1.753695">
        <ele>198.763</ele>
        <time>2021-08-08T09:10:30Z</time>
      </trkpt>
      <trkpt lat="43.318971" lon="-1.753624">
        <ele>197.375</ele>
        <time>2021-08-08T09:10:32Z</time>
      </trkpt>
      <trkpt lat="43.318980" lon="-1.753543">
        <ele>199.228</ele>
        <time>2021-08-08T09:10:35Z</time>
      </trkpt>
      <trkpt lat="43.318996" lon="-1.753484">
        <ele>200.688</ele>
        <time>2021-08-08T09:10:38Z</time>
      </trkpt>
      <trkpt lat="43.319024" lon="-1.753416">
        <ele>201.823</ele>
        <time>2021-08-08T09:10:43Z</time>
      </trkpt>
      <trkpt lat="43.319062" lon="-1.753363">
        <ele>201.972</ele>
        <time>2021-08-08T09:10:45Z</time>
      </trkpt>
      <trkpt lat="43.319105" lon="-1.753324">
        <ele>201.014</ele>
        <time>2021-08-08T09:10:48Z</time>
      </trkpt>
      <trkpt lat="43.319141" lon="-1.753277">
        <ele>199.915</ele>
        <time>2021-08-08T09:10:51Z</time>
      </trkpt>
      <trkpt lat="43.319157" lon="-1.753190">
        <ele>200.172</ele>
        <time>2021-08-08T09:11:03Z</time>
      </trkpt>
      <trkpt lat="43.319162" lon="-1.753112">
        <ele>200.613</ele>
        <time>2021-08-08T09:11:05Z</time>
      </trkpt>
      <trkpt lat="43.319157" lon="-1.753035">
        <ele>201.314</ele>
        <time>2021-08-08T09:11:08Z</time>
      </trkpt>
      <trkpt lat="43.319138" lon="-1.752960">
        <ele>201.508</ele>
        <time>2021-08-08T09:11:10Z</time>
      </trkpt>
      <trkpt lat="43.319127" lon="-1.752900">
        <ele>201.445</ele>
        <time>2021-08-08T09:11:13Z</time>
      </trkpt>
      <trkpt lat="43.319086" lon="-1.752871">
        <ele>203.137</ele>
        <time>2021-08-08T09:11:26Z</time>
      </trkpt>
      <trkpt lat="43.319057" lon="-1.752823">
        <ele>203.860</ele>
        <time>2021-08-08T09:11:29Z</time>
      </trkpt>
      <trkpt lat="43.319025" lon="-1.752780">
        <ele>204.770</ele>
        <time>2021-08-08T09:11:35Z</time>
      </trkpt>
      <trkpt lat="43.318993" lon="-1.752720">
        <ele>204.885</ele>
        <time>2021-08-08T09:11:41Z</time>
      </trkpt>
      <trkpt lat="43.318970" lon="-1.752655">
        <ele>204.594</ele>
        <time>2021-08-08T09:11:45Z</time>
      </trkpt>
      <trkpt lat="43.318945" lon="-1.752604">
        <ele>204.786</ele>
        <time>2021-08-08T09:11:50Z</time>
      </trkpt>
      <trkpt lat="43.318914" lon="-1.752551">
        <ele>205.457</ele>
        <time>2021-08-08T09:11:53Z</time>
      </trkpt>
      <trkpt lat="43.318885" lon="-1.752499">
        <ele>206.231</ele>
        <time>2021-08-08T09:11:58Z</time>
      </trkpt>
      <trkpt lat="43.318870" lon="-1.752423">
        <ele>206.361</ele>
        <time>2021-08-08T09:12:07Z</time>
      </trkpt>
      <trkpt lat="43.318870" lon="-1.752313">
        <ele>205.207</ele>
        <time>2021-08-08T09:12:09Z</time>
      </trkpt>
      <trkpt lat="43.318776" lon="-1.752295">
        <ele>211.208</ele>
        <time>2021-08-08T09:12:12Z</time>
      </trkpt>
      <trkpt lat="43.318720" lon="-1.752294">
        <ele>214.971</ele>
        <time>2021-08-08T09:12:14Z</time>
      </trkpt>
      <trkpt lat="43.318769" lon="-1.752280">
        <ele>211.613</ele>
        <time>2021-08-08T09:12:18Z</time>
      </trkpt>
      <trkpt lat="43.318864" lon="-1.752250">
        <ele>205.086</ele>
        <time>2021-08-08T09:12:20Z</time>
      </trkpt>
      <trkpt lat="43.318913" lon="-1.752221">
        <ele>201.436</ele>
        <time>2021-08-08T09:12:22Z</time>
      </trkpt>
      <trkpt lat="43.318937" lon="-1.752168">
        <ele>199.971</ele>
        <time>2021-08-08T09:12:29Z</time>
      </trkpt>
      <trkpt lat="43.318922" lon="-1.752107">
        <ele>201.170</ele>
        <time>2021-08-08T09:12:40Z</time>
      </trkpt>
      <trkpt lat="43.318900" lon="-1.752046">
        <ele>202.842</ele>
        <time>2021-08-08T09:12:45Z</time>
      </trkpt>
      <trkpt lat="43.318867" lon="-1.751970">
        <ele>205.463</ele>
        <time>2021-08-08T09:12:49Z</time>
      </trkpt>
      <trkpt lat="43.318841" lon="-1.751915">
        <ele>207.259</ele>
        <time>2021-08-08T09:12:50Z</time>
      </trkpt>
      <trkpt lat="43.318817" lon="-1.751850">
        <ele>208.703</ele>
        <time>2021-08-08T09:12:53Z</time>
      </trkpt>
      <trkpt lat="43.318809" lon="-1.751786">
        <ele>209.123</ele>
        <time>2021-08-08T09:12:57Z</time>
      </trkpt>
      <trkpt lat="43.318789" lon="-1.751706">
        <ele>210.208</ele>
        <time>2021-08-08T09:13:06Z</time>
      </trkpt>
      <trkpt lat="43.318756" lon="-1.751651">
        <ele>212.023</ele>
        <time>2021-08-08T09:13:09Z</time>
      </trkpt>
      <trkpt lat="43.318732" lon="-1.751595">
        <ele>212.925</ele>
        <time>2021-08-08T09:13:12Z</time>
      </trkpt>
      <trkpt lat="43.318711" lon="-1.751539">
        <ele>213.588</ele>
        <time>2021-08-08T09:13:20Z</time>
      </trkpt>
      <trkpt lat="43.318680" lon="-1.751478">
        <ele>214.658</ele>
        <time>2021-08-08T09:13:22Z</time>
      </trkpt>
      <trkpt lat="43.318651" lon="-1.751429">
        <ele>215.573</ele>
        <time>2021-08-08T09:13:25Z</time>
      </trkpt>
      <trkpt lat="43.318618" lon="-1.751385">
        <ele>216.642</ele>
        <time>2021-08-08T09:13:30Z</time>
      </trkpt>
      <trkpt lat="43.318579" lon="-1.751336">
        <ele>217.434</ele>
        <time>2021-08-08T09:13:33Z</time>
      </trkpt>
      <trkpt lat="43.318545" lon="-1.751291">
        <ele>217.835</ele>
        <time>2021-08-08T09:13:36Z</time>
      </trkpt>
      <trkpt lat="43.318512" lon="-1.751248">
        <ele>218.211</ele>
        <time>2021-08-08T09:13:41Z</time>
      </trkpt>
      <trkpt lat="43.318477" lon="-1.751206">
        <ele>218.521</ele>
        <time>2021-08-08T09:13:46Z</time>
      </trkpt>
      <trkpt lat="43.318437" lon="-1.751156">
        <ele>218.803</ele>
        <time>2021-08-08T09:13:58Z</time>
      </trkpt>
      <trkpt lat="43.318391" lon="-1.751137">
        <ele>219.808</ele>
        <time>2021-08-08T09:14:02Z</time>
      </trkpt>
      <trkpt lat="43.318338" lon="-1.751136">
        <ele>221.619</ele>
        <time>2021-08-08T09:14:06Z</time>
      </trkpt>
      <trkpt lat="43.318282" lon="-1.751150">
        <ele>222.271</ele>
        <time>2021-08-08T09:14:08Z</time>
      </trkpt>
      <trkpt lat="43.318227" lon="-1.751160">
        <ele>222.654</ele>
        <time>2021-08-08T09:14:11Z</time>
      </trkpt>
      <trkpt lat="43.318182" lon="-1.751164">
        <ele>222.874</ele>
        <time>2021-08-08T09:14:15Z</time>
      </trkpt>
      <trkpt lat="43.318140" lon="-1.751192">
        <ele>223.979</ele>
        <time>2021-08-08T09:14:25Z</time>
      </trkpt>
      <trkpt lat="43.318090" lon="-1.751215">
        <ele>225.018</ele>
        <time>2021-08-08T09:14:27Z</time>
      </trkpt>
      <trkpt lat="43.318045" lon="-1.751244">
        <ele>226.060</ele>
        <time>2021-08-08T09:14:36Z</time>
      </trkpt>
      <trkpt lat="43.317994" lon="-1.751277">
        <ele>225.841</ele>
        <time>2021-08-08T09:14:39Z</time>
      </trkpt>
      <trkpt lat="43.317949" lon="-1.751308">
        <ele>225.797</ele>
        <time>2021-08-08T09:14:44Z</time>
      </trkpt>
      <trkpt lat="43.317912" lon="-1.751359">
        <ele>226.723</ele>
        <time>2021-08-08T09:14:46Z</time>
      </trkpt>
      <trkpt lat="43.317885" lon="-1.751411">
        <ele>228.025</ele>
        <time>2021-08-08T09:14:49Z</time>
      </trkpt>
      <trkpt lat="43.317864" lon="-1.751477">
        <ele>230.008</ele>
        <time>2021-08-08T09:15:02Z</time>
      </trkpt>
      <trkpt lat="43.317829" lon="-1.751522">
        <ele>231.057</ele>
        <time>2021-08-08T09:15:05Z</time>
      </trkpt>
      <trkpt lat="43.317794" lon="-1.751562">
        <ele>231.899</ele>
        <time>2021-08-08T09:15:14Z</time>
      </trkpt>
      <trkpt lat="43.317742" lon="-1.751579">
        <ele>231.942</ele>
        <time>2021-08-08T09:15:18Z</time>
      </trkpt>
      <trkpt lat="43.317695" lon="-1.751591">
        <ele>232.122</ele>
        <time>2021-08-08T09:15:21Z</time>
      </trkpt>
      <trkpt lat="43.317647" lon="-1.751624">
        <ele>233.477</ele>
        <time>2021-08-08T09:15:30Z</time>
      </trkpt>
      <trkpt lat="43.317600" lon="-1.751652">
        <ele>234.656</ele>
        <time>2021-08-08T09:15:33Z</time>
      </trkpt>
      <trkpt lat="43.317548" lon="-1.751691">
        <ele>236.268</ele>
        <time>2021-08-08T09:15:41Z</time>
      </trkpt>
      <trkpt lat="43.317497" lon="-1.751720">
        <ele>237.379</ele>
        <time>2021-08-08T09:15:43Z</time>
      </trkpt>
      <trkpt lat="43.317453" lon="-1.751741">
        <ele>237.783</ele>
        <time>2021-08-08T09:15:45Z</time>
      </trkpt>
      <trkpt lat="43.317398" lon="-1.751763">
        <ele>238.125</ele>
        <time>2021-08-08T09:15:48Z</time>
      </trkpt>
      <trkpt lat="43.317347" lon="-1.751779">
        <ele>238.217</ele>
        <time>2021-08-08T09:15:52Z</time>
      </trkpt>
      <trkpt lat="43.317310" lon="-1.751831">
        <ele>240.008</ele>
        <time>2021-08-08T09:16:06Z</time>
      </trkpt>
      <trkpt lat="43.317262" lon="-1.751836">
        <ele>239.716</ele>
        <time>2021-08-08T09:16:08Z</time>
      </trkpt>
      <trkpt lat="43.317210" lon="-1.751832">
        <ele>239.428</ele>
        <time>2021-08-08T09:16:14Z</time>
      </trkpt>
      <trkpt lat="43.317165" lon="-1.751824">
        <ele>240.011</ele>
        <time>2021-08-08T09:16:18Z</time>
      </trkpt>
      <trkpt lat="43.317098" lon="-1.751805">
        <ele>240.781</ele>
        <time>2021-08-08T09:16:20Z</time>
      </trkpt>
      <trkpt lat="43.317051" lon="-1.751795">
        <ele>241.246</ele>
        <time>2021-08-08T09:16:23Z</time>
      </trkpt>
      <trkpt lat="43.317002" lon="-1.751794">
        <ele>242.395</ele>
        <time>2021-08-08T09:16:30Z</time>
      </trkpt>
      <trkpt lat="43.316950" lon="-1.751794">
        <ele>243.417</ele>
        <time>2021-08-08T09:16:33Z</time>
      </trkpt>
      <trkpt lat="43.316905" lon="-1.751793">
        <ele>243.048</ele>
        <time>2021-08-08T09:16:37Z</time>
      </trkpt>
      <trkpt lat="43.316859" lon="-1.751806">
        <ele>243.149</ele>
        <time>2021-08-08T09:16:41Z</time>
      </trkpt>
      <trkpt lat="43.316816" lon="-1.751829">
        <ele>243.602</ele>
        <time>2021-08-08T09:16:53Z</time>
      </trkpt>
      <trkpt lat="43.316785" lon="-1.751896">
        <ele>246.222</ele>
        <time>2021-08-08T09:16:57Z</time>
      </trkpt>
      <trkpt lat="43.316753" lon="-1.751945">
        <ele>248.008</ele>
        <time>2021-08-08T09:17:07Z</time>
      </trkpt>
      <trkpt lat="43.316722" lon="-1.752008">
        <ele>249.752</ele>
        <time>2021-08-08T09:17:10Z</time>
      </trkpt>
      <trkpt lat="43.316699" lon="-1.752061">
        <ele>251.224</ele>
        <time>2021-08-08T09:17:14Z</time>
      </trkpt>
      <trkpt lat="43.316665" lon="-1.752116">
        <ele>252.557</ele>
        <time>2021-08-08T09:17:21Z</time>
      </trkpt>
      <trkpt lat="43.316631" lon="-1.752164">
        <ele>253.727</ele>
        <time>2021-08-08T09:17:25Z</time>
      </trkpt>
      <trkpt lat="43.316602" lon="-1.752213">
        <ele>255.232</ele>
        <time>2021-08-08T09:17:37Z</time>
      </trkpt>
      <trkpt lat="43.316548" lon="-1.752231">
        <ele>255.581</ele>
        <time>2021-08-08T09:17:42Z</time>
      </trkpt>
      <trkpt lat="43.316502" lon="-1.752236">
        <ele>255.493</ele>
        <time>2021-08-08T09:17:47Z</time>
      </trkpt>
      <trkpt lat="43.316447" lon="-1.752245">
        <ele>255.524</ele>
        <time>2021-08-08T09:17:54Z</time>
      </trkpt>
      <trkpt lat="43.316401" lon="-1.752256">
        <ele>255.795</ele>
        <time>2021-08-08T09:17:57Z</time>
      </trkpt>
      <trkpt lat="43.316349" lon="-1.752277">
        <ele>256.449</ele>
        <time>2021-08-08T09:18:03Z</time>
      </trkpt>
      <trkpt lat="43.316313" lon="-1.752316">
        <ele>257.923</ele>
        <time>2021-08-08T09:18:06Z</time>
      </trkpt>
      <trkpt lat="43.316272" lon="-1.752343">
        <ele>258.908</ele>
        <time>2021-08-08T09:18:16Z</time>
      </trkpt>
      <trkpt lat="43.316219" lon="-1.752385">
        <ele>260.367</ele>
        <time>2021-08-08T09:18:22Z</time>
      </trkpt>
      <trkpt lat="43.316176" lon="-1.752406">
        <ele>260.889</ele>
        <time>2021-08-08T09:18:26Z</time>
      </trkpt>
      <trkpt lat="43.316132" lon="-1.752423">
        <ele>261.152</ele>
        <time>2021-08-08T09:18:34Z</time>
      </trkpt>
      <trkpt lat="43.316070" lon="-1.752591">
        <ele>268.212</ele>
        <time>2021-08-08T09:18:35Z</time>
      </trkpt>
      <trkpt lat="43.316000" lon="-1.752716">
        <ele>273.357</ele>
        <time>2021-08-08T09:18:37Z</time>
      </trkpt>
      <trkpt lat="43.315942" lon="-1.752655">
        <ele>271.226</ele>
        <time>2021-08-08T09:18:40Z</time>
      </trkpt>
      <trkpt lat="43.315898" lon="-1.752612">
        <ele>269.948</ele>
        <time>2021-08-08T09:18:41Z</time>
      </trkpt>
      <trkpt lat="43.315869" lon="-1.752546">
        <ele>268.059</ele>
        <time>2021-08-08T09:18:43Z</time>
      </trkpt>
      <trkpt lat="43.315862" lon="-1.752472">
        <ele>265.855</ele>
        <time>2021-08-08T09:18:44Z</time>
      </trkpt>
      <trkpt lat="43.315914" lon="-1.752463">
        <ele>264.907</ele>
        <time>2021-08-08T09:18:49Z</time>
      </trkpt>
      <trkpt lat="43.315867" lon="-1.752445">
        <ele>264.817</ele>
        <time>2021-08-08T09:19:02Z</time>
      </trkpt>
      <trkpt lat="43.315820" lon="-1.752409">
        <ele>264.308</ele>
        <time>2021-08-08T09:19:04Z</time>
      </trkpt>
      <trkpt lat="43.315768" lon="-1.752419">
        <ele>265.633</ele>
        <time>2021-08-08T09:19:07Z</time>
      </trkpt>
      <trkpt lat="43.315713" lon="-1.752420">
        <ele>266.655</ele>
        <time>2021-08-08T09:19:10Z</time>
      </trkpt>
      <trkpt lat="43.315665" lon="-1.752427">
        <ele>267.758</ele>
        <time>2021-08-08T09:19:13Z</time>
      </trkpt>
      <trkpt lat="43.315620" lon="-1.752432">
        <ele>268.658</ele>
        <time>2021-08-08T09:19:16Z</time>
      </trkpt>
      <trkpt lat="43.315574" lon="-1.752444">
        <ele>269.923</ele>
        <time>2021-08-08T09:19:20Z</time>
      </trkpt>
      <trkpt lat="43.315520" lon="-1.752478">
        <ele>270.742</ele>
        <time>2021-08-08T09:19:29Z</time>
      </trkpt>
      <trkpt lat="43.315479" lon="-1.752506">
        <ele>270.884</ele>
        <time>2021-08-08T09:19:33Z</time>
      </trkpt>
      <trkpt lat="43.315439" lon="-1.752553">
        <ele>271.575</ele>
        <time>2021-08-08T09:19:41Z</time>
      </trkpt>
      <trkpt lat="43.315410" lon="-1.752610">
        <ele>272.545</ele>
        <time>2021-08-08T09:19:43Z</time>
      </trkpt>
      <trkpt lat="43.315400" lon="-1.752672">
        <ele>274.147</ele>
        <time>2021-08-08T09:19:47Z</time>
      </trkpt>
      <trkpt lat="43.315378" lon="-1.752728">
        <ele>275.111</ele>
        <time>2021-08-08T09:19:56Z</time>
      </trkpt>
      <trkpt lat="43.315349" lon="-1.752786">
        <ele>276.108</ele>
        <time>2021-08-08T09:19:58Z</time>
      </trkpt>
      <trkpt lat="43.315312" lon="-1.752833">
        <ele>276.942</ele>
        <time>2021-08-08T09:20:01Z</time>
      </trkpt>
      <trkpt lat="43.315273" lon="-1.752865">
        <ele>277.084</ele>
        <time>2021-08-08T09:20:07Z</time>
      </trkpt>
      <trkpt lat="43.315227" lon="-1.752909">
        <ele>277.287</ele>
        <time>2021-08-08T09:20:16Z</time>
      </trkpt>
      <trkpt lat="43.315181" lon="-1.752952">
        <ele>277.137</ele>
        <time>2021-08-08T09:20:18Z</time>
      </trkpt>
      <trkpt lat="43.315150" lon="-1.753001">
        <ele>277.472</ele>
        <time>2021-08-08T09:20:24Z</time>
      </trkpt>
      <trkpt lat="43.315113" lon="-1.753057">
        <ele>277.571</ele>
        <time>2021-08-08T09:20:35Z</time>
      </trkpt>
      <trkpt lat="43.315069" lon="-1.753096">
        <ele>277.323</ele>
        <time>2021-08-08T09:20:38Z</time>
      </trkpt>
      <trkpt lat="43.315023" lon="-1.753131">
        <ele>276.974</ele>
        <time>2021-08-08T09:20:46Z</time>
      </trkpt>
      <trkpt lat="43.314986" lon="-1.753175">
        <ele>277.747</ele>
        <time>2021-08-08T09:20:49Z</time>
      </trkpt>
      <trkpt lat="43.314954" lon="-1.753219">
        <ele>279.129</ele>
        <time>2021-08-08T09:20:54Z</time>
      </trkpt>
      <trkpt lat="43.314918" lon="-1.753279">
        <ele>280.621</ele>
        <time>2021-08-08T09:20:59Z</time>
      </trkpt>
      <trkpt lat="43.314896" lon="-1.753341">
        <ele>282.008</ele>
        <time>2021-08-08T09:21:03Z</time>
      </trkpt>
      <trkpt lat="43.314870" lon="-1.753394">
        <ele>283.252</ele>
        <time>2021-08-08T09:21:09Z</time>
      </trkpt>
      <trkpt lat="43.314828" lon="-1.753434">
        <ele>283.484</ele>
        <time>2021-08-08T09:21:11Z</time>
      </trkpt>
      <trkpt lat="43.314787" lon="-1.753465">
        <ele>283.247</ele>
        <time>2021-08-08T09:21:13Z</time>
      </trkpt>
      <trkpt lat="43.314739" lon="-1.753502">
        <ele>282.897</ele>
        <time>2021-08-08T09:21:15Z</time>
      </trkpt>
      <trkpt lat="43.314691" lon="-1.753541">
        <ele>284.052</ele>
        <time>2021-08-08T09:21:18Z</time>
      </trkpt>
      <trkpt lat="43.314648" lon="-1.753567">
        <ele>285.451</ele>
        <time>2021-08-08T09:21:20Z</time>
      </trkpt>
      <trkpt lat="43.314620" lon="-1.753621">
        <ele>286.793</ele>
        <time>2021-08-08T09:21:23Z</time>
      </trkpt>
      <trkpt lat="43.314607" lon="-1.753688">
        <ele>288.454</ele>
        <time>2021-08-08T09:21:38Z</time>
      </trkpt>
      <trkpt lat="43.314570" lon="-1.753726">
        <ele>289.311</ele>
        <time>2021-08-08T09:21:41Z</time>
      </trkpt>
      <trkpt lat="43.314534" lon="-1.753770">
        <ele>289.921</ele>
        <time>2021-08-08T09:21:47Z</time>
      </trkpt>
      <trkpt lat="43.314486" lon="-1.753820">
        <ele>290.203</ele>
        <time>2021-08-08T09:21:50Z</time>
      </trkpt>
      <trkpt lat="43.314444" lon="-1.753862">
        <ele>289.908</ele>
        <time>2021-08-08T09:21:53Z</time>
      </trkpt>
      <trkpt lat="43.314402" lon="-1.753897">
        <ele>290.939</ele>
        <time>2021-08-08T09:21:55Z</time>
      </trkpt>
      <trkpt lat="43.314367" lon="-1.753945">
        <ele>292.761</ele>
        <time>2021-08-08T09:22:13Z</time>
      </trkpt>
      <trkpt lat="43.314325" lon="-1.753980">
        <ele>294.164</ele>
        <time>2021-08-08T09:22:15Z</time>
      </trkpt>
      <trkpt lat="43.314282" lon="-1.754014">
        <ele>295.324</ele>
        <time>2021-08-08T09:22:20Z</time>
      </trkpt>
      <trkpt lat="43.314232" lon="-1.754040">
        <ele>296.369</ele>
        <time>2021-08-08T09:22:27Z</time>
      </trkpt>
      <trkpt lat="43.314187" lon="-1.754061">
        <ele>297.018</ele>
        <time>2021-08-08T09:22:30Z</time>
      </trkpt>
      <trkpt lat="43.314132" lon="-1.754086">
        <ele>299.190</ele>
        <time>2021-08-08T09:22:34Z</time>
      </trkpt>
      <trkpt lat="43.314073" lon="-1.754086">
        <ele>301.641</ele>
        <time>2021-08-08T09:22:35Z</time>
      </trkpt>
      <trkpt lat="43.314027" lon="-1.754083">
        <ele>303.651</ele>
        <time>2021-08-08T09:22:39Z</time>
      </trkpt>
      <trkpt lat="43.313980" lon="-1.754085">
        <ele>305.601</ele>
        <time>2021-08-08T09:22:52Z</time>
      </trkpt>
      <trkpt lat="43.313936" lon="-1.754061">
        <ele>307.611</ele>
        <time>2021-08-08T09:22:58Z</time>
      </trkpt>
      <trkpt lat="43.313910" lon="-1.754004">
        <ele>309.108</ele>
        <time>2021-08-08T09:23:12Z</time>
      </trkpt>
      <trkpt lat="43.313917" lon="-1.753926">
        <ele>309.133</ele>
        <time>2021-08-08T09:23:15Z</time>
      </trkpt>
      <trkpt lat="43.313921" lon="-1.753861">
        <ele>309.475</ele>
        <time>2021-08-08T09:23:19Z</time>
      </trkpt>
      <trkpt lat="43.313923" lon="-1.753787">
        <ele>310.168</ele>
        <time>2021-08-08T09:23:23Z</time>
      </trkpt>
      <trkpt lat="43.313934" lon="-1.753722">
        <ele>310.338</ele>
        <time>2021-08-08T09:23:26Z</time>
      </trkpt>
      <trkpt lat="43.313949" lon="-1.753653">
        <ele>310.413</ele>
        <time>2021-08-08T09:23:29Z</time>
      </trkpt>
      <trkpt lat="43.313973" lon="-1.753598">
        <ele>310.152</ele>
        <time>2021-08-08T09:23:32Z</time>
      </trkpt>
      <trkpt lat="43.313998" lon="-1.753535">
        <ele>310.414</ele>
        <time>2021-08-08T09:23:35Z</time>
      </trkpt>
      <trkpt lat="43.314009" lon="-1.753467">
        <ele>311.675</ele>
        <time>2021-08-08T09:23:39Z</time>
      </trkpt>
      <trkpt lat="43.314020" lon="-1.753403">
        <ele>312.674</ele>
        <time>2021-08-08T09:23:41Z</time>
      </trkpt>
      <trkpt lat="43.314043" lon="-1.753344">
        <ele>313.056</ele>
        <time>2021-08-08T09:23:48Z</time>
      </trkpt>
      <trkpt lat="43.314050" lon="-1.753279">
        <ele>313.721</ele>
        <time>2021-08-08T09:23:53Z</time>
      </trkpt>
      <trkpt lat="43.314045" lon="-1.753210">
        <ele>314.908</ele>
        <time>2021-08-08T09:24:07Z</time>
      </trkpt>
      <trkpt lat="43.314048" lon="-1.753141">
        <ele>315.825</ele>
        <time>2021-08-08T09:24:10Z</time>
      </trkpt>
      <trkpt lat="43.314053" lon="-1.753076">
        <ele>316.437</ele>
        <time>2021-08-08T09:24:13Z</time>
      </trkpt>
      <trkpt lat="43.314076" lon="-1.753021">
        <ele>315.770</ele>
        <time>2021-08-08T09:24:41Z</time>
      </trkpt>
      <trkpt lat="43.314099" lon="-1.752967">
        <ele>314.730</ele>
        <time>2021-08-08T09:24:49Z</time>
      </trkpt>
      <trkpt lat="43.314133" lon="-1.752921">
        <ele>313.275</ele>
        <time>2021-08-08T09:24:55Z</time>
      </trkpt>
      <trkpt lat="43.314160" lon="-1.752863">
        <ele>312.044</ele>
        <time>2021-08-08T09:24:58Z</time>
      </trkpt>
      <trkpt lat="43.314157" lon="-1.752758">
        <ele>312.446</ele>
        <time>2021-08-08T09:25:00Z</time>
      </trkpt>
      <trkpt lat="43.314150" lon="-1.752675">
        <ele>312.247</ele>
        <time>2021-08-08T09:25:01Z</time>
      </trkpt>
      <trkpt lat="43.314134" lon="-1.752604">
        <ele>312.627</ele>
        <time>2021-08-08T09:25:02Z</time>
      </trkpt>
      <trkpt lat="43.314111" lon="-1.752524">
        <ele>313.568</ele>
        <time>2021-08-08T09:25:05Z</time>
      </trkpt>
      <trkpt lat="43.314087" lon="-1.752466">
        <ele>315.314</ele>
        <time>2021-08-08T09:25:10Z</time>
      </trkpt>
      <trkpt lat="43.314039" lon="-1.752444">
        <ele>318.408</ele>
        <time>2021-08-08T09:25:14Z</time>
      </trkpt>
      <trkpt lat="43.313995" lon="-1.752462">
        <ele>320.850</ele>
        <time>2021-08-08T09:25:20Z</time>
      </trkpt>
      <trkpt lat="43.313923" lon="-1.752434">
        <ele>325.192</ele>
        <time>2021-08-08T09:25:27Z</time>
      </trkpt>
      <trkpt lat="43.313923" lon="-1.752434">
        <ele>325.115</ele>
        <time>2021-08-08T09:25:27Z</time>
      </trkpt>
      <trkpt lat="43.313954" lon="-1.752374">
        <ele>323.555</ele>
        <time>2021-08-08T09:25:31Z</time>
      </trkpt>
      <trkpt lat="43.314003" lon="-1.752351">
        <ele>321.150</ele>
        <time>2021-08-08T09:25:33Z</time>
      </trkpt>
      <trkpt lat="43.314005" lon="-1.752286">
        <ele>321.539</ele>
        <time>2021-08-08T09:25:43Z</time>
      </trkpt>
      <trkpt lat="43.314017" lon="-1.752224">
        <ele>321.561</ele>
        <time>2021-08-08T09:25:47Z</time>
      </trkpt>
      <trkpt lat="43.314036" lon="-1.752166">
        <ele>321.612</ele>
        <time>2021-08-08T09:25:51Z</time>
      </trkpt>
      <trkpt lat="43.314057" lon="-1.752105">
        <ele>321.834</ele>
        <time>2021-08-08T09:25:53Z</time>
      </trkpt>
      <trkpt lat="43.314091" lon="-1.752055">
        <ele>321.455</ele>
        <time>2021-08-08T09:25:56Z</time>
      </trkpt>
      <trkpt lat="43.314125" lon="-1.751994">
        <ele>321.410</ele>
        <time>2021-08-08T09:25:59Z</time>
      </trkpt>
      <trkpt lat="43.314145" lon="-1.751938">
        <ele>321.808</ele>
        <time>2021-08-08T09:26:02Z</time>
      </trkpt>
      <trkpt lat="43.314171" lon="-1.751878">
        <ele>321.611</ele>
        <time>2021-08-08T09:26:06Z</time>
      </trkpt>
      <trkpt lat="43.314201" lon="-1.751820">
        <ele>321.643</ele>
        <time>2021-08-08T09:26:10Z</time>
      </trkpt>
      <trkpt lat="43.314223" lon="-1.751752">
        <ele>321.916</ele>
        <time>2021-08-08T09:26:14Z</time>
      </trkpt>
      <trkpt lat="43.314233" lon="-1.751690">
        <ele>322.366</ele>
        <time>2021-08-08T09:26:17Z</time>
      </trkpt>
      <trkpt lat="43.314236" lon="-1.751621">
        <ele>322.771</ele>
        <time>2021-08-08T09:26:30Z</time>
      </trkpt>
      <trkpt lat="43.314245" lon="-1.751551">
        <ele>322.950</ele>
        <time>2021-08-08T09:26:32Z</time>
      </trkpt>
      <trkpt lat="43.314240" lon="-1.751480">
        <ele>323.442</ele>
        <time>2021-08-08T09:26:35Z</time>
      </trkpt>
      <trkpt lat="43.314232" lon="-1.751417">
        <ele>324.033</ele>
        <time>2021-08-08T09:26:38Z</time>
      </trkpt>
      <trkpt lat="43.314223" lon="-1.751352">
        <ele>324.574</ele>
        <time>2021-08-08T09:26:42Z</time>
      </trkpt>
      <trkpt lat="43.314191" lon="-1.751291">
        <ele>325.756</ele>
        <time>2021-08-08T09:26:46Z</time>
      </trkpt>
      <trkpt lat="43.314147" lon="-1.751275">
        <ele>326.821</ele>
        <time>2021-08-08T09:26:53Z</time>
      </trkpt>
      <trkpt lat="43.314100" lon="-1.751242">
        <ele>328.008</ele>
        <time>2021-08-08T09:26:57Z</time>
      </trkpt>
      <trkpt lat="43.314065" lon="-1.751201">
        <ele>328.785</ele>
        <time>2021-08-08T09:27:04Z</time>
      </trkpt>
      <trkpt lat="43.314032" lon="-1.751154">
        <ele>329.497</ele>
        <time>2021-08-08T09:27:07Z</time>
      </trkpt>
      <trkpt lat="43.314006" lon="-1.751103">
        <ele>329.970</ele>
        <time>2021-08-08T09:27:09Z</time>
      </trkpt>
      <trkpt lat="43.313969" lon="-1.751058">
        <ele>330.430</ele>
        <time>2021-08-08T09:27:12Z</time>
      </trkpt>
      <trkpt lat="43.313932" lon="-1.751002">
        <ele>330.945</ele>
        <time>2021-08-08T09:27:16Z</time>
      </trkpt>
      <trkpt lat="43.313892" lon="-1.750951">
        <ele>331.494</ele>
        <time>2021-08-08T09:27:21Z</time>
      </trkpt>
      <trkpt lat="43.313867" lon="-1.750886">
        <ele>331.646</ele>
        <time>2021-08-08T09:27:30Z</time>
      </trkpt>
      <trkpt lat="43.313829" lon="-1.750836">
        <ele>332.127</ele>
        <time>2021-08-08T09:27:34Z</time>
      </trkpt>
      <trkpt lat="43.313795" lon="-1.750794">
        <ele>332.436</ele>
        <time>2021-08-08T09:27:40Z</time>
      </trkpt>
      <trkpt lat="43.313749" lon="-1.750796">
        <ele>333.217</ele>
        <time>2021-08-08T09:27:48Z</time>
      </trkpt>
      <trkpt lat="43.313706" lon="-1.750775">
        <ele>333.718</ele>
        <time>2021-08-08T09:27:54Z</time>
      </trkpt>
      <trkpt lat="43.313659" lon="-1.750748">
        <ele>334.108</ele>
        <time>2021-08-08T09:27:58Z</time>
      </trkpt>
      <trkpt lat="43.313619" lon="-1.750720">
        <ele>334.351</ele>
        <time>2021-08-08T09:28:01Z</time>
      </trkpt>
      <trkpt lat="43.313573" lon="-1.750704">
        <ele>334.523</ele>
        <time>2021-08-08T09:28:04Z</time>
      </trkpt>
      <trkpt lat="43.313525" lon="-1.750723">
        <ele>335.266</ele>
        <time>2021-08-08T09:28:08Z</time>
      </trkpt>
      <trkpt lat="43.313476" lon="-1.750739">
        <ele>335.966</ele>
        <time>2021-08-08T09:28:12Z</time>
      </trkpt>
      <trkpt lat="43.313430" lon="-1.750782">
        <ele>337.171</ele>
        <time>2021-08-08T09:28:17Z</time>
      </trkpt>
      <trkpt lat="43.313394" lon="-1.750821">
        <ele>338.120</ele>
        <time>2021-08-08T09:28:22Z</time>
      </trkpt>
      <trkpt lat="43.313357" lon="-1.750861">
        <ele>339.332</ele>
        <time>2021-08-08T09:28:26Z</time>
      </trkpt>
      <trkpt lat="43.313309" lon="-1.750902">
        <ele>340.473</ele>
        <time>2021-08-08T09:28:29Z</time>
      </trkpt>
      <trkpt lat="43.313271" lon="-1.750936">
        <ele>341.072</ele>
        <time>2021-08-08T09:28:33Z</time>
      </trkpt>
      <trkpt lat="43.313236" lon="-1.750975">
        <ele>341.713</ele>
        <time>2021-08-08T09:28:37Z</time>
      </trkpt>
      <trkpt lat="43.313199" lon="-1.751013">
        <ele>342.414</ele>
        <time>2021-08-08T09:28:41Z</time>
      </trkpt>
      <trkpt lat="43.313150" lon="-1.751056">
        <ele>343.108</ele>
        <time>2021-08-08T09:28:46Z</time>
      </trkpt>
      <trkpt lat="43.313105" lon="-1.751025">
        <ele>342.355</ele>
        <time>2021-08-08T09:28:49Z</time>
      </trkpt>
      <trkpt lat="43.313068" lon="-1.751071">
        <ele>343.237</ele>
        <time>2021-08-08T09:28:52Z</time>
      </trkpt>
      <trkpt lat="43.313057" lon="-1.751136">
        <ele>344.610</ele>
        <time>2021-08-08T09:28:55Z</time>
      </trkpt>
      <trkpt lat="43.313025" lon="-1.751183">
        <ele>345.570</ele>
        <time>2021-08-08T09:29:00Z</time>
      </trkpt>
      <trkpt lat="43.312989" lon="-1.751222">
        <ele>346.055</ele>
        <time>2021-08-08T09:29:07Z</time>
      </trkpt>
      <trkpt lat="43.312954" lon="-1.751271">
        <ele>346.754</ele>
        <time>2021-08-08T09:29:11Z</time>
      </trkpt>
      <trkpt lat="43.312938" lon="-1.751330">
        <ele>347.926</ele>
        <time>2021-08-08T09:29:15Z</time>
      </trkpt>
      <trkpt lat="43.312917" lon="-1.751386">
        <ele>348.967</ele>
        <time>2021-08-08T09:29:27Z</time>
      </trkpt>
      <trkpt lat="43.312890" lon="-1.751455">
        <ele>350.121</ele>
        <time>2021-08-08T09:29:30Z</time>
      </trkpt>
      <trkpt lat="43.312869" lon="-1.751510">
        <ele>351.141</ele>
        <time>2021-08-08T09:29:33Z</time>
      </trkpt>
      <trkpt lat="43.312832" lon="-1.751573">
        <ele>352.205</ele>
        <time>2021-08-08T09:29:37Z</time>
      </trkpt>
      <trkpt lat="43.312792" lon="-1.751626">
        <ele>353.108</ele>
        <time>2021-08-08T09:29:41Z</time>
      </trkpt>
      <trkpt lat="43.312742" lon="-1.751662">
        <ele>353.470</ele>
        <time>2021-08-08T09:29:47Z</time>
      </trkpt>
      <trkpt lat="43.312698" lon="-1.751692">
        <ele>353.392</ele>
        <time>2021-08-08T09:29:50Z</time>
      </trkpt>
      <trkpt lat="43.312647" lon="-1.751721">
        <ele>353.245</ele>
        <time>2021-08-08T09:29:57Z</time>
      </trkpt>
      <trkpt lat="43.312596" lon="-1.751747">
        <ele>353.065</ele>
        <time>2021-08-08T09:29:59Z</time>
      </trkpt>
      <trkpt lat="43.312552" lon="-1.751773">
        <ele>353.070</ele>
        <time>2021-08-08T09:30:03Z</time>
      </trkpt>
      <trkpt lat="43.312511" lon="-1.751810">
        <ele>353.299</ele>
        <time>2021-08-08T09:30:09Z</time>
      </trkpt>
      <trkpt lat="43.312474" lon="-1.751851">
        <ele>353.561</ele>
        <time>2021-08-08T09:30:11Z</time>
      </trkpt>
      <trkpt lat="43.312439" lon="-1.751893">
        <ele>353.642</ele>
        <time>2021-08-08T09:30:14Z</time>
      </trkpt>
      <trkpt lat="43.312402" lon="-1.751963">
        <ele>354.369</ele>
        <time>2021-08-08T09:30:22Z</time>
      </trkpt>
      <trkpt lat="43.312374" lon="-1.752013">
        <ele>354.804</ele>
        <time>2021-08-08T09:30:24Z</time>
      </trkpt>
      <trkpt lat="43.312343" lon="-1.752068">
        <ele>355.224</ele>
        <time>2021-08-08T09:30:28Z</time>
      </trkpt>
      <trkpt lat="43.312311" lon="-1.752116">
        <ele>355.408</ele>
        <time>2021-08-08T09:30:31Z</time>
      </trkpt>
      <trkpt lat="43.312276" lon="-1.752173">
        <ele>355.624</ele>
        <time>2021-08-08T09:30:33Z</time>
      </trkpt>
      <trkpt lat="43.312259" lon="-1.752242">
        <ele>356.396</ele>
        <time>2021-08-08T09:30:41Z</time>
      </trkpt>
      <trkpt lat="43.312251" lon="-1.752303">
        <ele>356.719</ele>
        <time>2021-08-08T09:30:43Z</time>
      </trkpt>
      <trkpt lat="43.312241" lon="-1.752368">
        <ele>357.149</ele>
        <time>2021-08-08T09:30:46Z</time>
      </trkpt>
      <trkpt lat="43.312232" lon="-1.752430">
        <ele>357.544</ele>
        <time>2021-08-08T09:30:51Z</time>
      </trkpt>
      <trkpt lat="43.312203" lon="-1.752497">
        <ele>357.023</ele>
        <time>2021-08-08T09:30:54Z</time>
      </trkpt>
      <trkpt lat="43.312177" lon="-1.752556">
        <ele>356.055</ele>
        <time>2021-08-08T09:30:59Z</time>
      </trkpt>
      <trkpt lat="43.312154" lon="-1.752612">
        <ele>355.216</ele>
        <time>2021-08-08T09:31:02Z</time>
      </trkpt>
      <trkpt lat="43.312126" lon="-1.752664">
        <ele>354.166</ele>
        <time>2021-08-08T09:31:05Z</time>
      </trkpt>
      <trkpt lat="43.312104" lon="-1.752727">
        <ele>353.629</ele>
        <time>2021-08-08T09:31:10Z</time>
      </trkpt>
      <trkpt lat="43.312135" lon="-1.752779">
        <ele>355.221</ele>
        <time>2021-08-08T09:31:13Z</time>
      </trkpt>
      <trkpt lat="43.312174" lon="-1.752826">
        <ele>357.008</ele>
        <time>2021-08-08T09:31:14Z</time>
      </trkpt>
      <trkpt lat="43.312198" lon="-1.752881">
        <ele>358.024</ele>
        <time>2021-08-08T09:31:17Z</time>
      </trkpt>
      <trkpt lat="43.312199" lon="-1.752955">
        <ele>358.146</ele>
        <time>2021-08-08T09:31:22Z</time>
      </trkpt>
      <trkpt lat="43.312202" lon="-1.753017">
        <ele>358.349</ele>
        <time>2021-08-08T09:31:29Z</time>
      </trkpt>
      <trkpt lat="43.312221" lon="-1.753075">
        <ele>359.099</ele>
        <time>2021-08-08T09:31:32Z</time>
      </trkpt>
      <trkpt lat="43.312230" lon="-1.753138">
        <ele>359.544</ele>
        <time>2021-08-08T09:31:37Z</time>
      </trkpt>
      <trkpt lat="43.312222" lon="-1.753203">
        <ele>359.573</ele>
        <time>2021-08-08T09:31:41Z</time>
      </trkpt>
      <trkpt lat="43.312217" lon="-1.753271">
        <ele>359.665</ele>
        <time>2021-08-08T09:31:45Z</time>
      </trkpt>
      <trkpt lat="43.312236" lon="-1.753338">
        <ele>360.346</ele>
        <time>2021-08-08T09:31:48Z</time>
      </trkpt>
      <trkpt lat="43.312254" lon="-1.753401">
        <ele>360.846</ele>
        <time>2021-08-08T09:31:51Z</time>
      </trkpt>
      <trkpt lat="43.312251" lon="-1.753464">
        <ele>360.988</ele>
        <time>2021-08-08T09:31:54Z</time>
      </trkpt>
      <trkpt lat="43.312252" lon="-1.753526">
        <ele>361.116</ele>
        <time>2021-08-08T09:31:59Z</time>
      </trkpt>
      <trkpt lat="43.312246" lon="-1.753597">
        <ele>361.208</ele>
        <time>2021-08-08T09:32:04Z</time>
      </trkpt>
      <trkpt lat="43.312235" lon="-1.753666">
        <ele>361.792</ele>
        <time>2021-08-08T09:32:08Z</time>
      </trkpt>
      <trkpt lat="43.312231" lon="-1.753736">
        <ele>362.444</ele>
        <time>2021-08-08T09:32:12Z</time>
      </trkpt>
      <trkpt lat="43.312233" lon="-1.753814">
        <ele>363.277</ele>
        <time>2021-08-08T09:32:16Z</time>
      </trkpt>
      <trkpt lat="43.312246" lon="-1.753881">
        <ele>363.817</ele>
        <time>2021-08-08T09:32:23Z</time>
      </trkpt>
      <trkpt lat="43.312253" lon="-1.753954">
        <ele>364.352</ele>
        <time>2021-08-08T09:32:26Z</time>
      </trkpt>
      <trkpt lat="43.312261" lon="-1.754017">
        <ele>364.721</ele>
        <time>2021-08-08T09:32:30Z</time>
      </trkpt>
      <trkpt lat="43.312267" lon="-1.754079">
        <ele>365.183</ele>
        <time>2021-08-08T09:32:34Z</time>
      </trkpt>
      <trkpt lat="43.312094" lon="-1.754234">
        <ele>367.614</ele>
        <time>2021-08-08T09:32:44Z</time>
      </trkpt>
      <trkpt lat="43.312157" lon="-1.754222">
        <ele>367.033</ele>
        <time>2021-08-08T09:32:46Z</time>
      </trkpt>
      <trkpt lat="43.312223" lon="-1.754201">
        <ele>366.223</ele>
        <time>2021-08-08T09:32:48Z</time>
      </trkpt>
      <trkpt lat="43.312202" lon="-1.754263">
        <ele>366.915</ele>
        <time>2021-08-08T09:33:19Z</time>
      </trkpt>
      <trkpt lat="43.312175" lon="-1.754319">
        <ele>367.608</ele>
        <time>2021-08-08T09:33:23Z</time>
      </trkpt>
      <trkpt lat="43.312133" lon="-1.754349">
        <ele>368.441</ele>
        <time>2021-08-08T09:33:27Z</time>
      </trkpt>
      <trkpt lat="43.312087" lon="-1.754354">
        <ele>369.073</ele>
        <time>2021-08-08T09:33:29Z</time>
      </trkpt>
      <trkpt lat="43.312040" lon="-1.754331">
        <ele>369.356</ele>
        <time>2021-08-08T09:33:33Z</time>
      </trkpt>
      <trkpt lat="43.311989" lon="-1.754313">
        <ele>369.696</ele>
        <time>2021-08-08T09:33:44Z</time>
      </trkpt>
      <trkpt lat="43.311942" lon="-1.754286">
        <ele>369.711</ele>
        <time>2021-08-08T09:33:47Z</time>
      </trkpt>
      <trkpt lat="43.311898" lon="-1.754255">
        <ele>369.850</ele>
        <time>2021-08-08T09:33:55Z</time>
      </trkpt>
      <trkpt lat="43.311848" lon="-1.754256">
        <ele>370.422</ele>
        <time>2021-08-08T09:34:00Z</time>
      </trkpt>
      <trkpt lat="43.311800" lon="-1.754261">
        <ele>371.123</ele>
        <time>2021-08-08T09:34:04Z</time>
      </trkpt>
      <trkpt lat="43.311755" lon="-1.754268">
        <ele>371.832</ele>
        <time>2021-08-08T09:34:08Z</time>
      </trkpt>
      <trkpt lat="43.311713" lon="-1.754309">
        <ele>373.092</ele>
        <time>2021-08-08T09:34:21Z</time>
      </trkpt>
      <trkpt lat="43.311673" lon="-1.754342">
        <ele>374.111</ele>
        <time>2021-08-08T09:34:25Z</time>
      </trkpt>
      <trkpt lat="43.311629" lon="-1.754381">
        <ele>375.308</ele>
        <time>2021-08-08T09:34:38Z</time>
      </trkpt>
      <trkpt lat="43.311584" lon="-1.754420">
        <ele>376.911</ele>
        <time>2021-08-08T09:34:41Z</time>
      </trkpt>
      <trkpt lat="43.311539" lon="-1.754459">
        <ele>378.593</ele>
        <time>2021-08-08T09:34:48Z</time>
      </trkpt>
      <trkpt lat="43.311490" lon="-1.754503">
        <ele>380.126</ele>
        <time>2021-08-08T09:34:51Z</time>
      </trkpt>
      <trkpt lat="43.311448" lon="-1.754531">
        <ele>381.466</ele>
        <time>2021-08-08T09:34:57Z</time>
      </trkpt>
      <trkpt lat="43.311407" lon="-1.754565">
        <ele>382.871</ele>
        <time>2021-08-08T09:35:12Z</time>
      </trkpt>
      <trkpt lat="43.311370" lon="-1.754604">
        <ele>384.310</ele>
        <time>2021-08-08T09:35:17Z</time>
      </trkpt>
      <trkpt lat="43.311323" lon="-1.754611">
        <ele>385.452</ele>
        <time>2021-08-08T09:35:29Z</time>
      </trkpt>
      <trkpt lat="43.311278" lon="-1.754620">
        <ele>386.543</ele>
        <time>2021-08-08T09:35:31Z</time>
      </trkpt>
      <trkpt lat="43.311232" lon="-1.754635">
        <ele>387.929</ele>
        <time>2021-08-08T09:35:34Z</time>
      </trkpt>
      <trkpt lat="43.311187" lon="-1.754631">
        <ele>388.700</ele>
        <time>2021-08-08T09:35:39Z</time>
      </trkpt>
      <trkpt lat="43.311141" lon="-1.754626">
        <ele>389.620</ele>
        <time>2021-08-08T09:35:42Z</time>
      </trkpt>
      <trkpt lat="43.311079" lon="-1.754613">
        <ele>390.808</ele>
        <time>2021-08-08T09:35:46Z</time>
      </trkpt>
      <trkpt lat="43.311031" lon="-1.754594">
        <ele>391.780</ele>
        <time>2021-08-08T09:35:51Z</time>
      </trkpt>
      <trkpt lat="43.310980" lon="-1.754574">
        <ele>392.852</ele>
        <time>2021-08-08T09:35:56Z</time>
      </trkpt>
      <trkpt lat="43.310935" lon="-1.754566">
        <ele>394.095</ele>
        <time>2021-08-08T09:35:59Z</time>
      </trkpt>
      <trkpt lat="43.310891" lon="-1.754585">
        <ele>395.865</ele>
        <time>2021-08-08T09:36:02Z</time>
      </trkpt>
      <trkpt lat="43.310839" lon="-1.754576">
        <ele>397.250</ele>
        <time>2021-08-08T09:36:05Z</time>
      </trkpt>
      <trkpt lat="43.310798" lon="-1.754542">
        <ele>397.689</ele>
        <time>2021-08-08T09:36:24Z</time>
      </trkpt>
      <trkpt lat="43.310746" lon="-1.754535">
        <ele>398.651</ele>
        <time>2021-08-08T09:36:27Z</time>
      </trkpt>
      <trkpt lat="43.310700" lon="-1.754539">
        <ele>399.792</ele>
        <time>2021-08-08T09:36:34Z</time>
      </trkpt>
      <trkpt lat="43.310641" lon="-1.754524">
        <ele>400.895</ele>
        <time>2021-08-08T09:36:37Z</time>
      </trkpt>
      <trkpt lat="43.310597" lon="-1.754496">
        <ele>401.249</ele>
        <time>2021-08-08T09:36:39Z</time>
      </trkpt>
      <trkpt lat="43.310552" lon="-1.754498">
        <ele>402.223</ele>
        <time>2021-08-08T09:36:43Z</time>
      </trkpt>
      <trkpt lat="43.310502" lon="-1.754494">
        <ele>403.508</ele>
        <time>2021-08-08T09:36:55Z</time>
      </trkpt>
      <trkpt lat="43.310456" lon="-1.754483">
        <ele>404.497</ele>
        <time>2021-08-08T09:36:57Z</time>
      </trkpt>
      <trkpt lat="43.310410" lon="-1.754464">
        <ele>405.179</ele>
        <time>2021-08-08T09:37:02Z</time>
      </trkpt>
      <trkpt lat="43.310358" lon="-1.754449">
        <ele>406.152</ele>
        <time>2021-08-08T09:37:13Z</time>
      </trkpt>
      <trkpt lat="43.310313" lon="-1.754432">
        <ele>406.592</ele>
        <time>2021-08-08T09:37:15Z</time>
      </trkpt>
      <trkpt lat="43.310268" lon="-1.754433">
        <ele>407.677</ele>
        <time>2021-08-08T09:37:23Z</time>
      </trkpt>
      <trkpt lat="43.310222" lon="-1.754450">
        <ele>409.046</ele>
        <time>2021-08-08T09:37:28Z</time>
      </trkpt>
      <trkpt lat="43.310176" lon="-1.754453">
        <ele>409.748</ele>
        <time>2021-08-08T09:37:31Z</time>
      </trkpt>
      <trkpt lat="43.310122" lon="-1.754448">
        <ele>410.339</ele>
        <time>2021-08-08T09:37:38Z</time>
      </trkpt>
      <trkpt lat="43.310071" lon="-1.754448">
        <ele>411.121</ele>
        <time>2021-08-08T09:37:41Z</time>
      </trkpt>
      <trkpt lat="43.310026" lon="-1.754457">
        <ele>412.041</ele>
        <time>2021-08-08T09:37:46Z</time>
      </trkpt>
      <trkpt lat="43.309981" lon="-1.754468">
        <ele>413.005</ele>
        <time>2021-08-08T09:37:54Z</time>
      </trkpt>
      <trkpt lat="43.309935" lon="-1.754486">
        <ele>414.008</ele>
        <time>2021-08-08T09:37:57Z</time>
      </trkpt>
      <trkpt lat="43.309891" lon="-1.754499">
        <ele>414.980</ele>
        <time>2021-08-08T09:38:07Z</time>
      </trkpt>
      <trkpt lat="43.309846" lon="-1.754507">
        <ele>415.672</ele>
        <time>2021-08-08T09:38:10Z</time>
      </trkpt>
      <trkpt lat="43.309795" lon="-1.754519">
        <ele>416.485</ele>
        <time>2021-08-08T09:38:13Z</time>
      </trkpt>
      <trkpt lat="43.309736" lon="-1.754531">
        <ele>417.485</ele>
        <time>2021-08-08T09:38:22Z</time>
      </trkpt>
      <trkpt lat="43.309686" lon="-1.754550">
        <ele>418.120</ele>
        <time>2021-08-08T09:38:24Z</time>
      </trkpt>
      <trkpt lat="43.309640" lon="-1.754575">
        <ele>418.999</ele>
        <time>2021-08-08T09:38:28Z</time>
      </trkpt>
      <trkpt lat="43.309591" lon="-1.754596">
        <ele>419.671</ele>
        <time>2021-08-08T09:38:33Z</time>
      </trkpt>
      <trkpt lat="43.309538" lon="-1.754606">
        <ele>419.982</ele>
        <time>2021-08-08T09:38:35Z</time>
      </trkpt>
      <trkpt lat="43.309487" lon="-1.754609">
        <ele>420.197</ele>
        <time>2021-08-08T09:38:37Z</time>
      </trkpt>
      <trkpt lat="43.309433" lon="-1.754605">
        <ele>420.123</ele>
        <time>2021-08-08T09:38:40Z</time>
      </trkpt>
      <trkpt lat="43.309384" lon="-1.754610">
        <ele>420.525</ele>
        <time>2021-08-08T09:38:43Z</time>
      </trkpt>
      <trkpt lat="43.309338" lon="-1.754612">
        <ele>420.808</ele>
        <time>2021-08-08T09:38:45Z</time>
      </trkpt>
      <trkpt lat="43.309283" lon="-1.754625">
        <ele>421.377</ele>
        <time>2021-08-08T09:38:49Z</time>
      </trkpt>
      <trkpt lat="43.309233" lon="-1.754613">
        <ele>421.369</ele>
        <time>2021-08-08T09:38:52Z</time>
      </trkpt>
      <trkpt lat="43.309190" lon="-1.754590">
        <ele>421.062</ele>
        <time>2021-08-08T09:38:55Z</time>
      </trkpt>
      <trkpt lat="43.309143" lon="-1.754567">
        <ele>420.992</ele>
        <time>2021-08-08T09:38:59Z</time>
      </trkpt>
      <trkpt lat="43.309095" lon="-1.754551">
        <ele>421.127</ele>
        <time>2021-08-08T09:39:02Z</time>
      </trkpt>
      <trkpt lat="43.309047" lon="-1.754547">
        <ele>421.686</ele>
        <time>2021-08-08T09:39:06Z</time>
      </trkpt>
      <trkpt lat="43.308995" lon="-1.754520">
        <ele>421.878</ele>
        <time>2021-08-08T09:39:10Z</time>
      </trkpt>
      <trkpt lat="43.308949" lon="-1.754502">
        <ele>422.179</ele>
        <time>2021-08-08T09:39:14Z</time>
      </trkpt>
      <trkpt lat="43.308899" lon="-1.754473">
        <ele>422.371</ele>
        <time>2021-08-08T09:39:18Z</time>
      </trkpt>
      <trkpt lat="43.308857" lon="-1.754447">
        <ele>422.441</ele>
        <time>2021-08-08T09:39:22Z</time>
      </trkpt>
      <trkpt lat="43.308807" lon="-1.754437">
        <ele>422.815</ele>
        <time>2021-08-08T09:39:26Z</time>
      </trkpt>
      <trkpt lat="43.308758" lon="-1.754423">
        <ele>423.108</ele>
        <time>2021-08-08T09:39:31Z</time>
      </trkpt>
      <trkpt lat="43.308713" lon="-1.754413">
        <ele>423.525</ele>
        <time>2021-08-08T09:39:38Z</time>
      </trkpt>
      <trkpt lat="43.308659" lon="-1.754399">
        <ele>423.987</ele>
        <time>2021-08-08T09:39:42Z</time>
      </trkpt>
      <trkpt lat="43.308611" lon="-1.754401">
        <ele>424.550</ele>
        <time>2021-08-08T09:39:45Z</time>
      </trkpt>
      <trkpt lat="43.308563" lon="-1.754409">
        <ele>425.140</ele>
        <time>2021-08-08T09:39:49Z</time>
      </trkpt>
      <trkpt lat="43.308520" lon="-1.754382">
        <ele>425.395</ele>
        <time>2021-08-08T09:39:55Z</time>
      </trkpt>
      <trkpt lat="43.308472" lon="-1.754353">
        <ele>425.544</ele>
        <time>2021-08-08T09:40:00Z</time>
      </trkpt>
      <trkpt lat="43.308428" lon="-1.754330">
        <ele>425.726</ele>
        <time>2021-08-08T09:40:03Z</time>
      </trkpt>
      <trkpt lat="43.308379" lon="-1.754299">
        <ele>425.937</ele>
        <time>2021-08-08T09:40:06Z</time>
      </trkpt>
      <trkpt lat="43.308332" lon="-1.754279">
        <ele>426.221</ele>
        <time>2021-08-08T09:40:11Z</time>
      </trkpt>
      <trkpt lat="43.308287" lon="-1.754259">
        <ele>426.341</ele>
        <time>2021-08-08T09:40:14Z</time>
      </trkpt>
      <trkpt lat="43.308240" lon="-1.754268">
        <ele>426.605</ele>
        <time>2021-08-08T09:40:18Z</time>
      </trkpt>
      <trkpt lat="43.308195" lon="-1.754296">
        <ele>427.208</ele>
        <time>2021-08-08T09:40:22Z</time>
      </trkpt>
      <trkpt lat="43.308162" lon="-1.754350">
        <ele>427.860</ele>
        <time>2021-08-08T09:40:26Z</time>
      </trkpt>
      <trkpt lat="43.308128" lon="-1.754392">
        <ele>428.362</ele>
        <time>2021-08-08T09:40:30Z</time>
      </trkpt>
      <trkpt lat="43.308084" lon="-1.754428">
        <ele>428.835</ele>
        <time>2021-08-08T09:40:34Z</time>
      </trkpt>
      <trkpt lat="43.308046" lon="-1.754465">
        <ele>429.115</ele>
        <time>2021-08-08T09:40:38Z</time>
      </trkpt>
      <trkpt lat="43.307994" lon="-1.754481">
        <ele>429.490</ele>
        <time>2021-08-08T09:40:42Z</time>
      </trkpt>
      <trkpt lat="43.307941" lon="-1.754483">
        <ele>429.669</ele>
        <time>2021-08-08T09:40:45Z</time>
      </trkpt>
      <trkpt lat="43.307895" lon="-1.754473">
        <ele>429.761</ele>
        <time>2021-08-08T09:40:47Z</time>
      </trkpt>
      <trkpt lat="43.307915" lon="-1.754530">
        <ele>429.872</ele>
        <time>2021-08-08T09:41:02Z</time>
      </trkpt>
      <trkpt lat="43.307834" lon="-1.754530">
        <ele>430.178</ele>
        <time>2021-08-08T09:41:05Z</time>
      </trkpt>
      <trkpt lat="43.307781" lon="-1.754550">
        <ele>430.433</ele>
        <time>2021-08-08T09:41:08Z</time>
      </trkpt>
      <trkpt lat="43.307726" lon="-1.754560">
        <ele>430.826</ele>
        <time>2021-08-08T09:41:11Z</time>
      </trkpt>
      <trkpt lat="43.307682" lon="-1.754575">
        <ele>431.208</ele>
        <time>2021-08-08T09:41:16Z</time>
      </trkpt>
      <trkpt lat="43.307637" lon="-1.754594">
        <ele>431.645</ele>
        <time>2021-08-08T09:41:19Z</time>
      </trkpt>
      <trkpt lat="43.307592" lon="-1.754602">
        <ele>431.967</ele>
        <time>2021-08-08T09:41:22Z</time>
      </trkpt>
      <trkpt lat="43.307542" lon="-1.754600">
        <ele>432.330</ele>
        <time>2021-08-08T09:41:26Z</time>
      </trkpt>
      <trkpt lat="43.307492" lon="-1.754597">
        <ele>432.610</ele>
        <time>2021-08-08T09:41:31Z</time>
      </trkpt>
      <trkpt lat="43.307439" lon="-1.754629">
        <ele>433.245</ele>
        <time>2021-08-08T09:41:37Z</time>
      </trkpt>
      <trkpt lat="43.307403" lon="-1.754667">
        <ele>433.694</ele>
        <time>2021-08-08T09:41:43Z</time>
      </trkpt>
      <trkpt lat="43.307360" lon="-1.754687">
        <ele>433.926</ele>
        <time>2021-08-08T09:41:51Z</time>
      </trkpt>
      <trkpt lat="43.307314" lon="-1.754705">
        <ele>434.367</ele>
        <time>2021-08-08T09:41:55Z</time>
      </trkpt>
      <trkpt lat="43.307263" lon="-1.754739">
        <ele>434.769</ele>
        <time>2021-08-08T09:42:02Z</time>
      </trkpt>
      <trkpt lat="43.307215" lon="-1.754762">
        <ele>435.104</ele>
        <time>2021-08-08T09:42:04Z</time>
      </trkpt>
      <trkpt lat="43.307169" lon="-1.754791">
        <ele>435.724</ele>
        <time>2021-08-08T09:42:08Z</time>
      </trkpt>
      <trkpt lat="43.307124" lon="-1.754838">
        <ele>436.308</ele>
        <time>2021-08-08T09:42:16Z</time>
      </trkpt>
      <trkpt lat="43.307082" lon="-1.754866">
        <ele>436.894</ele>
        <time>2021-08-08T09:42:18Z</time>
      </trkpt>
      <trkpt lat="43.307024" lon="-1.754899">
        <ele>437.416</ele>
        <time>2021-08-08T09:42:20Z</time>
      </trkpt>
      <trkpt lat="43.306984" lon="-1.754928">
        <ele>437.839</ele>
        <time>2021-08-08T09:42:27Z</time>
      </trkpt>
      <trkpt lat="43.306934" lon="-1.754951">
        <ele>438.399</ele>
        <time>2021-08-08T09:42:34Z</time>
      </trkpt>
      <trkpt lat="43.306894" lon="-1.754993">
        <ele>438.674</ele>
        <time>2021-08-08T09:42:37Z</time>
      </trkpt>
      <trkpt lat="43.306845" lon="-1.755024">
        <ele>438.873</ele>
        <time>2021-08-08T09:42:40Z</time>
      </trkpt>
      <trkpt lat="43.306799" lon="-1.755048">
        <ele>439.125</ele>
        <time>2021-08-08T09:42:43Z</time>
      </trkpt>
      <trkpt lat="43.306741" lon="-1.755049">
        <ele>439.756</ele>
        <time>2021-08-08T09:42:46Z</time>
      </trkpt>
      <trkpt lat="43.306698" lon="-1.755017">
        <ele>440.578</ele>
        <time>2021-08-08T09:42:49Z</time>
      </trkpt>
      <trkpt lat="43.306645" lon="-1.755041">
        <ele>440.733</ele>
        <time>2021-08-08T09:43:00Z</time>
      </trkpt>
      <trkpt lat="43.306609" lon="-1.755080">
        <ele>440.626</ele>
        <time>2021-08-08T09:43:02Z</time>
      </trkpt>
      <trkpt lat="43.306563" lon="-1.755119">
        <ele>440.608</ele>
        <time>2021-08-08T09:43:05Z</time>
      </trkpt>
      <trkpt lat="43.306513" lon="-1.755143">
        <ele>440.845</ele>
        <time>2021-08-08T09:43:08Z</time>
      </trkpt>
      <trkpt lat="43.306470" lon="-1.755182">
        <ele>440.997</ele>
        <time>2021-08-08T09:43:13Z</time>
      </trkpt>
      <trkpt lat="43.306427" lon="-1.755222">
        <ele>441.020</ele>
        <time>2021-08-08T09:43:17Z</time>
      </trkpt>
      <trkpt lat="43.306393" lon="-1.755272">
        <ele>441.090</ele>
        <time>2021-08-08T09:43:20Z</time>
      </trkpt>
      <trkpt lat="43.306364" lon="-1.755323">
        <ele>441.365</ele>
        <time>2021-08-08T09:43:24Z</time>
      </trkpt>
      <trkpt lat="43.306336" lon="-1.755381">
        <ele>441.694</ele>
        <time>2021-08-08T09:43:28Z</time>
      </trkpt>
      <trkpt lat="43.306305" lon="-1.755436">
        <ele>441.956</ele>
        <time>2021-08-08T09:43:32Z</time>
      </trkpt>
      <trkpt lat="43.306265" lon="-1.755472">
        <ele>442.367</ele>
        <time>2021-08-08T09:43:36Z</time>
      </trkpt>
      <trkpt lat="43.306215" lon="-1.755514">
        <ele>442.991</ele>
        <time>2021-08-08T09:43:40Z</time>
      </trkpt>
      <trkpt lat="43.306206" lon="-1.755575">
        <ele>442.981</ele>
        <time>2021-08-08T09:43:46Z</time>
      </trkpt>
      <trkpt lat="43.306162" lon="-1.755595">
        <ele>443.319</ele>
        <time>2021-08-08T09:43:49Z</time>
      </trkpt>
      <trkpt lat="43.306134" lon="-1.755652">
        <ele>443.408</ele>
        <time>2021-08-08T09:43:54Z</time>
      </trkpt>
      <trkpt lat="43.306105" lon="-1.755705">
        <ele>443.697</ele>
        <time>2021-08-08T09:43:57Z</time>
      </trkpt>
      <trkpt lat="43.306081" lon="-1.755759">
        <ele>443.789</ele>
        <time>2021-08-08T09:44:02Z</time>
      </trkpt>
      <trkpt lat="43.306050" lon="-1.755807">
        <ele>444.012</ele>
        <time>2021-08-08T09:44:07Z</time>
      </trkpt>
      <trkpt lat="43.306012" lon="-1.755840">
        <ele>444.482</ele>
        <time>2021-08-08T09:44:13Z</time>
      </trkpt>
      <trkpt lat="43.305972" lon="-1.755869">
        <ele>444.937</ele>
        <time>2021-08-08T09:44:16Z</time>
      </trkpt>
      <trkpt lat="43.305931" lon="-1.755909">
        <ele>445.356</ele>
        <time>2021-08-08T09:44:20Z</time>
      </trkpt>
      <trkpt lat="43.305896" lon="-1.755953">
        <ele>445.718</ele>
        <time>2021-08-08T09:44:25Z</time>
      </trkpt>
      <trkpt lat="43.305860" lon="-1.756001">
        <ele>446.039</ele>
        <time>2021-08-08T09:44:30Z</time>
      </trkpt>
      <trkpt lat="43.305782" lon="-1.756365">
        <ele>447.146</ele>
        <time>2021-08-08T09:44:42Z</time>
      </trkpt>
      <trkpt lat="43.305744" lon="-1.756326">
        <ele>447.288</ele>
        <time>2021-08-08T09:44:46Z</time>
      </trkpt>
      <trkpt lat="43.305764" lon="-1.756262">
        <ele>446.916</ele>
        <time>2021-08-08T09:44:48Z</time>
      </trkpt>
      <trkpt lat="43.305805" lon="-1.756235">
        <ele>446.608</ele>
        <time>2021-08-08T09:44:52Z</time>
      </trkpt>
      <trkpt lat="43.305783" lon="-1.756291">
        <ele>446.992</ele>
        <time>2021-08-08T09:44:59Z</time>
      </trkpt>
      <trkpt lat="43.305742" lon="-1.756327">
        <ele>447.274</ele>
        <time>2021-08-08T09:45:02Z</time>
      </trkpt>
      <trkpt lat="43.305698" lon="-1.756355">
        <ele>447.457</ele>
        <time>2021-08-08T09:45:07Z</time>
      </trkpt>
      <trkpt lat="43.305659" lon="-1.756392">
        <ele>447.727</ele>
        <time>2021-08-08T09:45:14Z</time>
      </trkpt>
      <trkpt lat="43.305621" lon="-1.756444">
        <ele>448.462</ele>
        <time>2021-08-08T09:45:17Z</time>
      </trkpt>
      <trkpt lat="43.305589" lon="-1.756490">
        <ele>449.021</ele>
        <time>2021-08-08T09:45:19Z</time>
      </trkpt>
      <trkpt lat="43.305559" lon="-1.756542">
        <ele>449.663</ele>
        <time>2021-08-08T09:45:23Z</time>
      </trkpt>
      <trkpt lat="43.305526" lon="-1.756592">
        <ele>450.064</ele>
        <time>2021-08-08T09:45:27Z</time>
      </trkpt>
      <trkpt lat="43.305494" lon="-1.756641">
        <ele>450.333</ele>
        <time>2021-08-08T09:45:30Z</time>
      </trkpt>
      <trkpt lat="43.305449" lon="-1.756671">
        <ele>450.323</ele>
        <time>2021-08-08T09:45:34Z</time>
      </trkpt>
      <trkpt lat="43.305411" lon="-1.756715">
        <ele>450.715</ele>
        <time>2021-08-08T09:45:37Z</time>
      </trkpt>
      <trkpt lat="43.305367" lon="-1.756732">
        <ele>450.608</ele>
        <time>2021-08-08T09:45:40Z</time>
      </trkpt>
      <trkpt lat="43.305320" lon="-1.756760">
        <ele>450.641</ele>
        <time>2021-08-08T09:45:43Z</time>
      </trkpt>
      <trkpt lat="43.305279" lon="-1.756790">
        <ele>450.813</ele>
        <time>2021-08-08T09:45:47Z</time>
      </trkpt>
      <trkpt lat="43.305265" lon="-1.756851">
        <ele>451.526</ele>
        <time>2021-08-08T09:45:54Z</time>
      </trkpt>
      <trkpt lat="43.305263" lon="-1.756922">
        <ele>452.586</ele>
        <time>2021-08-08T09:45:58Z</time>
      </trkpt>
      <trkpt lat="43.305242" lon="-1.756984">
        <ele>453.561</ele>
        <time>2021-08-08T09:46:02Z</time>
      </trkpt>
      <trkpt lat="43.305215" lon="-1.757042">
        <ele>454.550</ele>
        <time>2021-08-08T09:46:08Z</time>
      </trkpt>
      <trkpt lat="43.305177" lon="-1.757084">
        <ele>454.952</ele>
        <time>2021-08-08T09:46:11Z</time>
      </trkpt>
      <trkpt lat="43.305145" lon="-1.757129">
        <ele>455.493</ele>
        <time>2021-08-08T09:46:15Z</time>
      </trkpt>
      <trkpt lat="43.305111" lon="-1.757174">
        <ele>455.952</ele>
        <time>2021-08-08T09:46:19Z</time>
      </trkpt>
      <trkpt lat="43.305069" lon="-1.757214">
        <ele>456.153</ele>
        <time>2021-08-08T09:46:24Z</time>
      </trkpt>
      <trkpt lat="43.305063" lon="-1.757277">
        <ele>457.508</ele>
        <time>2021-08-08T09:46:28Z</time>
      </trkpt>
      <trkpt lat="43.305044" lon="-1.757334">
        <ele>458.508</ele>
        <time>2021-08-08T09:46:31Z</time>
      </trkpt>
      <trkpt lat="43.305016" lon="-1.757389">
        <ele>459.083</ele>
        <time>2021-08-08T09:46:35Z</time>
      </trkpt>
      <trkpt lat="43.304994" lon="-1.757453">
        <ele>459.725</ele>
        <time>2021-08-08T09:46:40Z</time>
      </trkpt>
      <trkpt lat="43.304989" lon="-1.757522">
        <ele>461.118</ele>
        <time>2021-08-08T09:46:46Z</time>
      </trkpt>
      <trkpt lat="43.304981" lon="-1.757591">
        <ele>462.438</ele>
        <time>2021-08-08T09:46:50Z</time>
      </trkpt>
      <trkpt lat="43.304970" lon="-1.757653">
        <ele>463.343</ele>
        <time>2021-08-08T09:46:54Z</time>
      </trkpt>
      <trkpt lat="43.304940" lon="-1.757706">
        <ele>462.822</ele>
        <time>2021-08-08T09:46:58Z</time>
      </trkpt>
      <trkpt lat="43.304912" lon="-1.757769">
        <ele>462.474</ele>
        <time>2021-08-08T09:47:02Z</time>
      </trkpt>
      <trkpt lat="43.304887" lon="-1.757822">
        <ele>461.875</ele>
        <time>2021-08-08T09:47:06Z</time>
      </trkpt>
      <trkpt lat="43.304862" lon="-1.757878">
        <ele>461.019</ele>
        <time>2021-08-08T09:47:10Z</time>
      </trkpt>
      <trkpt lat="43.304879" lon="-1.757945">
        <ele>463.109</ele>
        <time>2021-08-08T09:47:14Z</time>
      </trkpt>
      <trkpt lat="43.304891" lon="-1.758008">
        <ele>464.819</ele>
        <time>2021-08-08T09:47:19Z</time>
      </trkpt>
      <trkpt lat="43.304890" lon="-1.758076">
        <ele>465.508</ele>
        <time>2021-08-08T09:47:23Z</time>
      </trkpt>
      <trkpt lat="43.304890" lon="-1.758145">
        <ele>465.789</ele>
        <time>2021-08-08T09:47:27Z</time>
      </trkpt>
      <trkpt lat="43.304891" lon="-1.758211">
        <ele>466.021</ele>
        <time>2021-08-08T09:47:31Z</time>
      </trkpt>
      <trkpt lat="43.304899" lon="-1.758274">
        <ele>466.794</ele>
        <time>2021-08-08T09:47:37Z</time>
      </trkpt>
      <trkpt lat="43.304911" lon="-1.758341">
        <ele>467.744</ele>
        <time>2021-08-08T09:47:40Z</time>
      </trkpt>
      <trkpt lat="43.304906" lon="-1.758408">
        <ele>468.259</ele>
        <time>2021-08-08T09:47:45Z</time>
      </trkpt>
      <trkpt lat="43.304893" lon="-1.758473">
        <ele>468.358</ele>
        <time>2021-08-08T09:47:48Z</time>
      </trkpt>
      <trkpt lat="43.304875" lon="-1.758539">
        <ele>468.210</ele>
        <time>2021-08-08T09:47:53Z</time>
      </trkpt>
      <trkpt lat="43.304865" lon="-1.758608">
        <ele>468.771</ele>
        <time>2021-08-08T09:47:57Z</time>
      </trkpt>
      <trkpt lat="43.304846" lon="-1.758673">
        <ele>469.686</ele>
        <time>2021-08-08T09:48:01Z</time>
      </trkpt>
      <trkpt lat="43.304836" lon="-1.758738">
        <ele>471.160</ele>
        <time>2021-08-08T09:48:05Z</time>
      </trkpt>
      <trkpt lat="43.304807" lon="-1.758797">
        <ele>471.426</ele>
        <time>2021-08-08T09:48:14Z</time>
      </trkpt>
      <trkpt lat="43.304770" lon="-1.758842">
        <ele>470.908</ele>
        <time>2021-08-08T09:48:17Z</time>
      </trkpt>
      <trkpt lat="43.304733" lon="-1.758882">
        <ele>470.316</ele>
        <time>2021-08-08T09:48:22Z</time>
      </trkpt>
      <trkpt lat="43.304700" lon="-1.758927">
        <ele>470.648</ele>
        <time>2021-08-08T09:48:26Z</time>
      </trkpt>
      <trkpt lat="43.304663" lon="-1.758968">
        <ele>470.721</ele>
        <time>2021-08-08T09:48:29Z</time>
      </trkpt>
      <trkpt lat="43.304630" lon="-1.759021">
        <ele>471.391</ele>
        <time>2021-08-08T09:48:33Z</time>
      </trkpt>
      <trkpt lat="43.304620" lon="-1.759083">
        <ele>473.146</ele>
        <time>2021-08-08T09:48:36Z</time>
      </trkpt>
      <trkpt lat="43.304601" lon="-1.759159">
        <ele>474.925</ele>
        <time>2021-08-08T09:48:40Z</time>
      </trkpt>
      <trkpt lat="43.304587" lon="-1.759223">
        <ele>475.797</ele>
        <time>2021-08-08T09:48:43Z</time>
      </trkpt>
      <trkpt lat="43.304566" lon="-1.759280">
        <ele>475.958</ele>
        <time>2021-08-08T09:48:49Z</time>
      </trkpt>
      <trkpt lat="43.304550" lon="-1.759339">
        <ele>476.423</ele>
        <time>2021-08-08T09:48:53Z</time>
      </trkpt>
      <trkpt lat="43.304517" lon="-1.759386">
        <ele>476.283</ele>
        <time>2021-08-08T09:48:56Z</time>
      </trkpt>
      <trkpt lat="43.304487" lon="-1.759435">
        <ele>476.211</ele>
        <time>2021-08-08T09:49:00Z</time>
      </trkpt>
      <trkpt lat="43.304427" lon="-1.759576">
        <ele>475.208</ele>
        <time>2021-08-08T09:49:07Z</time>
      </trkpt>
      <trkpt lat="43.304307" lon="-1.759797">
        <ele>471.790</ele>
        <time>2021-08-08T09:49:10Z</time>
      </trkpt>
      <trkpt lat="43.304307" lon="-1.759797">
        <ele>471.792</ele>
        <time>2021-08-08T09:49:10Z</time>
      </trkpt>
      <trkpt lat="43.304307" lon="-1.759797">
        <ele>471.715</ele>
        <time>2021-08-08T09:49:10Z</time>
      </trkpt>
      <trkpt lat="43.304168" lon="-1.759850">
        <ele>466.575</ele>
        <time>2021-08-08T09:49:11Z</time>
      </trkpt>
      <trkpt lat="43.304216" lon="-1.759778">
        <ele>468.110</ele>
        <time>2021-08-08T09:49:14Z</time>
      </trkpt>
      <trkpt lat="43.304271" lon="-1.759748">
        <ele>470.239</ele>
        <time>2021-08-08T09:49:18Z</time>
      </trkpt>
      <trkpt lat="43.304371" lon="-1.759729">
        <ele>474.121</ele>
        <time>2021-08-08T09:49:24Z</time>
      </trkpt>
      <trkpt lat="43.304426" lon="-1.759715">
        <ele>476.232</ele>
        <time>2021-08-08T09:49:25Z</time>
      </trkpt>
      <trkpt lat="43.304428" lon="-1.759782">
        <ele>476.493</ele>
        <time>2021-08-08T09:49:30Z</time>
      </trkpt>
      <trkpt lat="43.304414" lon="-1.759848">
        <ele>475.865</ele>
        <time>2021-08-08T09:49:33Z</time>
      </trkpt>
      <trkpt lat="43.304406" lon="-1.759927">
        <ele>475.621</ele>
        <time>2021-08-08T09:49:37Z</time>
      </trkpt>
      <trkpt lat="43.304398" lon="-1.760010">
        <ele>475.308</ele>
        <time>2021-08-08T09:49:48Z</time>
      </trkpt>
      <trkpt lat="43.304409" lon="-1.760092">
        <ele>475.497</ele>
        <time>2021-08-08T09:49:50Z</time>
      </trkpt>
      <trkpt lat="43.304424" lon="-1.760165">
        <ele>475.749</ele>
        <time>2021-08-08T09:49:55Z</time>
      </trkpt>
      <trkpt lat="43.304438" lon="-1.760236">
        <ele>475.972</ele>
        <time>2021-08-08T09:49:58Z</time>
      </trkpt>
      <trkpt lat="43.304438" lon="-1.760302">
        <ele>475.682</ele>
        <time>2021-08-08T09:50:03Z</time>
      </trkpt>
      <trkpt lat="43.304444" lon="-1.760364">
        <ele>475.447</ele>
        <time>2021-08-08T09:50:06Z</time>
      </trkpt>
      <trkpt lat="43.304447" lon="-1.760433">
        <ele>474.956</ele>
        <time>2021-08-08T09:50:09Z</time>
      </trkpt>
      <trkpt lat="43.304421" lon="-1.760489">
        <ele>473.778</ele>
        <time>2021-08-08T09:50:21Z</time>
      </trkpt>
      <trkpt lat="43.304393" lon="-1.760539">
        <ele>472.579</ele>
        <time>2021-08-08T09:50:28Z</time>
      </trkpt>
      <trkpt lat="43.304416" lon="-1.760593">
        <ele>472.627</ele>
        <time>2021-08-08T09:50:37Z</time>
      </trkpt>
      <trkpt lat="43.304361" lon="-1.760610">
        <ele>470.668</ele>
        <time>2021-08-08T09:52:06Z</time>
      </trkpt>
      <trkpt lat="43.304317" lon="-1.760627">
        <ele>469.114</ele>
        <time>2021-08-08T09:52:09Z</time>
      </trkpt>
      <trkpt lat="43.304273" lon="-1.760652">
        <ele>467.508</ele>
        <time>2021-08-08T09:52:15Z</time>
      </trkpt>
      <trkpt lat="43.304223" lon="-1.760685">
        <ele>465.710</ele>
        <time>2021-08-08T09:52:18Z</time>
      </trkpt>
      <trkpt lat="43.304179" lon="-1.760711">
        <ele>464.262</ele>
        <time>2021-08-08T09:52:19Z</time>
      </trkpt>
      <trkpt lat="43.304133" lon="-1.760738">
        <ele>462.865</ele>
        <time>2021-08-08T09:52:22Z</time>
      </trkpt>
      <trkpt lat="43.304088" lon="-1.760747">
        <ele>461.635</ele>
        <time>2021-08-08T09:52:25Z</time>
      </trkpt>
      <trkpt lat="43.304039" lon="-1.760734">
        <ele>460.380</ele>
        <time>2021-08-08T09:52:29Z</time>
      </trkpt>
      <trkpt lat="43.303994" lon="-1.760712">
        <ele>459.359</ele>
        <time>2021-08-08T09:52:34Z</time>
      </trkpt>
      <trkpt lat="43.303944" lon="-1.760717">
        <ele>457.981</ele>
        <time>2021-08-08T09:52:42Z</time>
      </trkpt>
      <trkpt lat="43.303899" lon="-1.760716">
        <ele>456.762</ele>
        <time>2021-08-08T09:52:45Z</time>
      </trkpt>
      <trkpt lat="43.303750" lon="-1.760756">
        <ele>453.379</ele>
        <time>2021-08-08T09:53:28Z</time>
      </trkpt>
      <trkpt lat="43.303660" lon="-1.760810">
        <ele>451.105</ele>
        <time>2021-08-08T09:53:30Z</time>
      </trkpt>
      <trkpt lat="43.303638" lon="-1.760755">
        <ele>450.925</ele>
        <time>2021-08-08T09:53:40Z</time>
      </trkpt>
      <trkpt lat="43.303599" lon="-1.760716">
        <ele>450.208</ele>
        <time>2021-08-08T09:53:45Z</time>
      </trkpt>
      <trkpt lat="43.303550" lon="-1.760717">
        <ele>449.115</ele>
        <time>2021-08-08T09:53:48Z</time>
      </trkpt>
      <trkpt lat="43.303502" lon="-1.760729">
        <ele>448.137</ele>
        <time>2021-08-08T09:53:51Z</time>
      </trkpt>
      <trkpt lat="43.303450" lon="-1.760733">
        <ele>447.060</ele>
        <time>2021-08-08T09:53:56Z</time>
      </trkpt>
      <trkpt lat="43.303402" lon="-1.760714">
        <ele>446.090</ele>
        <time>2021-08-08T09:54:01Z</time>
      </trkpt>
      <trkpt lat="43.303357" lon="-1.760697">
        <ele>445.055</ele>
        <time>2021-08-08T09:54:08Z</time>
      </trkpt>
      <trkpt lat="43.303314" lon="-1.760739">
        <ele>444.434</ele>
        <time>2021-08-08T09:54:12Z</time>
      </trkpt>
      <trkpt lat="43.303296" lon="-1.760798">
        <ele>444.356</ele>
        <time>2021-08-08T09:54:17Z</time>
      </trkpt>
      <trkpt lat="43.303267" lon="-1.760851">
        <ele>443.967</ele>
        <time>2021-08-08T09:54:24Z</time>
      </trkpt>
      <trkpt lat="43.303232" lon="-1.760897">
        <ele>443.268</ele>
        <time>2021-08-08T09:54:30Z</time>
      </trkpt>
      <trkpt lat="43.303212" lon="-1.760959">
        <ele>442.742</ele>
        <time>2021-08-08T09:54:34Z</time>
      </trkpt>
      <trkpt lat="43.303192" lon="-1.761025">
        <ele>442.326</ele>
        <time>2021-08-08T09:54:38Z</time>
      </trkpt>
      <trkpt lat="43.303208" lon="-1.761083">
        <ele>442.208</ele>
        <time>2021-08-08T09:55:14Z</time>
      </trkpt>
      <trkpt lat="43.303167" lon="-1.761059">
        <ele>442.024</ele>
        <time>2021-08-08T09:55:47Z</time>
      </trkpt>
      <trkpt lat="43.303135" lon="-1.761010">
        <ele>441.856</ele>
        <time>2021-08-08T09:55:55Z</time>
      </trkpt>
      <trkpt lat="43.303119" lon="-1.760949">
        <ele>441.729</ele>
        <time>2021-08-08T09:56:00Z</time>
      </trkpt>
      <trkpt lat="43.303107" lon="-1.760878">
        <ele>441.779</ele>
        <time>2021-08-08T09:56:04Z</time>
      </trkpt>
      <trkpt lat="43.303092" lon="-1.760819">
        <ele>441.464</ele>
        <time>2021-08-08T09:56:11Z</time>
      </trkpt>
      <trkpt lat="43.303080" lon="-1.760748">
        <ele>440.813</ele>
        <time>2021-08-08T09:56:17Z</time>
      </trkpt>
      <trkpt lat="43.303043" lon="-1.760699">
        <ele>439.925</ele>
        <time>2021-08-08T09:56:20Z</time>
      </trkpt>
      <trkpt lat="43.303002" lon="-1.760662">
        <ele>439.086</ele>
        <time>2021-08-08T09:56:23Z</time>
      </trkpt>
      <trkpt lat="43.302963" lon="-1.760631">
        <ele>438.229</ele>
        <time>2021-08-08T09:56:28Z</time>
      </trkpt>
      <trkpt lat="43.302933" lon="-1.760682">
        <ele>438.100</ele>
        <time>2021-08-08T09:56:32Z</time>
      </trkpt>
      <trkpt lat="43.302908" lon="-1.760744">
        <ele>438.220</ele>
        <time>2021-08-08T09:56:37Z</time>
      </trkpt>
      <trkpt lat="43.302857" lon="-1.760754">
        <ele>437.608</ele>
        <time>2021-08-08T09:56:41Z</time>
      </trkpt>
      <trkpt lat="43.302812" lon="-1.760789">
        <ele>437.230</ele>
        <time>2021-08-08T09:56:45Z</time>
      </trkpt>
      <trkpt lat="43.302760" lon="-1.760823">
        <ele>436.832</ele>
        <time>2021-08-08T09:56:50Z</time>
      </trkpt>
      <trkpt lat="43.302804" lon="-1.760758">
        <ele>436.875</ele>
        <time>2021-08-08T09:57:12Z</time>
      </trkpt>
      <trkpt lat="43.302739" lon="-1.760782">
        <ele>436.485</ele>
        <time>2021-08-08T09:57:15Z</time>
      </trkpt>
      <trkpt lat="43.302657" lon="-1.760864">
        <ele>436.250</ele>
        <time>2021-08-08T09:57:17Z</time>
      </trkpt>
      <trkpt lat="43.302576" lon="-1.760969">
        <ele>436.089</ele>
        <time>2021-08-08T09:57:18Z</time>
      </trkpt>
      <trkpt lat="43.302543" lon="-1.761025">
        <ele>436.061</ele>
        <time>2021-08-08T09:57:23Z</time>
      </trkpt>
      <trkpt lat="43.302548" lon="-1.761097">
        <ele>436.382</ele>
        <time>2021-08-08T09:57:27Z</time>
      </trkpt>
      <trkpt lat="43.302533" lon="-1.761166">
        <ele>436.531</ele>
        <time>2021-08-08T09:57:32Z</time>
      </trkpt>
      <trkpt lat="43.302502" lon="-1.761212">
        <ele>436.461</ele>
        <time>2021-08-08T09:57:35Z</time>
      </trkpt>
      <trkpt lat="43.302455" lon="-1.761241">
        <ele>436.307</ele>
        <time>2021-08-08T09:57:38Z</time>
      </trkpt>
      <trkpt lat="43.302404" lon="-1.761266">
        <ele>436.208</ele>
        <time>2021-08-08T09:57:41Z</time>
      </trkpt>
      <trkpt lat="43.302365" lon="-1.761297">
        <ele>436.211</ele>
        <time>2021-08-08T09:57:43Z</time>
      </trkpt>
      <trkpt lat="43.302325" lon="-1.761330">
        <ele>436.233</ele>
        <time>2021-08-08T09:57:46Z</time>
      </trkpt>
      <trkpt lat="43.302274" lon="-1.761353">
        <ele>436.136</ele>
        <time>2021-08-08T09:57:49Z</time>
      </trkpt>
      <trkpt lat="43.302230" lon="-1.761371">
        <ele>436.016</ele>
        <time>2021-08-08T09:57:52Z</time>
      </trkpt>
      <trkpt lat="43.302190" lon="-1.761411">
        <ele>436.131</ele>
        <time>2021-08-08T09:57:55Z</time>
      </trkpt>
      <trkpt lat="43.302152" lon="-1.761446">
        <ele>436.440</ele>
        <time>2021-08-08T09:57:58Z</time>
      </trkpt>
      <trkpt lat="43.302111" lon="-1.761489">
        <ele>436.722</ele>
        <time>2021-08-08T09:58:02Z</time>
      </trkpt>
      <trkpt lat="43.302078" lon="-1.761542">
        <ele>437.143</ele>
        <time>2021-08-08T09:58:05Z</time>
      </trkpt>
      <trkpt lat="43.302038" lon="-1.761583">
        <ele>437.426</ele>
        <time>2021-08-08T09:58:09Z</time>
      </trkpt>
      <trkpt lat="43.301996" lon="-1.761612">
        <ele>437.647</ele>
        <time>2021-08-08T09:58:12Z</time>
      </trkpt>
      <trkpt lat="43.301952" lon="-1.761649">
        <ele>437.811</ele>
        <time>2021-08-08T09:58:16Z</time>
      </trkpt>
      <trkpt lat="43.301911" lon="-1.761688">
        <ele>438.408</ele>
        <time>2021-08-08T09:58:20Z</time>
      </trkpt>
      <trkpt lat="43.301879" lon="-1.761734">
        <ele>439.040</ele>
        <time>2021-08-08T09:58:24Z</time>
      </trkpt>
      <trkpt lat="43.301845" lon="-1.761786">
        <ele>439.662</ele>
        <time>2021-08-08T09:58:27Z</time>
      </trkpt>
      <trkpt lat="43.301815" lon="-1.761840">
        <ele>440.295</ele>
        <time>2021-08-08T09:58:31Z</time>
      </trkpt>
      <trkpt lat="43.301787" lon="-1.761909">
        <ele>440.955</ele>
        <time>2021-08-08T09:58:35Z</time>
      </trkpt>
      <trkpt lat="43.301753" lon="-1.761961">
        <ele>441.440</ele>
        <time>2021-08-08T09:58:39Z</time>
      </trkpt>
      <trkpt lat="43.301722" lon="-1.762009">
        <ele>441.829</ele>
        <time>2021-08-08T09:58:43Z</time>
      </trkpt>
      <trkpt lat="43.301699" lon="-1.762070">
        <ele>442.271</ele>
        <time>2021-08-08T09:58:47Z</time>
      </trkpt>
      <trkpt lat="43.301679" lon="-1.762131">
        <ele>442.672</ele>
        <time>2021-08-08T09:58:51Z</time>
      </trkpt>
      <trkpt lat="43.301665" lon="-1.762192">
        <ele>442.977</ele>
        <time>2021-08-08T09:58:55Z</time>
      </trkpt>
      <trkpt lat="43.301634" lon="-1.762244">
        <ele>443.261</ele>
        <time>2021-08-08T09:58:59Z</time>
      </trkpt>
      <trkpt lat="43.301602" lon="-1.762294">
        <ele>443.327</ele>
        <time>2021-08-08T09:59:03Z</time>
      </trkpt>
      <trkpt lat="43.301571" lon="-1.762340">
        <ele>443.408</ele>
        <time>2021-08-08T09:59:07Z</time>
      </trkpt>
      <trkpt lat="43.301404" lon="-1.763017">
        <ele>443.095</ele>
        <time>2021-08-08T10:00:04Z</time>
      </trkpt>
      <trkpt lat="43.301405" lon="-1.763090">
        <ele>442.797</ele>
        <time>2021-08-08T10:00:12Z</time>
      </trkpt>
      <trkpt lat="43.301341" lon="-1.763093">
        <ele>442.230</ele>
        <time>2021-08-08T10:00:14Z</time>
      </trkpt>
      <trkpt lat="43.301385" lon="-1.763160">
        <ele>442.670</ele>
        <time>2021-08-08T10:00:22Z</time>
      </trkpt>
      <trkpt lat="43.301418" lon="-1.763226">
        <ele>442.095</ele>
        <time>2021-08-08T10:00:24Z</time>
      </trkpt>
      <trkpt lat="43.301447" lon="-1.763289">
        <ele>441.464</ele>
        <time>2021-08-08T10:00:26Z</time>
      </trkpt>
      <trkpt lat="43.301452" lon="-1.763360">
        <ele>441.086</ele>
        <time>2021-08-08T10:00:31Z</time>
      </trkpt>
      <trkpt lat="43.301440" lon="-1.763424">
        <ele>440.837</ele>
        <time>2021-08-08T10:00:37Z</time>
      </trkpt>
      <trkpt lat="43.301427" lon="-1.763488">
        <ele>440.767</ele>
        <time>2021-08-08T10:00:41Z</time>
      </trkpt>
      <trkpt lat="43.301407" lon="-1.763548">
        <ele>440.981</ele>
        <time>2021-08-08T10:00:45Z</time>
      </trkpt>
      <trkpt lat="43.301377" lon="-1.763608">
        <ele>441.019</ele>
        <time>2021-08-08T10:00:50Z</time>
      </trkpt>
      <trkpt lat="43.301348" lon="-1.763666">
        <ele>440.708</ele>
        <time>2021-08-08T10:00:54Z</time>
      </trkpt>
      <trkpt lat="43.301324" lon="-1.763724">
        <ele>440.544</ele>
        <time>2021-08-08T10:00:58Z</time>
      </trkpt>
      <trkpt lat="43.301292" lon="-1.763779">
        <ele>440.446</ele>
        <time>2021-08-08T10:01:03Z</time>
      </trkpt>
      <trkpt lat="43.301267" lon="-1.763838">
        <ele>440.499</ele>
        <time>2021-08-08T10:01:07Z</time>
      </trkpt>
      <trkpt lat="43.301245" lon="-1.763899">
        <ele>440.559</ele>
        <time>2021-08-08T10:01:11Z</time>
      </trkpt>
      <trkpt lat="43.301250" lon="-1.763970">
        <ele>440.214</ele>
        <time>2021-08-08T10:01:15Z</time>
      </trkpt>
      <trkpt lat="43.301278" lon="-1.764036">
        <ele>439.563</ele>
        <time>2021-08-08T10:01:20Z</time>
      </trkpt>
      <trkpt lat="43.301276" lon="-1.764107">
        <ele>439.195</ele>
        <time>2021-08-08T10:01:26Z</time>
      </trkpt>
      <trkpt lat="43.301249" lon="-1.764171">
        <ele>439.526</ele>
        <time>2021-08-08T10:01:29Z</time>
      </trkpt>
      <trkpt lat="43.301219" lon="-1.764222">
        <ele>439.945</ele>
        <time>2021-08-08T10:01:33Z</time>
      </trkpt>
      <trkpt lat="43.301207" lon="-1.764291">
        <ele>439.847</ele>
        <time>2021-08-08T10:01:38Z</time>
      </trkpt>
      <trkpt lat="43.301212" lon="-1.764358">
        <ele>439.311</ele>
        <time>2021-08-08T10:01:42Z</time>
      </trkpt>
      <trkpt lat="43.301206" lon="-1.764425">
        <ele>439.008</ele>
        <time>2021-08-08T10:01:46Z</time>
      </trkpt>
      <trkpt lat="43.301210" lon="-1.764492">
        <ele>438.372</ele>
        <time>2021-08-08T10:01:50Z</time>
      </trkpt>
      <trkpt lat="43.301200" lon="-1.764557">
        <ele>438.124</ele>
        <time>2021-08-08T10:01:54Z</time>
      </trkpt>
      <trkpt lat="43.301181" lon="-1.764621">
        <ele>438.167</ele>
        <time>2021-08-08T10:01:58Z</time>
      </trkpt>
      <trkpt lat="43.301173" lon="-1.764683">
        <ele>437.927</ele>
        <time>2021-08-08T10:02:03Z</time>
      </trkpt>
      <trkpt lat="43.301169" lon="-1.764747">
        <ele>437.552</ele>
        <time>2021-08-08T10:02:08Z</time>
      </trkpt>
      <trkpt lat="43.301156" lon="-1.764808">
        <ele>437.651</ele>
        <time>2021-08-08T10:02:11Z</time>
      </trkpt>
      <trkpt lat="43.301144" lon="-1.764873">
        <ele>437.573</ele>
        <time>2021-08-08T10:02:14Z</time>
      </trkpt>
      <trkpt lat="43.301130" lon="-1.764942">
        <ele>437.644</ele>
        <time>2021-08-08T10:02:17Z</time>
      </trkpt>
      <trkpt lat="43.301122" lon="-1.765003">
        <ele>437.548</ele>
        <time>2021-08-08T10:02:21Z</time>
      </trkpt>
      <trkpt lat="43.301113" lon="-1.765065">
        <ele>437.561</ele>
        <time>2021-08-08T10:02:28Z</time>
      </trkpt>
      <trkpt lat="43.301099" lon="-1.765131">
        <ele>437.517</ele>
        <time>2021-08-08T10:02:32Z</time>
      </trkpt>
      <trkpt lat="43.301095" lon="-1.765200">
        <ele>437.108</ele>
        <time>2021-08-08T10:02:35Z</time>
      </trkpt>
      <trkpt lat="43.301089" lon="-1.765270">
        <ele>436.912</ele>
        <time>2021-08-08T10:02:38Z</time>
      </trkpt>
      <trkpt lat="43.301081" lon="-1.765340">
        <ele>436.994</ele>
        <time>2021-08-08T10:02:42Z</time>
      </trkpt>
      <trkpt lat="43.301072" lon="-1.765407">
        <ele>436.997</ele>
        <time>2021-08-08T10:02:46Z</time>
      </trkpt>
      <trkpt lat="43.301078" lon="-1.765480">
        <ele>436.587</ele>
        <time>2021-08-08T10:02:51Z</time>
      </trkpt>
      <trkpt lat="43.301084" lon="-1.765546">
        <ele>436.052</ele>
        <time>2021-08-08T10:02:55Z</time>
      </trkpt>
      <trkpt lat="43.301105" lon="-1.765607">
        <ele>435.281</ele>
        <time>2021-08-08T10:02:59Z</time>
      </trkpt>
      <trkpt lat="43.301088" lon="-1.765676">
        <ele>435.833</ele>
        <time>2021-08-08T10:03:03Z</time>
      </trkpt>
      <trkpt lat="43.301076" lon="-1.765740">
        <ele>436.344</ele>
        <time>2021-08-08T10:03:06Z</time>
      </trkpt>
      <trkpt lat="43.301096" lon="-1.765801">
        <ele>435.525</ele>
        <time>2021-08-08T10:03:09Z</time>
      </trkpt>
      <trkpt lat="43.301104" lon="-1.765868">
        <ele>435.126</ele>
        <time>2021-08-08T10:03:13Z</time>
      </trkpt>
      <trkpt lat="43.301110" lon="-1.765934">
        <ele>434.708</ele>
        <time>2021-08-08T10:03:17Z</time>
      </trkpt>
      <trkpt lat="43.301120" lon="-1.766000">
        <ele>434.008</ele>
        <time>2021-08-08T10:03:21Z</time>
      </trkpt>
      <trkpt lat="43.301116" lon="-1.766070">
        <ele>433.910</ele>
        <time>2021-08-08T10:03:26Z</time>
      </trkpt>
      <trkpt lat="43.301119" lon="-1.766135">
        <ele>433.712</ele>
        <time>2021-08-08T10:03:30Z</time>
      </trkpt>
      <trkpt lat="43.301123" lon="-1.766202">
        <ele>433.895</ele>
        <time>2021-08-08T10:03:34Z</time>
      </trkpt>
      <trkpt lat="43.301129" lon="-1.766267">
        <ele>433.725</ele>
        <time>2021-08-08T10:03:38Z</time>
      </trkpt>
      <trkpt lat="43.301130" lon="-1.766331">
        <ele>433.920</ele>
        <time>2021-08-08T10:03:42Z</time>
      </trkpt>
      <trkpt lat="43.301163" lon="-1.766377">
        <ele>432.489</ele>
        <time>2021-08-08T10:03:47Z</time>
      </trkpt>
      <trkpt lat="43.301171" lon="-1.766442">
        <ele>432.161</ele>
        <time>2021-08-08T10:03:51Z</time>
      </trkpt>
      <trkpt lat="43.301159" lon="-1.766521">
        <ele>432.932</ele>
        <time>2021-08-08T10:03:54Z</time>
      </trkpt>
      <trkpt lat="43.301146" lon="-1.766590">
        <ele>433.882</ele>
        <time>2021-08-08T10:03:58Z</time>
      </trkpt>
      <trkpt lat="43.301148" lon="-1.766652">
        <ele>433.843</ele>
        <time>2021-08-08T10:04:02Z</time>
      </trkpt>
      <trkpt lat="43.301153" lon="-1.766718">
        <ele>433.617</ele>
        <time>2021-08-08T10:04:06Z</time>
      </trkpt>
      <trkpt lat="43.301166" lon="-1.766782">
        <ele>432.808</ele>
        <time>2021-08-08T10:04:10Z</time>
      </trkpt>
      <trkpt lat="43.301184" lon="-1.766854">
        <ele>431.866</ele>
        <time>2021-08-08T10:04:14Z</time>
      </trkpt>
      <trkpt lat="43.301192" lon="-1.766923">
        <ele>431.348</ele>
        <time>2021-08-08T10:04:17Z</time>
      </trkpt>
      <trkpt lat="43.301192" lon="-1.766989">
        <ele>431.481</ele>
        <time>2021-08-08T10:04:21Z</time>
      </trkpt>
      <trkpt lat="43.301204" lon="-1.767056">
        <ele>430.951</ele>
        <time>2021-08-08T10:04:26Z</time>
      </trkpt>
      <trkpt lat="43.301220" lon="-1.767114">
        <ele>430.266</ele>
        <time>2021-08-08T10:04:30Z</time>
      </trkpt>
      <trkpt lat="43.301224" lon="-1.767179">
        <ele>430.265</ele>
        <time>2021-08-08T10:04:34Z</time>
      </trkpt>
      <trkpt lat="43.301224" lon="-1.767241">
        <ele>430.467</ele>
        <time>2021-08-08T10:04:37Z</time>
      </trkpt>
      <trkpt lat="43.301225" lon="-1.767306">
        <ele>430.668</ele>
        <time>2021-08-08T10:04:41Z</time>
      </trkpt>
      <trkpt lat="43.301225" lon="-1.767376">
        <ele>430.983</ele>
        <time>2021-08-08T10:04:45Z</time>
      </trkpt>
      <trkpt lat="43.301240" lon="-1.767443">
        <ele>430.625</ele>
        <time>2021-08-08T10:04:49Z</time>
      </trkpt>
      <trkpt lat="43.301267" lon="-1.767496">
        <ele>429.817</ele>
        <time>2021-08-08T10:04:53Z</time>
      </trkpt>
      <trkpt lat="43.301288" lon="-1.767561">
        <ele>429.208</ele>
        <time>2021-08-08T10:04:58Z</time>
      </trkpt>
      <trkpt lat="43.301312" lon="-1.767617">
        <ele>428.516</ele>
        <time>2021-08-08T10:05:03Z</time>
      </trkpt>
      <trkpt lat="43.301337" lon="-1.767670">
        <ele>427.988</ele>
        <time>2021-08-08T10:05:07Z</time>
      </trkpt>
      <trkpt lat="43.301370" lon="-1.767720">
        <ele>427.291</ele>
        <time>2021-08-08T10:05:12Z</time>
      </trkpt>
      <trkpt lat="43.301393" lon="-1.767774">
        <ele>426.841</ele>
        <time>2021-08-08T10:05:17Z</time>
      </trkpt>
      <trkpt lat="43.301418" lon="-1.767830">
        <ele>426.066</ele>
        <time>2021-08-08T10:05:30Z</time>
      </trkpt>
      <trkpt lat="43.301444" lon="-1.767885">
        <ele>425.385</ele>
        <time>2021-08-08T10:05:34Z</time>
      </trkpt>
      <trkpt lat="43.301476" lon="-1.767945">
        <ele>424.677</ele>
        <time>2021-08-08T10:05:37Z</time>
      </trkpt>
      <trkpt lat="43.301511" lon="-1.768018">
        <ele>424.148</ele>
        <time>2021-08-08T10:05:41Z</time>
      </trkpt>
      <trkpt lat="43.301546" lon="-1.768071">
        <ele>423.559</ele>
        <time>2021-08-08T10:05:46Z</time>
      </trkpt>
      <trkpt lat="43.301585" lon="-1.768116">
        <ele>422.503</ele>
        <time>2021-08-08T10:05:50Z</time>
      </trkpt>
      <trkpt lat="43.301620" lon="-1.768155">
        <ele>421.823</ele>
        <time>2021-08-08T10:05:53Z</time>
      </trkpt>
      <trkpt lat="43.301661" lon="-1.768192">
        <ele>421.108</ele>
        <time>2021-08-08T10:05:58Z</time>
      </trkpt>
      <trkpt lat="43.301618" lon="-1.768240">
        <ele>422.163</ele>
        <time>2021-08-08T10:06:19Z</time>
      </trkpt>
      <trkpt lat="43.301586" lon="-1.768289">
        <ele>422.845</ele>
        <time>2021-08-08T10:06:23Z</time>
      </trkpt>
      <trkpt lat="43.301572" lon="-1.768348">
        <ele>422.858</ele>
        <time>2021-08-08T10:06:29Z</time>
      </trkpt>
      <trkpt lat="43.301555" lon="-1.768413">
        <ele>422.218</ele>
        <time>2021-08-08T10:06:32Z</time>
      </trkpt>
      <trkpt lat="43.301555" lon="-1.768486">
        <ele>421.213</ele>
        <time>2021-08-08T10:06:36Z</time>
      </trkpt>
      <trkpt lat="43.301586" lon="-1.768532">
        <ele>420.652</ele>
        <time>2021-08-08T10:06:40Z</time>
      </trkpt>
      <trkpt lat="43.301610" lon="-1.768586">
        <ele>420.194</ele>
        <time>2021-08-08T10:06:44Z</time>
      </trkpt>
      <trkpt lat="43.301642" lon="-1.768635">
        <ele>419.415</ele>
        <time>2021-08-08T10:06:47Z</time>
      </trkpt>
      <trkpt lat="43.301687" lon="-1.768669">
        <ele>418.624</ele>
        <time>2021-08-08T10:06:50Z</time>
      </trkpt>
      <trkpt lat="43.301725" lon="-1.768713">
        <ele>417.504</ele>
        <time>2021-08-08T10:06:54Z</time>
      </trkpt>
      <trkpt lat="43.301733" lon="-1.768782">
        <ele>416.114</ele>
        <time>2021-08-08T10:07:02Z</time>
      </trkpt>
      <trkpt lat="43.301687" lon="-1.768756">
        <ele>416.808</ele>
        <time>2021-08-08T10:07:06Z</time>
      </trkpt>
      <trkpt lat="43.301637" lon="-1.768762">
        <ele>416.550</ele>
        <time>2021-08-08T10:07:10Z</time>
      </trkpt>
      <trkpt lat="43.301611" lon="-1.768815">
        <ele>415.032</ele>
        <time>2021-08-08T10:07:13Z</time>
      </trkpt>
      <trkpt lat="43.301587" lon="-1.768870">
        <ele>413.335</ele>
        <time>2021-08-08T10:07:18Z</time>
      </trkpt>
      <trkpt lat="43.301535" lon="-1.768877">
        <ele>412.445</ele>
        <time>2021-08-08T10:07:24Z</time>
      </trkpt>
      <trkpt lat="43.301490" lon="-1.768861">
        <ele>412.290</ele>
        <time>2021-08-08T10:07:27Z</time>
      </trkpt>
      <trkpt lat="43.301440" lon="-1.768857">
        <ele>411.749</ele>
        <time>2021-08-08T10:07:31Z</time>
      </trkpt>
      <trkpt lat="43.301392" lon="-1.768864">
        <ele>410.891</ele>
        <time>2021-08-08T10:07:35Z</time>
      </trkpt>
      <trkpt lat="43.301340" lon="-1.768876">
        <ele>409.662</ele>
        <time>2021-08-08T10:07:40Z</time>
      </trkpt>
      <trkpt lat="43.301301" lon="-1.768912">
        <ele>407.523</ele>
        <time>2021-08-08T10:07:46Z</time>
      </trkpt>
      <trkpt lat="43.301254" lon="-1.768917">
        <ele>406.483</ele>
        <time>2021-08-08T10:07:51Z</time>
      </trkpt>
      <trkpt lat="43.301203" lon="-1.768907">
        <ele>405.911</ele>
        <time>2021-08-08T10:07:57Z</time>
      </trkpt>
      <trkpt lat="43.301153" lon="-1.768897">
        <ele>405.408</ele>
        <time>2021-08-08T10:08:02Z</time>
      </trkpt>
      <trkpt lat="43.301112" lon="-1.768934">
        <ele>403.170</ele>
        <time>2021-08-08T10:08:07Z</time>
      </trkpt>
      <trkpt lat="43.301066" lon="-1.768927">
        <ele>402.032</ele>
        <time>2021-08-08T10:08:13Z</time>
      </trkpt>
      <trkpt lat="43.301019" lon="-1.768932">
        <ele>400.415</ele>
        <time>2021-08-08T10:08:18Z</time>
      </trkpt>
      <trkpt lat="43.300971" lon="-1.768912">
        <ele>399.965</ele>
        <time>2021-08-08T10:08:23Z</time>
      </trkpt>
      <trkpt lat="43.300923" lon="-1.768899">
        <ele>399.160</ele>
        <time>2021-08-08T10:08:27Z</time>
      </trkpt>
      <trkpt lat="43.300872" lon="-1.768896">
        <ele>397.899</ele>
        <time>2021-08-08T10:08:31Z</time>
      </trkpt>
      <trkpt lat="43.300817" lon="-1.768904">
        <ele>396.281</ele>
        <time>2021-08-08T10:08:35Z</time>
      </trkpt>
      <trkpt lat="43.300801" lon="-1.768782">
        <ele>402.172</ele>
        <time>2021-08-08T10:08:45Z</time>
      </trkpt>
      <trkpt lat="43.300753" lon="-1.768796">
        <ele>401.098</ele>
        <time>2021-08-08T10:08:49Z</time>
      </trkpt>
      <trkpt lat="43.300704" lon="-1.768824">
        <ele>399.415</ele>
        <time>2021-08-08T10:08:51Z</time>
      </trkpt>
      <trkpt lat="43.300656" lon="-1.768891">
        <ele>396.326</ele>
        <time>2021-08-08T10:08:53Z</time>
      </trkpt>
      <trkpt lat="43.300646" lon="-1.768951">
        <ele>393.608</ele>
        <time>2021-08-08T10:08:55Z</time>
      </trkpt>
      <trkpt lat="43.300694" lon="-1.768950">
        <ele>393.717</ele>
        <time>2021-08-08T10:08:57Z</time>
      </trkpt>
      <trkpt lat="43.300738" lon="-1.768974">
        <ele>392.859</ele>
        <time>2021-08-08T10:09:05Z</time>
      </trkpt>
      <trkpt lat="43.300778" lon="-1.769008">
        <ele>391.372</ele>
        <time>2021-08-08T10:09:14Z</time>
      </trkpt>
      <trkpt lat="43.300810" lon="-1.769056">
        <ele>389.152</ele>
        <time>2021-08-08T10:09:20Z</time>
      </trkpt>
      <trkpt lat="43.300830" lon="-1.769120">
        <ele>386.287</ele>
        <time>2021-08-08T10:09:25Z</time>
      </trkpt>
      <trkpt lat="43.300855" lon="-1.769178">
        <ele>384.116</ele>
        <time>2021-08-08T10:09:28Z</time>
      </trkpt>
      <trkpt lat="43.300893" lon="-1.769215">
        <ele>383.528</ele>
        <time>2021-08-08T10:09:32Z</time>
      </trkpt>
      <trkpt lat="43.300939" lon="-1.769231">
        <ele>384.239</ele>
        <time>2021-08-08T10:09:37Z</time>
      </trkpt>
      <trkpt lat="43.300978" lon="-1.769276">
        <ele>383.253</ele>
        <time>2021-08-08T10:09:39Z</time>
      </trkpt>
      <trkpt lat="43.301028" lon="-1.769308">
        <ele>383.204</ele>
        <time>2021-08-08T10:09:43Z</time>
      </trkpt>
      <trkpt lat="43.301078" lon="-1.769321">
        <ele>384.114</ele>
        <time>2021-08-08T10:09:46Z</time>
      </trkpt>
      <trkpt lat="43.301120" lon="-1.769349">
        <ele>384.008</ele>
        <time>2021-08-08T10:09:50Z</time>
      </trkpt>
      <trkpt lat="43.301168" lon="-1.769388">
        <ele>383.413</ele>
        <time>2021-08-08T10:10:04Z</time>
      </trkpt>
      <trkpt lat="43.301230" lon="-1.769377">
        <ele>385.675</ele>
        <time>2021-08-08T10:10:09Z</time>
      </trkpt>
      <trkpt lat="43.301273" lon="-1.769335">
        <ele>388.768</ele>
        <time>2021-08-08T10:10:13Z</time>
      </trkpt>
      <trkpt lat="43.301338" lon="-1.769378">
        <ele>388.548</ele>
        <time>2021-08-08T10:10:15Z</time>
      </trkpt>
      <trkpt lat="43.301395" lon="-1.769419">
        <ele>388.273</ele>
        <time>2021-08-08T10:10:17Z</time>
      </trkpt>
      <trkpt lat="43.301440" lon="-1.769442">
        <ele>388.272</ele>
        <time>2021-08-08T10:10:19Z</time>
      </trkpt>
      <trkpt lat="43.301425" lon="-1.769507">
        <ele>385.174</ele>
        <time>2021-08-08T10:10:22Z</time>
      </trkpt>
      <trkpt lat="43.301453" lon="-1.769560">
        <ele>383.465</ele>
        <time>2021-08-08T10:10:26Z</time>
      </trkpt>
      <trkpt lat="43.301480" lon="-1.769611">
        <ele>381.833</ele>
        <time>2021-08-08T10:10:31Z</time>
      </trkpt>
      <trkpt lat="43.301522" lon="-1.769643">
        <ele>381.323</ele>
        <time>2021-08-08T10:10:37Z</time>
      </trkpt>
      <trkpt lat="43.301566" lon="-1.769658">
        <ele>381.615</ele>
        <time>2021-08-08T10:10:42Z</time>
      </trkpt>
      <trkpt lat="43.301610" lon="-1.769672">
        <ele>381.908</ele>
        <time>2021-08-08T10:10:47Z</time>
      </trkpt>
      <trkpt lat="43.301673" lon="-1.769687">
        <ele>382.531</ele>
        <time>2021-08-08T10:10:52Z</time>
      </trkpt>
      <trkpt lat="43.301719" lon="-1.769692">
        <ele>382.123</ele>
        <time>2021-08-08T10:10:55Z</time>
      </trkpt>
      <trkpt lat="43.301767" lon="-1.769689">
        <ele>382.146</ele>
        <time>2021-08-08T10:10:59Z</time>
      </trkpt>
      <trkpt lat="43.301813" lon="-1.769673">
        <ele>382.796</ele>
        <time>2021-08-08T10:11:03Z</time>
      </trkpt>
      <trkpt lat="43.301859" lon="-1.769659">
        <ele>383.271</ele>
        <time>2021-08-08T10:11:07Z</time>
      </trkpt>
      <trkpt lat="43.301904" lon="-1.769652">
        <ele>383.410</ele>
        <time>2021-08-08T10:11:13Z</time>
      </trkpt>
      <trkpt lat="43.301952" lon="-1.769667">
        <ele>382.482</ele>
        <time>2021-08-08T10:11:27Z</time>
      </trkpt>
      <trkpt lat="43.301996" lon="-1.769680">
        <ele>380.713</ele>
        <time>2021-08-08T10:11:29Z</time>
      </trkpt>
      <trkpt lat="43.302047" lon="-1.769686">
        <ele>379.237</ele>
        <time>2021-08-08T10:11:32Z</time>
      </trkpt>
      <trkpt lat="43.302113" lon="-1.769687">
        <ele>377.549</ele>
        <time>2021-08-08T10:11:39Z</time>
      </trkpt>
      <trkpt lat="43.302164" lon="-1.769666">
        <ele>377.313</ele>
        <time>2021-08-08T10:11:41Z</time>
      </trkpt>
      <trkpt lat="43.302209" lon="-1.769666">
        <ele>376.208</ele>
        <time>2021-08-08T10:11:43Z</time>
      </trkpt>
      <trkpt lat="43.302253" lon="-1.769684">
        <ele>373.871</ele>
        <time>2021-08-08T10:11:48Z</time>
      </trkpt>
      <trkpt lat="43.302299" lon="-1.769684">
        <ele>372.123</ele>
        <time>2021-08-08T10:11:52Z</time>
      </trkpt>
      <trkpt lat="43.302353" lon="-1.769669">
        <ele>370.956</ele>
        <time>2021-08-08T10:11:56Z</time>
      </trkpt>
      <trkpt lat="43.302405" lon="-1.769660">
        <ele>369.496</ele>
        <time>2021-08-08T10:11:58Z</time>
      </trkpt>
      <trkpt lat="43.302453" lon="-1.769672">
        <ele>367.131</ele>
        <time>2021-08-08T10:12:01Z</time>
      </trkpt>
      <trkpt lat="43.302498" lon="-1.769651">
        <ele>366.470</ele>
        <time>2021-08-08T10:12:10Z</time>
      </trkpt>
      <trkpt lat="43.302546" lon="-1.769633">
        <ele>366.692</ele>
        <time>2021-08-08T10:12:17Z</time>
      </trkpt>
      <trkpt lat="43.302592" lon="-1.769608">
        <ele>367.143</ele>
        <time>2021-08-08T10:12:20Z</time>
      </trkpt>
      <trkpt lat="43.302631" lon="-1.769572">
        <ele>368.128</ele>
        <time>2021-08-08T10:12:23Z</time>
      </trkpt>
      <trkpt lat="43.302667" lon="-1.769531">
        <ele>369.189</ele>
        <time>2021-08-08T10:12:26Z</time>
      </trkpt>
      <trkpt lat="43.302716" lon="-1.769536">
        <ele>368.117</ele>
        <time>2021-08-08T10:12:30Z</time>
      </trkpt>
      <trkpt lat="43.302769" lon="-1.769525">
        <ele>367.508</ele>
        <time>2021-08-08T10:12:37Z</time>
      </trkpt>
      <trkpt lat="43.302809" lon="-1.769553">
        <ele>367.470</ele>
        <time>2021-08-08T10:12:41Z</time>
      </trkpt>
      <trkpt lat="43.302845" lon="-1.769600">
        <ele>366.992</ele>
        <time>2021-08-08T10:12:45Z</time>
      </trkpt>
      <trkpt lat="43.302881" lon="-1.769646">
        <ele>366.455</ele>
        <time>2021-08-08T10:12:49Z</time>
      </trkpt>
      <trkpt lat="43.302892" lon="-1.769715">
        <ele>364.575</ele>
        <time>2021-08-08T10:12:54Z</time>
      </trkpt>
      <trkpt lat="43.302915" lon="-1.769771">
        <ele>363.470</ele>
        <time>2021-08-08T10:12:57Z</time>
      </trkpt>
      <trkpt lat="43.302960" lon="-1.769802">
        <ele>363.759</ele>
        <time>2021-08-08T10:13:01Z</time>
      </trkpt>
      <trkpt lat="43.303004" lon="-1.769840">
        <ele>363.771</ele>
        <time>2021-08-08T10:13:04Z</time>
      </trkpt>
      <trkpt lat="43.303048" lon="-1.769855">
        <ele>364.592</ele>
        <time>2021-08-08T10:13:09Z</time>
      </trkpt>
      <trkpt lat="43.303097" lon="-1.769841">
        <ele>366.225</ele>
        <time>2021-08-08T10:13:14Z</time>
      </trkpt>
      <trkpt lat="43.303141" lon="-1.769861">
        <ele>366.726</ele>
        <time>2021-08-08T10:13:17Z</time>
      </trkpt>
      <trkpt lat="43.303181" lon="-1.769901">
        <ele>366.408</ele>
        <time>2021-08-08T10:13:21Z</time>
      </trkpt>
      <trkpt lat="43.303222" lon="-1.769938">
        <ele>366.208</ele>
        <time>2021-08-08T10:13:24Z</time>
      </trkpt>
      <trkpt lat="43.303261" lon="-1.769981">
        <ele>365.820</ele>
        <time>2021-08-08T10:13:28Z</time>
      </trkpt>
      <trkpt lat="43.303303" lon="-1.770004">
        <ele>366.162</ele>
        <time>2021-08-08T10:13:32Z</time>
      </trkpt>
      <trkpt lat="43.303346" lon="-1.770037">
        <ele>365.855</ele>
        <time>2021-08-08T10:13:37Z</time>
      </trkpt>
      <trkpt lat="43.303392" lon="-1.770042">
        <ele>366.955</ele>
        <time>2021-08-08T10:14:02Z</time>
      </trkpt>
      <trkpt lat="43.303437" lon="-1.770075">
        <ele>366.860</ele>
        <time>2021-08-08T10:14:05Z</time>
      </trkpt>
      <trkpt lat="43.303481" lon="-1.770116">
        <ele>366.539</ele>
        <time>2021-08-08T10:14:08Z</time>
      </trkpt>
      <trkpt lat="43.303523" lon="-1.770147">
        <ele>366.551</ele>
        <time>2021-08-08T10:14:16Z</time>
      </trkpt>
      <trkpt lat="43.303568" lon="-1.770206">
        <ele>365.582</ele>
        <time>2021-08-08T10:14:19Z</time>
      </trkpt>
      <trkpt lat="43.303594" lon="-1.770267">
        <ele>363.923</ele>
        <time>2021-08-08T10:14:23Z</time>
      </trkpt>
      <trkpt lat="43.303631" lon="-1.770314">
        <ele>362.983</ele>
        <time>2021-08-08T10:14:26Z</time>
      </trkpt>
      <trkpt lat="43.303671" lon="-1.770342">
        <ele>362.511</ele>
        <time>2021-08-08T10:14:32Z</time>
      </trkpt>
      <trkpt lat="43.303704" lon="-1.770386">
        <ele>361.408</ele>
        <time>2021-08-08T10:14:43Z</time>
      </trkpt>
      <trkpt lat="43.303744" lon="-1.770424">
        <ele>360.680</ele>
        <time>2021-08-08T10:14:45Z</time>
      </trkpt>
      <trkpt lat="43.303789" lon="-1.770474">
        <ele>359.412</ele>
        <time>2021-08-08T10:14:48Z</time>
      </trkpt>
      <trkpt lat="43.303834" lon="-1.770491">
        <ele>359.675</ele>
        <time>2021-08-08T10:14:52Z</time>
      </trkpt>
      <trkpt lat="43.303879" lon="-1.770506">
        <ele>359.815</ele>
        <time>2021-08-08T10:14:55Z</time>
      </trkpt>
      <trkpt lat="43.303917" lon="-1.770546">
        <ele>358.740</ele>
        <time>2021-08-08T10:14:59Z</time>
      </trkpt>
      <trkpt lat="43.303957" lon="-1.770597">
        <ele>357.079</ele>
        <time>2021-08-08T10:15:08Z</time>
      </trkpt>
      <trkpt lat="43.304001" lon="-1.770647">
        <ele>355.391</ele>
        <time>2021-08-08T10:15:10Z</time>
      </trkpt>
      <trkpt lat="43.304031" lon="-1.770697">
        <ele>353.492</ele>
        <time>2021-08-08T10:15:13Z</time>
      </trkpt>
      <trkpt lat="43.304061" lon="-1.770744">
        <ele>351.674</ele>
        <time>2021-08-08T10:15:17Z</time>
      </trkpt>
      <trkpt lat="43.304100" lon="-1.770790">
        <ele>349.756</ele>
        <time>2021-08-08T10:15:21Z</time>
      </trkpt>
      <trkpt lat="43.304148" lon="-1.770797">
        <ele>349.621</ele>
        <time>2021-08-08T10:15:24Z</time>
      </trkpt>
      <trkpt lat="43.304196" lon="-1.770782">
        <ele>350.808</ele>
        <time>2021-08-08T10:15:27Z</time>
      </trkpt>
      <trkpt lat="43.304241" lon="-1.770757">
        <ele>352.525</ele>
        <time>2021-08-08T10:15:32Z</time>
      </trkpt>
      <trkpt lat="43.304279" lon="-1.770812">
        <ele>350.637</ele>
        <time>2021-08-08T10:15:36Z</time>
      </trkpt>
      <trkpt lat="43.304316" lon="-1.770860">
        <ele>349.110</ele>
        <time>2021-08-08T10:15:40Z</time>
      </trkpt>
      <trkpt lat="43.304358" lon="-1.770901">
        <ele>348.130</ele>
        <time>2021-08-08T10:15:43Z</time>
      </trkpt>
      <trkpt lat="43.304405" lon="-1.770936">
        <ele>347.415</ele>
        <time>2021-08-08T10:15:47Z</time>
      </trkpt>
      <trkpt lat="43.304442" lon="-1.770977">
        <ele>346.334</ele>
        <time>2021-08-08T10:15:53Z</time>
      </trkpt>
      <trkpt lat="43.304488" lon="-1.771005">
        <ele>346.426</ele>
        <time>2021-08-08T10:15:57Z</time>
      </trkpt>
      <trkpt lat="43.304512" lon="-1.771062">
        <ele>344.747</ele>
        <time>2021-08-08T10:16:03Z</time>
      </trkpt>
      <trkpt lat="43.304464" lon="-1.771065">
        <ele>343.332</ele>
        <time>2021-08-08T10:16:16Z</time>
      </trkpt>
      <trkpt lat="43.304418" lon="-1.771047">
        <ele>343.292</ele>
        <time>2021-08-08T10:16:20Z</time>
      </trkpt>
      <trkpt lat="43.304364" lon="-1.771047">
        <ele>342.411</ele>
        <time>2021-08-08T10:16:24Z</time>
      </trkpt>
      <trkpt lat="43.304318" lon="-1.771042">
        <ele>341.908</ele>
        <time>2021-08-08T10:16:28Z</time>
      </trkpt>
      <trkpt lat="43.304264" lon="-1.771052">
        <ele>340.731</ele>
        <time>2021-08-08T10:16:33Z</time>
      </trkpt>
      <trkpt lat="43.304216" lon="-1.771057">
        <ele>339.953</ele>
        <time>2021-08-08T10:16:37Z</time>
      </trkpt>
      <trkpt lat="43.304180" lon="-1.771096">
        <ele>337.886</ele>
        <time>2021-08-08T10:16:44Z</time>
      </trkpt>
      <trkpt lat="43.304131" lon="-1.771125">
        <ele>336.516</ele>
        <time>2021-08-08T10:16:56Z</time>
      </trkpt>
      <trkpt lat="43.304092" lon="-1.771155">
        <ele>335.351</ele>
        <time>2021-08-08T10:17:01Z</time>
      </trkpt>
      <trkpt lat="43.304046" lon="-1.771195">
        <ele>333.820</ele>
        <time>2021-08-08T10:17:09Z</time>
      </trkpt>
      <trkpt lat="43.304001" lon="-1.771217">
        <ele>333.042</ele>
        <time>2021-08-08T10:17:10Z</time>
      </trkpt>
      <trkpt lat="43.303955" lon="-1.771233">
        <ele>332.593</ele>
        <time>2021-08-08T10:17:13Z</time>
      </trkpt>
      <trkpt lat="43.303909" lon="-1.771268">
        <ele>331.338</ele>
        <time>2021-08-08T10:17:16Z</time>
      </trkpt>
      <trkpt lat="43.303864" lon="-1.771299">
        <ele>329.970</ele>
        <time>2021-08-08T10:17:19Z</time>
      </trkpt>
      <trkpt lat="43.303813" lon="-1.771322">
        <ele>328.317</ele>
        <time>2021-08-08T10:17:35Z</time>
      </trkpt>
      <trkpt lat="43.303765" lon="-1.771331">
        <ele>327.308</ele>
        <time>2021-08-08T10:17:38Z</time>
      </trkpt>
      <trkpt lat="43.303718" lon="-1.771333">
        <ele>326.691</ele>
        <time>2021-08-08T10:17:44Z</time>
      </trkpt>
      <trkpt lat="43.303673" lon="-1.771329">
        <ele>326.023</ele>
        <time>2021-08-08T10:17:45Z</time>
      </trkpt>
      <trkpt lat="43.303623" lon="-1.771338">
        <ele>325.076</ele>
        <time>2021-08-08T10:17:48Z</time>
      </trkpt>
      <trkpt lat="43.303569" lon="-1.771322">
        <ele>324.376</ele>
        <time>2021-08-08T10:17:51Z</time>
      </trkpt>
      <trkpt lat="43.303526" lon="-1.771301">
        <ele>323.841</ele>
        <time>2021-08-08T10:17:55Z</time>
      </trkpt>
      <trkpt lat="43.303480" lon="-1.771257">
        <ele>324.040</ele>
        <time>2021-08-08T10:18:07Z</time>
      </trkpt>
      <trkpt lat="43.303429" lon="-1.771224">
        <ele>323.652</ele>
        <time>2021-08-08T10:18:09Z</time>
      </trkpt>
      <trkpt lat="43.303379" lon="-1.771211">
        <ele>322.523</ele>
        <time>2021-08-08T10:18:12Z</time>
      </trkpt>
      <trkpt lat="43.303338" lon="-1.771183">
        <ele>322.112</ele>
        <time>2021-08-08T10:18:17Z</time>
      </trkpt>
      <trkpt lat="43.303230" lon="-1.771097">
        <ele>320.432</ele>
        <time>2021-08-08T10:18:27Z</time>
      </trkpt>
      <trkpt lat="43.303174" lon="-1.771081">
        <ele>318.705</ele>
        <time>2021-08-08T10:18:30Z</time>
      </trkpt>
      <trkpt lat="43.303124" lon="-1.771075">
        <ele>316.908</ele>
        <time>2021-08-08T10:18:32Z</time>
      </trkpt>
      <trkpt lat="43.303116" lon="-1.771014">
        <ele>318.639</ele>
        <time>2021-08-08T10:18:44Z</time>
      </trkpt>
      <trkpt lat="43.303081" lon="-1.770974">
        <ele>318.531</ele>
        <time>2021-08-08T10:18:50Z</time>
      </trkpt>
      <trkpt lat="43.303036" lon="-1.770994">
        <ele>317.124</ele>
        <time>2021-08-08T10:19:05Z</time>
      </trkpt>
      <trkpt lat="43.303001" lon="-1.771051">
        <ele>315.854</ele>
        <time>2021-08-08T10:19:08Z</time>
      </trkpt>
      <trkpt lat="43.302998" lon="-1.771116">
        <ele>314.039</ele>
        <time>2021-08-08T10:19:10Z</time>
      </trkpt>
      <trkpt lat="43.303009" lon="-1.771192">
        <ele>313.218</ele>
        <time>2021-08-08T10:19:14Z</time>
      </trkpt>
      <trkpt lat="43.303050" lon="-1.771225">
        <ele>312.330</ele>
        <time>2021-08-08T10:19:19Z</time>
      </trkpt>
      <trkpt lat="43.303084" lon="-1.771274">
        <ele>312.661</ele>
        <time>2021-08-08T10:19:37Z</time>
      </trkpt>
      <trkpt lat="43.303095" lon="-1.771337">
        <ele>312.254</ele>
        <time>2021-08-08T10:19:40Z</time>
      </trkpt>
      <trkpt lat="43.303115" lon="-1.771413">
        <ele>312.056</ele>
        <time>2021-08-08T10:19:43Z</time>
      </trkpt>
      <trkpt lat="43.303126" lon="-1.771492">
        <ele>312.011</ele>
        <time>2021-08-08T10:19:45Z</time>
      </trkpt>
      <trkpt lat="43.303134" lon="-1.771563">
        <ele>311.808</ele>
        <time>2021-08-08T10:19:48Z</time>
      </trkpt>
      <trkpt lat="43.303154" lon="-1.771625">
        <ele>311.593</ele>
        <time>2021-08-08T10:19:51Z</time>
      </trkpt>
      <trkpt lat="43.303188" lon="-1.771680">
        <ele>311.285</ele>
        <time>2021-08-08T10:19:54Z</time>
      </trkpt>
      <trkpt lat="43.303225" lon="-1.771725">
        <ele>311.268</ele>
        <time>2021-08-08T10:19:58Z</time>
      </trkpt>
      <trkpt lat="43.303279" lon="-1.771729">
        <ele>310.688</ele>
        <time>2021-08-08T10:20:06Z</time>
      </trkpt>
      <trkpt lat="43.303327" lon="-1.771737">
        <ele>310.153</ele>
        <time>2021-08-08T10:20:09Z</time>
      </trkpt>
      <trkpt lat="43.303374" lon="-1.771777">
        <ele>310.112</ele>
        <time>2021-08-08T10:20:13Z</time>
      </trkpt>
      <trkpt lat="43.303365" lon="-1.771639">
        <ele>310.924</ele>
        <time>2021-08-08T10:20:17Z</time>
      </trkpt>
      <trkpt lat="43.303414" lon="-1.771762">
        <ele>310.365</ele>
        <time>2021-08-08T10:20:21Z</time>
      </trkpt>
      <trkpt lat="43.303521" lon="-1.771891">
        <ele>309.715</ele>
        <time>2021-08-08T10:20:23Z</time>
      </trkpt>
      <trkpt lat="43.303561" lon="-1.771927">
        <ele>309.365</ele>
        <time>2021-08-08T10:20:24Z</time>
      </trkpt>
      <trkpt lat="43.303618" lon="-1.771936">
        <ele>309.111</ele>
        <time>2021-08-08T10:20:26Z</time>
      </trkpt>
      <trkpt lat="43.303678" lon="-1.771968">
        <ele>309.308</ele>
        <time>2021-08-08T10:20:27Z</time>
      </trkpt>
      <trkpt lat="43.303632" lon="-1.771951">
        <ele>309.169</ele>
        <time>2021-08-08T10:20:33Z</time>
      </trkpt>
      <trkpt lat="43.303660" lon="-1.771897">
        <ele>309.491</ele>
        <time>2021-08-08T10:20:36Z</time>
      </trkpt>
      <trkpt lat="43.303699" lon="-1.771855">
        <ele>310.054</ele>
        <time>2021-08-08T10:20:44Z</time>
      </trkpt>
      <trkpt lat="43.303746" lon="-1.771829">
        <ele>310.464</ele>
        <time>2021-08-08T10:20:47Z</time>
      </trkpt>
      <trkpt lat="43.303793" lon="-1.771819">
        <ele>310.669</ele>
        <time>2021-08-08T10:20:50Z</time>
      </trkpt>
      <trkpt lat="43.303845" lon="-1.771830">
        <ele>310.428</ele>
        <time>2021-08-08T10:20:53Z</time>
      </trkpt>
      <trkpt lat="43.303894" lon="-1.771852">
        <ele>310.030</ele>
        <time>2021-08-08T10:20:57Z</time>
      </trkpt>
      <trkpt lat="43.303939" lon="-1.771866">
        <ele>309.661</ele>
        <time>2021-08-08T10:21:00Z</time>
      </trkpt>
      <trkpt lat="43.303978" lon="-1.771925">
        <ele>308.174</ele>
        <time>2021-08-08T10:21:10Z</time>
      </trkpt>
      <trkpt lat="43.304032" lon="-1.771945">
        <ele>307.556</ele>
        <time>2021-08-08T10:21:13Z</time>
      </trkpt>
      <trkpt lat="43.304076" lon="-1.771923">
        <ele>307.921</ele>
        <time>2021-08-08T10:21:15Z</time>
      </trkpt>
      <trkpt lat="43.304116" lon="-1.771883">
        <ele>308.908</ele>
        <time>2021-08-08T10:21:18Z</time>
      </trkpt>
      <trkpt lat="43.304161" lon="-1.771866">
        <ele>309.335</ele>
        <time>2021-08-08T10:21:22Z</time>
      </trkpt>
      <trkpt lat="43.304208" lon="-1.771880">
        <ele>308.997</ele>
        <time>2021-08-08T10:21:25Z</time>
      </trkpt>
      <trkpt lat="43.304253" lon="-1.771884">
        <ele>308.950</ele>
        <time>2021-08-08T10:21:32Z</time>
      </trkpt>
      <trkpt lat="43.304302" lon="-1.771894">
        <ele>308.640</ele>
        <time>2021-08-08T10:21:41Z</time>
      </trkpt>
      <trkpt lat="43.304350" lon="-1.771899">
        <ele>308.595</ele>
        <time>2021-08-08T10:21:44Z</time>
      </trkpt>
      <trkpt lat="43.304399" lon="-1.771915">
        <ele>308.044</ele>
        <time>2021-08-08T10:21:48Z</time>
      </trkpt>
      <trkpt lat="43.304446" lon="-1.771916">
        <ele>308.066</ele>
        <time>2021-08-08T10:21:50Z</time>
      </trkpt>
      <trkpt lat="43.304491" lon="-1.771927">
        <ele>307.777</ele>
        <time>2021-08-08T10:21:55Z</time>
      </trkpt>
      <trkpt lat="43.304551" lon="-1.771940">
        <ele>307.281</ele>
        <time>2021-08-08T10:22:07Z</time>
      </trkpt>
      <trkpt lat="43.304612" lon="-1.771945">
        <ele>307.061</ele>
        <time>2021-08-08T10:22:09Z</time>
      </trkpt>
      <trkpt lat="43.304665" lon="-1.771944">
        <ele>307.017</ele>
        <time>2021-08-08T10:22:12Z</time>
      </trkpt>
      <trkpt lat="43.304713" lon="-1.771942">
        <ele>307.108</ele>
        <time>2021-08-08T10:22:15Z</time>
      </trkpt>
      <trkpt lat="43.304771" lon="-1.771957">
        <ele>308.356</ele>
        <time>2021-08-08T10:22:27Z</time>
      </trkpt>
      <trkpt lat="43.304816" lon="-1.771990">
        <ele>308.948</ele>
        <time>2021-08-08T10:22:29Z</time>
      </trkpt>
      <trkpt lat="43.304861" lon="-1.772011">
        <ele>309.471</ele>
        <time>2021-08-08T10:22:33Z</time>
      </trkpt>
      <trkpt lat="43.304903" lon="-1.772042">
        <ele>309.361</ele>
        <time>2021-08-08T10:22:36Z</time>
      </trkpt>
      <trkpt lat="43.304940" lon="-1.772078">
        <ele>308.656</ele>
        <time>2021-08-08T10:22:38Z</time>
      </trkpt>
      <trkpt lat="43.304977" lon="-1.772114">
        <ele>307.645</ele>
        <time>2021-08-08T10:22:42Z</time>
      </trkpt>
      <trkpt lat="43.305026" lon="-1.772145">
        <ele>307.057</ele>
        <time>2021-08-08T10:22:45Z</time>
      </trkpt>
      <trkpt lat="43.305068" lon="-1.772178">
        <ele>306.728</ele>
        <time>2021-08-08T10:22:47Z</time>
      </trkpt>
      <trkpt lat="43.305119" lon="-1.772197">
        <ele>307.265</ele>
        <time>2021-08-08T10:22:55Z</time>
      </trkpt>
      <trkpt lat="43.305171" lon="-1.772273">
        <ele>306.568</ele>
        <time>2021-08-08T10:22:57Z</time>
      </trkpt>
      <trkpt lat="43.305212" lon="-1.772322">
        <ele>306.314</ele>
        <time>2021-08-08T10:22:58Z</time>
      </trkpt>
      <trkpt lat="43.305243" lon="-1.772371">
        <ele>305.508</ele>
        <time>2021-08-08T10:23:00Z</time>
      </trkpt>
      <trkpt lat="43.305222" lon="-1.772510">
        <ele>302.714</ele>
        <time>2021-08-08T10:23:03Z</time>
      </trkpt>
      <trkpt lat="43.305234" lon="-1.772675">
        <ele>303.496</ele>
        <time>2021-08-08T10:23:05Z</time>
      </trkpt>
      <trkpt lat="43.305276" lon="-1.772640">
        <ele>302.589</ele>
        <time>2021-08-08T10:23:07Z</time>
      </trkpt>
      <trkpt lat="43.305296" lon="-1.772549">
        <ele>302.569</ele>
        <time>2021-08-08T10:23:10Z</time>
      </trkpt>
      <trkpt lat="43.305307" lon="-1.772450">
        <ele>304.194</ele>
        <time>2021-08-08T10:23:11Z</time>
      </trkpt>
      <trkpt lat="43.305328" lon="-1.772368">
        <ele>306.663</ele>
        <time>2021-08-08T10:23:12Z</time>
      </trkpt>
      <trkpt lat="43.305366" lon="-1.772324">
        <ele>308.145</ele>
        <time>2021-08-08T10:23:14Z</time>
      </trkpt>
      <trkpt lat="43.305382" lon="-1.772390">
        <ele>306.946</ele>
        <time>2021-08-08T10:23:17Z</time>
      </trkpt>
      <trkpt lat="43.305424" lon="-1.772365">
        <ele>308.084</ele>
        <time>2021-08-08T10:23:21Z</time>
      </trkpt>
      <trkpt lat="43.305469" lon="-1.772346">
        <ele>309.007</ele>
        <time>2021-08-08T10:23:26Z</time>
      </trkpt>
      <trkpt lat="43.305527" lon="-1.772319">
        <ele>310.017</ele>
        <time>2021-08-08T10:23:29Z</time>
      </trkpt>
      <trkpt lat="43.305580" lon="-1.772299">
        <ele>310.608</ele>
        <time>2021-08-08T10:23:32Z</time>
      </trkpt>
      <trkpt lat="43.305682" lon="-1.772302">
        <ele>311.426</ele>
        <time>2021-08-08T10:23:35Z</time>
      </trkpt>
      <trkpt lat="43.305757" lon="-1.772304">
        <ele>311.948</ele>
        <time>2021-08-08T10:23:37Z</time>
      </trkpt>
      <trkpt lat="43.305801" lon="-1.772274">
        <ele>312.881</ele>
        <time>2021-08-08T10:23:40Z</time>
      </trkpt>
      <trkpt lat="43.305755" lon="-1.772210">
        <ele>313.971</ele>
        <time>2021-08-08T10:23:42Z</time>
      </trkpt>
      <trkpt lat="43.305722" lon="-1.772272">
        <ele>312.146</ele>
        <time>2021-08-08T10:24:01Z</time>
      </trkpt>
      <trkpt lat="43.305686" lon="-1.772329">
        <ele>311.195</ele>
        <time>2021-08-08T10:24:03Z</time>
      </trkpt>
      <trkpt lat="43.305635" lon="-1.772394">
        <ele>310.127</ele>
        <time>2021-08-08T10:24:06Z</time>
      </trkpt>
      <trkpt lat="43.305595" lon="-1.772447">
        <ele>309.518</ele>
        <time>2021-08-08T10:24:08Z</time>
      </trkpt>
      <trkpt lat="43.305550" lon="-1.772486">
        <ele>309.081</ele>
        <time>2021-08-08T10:24:11Z</time>
      </trkpt>
      <trkpt lat="43.305512" lon="-1.772527">
        <ele>307.361</ele>
        <time>2021-08-08T10:24:14Z</time>
      </trkpt>
      <trkpt lat="43.305495" lon="-1.772606">
        <ele>305.217</ele>
        <time>2021-08-08T10:24:18Z</time>
      </trkpt>
      <trkpt lat="43.305512" lon="-1.772669">
        <ele>303.908</ele>
        <time>2021-08-08T10:24:20Z</time>
      </trkpt>
      <trkpt lat="43.305534" lon="-1.772733">
        <ele>302.396</ele>
        <time>2021-08-08T10:24:25Z</time>
      </trkpt>
      <trkpt lat="43.305582" lon="-1.772759">
        <ele>301.958</ele>
        <time>2021-08-08T10:24:28Z</time>
      </trkpt>
      <trkpt lat="43.305577" lon="-1.772847">
        <ele>301.271</ele>
        <time>2021-08-08T10:24:34Z</time>
      </trkpt>
      <trkpt lat="43.305616" lon="-1.772797">
        <ele>301.821</ele>
        <time>2021-08-08T10:24:35Z</time>
      </trkpt>
      <trkpt lat="43.305662" lon="-1.772742">
        <ele>303.436</ele>
        <time>2021-08-08T10:24:36Z</time>
      </trkpt>
      <trkpt lat="43.305888" lon="-1.772627">
        <ele>306.385</ele>
        <time>2021-08-08T10:24:38Z</time>
      </trkpt>
      <trkpt lat="43.306509" lon="-1.772297">
        <ele>291.677</ele>
        <time>2021-08-08T10:24:42Z</time>
      </trkpt>
      <trkpt lat="43.306449" lon="-1.772160">
        <ele>289.568</ele>
        <time>2021-08-08T10:24:46Z</time>
      </trkpt>
      <trkpt lat="43.306347" lon="-1.771999">
        <ele>284.837</ele>
        <time>2021-08-08T10:24:47Z</time>
      </trkpt>
      <trkpt lat="43.306271" lon="-1.771879">
        <ele>285.849</ele>
        <time>2021-08-08T10:24:49Z</time>
      </trkpt>
      <trkpt lat="43.306242" lon="-1.771829">
        <ele>287.213</ele>
        <time>2021-08-08T10:24:50Z</time>
      </trkpt>
      <trkpt lat="43.306202" lon="-1.771778">
        <ele>290.308</ele>
        <time>2021-08-08T10:24:53Z</time>
      </trkpt>
      <trkpt lat="43.306156" lon="-1.771709">
        <ele>294.711</ele>
        <time>2021-08-08T10:24:56Z</time>
      </trkpt>
      <trkpt lat="43.306113" lon="-1.771675">
        <ele>299.853</ele>
        <time>2021-08-08T10:25:00Z</time>
      </trkpt>
      <trkpt lat="43.306083" lon="-1.771625">
        <ele>304.926</ele>
        <time>2021-08-08T10:25:05Z</time>
      </trkpt>
      <trkpt lat="43.306094" lon="-1.771565">
        <ele>305.946</ele>
        <time>2021-08-08T10:25:22Z</time>
      </trkpt>
      <trkpt lat="43.306114" lon="-1.771509">
        <ele>305.911</ele>
        <time>2021-08-08T10:25:42Z</time>
      </trkpt>
      <trkpt lat="43.306104" lon="-1.771448">
        <ele>309.320</ele>
        <time>2021-08-08T10:25:49Z</time>
      </trkpt>
      <trkpt lat="43.306105" lon="-1.771385">
        <ele>312.062</ele>
        <time>2021-08-08T10:25:53Z</time>
      </trkpt>
      <trkpt lat="43.306115" lon="-1.771321">
        <ele>319.493</ele>
        <time>2021-08-08T10:25:57Z</time>
      </trkpt>
      <trkpt lat="43.306131" lon="-1.771246">
        <ele>327.447</ele>
        <time>2021-08-08T10:26:01Z</time>
      </trkpt>
      <trkpt lat="43.306143" lon="-1.771179">
        <ele>334.729</ele>
        <time>2021-08-08T10:26:05Z</time>
      </trkpt>
      <trkpt lat="43.306151" lon="-1.771112">
        <ele>342.421</ele>
        <time>2021-08-08T10:26:09Z</time>
      </trkpt>
      <trkpt lat="43.306155" lon="-1.771041">
        <ele>347.608</ele>
        <time>2021-08-08T10:26:12Z</time>
      </trkpt>
      <trkpt lat="43.306157" lon="-1.770977">
        <ele>352.392</ele>
        <time>2021-08-08T10:26:15Z</time>
      </trkpt>
      <trkpt lat="43.306164" lon="-1.770913">
        <ele>356.414</ele>
        <time>2021-08-08T10:26:18Z</time>
      </trkpt>
      <trkpt lat="43.306268" lon="-1.770859">
        <ele>346.327</ele>
        <time>2021-08-08T10:26:21Z</time>
      </trkpt>
      <trkpt lat="43.306382" lon="-1.770846">
        <ele>331.347</ele>
        <time>2021-08-08T10:26:23Z</time>
      </trkpt>
      <trkpt lat="43.306450" lon="-1.770840">
        <ele>319.752</ele>
        <time>2021-08-08T10:26:24Z</time>
      </trkpt>
      <trkpt lat="43.306545" lon="-1.770850">
        <ele>302.521</ele>
        <time>2021-08-08T10:26:26Z</time>
      </trkpt>
      <trkpt lat="43.306681" lon="-1.770866">
        <ele>279.123</ele>
        <time>2021-08-08T10:26:27Z</time>
      </trkpt>
      <trkpt lat="43.306743" lon="-1.770863">
        <ele>270.994</ele>
        <time>2021-08-08T10:26:28Z</time>
      </trkpt>
      <trkpt lat="43.306792" lon="-1.770857">
        <ele>264.517</ele>
        <time>2021-08-08T10:26:29Z</time>
      </trkpt>
      <trkpt lat="43.306842" lon="-1.770844">
        <ele>258.587</ele>
        <time>2021-08-08T10:26:31Z</time>
      </trkpt>
      <trkpt lat="43.306886" lon="-1.770810">
        <ele>255.615</ele>
        <time>2021-08-08T10:26:39Z</time>
      </trkpt>
      <trkpt lat="43.306861" lon="-1.770751">
        <ele>264.408</ele>
        <time>2021-08-08T10:26:47Z</time>
      </trkpt>
      <trkpt lat="43.306869" lon="-1.770683">
        <ele>269.929</ele>
        <time>2021-08-08T10:26:50Z</time>
      </trkpt>
      <trkpt lat="43.306866" lon="-1.770621">
        <ele>276.271</ele>
        <time>2021-08-08T10:26:53Z</time>
      </trkpt>
      <trkpt lat="43.306849" lon="-1.770556">
        <ele>284.364</ele>
        <time>2021-08-08T10:27:06Z</time>
      </trkpt>
      <trkpt lat="43.306855" lon="-1.770489">
        <ele>290.454</ele>
        <time>2021-08-08T10:27:10Z</time>
      </trkpt>
      <trkpt lat="43.306861" lon="-1.770421">
        <ele>296.729</ele>
        <time>2021-08-08T10:27:13Z</time>
      </trkpt>
      <trkpt lat="43.306885" lon="-1.770348">
        <ele>301.268</ele>
        <time>2021-08-08T10:27:17Z</time>
      </trkpt>
      <trkpt lat="43.306943" lon="-1.770270">
        <ele>301.870</ele>
        <time>2021-08-08T10:27:18Z</time>
      </trkpt>
      <trkpt lat="43.306967" lon="-1.770202">
        <ele>304.781</ele>
        <time>2021-08-08T10:27:21Z</time>
      </trkpt>
      <trkpt lat="43.306981" lon="-1.770140">
        <ele>308.483</ele>
        <time>2021-08-08T10:27:23Z</time>
      </trkpt>
      <trkpt lat="43.306920" lon="-1.770128">
        <ele>317.025</ele>
        <time>2021-08-08T10:27:25Z</time>
      </trkpt>
      <trkpt lat="43.306875" lon="-1.770146">
        <ele>322.017</ele>
        <time>2021-08-08T10:27:27Z</time>
      </trkpt>
      <trkpt lat="43.306827" lon="-1.770194">
        <ele>324.008</ele>
        <time>2021-08-08T10:27:28Z</time>
      </trkpt>
      <trkpt lat="43.306943" lon="-1.770001">
        <ele>324.236</ele>
        <time>2021-08-08T10:28:12Z</time>
      </trkpt>
      <trkpt lat="43.307242" lon="-1.769721">
        <ele>327.148</ele>
        <time>2021-08-08T10:28:14Z</time>
      </trkpt>
      <trkpt lat="43.307368" lon="-1.769652">
        <ele>312.291</ele>
        <time>2021-08-08T10:28:15Z</time>
      </trkpt>
      <trkpt lat="43.307431" lon="-1.769644">
        <ele>303.661</ele>
        <time>2021-08-08T10:28:17Z</time>
      </trkpt>
      <trkpt lat="43.307483" lon="-1.769628">
        <ele>297.216</ele>
        <time>2021-08-08T10:28:18Z</time>
      </trkpt>
      <trkpt lat="43.307536" lon="-1.769592">
        <ele>296.395</ele>
        <time>2021-08-08T10:28:21Z</time>
      </trkpt>
      <trkpt lat="43.307572" lon="-1.769548">
        <ele>298.147</ele>
        <time>2021-08-08T10:28:22Z</time>
      </trkpt>
      <trkpt lat="43.307576" lon="-1.769470">
        <ele>302.478</ele>
        <time>2021-08-08T10:28:24Z</time>
      </trkpt>
      <trkpt lat="43.307542" lon="-1.769426">
        <ele>305.873</ele>
        <time>2021-08-08T10:28:26Z</time>
      </trkpt>
      <trkpt lat="43.307587" lon="-1.769412">
        <ele>305.385</ele>
        <time>2021-08-08T10:28:32Z</time>
      </trkpt>
      <trkpt lat="43.307635" lon="-1.769417">
        <ele>303.613</ele>
        <time>2021-08-08T10:28:41Z</time>
      </trkpt>
      <trkpt lat="43.307827" lon="-1.769342">
        <ele>306.108</ele>
        <time>2021-08-08T10:28:42Z</time>
      </trkpt>
      <trkpt lat="43.307751" lon="-1.769347">
        <ele>304.435</ele>
        <time>2021-08-08T10:28:46Z</time>
      </trkpt>
      <trkpt lat="43.307708" lon="-1.769282">
        <ele>309.277</ele>
        <time>2021-08-08T10:28:48Z</time>
      </trkpt>
      <trkpt lat="43.307642" lon="-1.769260">
        <ele>312.250</ele>
        <time>2021-08-08T10:28:50Z</time>
      </trkpt>
      <trkpt lat="43.307660" lon="-1.769318">
        <ele>308.580</ele>
        <time>2021-08-08T10:28:55Z</time>
      </trkpt>
      <trkpt lat="43.307680" lon="-1.769422">
        <ele>302.155</ele>
        <time>2021-08-08T10:29:05Z</time>
      </trkpt>
      <trkpt lat="43.307677" lon="-1.769484">
        <ele>298.984</ele>
        <time>2021-08-08T10:29:06Z</time>
      </trkpt>
      <trkpt lat="43.307685" lon="-1.769549">
        <ele>295.556</ele>
        <time>2021-08-08T10:29:09Z</time>
      </trkpt>
      <trkpt lat="43.307684" lon="-1.769617">
        <ele>292.237</ele>
        <time>2021-08-08T10:29:18Z</time>
      </trkpt>
      <trkpt lat="43.307720" lon="-1.769565">
        <ele>294.082</ele>
        <time>2021-08-08T10:29:49Z</time>
      </trkpt>
      <trkpt lat="43.307718" lon="-1.769498">
        <ele>297.243</ele>
        <time>2021-08-08T10:30:02Z</time>
      </trkpt>
      <trkpt lat="43.307698" lon="-1.769437">
        <ele>300.717</ele>
        <time>2021-08-08T10:30:06Z</time>
      </trkpt>
      <trkpt lat="43.307681" lon="-1.769379">
        <ele>304.508</ele>
        <time>2021-08-08T10:30:11Z</time>
      </trkpt>
      <trkpt lat="43.307668" lon="-1.769319">
        <ele>308.226</ele>
        <time>2021-08-08T10:30:15Z</time>
      </trkpt>
      <trkpt lat="43.307662" lon="-1.769258">
        <ele>311.888</ele>
        <time>2021-08-08T10:30:19Z</time>
      </trkpt>
      <trkpt lat="43.307669" lon="-1.769194">
        <ele>315.211</ele>
        <time>2021-08-08T10:30:24Z</time>
      </trkpt>
      <trkpt lat="43.307687" lon="-1.769130">
        <ele>317.811</ele>
        <time>2021-08-08T10:30:29Z</time>
      </trkpt>
      <trkpt lat="43.307876" lon="-1.769408">
        <ele>305.626</ele>
        <time>2021-08-08T10:30:32Z</time>
      </trkpt>
      <trkpt lat="43.307979" lon="-1.769472">
        <ele>309.295</ele>
        <time>2021-08-08T10:30:33Z</time>
      </trkpt>
      <trkpt lat="43.308058" lon="-1.769512">
        <ele>312.387</ele>
        <time>2021-08-08T10:30:34Z</time>
      </trkpt>
      <trkpt lat="43.308109" lon="-1.769524">
        <ele>310.568</ele>
        <time>2021-08-08T10:30:36Z</time>
      </trkpt>
      <trkpt lat="43.308163" lon="-1.769523">
        <ele>309.241</ele>
        <time>2021-08-08T10:30:38Z</time>
      </trkpt>
      <trkpt lat="43.308221" lon="-1.769508">
        <ele>308.181</ele>
        <time>2021-08-08T10:30:39Z</time>
      </trkpt>
      <trkpt lat="43.308261" lon="-1.769478">
        <ele>307.609</ele>
        <time>2021-08-08T10:30:42Z</time>
      </trkpt>
      <trkpt lat="43.308341" lon="-1.769460">
        <ele>305.408</ele>
        <time>2021-08-08T10:30:43Z</time>
      </trkpt>
      <trkpt lat="43.308428" lon="-1.769441">
        <ele>301.632</ele>
        <time>2021-08-08T10:30:45Z</time>
      </trkpt>
      <trkpt lat="43.308479" lon="-1.769413">
        <ele>299.974</ele>
        <time>2021-08-08T10:30:48Z</time>
      </trkpt>
      <trkpt lat="43.308522" lon="-1.769386">
        <ele>298.657</ele>
        <time>2021-08-08T10:30:54Z</time>
      </trkpt>
      <trkpt lat="43.308567" lon="-1.769383">
        <ele>296.797</ele>
        <time>2021-08-08T10:31:30Z</time>
      </trkpt>
      <trkpt lat="43.308616" lon="-1.769377">
        <ele>294.982</ele>
        <time>2021-08-08T10:31:35Z</time>
      </trkpt>
      <trkpt lat="43.308661" lon="-1.769368">
        <ele>294.631</ele>
        <time>2021-08-08T10:31:43Z</time>
      </trkpt>
      <trkpt lat="43.308708" lon="-1.769353">
        <ele>294.683</ele>
        <time>2021-08-08T10:31:45Z</time>
      </trkpt>
      <trkpt lat="43.308756" lon="-1.769330">
        <ele>294.944</ele>
        <time>2021-08-08T10:31:48Z</time>
      </trkpt>
      <trkpt lat="43.308801" lon="-1.769326">
        <ele>294.645</ele>
        <time>2021-08-08T10:31:50Z</time>
      </trkpt>
      <trkpt lat="43.308846" lon="-1.769335">
        <ele>293.847</ele>
        <time>2021-08-08T10:31:53Z</time>
      </trkpt>
      <trkpt lat="43.308891" lon="-1.769349">
        <ele>292.811</ele>
        <time>2021-08-08T10:31:59Z</time>
      </trkpt>
      <trkpt lat="43.308942" lon="-1.769348">
        <ele>293.508</ele>
        <time>2021-08-08T10:32:08Z</time>
      </trkpt>
      <trkpt lat="43.308998" lon="-1.769358">
        <ele>293.992</ele>
        <time>2021-08-08T10:32:11Z</time>
      </trkpt>
      <trkpt lat="43.309043" lon="-1.769368">
        <ele>294.144</ele>
        <time>2021-08-08T10:32:13Z</time>
      </trkpt>
      <trkpt lat="43.309098" lon="-1.769377">
        <ele>294.597</ele>
        <time>2021-08-08T10:32:15Z</time>
      </trkpt>
      <trkpt lat="43.309145" lon="-1.769402">
        <ele>294.297</ele>
        <time>2021-08-08T10:32:18Z</time>
      </trkpt>
      <trkpt lat="43.309195" lon="-1.769410">
        <ele>294.152</ele>
        <time>2021-08-08T10:32:22Z</time>
      </trkpt>
      <trkpt lat="43.309240" lon="-1.769420">
        <ele>293.641</ele>
        <time>2021-08-08T10:32:26Z</time>
      </trkpt>
      <trkpt lat="43.309287" lon="-1.769417">
        <ele>293.523</ele>
        <time>2021-08-08T10:32:30Z</time>
      </trkpt>
      <trkpt lat="43.309334" lon="-1.769414">
        <ele>293.494</ele>
        <time>2021-08-08T10:32:32Z</time>
      </trkpt>
      <trkpt lat="43.309385" lon="-1.769419">
        <ele>293.164</ele>
        <time>2021-08-08T10:32:35Z</time>
      </trkpt>
      <trkpt lat="43.309431" lon="-1.769409">
        <ele>293.206</ele>
        <time>2021-08-08T10:32:42Z</time>
      </trkpt>
      <trkpt lat="43.309476" lon="-1.769390">
        <ele>293.316</ele>
        <time>2021-08-08T10:32:44Z</time>
      </trkpt>
      <trkpt lat="43.309523" lon="-1.769384">
        <ele>292.808</ele>
        <time>2021-08-08T10:32:48Z</time>
      </trkpt>
      <trkpt lat="43.309576" lon="-1.769368">
        <ele>292.664</ele>
        <time>2021-08-08T10:32:58Z</time>
      </trkpt>
      <trkpt lat="43.309620" lon="-1.769353">
        <ele>292.456</ele>
        <time>2021-08-08T10:33:01Z</time>
      </trkpt>
      <trkpt lat="43.309674" lon="-1.769341">
        <ele>292.039</ele>
        <time>2021-08-08T10:33:05Z</time>
      </trkpt>
      <trkpt lat="43.309733" lon="-1.769316">
        <ele>292.089</ele>
        <time>2021-08-08T10:33:09Z</time>
      </trkpt>
      <trkpt lat="43.309775" lon="-1.769292">
        <ele>292.154</ele>
        <time>2021-08-08T10:33:11Z</time>
      </trkpt>
      <trkpt lat="43.309824" lon="-1.769276">
        <ele>291.833</ele>
        <time>2021-08-08T10:33:15Z</time>
      </trkpt>
      <trkpt lat="43.309873" lon="-1.769267">
        <ele>291.235</ele>
        <time>2021-08-08T10:33:21Z</time>
      </trkpt>
      <trkpt lat="43.309924" lon="-1.769251">
        <ele>290.946</ele>
        <time>2021-08-08T10:33:28Z</time>
      </trkpt>
      <trkpt lat="43.309970" lon="-1.769242">
        <ele>290.342</ele>
        <time>2021-08-08T10:33:30Z</time>
      </trkpt>
      <trkpt lat="43.310015" lon="-1.769233">
        <ele>290.322</ele>
        <time>2021-08-08T10:33:33Z</time>
      </trkpt>
      <trkpt lat="43.310062" lon="-1.769212">
        <ele>291.414</ele>
        <time>2021-08-08T10:33:37Z</time>
      </trkpt>
      <trkpt lat="43.310113" lon="-1.769202">
        <ele>292.308</ele>
        <time>2021-08-08T10:33:40Z</time>
      </trkpt>
      <trkpt lat="43.310158" lon="-1.769217">
        <ele>292.422</ele>
        <time>2021-08-08T10:33:43Z</time>
      </trkpt>
      <trkpt lat="43.310205" lon="-1.769237">
        <ele>292.424</ele>
        <time>2021-08-08T10:33:46Z</time>
      </trkpt>
      <trkpt lat="43.310253" lon="-1.769272">
        <ele>292.037</ele>
        <time>2021-08-08T10:33:50Z</time>
      </trkpt>
      <trkpt lat="43.310291" lon="-1.769317">
        <ele>291.537</ele>
        <time>2021-08-08T10:33:53Z</time>
      </trkpt>
      <trkpt lat="43.310329" lon="-1.769351">
        <ele>291.662</ele>
        <time>2021-08-08T10:33:57Z</time>
      </trkpt>
      <trkpt lat="43.310376" lon="-1.769379">
        <ele>292.181</ele>
        <time>2021-08-08T10:34:01Z</time>
      </trkpt>
      <trkpt lat="43.310413" lon="-1.769417">
        <ele>292.133</ele>
        <time>2021-08-08T10:34:06Z</time>
      </trkpt>
      <trkpt lat="43.310451" lon="-1.769463">
        <ele>291.814</ele>
        <time>2021-08-08T10:34:15Z</time>
      </trkpt>
      <trkpt lat="43.310489" lon="-1.769507">
        <ele>291.513</ele>
        <time>2021-08-08T10:34:18Z</time>
      </trkpt>
      <trkpt lat="43.310527" lon="-1.769555">
        <ele>291.143</ele>
        <time>2021-08-08T10:34:21Z</time>
      </trkpt>
      <trkpt lat="43.310564" lon="-1.769606">
        <ele>290.407</ele>
        <time>2021-08-08T10:34:24Z</time>
      </trkpt>
      <trkpt lat="43.310603" lon="-1.769640">
        <ele>289.808</ele>
        <time>2021-08-08T10:34:29Z</time>
      </trkpt>
      <trkpt lat="43.310648" lon="-1.769670">
        <ele>289.429</ele>
        <time>2021-08-08T10:34:34Z</time>
      </trkpt>
      <trkpt lat="43.310690" lon="-1.769694">
        <ele>289.241</ele>
        <time>2021-08-08T10:34:38Z</time>
      </trkpt>
      <trkpt lat="43.310731" lon="-1.769723">
        <ele>288.934</ele>
        <time>2021-08-08T10:34:41Z</time>
      </trkpt>
      <trkpt lat="43.310784" lon="-1.769729">
        <ele>289.254</ele>
        <time>2021-08-08T10:34:52Z</time>
      </trkpt>
      <trkpt lat="43.310842" lon="-1.769725">
        <ele>289.979</ele>
        <time>2021-08-08T10:34:55Z</time>
      </trkpt>
      <trkpt lat="43.310899" lon="-1.769723">
        <ele>290.248</ele>
        <time>2021-08-08T10:34:58Z</time>
      </trkpt>
      <trkpt lat="43.310956" lon="-1.769712">
        <ele>290.610</ele>
        <time>2021-08-08T10:35:00Z</time>
      </trkpt>
      <trkpt lat="43.311005" lon="-1.769702">
        <ele>290.841</ele>
        <time>2021-08-08T10:35:03Z</time>
      </trkpt>
      <trkpt lat="43.311045" lon="-1.769668">
        <ele>291.279</ele>
        <time>2021-08-08T10:35:06Z</time>
      </trkpt>
      <trkpt lat="43.311079" lon="-1.769627">
        <ele>291.405</ele>
        <time>2021-08-08T10:35:11Z</time>
      </trkpt>
      <trkpt lat="43.311112" lon="-1.769581">
        <ele>291.525</ele>
        <time>2021-08-08T10:35:14Z</time>
      </trkpt>
      <trkpt lat="43.311145" lon="-1.769523">
        <ele>290.708</ele>
        <time>2021-08-08T10:35:18Z</time>
      </trkpt>
      <trkpt lat="43.311164" lon="-1.769458">
        <ele>290.415</ele>
        <time>2021-08-08T10:35:23Z</time>
      </trkpt>
      <trkpt lat="43.311181" lon="-1.769385">
        <ele>290.477</ele>
        <time>2021-08-08T10:35:26Z</time>
      </trkpt>
      <trkpt lat="43.311195" lon="-1.769321">
        <ele>290.510</ele>
        <time>2021-08-08T10:35:29Z</time>
      </trkpt>
      <trkpt lat="43.311206" lon="-1.769258">
        <ele>290.640</ele>
        <time>2021-08-08T10:35:34Z</time>
      </trkpt>
      <trkpt lat="43.311207" lon="-1.769185">
        <ele>291.165</ele>
        <time>2021-08-08T10:35:40Z</time>
      </trkpt>
      <trkpt lat="43.311199" lon="-1.769122">
        <ele>291.524</ele>
        <time>2021-08-08T10:35:43Z</time>
      </trkpt>
      <trkpt lat="43.311187" lon="-1.769061">
        <ele>291.956</ele>
        <time>2021-08-08T10:35:45Z</time>
      </trkpt>
      <trkpt lat="43.311180" lon="-1.768997">
        <ele>292.277</ele>
        <time>2021-08-08T10:35:48Z</time>
      </trkpt>
      <trkpt lat="43.311174" lon="-1.768929">
        <ele>292.456</ele>
        <time>2021-08-08T10:35:51Z</time>
      </trkpt>
      <trkpt lat="43.311166" lon="-1.768860">
        <ele>292.559</ele>
        <time>2021-08-08T10:35:56Z</time>
      </trkpt>
      <trkpt lat="43.311173" lon="-1.768782">
        <ele>292.114</ele>
        <time>2021-08-08T10:36:06Z</time>
      </trkpt>
      <trkpt lat="43.311169" lon="-1.768713">
        <ele>292.008</ele>
        <time>2021-08-08T10:36:09Z</time>
      </trkpt>
      <trkpt lat="43.311165" lon="-1.768646">
        <ele>291.993</ele>
        <time>2021-08-08T10:36:18Z</time>
      </trkpt>
      <trkpt lat="43.311154" lon="-1.768582">
        <ele>291.955</ele>
        <time>2021-08-08T10:36:21Z</time>
      </trkpt>
      <trkpt lat="43.311049" lon="-1.768276">
        <ele>291.158</ele>
        <time>2021-08-08T10:36:23Z</time>
      </trkpt>
      <trkpt lat="43.311003" lon="-1.768227">
        <ele>291.078</ele>
        <time>2021-08-08T10:36:25Z</time>
      </trkpt>
      <trkpt lat="43.310930" lon="-1.768187">
        <ele>291.543</ele>
        <time>2021-08-08T10:36:27Z</time>
      </trkpt>
      <trkpt lat="43.310894" lon="-1.768229">
        <ele>292.692</ele>
        <time>2021-08-08T10:36:28Z</time>
      </trkpt>
      <trkpt lat="43.310907" lon="-1.768307">
        <ele>293.624</ele>
        <time>2021-08-08T10:36:31Z</time>
      </trkpt>
      <trkpt lat="43.310998" lon="-1.768381">
        <ele>293.045</ele>
        <time>2021-08-08T10:36:33Z</time>
      </trkpt>
      <trkpt lat="43.311098" lon="-1.768433">
        <ele>291.921</ele>
        <time>2021-08-08T10:36:34Z</time>
      </trkpt>
      <trkpt lat="43.311170" lon="-1.768467">
        <ele>290.941</ele>
        <time>2021-08-08T10:36:35Z</time>
      </trkpt>
      <trkpt lat="43.311219" lon="-1.768455">
        <ele>290.005</ele>
        <time>2021-08-08T10:36:37Z</time>
      </trkpt>
      <trkpt lat="43.311171" lon="-1.768438">
        <ele>290.708</ele>
        <time>2021-08-08T10:37:18Z</time>
      </trkpt>
      <trkpt lat="43.311112" lon="-1.768430">
        <ele>291.750</ele>
        <time>2021-08-08T10:37:20Z</time>
      </trkpt>
      <trkpt lat="43.311054" lon="-1.768407">
        <ele>292.482</ele>
        <time>2021-08-08T10:37:23Z</time>
      </trkpt>
      <trkpt lat="43.311111" lon="-1.768422">
        <ele>291.635</ele>
        <time>2021-08-08T10:38:01Z</time>
      </trkpt>
      <trkpt lat="43.311161" lon="-1.768433">
        <ele>290.935</ele>
        <time>2021-08-08T10:38:03Z</time>
      </trkpt>
      <trkpt lat="43.311216" lon="-1.768438">
        <ele>290.070</ele>
        <time>2021-08-08T10:38:05Z</time>
      </trkpt>
      <trkpt lat="43.311265" lon="-1.768431">
        <ele>289.189</ele>
        <time>2021-08-08T10:38:08Z</time>
      </trkpt>
      <trkpt lat="43.311306" lon="-1.768403">
        <ele>288.391</ele>
        <time>2021-08-08T10:38:16Z</time>
      </trkpt>
      <trkpt lat="43.311355" lon="-1.768384">
        <ele>287.552</ele>
        <time>2021-08-08T10:38:23Z</time>
      </trkpt>
      <trkpt lat="43.311401" lon="-1.768369">
        <ele>286.868</ele>
        <time>2021-08-08T10:38:27Z</time>
      </trkpt>
      <trkpt lat="43.311460" lon="-1.768374">
        <ele>285.642</ele>
        <time>2021-08-08T10:38:33Z</time>
      </trkpt>
      <trkpt lat="43.311512" lon="-1.768381">
        <ele>284.626</ele>
        <time>2021-08-08T10:38:35Z</time>
      </trkpt>
      <trkpt lat="43.311561" lon="-1.768398">
        <ele>283.508</ele>
        <time>2021-08-08T10:38:44Z</time>
      </trkpt>
      <trkpt lat="43.311603" lon="-1.768427">
        <ele>282.454</ele>
        <time>2021-08-08T10:38:47Z</time>
      </trkpt>
      <trkpt lat="43.311642" lon="-1.768474">
        <ele>281.166</ele>
        <time>2021-08-08T10:38:51Z</time>
      </trkpt>
      <trkpt lat="43.311684" lon="-1.768499">
        <ele>279.789</ele>
        <time>2021-08-08T10:38:58Z</time>
      </trkpt>
      <trkpt lat="43.311722" lon="-1.768546">
        <ele>278.029</ele>
        <time>2021-08-08T10:39:08Z</time>
      </trkpt>
      <trkpt lat="43.311744" lon="-1.768612">
        <ele>276.514</ele>
        <time>2021-08-08T10:39:12Z</time>
      </trkpt>
      <trkpt lat="43.311759" lon="-1.768684">
        <ele>275.183</ele>
        <time>2021-08-08T10:39:15Z</time>
      </trkpt>
      <trkpt lat="43.311751" lon="-1.768749">
        <ele>274.735</ele>
        <time>2021-08-08T10:39:18Z</time>
      </trkpt>
      <trkpt lat="43.311741" lon="-1.768817">
        <ele>274.376</ele>
        <time>2021-08-08T10:39:35Z</time>
      </trkpt>
      <trkpt lat="43.311755" lon="-1.768880">
        <ele>273.071</ele>
        <time>2021-08-08T10:39:37Z</time>
      </trkpt>
      <trkpt lat="43.311781" lon="-1.768936">
        <ele>271.241</ele>
        <time>2021-08-08T10:39:40Z</time>
      </trkpt>
      <trkpt lat="43.311794" lon="-1.768997">
        <ele>270.115</ele>
        <time>2021-08-08T10:39:43Z</time>
      </trkpt>
      <trkpt lat="43.311801" lon="-1.769065">
        <ele>269.108</ele>
        <time>2021-08-08T10:39:45Z</time>
      </trkpt>
      <trkpt lat="43.311805" lon="-1.769130">
        <ele>268.495</ele>
        <time>2021-08-08T10:39:49Z</time>
      </trkpt>
      <trkpt lat="43.311820" lon="-1.769189">
        <ele>267.327</ele>
        <time>2021-08-08T10:39:56Z</time>
      </trkpt>
      <trkpt lat="43.311830" lon="-1.769250">
        <ele>266.880</ele>
        <time>2021-08-08T10:40:08Z</time>
      </trkpt>
      <trkpt lat="43.311849" lon="-1.769313">
        <ele>266.080</ele>
        <time>2021-08-08T10:40:11Z</time>
      </trkpt>
      <trkpt lat="43.311878" lon="-1.769363">
        <ele>264.735</ele>
        <time>2021-08-08T10:40:20Z</time>
      </trkpt>
      <trkpt lat="43.311917" lon="-1.769403">
        <ele>263.144</ele>
        <time>2021-08-08T10:40:23Z</time>
      </trkpt>
      <trkpt lat="43.311947" lon="-1.769469">
        <ele>261.986</ele>
        <time>2021-08-08T10:40:26Z</time>
      </trkpt>
      <trkpt lat="43.311981" lon="-1.769524">
        <ele>260.527</ele>
        <time>2021-08-08T10:40:29Z</time>
      </trkpt>
      <trkpt lat="43.312016" lon="-1.769572">
        <ele>259.359</ele>
        <time>2021-08-08T10:40:33Z</time>
      </trkpt>
      <trkpt lat="43.312058" lon="-1.769607">
        <ele>257.803</ele>
        <time>2021-08-08T10:40:39Z</time>
      </trkpt>
      <trkpt lat="43.312095" lon="-1.769646">
        <ele>256.723</ele>
        <time>2021-08-08T10:40:42Z</time>
      </trkpt>
      <trkpt lat="43.312137" lon="-1.769672">
        <ele>255.408</ele>
        <time>2021-08-08T10:40:48Z</time>
      </trkpt>
      <trkpt lat="43.312168" lon="-1.769720">
        <ele>254.783</ele>
        <time>2021-08-08T10:41:04Z</time>
      </trkpt>
      <trkpt lat="43.312199" lon="-1.769771">
        <ele>253.115</ele>
        <time>2021-08-08T10:41:08Z</time>
      </trkpt>
      <trkpt lat="43.312239" lon="-1.769801">
        <ele>251.498</ele>
        <time>2021-08-08T10:41:17Z</time>
      </trkpt>
      <trkpt lat="43.312269" lon="-1.769853">
        <ele>249.978</ele>
        <time>2021-08-08T10:41:21Z</time>
      </trkpt>
      <trkpt lat="43.312308" lon="-1.769885">
        <ele>248.563</ele>
        <time>2021-08-08T10:41:31Z</time>
      </trkpt>
      <trkpt lat="43.312347" lon="-1.769916">
        <ele>247.282</ele>
        <time>2021-08-08T10:41:34Z</time>
      </trkpt>
      <trkpt lat="43.312392" lon="-1.769935">
        <ele>246.014</ele>
        <time>2021-08-08T10:41:39Z</time>
      </trkpt>
      <trkpt lat="43.312439" lon="-1.769954">
        <ele>244.725</ele>
        <time>2021-08-08T10:41:48Z</time>
      </trkpt>
      <trkpt lat="43.312491" lon="-1.769961">
        <ele>243.554</ele>
        <time>2021-08-08T10:41:51Z</time>
      </trkpt>
      <trkpt lat="43.312539" lon="-1.769966">
        <ele>242.456</ele>
        <time>2021-08-08T10:41:59Z</time>
      </trkpt>
      <trkpt lat="43.312584" lon="-1.769978">
        <ele>241.311</ele>
        <time>2021-08-08T10:42:01Z</time>
      </trkpt>
      <trkpt lat="43.312635" lon="-1.769980">
        <ele>240.208</ele>
        <time>2021-08-08T10:42:03Z</time>
      </trkpt>
      <trkpt lat="43.312679" lon="-1.769956">
        <ele>239.463</ele>
        <time>2021-08-08T10:42:07Z</time>
      </trkpt>
      <trkpt lat="43.312728" lon="-1.769946">
        <ele>238.535</ele>
        <time>2021-08-08T10:42:21Z</time>
      </trkpt>
      <trkpt lat="43.312774" lon="-1.769929">
        <ele>237.638</ele>
        <time>2021-08-08T10:42:25Z</time>
      </trkpt>
      <trkpt lat="43.312831" lon="-1.769909">
        <ele>236.288</ele>
        <time>2021-08-08T10:42:32Z</time>
      </trkpt>
      <trkpt lat="43.312879" lon="-1.769894">
        <ele>235.133</ele>
        <time>2021-08-08T10:42:34Z</time>
      </trkpt>
      <trkpt lat="43.312924" lon="-1.769910">
        <ele>233.852</ele>
        <time>2021-08-08T10:42:39Z</time>
      </trkpt>
      <trkpt lat="43.312974" lon="-1.769888">
        <ele>232.714</ele>
        <time>2021-08-08T10:42:49Z</time>
      </trkpt>
      <trkpt lat="43.313020" lon="-1.769870">
        <ele>231.835</ele>
        <time>2021-08-08T10:42:53Z</time>
      </trkpt>
      <trkpt lat="43.313071" lon="-1.769855">
        <ele>230.638</ele>
        <time>2021-08-08T10:42:57Z</time>
      </trkpt>
      <trkpt lat="43.313114" lon="-1.769833">
        <ele>229.770</ele>
        <time>2021-08-08T10:43:03Z</time>
      </trkpt>
      <trkpt lat="43.313159" lon="-1.769807">
        <ele>228.817</ele>
        <time>2021-08-08T10:43:14Z</time>
      </trkpt>
      <trkpt lat="43.313206" lon="-1.769791">
        <ele>227.808</ele>
        <time>2021-08-08T10:43:18Z</time>
      </trkpt>
      <trkpt lat="43.313247" lon="-1.769759">
        <ele>227.491</ele>
        <time>2021-08-08T10:43:33Z</time>
      </trkpt>
      <trkpt lat="43.313292" lon="-1.769738">
        <ele>226.723</ele>
        <time>2021-08-08T10:43:36Z</time>
      </trkpt>
      <trkpt lat="43.313338" lon="-1.769728">
        <ele>225.796</ele>
        <time>2021-08-08T10:43:42Z</time>
      </trkpt>
      <trkpt lat="43.313391" lon="-1.769712">
        <ele>224.596</ele>
        <time>2021-08-08T10:43:50Z</time>
      </trkpt>
      <trkpt lat="43.313438" lon="-1.769753">
        <ele>222.241</ele>
        <time>2021-08-08T10:43:53Z</time>
      </trkpt>
      <trkpt lat="43.313447" lon="-1.769814">
        <ele>220.330</ele>
        <time>2021-08-08T10:43:54Z</time>
      </trkpt>
      <trkpt lat="43.313456" lon="-1.769748">
        <ele>221.812</ele>
        <time>2021-08-08T10:43:57Z</time>
      </trkpt>
      <trkpt lat="43.313473" lon="-1.769691">
        <ele>222.443</ele>
        <time>2021-08-08T10:43:59Z</time>
      </trkpt>
      <trkpt lat="43.313499" lon="-1.769639">
        <ele>222.329</ele>
        <time>2021-08-08T10:44:01Z</time>
      </trkpt>
      <trkpt lat="43.313538" lon="-1.769678">
        <ele>220.700</ele>
        <time>2021-08-08T10:44:03Z</time>
      </trkpt>
      <trkpt lat="43.313578" lon="-1.769718">
        <ele>219.020</ele>
        <time>2021-08-08T10:44:08Z</time>
      </trkpt>
      <trkpt lat="43.313624" lon="-1.769757">
        <ele>216.908</ele>
        <time>2021-08-08T10:44:12Z</time>
      </trkpt>
      <trkpt lat="43.313653" lon="-1.769805">
        <ele>215.370</ele>
        <time>2021-08-08T10:44:34Z</time>
      </trkpt>
      <trkpt lat="43.313696" lon="-1.769841">
        <ele>213.882</ele>
        <time>2021-08-08T10:44:38Z</time>
      </trkpt>
      <trkpt lat="43.313742" lon="-1.769863">
        <ele>212.815</ele>
        <time>2021-08-08T10:44:41Z</time>
      </trkpt>
      <trkpt lat="43.313795" lon="-1.769885">
        <ele>211.685</ele>
        <time>2021-08-08T10:44:44Z</time>
      </trkpt>
      <trkpt lat="43.313833" lon="-1.769924">
        <ele>210.090</ele>
        <time>2021-08-08T10:44:49Z</time>
      </trkpt>
      <trkpt lat="43.313874" lon="-1.769961">
        <ele>208.449</ele>
        <time>2021-08-08T10:44:53Z</time>
      </trkpt>
      <trkpt lat="43.313911" lon="-1.769999">
        <ele>207.141</ele>
        <time>2021-08-08T10:44:55Z</time>
      </trkpt>
      <trkpt lat="43.313944" lon="-1.770049">
        <ele>205.372</ele>
        <time>2021-08-08T10:44:58Z</time>
      </trkpt>
      <trkpt lat="43.313980" lon="-1.770089">
        <ele>203.859</ele>
        <time>2021-08-08T10:45:03Z</time>
      </trkpt>
      <trkpt lat="43.314030" lon="-1.770104">
        <ele>203.403</ele>
        <time>2021-08-08T10:45:15Z</time>
      </trkpt>
      <trkpt lat="43.314072" lon="-1.770138">
        <ele>202.223</ele>
        <time>2021-08-08T10:45:17Z</time>
      </trkpt>
      <trkpt lat="43.314115" lon="-1.770162">
        <ele>201.408</ele>
        <time>2021-08-08T10:45:19Z</time>
      </trkpt>
      <trkpt lat="43.314166" lon="-1.770180">
        <ele>200.973</ele>
        <time>2021-08-08T10:45:22Z</time>
      </trkpt>
      <trkpt lat="43.314213" lon="-1.770202">
        <ele>199.725</ele>
        <time>2021-08-08T10:45:24Z</time>
      </trkpt>
      <trkpt lat="43.314255" lon="-1.770227">
        <ele>198.528</ele>
        <time>2021-08-08T10:45:27Z</time>
      </trkpt>
      <trkpt lat="43.314305" lon="-1.770245">
        <ele>197.628</ele>
        <time>2021-08-08T10:45:29Z</time>
      </trkpt>
      <trkpt lat="43.314349" lon="-1.770263">
        <ele>196.853</ele>
        <time>2021-08-08T10:45:40Z</time>
      </trkpt>
      <trkpt lat="43.314388" lon="-1.770298">
        <ele>195.352</ele>
        <time>2021-08-08T10:45:47Z</time>
      </trkpt>
      <trkpt lat="43.314429" lon="-1.770323">
        <ele>194.144</ele>
        <time>2021-08-08T10:45:51Z</time>
      </trkpt>
      <trkpt lat="43.314476" lon="-1.770351">
        <ele>192.535</ele>
        <time>2021-08-08T10:46:01Z</time>
      </trkpt>
      <trkpt lat="43.314518" lon="-1.770392">
        <ele>190.379</ele>
        <time>2021-08-08T10:46:04Z</time>
      </trkpt>
      <trkpt lat="43.314558" lon="-1.770420">
        <ele>188.805</ele>
        <time>2021-08-08T10:46:16Z</time>
      </trkpt>
      <trkpt lat="43.314598" lon="-1.770457">
        <ele>187.125</ele>
        <time>2021-08-08T10:46:25Z</time>
      </trkpt>
      <trkpt lat="43.314632" lon="-1.770501">
        <ele>185.308</ele>
        <time>2021-08-08T10:46:30Z</time>
      </trkpt>
      <trkpt lat="43.314672" lon="-1.770554">
        <ele>183.295</ele>
        <time>2021-08-08T10:46:54Z</time>
      </trkpt>
      <trkpt lat="43.314713" lon="-1.770579">
        <ele>181.927</ele>
        <time>2021-08-08T10:46:57Z</time>
      </trkpt>
      <trkpt lat="43.314755" lon="-1.770624">
        <ele>179.490</ele>
        <time>2021-08-08T10:47:11Z</time>
      </trkpt>
      <trkpt lat="43.314796" lon="-1.770675">
        <ele>176.790</ele>
        <time>2021-08-08T10:47:15Z</time>
      </trkpt>
      <trkpt lat="43.314840" lon="-1.770703">
        <ele>175.155</ele>
        <time>2021-08-08T10:47:26Z</time>
      </trkpt>
      <trkpt lat="43.314877" lon="-1.770742">
        <ele>173.414</ele>
        <time>2021-08-08T10:47:29Z</time>
      </trkpt>
      <trkpt lat="43.314912" lon="-1.770785">
        <ele>171.746</ele>
        <time>2021-08-08T10:47:32Z</time>
      </trkpt>
      <trkpt lat="43.314927" lon="-1.770861">
        <ele>168.817</ele>
        <time>2021-08-08T10:47:36Z</time>
      </trkpt>
      <trkpt lat="43.314905" lon="-1.770930">
        <ele>165.756</ele>
        <time>2021-08-08T10:47:38Z</time>
      </trkpt>
      <trkpt lat="43.314943" lon="-1.770982">
        <ele>163.559</ele>
        <time>2021-08-08T10:47:50Z</time>
      </trkpt>
      <trkpt lat="43.314995" lon="-1.770994">
        <ele>163.014</ele>
        <time>2021-08-08T10:47:52Z</time>
      </trkpt>
      <trkpt lat="43.315039" lon="-1.771005">
        <ele>162.108</ele>
        <time>2021-08-08T10:48:01Z</time>
      </trkpt>
      <trkpt lat="43.315081" lon="-1.771038">
        <ele>160.123</ele>
        <time>2021-08-08T10:48:05Z</time>
      </trkpt>
      <trkpt lat="43.315138" lon="-1.771075">
        <ele>157.995</ele>
        <time>2021-08-08T10:48:08Z</time>
      </trkpt>
      <trkpt lat="43.315187" lon="-1.771099">
        <ele>156.478</ele>
        <time>2021-08-08T10:48:13Z</time>
      </trkpt>
      <trkpt lat="43.315227" lon="-1.771128">
        <ele>154.878</ele>
        <time>2021-08-08T10:48:29Z</time>
      </trkpt>
      <trkpt lat="43.315275" lon="-1.771152">
        <ele>153.323</ele>
        <time>2021-08-08T10:48:51Z</time>
      </trkpt>
      <trkpt lat="43.315316" lon="-1.771178">
        <ele>151.562</ele>
        <time>2021-08-08T10:49:00Z</time>
      </trkpt>
      <trkpt lat="43.315355" lon="-1.771210">
        <ele>149.454</ele>
        <time>2021-08-08T10:49:04Z</time>
      </trkpt>
      <trkpt lat="43.315394" lon="-1.771241">
        <ele>147.555</ele>
        <time>2021-08-08T10:49:09Z</time>
      </trkpt>
      <trkpt lat="43.315443" lon="-1.771267">
        <ele>145.638</ele>
        <time>2021-08-08T10:49:15Z</time>
      </trkpt>
      <trkpt lat="43.315481" lon="-1.771308">
        <ele>143.470</ele>
        <time>2021-08-08T10:49:18Z</time>
      </trkpt>
      <trkpt lat="43.315514" lon="-1.771350">
        <ele>141.217</ele>
        <time>2021-08-08T10:49:23Z</time>
      </trkpt>
      <trkpt lat="43.315559" lon="-1.771359">
        <ele>140.108</ele>
        <time>2021-08-08T10:49:33Z</time>
      </trkpt>
      <trkpt lat="43.315606" lon="-1.771338">
        <ele>139.311</ele>
        <time>2021-08-08T10:49:38Z</time>
      </trkpt>
      <trkpt lat="43.315658" lon="-1.771318">
        <ele>138.473</ele>
        <time>2021-08-08T10:49:48Z</time>
      </trkpt>
      <trkpt lat="43.315704" lon="-1.771302">
        <ele>137.516</ele>
        <time>2021-08-08T10:49:51Z</time>
      </trkpt>
      <trkpt lat="43.315747" lon="-1.771281">
        <ele>136.876</ele>
        <time>2021-08-08T10:49:55Z</time>
      </trkpt>
      <trkpt lat="43.315789" lon="-1.771254">
        <ele>136.451</ele>
        <time>2021-08-08T10:50:00Z</time>
      </trkpt>
      <trkpt lat="43.315835" lon="-1.771219">
        <ele>136.060</ele>
        <time>2021-08-08T10:50:03Z</time>
      </trkpt>
      <trkpt lat="43.315866" lon="-1.771173">
        <ele>136.442</ele>
        <time>2021-08-08T10:50:08Z</time>
      </trkpt>
      <trkpt lat="43.315908" lon="-1.771108">
        <ele>136.843</ele>
        <time>2021-08-08T10:50:15Z</time>
      </trkpt>
      <trkpt lat="43.315943" lon="-1.771061">
        <ele>136.351</ele>
        <time>2021-08-08T10:50:19Z</time>
      </trkpt>
      <trkpt lat="43.315985" lon="-1.771010">
        <ele>135.401</ele>
        <time>2021-08-08T10:50:23Z</time>
      </trkpt>
      <trkpt lat="43.316021" lon="-1.770972">
        <ele>134.611</ele>
        <time>2021-08-08T10:50:25Z</time>
      </trkpt>
      <trkpt lat="43.316053" lon="-1.770923">
        <ele>134.008</ele>
        <time>2021-08-08T10:50:28Z</time>
      </trkpt>
      <trkpt lat="43.316078" lon="-1.770871">
        <ele>133.913</ele>
        <time>2021-08-08T10:50:43Z</time>
      </trkpt>
      <trkpt lat="43.316117" lon="-1.770814">
        <ele>132.755</ele>
        <time>2021-08-08T10:50:56Z</time>
      </trkpt>
      <trkpt lat="43.316144" lon="-1.770757">
        <ele>131.378</ele>
        <time>2021-08-08T10:51:08Z</time>
      </trkpt>
      <trkpt lat="43.316157" lon="-1.770691">
        <ele>130.548</ele>
        <time>2021-08-08T10:51:12Z</time>
      </trkpt>
      <trkpt lat="43.316164" lon="-1.770628">
        <ele>130.073</ele>
        <time>2021-08-08T10:51:17Z</time>
      </trkpt>
      <trkpt lat="43.316178" lon="-1.770564">
        <ele>128.962</ele>
        <time>2021-08-08T10:51:20Z</time>
      </trkpt>
      <trkpt lat="43.316189" lon="-1.770503">
        <ele>127.484</ele>
        <time>2021-08-08T10:51:22Z</time>
      </trkpt>
      <trkpt lat="43.316199" lon="-1.770424">
        <ele>125.675</ele>
        <time>2021-08-08T10:51:26Z</time>
      </trkpt>
      <trkpt lat="43.316213" lon="-1.770362">
        <ele>123.753</ele>
        <time>2021-08-08T10:51:28Z</time>
      </trkpt>
      <trkpt lat="43.316241" lon="-1.770306">
        <ele>121.004</ele>
        <time>2021-08-08T10:51:30Z</time>
      </trkpt>
      <trkpt lat="43.316240" lon="-1.770235">
        <ele>119.814</ele>
        <time>2021-08-08T10:51:32Z</time>
      </trkpt>
      <trkpt lat="43.316257" lon="-1.770139">
        <ele>116.808</ele>
        <time>2021-08-08T10:51:34Z</time>
      </trkpt>
      <trkpt lat="43.316272" lon="-1.770071">
        <ele>114.423</ele>
        <time>2021-08-08T10:51:36Z</time>
      </trkpt>
      <trkpt lat="43.316317" lon="-1.770020">
        <ele>110.315</ele>
        <time>2021-08-08T10:51:38Z</time>
      </trkpt>
      <trkpt lat="43.316280" lon="-1.769974">
        <ele>111.938</ele>
        <time>2021-08-08T10:51:53Z</time>
      </trkpt>
      <trkpt lat="43.316256" lon="-1.769919">
        <ele>112.268</ele>
        <time>2021-08-08T10:51:56Z</time>
      </trkpt>
      <trkpt lat="43.316255" lon="-1.769852">
        <ele>110.783</ele>
        <time>2021-08-08T10:51:59Z</time>
      </trkpt>
      <trkpt lat="43.316236" lon="-1.769784">
        <ele>110.382</ele>
        <time>2021-08-08T10:52:05Z</time>
      </trkpt>
      <trkpt lat="43.316220" lon="-1.769725">
        <ele>109.824</ele>
        <time>2021-08-08T10:52:07Z</time>
      </trkpt>
      <trkpt lat="43.316212" lon="-1.769662">
        <ele>108.425</ele>
        <time>2021-08-08T10:52:16Z</time>
      </trkpt>
      <trkpt lat="43.316259" lon="-1.769662">
        <ele>105.662</ele>
        <time>2021-08-08T10:52:34Z</time>
      </trkpt>
      <trkpt lat="43.316292" lon="-1.769710">
        <ele>105.283</ele>
        <time>2021-08-08T10:52:38Z</time>
      </trkpt>
      <trkpt lat="43.316329" lon="-1.769752">
        <ele>104.111</ele>
        <time>2021-08-08T10:52:53Z</time>
      </trkpt>
      <trkpt lat="43.316373" lon="-1.769781">
        <ele>102.008</ele>
        <time>2021-08-08T10:52:57Z</time>
      </trkpt>
      <trkpt lat="43.316415" lon="-1.769806">
        <ele>99.484</ele>
        <time>2021-08-08T10:53:04Z</time>
      </trkpt>
      <trkpt lat="43.316459" lon="-1.769833">
        <ele>96.246</ele>
        <time>2021-08-08T10:53:12Z</time>
      </trkpt>
      <trkpt lat="43.316498" lon="-1.769866">
        <ele>93.599</ele>
        <time>2021-08-08T10:53:15Z</time>
      </trkpt>
      <trkpt lat="43.316531" lon="-1.769928">
        <ele>91.799</ele>
        <time>2021-08-08T10:53:17Z</time>
      </trkpt>
      <trkpt lat="43.316523" lon="-1.769992">
        <ele>93.344</ele>
        <time>2021-08-08T10:53:21Z</time>
      </trkpt>
      <trkpt lat="43.316484" lon="-1.770038">
        <ele>97.763</ele>
        <time>2021-08-08T10:53:25Z</time>
      </trkpt>
      <trkpt lat="43.316532" lon="-1.770066">
        <ele>94.435</ele>
        <time>2021-08-08T10:53:40Z</time>
      </trkpt>
      <trkpt lat="43.316578" lon="-1.770102">
        <ele>91.666</ele>
        <time>2021-08-08T10:53:43Z</time>
      </trkpt>
      <trkpt lat="43.316621" lon="-1.770119">
        <ele>88.625</ele>
        <time>2021-08-08T10:53:52Z</time>
      </trkpt>
      <trkpt lat="43.316659" lon="-1.770172">
        <ele>87.226</ele>
        <time>2021-08-08T10:54:01Z</time>
      </trkpt>
      <trkpt lat="43.316682" lon="-1.770231">
        <ele>87.408</ele>
        <time>2021-08-08T10:54:04Z</time>
      </trkpt>
      <trkpt lat="43.316710" lon="-1.770289">
        <ele>87.008</ele>
        <time>2021-08-08T10:54:12Z</time>
      </trkpt>
      <trkpt lat="43.316745" lon="-1.770328">
        <ele>85.480</ele>
        <time>2021-08-08T10:54:14Z</time>
      </trkpt>
      <trkpt lat="43.316783" lon="-1.770363">
        <ele>83.612</ele>
        <time>2021-08-08T10:54:19Z</time>
      </trkpt>
      <trkpt lat="43.316821" lon="-1.770414">
        <ele>82.365</ele>
        <time>2021-08-08T10:54:36Z</time>
      </trkpt>
      <trkpt lat="43.316864" lon="-1.770437">
        <ele>79.935</ele>
        <time>2021-08-08T10:54:39Z</time>
      </trkpt>
      <trkpt lat="43.316908" lon="-1.770459">
        <ele>77.540</ele>
        <time>2021-08-08T10:54:44Z</time>
      </trkpt>
      <trkpt lat="43.316935" lon="-1.770509">
        <ele>77.149</ele>
        <time>2021-08-08T10:54:52Z</time>
      </trkpt>
      <trkpt lat="43.316959" lon="-1.770567">
        <ele>77.351</ele>
        <time>2021-08-08T10:54:57Z</time>
      </trkpt>
      <trkpt lat="43.316990" lon="-1.770620">
        <ele>76.332</ele>
        <time>2021-08-08T10:55:03Z</time>
      </trkpt>
      <trkpt lat="43.317024" lon="-1.770671">
        <ele>75.059</ele>
        <time>2021-08-08T10:55:07Z</time>
      </trkpt>
      <trkpt lat="43.317066" lon="-1.770695">
        <ele>72.503</ele>
        <time>2021-08-08T10:55:14Z</time>
      </trkpt>
      <trkpt lat="43.317112" lon="-1.770757">
        <ele>70.223</ele>
        <time>2021-08-08T10:55:17Z</time>
      </trkpt>
      <trkpt lat="43.317155" lon="-1.770809">
        <ele>67.808</ele>
        <time>2021-08-08T10:55:20Z</time>
      </trkpt>
      <trkpt lat="43.317189" lon="-1.770854">
        <ele>65.763</ele>
        <time>2021-08-08T10:55:23Z</time>
      </trkpt>
      <trkpt lat="43.317222" lon="-1.770906">
        <ele>63.885</ele>
        <time>2021-08-08T10:55:27Z</time>
      </trkpt>
      <trkpt lat="43.317258" lon="-1.770951">
        <ele>63.668</ele>
        <time>2021-08-08T10:55:33Z</time>
      </trkpt>
      <trkpt lat="43.317285" lon="-1.771012">
        <ele>63.758</ele>
        <time>2021-08-08T10:55:36Z</time>
      </trkpt>
      <trkpt lat="43.317279" lon="-1.771074">
        <ele>64.433</ele>
        <time>2021-08-08T10:55:39Z</time>
      </trkpt>
      <trkpt lat="43.317263" lon="-1.771143">
        <ele>65.122</ele>
        <time>2021-08-08T10:55:43Z</time>
      </trkpt>
      <trkpt lat="43.317257" lon="-1.771204">
        <ele>65.374</ele>
        <time>2021-08-08T10:55:47Z</time>
      </trkpt>
      <trkpt lat="43.317272" lon="-1.771270">
        <ele>65.015</ele>
        <time>2021-08-08T10:55:51Z</time>
      </trkpt>
      <trkpt lat="43.317309" lon="-1.771321">
        <ele>64.481</ele>
        <time>2021-08-08T10:55:55Z</time>
      </trkpt>
      <trkpt lat="43.317337" lon="-1.771378">
        <ele>63.961</ele>
        <time>2021-08-08T10:55:59Z</time>
      </trkpt>
      <trkpt lat="43.317358" lon="-1.771439">
        <ele>63.617</ele>
        <time>2021-08-08T10:56:13Z</time>
      </trkpt>
      <trkpt lat="43.317384" lon="-1.771500">
        <ele>63.308</ele>
        <time>2021-08-08T10:56:15Z</time>
      </trkpt>
      <trkpt lat="43.317402" lon="-1.771561">
        <ele>63.286</ele>
        <time>2021-08-08T10:56:17Z</time>
      </trkpt>
      <trkpt lat="43.317429" lon="-1.771632">
        <ele>62.988</ele>
        <time>2021-08-08T10:56:20Z</time>
      </trkpt>
      <trkpt lat="43.317456" lon="-1.771686">
        <ele>62.351</ele>
        <time>2021-08-08T10:56:23Z</time>
      </trkpt>
      <trkpt lat="43.317476" lon="-1.771746">
        <ele>61.111</ele>
        <time>2021-08-08T10:56:27Z</time>
      </trkpt>
      <trkpt lat="43.317508" lon="-1.771792">
        <ele>60.276</ele>
        <time>2021-08-08T10:56:33Z</time>
      </trkpt>
      <trkpt lat="43.317545" lon="-1.771833">
        <ele>59.695</ele>
        <time>2021-08-08T10:56:37Z</time>
      </trkpt>
      <trkpt lat="43.317575" lon="-1.771884">
        <ele>58.717</ele>
        <time>2021-08-08T10:56:46Z</time>
      </trkpt>
      <trkpt lat="43.317608" lon="-1.771927">
        <ele>57.968</ele>
        <time>2021-08-08T10:56:48Z</time>
      </trkpt>
      <trkpt lat="43.317643" lon="-1.771973">
        <ele>56.725</ele>
        <time>2021-08-08T10:56:56Z</time>
      </trkpt>
      <trkpt lat="43.317627" lon="-1.772042">
        <ele>54.726</ele>
        <time>2021-08-08T10:56:59Z</time>
      </trkpt>
      <trkpt lat="43.317608" lon="-1.772108">
        <ele>52.808</ele>
        <time>2021-08-08T10:57:02Z</time>
      </trkpt>
      <trkpt lat="43.317585" lon="-1.772173">
        <ele>50.808</ele>
        <time>2021-08-08T10:57:05Z</time>
      </trkpt>
      <trkpt lat="43.317600" lon="-1.772238">
        <ele>49.450</ele>
        <time>2021-08-08T10:57:22Z</time>
      </trkpt>
      <trkpt lat="43.317620" lon="-1.772172">
        <ele>50.912</ele>
        <time>2021-08-08T10:57:34Z</time>
      </trkpt>
      <trkpt lat="43.317658" lon="-1.772119">
        <ele>52.515</ele>
        <time>2021-08-08T10:57:43Z</time>
      </trkpt>
      <trkpt lat="43.317701" lon="-1.772101">
        <ele>53.045</ele>
        <time>2021-08-08T10:57:45Z</time>
      </trkpt>
      <trkpt lat="43.317748" lon="-1.772109">
        <ele>52.830</ele>
        <time>2021-08-08T10:57:48Z</time>
      </trkpt>
      <trkpt lat="43.317794" lon="-1.772131">
        <ele>52.369</ele>
        <time>2021-08-08T10:57:52Z</time>
      </trkpt>
      <trkpt lat="43.317839" lon="-1.772160">
        <ele>51.611</ele>
        <time>2021-08-08T10:57:57Z</time>
      </trkpt>
      <trkpt lat="43.317889" lon="-1.772163">
        <ele>51.592</ele>
        <time>2021-08-08T10:58:09Z</time>
      </trkpt>
      <trkpt lat="43.317935" lon="-1.772161">
        <ele>51.694</ele>
        <time>2021-08-08T10:58:19Z</time>
      </trkpt>
      <trkpt lat="43.317969" lon="-1.772201">
        <ele>50.157</ele>
        <time>2021-08-08T10:58:24Z</time>
      </trkpt>
      <trkpt lat="43.318003" lon="-1.772250">
        <ele>48.922</ele>
        <time>2021-08-08T10:58:25Z</time>
      </trkpt>
      <trkpt lat="43.318040" lon="-1.772297">
        <ele>48.208</ele>
        <time>2021-08-08T10:58:28Z</time>
      </trkpt>
      <trkpt lat="43.318060" lon="-1.772353">
        <ele>47.767</ele>
        <time>2021-08-08T10:58:31Z</time>
      </trkpt>
      <trkpt lat="43.318082" lon="-1.772427">
        <ele>47.549</ele>
        <time>2021-08-08T10:58:34Z</time>
      </trkpt>
      <trkpt lat="43.318098" lon="-1.772505">
        <ele>46.922</ele>
        <time>2021-08-08T10:58:36Z</time>
      </trkpt>
      <trkpt lat="43.318121" lon="-1.772572">
        <ele>47.672</ele>
        <time>2021-08-08T10:58:45Z</time>
      </trkpt>
      <trkpt lat="43.318171" lon="-1.772563">
        <ele>48.337</ele>
        <time>2021-08-08T10:58:47Z</time>
      </trkpt>
      <trkpt lat="43.318212" lon="-1.772513">
        <ele>49.396</ele>
        <time>2021-08-08T10:58:49Z</time>
      </trkpt>
      <trkpt lat="43.318248" lon="-1.772470">
        <ele>50.938</ele>
        <time>2021-08-08T10:58:52Z</time>
      </trkpt>
      <trkpt lat="43.318295" lon="-1.772490">
        <ele>51.439</ele>
        <time>2021-08-08T10:58:59Z</time>
      </trkpt>
      <trkpt lat="43.318286" lon="-1.772615">
        <ele>49.114</ele>
        <time>2021-08-08T10:59:01Z</time>
      </trkpt>
      <trkpt lat="43.318269" lon="-1.772689">
        <ele>47.954</ele>
        <time>2021-08-08T10:59:03Z</time>
      </trkpt>
      <trkpt lat="43.318265" lon="-1.772772">
        <ele>46.809</ele>
        <time>2021-08-08T10:59:05Z</time>
      </trkpt>
      <trkpt lat="43.318278" lon="-1.772840">
        <ele>46.208</ele>
        <time>2021-08-08T10:59:08Z</time>
      </trkpt>
      <trkpt lat="43.318318" lon="-1.772879">
        <ele>45.519</ele>
        <time>2021-08-08T10:59:12Z</time>
      </trkpt>
      <trkpt lat="43.318357" lon="-1.772925">
        <ele>45.661</ele>
        <time>2021-08-08T10:59:16Z</time>
      </trkpt>
      <trkpt lat="43.318396" lon="-1.772960">
        <ele>46.174</ele>
        <time>2021-08-08T10:59:18Z</time>
      </trkpt>
      <trkpt lat="43.318410" lon="-1.773029">
        <ele>45.574</ele>
        <time>2021-08-08T10:59:21Z</time>
      </trkpt>
      <trkpt lat="43.318415" lon="-1.773092">
        <ele>45.019</ele>
        <time>2021-08-08T10:59:22Z</time>
      </trkpt>
      <trkpt lat="43.318390" lon="-1.773148">
        <ele>44.578</ele>
        <time>2021-08-08T10:59:26Z</time>
      </trkpt>
      <trkpt lat="43.318435" lon="-1.773176">
        <ele>44.780</ele>
        <time>2021-08-08T10:59:34Z</time>
      </trkpt>
      <trkpt lat="43.318478" lon="-1.773222">
        <ele>44.571</ele>
        <time>2021-08-08T10:59:37Z</time>
      </trkpt>
      <trkpt lat="43.318528" lon="-1.773264">
        <ele>44.239</ele>
        <time>2021-08-08T10:59:39Z</time>
      </trkpt>
      <trkpt lat="43.318570" lon="-1.773293">
        <ele>43.801</ele>
        <time>2021-08-08T10:59:40Z</time>
      </trkpt>
      <trkpt lat="43.318616" lon="-1.773337">
        <ele>43.121</ele>
        <time>2021-08-08T10:59:44Z</time>
      </trkpt>
      <trkpt lat="43.318663" lon="-1.773341">
        <ele>43.108</ele>
        <time>2021-08-08T10:59:48Z</time>
      </trkpt>
      <trkpt lat="43.318704" lon="-1.773384">
        <ele>43.571</ele>
        <time>2021-08-08T10:59:51Z</time>
      </trkpt>
      <trkpt lat="43.318747" lon="-1.773405">
        <ele>43.533</ele>
        <time>2021-08-08T10:59:55Z</time>
      </trkpt>
      <trkpt lat="43.318798" lon="-1.773430">
        <ele>43.576</ele>
        <time>2021-08-08T11:00:03Z</time>
      </trkpt>
      <trkpt lat="43.318847" lon="-1.773467">
        <ele>43.386</ele>
        <time>2021-08-08T11:00:06Z</time>
      </trkpt>
      <trkpt lat="43.318910" lon="-1.773506">
        <ele>43.061</ele>
        <time>2021-08-08T11:00:12Z</time>
      </trkpt>
      <trkpt lat="43.318945" lon="-1.773551">
        <ele>43.140</ele>
        <time>2021-08-08T11:00:19Z</time>
      </trkpt>
      <trkpt lat="43.318993" lon="-1.773578">
        <ele>43.312</ele>
        <time>2021-08-08T11:00:26Z</time>
      </trkpt>
      <trkpt lat="43.319041" lon="-1.773612">
        <ele>43.643</ele>
        <time>2021-08-08T11:00:29Z</time>
      </trkpt>
      <trkpt lat="43.319093" lon="-1.773640">
        <ele>44.687</ele>
        <time>2021-08-08T11:00:32Z</time>
      </trkpt>
      <trkpt lat="43.319139" lon="-1.773671">
        <ele>45.742</ele>
        <time>2021-08-08T11:00:34Z</time>
      </trkpt>
      <trkpt lat="43.319186" lon="-1.773704">
        <ele>46.426</ele>
        <time>2021-08-08T11:00:36Z</time>
      </trkpt>
      <trkpt lat="43.319227" lon="-1.773753">
        <ele>47.008</ele>
        <time>2021-08-08T11:00:39Z</time>
      </trkpt>
      <trkpt lat="43.319259" lon="-1.773798">
        <ele>47.486</ele>
        <time>2021-08-08T11:00:44Z</time>
      </trkpt>
      <trkpt lat="43.319295" lon="-1.773849">
        <ele>47.698</ele>
        <time>2021-08-08T11:00:48Z</time>
      </trkpt>
      <trkpt lat="43.319331" lon="-1.773902">
        <ele>47.581</ele>
        <time>2021-08-08T11:00:51Z</time>
      </trkpt>
      <trkpt lat="43.319368" lon="-1.773949">
        <ele>47.331</ele>
        <time>2021-08-08T11:00:54Z</time>
      </trkpt>
      <trkpt lat="43.319406" lon="-1.773993">
        <ele>47.086</ele>
        <time>2021-08-08T11:00:56Z</time>
      </trkpt>
      <trkpt lat="43.319443" lon="-1.774036">
        <ele>46.735</ele>
        <time>2021-08-08T11:00:59Z</time>
      </trkpt>
      <trkpt lat="43.319483" lon="-1.774078">
        <ele>46.597</ele>
        <time>2021-08-08T11:01:02Z</time>
      </trkpt>
      <trkpt lat="43.319520" lon="-1.774114">
        <ele>46.128</ele>
        <time>2021-08-08T11:01:05Z</time>
      </trkpt>
      <trkpt lat="43.319564" lon="-1.774154">
        <ele>45.455</ele>
        <time>2021-08-08T11:01:09Z</time>
      </trkpt>
      <trkpt lat="43.319599" lon="-1.774213">
        <ele>45.407</ele>
        <time>2021-08-08T11:01:13Z</time>
      </trkpt>
      <trkpt lat="43.319608" lon="-1.774279">
        <ele>46.317</ele>
        <time>2021-08-08T11:01:14Z</time>
      </trkpt>
      <trkpt lat="43.319586" lon="-1.774336">
        <ele>48.208</ele>
        <time>2021-08-08T11:01:16Z</time>
      </trkpt>
      <trkpt lat="43.319636" lon="-1.774319">
        <ele>46.043</ele>
        <time>2021-08-08T11:01:26Z</time>
      </trkpt>
      <trkpt lat="43.319691" lon="-1.774277">
        <ele>43.345</ele>
        <time>2021-08-08T11:01:28Z</time>
      </trkpt>
      <trkpt lat="43.319754" lon="-1.774292">
        <ele>41.918</ele>
        <time>2021-08-08T11:01:30Z</time>
      </trkpt>
      <trkpt lat="43.319799" lon="-1.774327">
        <ele>41.468</ele>
        <time>2021-08-08T11:01:33Z</time>
      </trkpt>
      <trkpt lat="43.319807" lon="-1.774390">
        <ele>41.863</ele>
        <time>2021-08-08T11:01:37Z</time>
      </trkpt>
      <trkpt lat="43.319842" lon="-1.774457">
        <ele>41.752</ele>
        <time>2021-08-08T11:01:40Z</time>
      </trkpt>
      <trkpt lat="43.319863" lon="-1.774517">
        <ele>42.444</ele>
        <time>2021-08-08T11:01:42Z</time>
      </trkpt>
      <trkpt lat="43.319893" lon="-1.774573">
        <ele>42.615</ele>
        <time>2021-08-08T11:01:44Z</time>
      </trkpt>
      <trkpt lat="43.319918" lon="-1.774625">
        <ele>42.724</ele>
        <time>2021-08-08T11:01:47Z</time>
      </trkpt>
      <trkpt lat="43.319927" lon="-1.774694">
        <ele>43.504</ele>
        <time>2021-08-08T11:01:50Z</time>
      </trkpt>
      <trkpt lat="43.319912" lon="-1.774765">
        <ele>45.414</ele>
        <time>2021-08-08T11:01:52Z</time>
      </trkpt>
      <trkpt lat="43.319900" lon="-1.774838">
        <ele>47.508</ele>
        <time>2021-08-08T11:01:53Z</time>
      </trkpt>
      <trkpt lat="43.319894" lon="-1.774907">
        <ele>49.340</ele>
        <time>2021-08-08T11:01:56Z</time>
      </trkpt>
      <trkpt lat="43.319935" lon="-1.774863">
        <ele>46.522</ele>
        <time>2021-08-08T11:02:01Z</time>
      </trkpt>
      <trkpt lat="43.319965" lon="-1.774811">
        <ele>44.165</ele>
        <time>2021-08-08T11:02:03Z</time>
      </trkpt>
      <trkpt lat="43.320000" lon="-1.774760">
        <ele>41.765</ele>
        <time>2021-08-08T11:02:05Z</time>
      </trkpt>
      <trkpt lat="43.320037" lon="-1.774713">
        <ele>40.210</ele>
        <time>2021-08-08T11:02:07Z</time>
      </trkpt>
      <trkpt lat="43.320077" lon="-1.774757">
        <ele>40.249</ele>
        <time>2021-08-08T11:02:13Z</time>
      </trkpt>
      <trkpt lat="43.320110" lon="-1.774812">
        <ele>40.591</ele>
        <time>2021-08-08T11:02:16Z</time>
      </trkpt>
      <trkpt lat="43.320144" lon="-1.774867">
        <ele>40.762</ele>
        <time>2021-08-08T11:02:18Z</time>
      </trkpt>
      <trkpt lat="43.320177" lon="-1.774918">
        <ele>40.947</ele>
        <time>2021-08-08T11:02:20Z</time>
      </trkpt>
      <trkpt lat="43.320210" lon="-1.774973">
        <ele>41.129</ele>
        <time>2021-08-08T11:02:22Z</time>
      </trkpt>
      <trkpt lat="43.320244" lon="-1.775035">
        <ele>42.121</ele>
        <time>2021-08-08T11:02:26Z</time>
      </trkpt>
      <trkpt lat="43.320268" lon="-1.775091">
        <ele>43.808</ele>
        <time>2021-08-08T11:02:29Z</time>
      </trkpt>
      <trkpt lat="43.320304" lon="-1.775133">
        <ele>44.992</ele>
        <time>2021-08-08T11:02:35Z</time>
      </trkpt>
      <trkpt lat="43.320359" lon="-1.775139">
        <ele>44.234</ele>
        <time>2021-08-08T11:02:37Z</time>
      </trkpt>
      <trkpt lat="43.320405" lon="-1.775139">
        <ele>43.477</ele>
        <time>2021-08-08T11:02:40Z</time>
      </trkpt>
      <trkpt lat="43.320447" lon="-1.775178">
        <ele>43.927</ele>
        <time>2021-08-08T11:02:50Z</time>
      </trkpt>
      <trkpt lat="43.320500" lon="-1.775207">
        <ele>43.692</ele>
        <time>2021-08-08T11:02:53Z</time>
      </trkpt>
      <trkpt lat="43.320554" lon="-1.775236">
        <ele>43.181</ele>
        <time>2021-08-08T11:02:54Z</time>
      </trkpt>
      <trkpt lat="43.320599" lon="-1.775254">
        <ele>42.743</ele>
        <time>2021-08-08T11:03:02Z</time>
      </trkpt>
      <trkpt lat="43.320655" lon="-1.775268">
        <ele>42.054</ele>
        <time>2021-08-08T11:03:06Z</time>
      </trkpt>
      <trkpt lat="43.320706" lon="-1.775282">
        <ele>41.445</ele>
        <time>2021-08-08T11:03:09Z</time>
      </trkpt>
      <trkpt lat="43.320751" lon="-1.775302">
        <ele>41.247</ele>
        <time>2021-08-08T11:03:11Z</time>
      </trkpt>
      <trkpt lat="43.320805" lon="-1.775316">
        <ele>40.511</ele>
        <time>2021-08-08T11:03:23Z</time>
      </trkpt>
      <trkpt lat="43.320856" lon="-1.775326">
        <ele>40.008</ele>
        <time>2021-08-08T11:03:25Z</time>
      </trkpt>
      <trkpt lat="43.320901" lon="-1.775343">
        <ele>39.972</ele>
        <time>2021-08-08T11:03:27Z</time>
      </trkpt>
      <trkpt lat="43.320951" lon="-1.775361">
        <ele>39.784</ele>
        <time>2021-08-08T11:03:29Z</time>
      </trkpt>
      <trkpt lat="43.320996" lon="-1.775370">
        <ele>39.427</ele>
        <time>2021-08-08T11:03:32Z</time>
      </trkpt>
      <trkpt lat="43.321051" lon="-1.775374">
        <ele>38.857</ele>
        <time>2021-08-08T11:03:40Z</time>
      </trkpt>
      <trkpt lat="43.321109" lon="-1.775390">
        <ele>38.512</ele>
        <time>2021-08-08T11:03:42Z</time>
      </trkpt>
      <trkpt lat="43.321157" lon="-1.775405">
        <ele>37.991</ele>
        <time>2021-08-08T11:03:45Z</time>
      </trkpt>
      <trkpt lat="43.321203" lon="-1.775425">
        <ele>37.583</ele>
        <time>2021-08-08T11:03:49Z</time>
      </trkpt>
      <trkpt lat="43.321248" lon="-1.775447">
        <ele>37.154</ele>
        <time>2021-08-08T11:03:53Z</time>
      </trkpt>
      <trkpt lat="43.321296" lon="-1.775466">
        <ele>36.595</ele>
        <time>2021-08-08T11:03:55Z</time>
      </trkpt>
      <trkpt lat="43.321343" lon="-1.775481">
        <ele>35.849</ele>
        <time>2021-08-08T11:03:58Z</time>
      </trkpt>
      <trkpt lat="43.321394" lon="-1.775492">
        <ele>35.123</ele>
        <time>2021-08-08T11:04:01Z</time>
      </trkpt>
      <trkpt lat="43.321444" lon="-1.775508">
        <ele>35.208</ele>
        <time>2021-08-08T11:04:04Z</time>
      </trkpt>
      <trkpt lat="43.321477" lon="-1.775568">
        <ele>35.987</ele>
        <time>2021-08-08T11:04:07Z</time>
      </trkpt>
      <trkpt lat="43.321522" lon="-1.775587">
        <ele>36.099</ele>
        <time>2021-08-08T11:04:12Z</time>
      </trkpt>
      <trkpt lat="43.321556" lon="-1.775529">
        <ele>35.172</ele>
        <time>2021-08-08T11:04:13Z</time>
      </trkpt>
      <trkpt lat="43.321598" lon="-1.775472">
        <ele>34.342</ele>
        <time>2021-08-08T11:04:15Z</time>
      </trkpt>
      <trkpt lat="43.321634" lon="-1.775429">
        <ele>33.757</ele>
        <time>2021-08-08T11:04:17Z</time>
      </trkpt>
      <trkpt lat="43.321685" lon="-1.775458">
        <ele>33.856</ele>
        <time>2021-08-08T11:04:27Z</time>
      </trkpt>
      <trkpt lat="43.321743" lon="-1.775442">
        <ele>33.298</ele>
        <time>2021-08-08T11:04:29Z</time>
      </trkpt>
      <trkpt lat="43.321796" lon="-1.775473">
        <ele>33.279</ele>
        <time>2021-08-08T11:04:31Z</time>
      </trkpt>
      <trkpt lat="43.321836" lon="-1.775507">
        <ele>33.393</ele>
        <time>2021-08-08T11:04:35Z</time>
      </trkpt>
      <trkpt lat="43.321878" lon="-1.775534">
        <ele>33.265</ele>
        <time>2021-08-08T11:04:38Z</time>
      </trkpt>
      <trkpt lat="43.321933" lon="-1.775553">
        <ele>33.121</ele>
        <time>2021-08-08T11:04:41Z</time>
      </trkpt>
      <trkpt lat="43.321974" lon="-1.775584">
        <ele>33.308</ele>
        <time>2021-08-08T11:04:44Z</time>
      </trkpt>
      <trkpt lat="43.322010" lon="-1.775628">
        <ele>33.867</ele>
        <time>2021-08-08T11:04:50Z</time>
      </trkpt>
      <trkpt lat="43.322015" lon="-1.775696">
        <ele>35.089</ele>
        <time>2021-08-08T11:04:53Z</time>
      </trkpt>
      <trkpt lat="43.322046" lon="-1.775746">
        <ele>35.792</ele>
        <time>2021-08-08T11:04:57Z</time>
      </trkpt>
      <trkpt lat="43.322095" lon="-1.775743">
        <ele>35.312</ele>
        <time>2021-08-08T11:05:02Z</time>
      </trkpt>
      <trkpt lat="43.322141" lon="-1.775737">
        <ele>34.927</ele>
        <time>2021-08-08T11:05:04Z</time>
      </trkpt>
      <trkpt lat="43.322203" lon="-1.775705">
        <ele>33.876</ele>
        <time>2021-08-08T11:05:07Z</time>
      </trkpt>
      <trkpt lat="43.322253" lon="-1.775688">
        <ele>33.248</ele>
        <time>2021-08-08T11:05:10Z</time>
      </trkpt>
      <trkpt lat="43.322298" lon="-1.775698">
        <ele>33.099</ele>
        <time>2021-08-08T11:05:15Z</time>
      </trkpt>
      <trkpt lat="43.322344" lon="-1.775714">
        <ele>32.964</ele>
        <time>2021-08-08T11:05:18Z</time>
      </trkpt>
      <trkpt lat="43.322392" lon="-1.775728">
        <ele>32.706</ele>
        <time>2021-08-08T11:05:22Z</time>
      </trkpt>
      <trkpt lat="43.322440" lon="-1.775742">
        <ele>32.516</ele>
        <time>2021-08-08T11:05:26Z</time>
      </trkpt>
      <trkpt lat="43.322490" lon="-1.775757">
        <ele>32.308</ele>
        <time>2021-08-08T11:05:30Z</time>
      </trkpt>
      <trkpt lat="43.322533" lon="-1.775775">
        <ele>32.074</ele>
        <time>2021-08-08T11:05:36Z</time>
      </trkpt>
      <trkpt lat="43.322583" lon="-1.775779">
        <ele>31.446</ele>
        <time>2021-08-08T11:05:41Z</time>
      </trkpt>
      <trkpt lat="43.322637" lon="-1.775786">
        <ele>30.859</ele>
        <time>2021-08-08T11:05:44Z</time>
      </trkpt>
      <trkpt lat="43.322679" lon="-1.775807">
        <ele>30.319</ele>
        <time>2021-08-08T11:05:47Z</time>
      </trkpt>
      <trkpt lat="43.322722" lon="-1.775790">
        <ele>29.714</ele>
        <time>2021-08-08T11:05:53Z</time>
      </trkpt>
    </trkseg>
  </trk></gpx>