<?xml version="1.0" encoding="UTF-8"?>
<gpx creator="Wikiloc - https://www.wikiloc.com" version="1.1" xmlns="http://www.topografix.com/GPX/1/1" xmlns:xsi="http://www.w3.org/2001/XMLSchema-instance" xsi:schemaLocation="http://www.topografix.com/GPX/1/1 http://www.topografix.com/GPX/1/1/gpx.xsd">
  <metadata>
    <name>Wikiloc - BELOKI, TXAMENI, DESAMENDI y PUTXERRI desde GUARDETXE ruta circular</name>
    <author>
      <name>RUTAS por el MONTE BLOG</name>
      <link href="https://www.wikiloc.com/wikiloc/user.do?id=4600824">
        <text>RUTAS por el MONTE BLOG on Wikiloc</text>
      </link>
    </author>
    <link href="https://www.wikiloc.com/hiking-trails/beloki-txameni-desamendi-y-putxerri-desde-guardetxe-ruta-circular-89270151">
      <text>BELOKI, TXAMENI, DESAMENDI y PUTXERRI desde GUARDETXE ruta circular on Wikiloc</text>
    </link>
    <time>2021-11-20T14:45:32Z</time>
  </metadata>
  <wpt lat="42.957108" lon="-2.002666">
    <ele>1041.5</ele>
    <time>2021-11-20T09:16:18Z</time>
    <name>Guardetxe</name>
    <cmt></cmt>
    <desc></desc>
  </wpt>
  <wpt lat="42.957099" lon="-2.002107">
    <ele>1038.2</ele>
    <time>2021-11-20T09:17:27Z</time>
    <name>Izquierda</name>
    <cmt></cmt>
    <desc></desc>
  </wpt>
  <wpt lat="42.958108" lon="-2.002047">
    <ele>1043.4</ele>
    <time>2021-11-20T09:19:32Z</time>
    <name>Marca</name>
    <cmt></cmt>
    <desc></desc>
  </wpt>
  <wpt lat="42.958741" lon="-2.003071">
    <ele>1041.6</ele>
    <time>2021-11-20T09:21:29Z</time>
    <name>Marca</name>
    <cmt></cmt>
    <desc></desc>
  </wpt>
  <wpt lat="42.959367" lon="-2.003213">
    <ele>1022.4</ele>
    <time>2021-11-20T09:23:59Z</time>
    <name>Flecha roja</name>
    <cmt></cmt>
    <desc></desc>
  </wpt>
  <wpt lat="42.960340" lon="-2.002255">
    <ele>1003.9</ele>
    <time>2021-11-20T09:26:35Z</time>
    <name>Senda</name>
    <cmt></cmt>
    <desc></desc>
  </wpt>
  <wpt lat="42.960814" lon="-2.001517">
    <ele>1001.5</ele>
    <time>2021-11-20T09:28:18Z</time>
    <name>Aska</name>
    <cmt></cmt>
    <desc></desc>
  </wpt>
  <wpt lat="42.961058" lon="-2.000495">
    <ele>1002.8</ele>
    <time>2021-11-20T09:31:24Z</time>
    <name>Izquierda</name>
    <cmt></cmt>
    <desc></desc>
  </wpt>
  <wpt lat="42.962131" lon="-2.000127">
    <ele>997.8</ele>
    <time>2021-11-20T09:35:46Z</time>
    <name>Izquierda</name>
    <cmt></cmt>
    <desc></desc>
  </wpt>
  <wpt lat="42.963170" lon="-2.000334">
    <ele>1001.3</ele>
    <time>2021-11-20T09:38:03Z</time>
    <name>Sendero</name>
    <cmt></cmt>
    <desc></desc>
  </wpt>
  <wpt lat="42.963492" lon="-2.000438">
    <ele>999.8</ele>
    <time>2021-11-20T09:38:54Z</time>
    <name>Pista</name>
    <cmt></cmt>
    <desc></desc>
  </wpt>
  <wpt lat="42.964112" lon="-2.000084">
    <ele>1000.0</ele>
    <time>2021-11-20T09:41:22Z</time>
    <name>Izquierda pista</name>
    <cmt></cmt>
    <desc></desc>
  </wpt>
  <wpt lat="42.967496" lon="-1.999404">
    <ele>1012.0</ele>
    <time>2021-11-20T09:50:44Z</time>
    <name>Refugio</name>
    <cmt></cmt>
    <desc></desc>
  </wpt>
  <wpt lat="42.970574" lon="-1.998574">
    <ele>1083.3</ele>
    <time>2021-11-20T09:58:20Z</time>
    <name>Recto</name>
    <cmt></cmt>
    <desc></desc>
  </wpt>
  <wpt lat="42.971250" lon="-1.998744">
    <ele>1086.8</ele>
    <time>2021-11-20T09:59:32Z</time>
    <name>Derecha</name>
    <cmt></cmt>
    <desc></desc>
  </wpt>
  <wpt lat="42.973904" lon="-2.001193">
    <ele>1124.6</ele>
    <time>2021-11-20T10:06:50Z</time>
    <name>Borda Bustinza</name>
    <cmt></cmt>
    <desc></desc>
  </wpt>
  <wpt lat="42.974511" lon="-1.999812">
    <ele>1134.9</ele>
    <time>2021-11-20T10:09:43Z</time>
    <name>Arroyo Vistas Beloki</name>
    <cmt></cmt>
    <desc></desc>
  </wpt>
  <wpt lat="42.975111" lon="-1.999086">
    <ele>1137.2</ele>
    <time>2021-11-20T10:11:16Z</time>
    <name>Derecha cruzar arroyo</name>
    <cmt></cmt>
    <desc></desc>
  </wpt>
  <wpt lat="42.977002" lon="-1.996807">
    <ele>1197.9</ele>
    <time>2021-11-20T10:18:22Z</time>
    <name>Cruzar pista seguir recto</name>
    <cmt></cmt>
    <desc></desc>
  </wpt>
  <wpt lat="42.978879" lon="-1.991882">
    <ele>1272.2</ele>
    <time>2021-11-20T10:29:51Z</time>
    <name>Beloki</name>
    <cmt></cmt>
    <desc></desc>
  </wpt>
  <wpt lat="42.980795" lon="-1.996055">
    <ele>1201.9</ele>
    <time>2021-11-20T10:39:21Z</time>
    <name>Conexión gr12 izquierda seguir pista</name>
    <cmt></cmt>
    <desc></desc>
  </wpt>
  <wpt lat="42.980286" lon="-1.999901">
    <ele>1196.4</ele>
    <time>2021-11-20T10:43:37Z</time>
    <name>Izquierda abandonar pista</name>
    <cmt></cmt>
    <desc></desc>
  </wpt>
  <wpt lat="42.977265" lon="-2.003870">
    <ele>1221.7</ele>
    <time>2021-11-20T10:50:40Z</time>
    <name>Marca</name>
    <cmt></cmt>
    <desc></desc>
  </wpt>
  <wpt lat="42.978090" lon="-2.012070">
    <ele>1290.9</ele>
    <time>2021-11-20T11:04:29Z</time>
    <name>Txameni</name>
    <cmt></cmt>
    <desc></desc>
  </wpt>
  <wpt lat="42.978337" lon="-2.011353">
    <ele>1273.5</ele>
    <time>2021-11-20T11:12:32Z</time>
    <name>Izquierda por ladera</name>
    <cmt></cmt>
    <desc></desc>
  </wpt>
  <wpt lat="42.978524" lon="-2.025925">
    <ele>1222.5</ele>
    <time>2021-11-20T11:35:57Z</time>
    <name>Chabola roja</name>
    <cmt></cmt>
    <desc></desc>
  </wpt>
  <wpt lat="42.979149" lon="-2.027339">
    <ele>1219.8</ele>
    <time>2021-11-20T11:39:08Z</time>
    <name>Marca sendero</name>
    <cmt></cmt>
    <desc></desc>
  </wpt>
  <wpt lat="42.979275" lon="-2.028886">
    <ele>1236.9</ele>
    <time>2021-11-20T11:42:12Z</time>
    <name>Derecha</name>
    <cmt></cmt>
    <desc></desc>
  </wpt>
  <wpt lat="42.980506" lon="-2.033041">
    <ele>1307.2</ele>
    <time>2021-11-20T11:51:41Z</time>
    <name>Desamendi</name>
    <cmt></cmt>
    <desc></desc>
  </wpt>
  <wpt lat="42.980226" lon="-2.035413">
    <ele>1297.9</ele>
    <time>2021-11-20T11:56:30Z</time>
    <name>Izquierda</name>
    <cmt></cmt>
    <desc></desc>
  </wpt>
  <wpt lat="42.978711" lon="-2.039195">
    <ele>1245.8</ele>
    <time>2021-11-20T12:01:48Z</time>
    <name>Cruzar pista seguir hacia lizarrusti gr 282</name>
    <cmt></cmt>
    <desc></desc>
  </wpt>
  <wpt lat="42.978675" lon="-2.042805">
    <ele>1242.0</ele>
    <time>2021-11-20T12:07:47Z</time>
    <name>Izquierda</name>
    <cmt></cmt>
    <desc></desc>
  </wpt>
  <wpt lat="42.977748" lon="-2.045458">
    <ele>1226.0</ele>
    <time>2021-11-20T12:13:28Z</time>
    <name>Larretxiki gr12 izquierda</name>
    <cmt></cmt>
    <desc></desc>
  </wpt>
  <wpt lat="42.975135" lon="-2.051626">
    <ele>1224.5</ele>
    <time>2021-11-20T12:26:05Z</time>
    <name>Elurzuloeta</name>
    <cmt></cmt>
    <desc></desc>
  </wpt>
  <wpt lat="42.975227" lon="-2.052373">
    <ele>1235.3</ele>
    <time>2021-11-20T12:27:44Z</time>
    <name>Izquierda abandonar Gr</name>
    <cmt></cmt>
    <desc></desc>
  </wpt>
  <wpt lat="42.973506" lon="-2.053616">
    <ele>1185.6</ele>
    <time>2021-11-20T12:32:47Z</time>
    <name>Collado de Kalelantegi</name>
    <cmt></cmt>
    <desc></desc>
  </wpt>
  <wpt lat="42.972375" lon="-2.054104">
    <ele>1214.7</ele>
    <time>2021-11-20T12:38:51Z</time>
    <name>Túnel</name>
    <cmt></cmt>
    <desc></desc>
  </wpt>
  <wpt lat="42.972288" lon="-2.054189">
    <ele>1218.9</ele>
    <time>2021-11-20T12:40:31Z</time>
    <name>Derecha</name>
    <cmt></cmt>
    <desc></desc>
  </wpt>
  <wpt lat="42.970356" lon="-2.056608">
    <ele>1289.9</ele>
    <time>2021-11-20T12:53:38Z</time>
    <name>Putxerri</name>
    <cmt></cmt>
    <desc></desc>
  </wpt>
  <wpt lat="42.973457" lon="-2.053562">
    <ele>1185.0</ele>
    <time>2021-11-20T13:11:31Z</time>
    <name>Cruzar vallado descenso</name>
    <cmt></cmt>
    <desc></desc>
  </wpt>
  <wpt lat="42.972488" lon="-2.049834">
    <ele>1170.7</ele>
    <time>2021-11-20T13:18:19Z</time>
    <name>Derecha</name>
    <cmt></cmt>
    <desc></desc>
  </wpt>
  <wpt lat="42.972043" lon="-2.042463">
    <ele>1231.1</ele>
    <time>2021-11-20T13:42:32Z</time>
    <name>Cruzar alambrada</name>
    <cmt></cmt>
    <desc></desc>
  </wpt>
  <wpt lat="42.972957" lon="-2.041298">
    <ele>1233.4</ele>
    <time>2021-11-20T13:45:17Z</time>
    <name>Derecha</name>
    <cmt></cmt>
    <desc></desc>
  </wpt>
  <wpt lat="42.971902" lon="-2.031846">
    <ele>1220.7</ele>
    <time>2021-11-20T14:00:46Z</time>
    <name>Derecha</name>
    <cmt></cmt>
    <desc></desc>
  </wpt>
  <trk>
    <name>BELOKI, TXAMENI, DESAMENDI y PUTXERRI desde GUARDETXE ruta circular</name>
    <cmt>BELOKI, TXAMENI, DESAMENDI y PUTXERRI desde GUARDETXE ruta circular 
 
Preciosa ruta circular en la sierra de Aralar partiendo desde el Parking de Guardetxe. Se trata de una ruta en la que el GPS es de gran ayuda, ya que hay tramos por senderos en el bosque algo difuminados y varios cruces importantes. 
 
Por lo demás, ruta preciosa alternando el paisaje otoñal de los bosques de Aralar, con el verde de las campas y zonas con un poquito de roca cerca de las cimas de Txameni y Putxerri. 
 
Comenzamos la ruta en el Parking de Guardetxe, caminando por bosque en dirección al sendero que también lleva al monte Beloki desde el parking de Albi. 
Una vez conectado con él, el camino es bastante evidente hasta cerca de la cima, sin mucho desnivel. Para acceder a la cima, tendremos un pequeño repecho por un sendero entre el verde de las campas de Aralar. 
 
Alcanzamos la cima de Beloki, con preciosas vistas de Beriain, Urbasa y las Malloas. 
 
Desde aquí bajamos directamente hacia la pista del sendero GR que veremos desde la propia cima. 
 
Desde aquí nos dirigimos al Txameni o Txemine, cuyo úlitmo tramo discurre entre rocas, sin ningún paso expuesto, pero en el que las manos son de ayuda en algún punto breve. 
 
Finalmente alcanzamos la cima. Disfrutamos las vistas, cada vez más amplias de Aralar, y continuamos. Para ellos desandamos brevemente nuestros pasos hasta un sendero que recorre la ladera de la montaña. 
 
Lo seguimos, entre verdes campas, atentos al GPS, ya que en ocasiones se difumina en un tramo relativamente llano, con breves subebajas. 
 
Llegaremos a la siguiente cima del día, Desamendi, tras otro pequeño repecho. Las vistas aquí nos parecieron las mejores de la ruta. Desde la sierra de Aralar, hasta la de Aizkorri, incluso Anboto. Una delicia. 
 
Desde aquí continuamos hacia el sendero Gr282 en dirección a Lizarrusti, que se encuentra cruzando la pista para vehículos que veremos rápidamente. 
 
Después, conectaremos con el GR12, el cual seguiremos durante un tramo más. La esbelta y rocosa figura de Puttarri o Putxerri es bastante evidente, así qeu abandonaremos el sendero GR12 en el Waypoint indicado para dirigirnos a ella. 
 
Llegaremos a un pequeño collado, junto a un vallado. Es un punto importante. Aquí empieza la subida a Puttarri, pero aquí volveremos para hacer el descenso circular. 
 
La subida es exigente, entre bosque, empinada, aunque no muy larga. Así que poco a poco vamos ganando altura, en un entorno cada vez más rocoso. Tiene un bonito punto de interés, ya que cruzaremos un pequeño túnel, o más bien hueco entre las rocas, que nos permitirá acceder a la cima. 
Tras otro repecho, llegamos a la cima, con unas vistas preciosas, especialmente hacia la zona del embalse de Lareo. 
 
Tras disfrutarlas, volvemos sobre nuestros pasos hacia el collado. Importante el GPS para encontrar el túnel de vuelta, ya que su entrada en esta dirección no es tan evidente. 
 
Una vez en el collado, cruzamos el vallado por el paso habilitado. Caminamos por bosque, por sendero marcado, pero con alguna bifurcación, en la que de nuevo es importante el GPS. 
 
Por aquí seguiremos hasta conectar con la pista, que nos llevará directamente de vuelta hacia Guardetxe.</cmt>
    <desc>BELOKI, TXAMENI, DESAMENDI y PUTXERRI desde GUARDETXE ruta circular 
 
Preciosa ruta circular en la sierra de Aralar partiendo desde el Parking de Guardetxe. Se trata de una ruta en la que el GPS es de gran ayuda, ya que hay tramos por senderos en el bosque algo difuminados y varios cruces importantes. 
 
Por lo demás, ruta preciosa alternando el paisaje otoñal de los bosques de Aralar, con el verde de las campas y zonas con un poquito de roca cerca de las cimas de Txameni y Putxerri. 
 
Comenzamos la ruta en el Parking de Guardetxe, caminando por bosque en dirección al sendero que también lleva al monte Beloki desde el parking de Albi. 
Una vez conectado con él, el camino es bastante evidente hasta cerca de la cima, sin mucho desnivel. Para acceder a la cima, tendremos un pequeño repecho por un sendero entre el verde de las campas de Aralar. 
 
Alcanzamos la cima de Beloki, con preciosas vistas de Beriain, Urbasa y las Malloas. 
 
Desde aquí bajamos directamente hacia la pista del sendero GR que veremos desde la propia cima. 
 
Desde aquí nos dirigimos al Txameni o Txemine, cuyo úlitmo tramo discurre entre rocas, sin ningún paso expuesto, pero en el que las manos son de ayuda en algún punto breve. 
 
Finalmente alcanzamos la cima. Disfrutamos las vistas, cada vez más amplias de Aralar, y continuamos. Para ellos desandamos brevemente nuestros pasos hasta un sendero que recorre la ladera de la montaña. 
 
Lo seguimos, entre verdes campas, atentos al GPS, ya que en ocasiones se difumina en un tramo relativamente llano, con breves subebajas. 
 
Llegaremos a la siguiente cima del día, Desamendi, tras otro pequeño repecho. Las vistas aquí nos parecieron las mejores de la ruta. Desde la sierra de Aralar, hasta la de Aizkorri, incluso Anboto. Una delicia. 
 
Desde aquí continuamos hacia el sendero Gr282 en dirección a Lizarrusti, que se encuentra cruzando la pista para vehículos que veremos rápidamente. 
 
Después, conectaremos con el GR12, el cual seguiremos durante un tramo más. La esbelta y rocosa figura de Puttarri o Putxerri es bastante evidente, así qeu abandonaremos el sendero GR12 en el Waypoint indicado para dirigirnos a ella. 
 
Llegaremos a un pequeño collado, junto a un vallado. Es un punto importante. Aquí empieza la subida a Puttarri, pero aquí volveremos para hacer el descenso circular. 
 
La subida es exigente, entre bosque, empinada, aunque no muy larga. Así que poco a poco vamos ganando altura, en un entorno cada vez más rocoso. Tiene un bonito punto de interés, ya que cruzaremos un pequeño túnel, o más bien hueco entre las rocas, que nos permitirá acceder a la cima. 
Tras otro repecho, llegamos a la cima, con unas vistas preciosas, especialmente hacia la zona del embalse de Lareo. 
 
Tras disfrutarlas, volvemos sobre nuestros pasos hacia el collado. Importante el GPS para encontrar el túnel de vuelta, ya que su entrada en esta dirección no es tan evidente. 
 
Una vez en el collado, cruzamos el vallado por el paso habilitado. Caminamos por bosque, por sendero marcado, pero con alguna bifurcación, en la que de nuevo es importante el GPS. 
 
Por aquí seguiremos hasta conectar con la pista, que nos llevará directamente de vuelta hacia Guardetxe.</desc>
    <trkseg>
      <trkpt lat="42.957108" lon="-2.002666">
        <ele>1041.536</ele>
        <time>2021-11-20T09:16:06Z</time>
      </trkpt>
      <trkpt lat="42.957074" lon="-2.002620">
        <ele>1041.117</ele>
        <time>2021-11-20T09:16:49Z</time>
      </trkpt>
      <trkpt lat="42.957051" lon="-2.002553">
        <ele>1040.618</ele>
        <time>2021-11-20T09:16:55Z</time>
      </trkpt>
      <trkpt lat="42.957057" lon="-2.002485">
        <ele>1040.308</ele>
        <time>2021-11-20T09:16:58Z</time>
      </trkpt>
      <trkpt lat="42.957075" lon="-2.002424">
        <ele>1040.191</ele>
        <time>2021-11-20T09:17:02Z</time>
      </trkpt>
      <trkpt lat="42.957100" lon="-2.002367">
        <ele>1039.882</ele>
        <time>2021-11-20T09:17:07Z</time>
      </trkpt>
      <trkpt lat="42.957094" lon="-2.002305">
        <ele>1039.515</ele>
        <time>2021-11-20T09:17:10Z</time>
      </trkpt>
      <trkpt lat="42.957088" lon="-2.002240">
        <ele>1039.120</ele>
        <time>2021-11-20T09:17:14Z</time>
      </trkpt>
      <trkpt lat="42.957090" lon="-2.002174">
        <ele>1038.723</ele>
        <time>2021-11-20T09:17:18Z</time>
      </trkpt>
      <trkpt lat="42.957098" lon="-2.002107">
        <ele>1038.244</ele>
        <time>2021-11-20T09:17:23Z</time>
      </trkpt>
      <trkpt lat="42.957141" lon="-2.002082">
        <ele>1038.098</ele>
        <time>2021-11-20T09:17:28Z</time>
      </trkpt>
      <trkpt lat="42.957145" lon="-2.002016">
        <ele>1037.594</ele>
        <time>2021-11-20T09:17:32Z</time>
      </trkpt>
      <trkpt lat="42.957185" lon="-2.001982">
        <ele>1037.314</ele>
        <time>2021-11-20T09:17:37Z</time>
      </trkpt>
      <trkpt lat="42.957232" lon="-2.001964">
        <ele>1037.154</ele>
        <time>2021-11-20T09:17:43Z</time>
      </trkpt>
      <trkpt lat="42.957271" lon="-2.001933">
        <ele>1037.009</ele>
        <time>2021-11-20T09:17:48Z</time>
      </trkpt>
      <trkpt lat="42.957321" lon="-2.001922">
        <ele>1036.908</ele>
        <time>2021-11-20T09:17:54Z</time>
      </trkpt>
      <trkpt lat="42.957368" lon="-2.001913">
        <ele>1036.929</ele>
        <time>2021-11-20T09:17:58Z</time>
      </trkpt>
      <trkpt lat="42.957409" lon="-2.001874">
        <ele>1036.780</ele>
        <time>2021-11-20T09:18:02Z</time>
      </trkpt>
      <trkpt lat="42.957452" lon="-2.001822">
        <ele>1036.633</ele>
        <time>2021-11-20T09:18:06Z</time>
      </trkpt>
      <trkpt lat="42.957501" lon="-2.001828">
        <ele>1036.688</ele>
        <time>2021-11-20T09:18:10Z</time>
      </trkpt>
      <trkpt lat="42.957547" lon="-2.001847">
        <ele>1037.151</ele>
        <time>2021-11-20T09:18:16Z</time>
      </trkpt>
      <trkpt lat="42.957588" lon="-2.001877">
        <ele>1037.692</ele>
        <time>2021-11-20T09:18:24Z</time>
      </trkpt>
      <trkpt lat="42.957630" lon="-2.001848">
        <ele>1037.916</ele>
        <time>2021-11-20T09:18:31Z</time>
      </trkpt>
      <trkpt lat="42.957675" lon="-2.001838">
        <ele>1038.312</ele>
        <time>2021-11-20T09:18:38Z</time>
      </trkpt>
      <trkpt lat="42.957721" lon="-2.001855">
        <ele>1038.872</ele>
        <time>2021-11-20T09:18:45Z</time>
      </trkpt>
      <trkpt lat="42.957763" lon="-2.001891">
        <ele>1039.513</ele>
        <time>2021-11-20T09:18:50Z</time>
      </trkpt>
      <trkpt lat="42.957804" lon="-2.001938">
        <ele>1040.214</ele>
        <time>2021-11-20T09:18:54Z</time>
      </trkpt>
      <trkpt lat="42.957840" lon="-2.001979">
        <ele>1041.008</ele>
        <time>2021-11-20T09:18:57Z</time>
      </trkpt>
      <trkpt lat="42.957882" lon="-2.002005">
        <ele>1041.745</ele>
        <time>2021-11-20T09:19:01Z</time>
      </trkpt>
      <trkpt lat="42.957927" lon="-2.002023">
        <ele>1042.336</ele>
        <time>2021-11-20T09:19:06Z</time>
      </trkpt>
      <trkpt lat="42.957968" lon="-2.002051">
        <ele>1042.929</ele>
        <time>2021-11-20T09:19:11Z</time>
      </trkpt>
      <trkpt lat="42.958015" lon="-2.002051">
        <ele>1043.434</ele>
        <time>2021-11-20T09:19:19Z</time>
      </trkpt>
      <trkpt lat="42.958060" lon="-2.002052">
        <ele>1043.737</ele>
        <time>2021-11-20T09:19:24Z</time>
      </trkpt>
      <trkpt lat="42.958109" lon="-2.002046">
        <ele>1043.458</ele>
        <time>2021-11-20T09:19:29Z</time>
      </trkpt>
      <trkpt lat="42.958157" lon="-2.002043">
        <ele>1043.172</ele>
        <time>2021-11-20T09:19:36Z</time>
      </trkpt>
      <trkpt lat="42.958207" lon="-2.002073">
        <ele>1043.158</ele>
        <time>2021-11-20T09:19:39Z</time>
      </trkpt>
      <trkpt lat="42.958243" lon="-2.002117">
        <ele>1043.319</ele>
        <time>2021-11-20T09:19:42Z</time>
      </trkpt>
      <trkpt lat="42.958280" lon="-2.002159">
        <ele>1043.609</ele>
        <time>2021-11-20T09:19:44Z</time>
      </trkpt>
      <trkpt lat="42.958319" lon="-2.002192">
        <ele>1043.719</ele>
        <time>2021-11-20T09:19:48Z</time>
      </trkpt>
      <trkpt lat="42.958369" lon="-2.002212">
        <ele>1043.108</ele>
        <time>2021-11-20T09:19:54Z</time>
      </trkpt>
      <trkpt lat="42.958421" lon="-2.002242">
        <ele>1042.399</ele>
        <time>2021-11-20T09:19:58Z</time>
      </trkpt>
      <trkpt lat="42.958462" lon="-2.002273">
        <ele>1041.860</ele>
        <time>2021-11-20T09:20:02Z</time>
      </trkpt>
      <trkpt lat="42.958505" lon="-2.002302">
        <ele>1041.283</ele>
        <time>2021-11-20T09:20:07Z</time>
      </trkpt>
      <trkpt lat="42.958533" lon="-2.002356">
        <ele>1041.148</ele>
        <time>2021-11-20T09:20:15Z</time>
      </trkpt>
      <trkpt lat="42.958554" lon="-2.002414">
        <ele>1041.341</ele>
        <time>2021-11-20T09:20:21Z</time>
      </trkpt>
      <trkpt lat="42.958582" lon="-2.002480">
        <ele>1041.492</ele>
        <time>2021-11-20T09:20:26Z</time>
      </trkpt>
      <trkpt lat="42.958605" lon="-2.002536">
        <ele>1041.536</ele>
        <time>2021-11-20T09:20:30Z</time>
      </trkpt>
      <trkpt lat="42.958625" lon="-2.002596">
        <ele>1041.562</ele>
        <time>2021-11-20T09:20:35Z</time>
      </trkpt>
      <trkpt lat="42.958645" lon="-2.002655">
        <ele>1041.474</ele>
        <time>2021-11-20T09:20:39Z</time>
      </trkpt>
      <trkpt lat="42.958661" lon="-2.002713">
        <ele>1041.456</ele>
        <time>2021-11-20T09:20:42Z</time>
      </trkpt>
      <trkpt lat="42.958674" lon="-2.002780">
        <ele>1041.521</ele>
        <time>2021-11-20T09:20:45Z</time>
      </trkpt>
      <trkpt lat="42.958670" lon="-2.002845">
        <ele>1042.308</ele>
        <time>2021-11-20T09:20:50Z</time>
      </trkpt>
      <trkpt lat="42.958664" lon="-2.002912">
        <ele>1043.335</ele>
        <time>2021-11-20T09:20:56Z</time>
      </trkpt>
      <trkpt lat="42.958682" lon="-2.002976">
        <ele>1043.296</ele>
        <time>2021-11-20T09:21:01Z</time>
      </trkpt>
      <trkpt lat="42.958725" lon="-2.003014">
        <ele>1041.739</ele>
        <time>2021-11-20T09:21:06Z</time>
      </trkpt>
      <trkpt lat="42.958744" lon="-2.003070">
        <ele>1041.434</ele>
        <time>2021-11-20T09:21:23Z</time>
      </trkpt>
      <trkpt lat="42.958783" lon="-2.003036">
        <ele>1039.417</ele>
        <time>2021-11-20T09:21:41Z</time>
      </trkpt>
      <trkpt lat="42.958814" lon="-2.003084">
        <ele>1038.688</ele>
        <time>2021-11-20T09:21:54Z</time>
      </trkpt>
      <trkpt lat="42.958839" lon="-2.003138">
        <ele>1038.332</ele>
        <time>2021-11-20T09:22:02Z</time>
      </trkpt>
      <trkpt lat="42.958879" lon="-2.003174">
        <ele>1037.138</ele>
        <time>2021-11-20T09:22:10Z</time>
      </trkpt>
      <trkpt lat="42.958923" lon="-2.003204">
        <ele>1036.085</ele>
        <time>2021-11-20T09:22:15Z</time>
      </trkpt>
      <trkpt lat="42.958968" lon="-2.003217">
        <ele>1034.889</ele>
        <time>2021-11-20T09:22:23Z</time>
      </trkpt>
      <trkpt lat="42.959011" lon="-2.003237">
        <ele>1033.717</ele>
        <time>2021-11-20T09:22:40Z</time>
      </trkpt>
      <trkpt lat="42.959054" lon="-2.003260">
        <ele>1032.608</ele>
        <time>2021-11-20T09:22:49Z</time>
      </trkpt>
      <trkpt lat="42.959096" lon="-2.003287">
        <ele>1031.646</ele>
        <time>2021-11-20T09:22:55Z</time>
      </trkpt>
      <trkpt lat="42.959135" lon="-2.003340">
        <ele>1031.167</ele>
        <time>2021-11-20T09:23:03Z</time>
      </trkpt>
      <trkpt lat="42.959180" lon="-2.003358">
        <ele>1029.740</ele>
        <time>2021-11-20T09:23:10Z</time>
      </trkpt>
      <trkpt lat="42.959225" lon="-2.003338">
        <ele>1028.195</ele>
        <time>2021-11-20T09:23:24Z</time>
      </trkpt>
      <trkpt lat="42.959269" lon="-2.003321">
        <ele>1026.538</ele>
        <time>2021-11-20T09:23:30Z</time>
      </trkpt>
      <trkpt lat="42.959317" lon="-2.003311">
        <ele>1024.919</ele>
        <time>2021-11-20T09:23:40Z</time>
      </trkpt>
      <trkpt lat="42.959352" lon="-2.003271">
        <ele>1023.453</ele>
        <time>2021-11-20T09:23:46Z</time>
      </trkpt>
      <trkpt lat="42.959369" lon="-2.003213">
        <ele>1022.319</ele>
        <time>2021-11-20T09:23:52Z</time>
      </trkpt>
      <trkpt lat="42.959406" lon="-2.003175">
        <ele>1020.966</ele>
        <time>2021-11-20T09:24:04Z</time>
      </trkpt>
      <trkpt lat="42.959443" lon="-2.003134">
        <ele>1019.629</ele>
        <time>2021-11-20T09:24:08Z</time>
      </trkpt>
      <trkpt lat="42.959488" lon="-2.003132">
        <ele>1018.721</ele>
        <time>2021-11-20T09:24:12Z</time>
      </trkpt>
      <trkpt lat="42.959530" lon="-2.003096">
        <ele>1017.708</ele>
        <time>2021-11-20T09:24:20Z</time>
      </trkpt>
      <trkpt lat="42.959569" lon="-2.003049">
        <ele>1016.764</ele>
        <time>2021-11-20T09:24:28Z</time>
      </trkpt>
      <trkpt lat="42.959612" lon="-2.003026">
        <ele>1015.865</ele>
        <time>2021-11-20T09:24:35Z</time>
      </trkpt>
      <trkpt lat="42.959657" lon="-2.003015">
        <ele>1015.078</ele>
        <time>2021-11-20T09:24:41Z</time>
      </trkpt>
      <trkpt lat="42.959704" lon="-2.003001">
        <ele>1014.133</ele>
        <time>2021-11-20T09:24:46Z</time>
      </trkpt>
      <trkpt lat="42.959748" lon="-2.002975">
        <ele>1013.396</ele>
        <time>2021-11-20T09:24:50Z</time>
      </trkpt>
      <trkpt lat="42.959775" lon="-2.002922">
        <ele>1012.727</ele>
        <time>2021-11-20T09:24:59Z</time>
      </trkpt>
      <trkpt lat="42.959814" lon="-2.002886">
        <ele>1011.931</ele>
        <time>2021-11-20T09:25:08Z</time>
      </trkpt>
      <trkpt lat="42.959851" lon="-2.002845">
        <ele>1011.017</ele>
        <time>2021-11-20T09:25:13Z</time>
      </trkpt>
      <trkpt lat="42.959878" lon="-2.002796">
        <ele>1010.324</ele>
        <time>2021-11-20T09:25:19Z</time>
      </trkpt>
      <trkpt lat="42.959920" lon="-2.002768">
        <ele>1009.404</ele>
        <time>2021-11-20T09:25:27Z</time>
      </trkpt>
      <trkpt lat="42.959956" lon="-2.002728">
        <ele>1008.714</ele>
        <time>2021-11-20T09:25:32Z</time>
      </trkpt>
      <trkpt lat="42.959983" lon="-2.002670">
        <ele>1008.308</ele>
        <time>2021-11-20T09:25:40Z</time>
      </trkpt>
      <trkpt lat="42.960017" lon="-2.002624">
        <ele>1007.950</ele>
        <time>2021-11-20T09:25:47Z</time>
      </trkpt>
      <trkpt lat="42.960051" lon="-2.002580">
        <ele>1007.631</ele>
        <time>2021-11-20T09:25:53Z</time>
      </trkpt>
      <trkpt lat="42.960088" lon="-2.002542">
        <ele>1007.184</ele>
        <time>2021-11-20T09:25:59Z</time>
      </trkpt>
      <trkpt lat="42.960108" lon="-2.002486">
        <ele>1006.839</ele>
        <time>2021-11-20T09:26:04Z</time>
      </trkpt>
      <trkpt lat="42.960140" lon="-2.002434">
        <ele>1006.122</ele>
        <time>2021-11-20T09:26:08Z</time>
      </trkpt>
      <trkpt lat="42.960185" lon="-2.002403">
        <ele>1005.513</ele>
        <time>2021-11-20T09:26:12Z</time>
      </trkpt>
      <trkpt lat="42.960223" lon="-2.002368">
        <ele>1005.077</ele>
        <time>2021-11-20T09:26:16Z</time>
      </trkpt>
      <trkpt lat="42.960264" lon="-2.002328">
        <ele>1004.553</ele>
        <time>2021-11-20T09:26:20Z</time>
      </trkpt>
      <trkpt lat="42.960309" lon="-2.002300">
        <ele>1004.281</ele>
        <time>2021-11-20T09:26:26Z</time>
      </trkpt>
      <trkpt lat="42.960343" lon="-2.002256">
        <ele>1003.961</ele>
        <time>2021-11-20T09:26:31Z</time>
      </trkpt>
      <trkpt lat="42.960368" lon="-2.002198">
        <ele>1003.717</ele>
        <time>2021-11-20T09:26:40Z</time>
      </trkpt>
      <trkpt lat="42.960400" lon="-2.002149">
        <ele>1003.508</ele>
        <time>2021-11-20T09:26:44Z</time>
      </trkpt>
      <trkpt lat="42.960430" lon="-2.002096">
        <ele>1003.286</ele>
        <time>2021-11-20T09:26:51Z</time>
      </trkpt>
      <trkpt lat="42.960464" lon="-2.002055">
        <ele>1002.747</ele>
        <time>2021-11-20T09:26:58Z</time>
      </trkpt>
      <trkpt lat="42.960507" lon="-2.002032">
        <ele>1002.250</ele>
        <time>2021-11-20T09:27:07Z</time>
      </trkpt>
      <trkpt lat="42.960547" lon="-2.001988">
        <ele>1001.495</ele>
        <time>2021-11-20T09:27:14Z</time>
      </trkpt>
      <trkpt lat="42.960575" lon="-2.001938">
        <ele>1000.958</ele>
        <time>2021-11-20T09:27:18Z</time>
      </trkpt>
      <trkpt lat="42.960617" lon="-2.001906">
        <ele>1001.019</ele>
        <time>2021-11-20T09:27:25Z</time>
      </trkpt>
      <trkpt lat="42.960662" lon="-2.001887">
        <ele>1000.893</ele>
        <time>2021-11-20T09:27:41Z</time>
      </trkpt>
      <trkpt lat="42.960683" lon="-2.001828">
        <ele>1001.259</ele>
        <time>2021-11-20T09:27:45Z</time>
      </trkpt>
      <trkpt lat="42.960691" lon="-2.001764">
        <ele>1001.789</ele>
        <time>2021-11-20T09:27:50Z</time>
      </trkpt>
      <trkpt lat="42.960699" lon="-2.001699">
        <ele>1002.106</ele>
        <time>2021-11-20T09:27:56Z</time>
      </trkpt>
      <trkpt lat="42.960715" lon="-2.001634">
        <ele>1002.426</ele>
        <time>2021-11-20T09:28:00Z</time>
      </trkpt>
      <trkpt lat="42.960747" lon="-2.001588">
        <ele>1002.208</ele>
        <time>2021-11-20T09:28:05Z</time>
      </trkpt>
      <trkpt lat="42.960777" lon="-2.001542">
        <ele>1002.096</ele>
        <time>2021-11-20T09:28:10Z</time>
      </trkpt>
      <trkpt lat="42.960819" lon="-2.001519">
        <ele>1001.397</ele>
        <time>2021-11-20T09:28:16Z</time>
      </trkpt>
      <trkpt lat="42.960841" lon="-2.001461">
        <ele>1001.440</ele>
        <time>2021-11-20T09:28:25Z</time>
      </trkpt>
      <trkpt lat="42.960842" lon="-2.001398">
        <ele>1001.865</ele>
        <time>2021-11-20T09:28:30Z</time>
      </trkpt>
      <trkpt lat="42.960871" lon="-2.001344">
        <ele>1001.698</ele>
        <time>2021-11-20T09:28:38Z</time>
      </trkpt>
      <trkpt lat="42.960878" lon="-2.001283">
        <ele>1001.659</ele>
        <time>2021-11-20T09:28:45Z</time>
      </trkpt>
      <trkpt lat="42.960884" lon="-2.001220">
        <ele>1001.613</ele>
        <time>2021-11-20T09:28:51Z</time>
      </trkpt>
      <trkpt lat="42.960886" lon="-2.001149">
        <ele>1001.619</ele>
        <time>2021-11-20T09:28:57Z</time>
      </trkpt>
      <trkpt lat="42.960875" lon="-2.001088">
        <ele>1001.768</ele>
        <time>2021-11-20T09:29:04Z</time>
      </trkpt>
      <trkpt lat="42.960909" lon="-2.001045">
        <ele>1001.442</ele>
        <time>2021-11-20T09:29:45Z</time>
      </trkpt>
      <trkpt lat="42.960925" lon="-2.000986">
        <ele>1001.226</ele>
        <time>2021-11-20T09:30:14Z</time>
      </trkpt>
      <trkpt lat="42.960919" lon="-2.000924">
        <ele>1001.208</ele>
        <time>2021-11-20T09:30:20Z</time>
      </trkpt>
      <trkpt lat="42.960898" lon="-2.000869">
        <ele>1001.394</ele>
        <time>2021-11-20T09:30:32Z</time>
      </trkpt>
      <trkpt lat="42.960921" lon="-2.000813">
        <ele>1001.285</ele>
        <time>2021-11-20T09:30:39Z</time>
      </trkpt>
      <trkpt lat="42.960930" lon="-2.000747">
        <ele>1001.768</ele>
        <time>2021-11-20T09:30:50Z</time>
      </trkpt>
      <trkpt lat="42.960935" lon="-2.000674">
        <ele>1002.343</ele>
        <time>2021-11-20T09:30:54Z</time>
      </trkpt>
      <trkpt lat="42.960970" lon="-2.000629">
        <ele>1002.466</ele>
        <time>2021-11-20T09:30:58Z</time>
      </trkpt>
      <trkpt lat="42.960989" lon="-2.000573">
        <ele>1002.797</ele>
        <time>2021-11-20T09:31:04Z</time>
      </trkpt>
      <trkpt lat="42.961030" lon="-2.000541">
        <ele>1002.711</ele>
        <time>2021-11-20T09:31:12Z</time>
      </trkpt>
      <trkpt lat="42.961063" lon="-2.000496">
        <ele>1002.757</ele>
        <time>2021-11-20T09:31:18Z</time>
      </trkpt>
      <trkpt lat="42.961110" lon="-2.000479">
        <ele>1002.625</ele>
        <time>2021-11-20T09:31:33Z</time>
      </trkpt>
      <trkpt lat="42.961151" lon="-2.000512">
        <ele>1002.026</ele>
        <time>2021-11-20T09:31:38Z</time>
      </trkpt>
      <trkpt lat="42.961195" lon="-2.000541">
        <ele>1001.508</ele>
        <time>2021-11-20T09:31:43Z</time>
      </trkpt>
      <trkpt lat="42.961241" lon="-2.000556">
        <ele>1001.108</ele>
        <time>2021-11-20T09:31:48Z</time>
      </trkpt>
      <trkpt lat="42.961288" lon="-2.000568">
        <ele>1000.640</ele>
        <time>2021-11-20T09:31:55Z</time>
      </trkpt>
      <trkpt lat="42.961335" lon="-2.000556">
        <ele>1000.461</ele>
        <time>2021-11-20T09:32:01Z</time>
      </trkpt>
      <trkpt lat="42.961384" lon="-2.000551">
        <ele>1000.144</ele>
        <time>2021-11-20T09:32:08Z</time>
      </trkpt>
      <trkpt lat="42.961429" lon="-2.000543">
        <ele>999.959</ele>
        <time>2021-11-20T09:32:12Z</time>
      </trkpt>
      <trkpt lat="42.961478" lon="-2.000544">
        <ele>999.732</ele>
        <time>2021-11-20T09:32:16Z</time>
      </trkpt>
      <trkpt lat="42.961528" lon="-2.000555">
        <ele>999.593</ele>
        <time>2021-11-20T09:32:21Z</time>
      </trkpt>
      <trkpt lat="42.961575" lon="-2.000574">
        <ele>999.337</ele>
        <time>2021-11-20T09:32:27Z</time>
      </trkpt>
      <trkpt lat="42.961622" lon="-2.000567">
        <ele>999.133</ele>
        <time>2021-11-20T09:32:31Z</time>
      </trkpt>
      <trkpt lat="42.961665" lon="-2.000548">
        <ele>999.038</ele>
        <time>2021-11-20T09:32:36Z</time>
      </trkpt>
      <trkpt lat="42.961714" lon="-2.000536">
        <ele>998.970</ele>
        <time>2021-11-20T09:32:41Z</time>
      </trkpt>
      <trkpt lat="42.961763" lon="-2.000546">
        <ele>999.017</ele>
        <time>2021-11-20T09:32:46Z</time>
      </trkpt>
      <trkpt lat="42.961809" lon="-2.000564">
        <ele>999.008</ele>
        <time>2021-11-20T09:32:49Z</time>
      </trkpt>
      <trkpt lat="42.961857" lon="-2.000568">
        <ele>999.041</ele>
        <time>2021-11-20T09:32:53Z</time>
      </trkpt>
      <trkpt lat="42.961906" lon="-2.000546">
        <ele>998.972</ele>
        <time>2021-11-20T09:32:56Z</time>
      </trkpt>
      <trkpt lat="42.961952" lon="-2.000507">
        <ele>998.795</ele>
        <time>2021-11-20T09:33:00Z</time>
      </trkpt>
      <trkpt lat="42.961991" lon="-2.000476">
        <ele>998.890</ele>
        <time>2021-11-20T09:33:03Z</time>
      </trkpt>
      <trkpt lat="42.962027" lon="-2.000435">
        <ele>998.913</ele>
        <time>2021-11-20T09:33:07Z</time>
      </trkpt>
      <trkpt lat="42.962055" lon="-2.000382">
        <ele>998.894</ele>
        <time>2021-11-20T09:33:10Z</time>
      </trkpt>
      <trkpt lat="42.962088" lon="-2.000327">
        <ele>998.878</ele>
        <time>2021-11-20T09:33:14Z</time>
      </trkpt>
      <trkpt lat="42.962119" lon="-2.000269">
        <ele>998.854</ele>
        <time>2021-11-20T09:33:17Z</time>
      </trkpt>
      <trkpt lat="42.962139" lon="-2.000206">
        <ele>998.573</ele>
        <time>2021-11-20T09:33:21Z</time>
      </trkpt>
      <trkpt lat="42.962154" lon="-2.000145">
        <ele>998.285</ele>
        <time>2021-11-20T09:33:24Z</time>
      </trkpt>
      <trkpt lat="42.962149" lon="-2.000073">
        <ele>997.513</ele>
        <time>2021-11-20T09:33:28Z</time>
      </trkpt>
      <trkpt lat="42.962131" lon="-2.000016">
        <ele>996.808</ele>
        <time>2021-11-20T09:33:32Z</time>
      </trkpt>
      <trkpt lat="42.962135" lon="-1.999944">
        <ele>996.475</ele>
        <time>2021-11-20T09:33:37Z</time>
      </trkpt>
      <trkpt lat="42.962165" lon="-1.999889">
        <ele>996.516</ele>
        <time>2021-11-20T09:33:42Z</time>
      </trkpt>
      <trkpt lat="42.962181" lon="-1.999827">
        <ele>996.379</ele>
        <time>2021-11-20T09:34:03Z</time>
      </trkpt>
      <trkpt lat="42.962173" lon="-1.999762">
        <ele>995.784</ele>
        <time>2021-11-20T09:34:06Z</time>
      </trkpt>
      <trkpt lat="42.962194" lon="-1.999706">
        <ele>995.667</ele>
        <time>2021-11-20T09:34:11Z</time>
      </trkpt>
      <trkpt lat="42.962218" lon="-1.999652">
        <ele>995.778</ele>
        <time>2021-11-20T09:34:23Z</time>
      </trkpt>
      <trkpt lat="42.962224" lon="-1.999588">
        <ele>995.542</ele>
        <time>2021-11-20T09:34:28Z</time>
      </trkpt>
      <trkpt lat="42.962230" lon="-1.999513">
        <ele>995.388</ele>
        <time>2021-11-20T09:34:33Z</time>
      </trkpt>
      <trkpt lat="42.962216" lon="-1.999573">
        <ele>995.467</ele>
        <time>2021-11-20T09:35:00Z</time>
      </trkpt>
      <trkpt lat="42.962201" lon="-1.999637">
        <ele>995.481</ele>
        <time>2021-11-20T09:35:04Z</time>
      </trkpt>
      <trkpt lat="42.962194" lon="-1.999703">
        <ele>995.619</ele>
        <time>2021-11-20T09:35:09Z</time>
      </trkpt>
      <trkpt lat="42.962193" lon="-1.999765">
        <ele>996.008</ele>
        <time>2021-11-20T09:35:16Z</time>
      </trkpt>
      <trkpt lat="42.962168" lon="-1.999823">
        <ele>996.184</ele>
        <time>2021-11-20T09:35:21Z</time>
      </trkpt>
      <trkpt lat="42.962146" lon="-1.999877">
        <ele>996.165</ele>
        <time>2021-11-20T09:35:24Z</time>
      </trkpt>
      <trkpt lat="42.962134" lon="-1.999941">
        <ele>996.468</ele>
        <time>2021-11-20T09:35:28Z</time>
      </trkpt>
      <trkpt lat="42.962153" lon="-2.000006">
        <ele>997.163</ele>
        <time>2021-11-20T09:35:33Z</time>
      </trkpt>
      <trkpt lat="42.962159" lon="-2.000073">
        <ele>997.716</ele>
        <time>2021-11-20T09:35:39Z</time>
      </trkpt>
      <trkpt lat="42.962135" lon="-2.000128">
        <ele>997.837</ele>
        <time>2021-11-20T09:35:44Z</time>
      </trkpt>
      <trkpt lat="42.962156" lon="-2.000189">
        <ele>998.641</ele>
        <time>2021-11-20T09:35:55Z</time>
      </trkpt>
      <trkpt lat="42.962204" lon="-2.000179">
        <ele>999.157</ele>
        <time>2021-11-20T09:35:59Z</time>
      </trkpt>
      <trkpt lat="42.962247" lon="-2.000162">
        <ele>999.421</ele>
        <time>2021-11-20T09:36:08Z</time>
      </trkpt>
      <trkpt lat="42.962286" lon="-2.000126">
        <ele>999.341</ele>
        <time>2021-11-20T09:36:16Z</time>
      </trkpt>
      <trkpt lat="42.962330" lon="-2.000106">
        <ele>999.405</ele>
        <time>2021-11-20T09:36:21Z</time>
      </trkpt>
      <trkpt lat="42.962375" lon="-2.000095">
        <ele>999.608</ele>
        <time>2021-11-20T09:36:25Z</time>
      </trkpt>
      <trkpt lat="42.962426" lon="-2.000089">
        <ele>999.840</ele>
        <time>2021-11-20T09:36:29Z</time>
      </trkpt>
      <trkpt lat="42.962471" lon="-2.000078">
        <ele>1000.071</ele>
        <time>2021-11-20T09:36:33Z</time>
      </trkpt>
      <trkpt lat="42.962517" lon="-2.000069">
        <ele>1000.124</ele>
        <time>2021-11-20T09:36:40Z</time>
      </trkpt>
      <trkpt lat="42.962565" lon="-2.000066">
        <ele>1000.519</ele>
        <time>2021-11-20T09:36:46Z</time>
      </trkpt>
      <trkpt lat="42.962610" lon="-2.000039">
        <ele>1000.472</ele>
        <time>2021-11-20T09:36:51Z</time>
      </trkpt>
      <trkpt lat="42.962653" lon="-2.000015">
        <ele>1000.313</ele>
        <time>2021-11-20T09:36:56Z</time>
      </trkpt>
      <trkpt lat="42.962694" lon="-1.999985">
        <ele>999.417</ele>
        <time>2021-11-20T09:37:01Z</time>
      </trkpt>
      <trkpt lat="42.962745" lon="-1.999978">
        <ele>999.463</ele>
        <time>2021-11-20T09:37:07Z</time>
      </trkpt>
      <trkpt lat="42.962787" lon="-1.999999">
        <ele>999.853</ele>
        <time>2021-11-20T09:37:12Z</time>
      </trkpt>
      <trkpt lat="42.962831" lon="-2.000035">
        <ele>1000.904</ele>
        <time>2021-11-20T09:37:17Z</time>
      </trkpt>
      <trkpt lat="42.962861" lon="-2.000083">
        <ele>1001.314</ele>
        <time>2021-11-20T09:37:22Z</time>
      </trkpt>
      <trkpt lat="42.962894" lon="-2.000126">
        <ele>1001.608</ele>
        <time>2021-11-20T09:37:28Z</time>
      </trkpt>
      <trkpt lat="42.962939" lon="-2.000143">
        <ele>1001.393</ele>
        <time>2021-11-20T09:37:34Z</time>
      </trkpt>
      <trkpt lat="42.962984" lon="-2.000151">
        <ele>1000.784</ele>
        <time>2021-11-20T09:37:39Z</time>
      </trkpt>
      <trkpt lat="42.963028" lon="-2.000167">
        <ele>1000.427</ele>
        <time>2021-11-20T09:37:44Z</time>
      </trkpt>
      <trkpt lat="42.963055" lon="-2.000217">
        <ele>1000.952</ele>
        <time>2021-11-20T09:37:48Z</time>
      </trkpt>
      <trkpt lat="42.963097" lon="-2.000245">
        <ele>1001.065</ele>
        <time>2021-11-20T09:37:53Z</time>
      </trkpt>
      <trkpt lat="42.963138" lon="-2.000278">
        <ele>1001.116</ele>
        <time>2021-11-20T09:37:58Z</time>
      </trkpt>
      <trkpt lat="42.963172" lon="-2.000335">
        <ele>1001.360</ele>
        <time>2021-11-20T09:38:03Z</time>
      </trkpt>
      <trkpt lat="42.963215" lon="-2.000364">
        <ele>1001.056</ele>
        <time>2021-11-20T09:38:07Z</time>
      </trkpt>
      <trkpt lat="42.963259" lon="-2.000386">
        <ele>1000.782</ele>
        <time>2021-11-20T09:38:09Z</time>
      </trkpt>
      <trkpt lat="42.963306" lon="-2.000414">
        <ele>1000.343</ele>
        <time>2021-11-20T09:38:11Z</time>
      </trkpt>
      <trkpt lat="42.963353" lon="-2.000452">
        <ele>1000.217</ele>
        <time>2021-11-20T09:38:15Z</time>
      </trkpt>
      <trkpt lat="42.963398" lon="-2.000438">
        <ele>1000.008</ele>
        <time>2021-11-20T09:38:36Z</time>
      </trkpt>
      <trkpt lat="42.963444" lon="-2.000456">
        <ele>1000.016</ele>
        <time>2021-11-20T09:38:41Z</time>
      </trkpt>
      <trkpt lat="42.963494" lon="-2.000439">
        <ele>999.817</ele>
        <time>2021-11-20T09:38:47Z</time>
      </trkpt>
      <trkpt lat="42.963542" lon="-2.000434">
        <ele>999.770</ele>
        <time>2021-11-20T09:38:56Z</time>
      </trkpt>
      <trkpt lat="42.963588" lon="-2.000432">
        <ele>999.665</ele>
        <time>2021-11-20T09:39:13Z</time>
      </trkpt>
      <trkpt lat="42.963633" lon="-2.000455">
        <ele>999.898</ele>
        <time>2021-11-20T09:40:16Z</time>
      </trkpt>
      <trkpt lat="42.963685" lon="-2.000431">
        <ele>1000.199</ele>
        <time>2021-11-20T09:40:22Z</time>
      </trkpt>
      <trkpt lat="42.963728" lon="-2.000411">
        <ele>1000.393</ele>
        <time>2021-11-20T09:40:25Z</time>
      </trkpt>
      <trkpt lat="42.963775" lon="-2.000410">
        <ele>1000.749</ele>
        <time>2021-11-20T09:40:30Z</time>
      </trkpt>
      <trkpt lat="42.963817" lon="-2.000380">
        <ele>1001.061</ele>
        <time>2021-11-20T09:40:34Z</time>
      </trkpt>
      <trkpt lat="42.963848" lon="-2.000332">
        <ele>1001.421</ele>
        <time>2021-11-20T09:40:38Z</time>
      </trkpt>
      <trkpt lat="42.963882" lon="-2.000290">
        <ele>1001.913</ele>
        <time>2021-11-20T09:40:41Z</time>
      </trkpt>
      <trkpt lat="42.963925" lon="-2.000260">
        <ele>1001.608</ele>
        <time>2021-11-20T09:40:47Z</time>
      </trkpt>
      <trkpt lat="42.963959" lon="-2.000219">
        <ele>1001.164</ele>
        <time>2021-11-20T09:40:58Z</time>
      </trkpt>
      <trkpt lat="42.963991" lon="-2.000169">
        <ele>1000.845</ele>
        <time>2021-11-20T09:41:01Z</time>
      </trkpt>
      <trkpt lat="42.964027" lon="-2.000128">
        <ele>1000.598</ele>
        <time>2021-11-20T09:41:04Z</time>
      </trkpt>
      <trkpt lat="42.964071" lon="-2.000103">
        <ele>1000.253</ele>
        <time>2021-11-20T09:41:09Z</time>
      </trkpt>
      <trkpt lat="42.964115" lon="-2.000084">
        <ele>1000.026</ele>
        <time>2021-11-20T09:41:13Z</time>
      </trkpt>
      <trkpt lat="42.964157" lon="-2.000110">
        <ele>999.747</ele>
        <time>2021-11-20T09:41:28Z</time>
      </trkpt>
      <trkpt lat="42.964197" lon="-2.000151">
        <ele>999.171</ele>
        <time>2021-11-20T09:41:33Z</time>
      </trkpt>
      <trkpt lat="42.964209" lon="-2.000211">
        <ele>998.957</ele>
        <time>2021-11-20T09:41:38Z</time>
      </trkpt>
      <trkpt lat="42.964239" lon="-2.000262">
        <ele>998.517</ele>
        <time>2021-11-20T09:41:42Z</time>
      </trkpt>
      <trkpt lat="42.964265" lon="-2.000317">
        <ele>998.387</ele>
        <time>2021-11-20T09:41:48Z</time>
      </trkpt>
      <trkpt lat="42.964298" lon="-2.000368">
        <ele>998.215</ele>
        <time>2021-11-20T09:41:52Z</time>
      </trkpt>
      <trkpt lat="42.964332" lon="-2.000421">
        <ele>998.208</ele>
        <time>2021-11-20T09:41:56Z</time>
      </trkpt>
      <trkpt lat="42.964375" lon="-2.000455">
        <ele>998.389</ele>
        <time>2021-11-20T09:41:59Z</time>
      </trkpt>
      <trkpt lat="42.964418" lon="-2.000499">
        <ele>998.610</ele>
        <time>2021-11-20T09:42:04Z</time>
      </trkpt>
      <trkpt lat="42.964459" lon="-2.000536">
        <ele>998.833</ele>
        <time>2021-11-20T09:42:09Z</time>
      </trkpt>
      <trkpt lat="42.964502" lon="-2.000574">
        <ele>998.618</ele>
        <time>2021-11-20T09:42:13Z</time>
      </trkpt>
      <trkpt lat="42.964544" lon="-2.000623">
        <ele>998.351</ele>
        <time>2021-11-20T09:42:18Z</time>
      </trkpt>
      <trkpt lat="42.964584" lon="-2.000658">
        <ele>997.862</ele>
        <time>2021-11-20T09:42:22Z</time>
      </trkpt>
      <trkpt lat="42.964624" lon="-2.000691">
        <ele>997.296</ele>
        <time>2021-11-20T09:42:28Z</time>
      </trkpt>
      <trkpt lat="42.964672" lon="-2.000696">
        <ele>996.642</ele>
        <time>2021-11-20T09:43:06Z</time>
      </trkpt>
      <trkpt lat="42.964724" lon="-2.000713">
        <ele>995.853</ele>
        <time>2021-11-20T09:43:12Z</time>
      </trkpt>
      <trkpt lat="42.964771" lon="-2.000727">
        <ele>995.104</ele>
        <time>2021-11-20T09:43:18Z</time>
      </trkpt>
      <trkpt lat="42.964817" lon="-2.000714">
        <ele>994.514</ele>
        <time>2021-11-20T09:43:22Z</time>
      </trkpt>
      <trkpt lat="42.964857" lon="-2.000674">
        <ele>994.208</ele>
        <time>2021-11-20T09:43:26Z</time>
      </trkpt>
      <trkpt lat="42.964883" lon="-2.000617">
        <ele>994.233</ele>
        <time>2021-11-20T09:43:30Z</time>
      </trkpt>
      <trkpt lat="42.964906" lon="-2.000552">
        <ele>994.334</ele>
        <time>2021-11-20T09:43:33Z</time>
      </trkpt>
      <trkpt lat="42.964939" lon="-2.000506">
        <ele>993.797</ele>
        <time>2021-11-20T09:43:39Z</time>
      </trkpt>
      <trkpt lat="42.964986" lon="-2.000515">
        <ele>993.132</ele>
        <time>2021-11-20T09:43:44Z</time>
      </trkpt>
      <trkpt lat="42.965036" lon="-2.000546">
        <ele>992.885</ele>
        <time>2021-11-20T09:43:50Z</time>
      </trkpt>
      <trkpt lat="42.965086" lon="-2.000566">
        <ele>992.616</ele>
        <time>2021-11-20T09:43:53Z</time>
      </trkpt>
      <trkpt lat="42.965135" lon="-2.000575">
        <ele>992.490</ele>
        <time>2021-11-20T09:43:56Z</time>
      </trkpt>
      <trkpt lat="42.965182" lon="-2.000586">
        <ele>992.196</ele>
        <time>2021-11-20T09:43:59Z</time>
      </trkpt>
      <trkpt lat="42.965229" lon="-2.000608">
        <ele>991.857</ele>
        <time>2021-11-20T09:44:03Z</time>
      </trkpt>
      <trkpt lat="42.965266" lon="-2.000652">
        <ele>991.300</ele>
        <time>2021-11-20T09:44:07Z</time>
      </trkpt>
      <trkpt lat="42.965289" lon="-2.000710">
        <ele>991.220</ele>
        <time>2021-11-20T09:44:12Z</time>
      </trkpt>
      <trkpt lat="42.965317" lon="-2.000767">
        <ele>991.508</ele>
        <time>2021-11-20T09:44:16Z</time>
      </trkpt>
      <trkpt lat="42.965360" lon="-2.000813">
        <ele>992.283</ele>
        <time>2021-11-20T09:44:21Z</time>
      </trkpt>
      <trkpt lat="42.965400" lon="-2.000852">
        <ele>992.914</ele>
        <time>2021-11-20T09:44:25Z</time>
      </trkpt>
      <trkpt lat="42.965434" lon="-2.000914">
        <ele>993.467</ele>
        <time>2021-11-20T09:44:29Z</time>
      </trkpt>
      <trkpt lat="42.965465" lon="-2.000970">
        <ele>993.912</ele>
        <time>2021-11-20T09:44:32Z</time>
      </trkpt>
      <trkpt lat="42.965490" lon="-2.001024">
        <ele>994.375</ele>
        <time>2021-11-20T09:44:37Z</time>
      </trkpt>
      <trkpt lat="42.965499" lon="-2.001090">
        <ele>994.366</ele>
        <time>2021-11-20T09:44:42Z</time>
      </trkpt>
      <trkpt lat="42.965524" lon="-2.001149">
        <ele>994.970</ele>
        <time>2021-11-20T09:44:49Z</time>
      </trkpt>
      <trkpt lat="42.965554" lon="-2.001197">
        <ele>995.916</ele>
        <time>2021-11-20T09:44:53Z</time>
      </trkpt>
      <trkpt lat="42.965567" lon="-2.001268">
        <ele>996.144</ele>
        <time>2021-11-20T09:44:58Z</time>
      </trkpt>
      <trkpt lat="42.965570" lon="-2.001331">
        <ele>996.205</ele>
        <time>2021-11-20T09:45:01Z</time>
      </trkpt>
      <trkpt lat="42.965563" lon="-2.001400">
        <ele>996.215</ele>
        <time>2021-11-20T09:45:06Z</time>
      </trkpt>
      <trkpt lat="42.965568" lon="-2.001462">
        <ele>996.608</ele>
        <time>2021-11-20T09:45:11Z</time>
      </trkpt>
      <trkpt lat="42.965579" lon="-2.001525">
        <ele>997.262</ele>
        <time>2021-11-20T09:45:16Z</time>
      </trkpt>
      <trkpt lat="42.965583" lon="-2.001588">
        <ele>997.783</ele>
        <time>2021-11-20T09:45:20Z</time>
      </trkpt>
      <trkpt lat="42.965600" lon="-2.001648">
        <ele>998.286</ele>
        <time>2021-11-20T09:45:25Z</time>
      </trkpt>
      <trkpt lat="42.965606" lon="-2.001717">
        <ele>998.311</ele>
        <time>2021-11-20T09:45:30Z</time>
      </trkpt>
      <trkpt lat="42.965614" lon="-2.001783">
        <ele>998.334</ele>
        <time>2021-11-20T09:45:34Z</time>
      </trkpt>
      <trkpt lat="42.965623" lon="-2.001854">
        <ele>998.345</ele>
        <time>2021-11-20T09:45:37Z</time>
      </trkpt>
      <trkpt lat="42.965623" lon="-2.001919">
        <ele>998.329</ele>
        <time>2021-11-20T09:45:41Z</time>
      </trkpt>
      <trkpt lat="42.965620" lon="-2.001985">
        <ele>998.085</ele>
        <time>2021-11-20T09:45:45Z</time>
      </trkpt>
      <trkpt lat="42.965634" lon="-2.002049">
        <ele>997.724</ele>
        <time>2021-11-20T09:45:49Z</time>
      </trkpt>
      <trkpt lat="42.965672" lon="-2.002098">
        <ele>997.404</ele>
        <time>2021-11-20T09:45:55Z</time>
      </trkpt>
      <trkpt lat="42.965712" lon="-2.002131">
        <ele>997.114</ele>
        <time>2021-11-20T09:46:02Z</time>
      </trkpt>
      <trkpt lat="42.965755" lon="-2.002113">
        <ele>997.208</ele>
        <time>2021-11-20T09:46:11Z</time>
      </trkpt>
      <trkpt lat="42.965799" lon="-2.002091">
        <ele>997.440</ele>
        <time>2021-11-20T09:46:16Z</time>
      </trkpt>
      <trkpt lat="42.965844" lon="-2.002052">
        <ele>997.841</ele>
        <time>2021-11-20T09:46:21Z</time>
      </trkpt>
      <trkpt lat="42.965886" lon="-2.002024">
        <ele>998.034</ele>
        <time>2021-11-20T09:46:25Z</time>
      </trkpt>
      <trkpt lat="42.965929" lon="-2.001987">
        <ele>998.199</ele>
        <time>2021-11-20T09:46:30Z</time>
      </trkpt>
      <trkpt lat="42.965971" lon="-2.001951">
        <ele>998.032</ele>
        <time>2021-11-20T09:46:35Z</time>
      </trkpt>
      <trkpt lat="42.966017" lon="-2.001921">
        <ele>997.893</ele>
        <time>2021-11-20T09:46:39Z</time>
      </trkpt>
      <trkpt lat="42.966053" lon="-2.001870">
        <ele>997.957</ele>
        <time>2021-11-20T09:46:44Z</time>
      </trkpt>
      <trkpt lat="42.966086" lon="-2.001829">
        <ele>998.073</ele>
        <time>2021-11-20T09:46:50Z</time>
      </trkpt>
      <trkpt lat="42.966085" lon="-2.001762">
        <ele>998.453</ele>
        <time>2021-11-20T09:46:54Z</time>
      </trkpt>
      <trkpt lat="42.966115" lon="-2.001706">
        <ele>998.704</ele>
        <time>2021-11-20T09:46:58Z</time>
      </trkpt>
      <trkpt lat="42.966155" lon="-2.001673">
        <ele>999.014</ele>
        <time>2021-11-20T09:47:00Z</time>
      </trkpt>
      <trkpt lat="42.966194" lon="-2.001637">
        <ele>999.008</ele>
        <time>2021-11-20T09:47:04Z</time>
      </trkpt>
      <trkpt lat="42.966227" lon="-2.001592">
        <ele>999.073</ele>
        <time>2021-11-20T09:47:07Z</time>
      </trkpt>
      <trkpt lat="42.966266" lon="-2.001546">
        <ele>999.074</ele>
        <time>2021-11-20T09:47:10Z</time>
      </trkpt>
      <trkpt lat="42.966300" lon="-2.001498">
        <ele>999.297</ele>
        <time>2021-11-20T09:47:15Z</time>
      </trkpt>
      <trkpt lat="42.966342" lon="-2.001473">
        <ele>999.552</ele>
        <time>2021-11-20T09:47:19Z</time>
      </trkpt>
      <trkpt lat="42.966383" lon="-2.001442">
        <ele>999.855</ele>
        <time>2021-11-20T09:47:23Z</time>
      </trkpt>
      <trkpt lat="42.966426" lon="-2.001408">
        <ele>1000.186</ele>
        <time>2021-11-20T09:47:28Z</time>
      </trkpt>
      <trkpt lat="42.966471" lon="-2.001395">
        <ele>1000.320</ele>
        <time>2021-11-20T09:47:33Z</time>
      </trkpt>
      <trkpt lat="42.966518" lon="-2.001384">
        <ele>1000.586</ele>
        <time>2021-11-20T09:47:37Z</time>
      </trkpt>
      <trkpt lat="42.966567" lon="-2.001375">
        <ele>1000.776</ele>
        <time>2021-11-20T09:47:42Z</time>
      </trkpt>
      <trkpt lat="42.966617" lon="-2.001374">
        <ele>1000.890</ele>
        <time>2021-11-20T09:47:47Z</time>
      </trkpt>
      <trkpt lat="42.966661" lon="-2.001351">
        <ele>1001.019</ele>
        <time>2021-11-20T09:47:51Z</time>
      </trkpt>
      <trkpt lat="42.966710" lon="-2.001317">
        <ele>1001.508</ele>
        <time>2021-11-20T09:47:54Z</time>
      </trkpt>
      <trkpt lat="42.966751" lon="-2.001288">
        <ele>1001.915</ele>
        <time>2021-11-20T09:47:57Z</time>
      </trkpt>
      <trkpt lat="42.966786" lon="-2.001246">
        <ele>1002.196</ele>
        <time>2021-11-20T09:48:01Z</time>
      </trkpt>
      <trkpt lat="42.966813" lon="-2.001197">
        <ele>1002.049</ele>
        <time>2021-11-20T09:48:04Z</time>
      </trkpt>
      <trkpt lat="42.966844" lon="-2.001139">
        <ele>1001.814</ele>
        <time>2021-11-20T09:48:08Z</time>
      </trkpt>
      <trkpt lat="42.966862" lon="-2.001074">
        <ele>1001.887</ele>
        <time>2021-11-20T09:48:11Z</time>
      </trkpt>
      <trkpt lat="42.966879" lon="-2.001015">
        <ele>1002.198</ele>
        <time>2021-11-20T09:48:15Z</time>
      </trkpt>
      <trkpt lat="42.966911" lon="-2.000969">
        <ele>1002.432</ele>
        <time>2021-11-20T09:48:19Z</time>
      </trkpt>
      <trkpt lat="42.966944" lon="-2.000920">
        <ele>1002.758</ele>
        <time>2021-11-20T09:48:24Z</time>
      </trkpt>
      <trkpt lat="42.966964" lon="-2.000864">
        <ele>1003.276</ele>
        <time>2021-11-20T09:48:27Z</time>
      </trkpt>
      <trkpt lat="42.966984" lon="-2.000809">
        <ele>1003.790</ele>
        <time>2021-11-20T09:48:31Z</time>
      </trkpt>
      <trkpt lat="42.967000" lon="-2.000742">
        <ele>1004.319</ele>
        <time>2021-11-20T09:48:35Z</time>
      </trkpt>
      <trkpt lat="42.967003" lon="-2.000675">
        <ele>1004.608</ele>
        <time>2021-11-20T09:48:39Z</time>
      </trkpt>
      <trkpt lat="42.966999" lon="-2.000612">
        <ele>1004.975</ele>
        <time>2021-11-20T09:48:43Z</time>
      </trkpt>
      <trkpt lat="42.967001" lon="-2.000548">
        <ele>1005.296</ele>
        <time>2021-11-20T09:48:48Z</time>
      </trkpt>
      <trkpt lat="42.967019" lon="-2.000486">
        <ele>1005.589</ele>
        <time>2021-11-20T09:48:51Z</time>
      </trkpt>
      <trkpt lat="42.967032" lon="-2.000425">
        <ele>1005.664</ele>
        <time>2021-11-20T09:48:55Z</time>
      </trkpt>
      <trkpt lat="42.967043" lon="-2.000362">
        <ele>1005.867</ele>
        <time>2021-11-20T09:48:58Z</time>
      </trkpt>
      <trkpt lat="42.967043" lon="-2.000300">
        <ele>1005.918</ele>
        <time>2021-11-20T09:49:03Z</time>
      </trkpt>
      <trkpt lat="42.967064" lon="-2.000232">
        <ele>1006.252</ele>
        <time>2021-11-20T09:49:08Z</time>
      </trkpt>
      <trkpt lat="42.967071" lon="-2.000170">
        <ele>1006.448</ele>
        <time>2021-11-20T09:49:11Z</time>
      </trkpt>
      <trkpt lat="42.967073" lon="-2.000108">
        <ele>1006.638</ele>
        <time>2021-11-20T09:49:14Z</time>
      </trkpt>
      <trkpt lat="42.967070" lon="-2.000038">
        <ele>1006.970</ele>
        <time>2021-11-20T09:49:18Z</time>
      </trkpt>
      <trkpt lat="42.967053" lon="-1.999978">
        <ele>1007.117</ele>
        <time>2021-11-20T09:49:22Z</time>
      </trkpt>
      <trkpt lat="42.967060" lon="-1.999914">
        <ele>1007.508</ele>
        <time>2021-11-20T09:49:26Z</time>
      </trkpt>
      <trkpt lat="42.967058" lon="-1.999847">
        <ele>1007.911</ele>
        <time>2021-11-20T09:49:30Z</time>
      </trkpt>
      <trkpt lat="42.967076" lon="-1.999786">
        <ele>1008.252</ele>
        <time>2021-11-20T09:49:35Z</time>
      </trkpt>
      <trkpt lat="42.967090" lon="-1.999720">
        <ele>1008.525</ele>
        <time>2021-11-20T09:49:42Z</time>
      </trkpt>
      <trkpt lat="42.967091" lon="-1.999658">
        <ele>1008.950</ele>
        <time>2021-11-20T09:49:46Z</time>
      </trkpt>
      <trkpt lat="42.967084" lon="-1.999589">
        <ele>1009.573</ele>
        <time>2021-11-20T09:49:49Z</time>
      </trkpt>
      <trkpt lat="42.967092" lon="-1.999512">
        <ele>1010.014</ele>
        <time>2021-11-20T09:49:54Z</time>
      </trkpt>
      <trkpt lat="42.967110" lon="-1.999444">
        <ele>1010.418</ele>
        <time>2021-11-20T09:49:58Z</time>
      </trkpt>
      <trkpt lat="42.967141" lon="-1.999395">
        <ele>1010.594</ele>
        <time>2021-11-20T09:50:02Z</time>
      </trkpt>
      <trkpt lat="42.967172" lon="-1.999343">
        <ele>1010.678</ele>
        <time>2021-11-20T09:50:06Z</time>
      </trkpt>
      <trkpt lat="42.967210" lon="-1.999306">
        <ele>1010.633</ele>
        <time>2021-11-20T09:50:12Z</time>
      </trkpt>
      <trkpt lat="42.967256" lon="-1.999307">
        <ele>1010.726</ele>
        <time>2021-11-20T09:50:17Z</time>
      </trkpt>
      <trkpt lat="42.967302" lon="-1.999319">
        <ele>1010.908</ele>
        <time>2021-11-20T09:50:22Z</time>
      </trkpt>
      <trkpt lat="42.967351" lon="-1.999345">
        <ele>1011.155</ele>
        <time>2021-11-20T09:50:27Z</time>
      </trkpt>
      <trkpt lat="42.967402" lon="-1.999366">
        <ele>1011.456</ele>
        <time>2021-11-20T09:50:31Z</time>
      </trkpt>
      <trkpt lat="42.967454" lon="-1.999390">
        <ele>1011.799</ele>
        <time>2021-11-20T09:50:36Z</time>
      </trkpt>
      <trkpt lat="42.967500" lon="-1.999396">
        <ele>1012.024</ele>
        <time>2021-11-20T09:50:40Z</time>
      </trkpt>
      <trkpt lat="42.967549" lon="-1.999404">
        <ele>1012.367</ele>
        <time>2021-11-20T09:50:47Z</time>
      </trkpt>
      <trkpt lat="42.967590" lon="-1.999365">
        <ele>1012.668</ele>
        <time>2021-11-20T09:50:51Z</time>
      </trkpt>
      <trkpt lat="42.967646" lon="-1.999376">
        <ele>1012.972</ele>
        <time>2021-11-20T09:50:55Z</time>
      </trkpt>
      <trkpt lat="42.967687" lon="-1.999407">
        <ele>1013.368</ele>
        <time>2021-11-20T09:51:01Z</time>
      </trkpt>
      <trkpt lat="42.967737" lon="-1.999424">
        <ele>1013.634</ele>
        <time>2021-11-20T09:51:07Z</time>
      </trkpt>
      <trkpt lat="42.967786" lon="-1.999432">
        <ele>1014.255</ele>
        <time>2021-11-20T09:51:11Z</time>
      </trkpt>
      <trkpt lat="42.967827" lon="-1.999461">
        <ele>1015.510</ele>
        <time>2021-11-20T09:51:15Z</time>
      </trkpt>
      <trkpt lat="42.967862" lon="-1.999511">
        <ele>1016.808</ele>
        <time>2021-11-20T09:51:20Z</time>
      </trkpt>
      <trkpt lat="42.967902" lon="-1.999557">
        <ele>1018.031</ele>
        <time>2021-11-20T09:51:25Z</time>
      </trkpt>
      <trkpt lat="42.967939" lon="-1.999595">
        <ele>1019.192</ele>
        <time>2021-11-20T09:51:29Z</time>
      </trkpt>
      <trkpt lat="42.967981" lon="-1.999625">
        <ele>1020.225</ele>
        <time>2021-11-20T09:51:32Z</time>
      </trkpt>
      <trkpt lat="42.968008" lon="-1.999681">
        <ele>1020.930</ele>
        <time>2021-11-20T09:51:37Z</time>
      </trkpt>
      <trkpt lat="42.968024" lon="-1.999743">
        <ele>1021.473</ele>
        <time>2021-11-20T09:51:42Z</time>
      </trkpt>
      <trkpt lat="42.968044" lon="-1.999800">
        <ele>1022.344</ele>
        <time>2021-11-20T09:51:47Z</time>
      </trkpt>
      <trkpt lat="42.968077" lon="-1.999852">
        <ele>1023.268</ele>
        <time>2021-11-20T09:51:52Z</time>
      </trkpt>
      <trkpt lat="42.968116" lon="-1.999887">
        <ele>1024.034</ele>
        <time>2021-11-20T09:51:56Z</time>
      </trkpt>
      <trkpt lat="42.968160" lon="-1.999917">
        <ele>1024.835</ele>
        <time>2021-11-20T09:52:01Z</time>
      </trkpt>
      <trkpt lat="42.968203" lon="-1.999941">
        <ele>1025.486</ele>
        <time>2021-11-20T09:52:07Z</time>
      </trkpt>
      <trkpt lat="42.968253" lon="-1.999946">
        <ele>1026.014</ele>
        <time>2021-11-20T09:52:13Z</time>
      </trkpt>
      <trkpt lat="42.968301" lon="-1.999954">
        <ele>1026.608</ele>
        <time>2021-11-20T09:52:19Z</time>
      </trkpt>
      <trkpt lat="42.968329" lon="-2.000004">
        <ele>1027.131</ele>
        <time>2021-11-20T09:52:27Z</time>
      </trkpt>
      <trkpt lat="42.968370" lon="-1.999964">
        <ele>1028.592</ele>
        <time>2021-11-20T09:52:36Z</time>
      </trkpt>
      <trkpt lat="42.968420" lon="-1.999958">
        <ele>1030.765</ele>
        <time>2021-11-20T09:52:42Z</time>
      </trkpt>
      <trkpt lat="42.968464" lon="-1.999983">
        <ele>1032.650</ele>
        <time>2021-11-20T09:52:46Z</time>
      </trkpt>
      <trkpt lat="42.968510" lon="-2.000010">
        <ele>1034.113</ele>
        <time>2021-11-20T09:52:51Z</time>
      </trkpt>
      <trkpt lat="42.968544" lon="-2.000057">
        <ele>1035.844</ele>
        <time>2021-11-20T09:52:55Z</time>
      </trkpt>
      <trkpt lat="42.968574" lon="-2.000109">
        <ele>1037.228</ele>
        <time>2021-11-20T09:53:02Z</time>
      </trkpt>
      <trkpt lat="42.968593" lon="-2.000170">
        <ele>1038.124</ele>
        <time>2021-11-20T09:53:09Z</time>
      </trkpt>
      <trkpt lat="42.968614" lon="-2.000237">
        <ele>1038.913</ele>
        <time>2021-11-20T09:53:14Z</time>
      </trkpt>
      <trkpt lat="42.968651" lon="-2.000285">
        <ele>1040.343</ele>
        <time>2021-11-20T09:53:19Z</time>
      </trkpt>
      <trkpt lat="42.968692" lon="-2.000316">
        <ele>1041.907</ele>
        <time>2021-11-20T09:53:23Z</time>
      </trkpt>
      <trkpt lat="42.968727" lon="-2.000358">
        <ele>1043.208</ele>
        <time>2021-11-20T09:53:27Z</time>
      </trkpt>
      <trkpt lat="42.968751" lon="-2.000418">
        <ele>1044.319</ele>
        <time>2021-11-20T09:53:32Z</time>
      </trkpt>
      <trkpt lat="42.968794" lon="-2.000442">
        <ele>1045.180</ele>
        <time>2021-11-20T09:53:37Z</time>
      </trkpt>
      <trkpt lat="42.968842" lon="-2.000445">
        <ele>1045.863</ele>
        <time>2021-11-20T09:53:43Z</time>
      </trkpt>
      <trkpt lat="42.968891" lon="-2.000445">
        <ele>1046.458</ele>
        <time>2021-11-20T09:53:51Z</time>
      </trkpt>
      <trkpt lat="42.968935" lon="-2.000429">
        <ele>1047.021</ele>
        <time>2021-11-20T09:53:59Z</time>
      </trkpt>
      <trkpt lat="42.968978" lon="-2.000396">
        <ele>1047.722</ele>
        <time>2021-11-20T09:54:08Z</time>
      </trkpt>
      <trkpt lat="42.969012" lon="-2.000353">
        <ele>1048.476</ele>
        <time>2021-11-20T09:54:12Z</time>
      </trkpt>
      <trkpt lat="42.969038" lon="-2.000299">
        <ele>1049.032</ele>
        <time>2021-11-20T09:54:17Z</time>
      </trkpt>
      <trkpt lat="42.969055" lon="-2.000232">
        <ele>1049.748</ele>
        <time>2021-11-20T09:54:22Z</time>
      </trkpt>
      <trkpt lat="42.969074" lon="-2.000171">
        <ele>1050.461</ele>
        <time>2021-11-20T09:54:27Z</time>
      </trkpt>
      <trkpt lat="42.969106" lon="-2.000127">
        <ele>1051.217</ele>
        <time>2021-11-20T09:54:34Z</time>
      </trkpt>
      <trkpt lat="42.969132" lon="-2.000072">
        <ele>1052.008</ele>
        <time>2021-11-20T09:54:37Z</time>
      </trkpt>
      <trkpt lat="42.969158" lon="-2.000019">
        <ele>1052.772</ele>
        <time>2021-11-20T09:54:40Z</time>
      </trkpt>
      <trkpt lat="42.969181" lon="-1.999960">
        <ele>1053.383</ele>
        <time>2021-11-20T09:54:44Z</time>
      </trkpt>
      <trkpt lat="42.969192" lon="-1.999892">
        <ele>1053.426</ele>
        <time>2021-11-20T09:54:50Z</time>
      </trkpt>
      <trkpt lat="42.969233" lon="-1.999861">
        <ele>1054.171</ele>
        <time>2021-11-20T09:54:56Z</time>
      </trkpt>
      <trkpt lat="42.969273" lon="-1.999831">
        <ele>1054.764</ele>
        <time>2021-11-20T09:55:01Z</time>
      </trkpt>
      <trkpt lat="42.969315" lon="-1.999797">
        <ele>1055.315</ele>
        <time>2021-11-20T09:55:07Z</time>
      </trkpt>
      <trkpt lat="42.969356" lon="-1.999769">
        <ele>1055.879</ele>
        <time>2021-11-20T09:55:11Z</time>
      </trkpt>
      <trkpt lat="42.969395" lon="-1.999728">
        <ele>1056.335</ele>
        <time>2021-11-20T09:55:15Z</time>
      </trkpt>
      <trkpt lat="42.969430" lon="-1.999689">
        <ele>1056.798</ele>
        <time>2021-11-20T09:55:19Z</time>
      </trkpt>
      <trkpt lat="42.969464" lon="-1.999639">
        <ele>1057.215</ele>
        <time>2021-11-20T09:55:23Z</time>
      </trkpt>
      <trkpt lat="42.969498" lon="-1.999590">
        <ele>1057.926</ele>
        <time>2021-11-20T09:55:27Z</time>
      </trkpt>
      <trkpt lat="42.969533" lon="-1.999548">
        <ele>1058.608</ele>
        <time>2021-11-20T09:55:32Z</time>
      </trkpt>
      <trkpt lat="42.969551" lon="-1.999485">
        <ele>1058.847</ele>
        <time>2021-11-20T09:55:38Z</time>
      </trkpt>
      <trkpt lat="42.969595" lon="-1.999466">
        <ele>1059.968</ele>
        <time>2021-11-20T09:55:48Z</time>
      </trkpt>
      <trkpt lat="42.969644" lon="-1.999457">
        <ele>1061.121</ele>
        <time>2021-11-20T09:55:52Z</time>
      </trkpt>
      <trkpt lat="42.969694" lon="-1.999447">
        <ele>1062.366</ele>
        <time>2021-11-20T09:55:57Z</time>
      </trkpt>
      <trkpt lat="42.969720" lon="-1.999395">
        <ele>1062.949</ele>
        <time>2021-11-20T09:56:01Z</time>
      </trkpt>
      <trkpt lat="42.969762" lon="-1.999372">
        <ele>1063.960</ele>
        <time>2021-11-20T09:56:07Z</time>
      </trkpt>
      <trkpt lat="42.969796" lon="-1.999329">
        <ele>1064.764</ele>
        <time>2021-11-20T09:56:12Z</time>
      </trkpt>
      <trkpt lat="42.969831" lon="-1.999289">
        <ele>1065.660</ele>
        <time>2021-11-20T09:56:17Z</time>
      </trkpt>
      <trkpt lat="42.969848" lon="-1.999231">
        <ele>1066.177</ele>
        <time>2021-11-20T09:56:25Z</time>
      </trkpt>
      <trkpt lat="42.969882" lon="-1.999185">
        <ele>1067.061</ele>
        <time>2021-11-20T09:56:33Z</time>
      </trkpt>
      <trkpt lat="42.969926" lon="-1.999149">
        <ele>1068.227</ele>
        <time>2021-11-20T09:56:38Z</time>
      </trkpt>
      <trkpt lat="42.969963" lon="-1.999096">
        <ele>1069.308</ele>
        <time>2021-11-20T09:56:43Z</time>
      </trkpt>
      <trkpt lat="42.969980" lon="-1.999038">
        <ele>1069.985</ele>
        <time>2021-11-20T09:56:50Z</time>
      </trkpt>
      <trkpt lat="42.970018" lon="-1.998991">
        <ele>1071.036</ele>
        <time>2021-11-20T09:56:55Z</time>
      </trkpt>
      <trkpt lat="42.970051" lon="-1.998941">
        <ele>1071.939</ele>
        <time>2021-11-20T09:56:59Z</time>
      </trkpt>
      <trkpt lat="42.970072" lon="-1.998883">
        <ele>1072.584</ele>
        <time>2021-11-20T09:57:04Z</time>
      </trkpt>
      <trkpt lat="42.970102" lon="-1.998833">
        <ele>1072.917</ele>
        <time>2021-11-20T09:57:10Z</time>
      </trkpt>
      <trkpt lat="42.970146" lon="-1.998816">
        <ele>1073.958</ele>
        <time>2021-11-20T09:57:15Z</time>
      </trkpt>
      <trkpt lat="42.970195" lon="-1.998806">
        <ele>1075.032</ele>
        <time>2021-11-20T09:57:20Z</time>
      </trkpt>
      <trkpt lat="42.970236" lon="-1.998782">
        <ele>1076.078</ele>
        <time>2021-11-20T09:57:25Z</time>
      </trkpt>
      <trkpt lat="42.970269" lon="-1.998735">
        <ele>1076.825</ele>
        <time>2021-11-20T09:57:31Z</time>
      </trkpt>
      <trkpt lat="42.970317" lon="-1.998713">
        <ele>1077.826</ele>
        <time>2021-11-20T09:57:38Z</time>
      </trkpt>
      <trkpt lat="42.970364" lon="-1.998701">
        <ele>1078.808</ele>
        <time>2021-11-20T09:57:43Z</time>
      </trkpt>
      <trkpt lat="42.970408" lon="-1.998679">
        <ele>1079.708</ele>
        <time>2021-11-20T09:57:50Z</time>
      </trkpt>
      <trkpt lat="42.970452" lon="-1.998654">
        <ele>1080.760</ele>
        <time>2021-11-20T09:57:58Z</time>
      </trkpt>
      <trkpt lat="42.970494" lon="-1.998614">
        <ele>1081.751</ele>
        <time>2021-11-20T09:58:04Z</time>
      </trkpt>
      <trkpt lat="42.970541" lon="-1.998594">
        <ele>1082.774</ele>
        <time>2021-11-20T09:58:11Z</time>
      </trkpt>
      <trkpt lat="42.970582" lon="-1.998565">
        <ele>1083.419</ele>
        <time>2021-11-20T09:58:16Z</time>
      </trkpt>
      <trkpt lat="42.970627" lon="-1.998550">
        <ele>1083.812</ele>
        <time>2021-11-20T09:58:30Z</time>
      </trkpt>
      <trkpt lat="42.970668" lon="-1.998583">
        <ele>1084.033</ele>
        <time>2021-11-20T09:58:34Z</time>
      </trkpt>
      <trkpt lat="42.970722" lon="-1.998605">
        <ele>1084.297</ele>
        <time>2021-11-20T09:58:39Z</time>
      </trkpt>
      <trkpt lat="42.970776" lon="-1.998607">
        <ele>1084.633</ele>
        <time>2021-11-20T09:58:42Z</time>
      </trkpt>
      <trkpt lat="42.970827" lon="-1.998589">
        <ele>1085.169</ele>
        <time>2021-11-20T09:58:46Z</time>
      </trkpt>
      <trkpt lat="42.970874" lon="-1.998582">
        <ele>1085.404</ele>
        <time>2021-11-20T09:58:49Z</time>
      </trkpt>
      <trkpt lat="42.970919" lon="-1.998554">
        <ele>1085.924</ele>
        <time>2021-11-20T09:58:54Z</time>
      </trkpt>
      <trkpt lat="42.970962" lon="-1.998532">
        <ele>1086.408</ele>
        <time>2021-11-20T09:58:58Z</time>
      </trkpt>
      <trkpt lat="42.971010" lon="-1.998519">
        <ele>1086.994</ele>
        <time>2021-11-20T09:59:02Z</time>
      </trkpt>
      <trkpt lat="42.971059" lon="-1.998514">
        <ele>1087.495</ele>
        <time>2021-11-20T09:59:06Z</time>
      </trkpt>
      <trkpt lat="42.971115" lon="-1.998508">
        <ele>1087.988</ele>
        <time>2021-11-20T09:59:10Z</time>
      </trkpt>
      <trkpt lat="42.971162" lon="-1.998510">
        <ele>1088.723</ele>
        <time>2021-11-20T09:59:13Z</time>
      </trkpt>
      <trkpt lat="42.971202" lon="-1.998552">
        <ele>1088.786</ele>
        <time>2021-11-20T09:59:17Z</time>
      </trkpt>
      <trkpt lat="42.971206" lon="-1.998615">
        <ele>1087.727</ele>
        <time>2021-11-20T09:59:21Z</time>
      </trkpt>
      <trkpt lat="42.971231" lon="-1.998676">
        <ele>1087.361</ele>
        <time>2021-11-20T09:59:25Z</time>
      </trkpt>
      <trkpt lat="42.971259" lon="-1.998736">
        <ele>1087.137</ele>
        <time>2021-11-20T09:59:30Z</time>
      </trkpt>
      <trkpt lat="42.971303" lon="-1.998753">
        <ele>1087.814</ele>
        <time>2021-11-20T09:59:40Z</time>
      </trkpt>
      <trkpt lat="42.971342" lon="-1.998796">
        <ele>1088.054</ele>
        <time>2021-11-20T09:59:46Z</time>
      </trkpt>
      <trkpt lat="42.971386" lon="-1.998821">
        <ele>1088.709</ele>
        <time>2021-11-20T09:59:51Z</time>
      </trkpt>
      <trkpt lat="42.971429" lon="-1.998845">
        <ele>1089.108</ele>
        <time>2021-11-20T09:59:54Z</time>
      </trkpt>
      <trkpt lat="42.971474" lon="-1.998853">
        <ele>1089.799</ele>
        <time>2021-11-20T09:59:58Z</time>
      </trkpt>
      <trkpt lat="42.971521" lon="-1.998831">
        <ele>1090.620</ele>
        <time>2021-11-20T10:00:02Z</time>
      </trkpt>
      <trkpt lat="42.971567" lon="-1.998830">
        <ele>1091.383</ele>
        <time>2021-11-20T10:00:08Z</time>
      </trkpt>
      <trkpt lat="42.971615" lon="-1.998816">
        <ele>1092.378</ele>
        <time>2021-11-20T10:00:13Z</time>
      </trkpt>
      <trkpt lat="42.971659" lon="-1.998832">
        <ele>1092.751</ele>
        <time>2021-11-20T10:00:18Z</time>
      </trkpt>
      <trkpt lat="42.971704" lon="-1.998856">
        <ele>1093.062</ele>
        <time>2021-11-20T10:00:23Z</time>
      </trkpt>
      <trkpt lat="42.971751" lon="-1.998864">
        <ele>1093.576</ele>
        <time>2021-11-20T10:00:42Z</time>
      </trkpt>
      <trkpt lat="42.971793" lon="-1.998837">
        <ele>1094.522</ele>
        <time>2021-11-20T10:00:46Z</time>
      </trkpt>
      <trkpt lat="42.971839" lon="-1.998805">
        <ele>1095.562</ele>
        <time>2021-11-20T10:00:50Z</time>
      </trkpt>
      <trkpt lat="42.971886" lon="-1.998794">
        <ele>1096.383</ele>
        <time>2021-11-20T10:00:55Z</time>
      </trkpt>
      <trkpt lat="42.971932" lon="-1.998798">
        <ele>1096.811</ele>
        <time>2021-11-20T10:01:01Z</time>
      </trkpt>
      <trkpt lat="42.971977" lon="-1.998796">
        <ele>1098.208</ele>
        <time>2021-11-20T10:01:06Z</time>
      </trkpt>
      <trkpt lat="42.972024" lon="-1.998823">
        <ele>1099.674</ele>
        <time>2021-11-20T10:01:11Z</time>
      </trkpt>
      <trkpt lat="42.972067" lon="-1.998857">
        <ele>1100.835</ele>
        <time>2021-11-20T10:01:15Z</time>
      </trkpt>
      <trkpt lat="42.972113" lon="-1.998872">
        <ele>1102.288</ele>
        <time>2021-11-20T10:01:22Z</time>
      </trkpt>
      <trkpt lat="42.972153" lon="-1.998907">
        <ele>1103.253</ele>
        <time>2021-11-20T10:01:28Z</time>
      </trkpt>
      <trkpt lat="42.972168" lon="-1.998971">
        <ele>1102.966</ele>
        <time>2021-11-20T10:01:34Z</time>
      </trkpt>
      <trkpt lat="42.972197" lon="-1.999030">
        <ele>1103.147</ele>
        <time>2021-11-20T10:01:39Z</time>
      </trkpt>
      <trkpt lat="42.972242" lon="-1.999047">
        <ele>1104.511</ele>
        <time>2021-11-20T10:01:47Z</time>
      </trkpt>
      <trkpt lat="42.972246" lon="-1.999111">
        <ele>1103.767</ele>
        <time>2021-11-20T10:01:52Z</time>
      </trkpt>
      <trkpt lat="42.972263" lon="-1.999176">
        <ele>1103.523</ele>
        <time>2021-11-20T10:01:57Z</time>
      </trkpt>
      <trkpt lat="42.972258" lon="-1.999240">
        <ele>1102.783</ele>
        <time>2021-11-20T10:02:04Z</time>
      </trkpt>
      <trkpt lat="42.972285" lon="-1.999293">
        <ele>1103.311</ele>
        <time>2021-11-20T10:02:12Z</time>
      </trkpt>
      <trkpt lat="42.972335" lon="-1.999298">
        <ele>1105.408</ele>
        <time>2021-11-20T10:02:21Z</time>
      </trkpt>
      <trkpt lat="42.972379" lon="-1.999311">
        <ele>1107.230</ele>
        <time>2021-11-20T10:02:25Z</time>
      </trkpt>
      <trkpt lat="42.972425" lon="-1.999332">
        <ele>1109.191</ele>
        <time>2021-11-20T10:02:29Z</time>
      </trkpt>
      <trkpt lat="42.972471" lon="-1.999317">
        <ele>1111.234</ele>
        <time>2021-11-20T10:02:35Z</time>
      </trkpt>
      <trkpt lat="42.972512" lon="-1.999360">
        <ele>1112.449</ele>
        <time>2021-11-20T10:02:41Z</time>
      </trkpt>
      <trkpt lat="42.972555" lon="-1.999383">
        <ele>1112.872</ele>
        <time>2021-11-20T10:02:49Z</time>
      </trkpt>
      <trkpt lat="42.972602" lon="-1.999419">
        <ele>1113.243</ele>
        <time>2021-11-20T10:02:56Z</time>
      </trkpt>
      <trkpt lat="42.972632" lon="-1.999470">
        <ele>1113.527</ele>
        <time>2021-11-20T10:03:00Z</time>
      </trkpt>
      <trkpt lat="42.972665" lon="-1.999518">
        <ele>1114.153</ele>
        <time>2021-11-20T10:03:04Z</time>
      </trkpt>
      <trkpt lat="42.972661" lon="-1.999581">
        <ele>1114.467</ele>
        <time>2021-11-20T10:03:10Z</time>
      </trkpt>
      <trkpt lat="42.972696" lon="-1.999628">
        <ele>1115.381</ele>
        <time>2021-11-20T10:03:16Z</time>
      </trkpt>
      <trkpt lat="42.972721" lon="-1.999684">
        <ele>1116.319</ele>
        <time>2021-11-20T10:03:21Z</time>
      </trkpt>
      <trkpt lat="42.972704" lon="-1.999747">
        <ele>1116.108</ele>
        <time>2021-11-20T10:03:28Z</time>
      </trkpt>
      <trkpt lat="42.972679" lon="-1.999799">
        <ele>1115.584</ele>
        <time>2021-11-20T10:03:35Z</time>
      </trkpt>
      <trkpt lat="42.972699" lon="-1.999856">
        <ele>1116.015</ele>
        <time>2021-11-20T10:03:40Z</time>
      </trkpt>
      <trkpt lat="42.972724" lon="-1.999909">
        <ele>1116.618</ele>
        <time>2021-11-20T10:03:44Z</time>
      </trkpt>
      <trkpt lat="42.972760" lon="-1.999947">
        <ele>1117.693</ele>
        <time>2021-11-20T10:03:49Z</time>
      </trkpt>
      <trkpt lat="42.972787" lon="-2.000002">
        <ele>1118.166</ele>
        <time>2021-11-20T10:03:55Z</time>
      </trkpt>
      <trkpt lat="42.972826" lon="-2.000036">
        <ele>1118.287</ele>
        <time>2021-11-20T10:04:02Z</time>
      </trkpt>
      <trkpt lat="42.972876" lon="-2.000051">
        <ele>1118.521</ele>
        <time>2021-11-20T10:04:07Z</time>
      </trkpt>
      <trkpt lat="42.972923" lon="-2.000075">
        <ele>1118.837</ele>
        <time>2021-11-20T10:04:12Z</time>
      </trkpt>
      <trkpt lat="42.972964" lon="-2.000116">
        <ele>1118.944</ele>
        <time>2021-11-20T10:04:18Z</time>
      </trkpt>
      <trkpt lat="42.973002" lon="-2.000151">
        <ele>1119.105</ele>
        <time>2021-11-20T10:04:23Z</time>
      </trkpt>
      <trkpt lat="42.973052" lon="-2.000153">
        <ele>1119.415</ele>
        <time>2021-11-20T10:04:28Z</time>
      </trkpt>
      <trkpt lat="42.973106" lon="-2.000164">
        <ele>1119.908</ele>
        <time>2021-11-20T10:04:33Z</time>
      </trkpt>
      <trkpt lat="42.973148" lon="-2.000192">
        <ele>1120.222</ele>
        <time>2021-11-20T10:04:37Z</time>
      </trkpt>
      <trkpt lat="42.973187" lon="-2.000232">
        <ele>1120.323</ele>
        <time>2021-11-20T10:04:41Z</time>
      </trkpt>
      <trkpt lat="42.973219" lon="-2.000277">
        <ele>1120.246</ele>
        <time>2021-11-20T10:04:44Z</time>
      </trkpt>
      <trkpt lat="42.973255" lon="-2.000316">
        <ele>1120.091</ele>
        <time>2021-11-20T10:04:49Z</time>
      </trkpt>
      <trkpt lat="42.973308" lon="-2.000338">
        <ele>1120.124</ele>
        <time>2021-11-20T10:04:53Z</time>
      </trkpt>
      <trkpt lat="42.973347" lon="-2.000381">
        <ele>1120.195</ele>
        <time>2021-11-20T10:04:58Z</time>
      </trkpt>
      <trkpt lat="42.973386" lon="-2.000429">
        <ele>1120.379</ele>
        <time>2021-11-20T10:05:03Z</time>
      </trkpt>
      <trkpt lat="42.973426" lon="-2.000468">
        <ele>1120.595</ele>
        <time>2021-11-20T10:05:08Z</time>
      </trkpt>
      <trkpt lat="42.973453" lon="-2.000520">
        <ele>1120.235</ele>
        <time>2021-11-20T10:05:13Z</time>
      </trkpt>
      <trkpt lat="42.973473" lon="-2.000581">
        <ele>1120.186</ele>
        <time>2021-11-20T10:05:18Z</time>
      </trkpt>
      <trkpt lat="42.973498" lon="-2.000633">
        <ele>1120.414</ele>
        <time>2021-11-20T10:05:25Z</time>
      </trkpt>
      <trkpt lat="42.973505" lon="-2.000695">
        <ele>1120.408</ele>
        <time>2021-11-20T10:05:36Z</time>
      </trkpt>
      <trkpt lat="42.973458" lon="-2.000732">
        <ele>1120.361</ele>
        <time>2021-11-20T10:05:43Z</time>
      </trkpt>
      <trkpt lat="42.973468" lon="-2.000792">
        <ele>1120.462</ele>
        <time>2021-11-20T10:05:47Z</time>
      </trkpt>
      <trkpt lat="42.973498" lon="-2.000847">
        <ele>1120.545</ele>
        <time>2021-11-20T10:05:50Z</time>
      </trkpt>
      <trkpt lat="42.973515" lon="-2.000916">
        <ele>1120.670</ele>
        <time>2021-11-20T10:05:53Z</time>
      </trkpt>
      <trkpt lat="42.973535" lon="-2.000978">
        <ele>1120.813</ele>
        <time>2021-11-20T10:05:58Z</time>
      </trkpt>
      <trkpt lat="42.973571" lon="-2.001025">
        <ele>1120.894</ele>
        <time>2021-11-20T10:06:04Z</time>
      </trkpt>
      <trkpt lat="42.973584" lon="-2.001091">
        <ele>1121.018</ele>
        <time>2021-11-20T10:06:11Z</time>
      </trkpt>
      <trkpt lat="42.973613" lon="-2.001158">
        <ele>1121.434</ele>
        <time>2021-11-20T10:06:16Z</time>
      </trkpt>
      <trkpt lat="42.973649" lon="-2.001203">
        <ele>1122.059</ele>
        <time>2021-11-20T10:06:20Z</time>
      </trkpt>
      <trkpt lat="42.973693" lon="-2.001225">
        <ele>1122.703</ele>
        <time>2021-11-20T10:06:23Z</time>
      </trkpt>
      <trkpt lat="42.973738" lon="-2.001224">
        <ele>1123.123</ele>
        <time>2021-11-20T10:06:27Z</time>
      </trkpt>
      <trkpt lat="42.973784" lon="-2.001232">
        <ele>1123.708</ele>
        <time>2021-11-20T10:06:32Z</time>
      </trkpt>
      <trkpt lat="42.973829" lon="-2.001217">
        <ele>1123.953</ele>
        <time>2021-11-20T10:06:36Z</time>
      </trkpt>
      <trkpt lat="42.973876" lon="-2.001215">
        <ele>1124.414</ele>
        <time>2021-11-20T10:06:41Z</time>
      </trkpt>
      <trkpt lat="42.973915" lon="-2.001183">
        <ele>1124.717</ele>
        <time>2021-11-20T10:06:44Z</time>
      </trkpt>
      <trkpt lat="42.973959" lon="-2.001150">
        <ele>1125.472</ele>
        <time>2021-11-20T10:06:55Z</time>
      </trkpt>
      <trkpt lat="42.974001" lon="-2.001121">
        <ele>1126.045</ele>
        <time>2021-11-20T10:06:59Z</time>
      </trkpt>
      <trkpt lat="42.974045" lon="-2.001090">
        <ele>1126.826</ele>
        <time>2021-11-20T10:07:05Z</time>
      </trkpt>
      <trkpt lat="42.974086" lon="-2.001048">
        <ele>1127.690</ele>
        <time>2021-11-20T10:07:11Z</time>
      </trkpt>
      <trkpt lat="42.974131" lon="-2.001024">
        <ele>1128.776</ele>
        <time>2021-11-20T10:07:25Z</time>
      </trkpt>
      <trkpt lat="42.974167" lon="-2.000982">
        <ele>1129.682</ele>
        <time>2021-11-20T10:07:29Z</time>
      </trkpt>
      <trkpt lat="42.974195" lon="-2.000922">
        <ele>1130.843</ele>
        <time>2021-11-20T10:07:32Z</time>
      </trkpt>
      <trkpt lat="42.974204" lon="-2.000862">
        <ele>1131.117</ele>
        <time>2021-11-20T10:07:36Z</time>
      </trkpt>
      <trkpt lat="42.974208" lon="-2.000790">
        <ele>1131.108</ele>
        <time>2021-11-20T10:07:42Z</time>
      </trkpt>
      <trkpt lat="42.974235" lon="-2.000730">
        <ele>1132.526</ele>
        <time>2021-11-20T10:07:48Z</time>
      </trkpt>
      <trkpt lat="42.974253" lon="-2.000669">
        <ele>1133.427</ele>
        <time>2021-11-20T10:07:54Z</time>
      </trkpt>
      <trkpt lat="42.974259" lon="-2.000604">
        <ele>1133.730</ele>
        <time>2021-11-20T10:08:01Z</time>
      </trkpt>
      <trkpt lat="42.974273" lon="-2.000545">
        <ele>1134.565</ele>
        <time>2021-11-20T10:08:11Z</time>
      </trkpt>
      <trkpt lat="42.974306" lon="-2.000502">
        <ele>1136.318</ele>
        <time>2021-11-20T10:08:19Z</time>
      </trkpt>
      <trkpt lat="42.974311" lon="-2.000438">
        <ele>1136.379</ele>
        <time>2021-11-20T10:08:23Z</time>
      </trkpt>
      <trkpt lat="42.974314" lon="-2.000366">
        <ele>1136.163</ele>
        <time>2021-11-20T10:08:26Z</time>
      </trkpt>
      <trkpt lat="42.974317" lon="-2.000301">
        <ele>1135.889</ele>
        <time>2021-11-20T10:08:30Z</time>
      </trkpt>
      <trkpt lat="42.974317" lon="-2.000239">
        <ele>1136.192</ele>
        <time>2021-11-20T10:08:34Z</time>
      </trkpt>
      <trkpt lat="42.974309" lon="-2.000171">
        <ele>1136.873</ele>
        <time>2021-11-20T10:08:39Z</time>
      </trkpt>
      <trkpt lat="42.974331" lon="-2.000116">
        <ele>1137.320</ele>
        <time>2021-11-20T10:08:47Z</time>
      </trkpt>
      <trkpt lat="42.974377" lon="-2.000122">
        <ele>1136.908</ele>
        <time>2021-11-20T10:08:55Z</time>
      </trkpt>
      <trkpt lat="42.974400" lon="-2.000061">
        <ele>1136.597</ele>
        <time>2021-11-20T10:09:07Z</time>
      </trkpt>
      <trkpt lat="42.974405" lon="-1.999984">
        <ele>1135.498</ele>
        <time>2021-11-20T10:09:12Z</time>
      </trkpt>
      <trkpt lat="42.974418" lon="-1.999920">
        <ele>1135.051</ele>
        <time>2021-11-20T10:09:15Z</time>
      </trkpt>
      <trkpt lat="42.974440" lon="-1.999861">
        <ele>1134.246</ele>
        <time>2021-11-20T10:09:20Z</time>
      </trkpt>
      <trkpt lat="42.974470" lon="-1.999813">
        <ele>1134.329</ele>
        <time>2021-11-20T10:09:28Z</time>
      </trkpt>
      <trkpt lat="42.974523" lon="-1.999801">
        <ele>1135.090</ele>
        <time>2021-11-20T10:09:35Z</time>
      </trkpt>
      <trkpt lat="42.974570" lon="-1.999806">
        <ele>1135.664</ele>
        <time>2021-11-20T10:09:51Z</time>
      </trkpt>
      <trkpt lat="42.974611" lon="-1.999769">
        <ele>1135.780</ele>
        <time>2021-11-20T10:09:55Z</time>
      </trkpt>
      <trkpt lat="42.974650" lon="-1.999738">
        <ele>1135.778</ele>
        <time>2021-11-20T10:09:58Z</time>
      </trkpt>
      <trkpt lat="42.974691" lon="-1.999709">
        <ele>1135.733</ele>
        <time>2021-11-20T10:10:02Z</time>
      </trkpt>
      <trkpt lat="42.974733" lon="-1.999673">
        <ele>1136.026</ele>
        <time>2021-11-20T10:10:06Z</time>
      </trkpt>
      <trkpt lat="42.974768" lon="-1.999625">
        <ele>1136.408</ele>
        <time>2021-11-20T10:10:10Z</time>
      </trkpt>
      <trkpt lat="42.974793" lon="-1.999568">
        <ele>1136.455</ele>
        <time>2021-11-20T10:10:15Z</time>
      </trkpt>
      <trkpt lat="42.974819" lon="-1.999517">
        <ele>1136.566</ele>
        <time>2021-11-20T10:10:19Z</time>
      </trkpt>
      <trkpt lat="42.974851" lon="-1.999464">
        <ele>1136.599</ele>
        <time>2021-11-20T10:10:24Z</time>
      </trkpt>
      <trkpt lat="42.974886" lon="-1.999421">
        <ele>1136.784</ele>
        <time>2021-11-20T10:10:28Z</time>
      </trkpt>
      <trkpt lat="42.974924" lon="-1.999389">
        <ele>1137.057</ele>
        <time>2021-11-20T10:10:32Z</time>
      </trkpt>
      <trkpt lat="42.974968" lon="-1.999378">
        <ele>1137.318</ele>
        <time>2021-11-20T10:10:36Z</time>
      </trkpt>
      <trkpt lat="42.975016" lon="-1.999355">
        <ele>1137.622</ele>
        <time>2021-11-20T10:10:40Z</time>
      </trkpt>
      <trkpt lat="42.975062" lon="-1.999364">
        <ele>1138.518</ele>
        <time>2021-11-20T10:10:45Z</time>
      </trkpt>
      <trkpt lat="42.975102" lon="-1.999330">
        <ele>1138.988</ele>
        <time>2021-11-20T10:10:49Z</time>
      </trkpt>
      <trkpt lat="42.975121" lon="-1.999268">
        <ele>1138.624</ele>
        <time>2021-11-20T10:10:53Z</time>
      </trkpt>
      <trkpt lat="42.975145" lon="-1.999208">
        <ele>1138.526</ele>
        <time>2021-11-20T10:10:58Z</time>
      </trkpt>
      <trkpt lat="42.975190" lon="-1.999173">
        <ele>1138.808</ele>
        <time>2021-11-20T10:11:04Z</time>
      </trkpt>
      <trkpt lat="42.975162" lon="-1.999125">
        <ele>1138.146</ele>
        <time>2021-11-20T10:11:10Z</time>
      </trkpt>
      <trkpt lat="42.975124" lon="-1.999077">
        <ele>1137.437</ele>
        <time>2021-11-20T10:11:15Z</time>
      </trkpt>
      <trkpt lat="42.975074" lon="-1.999051">
        <ele>1136.740</ele>
        <time>2021-11-20T10:11:18Z</time>
      </trkpt>
      <trkpt lat="42.975048" lon="-1.999001">
        <ele>1136.415</ele>
        <time>2021-11-20T10:11:23Z</time>
      </trkpt>
      <trkpt lat="42.975028" lon="-1.998946">
        <ele>1136.238</ele>
        <time>2021-11-20T10:11:30Z</time>
      </trkpt>
      <trkpt lat="42.974984" lon="-1.998923">
        <ele>1136.449</ele>
        <time>2021-11-20T10:11:34Z</time>
      </trkpt>
      <trkpt lat="42.974997" lon="-1.998861">
        <ele>1136.533</ele>
        <time>2021-11-20T10:11:38Z</time>
      </trkpt>
      <trkpt lat="42.975042" lon="-1.998837">
        <ele>1136.919</ele>
        <time>2021-11-20T10:11:40Z</time>
      </trkpt>
      <trkpt lat="42.975089" lon="-1.998838">
        <ele>1137.164</ele>
        <time>2021-11-20T10:11:42Z</time>
      </trkpt>
      <trkpt lat="42.975140" lon="-1.998824">
        <ele>1137.406</ele>
        <time>2021-11-20T10:11:46Z</time>
      </trkpt>
      <trkpt lat="42.975183" lon="-1.998793">
        <ele>1138.016</ele>
        <time>2021-11-20T10:11:50Z</time>
      </trkpt>
      <trkpt lat="42.975222" lon="-1.998759">
        <ele>1138.708</ele>
        <time>2021-11-20T10:11:54Z</time>
      </trkpt>
      <trkpt lat="42.975255" lon="-1.998711">
        <ele>1139.524</ele>
        <time>2021-11-20T10:11:58Z</time>
      </trkpt>
      <trkpt lat="42.975280" lon="-1.998653">
        <ele>1140.445</ele>
        <time>2021-11-20T10:12:03Z</time>
      </trkpt>
      <trkpt lat="42.975309" lon="-1.998598">
        <ele>1141.558</ele>
        <time>2021-11-20T10:12:10Z</time>
      </trkpt>
      <trkpt lat="42.975335" lon="-1.998545">
        <ele>1142.653</ele>
        <time>2021-11-20T10:12:17Z</time>
      </trkpt>
      <trkpt lat="42.975379" lon="-1.998521">
        <ele>1143.576</ele>
        <time>2021-11-20T10:12:23Z</time>
      </trkpt>
      <trkpt lat="42.975420" lon="-1.998483">
        <ele>1144.647</ele>
        <time>2021-11-20T10:12:28Z</time>
      </trkpt>
      <trkpt lat="42.975449" lon="-1.998433">
        <ele>1145.881</ele>
        <time>2021-11-20T10:12:34Z</time>
      </trkpt>
      <trkpt lat="42.975496" lon="-1.998443">
        <ele>1146.367</ele>
        <time>2021-11-20T10:12:40Z</time>
      </trkpt>
      <trkpt lat="42.975543" lon="-1.998424">
        <ele>1147.297</ele>
        <time>2021-11-20T10:12:45Z</time>
      </trkpt>
      <trkpt lat="42.975580" lon="-1.998382">
        <ele>1148.523</ele>
        <time>2021-11-20T10:12:52Z</time>
      </trkpt>
      <trkpt lat="42.975618" lon="-1.998345">
        <ele>1149.725</ele>
        <time>2021-11-20T10:12:57Z</time>
      </trkpt>
      <trkpt lat="42.975661" lon="-1.998322">
        <ele>1150.708</ele>
        <time>2021-11-20T10:13:02Z</time>
      </trkpt>
      <trkpt lat="42.975705" lon="-1.998294">
        <ele>1151.987</ele>
        <time>2021-11-20T10:13:09Z</time>
      </trkpt>
      <trkpt lat="42.975717" lon="-1.998230">
        <ele>1153.418</ele>
        <time>2021-11-20T10:13:37Z</time>
      </trkpt>
      <trkpt lat="42.975749" lon="-1.998179">
        <ele>1155.031</ele>
        <time>2021-11-20T10:13:41Z</time>
      </trkpt>
      <trkpt lat="42.975792" lon="-1.998151">
        <ele>1156.226</ele>
        <time>2021-11-20T10:13:48Z</time>
      </trkpt>
      <trkpt lat="42.975839" lon="-1.998135">
        <ele>1157.439</ele>
        <time>2021-11-20T10:13:56Z</time>
      </trkpt>
      <trkpt lat="42.975884" lon="-1.998122">
        <ele>1158.310</ele>
        <time>2021-11-20T10:14:01Z</time>
      </trkpt>
      <trkpt lat="42.975926" lon="-1.998091">
        <ele>1159.534</ele>
        <time>2021-11-20T10:14:08Z</time>
      </trkpt>
      <trkpt lat="42.975954" lon="-1.998043">
        <ele>1161.160</ele>
        <time>2021-11-20T10:14:19Z</time>
      </trkpt>
      <trkpt lat="42.975993" lon="-1.998007">
        <ele>1162.659</ele>
        <time>2021-11-20T10:14:24Z</time>
      </trkpt>
      <trkpt lat="42.976033" lon="-1.997975">
        <ele>1164.103</ele>
        <time>2021-11-20T10:14:32Z</time>
      </trkpt>
      <trkpt lat="42.976066" lon="-1.997925">
        <ele>1166.023</ele>
        <time>2021-11-20T10:14:39Z</time>
      </trkpt>
      <trkpt lat="42.976100" lon="-1.997880">
        <ele>1167.908</ele>
        <time>2021-11-20T10:14:44Z</time>
      </trkpt>
      <trkpt lat="42.976145" lon="-1.997874">
        <ele>1168.643</ele>
        <time>2021-11-20T10:14:50Z</time>
      </trkpt>
      <trkpt lat="42.976191" lon="-1.997859">
        <ele>1169.684</ele>
        <time>2021-11-20T10:14:59Z</time>
      </trkpt>
      <trkpt lat="42.976234" lon="-1.997841">
        <ele>1170.617</ele>
        <time>2021-11-20T10:15:10Z</time>
      </trkpt>
      <trkpt lat="42.976248" lon="-1.997778">
        <ele>1172.532</ele>
        <time>2021-11-20T10:15:47Z</time>
      </trkpt>
      <trkpt lat="42.976282" lon="-1.997729">
        <ele>1174.395</ele>
        <time>2021-11-20T10:15:52Z</time>
      </trkpt>
      <trkpt lat="42.976316" lon="-1.997683">
        <ele>1176.066</ele>
        <time>2021-11-20T10:15:58Z</time>
      </trkpt>
      <trkpt lat="42.976360" lon="-1.997653">
        <ele>1177.380</ele>
        <time>2021-11-20T10:16:05Z</time>
      </trkpt>
      <trkpt lat="42.976407" lon="-1.997645">
        <ele>1177.986</ele>
        <time>2021-11-20T10:16:12Z</time>
      </trkpt>
      <trkpt lat="42.976452" lon="-1.997630">
        <ele>1178.682</ele>
        <time>2021-11-20T10:16:17Z</time>
      </trkpt>
      <trkpt lat="42.976505" lon="-1.997617">
        <ele>1179.243</ele>
        <time>2021-11-20T10:16:23Z</time>
      </trkpt>
      <trkpt lat="42.976548" lon="-1.997589">
        <ele>1180.217</ele>
        <time>2021-11-20T10:16:29Z</time>
      </trkpt>
      <trkpt lat="42.976582" lon="-1.997546">
        <ele>1181.508</ele>
        <time>2021-11-20T10:16:35Z</time>
      </trkpt>
      <trkpt lat="42.976622" lon="-1.997513">
        <ele>1182.596</ele>
        <time>2021-11-20T10:16:41Z</time>
      </trkpt>
      <trkpt lat="42.976667" lon="-1.997485">
        <ele>1183.567</ele>
        <time>2021-11-20T10:16:47Z</time>
      </trkpt>
      <trkpt lat="42.976699" lon="-1.997436">
        <ele>1184.880</ele>
        <time>2021-11-20T10:16:52Z</time>
      </trkpt>
      <trkpt lat="42.976740" lon="-1.997403">
        <ele>1185.525</ele>
        <time>2021-11-20T10:16:57Z</time>
      </trkpt>
      <trkpt lat="42.976779" lon="-1.997366">
        <ele>1186.318</ele>
        <time>2021-11-20T10:17:04Z</time>
      </trkpt>
      <trkpt lat="42.976792" lon="-1.997305">
        <ele>1188.179</ele>
        <time>2021-11-20T10:17:10Z</time>
      </trkpt>
      <trkpt lat="42.976820" lon="-1.997250">
        <ele>1189.533</ele>
        <time>2021-11-20T10:17:15Z</time>
      </trkpt>
      <trkpt lat="42.976859" lon="-1.997207">
        <ele>1190.249</ele>
        <time>2021-11-20T10:17:22Z</time>
      </trkpt>
      <trkpt lat="42.976902" lon="-1.997182">
        <ele>1190.491</ele>
        <time>2021-11-20T10:17:40Z</time>
      </trkpt>
      <trkpt lat="42.976934" lon="-1.997135">
        <ele>1191.381</ele>
        <time>2021-11-20T10:17:45Z</time>
      </trkpt>
      <trkpt lat="42.976956" lon="-1.997077">
        <ele>1192.719</ele>
        <time>2021-11-20T10:17:51Z</time>
      </trkpt>
      <trkpt lat="42.976942" lon="-1.997010">
        <ele>1194.308</ele>
        <time>2021-11-20T10:17:56Z</time>
      </trkpt>
      <trkpt lat="42.976940" lon="-1.996937">
        <ele>1196.147</ele>
        <time>2021-11-20T10:18:03Z</time>
      </trkpt>
      <trkpt lat="42.976951" lon="-1.996876">
        <ele>1196.878</ele>
        <time>2021-11-20T10:18:09Z</time>
      </trkpt>
      <trkpt lat="42.976974" lon="-1.996823">
        <ele>1197.561</ele>
        <time>2021-11-20T10:18:14Z</time>
      </trkpt>
      <trkpt lat="42.977016" lon="-1.996799">
        <ele>1198.136</ele>
        <time>2021-11-20T10:18:20Z</time>
      </trkpt>
      <trkpt lat="42.976994" lon="-1.996739">
        <ele>1198.719</ele>
        <time>2021-11-20T10:19:04Z</time>
      </trkpt>
      <trkpt lat="42.976975" lon="-1.996676">
        <ele>1199.360</ele>
        <time>2021-11-20T10:19:07Z</time>
      </trkpt>
      <trkpt lat="42.976944" lon="-1.996628">
        <ele>1199.124</ele>
        <time>2021-11-20T10:19:11Z</time>
      </trkpt>
      <trkpt lat="42.976944" lon="-1.996564">
        <ele>1199.470</ele>
        <time>2021-11-20T10:19:16Z</time>
      </trkpt>
      <trkpt lat="42.976982" lon="-1.996522">
        <ele>1200.336</ele>
        <time>2021-11-20T10:19:22Z</time>
      </trkpt>
      <trkpt lat="42.977028" lon="-1.996527">
        <ele>1201.317</ele>
        <time>2021-11-20T10:19:37Z</time>
      </trkpt>
      <trkpt lat="42.977077" lon="-1.996517">
        <ele>1202.518</ele>
        <time>2021-11-20T10:19:41Z</time>
      </trkpt>
      <trkpt lat="42.977124" lon="-1.996506">
        <ele>1203.708</ele>
        <time>2021-11-20T10:19:44Z</time>
      </trkpt>
      <trkpt lat="42.977170" lon="-1.996510">
        <ele>1204.651</ele>
        <time>2021-11-20T10:19:49Z</time>
      </trkpt>
      <trkpt lat="42.977215" lon="-1.996519">
        <ele>1205.542</ele>
        <time>2021-11-20T10:19:54Z</time>
      </trkpt>
      <trkpt lat="42.977245" lon="-1.996472">
        <ele>1206.885</ele>
        <time>2021-11-20T10:20:00Z</time>
      </trkpt>
      <trkpt lat="42.977264" lon="-1.996414">
        <ele>1208.220</ele>
        <time>2021-11-20T10:20:05Z</time>
      </trkpt>
      <trkpt lat="42.977280" lon="-1.996355">
        <ele>1209.733</ele>
        <time>2021-11-20T10:20:10Z</time>
      </trkpt>
      <trkpt lat="42.977322" lon="-1.996311">
        <ele>1211.524</ele>
        <time>2021-11-20T10:20:19Z</time>
      </trkpt>
      <trkpt lat="42.977354" lon="-1.996266">
        <ele>1213.278</ele>
        <time>2021-11-20T10:20:24Z</time>
      </trkpt>
      <trkpt lat="42.977323" lon="-1.996214">
        <ele>1213.624</ele>
        <time>2021-11-20T10:20:30Z</time>
      </trkpt>
      <trkpt lat="42.977351" lon="-1.996164">
        <ele>1215.552</ele>
        <time>2021-11-20T10:20:37Z</time>
      </trkpt>
      <trkpt lat="42.977396" lon="-1.996134">
        <ele>1217.453</ele>
        <time>2021-11-20T10:20:44Z</time>
      </trkpt>
      <trkpt lat="42.977436" lon="-1.996100">
        <ele>1219.408</ele>
        <time>2021-11-20T10:20:51Z</time>
      </trkpt>
      <trkpt lat="42.977453" lon="-1.996043">
        <ele>1221.308</ele>
        <time>2021-11-20T10:20:57Z</time>
      </trkpt>
      <trkpt lat="42.977495" lon="-1.996017">
        <ele>1223.253</ele>
        <time>2021-11-20T10:21:04Z</time>
      </trkpt>
      <trkpt lat="42.977535" lon="-1.995986">
        <ele>1224.594</ele>
        <time>2021-11-20T10:21:14Z</time>
      </trkpt>
      <trkpt lat="42.977561" lon="-1.995935">
        <ele>1226.227</ele>
        <time>2021-11-20T10:21:22Z</time>
      </trkpt>
      <trkpt lat="42.977606" lon="-1.995912">
        <ele>1227.372</ele>
        <time>2021-11-20T10:21:30Z</time>
      </trkpt>
      <trkpt lat="42.977648" lon="-1.995872">
        <ele>1229.095</ele>
        <time>2021-11-20T10:22:25Z</time>
      </trkpt>
      <trkpt lat="42.977686" lon="-1.995828">
        <ele>1230.896</ele>
        <time>2021-11-20T10:22:29Z</time>
      </trkpt>
      <trkpt lat="42.977731" lon="-1.995812">
        <ele>1231.950</ele>
        <time>2021-11-20T10:22:33Z</time>
      </trkpt>
      <trkpt lat="42.977779" lon="-1.995804">
        <ele>1232.816</ele>
        <time>2021-11-20T10:22:38Z</time>
      </trkpt>
      <trkpt lat="42.977815" lon="-1.995765">
        <ele>1234.078</ele>
        <time>2021-11-20T10:22:44Z</time>
      </trkpt>
      <trkpt lat="42.977858" lon="-1.995749">
        <ele>1234.433</ele>
        <time>2021-11-20T10:22:52Z</time>
      </trkpt>
      <trkpt lat="42.977892" lon="-1.995707">
        <ele>1235.626</ele>
        <time>2021-11-20T10:22:57Z</time>
      </trkpt>
      <trkpt lat="42.977925" lon="-1.995654">
        <ele>1237.208</ele>
        <time>2021-11-20T10:23:03Z</time>
      </trkpt>
      <trkpt lat="42.977969" lon="-1.995627">
        <ele>1237.945</ele>
        <time>2021-11-20T10:23:08Z</time>
      </trkpt>
      <trkpt lat="42.977991" lon="-1.995572">
        <ele>1239.526</ele>
        <time>2021-11-20T10:23:15Z</time>
      </trkpt>
      <trkpt lat="42.977996" lon="-1.995505">
        <ele>1241.469</ele>
        <time>2021-11-20T10:23:41Z</time>
      </trkpt>
      <trkpt lat="42.978014" lon="-1.995448">
        <ele>1243.084</ele>
        <time>2021-11-20T10:23:45Z</time>
      </trkpt>
      <trkpt lat="42.978048" lon="-1.995406">
        <ele>1244.377</ele>
        <time>2021-11-20T10:23:49Z</time>
      </trkpt>
      <trkpt lat="42.978087" lon="-1.995371">
        <ele>1245.168</ele>
        <time>2021-11-20T10:23:56Z</time>
      </trkpt>
      <trkpt lat="42.978107" lon="-1.995312">
        <ele>1246.682</ele>
        <time>2021-11-20T10:24:03Z</time>
      </trkpt>
      <trkpt lat="42.978154" lon="-1.995277">
        <ele>1247.348</ele>
        <time>2021-11-20T10:24:10Z</time>
      </trkpt>
      <trkpt lat="42.978184" lon="-1.995229">
        <ele>1248.669</ele>
        <time>2021-11-20T10:24:17Z</time>
      </trkpt>
      <trkpt lat="42.978204" lon="-1.995167">
        <ele>1250.304</ele>
        <time>2021-11-20T10:24:23Z</time>
      </trkpt>
      <trkpt lat="42.978224" lon="-1.995108">
        <ele>1251.924</ele>
        <time>2021-11-20T10:24:29Z</time>
      </trkpt>
      <trkpt lat="42.978250" lon="-1.995053">
        <ele>1253.308</ele>
        <time>2021-11-20T10:24:35Z</time>
      </trkpt>
      <trkpt lat="42.978259" lon="-1.994991">
        <ele>1255.084</ele>
        <time>2021-11-20T10:24:41Z</time>
      </trkpt>
      <trkpt lat="42.978297" lon="-1.994951">
        <ele>1255.695</ele>
        <time>2021-11-20T10:24:51Z</time>
      </trkpt>
      <trkpt lat="42.978328" lon="-1.994895">
        <ele>1256.748</ele>
        <time>2021-11-20T10:24:59Z</time>
      </trkpt>
      <trkpt lat="42.978358" lon="-1.994837">
        <ele>1257.853</ele>
        <time>2021-11-20T10:25:20Z</time>
      </trkpt>
      <trkpt lat="42.978390" lon="-1.994790">
        <ele>1258.666</ele>
        <time>2021-11-20T10:25:24Z</time>
      </trkpt>
      <trkpt lat="42.978424" lon="-1.994750">
        <ele>1259.367</ele>
        <time>2021-11-20T10:25:28Z</time>
      </trkpt>
      <trkpt lat="42.978455" lon="-1.994697">
        <ele>1260.321</ele>
        <time>2021-11-20T10:25:32Z</time>
      </trkpt>
      <trkpt lat="42.978477" lon="-1.994641">
        <ele>1261.587</ele>
        <time>2021-11-20T10:25:38Z</time>
      </trkpt>
      <trkpt lat="42.978509" lon="-1.994592">
        <ele>1262.377</ele>
        <time>2021-11-20T10:25:43Z</time>
      </trkpt>
      <trkpt lat="42.978533" lon="-1.994536">
        <ele>1263.261</ele>
        <time>2021-11-20T10:25:49Z</time>
      </trkpt>
      <trkpt lat="42.978555" lon="-1.994479">
        <ele>1264.227</ele>
        <time>2021-11-20T10:25:54Z</time>
      </trkpt>
      <trkpt lat="42.978578" lon="-1.994425">
        <ele>1265.008</ele>
        <time>2021-11-20T10:25:59Z</time>
      </trkpt>
      <trkpt lat="42.978611" lon="-1.994375">
        <ele>1265.595</ele>
        <time>2021-11-20T10:26:04Z</time>
      </trkpt>
      <trkpt lat="42.978645" lon="-1.994327">
        <ele>1265.686</ele>
        <time>2021-11-20T10:26:09Z</time>
      </trkpt>
      <trkpt lat="42.978669" lon="-1.994270">
        <ele>1266.259</ele>
        <time>2021-11-20T10:26:14Z</time>
      </trkpt>
      <trkpt lat="42.978684" lon="-1.994208">
        <ele>1267.044</ele>
        <time>2021-11-20T10:26:19Z</time>
      </trkpt>
      <trkpt lat="42.978699" lon="-1.994146">
        <ele>1267.637</ele>
        <time>2021-11-20T10:26:24Z</time>
      </trkpt>
      <trkpt lat="42.978692" lon="-1.994082">
        <ele>1268.248</ele>
        <time>2021-11-20T10:26:28Z</time>
      </trkpt>
      <trkpt lat="42.978693" lon="-1.994018">
        <ele>1268.752</ele>
        <time>2021-11-20T10:26:32Z</time>
      </trkpt>
      <trkpt lat="42.978698" lon="-1.993954">
        <ele>1269.088</ele>
        <time>2021-11-20T10:26:36Z</time>
      </trkpt>
      <trkpt lat="42.978727" lon="-1.993903">
        <ele>1268.895</ele>
        <time>2021-11-20T10:26:42Z</time>
      </trkpt>
      <trkpt lat="42.978741" lon="-1.993840">
        <ele>1268.849</ele>
        <time>2021-11-20T10:26:52Z</time>
      </trkpt>
      <trkpt lat="42.978760" lon="-1.993769">
        <ele>1268.823</ele>
        <time>2021-11-20T10:26:57Z</time>
      </trkpt>
      <trkpt lat="42.978785" lon="-1.993712">
        <ele>1268.808</ele>
        <time>2021-11-20T10:27:00Z</time>
      </trkpt>
      <trkpt lat="42.978811" lon="-1.993654">
        <ele>1269.037</ele>
        <time>2021-11-20T10:27:04Z</time>
      </trkpt>
      <trkpt lat="42.978827" lon="-1.993591">
        <ele>1269.378</ele>
        <time>2021-11-20T10:27:08Z</time>
      </trkpt>
      <trkpt lat="42.978844" lon="-1.993527">
        <ele>1269.551</ele>
        <time>2021-11-20T10:27:12Z</time>
      </trkpt>
      <trkpt lat="42.978852" lon="-1.993459">
        <ele>1269.966</ele>
        <time>2021-11-20T10:27:16Z</time>
      </trkpt>
      <trkpt lat="42.978860" lon="-1.993397">
        <ele>1270.299</ele>
        <time>2021-11-20T10:27:20Z</time>
      </trkpt>
      <trkpt lat="42.978878" lon="-1.993332">
        <ele>1270.860</ele>
        <time>2021-11-20T10:27:25Z</time>
      </trkpt>
      <trkpt lat="42.978891" lon="-1.993267">
        <ele>1271.244</ele>
        <time>2021-11-20T10:27:30Z</time>
      </trkpt>
      <trkpt lat="42.978892" lon="-1.993200">
        <ele>1271.450</ele>
        <time>2021-11-20T10:27:34Z</time>
      </trkpt>
      <trkpt lat="42.978895" lon="-1.993133">
        <ele>1271.693</ele>
        <time>2021-11-20T10:27:39Z</time>
      </trkpt>
      <trkpt lat="42.978909" lon="-1.993065">
        <ele>1271.565</ele>
        <time>2021-11-20T10:27:44Z</time>
      </trkpt>
      <trkpt lat="42.978918" lon="-1.993004">
        <ele>1271.521</ele>
        <time>2021-11-20T10:27:48Z</time>
      </trkpt>
      <trkpt lat="42.978913" lon="-1.992941">
        <ele>1271.808</ele>
        <time>2021-11-20T10:27:52Z</time>
      </trkpt>
      <trkpt lat="42.978913" lon="-1.992866">
        <ele>1272.147</ele>
        <time>2021-11-20T10:27:57Z</time>
      </trkpt>
      <trkpt lat="42.978911" lon="-1.992792">
        <ele>1272.578</ele>
        <time>2021-11-20T10:28:02Z</time>
      </trkpt>
      <trkpt lat="42.978908" lon="-1.992723">
        <ele>1272.821</ele>
        <time>2021-11-20T10:28:07Z</time>
      </trkpt>
      <trkpt lat="42.978911" lon="-1.992653">
        <ele>1272.946</ele>
        <time>2021-11-20T10:28:11Z</time>
      </trkpt>
      <trkpt lat="42.978921" lon="-1.992590">
        <ele>1272.989</ele>
        <time>2021-11-20T10:28:15Z</time>
      </trkpt>
      <trkpt lat="42.978924" lon="-1.992527">
        <ele>1273.010</ele>
        <time>2021-11-20T10:28:20Z</time>
      </trkpt>
      <trkpt lat="42.978931" lon="-1.992464">
        <ele>1272.984</ele>
        <time>2021-11-20T10:28:24Z</time>
      </trkpt>
      <trkpt lat="42.978933" lon="-1.992398">
        <ele>1272.840</ele>
        <time>2021-11-20T10:28:28Z</time>
      </trkpt>
      <trkpt lat="42.978932" lon="-1.992333">
        <ele>1272.789</ele>
        <time>2021-11-20T10:28:31Z</time>
      </trkpt>
      <trkpt lat="42.978933" lon="-1.992263">
        <ele>1272.606</ele>
        <time>2021-11-20T10:28:37Z</time>
      </trkpt>
      <trkpt lat="42.978920" lon="-1.992200">
        <ele>1272.926</ele>
        <time>2021-11-20T10:28:40Z</time>
      </trkpt>
      <trkpt lat="42.978919" lon="-1.992135">
        <ele>1272.708</ele>
        <time>2021-11-20T10:28:45Z</time>
      </trkpt>
      <trkpt lat="42.978915" lon="-1.992066">
        <ele>1272.586</ele>
        <time>2021-11-20T10:28:49Z</time>
      </trkpt>
      <trkpt lat="42.978910" lon="-1.992004">
        <ele>1272.577</ele>
        <time>2021-11-20T10:28:52Z</time>
      </trkpt>
      <trkpt lat="42.978901" lon="-1.991937">
        <ele>1272.510</ele>
        <time>2021-11-20T10:28:57Z</time>
      </trkpt>
      <trkpt lat="42.978892" lon="-1.991872">
        <ele>1272.165</ele>
        <time>2021-11-20T10:29:02Z</time>
      </trkpt>
      <trkpt lat="42.978882" lon="-1.991934">
        <ele>1272.828</ele>
        <time>2021-11-20T10:31:44Z</time>
      </trkpt>
      <trkpt lat="42.978903" lon="-1.991993">
        <ele>1272.749</ele>
        <time>2021-11-20T10:31:54Z</time>
      </trkpt>
      <trkpt lat="42.978949" lon="-1.991987">
        <ele>1271.053</ele>
        <time>2021-11-20T10:32:03Z</time>
      </trkpt>
      <trkpt lat="42.978992" lon="-1.992009">
        <ele>1269.649</ele>
        <time>2021-11-20T10:32:12Z</time>
      </trkpt>
      <trkpt lat="42.979032" lon="-1.992046">
        <ele>1268.466</ele>
        <time>2021-11-20T10:32:17Z</time>
      </trkpt>
      <trkpt lat="42.979072" lon="-1.992075">
        <ele>1267.229</ele>
        <time>2021-11-20T10:32:22Z</time>
      </trkpt>
      <trkpt lat="42.979120" lon="-1.992080">
        <ele>1265.621</ele>
        <time>2021-11-20T10:32:32Z</time>
      </trkpt>
      <trkpt lat="42.979166" lon="-1.992120">
        <ele>1264.308</ele>
        <time>2021-11-20T10:32:37Z</time>
      </trkpt>
      <trkpt lat="42.979208" lon="-1.992155">
        <ele>1262.734</ele>
        <time>2021-11-20T10:32:40Z</time>
      </trkpt>
      <trkpt lat="42.979251" lon="-1.992200">
        <ele>1261.255</ele>
        <time>2021-11-20T10:32:43Z</time>
      </trkpt>
      <trkpt lat="42.979291" lon="-1.992245">
        <ele>1259.798</ele>
        <time>2021-11-20T10:32:47Z</time>
      </trkpt>
      <trkpt lat="42.979338" lon="-1.992268">
        <ele>1257.723</ele>
        <time>2021-11-20T10:32:55Z</time>
      </trkpt>
      <trkpt lat="42.979377" lon="-1.992302">
        <ele>1256.136</ele>
        <time>2021-11-20T10:33:00Z</time>
      </trkpt>
      <trkpt lat="42.979388" lon="-1.992367">
        <ele>1255.747</ele>
        <time>2021-11-20T10:33:08Z</time>
      </trkpt>
      <trkpt lat="42.979401" lon="-1.992426">
        <ele>1255.131</ele>
        <time>2021-11-20T10:33:14Z</time>
      </trkpt>
      <trkpt lat="42.979419" lon="-1.992488">
        <ele>1254.387</ele>
        <time>2021-11-20T10:33:18Z</time>
      </trkpt>
      <trkpt lat="42.979437" lon="-1.992552">
        <ele>1253.491</ele>
        <time>2021-11-20T10:33:22Z</time>
      </trkpt>
      <trkpt lat="42.979467" lon="-1.992603">
        <ele>1252.281</ele>
        <time>2021-11-20T10:33:27Z</time>
      </trkpt>
      <trkpt lat="42.979504" lon="-1.992658">
        <ele>1250.919</ele>
        <time>2021-11-20T10:33:32Z</time>
      </trkpt>
      <trkpt lat="42.979535" lon="-1.992707">
        <ele>1249.708</ele>
        <time>2021-11-20T10:33:47Z</time>
      </trkpt>
      <trkpt lat="42.979559" lon="-1.992766">
        <ele>1248.977</ele>
        <time>2021-11-20T10:33:51Z</time>
      </trkpt>
      <trkpt lat="42.979592" lon="-1.992820">
        <ele>1247.518</ele>
        <time>2021-11-20T10:33:55Z</time>
      </trkpt>
      <trkpt lat="42.979576" lon="-1.992880">
        <ele>1247.961</ele>
        <time>2021-11-20T10:34:00Z</time>
      </trkpt>
      <trkpt lat="42.979541" lon="-1.992923">
        <ele>1249.086</ele>
        <time>2021-11-20T10:34:04Z</time>
      </trkpt>
      <trkpt lat="42.979547" lon="-1.992989">
        <ele>1248.569</ele>
        <time>2021-11-20T10:34:09Z</time>
      </trkpt>
      <trkpt lat="42.979567" lon="-1.993058">
        <ele>1247.690</ele>
        <time>2021-11-20T10:34:14Z</time>
      </trkpt>
      <trkpt lat="42.979595" lon="-1.993116">
        <ele>1246.374</ele>
        <time>2021-11-20T10:34:20Z</time>
      </trkpt>
      <trkpt lat="42.979637" lon="-1.993151">
        <ele>1244.650</ele>
        <time>2021-11-20T10:34:24Z</time>
      </trkpt>
      <trkpt lat="42.979663" lon="-1.993206">
        <ele>1243.539</ele>
        <time>2021-11-20T10:34:29Z</time>
      </trkpt>
      <trkpt lat="42.979663" lon="-1.993276">
        <ele>1243.201</ele>
        <time>2021-11-20T10:34:34Z</time>
      </trkpt>
      <trkpt lat="42.979670" lon="-1.993347">
        <ele>1242.621</ele>
        <time>2021-11-20T10:34:39Z</time>
      </trkpt>
      <trkpt lat="42.979683" lon="-1.993415">
        <ele>1242.008</ele>
        <time>2021-11-20T10:34:43Z</time>
      </trkpt>
      <trkpt lat="42.979709" lon="-1.993468">
        <ele>1240.921</ele>
        <time>2021-11-20T10:34:49Z</time>
      </trkpt>
      <trkpt lat="42.979711" lon="-1.993536">
        <ele>1240.682</ele>
        <time>2021-11-20T10:34:53Z</time>
      </trkpt>
      <trkpt lat="42.979693" lon="-1.993593">
        <ele>1241.015</ele>
        <time>2021-11-20T10:35:12Z</time>
      </trkpt>
      <trkpt lat="42.979690" lon="-1.993665">
        <ele>1240.720</ele>
        <time>2021-11-20T10:35:15Z</time>
      </trkpt>
      <trkpt lat="42.979703" lon="-1.993727">
        <ele>1239.843</ele>
        <time>2021-11-20T10:35:19Z</time>
      </trkpt>
      <trkpt lat="42.979709" lon="-1.993789">
        <ele>1239.114</ele>
        <time>2021-11-20T10:35:22Z</time>
      </trkpt>
      <trkpt lat="42.979719" lon="-1.993859">
        <ele>1238.328</ele>
        <time>2021-11-20T10:35:26Z</time>
      </trkpt>
      <trkpt lat="42.979711" lon="-1.993923">
        <ele>1238.274</ele>
        <time>2021-11-20T10:35:29Z</time>
      </trkpt>
      <trkpt lat="42.979682" lon="-1.993976">
        <ele>1238.959</ele>
        <time>2021-11-20T10:35:34Z</time>
      </trkpt>
      <trkpt lat="42.979673" lon="-1.994040">
        <ele>1239.003</ele>
        <time>2021-11-20T10:35:38Z</time>
      </trkpt>
      <trkpt lat="42.979703" lon="-1.994088">
        <ele>1237.923</ele>
        <time>2021-11-20T10:35:43Z</time>
      </trkpt>
      <trkpt lat="42.979696" lon="-1.994158">
        <ele>1237.808</ele>
        <time>2021-11-20T10:35:47Z</time>
      </trkpt>
      <trkpt lat="42.979710" lon="-1.994221">
        <ele>1237.163</ele>
        <time>2021-11-20T10:35:51Z</time>
      </trkpt>
      <trkpt lat="42.979735" lon="-1.994277">
        <ele>1236.224</ele>
        <time>2021-11-20T10:35:55Z</time>
      </trkpt>
      <trkpt lat="42.979769" lon="-1.994319">
        <ele>1235.017</ele>
        <time>2021-11-20T10:35:59Z</time>
      </trkpt>
      <trkpt lat="42.979807" lon="-1.994356">
        <ele>1233.842</ele>
        <time>2021-11-20T10:36:04Z</time>
      </trkpt>
      <trkpt lat="42.979815" lon="-1.994420">
        <ele>1233.615</ele>
        <time>2021-11-20T10:36:09Z</time>
      </trkpt>
      <trkpt lat="42.979825" lon="-1.994482">
        <ele>1233.156</ele>
        <time>2021-11-20T10:36:13Z</time>
      </trkpt>
      <trkpt lat="42.979861" lon="-1.994525">
        <ele>1231.910</ele>
        <time>2021-11-20T10:36:18Z</time>
      </trkpt>
      <trkpt lat="42.979877" lon="-1.994586">
        <ele>1231.126</ele>
        <time>2021-11-20T10:36:26Z</time>
      </trkpt>
      <trkpt lat="42.979918" lon="-1.994629">
        <ele>1230.028</ele>
        <time>2021-11-20T10:36:32Z</time>
      </trkpt>
      <trkpt lat="42.979960" lon="-1.994673">
        <ele>1228.989</ele>
        <time>2021-11-20T10:36:38Z</time>
      </trkpt>
      <trkpt lat="42.979985" lon="-1.994733">
        <ele>1228.217</ele>
        <time>2021-11-20T10:36:42Z</time>
      </trkpt>
      <trkpt lat="42.980030" lon="-1.994733">
        <ele>1227.108</ele>
        <time>2021-11-20T10:36:50Z</time>
      </trkpt>
      <trkpt lat="42.980078" lon="-1.994775">
        <ele>1225.540</ele>
        <time>2021-11-20T10:37:01Z</time>
      </trkpt>
      <trkpt lat="42.980123" lon="-1.994796">
        <ele>1224.221</ele>
        <time>2021-11-20T10:37:04Z</time>
      </trkpt>
      <trkpt lat="42.980160" lon="-1.994839">
        <ele>1222.974</ele>
        <time>2021-11-20T10:37:09Z</time>
      </trkpt>
      <trkpt lat="42.980169" lon="-1.994902">
        <ele>1222.299</ele>
        <time>2021-11-20T10:37:13Z</time>
      </trkpt>
      <trkpt lat="42.980190" lon="-1.994957">
        <ele>1221.372</ele>
        <time>2021-11-20T10:37:22Z</time>
      </trkpt>
      <trkpt lat="42.980233" lon="-1.994996">
        <ele>1220.023</ele>
        <time>2021-11-20T10:37:29Z</time>
      </trkpt>
      <trkpt lat="42.980275" lon="-1.995031">
        <ele>1218.787</ele>
        <time>2021-11-20T10:37:34Z</time>
      </trkpt>
      <trkpt lat="42.980314" lon="-1.995072">
        <ele>1217.673</ele>
        <time>2021-11-20T10:37:45Z</time>
      </trkpt>
      <trkpt lat="42.980362" lon="-1.995090">
        <ele>1216.699</ele>
        <time>2021-11-20T10:37:49Z</time>
      </trkpt>
      <trkpt lat="42.980408" lon="-1.995097">
        <ele>1215.807</ele>
        <time>2021-11-20T10:37:55Z</time>
      </trkpt>
      <trkpt lat="42.980428" lon="-1.995158">
        <ele>1214.927</ele>
        <time>2021-11-20T10:38:01Z</time>
      </trkpt>
      <trkpt lat="42.980465" lon="-1.995208">
        <ele>1213.908</ele>
        <time>2021-11-20T10:38:04Z</time>
      </trkpt>
      <trkpt lat="42.980497" lon="-1.995252">
        <ele>1213.087</ele>
        <time>2021-11-20T10:38:09Z</time>
      </trkpt>
      <trkpt lat="42.980514" lon="-1.995313">
        <ele>1212.378</ele>
        <time>2021-11-20T10:38:13Z</time>
      </trkpt>
      <trkpt lat="42.980551" lon="-1.995355">
        <ele>1211.561</ele>
        <time>2021-11-20T10:38:18Z</time>
      </trkpt>
      <trkpt lat="42.980582" lon="-1.995410">
        <ele>1210.846</ele>
        <time>2021-11-20T10:38:24Z</time>
      </trkpt>
      <trkpt lat="42.980612" lon="-1.995458">
        <ele>1210.169</ele>
        <time>2021-11-20T10:38:28Z</time>
      </trkpt>
      <trkpt lat="42.980651" lon="-1.995498">
        <ele>1209.450</ele>
        <time>2021-11-20T10:38:38Z</time>
      </trkpt>
      <trkpt lat="42.980681" lon="-1.995549">
        <ele>1208.784</ele>
        <time>2021-11-20T10:38:44Z</time>
      </trkpt>
      <trkpt lat="42.980706" lon="-1.995611">
        <ele>1207.880</ele>
        <time>2021-11-20T10:38:48Z</time>
      </trkpt>
      <trkpt lat="42.980732" lon="-1.995673">
        <ele>1206.821</ele>
        <time>2021-11-20T10:38:53Z</time>
      </trkpt>
      <trkpt lat="42.980743" lon="-1.995734">
        <ele>1206.041</ele>
        <time>2021-11-20T10:38:57Z</time>
      </trkpt>
      <trkpt lat="42.980771" lon="-1.995790">
        <ele>1205.105</ele>
        <time>2021-11-20T10:39:02Z</time>
      </trkpt>
      <trkpt lat="42.980792" lon="-1.995857">
        <ele>1204.208</ele>
        <time>2021-11-20T10:39:07Z</time>
      </trkpt>
      <trkpt lat="42.980775" lon="-1.995920">
        <ele>1203.660</ele>
        <time>2021-11-20T10:39:11Z</time>
      </trkpt>
      <trkpt lat="42.980789" lon="-1.995982">
        <ele>1202.821</ele>
        <time>2021-11-20T10:39:15Z</time>
      </trkpt>
      <trkpt lat="42.980806" lon="-1.996043">
        <ele>1202.044</ele>
        <time>2021-11-20T10:39:20Z</time>
      </trkpt>
      <trkpt lat="42.980852" lon="-1.996065">
        <ele>1201.559</ele>
        <time>2021-11-20T10:39:29Z</time>
      </trkpt>
      <trkpt lat="42.980866" lon="-1.996125">
        <ele>1200.842</ele>
        <time>2021-11-20T10:39:34Z</time>
      </trkpt>
      <trkpt lat="42.980857" lon="-1.996192">
        <ele>1200.123</ele>
        <time>2021-11-20T10:39:38Z</time>
      </trkpt>
      <trkpt lat="42.980841" lon="-1.996257">
        <ele>1199.487</ele>
        <time>2021-11-20T10:39:43Z</time>
      </trkpt>
      <trkpt lat="42.980824" lon="-1.996321">
        <ele>1198.833</ele>
        <time>2021-11-20T10:39:47Z</time>
      </trkpt>
      <trkpt lat="42.980812" lon="-1.996386">
        <ele>1198.224</ele>
        <time>2021-11-20T10:39:51Z</time>
      </trkpt>
      <trkpt lat="42.980801" lon="-1.996452">
        <ele>1197.804</ele>
        <time>2021-11-20T10:39:55Z</time>
      </trkpt>
      <trkpt lat="42.980782" lon="-1.996515">
        <ele>1197.514</ele>
        <time>2021-11-20T10:39:59Z</time>
      </trkpt>
      <trkpt lat="42.980768" lon="-1.996581">
        <ele>1197.108</ele>
        <time>2021-11-20T10:40:03Z</time>
      </trkpt>
      <trkpt lat="42.980759" lon="-1.996648">
        <ele>1196.790</ele>
        <time>2021-11-20T10:40:07Z</time>
      </trkpt>
      <trkpt lat="42.980749" lon="-1.996710">
        <ele>1196.281</ele>
        <time>2021-11-20T10:40:12Z</time>
      </trkpt>
      <trkpt lat="42.980726" lon="-1.996771">
        <ele>1195.974</ele>
        <time>2021-11-20T10:40:15Z</time>
      </trkpt>
      <trkpt lat="42.980712" lon="-1.996834">
        <ele>1195.459</ele>
        <time>2021-11-20T10:40:20Z</time>
      </trkpt>
      <trkpt lat="42.980702" lon="-1.996903">
        <ele>1194.842</ele>
        <time>2021-11-20T10:40:24Z</time>
      </trkpt>
      <trkpt lat="42.980692" lon="-1.996967">
        <ele>1194.483</ele>
        <time>2021-11-20T10:40:28Z</time>
      </trkpt>
      <trkpt lat="42.980679" lon="-1.997028">
        <ele>1194.197</ele>
        <time>2021-11-20T10:40:31Z</time>
      </trkpt>
      <trkpt lat="42.980666" lon="-1.997089">
        <ele>1193.823</ele>
        <time>2021-11-20T10:40:36Z</time>
      </trkpt>
      <trkpt lat="42.980653" lon="-1.997156">
        <ele>1193.449</ele>
        <time>2021-11-20T10:40:40Z</time>
      </trkpt>
      <trkpt lat="42.980633" lon="-1.997214">
        <ele>1193.102</ele>
        <time>2021-11-20T10:40:43Z</time>
      </trkpt>
      <trkpt lat="42.980612" lon="-1.997270">
        <ele>1192.822</ele>
        <time>2021-11-20T10:40:46Z</time>
      </trkpt>
      <trkpt lat="42.980598" lon="-1.997334">
        <ele>1192.508</ele>
        <time>2021-11-20T10:40:50Z</time>
      </trkpt>
      <trkpt lat="42.980585" lon="-1.997401">
        <ele>1192.392</ele>
        <time>2021-11-20T10:40:55Z</time>
      </trkpt>
      <trkpt lat="42.980568" lon="-1.997467">
        <ele>1192.173</ele>
        <time>2021-11-20T10:40:59Z</time>
      </trkpt>
      <trkpt lat="42.980545" lon="-1.997522">
        <ele>1192.066</ele>
        <time>2021-11-20T10:41:03Z</time>
      </trkpt>
      <trkpt lat="42.980510" lon="-1.997567">
        <ele>1191.931</ele>
        <time>2021-11-20T10:41:08Z</time>
      </trkpt>
      <trkpt lat="42.980488" lon="-1.997623">
        <ele>1191.854</ele>
        <time>2021-11-20T10:41:12Z</time>
      </trkpt>
      <trkpt lat="42.980472" lon="-1.997690">
        <ele>1191.625</ele>
        <time>2021-11-20T10:41:15Z</time>
      </trkpt>
      <trkpt lat="42.980467" lon="-1.997765">
        <ele>1191.459</ele>
        <time>2021-11-20T10:41:20Z</time>
      </trkpt>
      <trkpt lat="42.980477" lon="-1.997833">
        <ele>1191.425</ele>
        <time>2021-11-20T10:41:23Z</time>
      </trkpt>
      <trkpt lat="42.980472" lon="-1.997907">
        <ele>1191.518</ele>
        <time>2021-11-20T10:41:28Z</time>
      </trkpt>
      <trkpt lat="42.980468" lon="-1.997976">
        <ele>1191.698</ele>
        <time>2021-11-20T10:41:31Z</time>
      </trkpt>
      <trkpt lat="42.980462" lon="-1.998049">
        <ele>1191.717</ele>
        <time>2021-11-20T10:41:36Z</time>
      </trkpt>
      <trkpt lat="42.980463" lon="-1.998122">
        <ele>1192.108</ele>
        <time>2021-11-20T10:41:40Z</time>
      </trkpt>
      <trkpt lat="42.980464" lon="-1.998185">
        <ele>1192.449</ele>
        <time>2021-11-20T10:41:44Z</time>
      </trkpt>
      <trkpt lat="42.980478" lon="-1.998246">
        <ele>1192.910</ele>
        <time>2021-11-20T10:41:49Z</time>
      </trkpt>
      <trkpt lat="42.980480" lon="-1.998311">
        <ele>1193.373</ele>
        <time>2021-11-20T10:41:54Z</time>
      </trkpt>
      <trkpt lat="42.980482" lon="-1.998377">
        <ele>1193.528</ele>
        <time>2021-11-20T10:41:59Z</time>
      </trkpt>
      <trkpt lat="42.980482" lon="-1.998446">
        <ele>1193.691</ele>
        <time>2021-11-20T10:42:03Z</time>
      </trkpt>
      <trkpt lat="42.980477" lon="-1.998519">
        <ele>1193.652</ele>
        <time>2021-11-20T10:42:07Z</time>
      </trkpt>
      <trkpt lat="42.980458" lon="-1.998583">
        <ele>1193.656</ele>
        <time>2021-11-20T10:42:10Z</time>
      </trkpt>
      <trkpt lat="42.980446" lon="-1.998652">
        <ele>1193.782</ele>
        <time>2021-11-20T10:42:15Z</time>
      </trkpt>
      <trkpt lat="42.980442" lon="-1.998717">
        <ele>1193.846</ele>
        <time>2021-11-20T10:42:19Z</time>
      </trkpt>
      <trkpt lat="42.980438" lon="-1.998785">
        <ele>1193.988</ele>
        <time>2021-11-20T10:42:22Z</time>
      </trkpt>
      <trkpt lat="42.980431" lon="-1.998853">
        <ele>1194.016</ele>
        <time>2021-11-20T10:42:27Z</time>
      </trkpt>
      <trkpt lat="42.980419" lon="-1.998918">
        <ele>1194.208</ele>
        <time>2021-11-20T10:42:31Z</time>
      </trkpt>
      <trkpt lat="42.980412" lon="-1.998988">
        <ele>1194.572</ele>
        <time>2021-11-20T10:42:34Z</time>
      </trkpt>
      <trkpt lat="42.980403" lon="-1.999057">
        <ele>1194.863</ele>
        <time>2021-11-20T10:42:39Z</time>
      </trkpt>
      <trkpt lat="42.980395" lon="-1.999118">
        <ele>1195.026</ele>
        <time>2021-11-20T10:42:42Z</time>
      </trkpt>
      <trkpt lat="42.980390" lon="-1.999189">
        <ele>1195.421</ele>
        <time>2021-11-20T10:42:47Z</time>
      </trkpt>
      <trkpt lat="42.980385" lon="-1.999260">
        <ele>1195.864</ele>
        <time>2021-11-20T10:42:51Z</time>
      </trkpt>
      <trkpt lat="42.980391" lon="-1.999327">
        <ele>1196.465</ele>
        <time>2021-11-20T10:42:55Z</time>
      </trkpt>
      <trkpt lat="42.980389" lon="-1.999393">
        <ele>1196.849</ele>
        <time>2021-11-20T10:42:59Z</time>
      </trkpt>
      <trkpt lat="42.980378" lon="-1.999455">
        <ele>1197.165</ele>
        <time>2021-11-20T10:43:04Z</time>
      </trkpt>
      <trkpt lat="42.980338" lon="-1.999497">
        <ele>1196.835</ele>
        <time>2021-11-20T10:43:09Z</time>
      </trkpt>
      <trkpt lat="42.980331" lon="-1.999564">
        <ele>1196.986</ele>
        <time>2021-11-20T10:43:12Z</time>
      </trkpt>
      <trkpt lat="42.980330" lon="-1.999630">
        <ele>1197.114</ele>
        <time>2021-11-20T10:43:15Z</time>
      </trkpt>
      <trkpt lat="42.980333" lon="-1.999697">
        <ele>1197.308</ele>
        <time>2021-11-20T10:43:19Z</time>
      </trkpt>
      <trkpt lat="42.980339" lon="-1.999769">
        <ele>1197.341</ele>
        <time>2021-11-20T10:43:23Z</time>
      </trkpt>
      <trkpt lat="42.980331" lon="-1.999847">
        <ele>1197.092</ele>
        <time>2021-11-20T10:43:28Z</time>
      </trkpt>
      <trkpt lat="42.980296" lon="-1.999891">
        <ele>1196.665</ele>
        <time>2021-11-20T10:43:32Z</time>
      </trkpt>
      <trkpt lat="42.980271" lon="-1.999944">
        <ele>1196.240</ele>
        <time>2021-11-20T10:43:43Z</time>
      </trkpt>
      <trkpt lat="42.980237" lon="-1.999991">
        <ele>1196.083</ele>
        <time>2021-11-20T10:43:48Z</time>
      </trkpt>
      <trkpt lat="42.980203" lon="-2.000034">
        <ele>1195.814</ele>
        <time>2021-11-20T10:43:52Z</time>
      </trkpt>
      <trkpt lat="42.980184" lon="-2.000099">
        <ele>1195.388</ele>
        <time>2021-11-20T10:43:56Z</time>
      </trkpt>
      <trkpt lat="42.980167" lon="-2.000157">
        <ele>1194.964</ele>
        <time>2021-11-20T10:43:59Z</time>
      </trkpt>
      <trkpt lat="42.980142" lon="-2.000209">
        <ele>1194.558</ele>
        <time>2021-11-20T10:44:03Z</time>
      </trkpt>
      <trkpt lat="42.980108" lon="-2.000258">
        <ele>1194.152</ele>
        <time>2021-11-20T10:44:07Z</time>
      </trkpt>
      <trkpt lat="42.980079" lon="-2.000320">
        <ele>1193.717</ele>
        <time>2021-11-20T10:44:11Z</time>
      </trkpt>
      <trkpt lat="42.980042" lon="-2.000358">
        <ele>1193.408</ele>
        <time>2021-11-20T10:44:15Z</time>
      </trkpt>
      <trkpt lat="42.980006" lon="-2.000404">
        <ele>1193.133</ele>
        <time>2021-11-20T10:44:20Z</time>
      </trkpt>
      <trkpt lat="42.979975" lon="-2.000453">
        <ele>1193.074</ele>
        <time>2021-11-20T10:44:24Z</time>
      </trkpt>
      <trkpt lat="42.979959" lon="-2.000511">
        <ele>1192.897</ele>
        <time>2021-11-20T10:44:28Z</time>
      </trkpt>
      <trkpt lat="42.979924" lon="-2.000572">
        <ele>1192.842</ele>
        <time>2021-11-20T10:44:32Z</time>
      </trkpt>
      <trkpt lat="42.979895" lon="-2.000627">
        <ele>1192.975</ele>
        <time>2021-11-20T10:44:36Z</time>
      </trkpt>
      <trkpt lat="42.979863" lon="-2.000695">
        <ele>1193.086</ele>
        <time>2021-11-20T10:44:41Z</time>
      </trkpt>
      <trkpt lat="42.979840" lon="-2.000749">
        <ele>1193.030</ele>
        <time>2021-11-20T10:44:44Z</time>
      </trkpt>
      <trkpt lat="42.979815" lon="-2.000802">
        <ele>1193.186</ele>
        <time>2021-11-20T10:44:49Z</time>
      </trkpt>
      <trkpt lat="42.979784" lon="-2.000854">
        <ele>1193.156</ele>
        <time>2021-11-20T10:44:54Z</time>
      </trkpt>
      <trkpt lat="42.979748" lon="-2.000891">
        <ele>1193.159</ele>
        <time>2021-11-20T10:44:58Z</time>
      </trkpt>
      <trkpt lat="42.979713" lon="-2.000934">
        <ele>1193.014</ele>
        <time>2021-11-20T10:45:02Z</time>
      </trkpt>
      <trkpt lat="42.979677" lon="-2.000971">
        <ele>1193.108</ele>
        <time>2021-11-20T10:45:06Z</time>
      </trkpt>
      <trkpt lat="42.979641" lon="-2.001016">
        <ele>1193.163</ele>
        <time>2021-11-20T10:45:11Z</time>
      </trkpt>
      <trkpt lat="42.979606" lon="-2.001060">
        <ele>1193.134</ele>
        <time>2021-11-20T10:45:17Z</time>
      </trkpt>
      <trkpt lat="42.979562" lon="-2.001083">
        <ele>1193.697</ele>
        <time>2021-11-20T10:45:21Z</time>
      </trkpt>
      <trkpt lat="42.979533" lon="-2.001130">
        <ele>1193.552</ele>
        <time>2021-11-20T10:45:26Z</time>
      </trkpt>
      <trkpt lat="42.979485" lon="-2.001140">
        <ele>1194.185</ele>
        <time>2021-11-20T10:45:29Z</time>
      </trkpt>
      <trkpt lat="42.979444" lon="-2.001176">
        <ele>1194.316</ele>
        <time>2021-11-20T10:45:34Z</time>
      </trkpt>
      <trkpt lat="42.979415" lon="-2.001234">
        <ele>1193.860</ele>
        <time>2021-11-20T10:45:37Z</time>
      </trkpt>
      <trkpt lat="42.979387" lon="-2.001296">
        <ele>1193.346</ele>
        <time>2021-11-20T10:45:42Z</time>
      </trkpt>
      <trkpt lat="42.979373" lon="-2.001360">
        <ele>1192.894</ele>
        <time>2021-11-20T10:45:45Z</time>
      </trkpt>
      <trkpt lat="42.979346" lon="-2.001411">
        <ele>1192.757</ele>
        <time>2021-11-20T10:45:49Z</time>
      </trkpt>
      <trkpt lat="42.979312" lon="-2.001459">
        <ele>1192.922</ele>
        <time>2021-11-20T10:45:53Z</time>
      </trkpt>
      <trkpt lat="42.979271" lon="-2.001499">
        <ele>1193.308</ele>
        <time>2021-11-20T10:45:57Z</time>
      </trkpt>
      <trkpt lat="42.979251" lon="-2.001558">
        <ele>1193.647</ele>
        <time>2021-11-20T10:46:02Z</time>
      </trkpt>
      <trkpt lat="42.979214" lon="-2.001600">
        <ele>1194.248</ele>
        <time>2021-11-20T10:46:06Z</time>
      </trkpt>
      <trkpt lat="42.979181" lon="-2.001650">
        <ele>1194.711</ele>
        <time>2021-11-20T10:46:10Z</time>
      </trkpt>
      <trkpt lat="42.979139" lon="-2.001676">
        <ele>1195.586</ele>
        <time>2021-11-20T10:46:15Z</time>
      </trkpt>
      <trkpt lat="42.979107" lon="-2.001721">
        <ele>1196.399</ele>
        <time>2021-11-20T10:46:20Z</time>
      </trkpt>
      <trkpt lat="42.979067" lon="-2.001757">
        <ele>1197.280</ele>
        <time>2021-11-20T10:46:25Z</time>
      </trkpt>
      <trkpt lat="42.979028" lon="-2.001804">
        <ele>1198.234</ele>
        <time>2021-11-20T10:46:31Z</time>
      </trkpt>
      <trkpt lat="42.978983" lon="-2.001827">
        <ele>1199.260</ele>
        <time>2021-11-20T10:46:36Z</time>
      </trkpt>
      <trkpt lat="42.978945" lon="-2.001863">
        <ele>1200.247</ele>
        <time>2021-11-20T10:46:41Z</time>
      </trkpt>
      <trkpt lat="42.978911" lon="-2.001912">
        <ele>1201.329</ele>
        <time>2021-11-20T10:46:46Z</time>
      </trkpt>
      <trkpt lat="42.978875" lon="-2.001952">
        <ele>1202.221</ele>
        <time>2021-11-20T10:46:51Z</time>
      </trkpt>
      <trkpt lat="42.978841" lon="-2.001996">
        <ele>1203.108</ele>
        <time>2021-11-20T10:46:56Z</time>
      </trkpt>
      <trkpt lat="42.978802" lon="-2.002038">
        <ele>1204.162</ele>
        <time>2021-11-20T10:47:01Z</time>
      </trkpt>
      <trkpt lat="42.978762" lon="-2.002077">
        <ele>1205.053</ele>
        <time>2021-11-20T10:47:07Z</time>
      </trkpt>
      <trkpt lat="42.978723" lon="-2.002115">
        <ele>1206.076</ele>
        <time>2021-11-20T10:47:12Z</time>
      </trkpt>
      <trkpt lat="42.978686" lon="-2.002160">
        <ele>1207.181</ele>
        <time>2021-11-20T10:47:17Z</time>
      </trkpt>
      <trkpt lat="42.978650" lon="-2.002209">
        <ele>1208.324</ele>
        <time>2021-11-20T10:47:22Z</time>
      </trkpt>
      <trkpt lat="42.978613" lon="-2.002251">
        <ele>1209.235</ele>
        <time>2021-11-20T10:47:27Z</time>
      </trkpt>
      <trkpt lat="42.978579" lon="-2.002298">
        <ele>1209.599</ele>
        <time>2021-11-20T10:47:31Z</time>
      </trkpt>
      <trkpt lat="42.978544" lon="-2.002341">
        <ele>1209.945</ele>
        <time>2021-11-20T10:47:36Z</time>
      </trkpt>
      <trkpt lat="42.978502" lon="-2.002381">
        <ele>1210.129</ele>
        <time>2021-11-20T10:47:41Z</time>
      </trkpt>
      <trkpt lat="42.978467" lon="-2.002422">
        <ele>1210.400</ele>
        <time>2021-11-20T10:47:45Z</time>
      </trkpt>
      <trkpt lat="42.978421" lon="-2.002431">
        <ele>1210.520</ele>
        <time>2021-11-20T10:47:51Z</time>
      </trkpt>
      <trkpt lat="42.978391" lon="-2.002482">
        <ele>1210.908</ele>
        <time>2021-11-20T10:47:54Z</time>
      </trkpt>
      <trkpt lat="42.978355" lon="-2.002530">
        <ele>1211.080</ele>
        <time>2021-11-20T10:48:12Z</time>
      </trkpt>
      <trkpt lat="42.978305" lon="-2.002574">
        <ele>1210.641</ele>
        <time>2021-11-20T10:48:16Z</time>
      </trkpt>
      <trkpt lat="42.978261" lon="-2.002633">
        <ele>1210.274</ele>
        <time>2021-11-20T10:48:19Z</time>
      </trkpt>
      <trkpt lat="42.978231" lon="-2.002687">
        <ele>1210.089</ele>
        <time>2021-11-20T10:48:22Z</time>
      </trkpt>
      <trkpt lat="42.978200" lon="-2.002732">
        <ele>1209.942</ele>
        <time>2021-11-20T10:48:26Z</time>
      </trkpt>
      <trkpt lat="42.978161" lon="-2.002778">
        <ele>1209.843</ele>
        <time>2021-11-20T10:48:30Z</time>
      </trkpt>
      <trkpt lat="42.978120" lon="-2.002817">
        <ele>1209.367</ele>
        <time>2021-11-20T10:48:35Z</time>
      </trkpt>
      <trkpt lat="42.978086" lon="-2.002860">
        <ele>1208.943</ele>
        <time>2021-11-20T10:48:40Z</time>
      </trkpt>
      <trkpt lat="42.978041" lon="-2.002911">
        <ele>1208.487</ele>
        <time>2021-11-20T10:48:44Z</time>
      </trkpt>
      <trkpt lat="42.978003" lon="-2.002954">
        <ele>1208.242</ele>
        <time>2021-11-20T10:48:48Z</time>
      </trkpt>
      <trkpt lat="42.977971" lon="-2.003007">
        <ele>1208.026</ele>
        <time>2021-11-20T10:48:54Z</time>
      </trkpt>
      <trkpt lat="42.977928" lon="-2.003054">
        <ele>1208.008</ele>
        <time>2021-11-20T10:48:57Z</time>
      </trkpt>
      <trkpt lat="42.977885" lon="-2.003093">
        <ele>1207.916</ele>
        <time>2021-11-20T10:49:00Z</time>
      </trkpt>
      <trkpt lat="42.977837" lon="-2.003117">
        <ele>1207.997</ele>
        <time>2021-11-20T10:49:04Z</time>
      </trkpt>
      <trkpt lat="42.977789" lon="-2.003128">
        <ele>1208.040</ele>
        <time>2021-11-20T10:49:08Z</time>
      </trkpt>
      <trkpt lat="42.977745" lon="-2.003152">
        <ele>1208.415</ele>
        <time>2021-11-20T10:49:12Z</time>
      </trkpt>
      <trkpt lat="42.977695" lon="-2.003176">
        <ele>1209.098</ele>
        <time>2021-11-20T10:49:17Z</time>
      </trkpt>
      <trkpt lat="42.977645" lon="-2.003169">
        <ele>1209.629</ele>
        <time>2021-11-20T10:49:23Z</time>
      </trkpt>
      <trkpt lat="42.977597" lon="-2.003164">
        <ele>1210.253</ele>
        <time>2021-11-20T10:49:29Z</time>
      </trkpt>
      <trkpt lat="42.977552" lon="-2.003176">
        <ele>1210.859</ele>
        <time>2021-11-20T10:49:32Z</time>
      </trkpt>
      <trkpt lat="42.977523" lon="-2.003229">
        <ele>1211.327</ele>
        <time>2021-11-20T10:49:36Z</time>
      </trkpt>
      <trkpt lat="42.977489" lon="-2.003287">
        <ele>1212.068</ele>
        <time>2021-11-20T10:49:42Z</time>
      </trkpt>
      <trkpt lat="42.977449" lon="-2.003321">
        <ele>1212.914</ele>
        <time>2021-11-20T10:49:46Z</time>
      </trkpt>
      <trkpt lat="42.977417" lon="-2.003367">
        <ele>1213.608</ele>
        <time>2021-11-20T10:49:50Z</time>
      </trkpt>
      <trkpt lat="42.977375" lon="-2.003409">
        <ele>1214.540</ele>
        <time>2021-11-20T10:49:54Z</time>
      </trkpt>
      <trkpt lat="42.977341" lon="-2.003460">
        <ele>1215.461</ele>
        <time>2021-11-20T10:49:58Z</time>
      </trkpt>
      <trkpt lat="42.977307" lon="-2.003500">
        <ele>1216.374</ele>
        <time>2021-11-20T10:50:03Z</time>
      </trkpt>
      <trkpt lat="42.977270" lon="-2.003538">
        <ele>1217.429</ele>
        <time>2021-11-20T10:50:10Z</time>
      </trkpt>
      <trkpt lat="42.977282" lon="-2.003608">
        <ele>1217.592</ele>
        <time>2021-11-20T10:50:15Z</time>
      </trkpt>
      <trkpt lat="42.977291" lon="-2.003676">
        <ele>1218.263</ele>
        <time>2021-11-20T10:50:20Z</time>
      </trkpt>
      <trkpt lat="42.977273" lon="-2.003735">
        <ele>1219.547</ele>
        <time>2021-11-20T10:50:24Z</time>
      </trkpt>
      <trkpt lat="42.977271" lon="-2.003797">
        <ele>1220.473</ele>
        <time>2021-11-20T10:50:29Z</time>
      </trkpt>
      <trkpt lat="42.977277" lon="-2.003860">
        <ele>1221.223</ele>
        <time>2021-11-20T10:50:35Z</time>
      </trkpt>
      <trkpt lat="42.977257" lon="-2.003919">
        <ele>1222.483</ele>
        <time>2021-11-20T10:50:50Z</time>
      </trkpt>
      <trkpt lat="42.977234" lon="-2.003983">
        <ele>1223.711</ele>
        <time>2021-11-20T10:50:55Z</time>
      </trkpt>
      <trkpt lat="42.977222" lon="-2.004048">
        <ele>1224.708</ele>
        <time>2021-11-20T10:51:00Z</time>
      </trkpt>
      <trkpt lat="42.977230" lon="-2.004109">
        <ele>1225.230</ele>
        <time>2021-11-20T10:51:05Z</time>
      </trkpt>
      <trkpt lat="42.977216" lon="-2.004170">
        <ele>1226.051</ele>
        <time>2021-11-20T10:51:12Z</time>
      </trkpt>
      <trkpt lat="42.977197" lon="-2.004235">
        <ele>1226.574</ele>
        <time>2021-11-20T10:51:17Z</time>
      </trkpt>
      <trkpt lat="42.977182" lon="-2.004299">
        <ele>1227.029</ele>
        <time>2021-11-20T10:51:21Z</time>
      </trkpt>
      <trkpt lat="42.977170" lon="-2.004360">
        <ele>1227.562</ele>
        <time>2021-11-20T10:51:25Z</time>
      </trkpt>
      <trkpt lat="42.977172" lon="-2.004424">
        <ele>1228.043</ele>
        <time>2021-11-20T10:51:30Z</time>
      </trkpt>
      <trkpt lat="42.977155" lon="-2.004482">
        <ele>1228.517</ele>
        <time>2021-11-20T10:51:35Z</time>
      </trkpt>
      <trkpt lat="42.977144" lon="-2.004543">
        <ele>1229.023</ele>
        <time>2021-11-20T10:51:40Z</time>
      </trkpt>
      <trkpt lat="42.977135" lon="-2.004605">
        <ele>1229.536</ele>
        <time>2021-11-20T10:51:45Z</time>
      </trkpt>
      <trkpt lat="42.977124" lon="-2.004669">
        <ele>1230.017</ele>
        <time>2021-11-20T10:51:50Z</time>
      </trkpt>
      <trkpt lat="42.977127" lon="-2.004737">
        <ele>1230.418</ele>
        <time>2021-11-20T10:51:56Z</time>
      </trkpt>
      <trkpt lat="42.977128" lon="-2.004807">
        <ele>1230.808</ele>
        <time>2021-11-20T10:52:01Z</time>
      </trkpt>
      <trkpt lat="42.977134" lon="-2.004869">
        <ele>1231.261</ele>
        <time>2021-11-20T10:52:05Z</time>
      </trkpt>
      <trkpt lat="42.977132" lon="-2.004930">
        <ele>1231.672</ele>
        <time>2021-11-20T10:52:09Z</time>
      </trkpt>
      <trkpt lat="42.977130" lon="-2.004996">
        <ele>1232.045</ele>
        <time>2021-11-20T10:52:14Z</time>
      </trkpt>
      <trkpt lat="42.977131" lon="-2.005064">
        <ele>1232.460</ele>
        <time>2021-11-20T10:52:20Z</time>
      </trkpt>
      <trkpt lat="42.977134" lon="-2.005133">
        <ele>1232.863</ele>
        <time>2021-11-20T10:52:24Z</time>
      </trkpt>
      <trkpt lat="42.977135" lon="-2.005201">
        <ele>1233.254</ele>
        <time>2021-11-20T10:52:28Z</time>
      </trkpt>
      <trkpt lat="42.977149" lon="-2.005264">
        <ele>1233.738</ele>
        <time>2021-11-20T10:52:32Z</time>
      </trkpt>
      <trkpt lat="42.977157" lon="-2.005326">
        <ele>1234.164</ele>
        <time>2021-11-20T10:52:36Z</time>
      </trkpt>
      <trkpt lat="42.977166" lon="-2.005393">
        <ele>1234.543</ele>
        <time>2021-11-20T10:52:41Z</time>
      </trkpt>
      <trkpt lat="42.977185" lon="-2.005453">
        <ele>1235.064</ele>
        <time>2021-11-20T10:52:46Z</time>
      </trkpt>
      <trkpt lat="42.977195" lon="-2.005514">
        <ele>1235.510</ele>
        <time>2021-11-20T10:52:52Z</time>
      </trkpt>
      <trkpt lat="42.977220" lon="-2.005569">
        <ele>1236.208</ele>
        <time>2021-11-20T10:52:56Z</time>
      </trkpt>
      <trkpt lat="42.977242" lon="-2.005628">
        <ele>1236.642</ele>
        <time>2021-11-20T10:53:01Z</time>
      </trkpt>
      <trkpt lat="42.977263" lon="-2.005686">
        <ele>1237.273</ele>
        <time>2021-11-20T10:53:06Z</time>
      </trkpt>
      <trkpt lat="42.977296" lon="-2.005730">
        <ele>1237.566</ele>
        <time>2021-11-20T10:53:11Z</time>
      </trkpt>
      <trkpt lat="42.977328" lon="-2.005780">
        <ele>1238.171</ele>
        <time>2021-11-20T10:53:16Z</time>
      </trkpt>
      <trkpt lat="42.977359" lon="-2.005828">
        <ele>1238.914</ele>
        <time>2021-11-20T10:53:20Z</time>
      </trkpt>
      <trkpt lat="42.977393" lon="-2.005871">
        <ele>1239.765</ele>
        <time>2021-11-20T10:53:25Z</time>
      </trkpt>
      <trkpt lat="42.977414" lon="-2.005931">
        <ele>1241.249</ele>
        <time>2021-11-20T10:53:30Z</time>
      </trkpt>
      <trkpt lat="42.977456" lon="-2.005971">
        <ele>1242.445</ele>
        <time>2021-11-20T10:53:35Z</time>
      </trkpt>
      <trkpt lat="42.977500" lon="-2.005993">
        <ele>1243.218</ele>
        <time>2021-11-20T10:53:39Z</time>
      </trkpt>
      <trkpt lat="42.977540" lon="-2.006036">
        <ele>1243.798</ele>
        <time>2021-11-20T10:53:45Z</time>
      </trkpt>
      <trkpt lat="42.977583" lon="-2.006075">
        <ele>1244.017</ele>
        <time>2021-11-20T10:53:50Z</time>
      </trkpt>
      <trkpt lat="42.977609" lon="-2.006127">
        <ele>1245.108</ele>
        <time>2021-11-20T10:53:55Z</time>
      </trkpt>
      <trkpt lat="42.977628" lon="-2.006188">
        <ele>1246.379</ele>
        <time>2021-11-20T10:54:01Z</time>
      </trkpt>
      <trkpt lat="42.977660" lon="-2.006240">
        <ele>1247.130</ele>
        <time>2021-11-20T10:54:06Z</time>
      </trkpt>
      <trkpt lat="42.977696" lon="-2.006289">
        <ele>1247.723</ele>
        <time>2021-11-20T10:54:10Z</time>
      </trkpt>
      <trkpt lat="42.977728" lon="-2.006338">
        <ele>1248.568</ele>
        <time>2021-11-20T10:54:15Z</time>
      </trkpt>
      <trkpt lat="42.977742" lon="-2.006405">
        <ele>1250.051</ele>
        <time>2021-11-20T10:54:22Z</time>
      </trkpt>
      <trkpt lat="42.977778" lon="-2.006458">
        <ele>1250.732</ele>
        <time>2021-11-20T10:54:26Z</time>
      </trkpt>
      <trkpt lat="42.977819" lon="-2.006518">
        <ele>1250.826</ele>
        <time>2021-11-20T10:54:31Z</time>
      </trkpt>
      <trkpt lat="42.977848" lon="-2.006565">
        <ele>1251.032</ele>
        <time>2021-11-20T10:54:35Z</time>
      </trkpt>
      <trkpt lat="42.977857" lon="-2.006628">
        <ele>1252.294</ele>
        <time>2021-11-20T10:54:40Z</time>
      </trkpt>
      <trkpt lat="42.977871" lon="-2.006687">
        <ele>1253.157</ele>
        <time>2021-11-20T10:54:48Z</time>
      </trkpt>
      <trkpt lat="42.977888" lon="-2.006759">
        <ele>1254.022</ele>
        <time>2021-11-20T10:54:55Z</time>
      </trkpt>
      <trkpt lat="42.977918" lon="-2.006814">
        <ele>1254.108</ele>
        <time>2021-11-20T10:55:00Z</time>
      </trkpt>
      <trkpt lat="42.977946" lon="-2.006869">
        <ele>1254.317</ele>
        <time>2021-11-20T10:55:04Z</time>
      </trkpt>
      <trkpt lat="42.977970" lon="-2.006927">
        <ele>1254.748</ele>
        <time>2021-11-20T10:55:08Z</time>
      </trkpt>
      <trkpt lat="42.978002" lon="-2.006977">
        <ele>1254.521</ele>
        <time>2021-11-20T10:55:12Z</time>
      </trkpt>
      <trkpt lat="42.978008" lon="-2.007045">
        <ele>1255.556</ele>
        <time>2021-11-20T10:55:20Z</time>
      </trkpt>
      <trkpt lat="42.977994" lon="-2.007111">
        <ele>1257.269</ele>
        <time>2021-11-20T10:55:25Z</time>
      </trkpt>
      <trkpt lat="42.977965" lon="-2.007160">
        <ele>1259.120</ele>
        <time>2021-11-20T10:55:29Z</time>
      </trkpt>
      <trkpt lat="42.977955" lon="-2.007226">
        <ele>1260.654</ele>
        <time>2021-11-20T10:55:35Z</time>
      </trkpt>
      <trkpt lat="42.977945" lon="-2.007286">
        <ele>1261.410</ele>
        <time>2021-11-20T10:55:40Z</time>
      </trkpt>
      <trkpt lat="42.977946" lon="-2.007353">
        <ele>1261.837</ele>
        <time>2021-11-20T10:55:45Z</time>
      </trkpt>
      <trkpt lat="42.977952" lon="-2.007414">
        <ele>1262.049</ele>
        <time>2021-11-20T10:55:50Z</time>
      </trkpt>
      <trkpt lat="42.977970" lon="-2.007474">
        <ele>1262.013</ele>
        <time>2021-11-20T10:55:56Z</time>
      </trkpt>
      <trkpt lat="42.977985" lon="-2.007539">
        <ele>1262.008</ele>
        <time>2021-11-20T10:56:00Z</time>
      </trkpt>
      <trkpt lat="42.977989" lon="-2.007602">
        <ele>1262.131</ele>
        <time>2021-11-20T10:56:06Z</time>
      </trkpt>
      <trkpt lat="42.977973" lon="-2.007665">
        <ele>1262.732</ele>
        <time>2021-11-20T10:56:10Z</time>
      </trkpt>
      <trkpt lat="42.977963" lon="-2.007730">
        <ele>1263.255</ele>
        <time>2021-11-20T10:56:14Z</time>
      </trkpt>
      <trkpt lat="42.977953" lon="-2.007807">
        <ele>1263.790</ele>
        <time>2021-11-20T10:56:19Z</time>
      </trkpt>
      <trkpt lat="42.977957" lon="-2.007869">
        <ele>1264.193</ele>
        <time>2021-11-20T10:56:22Z</time>
      </trkpt>
      <trkpt lat="42.977957" lon="-2.007934">
        <ele>1264.584</ele>
        <time>2021-11-20T10:56:26Z</time>
      </trkpt>
      <trkpt lat="42.977957" lon="-2.007996">
        <ele>1264.928</ele>
        <time>2021-11-20T10:56:30Z</time>
      </trkpt>
      <trkpt lat="42.977965" lon="-2.008060">
        <ele>1265.434</ele>
        <time>2021-11-20T10:56:34Z</time>
      </trkpt>
      <trkpt lat="42.977985" lon="-2.008119">
        <ele>1265.817</ele>
        <time>2021-11-20T10:56:38Z</time>
      </trkpt>
      <trkpt lat="42.977993" lon="-2.008190">
        <ele>1266.587</ele>
        <time>2021-11-20T10:56:44Z</time>
      </trkpt>
      <trkpt lat="42.978008" lon="-2.008254">
        <ele>1267.115</ele>
        <time>2021-11-20T10:56:48Z</time>
      </trkpt>
      <trkpt lat="42.978015" lon="-2.008321">
        <ele>1267.708</ele>
        <time>2021-11-20T10:56:54Z</time>
      </trkpt>
      <trkpt lat="42.978014" lon="-2.008384">
        <ele>1268.049</ele>
        <time>2021-11-20T10:56:58Z</time>
      </trkpt>
      <trkpt lat="42.978004" lon="-2.008453">
        <ele>1268.290</ele>
        <time>2021-11-20T10:57:03Z</time>
      </trkpt>
      <trkpt lat="42.977994" lon="-2.008520">
        <ele>1268.373</ele>
        <time>2021-11-20T10:57:07Z</time>
      </trkpt>
      <trkpt lat="42.977996" lon="-2.008585">
        <ele>1268.578</ele>
        <time>2021-11-20T10:57:12Z</time>
      </trkpt>
      <trkpt lat="42.978011" lon="-2.008651">
        <ele>1269.061</ele>
        <time>2021-11-20T10:57:18Z</time>
      </trkpt>
      <trkpt lat="42.978005" lon="-2.008717">
        <ele>1269.452</ele>
        <time>2021-11-20T10:57:23Z</time>
      </trkpt>
      <trkpt lat="42.977988" lon="-2.008777">
        <ele>1269.736</ele>
        <time>2021-11-20T10:57:28Z</time>
      </trkpt>
      <trkpt lat="42.977976" lon="-2.008839">
        <ele>1270.132</ele>
        <time>2021-11-20T10:57:32Z</time>
      </trkpt>
      <trkpt lat="42.977977" lon="-2.008904">
        <ele>1270.692</ele>
        <time>2021-11-20T10:57:37Z</time>
      </trkpt>
      <trkpt lat="42.978004" lon="-2.008955">
        <ele>1271.373</ele>
        <time>2021-11-20T10:57:41Z</time>
      </trkpt>
      <trkpt lat="42.977999" lon="-2.009019">
        <ele>1271.920</ele>
        <time>2021-11-20T10:57:46Z</time>
      </trkpt>
      <trkpt lat="42.977989" lon="-2.009085">
        <ele>1272.608</ele>
        <time>2021-11-20T10:57:52Z</time>
      </trkpt>
      <trkpt lat="42.977995" lon="-2.009150">
        <ele>1273.337</ele>
        <time>2021-11-20T10:57:58Z</time>
      </trkpt>
      <trkpt lat="42.977987" lon="-2.009220">
        <ele>1273.348</ele>
        <time>2021-11-20T10:58:02Z</time>
      </trkpt>
      <trkpt lat="42.977963" lon="-2.009279">
        <ele>1273.311</ele>
        <time>2021-11-20T10:58:07Z</time>
      </trkpt>
      <trkpt lat="42.977963" lon="-2.009348">
        <ele>1273.096</ele>
        <time>2021-11-20T10:58:11Z</time>
      </trkpt>
      <trkpt lat="42.977975" lon="-2.009411">
        <ele>1272.759</ele>
        <time>2021-11-20T10:58:15Z</time>
      </trkpt>
      <trkpt lat="42.977984" lon="-2.009475">
        <ele>1272.540</ele>
        <time>2021-11-20T10:58:20Z</time>
      </trkpt>
      <trkpt lat="42.977985" lon="-2.009539">
        <ele>1272.414</ele>
        <time>2021-11-20T10:58:24Z</time>
      </trkpt>
      <trkpt lat="42.977980" lon="-2.009606">
        <ele>1272.420</ele>
        <time>2021-11-20T10:58:29Z</time>
      </trkpt>
      <trkpt lat="42.978000" lon="-2.009674">
        <ele>1272.282</ele>
        <time>2021-11-20T10:58:35Z</time>
      </trkpt>
      <trkpt lat="42.978006" lon="-2.009736">
        <ele>1272.243</ele>
        <time>2021-11-20T10:58:39Z</time>
      </trkpt>
      <trkpt lat="42.978010" lon="-2.009805">
        <ele>1272.017</ele>
        <time>2021-11-20T10:58:44Z</time>
      </trkpt>
      <trkpt lat="42.978012" lon="-2.009869">
        <ele>1271.908</ele>
        <time>2021-11-20T10:58:51Z</time>
      </trkpt>
      <trkpt lat="42.978027" lon="-2.009932">
        <ele>1271.916</ele>
        <time>2021-11-20T10:58:57Z</time>
      </trkpt>
      <trkpt lat="42.978055" lon="-2.009991">
        <ele>1272.047</ele>
        <time>2021-11-20T10:59:01Z</time>
      </trkpt>
      <trkpt lat="42.978068" lon="-2.010050">
        <ele>1271.620</ele>
        <time>2021-11-20T10:59:05Z</time>
      </trkpt>
      <trkpt lat="42.978073" lon="-2.010114">
        <ele>1271.575</ele>
        <time>2021-11-20T10:59:12Z</time>
      </trkpt>
      <trkpt lat="42.978095" lon="-2.010181">
        <ele>1270.948</ele>
        <time>2021-11-20T10:59:17Z</time>
      </trkpt>
      <trkpt lat="42.978101" lon="-2.010244">
        <ele>1270.889</ele>
        <time>2021-11-20T10:59:21Z</time>
      </trkpt>
      <trkpt lat="42.978109" lon="-2.010306">
        <ele>1270.913</ele>
        <time>2021-11-20T10:59:25Z</time>
      </trkpt>
      <trkpt lat="42.978117" lon="-2.010366">
        <ele>1271.199</ele>
        <time>2021-11-20T10:59:30Z</time>
      </trkpt>
      <trkpt lat="42.978102" lon="-2.010427">
        <ele>1271.913</ele>
        <time>2021-11-20T10:59:34Z</time>
      </trkpt>
      <trkpt lat="42.978099" lon="-2.010490">
        <ele>1272.443</ele>
        <time>2021-11-20T10:59:40Z</time>
      </trkpt>
      <trkpt lat="42.978131" lon="-2.010535">
        <ele>1272.007</ele>
        <time>2021-11-20T11:00:05Z</time>
      </trkpt>
      <trkpt lat="42.978148" lon="-2.010595">
        <ele>1272.008</ele>
        <time>2021-11-20T11:00:09Z</time>
      </trkpt>
      <trkpt lat="42.978178" lon="-2.010660">
        <ele>1271.829</ele>
        <time>2021-11-20T11:00:13Z</time>
      </trkpt>
      <trkpt lat="42.978189" lon="-2.010725">
        <ele>1272.190</ele>
        <time>2021-11-20T11:00:17Z</time>
      </trkpt>
      <trkpt lat="42.978228" lon="-2.010762">
        <ele>1271.863</ele>
        <time>2021-11-20T11:00:23Z</time>
      </trkpt>
      <trkpt lat="42.978250" lon="-2.010819">
        <ele>1272.088</ele>
        <time>2021-11-20T11:00:31Z</time>
      </trkpt>
      <trkpt lat="42.978243" lon="-2.010887">
        <ele>1272.241</ele>
        <time>2021-11-20T11:00:38Z</time>
      </trkpt>
      <trkpt lat="42.978226" lon="-2.010944">
        <ele>1272.312</ele>
        <time>2021-11-20T11:00:50Z</time>
      </trkpt>
      <trkpt lat="42.978216" lon="-2.011009">
        <ele>1272.316</ele>
        <time>2021-11-20T11:01:07Z</time>
      </trkpt>
      <trkpt lat="42.978237" lon="-2.011069">
        <ele>1272.162</ele>
        <time>2021-11-20T11:01:13Z</time>
      </trkpt>
      <trkpt lat="42.978232" lon="-2.011136">
        <ele>1272.228</ele>
        <time>2021-11-20T11:01:23Z</time>
      </trkpt>
      <trkpt lat="42.978219" lon="-2.011200">
        <ele>1272.989</ele>
        <time>2021-11-20T11:01:31Z</time>
      </trkpt>
      <trkpt lat="42.978201" lon="-2.011257">
        <ele>1273.617</ele>
        <time>2021-11-20T11:01:38Z</time>
      </trkpt>
      <trkpt lat="42.978205" lon="-2.011320">
        <ele>1274.208</ele>
        <time>2021-11-20T11:01:46Z</time>
      </trkpt>
      <trkpt lat="42.978203" lon="-2.011386">
        <ele>1274.970</ele>
        <time>2021-11-20T11:02:03Z</time>
      </trkpt>
      <trkpt lat="42.978206" lon="-2.011447">
        <ele>1276.371</ele>
        <time>2021-11-20T11:02:11Z</time>
      </trkpt>
      <trkpt lat="42.978209" lon="-2.011513">
        <ele>1277.854</ele>
        <time>2021-11-20T11:02:29Z</time>
      </trkpt>
      <trkpt lat="42.978191" lon="-2.011574">
        <ele>1279.819</ele>
        <time>2021-11-20T11:02:34Z</time>
      </trkpt>
      <trkpt lat="42.978186" lon="-2.011639">
        <ele>1281.692</ele>
        <time>2021-11-20T11:02:56Z</time>
      </trkpt>
      <trkpt lat="42.978198" lon="-2.011699">
        <ele>1282.193</ele>
        <time>2021-11-20T11:03:02Z</time>
      </trkpt>
      <trkpt lat="42.978198" lon="-2.011762">
        <ele>1282.747</ele>
        <time>2021-11-20T11:03:24Z</time>
      </trkpt>
      <trkpt lat="42.978190" lon="-2.011838">
        <ele>1283.833</ele>
        <time>2021-11-20T11:03:30Z</time>
      </trkpt>
      <trkpt lat="42.978182" lon="-2.011903">
        <ele>1284.929</ele>
        <time>2021-11-20T11:03:33Z</time>
      </trkpt>
      <trkpt lat="42.978153" lon="-2.011952">
        <ele>1287.000</ele>
        <time>2021-11-20T11:03:38Z</time>
      </trkpt>
      <trkpt lat="42.978126" lon="-2.012002">
        <ele>1288.720</ele>
        <time>2021-11-20T11:03:52Z</time>
      </trkpt>
      <trkpt lat="42.978100" lon="-2.012059">
        <ele>1290.308</ele>
        <time>2021-11-20T11:04:03Z</time>
      </trkpt>
      <trkpt lat="42.978099" lon="-2.011995">
        <ele>1290.320</ele>
        <time>2021-11-20T11:07:27Z</time>
      </trkpt>
      <trkpt lat="42.978148" lon="-2.011987">
        <ele>1287.361</ele>
        <time>2021-11-20T11:07:58Z</time>
      </trkpt>
      <trkpt lat="42.978151" lon="-2.011924">
        <ele>1286.994</ele>
        <time>2021-11-20T11:08:17Z</time>
      </trkpt>
      <trkpt lat="42.978182" lon="-2.011870">
        <ele>1284.589</ele>
        <time>2021-11-20T11:08:40Z</time>
      </trkpt>
      <trkpt lat="42.978211" lon="-2.011812">
        <ele>1282.472</ele>
        <time>2021-11-20T11:09:15Z</time>
      </trkpt>
      <trkpt lat="42.978223" lon="-2.011752">
        <ele>1281.473</ele>
        <time>2021-11-20T11:09:19Z</time>
      </trkpt>
      <trkpt lat="42.978207" lon="-2.011687">
        <ele>1281.627</ele>
        <time>2021-11-20T11:09:50Z</time>
      </trkpt>
      <trkpt lat="42.978183" lon="-2.011631">
        <ele>1281.533</ele>
        <time>2021-11-20T11:09:58Z</time>
      </trkpt>
      <trkpt lat="42.978174" lon="-2.011569">
        <ele>1280.224</ele>
        <time>2021-11-20T11:10:29Z</time>
      </trkpt>
      <trkpt lat="42.978174" lon="-2.011499">
        <ele>1278.204</ele>
        <time>2021-11-20T11:10:35Z</time>
      </trkpt>
      <trkpt lat="42.978180" lon="-2.011437">
        <ele>1276.414</ele>
        <time>2021-11-20T11:10:53Z</time>
      </trkpt>
      <trkpt lat="42.978206" lon="-2.011380">
        <ele>1274.808</ele>
        <time>2021-11-20T11:11:03Z</time>
      </trkpt>
      <trkpt lat="42.978243" lon="-2.011419">
        <ele>1275.290</ele>
        <time>2021-11-20T11:11:49Z</time>
      </trkpt>
      <trkpt lat="42.978260" lon="-2.011362">
        <ele>1274.381</ele>
        <time>2021-11-20T11:12:11Z</time>
      </trkpt>
      <trkpt lat="42.978307" lon="-2.011363">
        <ele>1274.084</ele>
        <time>2021-11-20T11:12:18Z</time>
      </trkpt>
      <trkpt lat="42.978349" lon="-2.011341">
        <ele>1272.729</ele>
        <time>2021-11-20T11:12:28Z</time>
      </trkpt>
      <trkpt lat="42.978394" lon="-2.011365">
        <ele>1270.292</ele>
        <time>2021-11-20T11:12:58Z</time>
      </trkpt>
      <trkpt lat="42.978422" lon="-2.011420">
        <ele>1268.793</ele>
        <time>2021-11-20T11:13:02Z</time>
      </trkpt>
      <trkpt lat="42.978437" lon="-2.011485">
        <ele>1268.137</ele>
        <time>2021-11-20T11:13:06Z</time>
      </trkpt>
      <trkpt lat="42.978440" lon="-2.011549">
        <ele>1268.263</ele>
        <time>2021-11-20T11:13:11Z</time>
      </trkpt>
      <trkpt lat="42.978456" lon="-2.011611">
        <ele>1267.473</ele>
        <time>2021-11-20T11:13:18Z</time>
      </trkpt>
      <trkpt lat="42.978475" lon="-2.011668">
        <ele>1266.385</ele>
        <time>2021-11-20T11:13:24Z</time>
      </trkpt>
      <trkpt lat="42.978488" lon="-2.011734">
        <ele>1265.313</ele>
        <time>2021-11-20T11:13:32Z</time>
      </trkpt>
      <trkpt lat="42.978500" lon="-2.011800">
        <ele>1264.308</ele>
        <time>2021-11-20T11:13:36Z</time>
      </trkpt>
      <trkpt lat="42.978508" lon="-2.011861">
        <ele>1263.615</ele>
        <time>2021-11-20T11:13:41Z</time>
      </trkpt>
      <trkpt lat="42.978504" lon="-2.011927">
        <ele>1263.826</ele>
        <time>2021-11-20T11:13:47Z</time>
      </trkpt>
      <trkpt lat="42.978503" lon="-2.011989">
        <ele>1263.839</ele>
        <time>2021-11-20T11:13:52Z</time>
      </trkpt>
      <trkpt lat="42.978532" lon="-2.012036">
        <ele>1261.724</ele>
        <time>2021-11-20T11:13:59Z</time>
      </trkpt>
      <trkpt lat="42.978537" lon="-2.012105">
        <ele>1261.337</ele>
        <time>2021-11-20T11:14:09Z</time>
      </trkpt>
      <trkpt lat="42.978545" lon="-2.012173">
        <ele>1260.888</ele>
        <time>2021-11-20T11:14:13Z</time>
      </trkpt>
      <trkpt lat="42.978555" lon="-2.012235">
        <ele>1260.022</ele>
        <time>2021-11-20T11:14:19Z</time>
      </trkpt>
      <trkpt lat="42.978570" lon="-2.012300">
        <ele>1258.638</ele>
        <time>2021-11-20T11:14:25Z</time>
      </trkpt>
      <trkpt lat="42.978595" lon="-2.012353">
        <ele>1256.643</ele>
        <time>2021-11-20T11:14:29Z</time>
      </trkpt>
      <trkpt lat="42.978599" lon="-2.012418">
        <ele>1256.164</ele>
        <time>2021-11-20T11:14:37Z</time>
      </trkpt>
      <trkpt lat="42.978598" lon="-2.012482">
        <ele>1255.910</ele>
        <time>2021-11-20T11:14:59Z</time>
      </trkpt>
      <trkpt lat="42.978581" lon="-2.012548">
        <ele>1256.508</ele>
        <time>2021-11-20T11:15:04Z</time>
      </trkpt>
      <trkpt lat="42.978576" lon="-2.012622">
        <ele>1256.252</ele>
        <time>2021-11-20T11:15:09Z</time>
      </trkpt>
      <trkpt lat="42.978566" lon="-2.012686">
        <ele>1256.363</ele>
        <time>2021-11-20T11:15:14Z</time>
      </trkpt>
      <trkpt lat="42.978558" lon="-2.012750">
        <ele>1256.196</ele>
        <time>2021-11-20T11:15:19Z</time>
      </trkpt>
      <trkpt lat="42.978563" lon="-2.012816">
        <ele>1255.121</ele>
        <time>2021-11-20T11:15:24Z</time>
      </trkpt>
      <trkpt lat="42.978569" lon="-2.012880">
        <ele>1254.114</ele>
        <time>2021-11-20T11:15:27Z</time>
      </trkpt>
      <trkpt lat="42.978586" lon="-2.012940">
        <ele>1252.535</ele>
        <time>2021-11-20T11:15:30Z</time>
      </trkpt>
      <trkpt lat="42.978602" lon="-2.013007">
        <ele>1251.079</ele>
        <time>2021-11-20T11:15:35Z</time>
      </trkpt>
      <trkpt lat="42.978557" lon="-2.012989">
        <ele>1253.345</ele>
        <time>2021-11-20T11:15:42Z</time>
      </trkpt>
      <trkpt lat="42.978571" lon="-2.013049">
        <ele>1252.035</ele>
        <time>2021-11-20T11:15:50Z</time>
      </trkpt>
      <trkpt lat="42.978577" lon="-2.013119">
        <ele>1250.686</ele>
        <time>2021-11-20T11:15:54Z</time>
      </trkpt>
      <trkpt lat="42.978574" lon="-2.013196">
        <ele>1249.614</ele>
        <time>2021-11-20T11:15:58Z</time>
      </trkpt>
      <trkpt lat="42.978583" lon="-2.013260">
        <ele>1248.208</ele>
        <time>2021-11-20T11:16:02Z</time>
      </trkpt>
      <trkpt lat="42.978581" lon="-2.013329">
        <ele>1247.351</ele>
        <time>2021-11-20T11:16:06Z</time>
      </trkpt>
      <trkpt lat="42.978569" lon="-2.013394">
        <ele>1246.792</ele>
        <time>2021-11-20T11:16:17Z</time>
      </trkpt>
      <trkpt lat="42.978550" lon="-2.013452">
        <ele>1246.575</ele>
        <time>2021-11-20T11:16:21Z</time>
      </trkpt>
      <trkpt lat="42.978544" lon="-2.013516">
        <ele>1245.790</ele>
        <time>2021-11-20T11:16:25Z</time>
      </trkpt>
      <trkpt lat="42.978549" lon="-2.013584">
        <ele>1244.433</ele>
        <time>2021-11-20T11:16:30Z</time>
      </trkpt>
      <trkpt lat="42.978548" lon="-2.013648">
        <ele>1243.584</ele>
        <time>2021-11-20T11:16:34Z</time>
      </trkpt>
      <trkpt lat="42.978523" lon="-2.013703">
        <ele>1243.558</ele>
        <time>2021-11-20T11:16:39Z</time>
      </trkpt>
      <trkpt lat="42.978530" lon="-2.013768">
        <ele>1242.454</ele>
        <time>2021-11-20T11:16:44Z</time>
      </trkpt>
      <trkpt lat="42.978537" lon="-2.013835">
        <ele>1241.277</ele>
        <time>2021-11-20T11:16:48Z</time>
      </trkpt>
      <trkpt lat="42.978527" lon="-2.013901">
        <ele>1240.661</ele>
        <time>2021-11-20T11:16:53Z</time>
      </trkpt>
      <trkpt lat="42.978511" lon="-2.013961">
        <ele>1240.527</ele>
        <time>2021-11-20T11:16:58Z</time>
      </trkpt>
      <trkpt lat="42.978512" lon="-2.014026">
        <ele>1239.808</ele>
        <time>2021-11-20T11:17:02Z</time>
      </trkpt>
      <trkpt lat="42.978507" lon="-2.014092">
        <ele>1239.375</ele>
        <time>2021-11-20T11:17:07Z</time>
      </trkpt>
      <trkpt lat="42.978492" lon="-2.014156">
        <ele>1239.286</ele>
        <time>2021-11-20T11:17:12Z</time>
      </trkpt>
      <trkpt lat="42.978490" lon="-2.014225">
        <ele>1238.879</ele>
        <time>2021-11-20T11:17:16Z</time>
      </trkpt>
      <trkpt lat="42.978483" lon="-2.014296">
        <ele>1238.664</ele>
        <time>2021-11-20T11:17:21Z</time>
      </trkpt>
      <trkpt lat="42.978462" lon="-2.014358">
        <ele>1239.147</ele>
        <time>2021-11-20T11:17:26Z</time>
      </trkpt>
      <trkpt lat="42.978452" lon="-2.014423">
        <ele>1239.278</ele>
        <time>2021-11-20T11:17:30Z</time>
      </trkpt>
      <trkpt lat="42.978453" lon="-2.014493">
        <ele>1238.662</ele>
        <time>2021-11-20T11:17:35Z</time>
      </trkpt>
      <trkpt lat="42.978464" lon="-2.014558">
        <ele>1237.648</ele>
        <time>2021-11-20T11:17:40Z</time>
      </trkpt>
      <trkpt lat="42.978494" lon="-2.014612">
        <ele>1235.789</ele>
        <time>2021-11-20T11:17:50Z</time>
      </trkpt>
      <trkpt lat="42.978505" lon="-2.014673">
        <ele>1234.706</ele>
        <time>2021-11-20T11:17:57Z</time>
      </trkpt>
      <trkpt lat="42.978504" lon="-2.014739">
        <ele>1234.326</ele>
        <time>2021-11-20T11:18:03Z</time>
      </trkpt>
      <trkpt lat="42.978497" lon="-2.014801">
        <ele>1234.108</ele>
        <time>2021-11-20T11:18:08Z</time>
      </trkpt>
      <trkpt lat="42.978491" lon="-2.014868">
        <ele>1233.976</ele>
        <time>2021-11-20T11:18:15Z</time>
      </trkpt>
      <trkpt lat="42.978468" lon="-2.014927">
        <ele>1234.817</ele>
        <time>2021-11-20T11:18:22Z</time>
      </trkpt>
      <trkpt lat="42.978473" lon="-2.014994">
        <ele>1234.050</ele>
        <time>2021-11-20T11:18:29Z</time>
      </trkpt>
      <trkpt lat="42.978454" lon="-2.015052">
        <ele>1234.555</ele>
        <time>2021-11-20T11:18:36Z</time>
      </trkpt>
      <trkpt lat="42.978452" lon="-2.015119">
        <ele>1233.958</ele>
        <time>2021-11-20T11:18:46Z</time>
      </trkpt>
      <trkpt lat="42.978464" lon="-2.015181">
        <ele>1232.589</ele>
        <time>2021-11-20T11:18:50Z</time>
      </trkpt>
      <trkpt lat="42.978489" lon="-2.015236">
        <ele>1230.593</ele>
        <time>2021-11-20T11:18:56Z</time>
      </trkpt>
      <trkpt lat="42.978501" lon="-2.015296">
        <ele>1229.279</ele>
        <time>2021-11-20T11:19:02Z</time>
      </trkpt>
      <trkpt lat="42.978525" lon="-2.015353">
        <ele>1227.374</ele>
        <time>2021-11-20T11:19:09Z</time>
      </trkpt>
      <trkpt lat="42.978530" lon="-2.015419">
        <ele>1226.556</ele>
        <time>2021-11-20T11:19:18Z</time>
      </trkpt>
      <trkpt lat="42.978527" lon="-2.015486">
        <ele>1226.121</ele>
        <time>2021-11-20T11:19:24Z</time>
      </trkpt>
      <trkpt lat="42.978523" lon="-2.015548">
        <ele>1225.808</ele>
        <time>2021-11-20T11:19:28Z</time>
      </trkpt>
      <trkpt lat="42.978529" lon="-2.015609">
        <ele>1224.975</ele>
        <time>2021-11-20T11:19:39Z</time>
      </trkpt>
      <trkpt lat="42.978513" lon="-2.015668">
        <ele>1225.216</ele>
        <time>2021-11-20T11:19:43Z</time>
      </trkpt>
      <trkpt lat="42.978520" lon="-2.015733">
        <ele>1224.249</ele>
        <time>2021-11-20T11:19:47Z</time>
      </trkpt>
      <trkpt lat="42.978530" lon="-2.015804">
        <ele>1223.184</ele>
        <time>2021-11-20T11:19:52Z</time>
      </trkpt>
      <trkpt lat="42.978543" lon="-2.015863">
        <ele>1221.987</ele>
        <time>2021-11-20T11:19:57Z</time>
      </trkpt>
      <trkpt lat="42.978563" lon="-2.015923">
        <ele>1220.568</ele>
        <time>2021-11-20T11:20:03Z</time>
      </trkpt>
      <trkpt lat="42.978577" lon="-2.015987">
        <ele>1219.432</ele>
        <time>2021-11-20T11:20:11Z</time>
      </trkpt>
      <trkpt lat="42.978604" lon="-2.016041">
        <ele>1217.868</ele>
        <time>2021-11-20T11:20:19Z</time>
      </trkpt>
      <trkpt lat="42.978615" lon="-2.016104">
        <ele>1216.984</ele>
        <time>2021-11-20T11:20:23Z</time>
      </trkpt>
      <trkpt lat="42.978627" lon="-2.016168">
        <ele>1216.107</ele>
        <time>2021-11-20T11:20:28Z</time>
      </trkpt>
      <trkpt lat="42.978637" lon="-2.016228">
        <ele>1215.517</ele>
        <time>2021-11-20T11:20:33Z</time>
      </trkpt>
      <trkpt lat="42.978649" lon="-2.016294">
        <ele>1214.708</ele>
        <time>2021-11-20T11:20:39Z</time>
      </trkpt>
      <trkpt lat="42.978671" lon="-2.016349">
        <ele>1213.796</ele>
        <time>2021-11-20T11:20:45Z</time>
      </trkpt>
      <trkpt lat="42.978692" lon="-2.016403">
        <ele>1212.917</ele>
        <time>2021-11-20T11:20:52Z</time>
      </trkpt>
      <trkpt lat="42.978704" lon="-2.016467">
        <ele>1212.420</ele>
        <time>2021-11-20T11:20:58Z</time>
      </trkpt>
      <trkpt lat="42.978723" lon="-2.016535">
        <ele>1211.775</ele>
        <time>2021-11-20T11:21:04Z</time>
      </trkpt>
      <trkpt lat="42.978729" lon="-2.016604">
        <ele>1211.378</ele>
        <time>2021-11-20T11:21:09Z</time>
      </trkpt>
      <trkpt lat="42.978732" lon="-2.016683">
        <ele>1210.869</ele>
        <time>2021-11-20T11:21:14Z</time>
      </trkpt>
      <trkpt lat="42.978736" lon="-2.016748">
        <ele>1210.393</ele>
        <time>2021-11-20T11:21:18Z</time>
      </trkpt>
      <trkpt lat="42.978731" lon="-2.016812">
        <ele>1209.929</ele>
        <time>2021-11-20T11:21:24Z</time>
      </trkpt>
      <trkpt lat="42.978735" lon="-2.016876">
        <ele>1209.466</ele>
        <time>2021-11-20T11:21:29Z</time>
      </trkpt>
      <trkpt lat="42.978747" lon="-2.016938">
        <ele>1208.629</ele>
        <time>2021-11-20T11:21:34Z</time>
      </trkpt>
      <trkpt lat="42.978746" lon="-2.017002">
        <ele>1208.321</ele>
        <time>2021-11-20T11:21:40Z</time>
      </trkpt>
      <trkpt lat="42.978757" lon="-2.017065">
        <ele>1207.708</ele>
        <time>2021-11-20T11:21:44Z</time>
      </trkpt>
      <trkpt lat="42.978754" lon="-2.017131">
        <ele>1207.444</ele>
        <time>2021-11-20T11:21:48Z</time>
      </trkpt>
      <trkpt lat="42.978758" lon="-2.017196">
        <ele>1207.055</ele>
        <time>2021-11-20T11:21:51Z</time>
      </trkpt>
      <trkpt lat="42.978789" lon="-2.017251">
        <ele>1206.118</ele>
        <time>2021-11-20T11:21:55Z</time>
      </trkpt>
      <trkpt lat="42.978803" lon="-2.017320">
        <ele>1205.653</ele>
        <time>2021-11-20T11:21:59Z</time>
      </trkpt>
      <trkpt lat="42.978816" lon="-2.017381">
        <ele>1205.336</ele>
        <time>2021-11-20T11:22:03Z</time>
      </trkpt>
      <trkpt lat="42.978830" lon="-2.017444">
        <ele>1204.967</ele>
        <time>2021-11-20T11:22:07Z</time>
      </trkpt>
      <trkpt lat="42.978839" lon="-2.017512">
        <ele>1204.781</ele>
        <time>2021-11-20T11:22:13Z</time>
      </trkpt>
      <trkpt lat="42.978847" lon="-2.017576">
        <ele>1204.387</ele>
        <time>2021-11-20T11:22:18Z</time>
      </trkpt>
      <trkpt lat="42.978875" lon="-2.017625">
        <ele>1203.731</ele>
        <time>2021-11-20T11:22:23Z</time>
      </trkpt>
      <trkpt lat="42.978902" lon="-2.017685">
        <ele>1203.161</ele>
        <time>2021-11-20T11:22:28Z</time>
      </trkpt>
      <trkpt lat="42.978928" lon="-2.017743">
        <ele>1202.507</ele>
        <time>2021-11-20T11:22:32Z</time>
      </trkpt>
      <trkpt lat="42.978949" lon="-2.017798">
        <ele>1202.108</ele>
        <time>2021-11-20T11:22:36Z</time>
      </trkpt>
      <trkpt lat="42.978961" lon="-2.017862">
        <ele>1201.881</ele>
        <time>2021-11-20T11:22:41Z</time>
      </trkpt>
      <trkpt lat="42.978978" lon="-2.017925">
        <ele>1201.592</ele>
        <time>2021-11-20T11:22:46Z</time>
      </trkpt>
      <trkpt lat="42.979004" lon="-2.017983">
        <ele>1201.235</ele>
        <time>2021-11-20T11:22:50Z</time>
      </trkpt>
      <trkpt lat="42.979052" lon="-2.017997">
        <ele>1200.850</ele>
        <time>2021-11-20T11:22:55Z</time>
      </trkpt>
      <trkpt lat="42.979082" lon="-2.018055">
        <ele>1200.623</ele>
        <time>2021-11-20T11:22:59Z</time>
      </trkpt>
      <trkpt lat="42.979108" lon="-2.018115">
        <ele>1200.534</ele>
        <time>2021-11-20T11:23:03Z</time>
      </trkpt>
      <trkpt lat="42.979102" lon="-2.018186">
        <ele>1200.668</ele>
        <time>2021-11-20T11:23:07Z</time>
      </trkpt>
      <trkpt lat="42.979129" lon="-2.018241">
        <ele>1200.774</ele>
        <time>2021-11-20T11:23:11Z</time>
      </trkpt>
      <trkpt lat="42.979166" lon="-2.018281">
        <ele>1200.835</ele>
        <time>2021-11-20T11:23:15Z</time>
      </trkpt>
      <trkpt lat="42.979199" lon="-2.018325">
        <ele>1201.386</ele>
        <time>2021-11-20T11:23:20Z</time>
      </trkpt>
      <trkpt lat="42.979205" lon="-2.018388">
        <ele>1201.514</ele>
        <time>2021-11-20T11:23:25Z</time>
      </trkpt>
      <trkpt lat="42.979245" lon="-2.018417">
        <ele>1202.208</ele>
        <time>2021-11-20T11:23:28Z</time>
      </trkpt>
      <trkpt lat="42.979284" lon="-2.018458">
        <ele>1203.061</ele>
        <time>2021-11-20T11:23:33Z</time>
      </trkpt>
      <trkpt lat="42.979318" lon="-2.018500">
        <ele>1203.982</ele>
        <time>2021-11-20T11:23:38Z</time>
      </trkpt>
      <trkpt lat="42.979351" lon="-2.018547">
        <ele>1205.065</ele>
        <time>2021-11-20T11:23:43Z</time>
      </trkpt>
      <trkpt lat="42.979390" lon="-2.018585">
        <ele>1206.370</ele>
        <time>2021-11-20T11:23:47Z</time>
      </trkpt>
      <trkpt lat="42.979424" lon="-2.018641">
        <ele>1207.633</ele>
        <time>2021-11-20T11:23:52Z</time>
      </trkpt>
      <trkpt lat="42.979447" lon="-2.018695">
        <ele>1208.354</ele>
        <time>2021-11-20T11:23:56Z</time>
      </trkpt>
      <trkpt lat="42.979484" lon="-2.018740">
        <ele>1208.778</ele>
        <time>2021-11-20T11:24:00Z</time>
      </trkpt>
      <trkpt lat="42.979522" lon="-2.018781">
        <ele>1209.284</ele>
        <time>2021-11-20T11:24:05Z</time>
      </trkpt>
      <trkpt lat="42.979568" lon="-2.018815">
        <ele>1209.824</ele>
        <time>2021-11-20T11:24:10Z</time>
      </trkpt>
      <trkpt lat="42.979604" lon="-2.018855">
        <ele>1210.504</ele>
        <time>2021-11-20T11:24:15Z</time>
      </trkpt>
      <trkpt lat="42.979620" lon="-2.018919">
        <ele>1210.914</ele>
        <time>2021-11-20T11:24:20Z</time>
      </trkpt>
      <trkpt lat="42.979623" lon="-2.018990">
        <ele>1210.808</ele>
        <time>2021-11-20T11:24:25Z</time>
      </trkpt>
      <trkpt lat="42.979627" lon="-2.019057">
        <ele>1210.870</ele>
        <time>2021-11-20T11:24:29Z</time>
      </trkpt>
      <trkpt lat="42.979636" lon="-2.019121">
        <ele>1210.891</ele>
        <time>2021-11-20T11:24:33Z</time>
      </trkpt>
      <trkpt lat="42.979628" lon="-2.019182">
        <ele>1210.684</ele>
        <time>2021-11-20T11:24:37Z</time>
      </trkpt>
      <trkpt lat="42.979658" lon="-2.019229">
        <ele>1210.979</ele>
        <time>2021-11-20T11:24:41Z</time>
      </trkpt>
      <trkpt lat="42.979694" lon="-2.019275">
        <ele>1211.272</ele>
        <time>2021-11-20T11:24:46Z</time>
      </trkpt>
      <trkpt lat="42.979711" lon="-2.019334">
        <ele>1211.373</ele>
        <time>2021-11-20T11:24:50Z</time>
      </trkpt>
      <trkpt lat="42.979717" lon="-2.019404">
        <ele>1211.127</ele>
        <time>2021-11-20T11:24:54Z</time>
      </trkpt>
      <trkpt lat="42.979721" lon="-2.019474">
        <ele>1211.273</ele>
        <time>2021-11-20T11:25:00Z</time>
      </trkpt>
      <trkpt lat="42.979722" lon="-2.019543">
        <ele>1211.724</ele>
        <time>2021-11-20T11:25:05Z</time>
      </trkpt>
      <trkpt lat="42.979718" lon="-2.019608">
        <ele>1212.104</ele>
        <time>2021-11-20T11:25:10Z</time>
      </trkpt>
      <trkpt lat="42.979719" lon="-2.019673">
        <ele>1212.614</ele>
        <time>2021-11-20T11:25:15Z</time>
      </trkpt>
      <trkpt lat="42.979720" lon="-2.019737">
        <ele>1213.108</ele>
        <time>2021-11-20T11:25:20Z</time>
      </trkpt>
      <trkpt lat="42.979720" lon="-2.019801">
        <ele>1213.510</ele>
        <time>2021-11-20T11:25:24Z</time>
      </trkpt>
      <trkpt lat="42.979716" lon="-2.019868">
        <ele>1214.021</ele>
        <time>2021-11-20T11:25:29Z</time>
      </trkpt>
      <trkpt lat="42.979712" lon="-2.019933">
        <ele>1214.434</ele>
        <time>2021-11-20T11:25:33Z</time>
      </trkpt>
      <trkpt lat="42.979708" lon="-2.019999">
        <ele>1214.869</ele>
        <time>2021-11-20T11:25:37Z</time>
      </trkpt>
      <trkpt lat="42.979704" lon="-2.020064">
        <ele>1215.532</ele>
        <time>2021-11-20T11:25:42Z</time>
      </trkpt>
      <trkpt lat="42.979702" lon="-2.020127">
        <ele>1216.223</ele>
        <time>2021-11-20T11:25:47Z</time>
      </trkpt>
      <trkpt lat="42.979709" lon="-2.020191">
        <ele>1216.977</ele>
        <time>2021-11-20T11:25:52Z</time>
      </trkpt>
      <trkpt lat="42.979718" lon="-2.020259">
        <ele>1217.883</ele>
        <time>2021-11-20T11:25:57Z</time>
      </trkpt>
      <trkpt lat="42.979724" lon="-2.020325">
        <ele>1218.572</ele>
        <time>2021-11-20T11:26:02Z</time>
      </trkpt>
      <trkpt lat="42.979732" lon="-2.020386">
        <ele>1219.113</ele>
        <time>2021-11-20T11:26:06Z</time>
      </trkpt>
      <trkpt lat="42.979744" lon="-2.020450">
        <ele>1219.614</ele>
        <time>2021-11-20T11:26:11Z</time>
      </trkpt>
      <trkpt lat="42.979756" lon="-2.020511">
        <ele>1220.208</ele>
        <time>2021-11-20T11:26:17Z</time>
      </trkpt>
      <trkpt lat="42.979772" lon="-2.020569">
        <ele>1220.995</ele>
        <time>2021-11-20T11:26:22Z</time>
      </trkpt>
      <trkpt lat="42.979788" lon="-2.020630">
        <ele>1221.986</ele>
        <time>2021-11-20T11:26:28Z</time>
      </trkpt>
      <trkpt lat="42.979756" lon="-2.020674">
        <ele>1222.939</ele>
        <time>2021-11-20T11:26:38Z</time>
      </trkpt>
      <trkpt lat="42.979711" lon="-2.020707">
        <ele>1223.674</ele>
        <time>2021-11-20T11:26:41Z</time>
      </trkpt>
      <trkpt lat="42.979672" lon="-2.020746">
        <ele>1223.657</ele>
        <time>2021-11-20T11:26:46Z</time>
      </trkpt>
      <trkpt lat="42.979649" lon="-2.020809">
        <ele>1224.358</ele>
        <time>2021-11-20T11:26:50Z</time>
      </trkpt>
      <trkpt lat="42.979627" lon="-2.020869">
        <ele>1224.662</ele>
        <time>2021-11-20T11:26:54Z</time>
      </trkpt>
      <trkpt lat="42.979597" lon="-2.020918">
        <ele>1224.448</ele>
        <time>2021-11-20T11:26:59Z</time>
      </trkpt>
      <trkpt lat="42.979584" lon="-2.020980">
        <ele>1224.628</ele>
        <time>2021-11-20T11:27:05Z</time>
      </trkpt>
      <trkpt lat="42.979556" lon="-2.021031">
        <ele>1224.389</ele>
        <time>2021-11-20T11:27:09Z</time>
      </trkpt>
      <trkpt lat="42.979530" lon="-2.021082">
        <ele>1224.017</ele>
        <time>2021-11-20T11:27:13Z</time>
      </trkpt>
      <trkpt lat="42.979523" lon="-2.021144">
        <ele>1224.208</ele>
        <time>2021-11-20T11:27:17Z</time>
      </trkpt>
      <trkpt lat="42.979521" lon="-2.021210">
        <ele>1224.660</ele>
        <time>2021-11-20T11:27:20Z</time>
      </trkpt>
      <trkpt lat="42.979513" lon="-2.021272">
        <ele>1224.931</ele>
        <time>2021-11-20T11:27:24Z</time>
      </trkpt>
      <trkpt lat="42.979492" lon="-2.021338">
        <ele>1224.814</ele>
        <time>2021-11-20T11:27:28Z</time>
      </trkpt>
      <trkpt lat="42.979469" lon="-2.021392">
        <ele>1224.689</ele>
        <time>2021-11-20T11:27:31Z</time>
      </trkpt>
      <trkpt lat="42.979448" lon="-2.021458">
        <ele>1224.692</ele>
        <time>2021-11-20T11:27:36Z</time>
      </trkpt>
      <trkpt lat="42.979433" lon="-2.021519">
        <ele>1224.773</ele>
        <time>2021-11-20T11:27:40Z</time>
      </trkpt>
      <trkpt lat="42.979407" lon="-2.021581">
        <ele>1224.547</ele>
        <time>2021-11-20T11:27:45Z</time>
      </trkpt>
      <trkpt lat="42.979374" lon="-2.021630">
        <ele>1224.253</ele>
        <time>2021-11-20T11:27:48Z</time>
      </trkpt>
      <trkpt lat="42.979339" lon="-2.021670">
        <ele>1223.732</ele>
        <time>2021-11-20T11:27:55Z</time>
      </trkpt>
      <trkpt lat="42.979313" lon="-2.021731">
        <ele>1223.592</ele>
        <time>2021-11-20T11:28:01Z</time>
      </trkpt>
      <trkpt lat="42.979299" lon="-2.021798">
        <ele>1223.611</ele>
        <time>2021-11-20T11:28:05Z</time>
      </trkpt>
      <trkpt lat="42.979274" lon="-2.021854">
        <ele>1223.408</ele>
        <time>2021-11-20T11:28:08Z</time>
      </trkpt>
      <trkpt lat="42.979261" lon="-2.021914">
        <ele>1223.591</ele>
        <time>2021-11-20T11:28:12Z</time>
      </trkpt>
      <trkpt lat="42.979220" lon="-2.021946">
        <ele>1223.062</ele>
        <time>2021-11-20T11:28:18Z</time>
      </trkpt>
      <trkpt lat="42.979191" lon="-2.022001">
        <ele>1222.415</ele>
        <time>2021-11-20T11:28:24Z</time>
      </trkpt>
      <trkpt lat="42.979159" lon="-2.022053">
        <ele>1221.910</ele>
        <time>2021-11-20T11:28:29Z</time>
      </trkpt>
      <trkpt lat="42.979140" lon="-2.022110">
        <ele>1221.543</ele>
        <time>2021-11-20T11:28:32Z</time>
      </trkpt>
      <trkpt lat="42.979134" lon="-2.022175">
        <ele>1221.384</ele>
        <time>2021-11-20T11:28:37Z</time>
      </trkpt>
      <trkpt lat="42.979077" lon="-2.022150">
        <ele>1220.188</ele>
        <time>2021-11-20T11:28:50Z</time>
      </trkpt>
      <trkpt lat="42.979044" lon="-2.022097">
        <ele>1219.584</ele>
        <time>2021-11-20T11:28:53Z</time>
      </trkpt>
      <trkpt lat="42.979007" lon="-2.022056">
        <ele>1218.927</ele>
        <time>2021-11-20T11:28:56Z</time>
      </trkpt>
      <trkpt lat="42.978961" lon="-2.022063">
        <ele>1218.068</ele>
        <time>2021-11-20T11:29:03Z</time>
      </trkpt>
      <trkpt lat="42.978943" lon="-2.022120">
        <ele>1217.514</ele>
        <time>2021-11-20T11:29:09Z</time>
      </trkpt>
      <trkpt lat="42.978952" lon="-2.022180">
        <ele>1217.508</ele>
        <time>2021-11-20T11:29:16Z</time>
      </trkpt>
      <trkpt lat="42.978953" lon="-2.022249">
        <ele>1217.010</ele>
        <time>2021-11-20T11:29:22Z</time>
      </trkpt>
      <trkpt lat="42.978978" lon="-2.022305">
        <ele>1216.841</ele>
        <time>2021-11-20T11:29:28Z</time>
      </trkpt>
      <trkpt lat="42.978947" lon="-2.022350">
        <ele>1215.584</ele>
        <time>2021-11-20T11:29:43Z</time>
      </trkpt>
      <trkpt lat="42.978933" lon="-2.022411">
        <ele>1214.389</ele>
        <time>2021-11-20T11:29:48Z</time>
      </trkpt>
      <trkpt lat="42.978935" lon="-2.022473">
        <ele>1213.572</ele>
        <time>2021-11-20T11:29:56Z</time>
      </trkpt>
      <trkpt lat="42.978915" lon="-2.022532">
        <ele>1213.333</ele>
        <time>2021-11-20T11:30:03Z</time>
      </trkpt>
      <trkpt lat="42.978893" lon="-2.022586">
        <ele>1214.067</ele>
        <time>2021-11-20T11:30:12Z</time>
      </trkpt>
      <trkpt lat="42.978844" lon="-2.022605">
        <ele>1213.913</ele>
        <time>2021-11-20T11:30:19Z</time>
      </trkpt>
      <trkpt lat="42.978808" lon="-2.022647">
        <ele>1214.694</ele>
        <time>2021-11-20T11:30:26Z</time>
      </trkpt>
      <trkpt lat="42.978766" lon="-2.022675">
        <ele>1214.957</ele>
        <time>2021-11-20T11:30:33Z</time>
      </trkpt>
      <trkpt lat="42.978720" lon="-2.022673">
        <ele>1214.522</ele>
        <time>2021-11-20T11:30:44Z</time>
      </trkpt>
      <trkpt lat="42.978677" lon="-2.022706">
        <ele>1214.908</ele>
        <time>2021-11-20T11:30:47Z</time>
      </trkpt>
      <trkpt lat="42.978644" lon="-2.022752">
        <ele>1215.727</ele>
        <time>2021-11-20T11:30:51Z</time>
      </trkpt>
      <trkpt lat="42.978597" lon="-2.022776">
        <ele>1216.028</ele>
        <time>2021-11-20T11:30:55Z</time>
      </trkpt>
      <trkpt lat="42.978554" lon="-2.022812">
        <ele>1216.381</ele>
        <time>2021-11-20T11:30:59Z</time>
      </trkpt>
      <trkpt lat="42.978524" lon="-2.022862">
        <ele>1216.756</ele>
        <time>2021-11-20T11:31:03Z</time>
      </trkpt>
      <trkpt lat="42.978491" lon="-2.022919">
        <ele>1217.129</ele>
        <time>2021-11-20T11:31:08Z</time>
      </trkpt>
      <trkpt lat="42.978449" lon="-2.022962">
        <ele>1217.290</ele>
        <time>2021-11-20T11:31:13Z</time>
      </trkpt>
      <trkpt lat="42.978407" lon="-2.022992">
        <ele>1217.254</ele>
        <time>2021-11-20T11:31:18Z</time>
      </trkpt>
      <trkpt lat="42.978369" lon="-2.023025">
        <ele>1217.130</ele>
        <time>2021-11-20T11:31:22Z</time>
      </trkpt>
      <trkpt lat="42.978317" lon="-2.023038">
        <ele>1216.918</ele>
        <time>2021-11-20T11:31:29Z</time>
      </trkpt>
      <trkpt lat="42.978284" lon="-2.023081">
        <ele>1217.098</ele>
        <time>2021-11-20T11:31:34Z</time>
      </trkpt>
      <trkpt lat="42.978259" lon="-2.023138">
        <ele>1216.817</ele>
        <time>2021-11-20T11:31:39Z</time>
      </trkpt>
      <trkpt lat="42.978268" lon="-2.023201">
        <ele>1216.808</ele>
        <time>2021-11-20T11:31:44Z</time>
      </trkpt>
      <trkpt lat="42.978286" lon="-2.023266">
        <ele>1216.739</ele>
        <time>2021-11-20T11:31:49Z</time>
      </trkpt>
      <trkpt lat="42.978291" lon="-2.023342">
        <ele>1216.780</ele>
        <time>2021-11-20T11:31:54Z</time>
      </trkpt>
      <trkpt lat="42.978310" lon="-2.023400">
        <ele>1216.683</ele>
        <time>2021-11-20T11:31:58Z</time>
      </trkpt>
      <trkpt lat="42.978326" lon="-2.023461">
        <ele>1216.518</ele>
        <time>2021-11-20T11:32:02Z</time>
      </trkpt>
      <trkpt lat="42.978344" lon="-2.023520">
        <ele>1216.461</ele>
        <time>2021-11-20T11:32:06Z</time>
      </trkpt>
      <trkpt lat="42.978370" lon="-2.023577">
        <ele>1216.492</ele>
        <time>2021-11-20T11:32:10Z</time>
      </trkpt>
      <trkpt lat="42.978388" lon="-2.023643">
        <ele>1216.346</ele>
        <time>2021-11-20T11:32:14Z</time>
      </trkpt>
      <trkpt lat="42.978401" lon="-2.023704">
        <ele>1216.262</ele>
        <time>2021-11-20T11:32:19Z</time>
      </trkpt>
      <trkpt lat="42.978407" lon="-2.023767">
        <ele>1216.062</ele>
        <time>2021-11-20T11:32:23Z</time>
      </trkpt>
      <trkpt lat="42.978418" lon="-2.023828">
        <ele>1215.883</ele>
        <time>2021-11-20T11:32:27Z</time>
      </trkpt>
      <trkpt lat="42.978424" lon="-2.023894">
        <ele>1215.611</ele>
        <time>2021-11-20T11:32:32Z</time>
      </trkpt>
      <trkpt lat="42.978452" lon="-2.023946">
        <ele>1215.208</ele>
        <time>2021-11-20T11:32:37Z</time>
      </trkpt>
      <trkpt lat="42.978472" lon="-2.024005">
        <ele>1214.794</ele>
        <time>2021-11-20T11:32:42Z</time>
      </trkpt>
      <trkpt lat="42.978471" lon="-2.024072">
        <ele>1214.095</ele>
        <time>2021-11-20T11:32:47Z</time>
      </trkpt>
      <trkpt lat="42.978458" lon="-2.024139">
        <ele>1213.228</ele>
        <time>2021-11-20T11:32:53Z</time>
      </trkpt>
      <trkpt lat="42.978436" lon="-2.024197">
        <ele>1212.683</ele>
        <time>2021-11-20T11:32:59Z</time>
      </trkpt>
      <trkpt lat="42.978434" lon="-2.024258">
        <ele>1212.426</ele>
        <time>2021-11-20T11:33:03Z</time>
      </trkpt>
      <trkpt lat="42.978436" lon="-2.024322">
        <ele>1212.267</ele>
        <time>2021-11-20T11:33:13Z</time>
      </trkpt>
      <trkpt lat="42.978457" lon="-2.024380">
        <ele>1212.431</ele>
        <time>2021-11-20T11:33:22Z</time>
      </trkpt>
      <trkpt lat="42.978461" lon="-2.024444">
        <ele>1212.317</ele>
        <time>2021-11-20T11:33:29Z</time>
      </trkpt>
      <trkpt lat="42.978457" lon="-2.024505">
        <ele>1212.899</ele>
        <time>2021-11-20T11:33:39Z</time>
      </trkpt>
      <trkpt lat="42.978433" lon="-2.024558">
        <ele>1212.907</ele>
        <time>2021-11-20T11:33:44Z</time>
      </trkpt>
      <trkpt lat="42.978414" lon="-2.024617">
        <ele>1213.127</ele>
        <time>2021-11-20T11:33:49Z</time>
      </trkpt>
      <trkpt lat="42.978427" lon="-2.024678">
        <ele>1213.908</ele>
        <time>2021-11-20T11:33:55Z</time>
      </trkpt>
      <trkpt lat="42.978442" lon="-2.024738">
        <ele>1214.847</ele>
        <time>2021-11-20T11:34:00Z</time>
      </trkpt>
      <trkpt lat="42.978462" lon="-2.024794">
        <ele>1215.948</ele>
        <time>2021-11-20T11:34:04Z</time>
      </trkpt>
      <trkpt lat="42.978491" lon="-2.024845">
        <ele>1217.051</ele>
        <time>2021-11-20T11:34:08Z</time>
      </trkpt>
      <trkpt lat="42.978505" lon="-2.024907">
        <ele>1218.016</ele>
        <time>2021-11-20T11:34:13Z</time>
      </trkpt>
      <trkpt lat="42.978501" lon="-2.024974">
        <ele>1218.969</ele>
        <time>2021-11-20T11:34:19Z</time>
      </trkpt>
      <trkpt lat="42.978496" lon="-2.025040">
        <ele>1219.940</ele>
        <time>2021-11-20T11:34:25Z</time>
      </trkpt>
      <trkpt lat="42.978496" lon="-2.025102">
        <ele>1221.184</ele>
        <time>2021-11-20T11:34:31Z</time>
      </trkpt>
      <trkpt lat="42.978498" lon="-2.025164">
        <ele>1222.370</ele>
        <time>2021-11-20T11:34:37Z</time>
      </trkpt>
      <trkpt lat="42.978502" lon="-2.025227">
        <ele>1223.423</ele>
        <time>2021-11-20T11:34:43Z</time>
      </trkpt>
      <trkpt lat="42.978509" lon="-2.025292">
        <ele>1224.583</ele>
        <time>2021-11-20T11:34:49Z</time>
      </trkpt>
      <trkpt lat="42.978554" lon="-2.025318">
        <ele>1224.511</ele>
        <time>2021-11-20T11:34:58Z</time>
      </trkpt>
      <trkpt lat="42.978588" lon="-2.025372">
        <ele>1224.808</ele>
        <time>2021-11-20T11:35:03Z</time>
      </trkpt>
      <trkpt lat="42.978619" lon="-2.025438">
        <ele>1225.160</ele>
        <time>2021-11-20T11:35:09Z</time>
      </trkpt>
      <trkpt lat="42.978629" lon="-2.025500">
        <ele>1225.551</ele>
        <time>2021-11-20T11:35:14Z</time>
      </trkpt>
      <trkpt lat="42.978643" lon="-2.025559">
        <ele>1225.784</ele>
        <time>2021-11-20T11:35:19Z</time>
      </trkpt>
      <trkpt lat="42.978615" lon="-2.025618">
        <ele>1225.369</ele>
        <time>2021-11-20T11:35:23Z</time>
      </trkpt>
      <trkpt lat="42.978587" lon="-2.025673">
        <ele>1224.982</ele>
        <time>2021-11-20T11:35:27Z</time>
      </trkpt>
      <trkpt lat="42.978577" lon="-2.025733">
        <ele>1224.383</ele>
        <time>2021-11-20T11:35:32Z</time>
      </trkpt>
      <trkpt lat="42.978559" lon="-2.025794">
        <ele>1223.837</ele>
        <time>2021-11-20T11:35:37Z</time>
      </trkpt>
      <trkpt lat="42.978548" lon="-2.025856">
        <ele>1223.273</ele>
        <time>2021-11-20T11:35:42Z</time>
      </trkpt>
      <trkpt lat="42.978526" lon="-2.025915">
        <ele>1222.617</ele>
        <time>2021-11-20T11:35:52Z</time>
      </trkpt>
      <trkpt lat="42.978533" lon="-2.025978">
        <ele>1221.987</ele>
        <time>2021-11-20T11:35:59Z</time>
      </trkpt>
      <trkpt lat="42.978561" lon="-2.026031">
        <ele>1221.115</ele>
        <time>2021-11-20T11:36:04Z</time>
      </trkpt>
      <trkpt lat="42.978590" lon="-2.026080">
        <ele>1220.408</ele>
        <time>2021-11-20T11:36:09Z</time>
      </trkpt>
      <trkpt lat="42.978603" lon="-2.026144">
        <ele>1219.979</ele>
        <time>2021-11-20T11:36:13Z</time>
      </trkpt>
      <trkpt lat="42.978593" lon="-2.026217">
        <ele>1219.670</ele>
        <time>2021-11-20T11:36:18Z</time>
      </trkpt>
      <trkpt lat="42.978580" lon="-2.026279">
        <ele>1219.453</ele>
        <time>2021-11-20T11:36:22Z</time>
      </trkpt>
      <trkpt lat="42.978581" lon="-2.026344">
        <ele>1219.188</ele>
        <time>2021-11-20T11:36:27Z</time>
      </trkpt>
      <trkpt lat="42.978593" lon="-2.026405">
        <ele>1219.011</ele>
        <time>2021-11-20T11:36:32Z</time>
      </trkpt>
      <trkpt lat="42.978637" lon="-2.026424">
        <ele>1219.522</ele>
        <time>2021-11-20T11:36:37Z</time>
      </trkpt>
      <trkpt lat="42.978641" lon="-2.026491">
        <ele>1219.846</ele>
        <time>2021-11-20T11:36:42Z</time>
      </trkpt>
      <trkpt lat="42.978630" lon="-2.026560">
        <ele>1219.842</ele>
        <time>2021-11-20T11:36:47Z</time>
      </trkpt>
      <trkpt lat="42.978606" lon="-2.026618">
        <ele>1219.892</ele>
        <time>2021-11-20T11:36:51Z</time>
      </trkpt>
      <trkpt lat="42.978598" lon="-2.026685">
        <ele>1219.973</ele>
        <time>2021-11-20T11:36:55Z</time>
      </trkpt>
      <trkpt lat="42.978596" lon="-2.026754">
        <ele>1220.420</ele>
        <time>2021-11-20T11:36:59Z</time>
      </trkpt>
      <trkpt lat="42.978580" lon="-2.026812">
        <ele>1220.608</ele>
        <time>2021-11-20T11:37:02Z</time>
      </trkpt>
      <trkpt lat="42.978546" lon="-2.026865">
        <ele>1220.517</ele>
        <time>2021-11-20T11:37:07Z</time>
      </trkpt>
      <trkpt lat="42.978509" lon="-2.026905">
        <ele>1220.258</ele>
        <time>2021-11-20T11:37:12Z</time>
      </trkpt>
      <trkpt lat="42.978553" lon="-2.026934">
        <ele>1221.151</ele>
        <time>2021-11-20T11:37:28Z</time>
      </trkpt>
      <trkpt lat="42.978597" lon="-2.026953">
        <ele>1221.786</ele>
        <time>2021-11-20T11:37:32Z</time>
      </trkpt>
      <trkpt lat="42.978641" lon="-2.026915">
        <ele>1221.789</ele>
        <time>2021-11-20T11:37:38Z</time>
      </trkpt>
      <trkpt lat="42.978690" lon="-2.026918">
        <ele>1221.690</ele>
        <time>2021-11-20T11:37:43Z</time>
      </trkpt>
      <trkpt lat="42.978734" lon="-2.026940">
        <ele>1221.684</ele>
        <time>2021-11-20T11:37:47Z</time>
      </trkpt>
      <trkpt lat="42.978769" lon="-2.026982">
        <ele>1221.040</ele>
        <time>2021-11-20T11:37:51Z</time>
      </trkpt>
      <trkpt lat="42.978776" lon="-2.027043">
        <ele>1220.355</ele>
        <time>2021-11-20T11:37:56Z</time>
      </trkpt>
      <trkpt lat="42.978811" lon="-2.027085">
        <ele>1219.807</ele>
        <time>2021-11-20T11:38:01Z</time>
      </trkpt>
      <trkpt lat="42.978852" lon="-2.027123">
        <ele>1219.217</ele>
        <time>2021-11-20T11:38:06Z</time>
      </trkpt>
      <trkpt lat="42.978887" lon="-2.027163">
        <ele>1218.608</ele>
        <time>2021-11-20T11:38:14Z</time>
      </trkpt>
      <trkpt lat="42.978933" lon="-2.027160">
        <ele>1218.933</ele>
        <time>2021-11-20T11:38:21Z</time>
      </trkpt>
      <trkpt lat="42.978970" lon="-2.027117">
        <ele>1219.424</ele>
        <time>2021-11-20T11:38:25Z</time>
      </trkpt>
      <trkpt lat="42.979010" lon="-2.027086">
        <ele>1219.797</ele>
        <time>2021-11-20T11:38:30Z</time>
      </trkpt>
      <trkpt lat="42.979055" lon="-2.027097">
        <ele>1219.772</ele>
        <time>2021-11-20T11:38:37Z</time>
      </trkpt>
      <trkpt lat="42.979086" lon="-2.027142">
        <ele>1219.725</ele>
        <time>2021-11-20T11:38:43Z</time>
      </trkpt>
      <trkpt lat="42.979133" lon="-2.027160">
        <ele>1219.896</ele>
        <time>2021-11-20T11:38:50Z</time>
      </trkpt>
      <trkpt lat="42.979159" lon="-2.027216">
        <ele>1219.930</ele>
        <time>2021-11-20T11:38:54Z</time>
      </trkpt>
      <trkpt lat="42.979177" lon="-2.027280">
        <ele>1220.056</ele>
        <time>2021-11-20T11:38:58Z</time>
      </trkpt>
      <trkpt lat="42.979150" lon="-2.027330">
        <ele>1219.896</ele>
        <time>2021-11-20T11:39:04Z</time>
      </trkpt>
      <trkpt lat="42.979177" lon="-2.027383">
        <ele>1220.031</ele>
        <time>2021-11-20T11:39:18Z</time>
      </trkpt>
      <trkpt lat="42.979177" lon="-2.027446">
        <ele>1220.124</ele>
        <time>2021-11-20T11:39:22Z</time>
      </trkpt>
      <trkpt lat="42.979174" lon="-2.027515">
        <ele>1220.108</ele>
        <time>2021-11-20T11:39:26Z</time>
      </trkpt>
      <trkpt lat="42.979186" lon="-2.027578">
        <ele>1220.587</ele>
        <time>2021-11-20T11:39:30Z</time>
      </trkpt>
      <trkpt lat="42.979215" lon="-2.027635">
        <ele>1221.048</ele>
        <time>2021-11-20T11:39:34Z</time>
      </trkpt>
      <trkpt lat="42.979234" lon="-2.027691">
        <ele>1221.561</ele>
        <time>2021-11-20T11:39:39Z</time>
      </trkpt>
      <trkpt lat="42.979252" lon="-2.027752">
        <ele>1222.126</ele>
        <time>2021-11-20T11:39:47Z</time>
      </trkpt>
      <trkpt lat="42.979293" lon="-2.027782">
        <ele>1222.999</ele>
        <time>2021-11-20T11:39:55Z</time>
      </trkpt>
      <trkpt lat="42.979294" lon="-2.027851">
        <ele>1223.920</ele>
        <time>2021-11-20T11:40:04Z</time>
      </trkpt>
      <trkpt lat="42.979300" lon="-2.027915">
        <ele>1224.954</ele>
        <time>2021-11-20T11:40:08Z</time>
      </trkpt>
      <trkpt lat="42.979283" lon="-2.027976">
        <ele>1225.420</ele>
        <time>2021-11-20T11:40:13Z</time>
      </trkpt>
      <trkpt lat="42.979276" lon="-2.028038">
        <ele>1226.149</ele>
        <time>2021-11-20T11:40:16Z</time>
      </trkpt>
      <trkpt lat="42.979275" lon="-2.028104">
        <ele>1226.802</ele>
        <time>2021-11-20T11:40:21Z</time>
      </trkpt>
      <trkpt lat="42.979265" lon="-2.028168">
        <ele>1227.222</ele>
        <time>2021-11-20T11:40:26Z</time>
      </trkpt>
      <trkpt lat="42.979249" lon="-2.028233">
        <ele>1227.408</ele>
        <time>2021-11-20T11:40:31Z</time>
      </trkpt>
      <trkpt lat="42.979249" lon="-2.028295">
        <ele>1228.042</ele>
        <time>2021-11-20T11:40:35Z</time>
      </trkpt>
      <trkpt lat="42.979243" lon="-2.028361">
        <ele>1228.643</ele>
        <time>2021-11-20T11:40:39Z</time>
      </trkpt>
      <trkpt lat="42.979254" lon="-2.028422">
        <ele>1229.956</ele>
        <time>2021-11-20T11:40:44Z</time>
      </trkpt>
      <trkpt lat="42.979245" lon="-2.028485">
        <ele>1230.741</ele>
        <time>2021-11-20T11:40:50Z</time>
      </trkpt>
      <trkpt lat="42.979235" lon="-2.028554">
        <ele>1231.514</ele>
        <time>2021-11-20T11:40:54Z</time>
      </trkpt>
      <trkpt lat="42.979224" lon="-2.028619">
        <ele>1232.315</ele>
        <time>2021-11-20T11:40:59Z</time>
      </trkpt>
      <trkpt lat="42.979218" lon="-2.028682">
        <ele>1233.129</ele>
        <time>2021-11-20T11:41:04Z</time>
      </trkpt>
      <trkpt lat="42.979209" lon="-2.028748">
        <ele>1233.855</ele>
        <time>2021-11-20T11:41:10Z</time>
      </trkpt>
      <trkpt lat="42.979218" lon="-2.028811">
        <ele>1234.979</ele>
        <time>2021-11-20T11:41:20Z</time>
      </trkpt>
      <trkpt lat="42.979205" lon="-2.028875">
        <ele>1235.505</ele>
        <time>2021-11-20T11:41:44Z</time>
      </trkpt>
      <trkpt lat="42.979240" lon="-2.028917">
        <ele>1236.625</ele>
        <time>2021-11-20T11:41:54Z</time>
      </trkpt>
      <trkpt lat="42.979275" lon="-2.028877">
        <ele>1236.808</ele>
        <time>2021-11-20T11:42:04Z</time>
      </trkpt>
      <trkpt lat="42.979322" lon="-2.028855">
        <ele>1237.495</ele>
        <time>2021-11-20T11:42:21Z</time>
      </trkpt>
      <trkpt lat="42.979367" lon="-2.028846">
        <ele>1238.146</ele>
        <time>2021-11-20T11:42:26Z</time>
      </trkpt>
      <trkpt lat="42.979321" lon="-2.028846">
        <ele>1237.219</ele>
        <time>2021-11-20T11:42:33Z</time>
      </trkpt>
      <trkpt lat="42.979277" lon="-2.028876">
        <ele>1236.864</ele>
        <time>2021-11-20T11:42:36Z</time>
      </trkpt>
      <trkpt lat="42.979273" lon="-2.028941">
        <ele>1237.527</ele>
        <time>2021-11-20T11:42:42Z</time>
      </trkpt>
      <trkpt lat="42.979303" lon="-2.028990">
        <ele>1238.568</ele>
        <time>2021-11-20T11:42:47Z</time>
      </trkpt>
      <trkpt lat="42.979315" lon="-2.029054">
        <ele>1239.572</ele>
        <time>2021-11-20T11:42:52Z</time>
      </trkpt>
      <trkpt lat="42.979352" lon="-2.029098">
        <ele>1240.658</ele>
        <time>2021-11-20T11:42:57Z</time>
      </trkpt>
      <trkpt lat="42.979375" lon="-2.029152">
        <ele>1241.692</ele>
        <time>2021-11-20T11:43:03Z</time>
      </trkpt>
      <trkpt lat="42.979410" lon="-2.029190">
        <ele>1242.973</ele>
        <time>2021-11-20T11:43:08Z</time>
      </trkpt>
      <trkpt lat="42.979460" lon="-2.029210">
        <ele>1244.320</ele>
        <time>2021-11-20T11:43:15Z</time>
      </trkpt>
      <trkpt lat="42.979495" lon="-2.029170">
        <ele>1244.208</ele>
        <time>2021-11-20T11:43:20Z</time>
      </trkpt>
      <trkpt lat="42.979541" lon="-2.029150">
        <ele>1244.957</ele>
        <time>2021-11-20T11:43:26Z</time>
      </trkpt>
      <trkpt lat="42.979577" lon="-2.029106">
        <ele>1245.278</ele>
        <time>2021-11-20T11:43:36Z</time>
      </trkpt>
      <trkpt lat="42.979625" lon="-2.029102">
        <ele>1246.261</ele>
        <time>2021-11-20T11:43:41Z</time>
      </trkpt>
      <trkpt lat="42.979668" lon="-2.029079">
        <ele>1246.966</ele>
        <time>2021-11-20T11:43:45Z</time>
      </trkpt>
      <trkpt lat="42.979711" lon="-2.029114">
        <ele>1248.279</ele>
        <time>2021-11-20T11:43:52Z</time>
      </trkpt>
      <trkpt lat="42.979758" lon="-2.029089">
        <ele>1249.210</ele>
        <time>2021-11-20T11:44:02Z</time>
      </trkpt>
      <trkpt lat="42.979807" lon="-2.029110">
        <ele>1251.034</ele>
        <time>2021-11-20T11:44:09Z</time>
      </trkpt>
      <trkpt lat="42.979852" lon="-2.029103">
        <ele>1252.310</ele>
        <time>2021-11-20T11:44:16Z</time>
      </trkpt>
      <trkpt lat="42.979896" lon="-2.029088">
        <ele>1253.486</ele>
        <time>2021-11-20T11:44:25Z</time>
      </trkpt>
      <trkpt lat="42.979933" lon="-2.029129">
        <ele>1255.260</ele>
        <time>2021-11-20T11:44:32Z</time>
      </trkpt>
      <trkpt lat="42.979979" lon="-2.029138">
        <ele>1256.826</ele>
        <time>2021-11-20T11:44:40Z</time>
      </trkpt>
      <trkpt lat="42.980025" lon="-2.029140">
        <ele>1257.708</ele>
        <time>2021-11-20T11:44:47Z</time>
      </trkpt>
      <trkpt lat="42.980072" lon="-2.029146">
        <ele>1258.146</ele>
        <time>2021-11-20T11:44:55Z</time>
      </trkpt>
      <trkpt lat="42.980108" lon="-2.029192">
        <ele>1259.577</ele>
        <time>2021-11-20T11:45:03Z</time>
      </trkpt>
      <trkpt lat="42.980123" lon="-2.029255">
        <ele>1261.360</ele>
        <time>2021-11-20T11:45:10Z</time>
      </trkpt>
      <trkpt lat="42.980112" lon="-2.029317">
        <ele>1262.915</ele>
        <time>2021-11-20T11:45:17Z</time>
      </trkpt>
      <trkpt lat="42.980112" lon="-2.029382">
        <ele>1264.798</ele>
        <time>2021-11-20T11:45:26Z</time>
      </trkpt>
      <trkpt lat="42.980111" lon="-2.029444">
        <ele>1266.439</ele>
        <time>2021-11-20T11:45:33Z</time>
      </trkpt>
      <trkpt lat="42.980084" lon="-2.029501">
        <ele>1267.713</ele>
        <time>2021-11-20T11:45:40Z</time>
      </trkpt>
      <trkpt lat="42.980060" lon="-2.029558">
        <ele>1269.059</ele>
        <time>2021-11-20T11:45:47Z</time>
      </trkpt>
      <trkpt lat="42.980061" lon="-2.029620">
        <ele>1270.589</ele>
        <time>2021-11-20T11:45:56Z</time>
      </trkpt>
      <trkpt lat="42.980097" lon="-2.029662">
        <ele>1271.606</ele>
        <time>2021-11-20T11:46:12Z</time>
      </trkpt>
      <trkpt lat="42.980124" lon="-2.029713">
        <ele>1272.826</ele>
        <time>2021-11-20T11:46:24Z</time>
      </trkpt>
      <trkpt lat="42.980127" lon="-2.029775">
        <ele>1273.808</ele>
        <time>2021-11-20T11:46:30Z</time>
      </trkpt>
      <trkpt lat="42.980128" lon="-2.029837">
        <ele>1274.886</ele>
        <time>2021-11-20T11:46:42Z</time>
      </trkpt>
      <trkpt lat="42.980122" lon="-2.029901">
        <ele>1275.967</ele>
        <time>2021-11-20T11:46:48Z</time>
      </trkpt>
      <trkpt lat="42.980114" lon="-2.029963">
        <ele>1276.890</ele>
        <time>2021-11-20T11:46:52Z</time>
      </trkpt>
      <trkpt lat="42.980140" lon="-2.030019">
        <ele>1277.625</ele>
        <time>2021-11-20T11:46:59Z</time>
      </trkpt>
      <trkpt lat="42.980181" lon="-2.030071">
        <ele>1278.288</ele>
        <time>2021-11-20T11:47:04Z</time>
      </trkpt>
      <trkpt lat="42.980222" lon="-2.030104">
        <ele>1278.759</ele>
        <time>2021-11-20T11:47:08Z</time>
      </trkpt>
      <trkpt lat="42.980257" lon="-2.030150">
        <ele>1279.493</ele>
        <time>2021-11-20T11:47:12Z</time>
      </trkpt>
      <trkpt lat="42.980297" lon="-2.030189">
        <ele>1279.979</ele>
        <time>2021-11-20T11:47:17Z</time>
      </trkpt>
      <trkpt lat="42.980336" lon="-2.030220">
        <ele>1280.141</ele>
        <time>2021-11-20T11:47:22Z</time>
      </trkpt>
      <trkpt lat="42.980370" lon="-2.030272">
        <ele>1280.981</ele>
        <time>2021-11-20T11:47:27Z</time>
      </trkpt>
      <trkpt lat="42.980393" lon="-2.030328">
        <ele>1281.009</ele>
        <time>2021-11-20T11:47:31Z</time>
      </trkpt>
      <trkpt lat="42.980417" lon="-2.030381">
        <ele>1281.208</ele>
        <time>2021-11-20T11:47:35Z</time>
      </trkpt>
      <trkpt lat="42.980446" lon="-2.030429">
        <ele>1281.422</ele>
        <time>2021-11-20T11:47:40Z</time>
      </trkpt>
      <trkpt lat="42.980470" lon="-2.030484">
        <ele>1281.893</ele>
        <time>2021-11-20T11:47:45Z</time>
      </trkpt>
      <trkpt lat="42.980484" lon="-2.030553">
        <ele>1282.266</ele>
        <time>2021-11-20T11:47:51Z</time>
      </trkpt>
      <trkpt lat="42.980502" lon="-2.030620">
        <ele>1282.691</ele>
        <time>2021-11-20T11:47:56Z</time>
      </trkpt>
      <trkpt lat="42.980517" lon="-2.030679">
        <ele>1282.984</ele>
        <time>2021-11-20T11:48:00Z</time>
      </trkpt>
      <trkpt lat="42.980530" lon="-2.030748">
        <ele>1283.395</ele>
        <time>2021-11-20T11:48:07Z</time>
      </trkpt>
      <trkpt lat="42.980563" lon="-2.030804">
        <ele>1284.029</ele>
        <time>2021-11-20T11:48:12Z</time>
      </trkpt>
      <trkpt lat="42.980580" lon="-2.030873">
        <ele>1284.645</ele>
        <time>2021-11-20T11:48:18Z</time>
      </trkpt>
      <trkpt lat="42.980594" lon="-2.030932">
        <ele>1285.175</ele>
        <time>2021-11-20T11:48:23Z</time>
      </trkpt>
      <trkpt lat="42.980601" lon="-2.030994">
        <ele>1285.528</ele>
        <time>2021-11-20T11:48:28Z</time>
      </trkpt>
      <trkpt lat="42.980610" lon="-2.031055">
        <ele>1285.920</ele>
        <time>2021-11-20T11:48:33Z</time>
      </trkpt>
      <trkpt lat="42.980630" lon="-2.031125">
        <ele>1286.608</ele>
        <time>2021-11-20T11:48:38Z</time>
      </trkpt>
      <trkpt lat="42.980653" lon="-2.031181">
        <ele>1287.295</ele>
        <time>2021-11-20T11:48:42Z</time>
      </trkpt>
      <trkpt lat="42.980674" lon="-2.031238">
        <ele>1287.826</ele>
        <time>2021-11-20T11:48:46Z</time>
      </trkpt>
      <trkpt lat="42.980689" lon="-2.031298">
        <ele>1288.239</ele>
        <time>2021-11-20T11:48:51Z</time>
      </trkpt>
      <trkpt lat="42.980695" lon="-2.031360">
        <ele>1288.554</ele>
        <time>2021-11-20T11:48:56Z</time>
      </trkpt>
      <trkpt lat="42.980704" lon="-2.031427">
        <ele>1288.957</ele>
        <time>2021-11-20T11:49:01Z</time>
      </trkpt>
      <trkpt lat="42.980712" lon="-2.031488">
        <ele>1289.528</ele>
        <time>2021-11-20T11:49:06Z</time>
      </trkpt>
      <trkpt lat="42.980728" lon="-2.031557">
        <ele>1290.242</ele>
        <time>2021-11-20T11:49:12Z</time>
      </trkpt>
      <trkpt lat="42.980746" lon="-2.031621">
        <ele>1290.958</ele>
        <time>2021-11-20T11:49:16Z</time>
      </trkpt>
      <trkpt lat="42.980755" lon="-2.031683">
        <ele>1291.535</ele>
        <time>2021-11-20T11:49:21Z</time>
      </trkpt>
      <trkpt lat="42.980755" lon="-2.031748">
        <ele>1292.486</ele>
        <time>2021-11-20T11:49:25Z</time>
      </trkpt>
      <trkpt lat="42.980763" lon="-2.031816">
        <ele>1293.414</ele>
        <time>2021-11-20T11:49:30Z</time>
      </trkpt>
      <trkpt lat="42.980755" lon="-2.031886">
        <ele>1294.108</ele>
        <time>2021-11-20T11:49:36Z</time>
      </trkpt>
      <trkpt lat="42.980748" lon="-2.031952">
        <ele>1294.811</ele>
        <time>2021-11-20T11:49:42Z</time>
      </trkpt>
      <trkpt lat="42.980736" lon="-2.032012">
        <ele>1295.452</ele>
        <time>2021-11-20T11:49:46Z</time>
      </trkpt>
      <trkpt lat="42.980732" lon="-2.032082">
        <ele>1296.175</ele>
        <time>2021-11-20T11:49:52Z</time>
      </trkpt>
      <trkpt lat="42.980707" lon="-2.032134">
        <ele>1296.770</ele>
        <time>2021-11-20T11:49:56Z</time>
      </trkpt>
      <trkpt lat="42.980682" lon="-2.032197">
        <ele>1297.783</ele>
        <time>2021-11-20T11:50:02Z</time>
      </trkpt>
      <trkpt lat="42.980671" lon="-2.032266">
        <ele>1298.774</ele>
        <time>2021-11-20T11:50:08Z</time>
      </trkpt>
      <trkpt lat="42.980655" lon="-2.032331">
        <ele>1299.798</ele>
        <time>2021-11-20T11:50:14Z</time>
      </trkpt>
      <trkpt lat="42.980635" lon="-2.032389">
        <ele>1300.724</ele>
        <time>2021-11-20T11:50:18Z</time>
      </trkpt>
      <trkpt lat="42.980615" lon="-2.032446">
        <ele>1301.674</ele>
        <time>2021-11-20T11:50:22Z</time>
      </trkpt>
      <trkpt lat="42.980605" lon="-2.032508">
        <ele>1302.556</ele>
        <time>2021-11-20T11:50:27Z</time>
      </trkpt>
      <trkpt lat="42.980600" lon="-2.032573">
        <ele>1303.221</ele>
        <time>2021-11-20T11:50:32Z</time>
      </trkpt>
      <trkpt lat="42.980586" lon="-2.032631">
        <ele>1304.008</ele>
        <time>2021-11-20T11:50:37Z</time>
      </trkpt>
      <trkpt lat="42.980566" lon="-2.032698">
        <ele>1305.065</ele>
        <time>2021-11-20T11:50:43Z</time>
      </trkpt>
      <trkpt lat="42.980556" lon="-2.032764">
        <ele>1305.886</ele>
        <time>2021-11-20T11:50:51Z</time>
      </trkpt>
      <trkpt lat="42.980547" lon="-2.032834">
        <ele>1306.259</ele>
        <time>2021-11-20T11:50:56Z</time>
      </trkpt>
      <trkpt lat="42.980533" lon="-2.032903">
        <ele>1306.534</ele>
        <time>2021-11-20T11:51:01Z</time>
      </trkpt>
      <trkpt lat="42.980518" lon="-2.032973">
        <ele>1306.887</ele>
        <time>2021-11-20T11:51:05Z</time>
      </trkpt>
      <trkpt lat="42.980504" lon="-2.033035">
        <ele>1307.198</ele>
        <time>2021-11-20T11:51:10Z</time>
      </trkpt>
      <trkpt lat="42.980529" lon="-2.032980">
        <ele>1307.082</ele>
        <time>2021-11-20T11:53:06Z</time>
      </trkpt>
      <trkpt lat="42.980513" lon="-2.033041">
        <ele>1307.358</ele>
        <time>2021-11-20T11:53:27Z</time>
      </trkpt>
      <trkpt lat="42.980527" lon="-2.033103">
        <ele>1307.384</ele>
        <time>2021-11-20T11:53:33Z</time>
      </trkpt>
      <trkpt lat="42.980510" lon="-2.033161">
        <ele>1306.807</ele>
        <time>2021-11-20T11:53:40Z</time>
      </trkpt>
      <trkpt lat="42.980502" lon="-2.033227">
        <ele>1306.417</ele>
        <time>2021-11-20T11:53:45Z</time>
      </trkpt>
      <trkpt lat="42.980495" lon="-2.033289">
        <ele>1306.008</ele>
        <time>2021-11-20T11:53:48Z</time>
      </trkpt>
      <trkpt lat="42.980474" lon="-2.033344">
        <ele>1305.796</ele>
        <time>2021-11-20T11:53:52Z</time>
      </trkpt>
      <trkpt lat="42.980441" lon="-2.033389">
        <ele>1305.547</ele>
        <time>2021-11-20T11:53:57Z</time>
      </trkpt>
      <trkpt lat="42.980432" lon="-2.033450">
        <ele>1305.350</ele>
        <time>2021-11-20T11:54:01Z</time>
      </trkpt>
      <trkpt lat="42.980425" lon="-2.033520">
        <ele>1305.255</ele>
        <time>2021-11-20T11:54:05Z</time>
      </trkpt>
      <trkpt lat="42.980422" lon="-2.033581">
        <ele>1305.188</ele>
        <time>2021-11-20T11:54:08Z</time>
      </trkpt>
      <trkpt lat="42.980427" lon="-2.033645">
        <ele>1304.949</ele>
        <time>2021-11-20T11:54:12Z</time>
      </trkpt>
      <trkpt lat="42.980403" lon="-2.033702">
        <ele>1304.733</ele>
        <time>2021-11-20T11:54:16Z</time>
      </trkpt>
      <trkpt lat="42.980375" lon="-2.033755">
        <ele>1304.699</ele>
        <time>2021-11-20T11:54:20Z</time>
      </trkpt>
      <trkpt lat="42.980357" lon="-2.033814">
        <ele>1304.662</ele>
        <time>2021-11-20T11:54:24Z</time>
      </trkpt>
      <trkpt lat="42.980352" lon="-2.033877">
        <ele>1304.583</ele>
        <time>2021-11-20T11:54:29Z</time>
      </trkpt>
      <trkpt lat="42.980342" lon="-2.033945">
        <ele>1304.511</ele>
        <time>2021-11-20T11:54:34Z</time>
      </trkpt>
      <trkpt lat="42.980341" lon="-2.034008">
        <ele>1304.408</ele>
        <time>2021-11-20T11:54:38Z</time>
      </trkpt>
      <trkpt lat="42.980344" lon="-2.034079">
        <ele>1304.444</ele>
        <time>2021-11-20T11:54:43Z</time>
      </trkpt>
      <trkpt lat="42.980341" lon="-2.034145">
        <ele>1304.315</ele>
        <time>2021-11-20T11:54:47Z</time>
      </trkpt>
      <trkpt lat="42.980337" lon="-2.034208">
        <ele>1304.278</ele>
        <time>2021-11-20T11:54:51Z</time>
      </trkpt>
      <trkpt lat="42.980330" lon="-2.034274">
        <ele>1304.033</ele>
        <time>2021-11-20T11:54:55Z</time>
      </trkpt>
      <trkpt lat="42.980332" lon="-2.034337">
        <ele>1303.866</ele>
        <time>2021-11-20T11:54:59Z</time>
      </trkpt>
      <trkpt lat="42.980326" lon="-2.034398">
        <ele>1303.617</ele>
        <time>2021-11-20T11:55:05Z</time>
      </trkpt>
      <trkpt lat="42.980337" lon="-2.034458">
        <ele>1303.381</ele>
        <time>2021-11-20T11:55:09Z</time>
      </trkpt>
      <trkpt lat="42.980328" lon="-2.034519">
        <ele>1303.267</ele>
        <time>2021-11-20T11:55:14Z</time>
      </trkpt>
      <trkpt lat="42.980295" lon="-2.034574">
        <ele>1303.389</ele>
        <time>2021-11-20T11:55:18Z</time>
      </trkpt>
      <trkpt lat="42.980264" lon="-2.034641">
        <ele>1303.006</ele>
        <time>2021-11-20T11:55:23Z</time>
      </trkpt>
      <trkpt lat="42.980251" lon="-2.034703">
        <ele>1302.626</ele>
        <time>2021-11-20T11:55:27Z</time>
      </trkpt>
      <trkpt lat="42.980244" lon="-2.034770">
        <ele>1302.108</ele>
        <time>2021-11-20T11:55:31Z</time>
      </trkpt>
      <trkpt lat="42.980254" lon="-2.034836">
        <ele>1301.826</ele>
        <time>2021-11-20T11:55:35Z</time>
      </trkpt>
      <trkpt lat="42.980258" lon="-2.034903">
        <ele>1301.417</ele>
        <time>2021-11-20T11:55:40Z</time>
      </trkpt>
      <trkpt lat="42.980258" lon="-2.034966">
        <ele>1301.080</ele>
        <time>2021-11-20T11:55:44Z</time>
      </trkpt>
      <trkpt lat="42.980255" lon="-2.035029">
        <ele>1300.655</ele>
        <time>2021-11-20T11:55:48Z</time>
      </trkpt>
      <trkpt lat="42.980244" lon="-2.035090">
        <ele>1300.338</ele>
        <time>2021-11-20T11:55:52Z</time>
      </trkpt>
      <trkpt lat="42.980239" lon="-2.035152">
        <ele>1300.039</ele>
        <time>2021-11-20T11:55:57Z</time>
      </trkpt>
      <trkpt lat="42.980227" lon="-2.035223">
        <ele>1299.593</ele>
        <time>2021-11-20T11:56:03Z</time>
      </trkpt>
      <trkpt lat="42.980202" lon="-2.035283">
        <ele>1298.969</ele>
        <time>2021-11-20T11:56:09Z</time>
      </trkpt>
      <trkpt lat="42.980207" lon="-2.035348">
        <ele>1298.362</ele>
        <time>2021-11-20T11:56:15Z</time>
      </trkpt>
      <trkpt lat="42.980224" lon="-2.035408">
        <ele>1297.983</ele>
        <time>2021-11-20T11:56:21Z</time>
      </trkpt>
      <trkpt lat="42.980181" lon="-2.035442">
        <ele>1297.011</ele>
        <time>2021-11-20T11:56:35Z</time>
      </trkpt>
      <trkpt lat="42.980149" lon="-2.035495">
        <ele>1296.208</ele>
        <time>2021-11-20T11:56:39Z</time>
      </trkpt>
      <trkpt lat="42.980129" lon="-2.035563">
        <ele>1295.364</ele>
        <time>2021-11-20T11:56:44Z</time>
      </trkpt>
      <trkpt lat="42.980090" lon="-2.035611">
        <ele>1294.545</ele>
        <time>2021-11-20T11:56:47Z</time>
      </trkpt>
      <trkpt lat="42.980051" lon="-2.035652">
        <ele>1293.868</ele>
        <time>2021-11-20T11:56:51Z</time>
      </trkpt>
      <trkpt lat="42.980027" lon="-2.035712">
        <ele>1293.123</ele>
        <time>2021-11-20T11:56:54Z</time>
      </trkpt>
      <trkpt lat="42.980014" lon="-2.035779">
        <ele>1292.566</ele>
        <time>2021-11-20T11:56:58Z</time>
      </trkpt>
      <trkpt lat="42.980012" lon="-2.035841">
        <ele>1292.087</ele>
        <time>2021-11-20T11:57:01Z</time>
      </trkpt>
      <trkpt lat="42.980001" lon="-2.035902">
        <ele>1291.331</ele>
        <time>2021-11-20T11:57:04Z</time>
      </trkpt>
      <trkpt lat="42.979986" lon="-2.035966">
        <ele>1290.327</ele>
        <time>2021-11-20T11:57:09Z</time>
      </trkpt>
      <trkpt lat="42.979969" lon="-2.036024">
        <ele>1289.448</ele>
        <time>2021-11-20T11:57:13Z</time>
      </trkpt>
      <trkpt lat="42.979956" lon="-2.036089">
        <ele>1288.461</ele>
        <time>2021-11-20T11:57:18Z</time>
      </trkpt>
      <trkpt lat="42.979935" lon="-2.036146">
        <ele>1287.517</ele>
        <time>2021-11-20T11:57:22Z</time>
      </trkpt>
      <trkpt lat="42.979914" lon="-2.036203">
        <ele>1286.708</ele>
        <time>2021-11-20T11:57:27Z</time>
      </trkpt>
      <trkpt lat="42.979911" lon="-2.036273">
        <ele>1286.032</ele>
        <time>2021-11-20T11:57:31Z</time>
      </trkpt>
      <trkpt lat="42.979895" lon="-2.036336">
        <ele>1285.313</ele>
        <time>2021-11-20T11:57:35Z</time>
      </trkpt>
      <trkpt lat="42.979870" lon="-2.036391">
        <ele>1284.696</ele>
        <time>2021-11-20T11:57:39Z</time>
      </trkpt>
      <trkpt lat="42.979844" lon="-2.036447">
        <ele>1283.581</ele>
        <time>2021-11-20T11:57:44Z</time>
      </trkpt>
      <trkpt lat="42.979805" lon="-2.036487">
        <ele>1282.564</ele>
        <time>2021-11-20T11:57:49Z</time>
      </trkpt>
      <trkpt lat="42.979789" lon="-2.036554">
        <ele>1281.375</ele>
        <time>2021-11-20T11:57:56Z</time>
      </trkpt>
      <trkpt lat="42.979757" lon="-2.036603">
        <ele>1280.319</ele>
        <time>2021-11-20T11:58:02Z</time>
      </trkpt>
      <trkpt lat="42.979712" lon="-2.036599">
        <ele>1279.745</ele>
        <time>2021-11-20T11:58:08Z</time>
      </trkpt>
      <trkpt lat="42.979672" lon="-2.036631">
        <ele>1278.248</ele>
        <time>2021-11-20T11:58:13Z</time>
      </trkpt>
      <trkpt lat="42.979640" lon="-2.036683">
        <ele>1276.761</ele>
        <time>2021-11-20T11:58:16Z</time>
      </trkpt>
      <trkpt lat="42.979609" lon="-2.036746">
        <ele>1275.217</ele>
        <time>2021-11-20T11:58:21Z</time>
      </trkpt>
      <trkpt lat="42.979590" lon="-2.036804">
        <ele>1274.208</ele>
        <time>2021-11-20T11:58:24Z</time>
      </trkpt>
      <trkpt lat="42.979564" lon="-2.036857">
        <ele>1273.182</ele>
        <time>2021-11-20T11:58:27Z</time>
      </trkpt>
      <trkpt lat="42.979528" lon="-2.036910">
        <ele>1271.863</ele>
        <time>2021-11-20T11:58:32Z</time>
      </trkpt>
      <trkpt lat="42.979494" lon="-2.036959">
        <ele>1270.886</ele>
        <time>2021-11-20T11:58:36Z</time>
      </trkpt>
      <trkpt lat="42.979459" lon="-2.037006">
        <ele>1269.891</ele>
        <time>2021-11-20T11:58:40Z</time>
      </trkpt>
      <trkpt lat="42.979422" lon="-2.037044">
        <ele>1268.784</ele>
        <time>2021-11-20T11:58:44Z</time>
      </trkpt>
      <trkpt lat="42.979397" lon="-2.037107">
        <ele>1267.845</ele>
        <time>2021-11-20T11:58:48Z</time>
      </trkpt>
      <trkpt lat="42.979362" lon="-2.037155">
        <ele>1266.839</ele>
        <time>2021-11-20T11:58:52Z</time>
      </trkpt>
      <trkpt lat="42.979323" lon="-2.037198">
        <ele>1265.975</ele>
        <time>2021-11-20T11:58:57Z</time>
      </trkpt>
      <trkpt lat="42.979291" lon="-2.037251">
        <ele>1265.153</ele>
        <time>2021-11-20T11:59:02Z</time>
      </trkpt>
      <trkpt lat="42.979262" lon="-2.037303">
        <ele>1264.304</ele>
        <time>2021-11-20T11:59:07Z</time>
      </trkpt>
      <trkpt lat="42.979226" lon="-2.037350">
        <ele>1263.714</ele>
        <time>2021-11-20T11:59:11Z</time>
      </trkpt>
      <trkpt lat="42.979196" lon="-2.037403">
        <ele>1263.308</ele>
        <time>2021-11-20T11:59:15Z</time>
      </trkpt>
      <trkpt lat="42.979189" lon="-2.037466">
        <ele>1263.163</ele>
        <time>2021-11-20T11:59:19Z</time>
      </trkpt>
      <trkpt lat="42.979168" lon="-2.037524">
        <ele>1262.734</ele>
        <time>2021-11-20T11:59:24Z</time>
      </trkpt>
      <trkpt lat="42.979146" lon="-2.037582">
        <ele>1262.317</ele>
        <time>2021-11-20T11:59:28Z</time>
      </trkpt>
      <trkpt lat="42.979145" lon="-2.037644">
        <ele>1261.782</ele>
        <time>2021-11-20T11:59:33Z</time>
      </trkpt>
      <trkpt lat="42.979134" lon="-2.037704">
        <ele>1261.225</ele>
        <time>2021-11-20T11:59:38Z</time>
      </trkpt>
      <trkpt lat="42.979121" lon="-2.037766">
        <ele>1260.826</ele>
        <time>2021-11-20T11:59:42Z</time>
      </trkpt>
      <trkpt lat="42.979104" lon="-2.037830">
        <ele>1260.310</ele>
        <time>2021-11-20T11:59:46Z</time>
      </trkpt>
      <trkpt lat="42.979097" lon="-2.037895">
        <ele>1259.756</ele>
        <time>2021-11-20T11:59:50Z</time>
      </trkpt>
      <trkpt lat="42.979098" lon="-2.037961">
        <ele>1259.089</ele>
        <time>2021-11-20T11:59:55Z</time>
      </trkpt>
      <trkpt lat="42.979085" lon="-2.038020">
        <ele>1258.606</ele>
        <time>2021-11-20T11:59:59Z</time>
      </trkpt>
      <trkpt lat="42.979075" lon="-2.038090">
        <ele>1257.826</ele>
        <time>2021-11-20T12:00:03Z</time>
      </trkpt>
      <trkpt lat="42.979070" lon="-2.038152">
        <ele>1257.008</ele>
        <time>2021-11-20T12:00:07Z</time>
      </trkpt>
      <trkpt lat="42.979062" lon="-2.038224">
        <ele>1256.166</ele>
        <time>2021-11-20T12:00:10Z</time>
      </trkpt>
      <trkpt lat="42.979049" lon="-2.038286">
        <ele>1255.417</ele>
        <time>2021-11-20T12:00:15Z</time>
      </trkpt>
      <trkpt lat="42.979031" lon="-2.038350">
        <ele>1254.850</ele>
        <time>2021-11-20T12:00:19Z</time>
      </trkpt>
      <trkpt lat="42.979002" lon="-2.038399">
        <ele>1254.755</ele>
        <time>2021-11-20T12:00:23Z</time>
      </trkpt>
      <trkpt lat="42.978972" lon="-2.038447">
        <ele>1254.448</ele>
        <time>2021-11-20T12:00:27Z</time>
      </trkpt>
      <trkpt lat="42.978953" lon="-2.038512">
        <ele>1253.679</ele>
        <time>2021-11-20T12:00:31Z</time>
      </trkpt>
      <trkpt lat="42.978953" lon="-2.038581">
        <ele>1252.613</ele>
        <time>2021-11-20T12:00:35Z</time>
      </trkpt>
      <trkpt lat="42.978943" lon="-2.038641">
        <ele>1251.889</ele>
        <time>2021-11-20T12:00:38Z</time>
      </trkpt>
      <trkpt lat="42.978907" lon="-2.038681">
        <ele>1251.198</ele>
        <time>2021-11-20T12:00:42Z</time>
      </trkpt>
      <trkpt lat="42.978883" lon="-2.038739">
        <ele>1250.215</ele>
        <time>2021-11-20T12:00:46Z</time>
      </trkpt>
      <trkpt lat="42.978865" lon="-2.038800">
        <ele>1249.326</ele>
        <time>2021-11-20T12:00:50Z</time>
      </trkpt>
      <trkpt lat="42.978847" lon="-2.038864">
        <ele>1248.408</ele>
        <time>2021-11-20T12:00:55Z</time>
      </trkpt>
      <trkpt lat="42.978845" lon="-2.038929">
        <ele>1248.067</ele>
        <time>2021-11-20T12:00:59Z</time>
      </trkpt>
      <trkpt lat="42.978826" lon="-2.038988">
        <ele>1248.058</ele>
        <time>2021-11-20T12:01:03Z</time>
      </trkpt>
      <trkpt lat="42.978801" lon="-2.039041">
        <ele>1247.781</ele>
        <time>2021-11-20T12:01:06Z</time>
      </trkpt>
      <trkpt lat="42.978765" lon="-2.039084">
        <ele>1247.186</ele>
        <time>2021-11-20T12:01:10Z</time>
      </trkpt>
      <trkpt lat="42.978735" lon="-2.039141">
        <ele>1246.439</ele>
        <time>2021-11-20T12:01:15Z</time>
      </trkpt>
      <trkpt lat="42.978705" lon="-2.039189">
        <ele>1245.720</ele>
        <time>2021-11-20T12:01:18Z</time>
      </trkpt>
      <trkpt lat="42.978696" lon="-2.039251">
        <ele>1245.554</ele>
        <time>2021-11-20T12:01:23Z</time>
      </trkpt>
      <trkpt lat="42.978708" lon="-2.039192">
        <ele>1245.780</ele>
        <time>2021-11-20T12:01:40Z</time>
      </trkpt>
      <trkpt lat="42.978725" lon="-2.039251">
        <ele>1246.042</ele>
        <time>2021-11-20T12:03:01Z</time>
      </trkpt>
      <trkpt lat="42.978737" lon="-2.039313">
        <ele>1246.322</ele>
        <time>2021-11-20T12:03:05Z</time>
      </trkpt>
      <trkpt lat="42.978730" lon="-2.039374">
        <ele>1246.114</ele>
        <time>2021-11-20T12:03:08Z</time>
      </trkpt>
      <trkpt lat="42.978729" lon="-2.039441">
        <ele>1246.108</ele>
        <time>2021-11-20T12:03:12Z</time>
      </trkpt>
      <trkpt lat="42.978720" lon="-2.039503">
        <ele>1245.942</ele>
        <time>2021-11-20T12:03:18Z</time>
      </trkpt>
      <trkpt lat="42.978706" lon="-2.039565">
        <ele>1245.783</ele>
        <time>2021-11-20T12:03:24Z</time>
      </trkpt>
      <trkpt lat="42.978713" lon="-2.039629">
        <ele>1245.846</ele>
        <time>2021-11-20T12:03:28Z</time>
      </trkpt>
      <trkpt lat="42.978718" lon="-2.039694">
        <ele>1245.851</ele>
        <time>2021-11-20T12:03:33Z</time>
      </trkpt>
      <trkpt lat="42.978721" lon="-2.039756">
        <ele>1245.634</ele>
        <time>2021-11-20T12:03:38Z</time>
      </trkpt>
      <trkpt lat="42.978729" lon="-2.039821">
        <ele>1245.385</ele>
        <time>2021-11-20T12:03:43Z</time>
      </trkpt>
      <trkpt lat="42.978729" lon="-2.039889">
        <ele>1245.039</ele>
        <time>2021-11-20T12:03:48Z</time>
      </trkpt>
      <trkpt lat="42.978730" lon="-2.039956">
        <ele>1244.725</ele>
        <time>2021-11-20T12:03:52Z</time>
      </trkpt>
      <trkpt lat="42.978753" lon="-2.040014">
        <ele>1244.433</ele>
        <time>2021-11-20T12:03:56Z</time>
      </trkpt>
      <trkpt lat="42.978771" lon="-2.040071">
        <ele>1244.223</ele>
        <time>2021-11-20T12:04:02Z</time>
      </trkpt>
      <trkpt lat="42.978755" lon="-2.040132">
        <ele>1243.815</ele>
        <time>2021-11-20T12:04:06Z</time>
      </trkpt>
      <trkpt lat="42.978770" lon="-2.040192">
        <ele>1243.608</ele>
        <time>2021-11-20T12:04:11Z</time>
      </trkpt>
      <trkpt lat="42.978769" lon="-2.040268">
        <ele>1243.241</ele>
        <time>2021-11-20T12:04:16Z</time>
      </trkpt>
      <trkpt lat="42.978765" lon="-2.040338">
        <ele>1243.132</ele>
        <time>2021-11-20T12:04:19Z</time>
      </trkpt>
      <trkpt lat="42.978776" lon="-2.040406">
        <ele>1243.165</ele>
        <time>2021-11-20T12:04:24Z</time>
      </trkpt>
      <trkpt lat="42.978784" lon="-2.040478">
        <ele>1243.150</ele>
        <time>2021-11-20T12:04:29Z</time>
      </trkpt>
      <trkpt lat="42.978778" lon="-2.040551">
        <ele>1243.063</ele>
        <time>2021-11-20T12:04:33Z</time>
      </trkpt>
      <trkpt lat="42.978762" lon="-2.040618">
        <ele>1243.024</ele>
        <time>2021-11-20T12:04:38Z</time>
      </trkpt>
      <trkpt lat="42.978752" lon="-2.040684">
        <ele>1243.048</ele>
        <time>2021-11-20T12:04:42Z</time>
      </trkpt>
      <trkpt lat="42.978748" lon="-2.040750">
        <ele>1243.084</ele>
        <time>2021-11-20T12:04:47Z</time>
      </trkpt>
      <trkpt lat="42.978767" lon="-2.040813">
        <ele>1242.939</ele>
        <time>2021-11-20T12:04:52Z</time>
      </trkpt>
      <trkpt lat="42.978768" lon="-2.040875">
        <ele>1242.801</ele>
        <time>2021-11-20T12:04:55Z</time>
      </trkpt>
      <trkpt lat="42.978747" lon="-2.040933">
        <ele>1242.821</ele>
        <time>2021-11-20T12:04:59Z</time>
      </trkpt>
      <trkpt lat="42.978723" lon="-2.040993">
        <ele>1243.008</ele>
        <time>2021-11-20T12:05:03Z</time>
      </trkpt>
      <trkpt lat="42.978717" lon="-2.041060">
        <ele>1242.921</ele>
        <time>2021-11-20T12:05:08Z</time>
      </trkpt>
      <trkpt lat="42.978719" lon="-2.041125">
        <ele>1242.972</ele>
        <time>2021-11-20T12:05:12Z</time>
      </trkpt>
      <trkpt lat="42.978717" lon="-2.041192">
        <ele>1243.155</ele>
        <time>2021-11-20T12:05:18Z</time>
      </trkpt>
      <trkpt lat="42.978726" lon="-2.041259">
        <ele>1243.230</ele>
        <time>2021-11-20T12:05:23Z</time>
      </trkpt>
      <trkpt lat="42.978735" lon="-2.041325">
        <ele>1243.353</ele>
        <time>2021-11-20T12:05:27Z</time>
      </trkpt>
      <trkpt lat="42.978747" lon="-2.041391">
        <ele>1243.594</ele>
        <time>2021-11-20T12:05:31Z</time>
      </trkpt>
      <trkpt lat="42.978772" lon="-2.041452">
        <ele>1243.888</ele>
        <time>2021-11-20T12:05:36Z</time>
      </trkpt>
      <trkpt lat="42.978789" lon="-2.041516">
        <ele>1244.234</ele>
        <time>2021-11-20T12:05:40Z</time>
      </trkpt>
      <trkpt lat="42.978803" lon="-2.041577">
        <ele>1244.746</ele>
        <time>2021-11-20T12:05:45Z</time>
      </trkpt>
      <trkpt lat="42.978807" lon="-2.041644">
        <ele>1245.288</ele>
        <time>2021-11-20T12:05:51Z</time>
      </trkpt>
      <trkpt lat="42.978785" lon="-2.041707">
        <ele>1245.116</ele>
        <time>2021-11-20T12:05:57Z</time>
      </trkpt>
      <trkpt lat="42.978783" lon="-2.041769">
        <ele>1244.708</ele>
        <time>2021-11-20T12:06:02Z</time>
      </trkpt>
      <trkpt lat="42.978810" lon="-2.041819">
        <ele>1244.742</ele>
        <time>2021-11-20T12:06:07Z</time>
      </trkpt>
      <trkpt lat="42.978819" lon="-2.041883">
        <ele>1244.563</ele>
        <time>2021-11-20T12:06:13Z</time>
      </trkpt>
      <trkpt lat="42.978820" lon="-2.041953">
        <ele>1244.216</ele>
        <time>2021-11-20T12:06:19Z</time>
      </trkpt>
      <trkpt lat="42.978807" lon="-2.042016">
        <ele>1243.991</ele>
        <time>2021-11-20T12:06:25Z</time>
      </trkpt>
      <trkpt lat="42.978813" lon="-2.042082">
        <ele>1243.874</ele>
        <time>2021-11-20T12:06:30Z</time>
      </trkpt>
      <trkpt lat="42.978811" lon="-2.042150">
        <ele>1243.655</ele>
        <time>2021-11-20T12:06:34Z</time>
      </trkpt>
      <trkpt lat="42.978806" lon="-2.042211">
        <ele>1243.459</ele>
        <time>2021-11-20T12:06:39Z</time>
      </trkpt>
      <trkpt lat="42.978796" lon="-2.042273">
        <ele>1243.185</ele>
        <time>2021-11-20T12:06:46Z</time>
      </trkpt>
      <trkpt lat="42.978792" lon="-2.042342">
        <ele>1242.739</ele>
        <time>2021-11-20T12:06:51Z</time>
      </trkpt>
      <trkpt lat="42.978794" lon="-2.042408">
        <ele>1242.401</ele>
        <time>2021-11-20T12:06:55Z</time>
      </trkpt>
      <trkpt lat="42.978810" lon="-2.042467">
        <ele>1242.221</ele>
        <time>2021-11-20T12:06:59Z</time>
      </trkpt>
      <trkpt lat="42.978807" lon="-2.042531">
        <ele>1242.008</ele>
        <time>2021-11-20T12:07:04Z</time>
      </trkpt>
      <trkpt lat="42.978820" lon="-2.042593">
        <ele>1242.061</ele>
        <time>2021-11-20T12:07:08Z</time>
      </trkpt>
      <trkpt lat="42.978820" lon="-2.042655">
        <ele>1242.062</ele>
        <time>2021-11-20T12:07:12Z</time>
      </trkpt>
      <trkpt lat="42.978809" lon="-2.042721">
        <ele>1242.065</ele>
        <time>2021-11-20T12:07:17Z</time>
      </trkpt>
      <trkpt lat="42.978803" lon="-2.042786">
        <ele>1242.060</ele>
        <time>2021-11-20T12:07:22Z</time>
      </trkpt>
      <trkpt lat="42.978771" lon="-2.042831">
        <ele>1242.113</ele>
        <time>2021-11-20T12:07:29Z</time>
      </trkpt>
      <trkpt lat="42.978718" lon="-2.042817">
        <ele>1242.024</ele>
        <time>2021-11-20T12:07:39Z</time>
      </trkpt>
      <trkpt lat="42.978674" lon="-2.042804">
        <ele>1242.038</ele>
        <time>2021-11-20T12:07:43Z</time>
      </trkpt>
      <trkpt lat="42.978634" lon="-2.042838">
        <ele>1241.814</ele>
        <time>2021-11-20T12:07:57Z</time>
      </trkpt>
      <trkpt lat="42.978615" lon="-2.042896">
        <ele>1241.651</ele>
        <time>2021-11-20T12:08:02Z</time>
      </trkpt>
      <trkpt lat="42.978587" lon="-2.042949">
        <ele>1241.101</ele>
        <time>2021-11-20T12:08:06Z</time>
      </trkpt>
      <trkpt lat="42.978548" lon="-2.042994">
        <ele>1240.511</ele>
        <time>2021-11-20T12:08:10Z</time>
      </trkpt>
      <trkpt lat="42.978517" lon="-2.043048">
        <ele>1239.708</ele>
        <time>2021-11-20T12:08:14Z</time>
      </trkpt>
      <trkpt lat="42.978472" lon="-2.043078">
        <ele>1239.453</ele>
        <time>2021-11-20T12:08:21Z</time>
      </trkpt>
      <trkpt lat="42.978423" lon="-2.043084">
        <ele>1238.764</ele>
        <time>2021-11-20T12:08:27Z</time>
      </trkpt>
      <trkpt lat="42.978379" lon="-2.043098">
        <ele>1238.317</ele>
        <time>2021-11-20T12:08:32Z</time>
      </trkpt>
      <trkpt lat="42.978327" lon="-2.043099">
        <ele>1237.532</ele>
        <time>2021-11-20T12:08:39Z</time>
      </trkpt>
      <trkpt lat="42.978281" lon="-2.043109">
        <ele>1236.925</ele>
        <time>2021-11-20T12:08:45Z</time>
      </trkpt>
      <trkpt lat="42.978243" lon="-2.043146">
        <ele>1236.586</ele>
        <time>2021-11-20T12:08:51Z</time>
      </trkpt>
      <trkpt lat="42.978199" lon="-2.043170">
        <ele>1235.640</ele>
        <time>2021-11-20T12:08:59Z</time>
      </trkpt>
      <trkpt lat="42.978155" lon="-2.043198">
        <ele>1234.536</ele>
        <time>2021-11-20T12:09:11Z</time>
      </trkpt>
      <trkpt lat="42.978124" lon="-2.043250">
        <ele>1233.386</ele>
        <time>2021-11-20T12:09:15Z</time>
      </trkpt>
      <trkpt lat="42.978079" lon="-2.043276">
        <ele>1231.660</ele>
        <time>2021-11-20T12:09:18Z</time>
      </trkpt>
      <trkpt lat="42.978035" lon="-2.043263">
        <ele>1230.726</ele>
        <time>2021-11-20T12:09:23Z</time>
      </trkpt>
      <trkpt lat="42.977994" lon="-2.043297">
        <ele>1229.608</ele>
        <time>2021-11-20T12:09:33Z</time>
      </trkpt>
      <trkpt lat="42.977975" lon="-2.043355">
        <ele>1229.046</ele>
        <time>2021-11-20T12:09:46Z</time>
      </trkpt>
      <trkpt lat="42.977944" lon="-2.043399">
        <ele>1228.957</ele>
        <time>2021-11-20T12:09:54Z</time>
      </trkpt>
      <trkpt lat="42.977925" lon="-2.043459">
        <ele>1228.950</ele>
        <time>2021-11-20T12:09:58Z</time>
      </trkpt>
      <trkpt lat="42.977899" lon="-2.043509">
        <ele>1228.545</ele>
        <time>2021-11-20T12:10:01Z</time>
      </trkpt>
      <trkpt lat="42.977868" lon="-2.043562">
        <ele>1227.888</ele>
        <time>2021-11-20T12:10:06Z</time>
      </trkpt>
      <trkpt lat="42.977832" lon="-2.043609">
        <ele>1226.899</ele>
        <time>2021-11-20T12:10:15Z</time>
      </trkpt>
      <trkpt lat="42.977799" lon="-2.043652">
        <ele>1226.313</ele>
        <time>2021-11-20T12:10:19Z</time>
      </trkpt>
      <trkpt lat="42.977758" lon="-2.043688">
        <ele>1226.149</ele>
        <time>2021-11-20T12:10:25Z</time>
      </trkpt>
      <trkpt lat="42.977710" lon="-2.043693">
        <ele>1226.061</ele>
        <time>2021-11-20T12:10:30Z</time>
      </trkpt>
      <trkpt lat="42.977676" lon="-2.043743">
        <ele>1226.621</ele>
        <time>2021-11-20T12:10:37Z</time>
      </trkpt>
      <trkpt lat="42.977632" lon="-2.043764">
        <ele>1226.613</ele>
        <time>2021-11-20T12:10:42Z</time>
      </trkpt>
      <trkpt lat="42.977590" lon="-2.043797">
        <ele>1226.808</ele>
        <time>2021-11-20T12:10:47Z</time>
      </trkpt>
      <trkpt lat="42.977546" lon="-2.043832">
        <ele>1226.984</ele>
        <time>2021-11-20T12:10:53Z</time>
      </trkpt>
      <trkpt lat="42.977520" lon="-2.043887">
        <ele>1227.155</ele>
        <time>2021-11-20T12:10:58Z</time>
      </trkpt>
      <trkpt lat="42.977528" lon="-2.043953">
        <ele>1227.958</ele>
        <time>2021-11-20T12:11:04Z</time>
      </trkpt>
      <trkpt lat="42.977559" lon="-2.044002">
        <ele>1228.853</ele>
        <time>2021-11-20T12:11:09Z</time>
      </trkpt>
      <trkpt lat="42.977573" lon="-2.044063">
        <ele>1229.786</ele>
        <time>2021-11-20T12:11:14Z</time>
      </trkpt>
      <trkpt lat="42.977606" lon="-2.044109">
        <ele>1230.797</ele>
        <time>2021-11-20T12:11:23Z</time>
      </trkpt>
      <trkpt lat="42.977620" lon="-2.044179">
        <ele>1231.881</ele>
        <time>2021-11-20T12:11:29Z</time>
      </trkpt>
      <trkpt lat="42.977637" lon="-2.044237">
        <ele>1232.497</ele>
        <time>2021-11-20T12:11:34Z</time>
      </trkpt>
      <trkpt lat="42.977655" lon="-2.044297">
        <ele>1232.938</ele>
        <time>2021-11-20T12:11:39Z</time>
      </trkpt>
      <trkpt lat="42.977663" lon="-2.044362">
        <ele>1233.270</ele>
        <time>2021-11-20T12:11:45Z</time>
      </trkpt>
      <trkpt lat="42.977669" lon="-2.044428">
        <ele>1233.517</ele>
        <time>2021-11-20T12:11:52Z</time>
      </trkpt>
      <trkpt lat="42.977638" lon="-2.044486">
        <ele>1233.408</ele>
        <time>2021-11-20T12:11:57Z</time>
      </trkpt>
      <trkpt lat="42.977594" lon="-2.044514">
        <ele>1233.371</ele>
        <time>2021-11-20T12:12:01Z</time>
      </trkpt>
      <trkpt lat="42.977559" lon="-2.044563">
        <ele>1233.132</ele>
        <time>2021-11-20T12:12:06Z</time>
      </trkpt>
      <trkpt lat="42.977524" lon="-2.044601">
        <ele>1233.025</ele>
        <time>2021-11-20T12:12:14Z</time>
      </trkpt>
      <trkpt lat="42.977515" lon="-2.044665">
        <ele>1233.050</ele>
        <time>2021-11-20T12:12:22Z</time>
      </trkpt>
      <trkpt lat="42.977526" lon="-2.044732">
        <ele>1233.093</ele>
        <time>2021-11-20T12:12:26Z</time>
      </trkpt>
      <trkpt lat="42.977542" lon="-2.044794">
        <ele>1232.794</ele>
        <time>2021-11-20T12:12:30Z</time>
      </trkpt>
      <trkpt lat="42.977556" lon="-2.044853">
        <ele>1232.358</ele>
        <time>2021-11-20T12:12:34Z</time>
      </trkpt>
      <trkpt lat="42.977588" lon="-2.044899">
        <ele>1232.054</ele>
        <time>2021-11-20T12:12:39Z</time>
      </trkpt>
      <trkpt lat="42.977605" lon="-2.044962">
        <ele>1231.575</ele>
        <time>2021-11-20T12:12:45Z</time>
      </trkpt>
      <trkpt lat="42.977614" lon="-2.045028">
        <ele>1230.728</ele>
        <time>2021-11-20T12:12:50Z</time>
      </trkpt>
      <trkpt lat="42.977640" lon="-2.045085">
        <ele>1229.620</ele>
        <time>2021-11-20T12:12:55Z</time>
      </trkpt>
      <trkpt lat="42.977664" lon="-2.045141">
        <ele>1228.608</ele>
        <time>2021-11-20T12:13:00Z</time>
      </trkpt>
      <trkpt lat="42.977677" lon="-2.045208">
        <ele>1227.595</ele>
        <time>2021-11-20T12:13:04Z</time>
      </trkpt>
      <trkpt lat="42.977699" lon="-2.045267">
        <ele>1226.596</ele>
        <time>2021-11-20T12:13:09Z</time>
      </trkpt>
      <trkpt lat="42.977712" lon="-2.045329">
        <ele>1226.239</ele>
        <time>2021-11-20T12:13:13Z</time>
      </trkpt>
      <trkpt lat="42.977723" lon="-2.045391">
        <ele>1226.174</ele>
        <time>2021-11-20T12:13:17Z</time>
      </trkpt>
      <trkpt lat="42.977749" lon="-2.045457">
        <ele>1226.087</ele>
        <time>2021-11-20T12:13:23Z</time>
      </trkpt>
      <trkpt lat="42.977700" lon="-2.045444">
        <ele>1226.158</ele>
        <time>2021-11-20T12:14:22Z</time>
      </trkpt>
      <trkpt lat="42.977653" lon="-2.045436">
        <ele>1226.292</ele>
        <time>2021-11-20T12:14:27Z</time>
      </trkpt>
      <trkpt lat="42.977611" lon="-2.045465">
        <ele>1226.218</ele>
        <time>2021-11-20T12:14:37Z</time>
      </trkpt>
      <trkpt lat="42.977563" lon="-2.045471">
        <ele>1226.224</ele>
        <time>2021-11-20T12:14:43Z</time>
      </trkpt>
      <trkpt lat="42.977515" lon="-2.045467">
        <ele>1226.304</ele>
        <time>2021-11-20T12:14:48Z</time>
      </trkpt>
      <trkpt lat="42.977472" lon="-2.045421">
        <ele>1226.514</ele>
        <time>2021-11-20T12:14:54Z</time>
      </trkpt>
      <trkpt lat="42.977437" lon="-2.045379">
        <ele>1226.608</ele>
        <time>2021-11-20T12:14:57Z</time>
      </trkpt>
      <trkpt lat="42.977391" lon="-2.045391">
        <ele>1226.670</ele>
        <time>2021-11-20T12:15:02Z</time>
      </trkpt>
      <trkpt lat="42.977350" lon="-2.045432">
        <ele>1226.431</ele>
        <time>2021-11-20T12:15:09Z</time>
      </trkpt>
      <trkpt lat="42.977305" lon="-2.045450">
        <ele>1226.474</ele>
        <time>2021-11-20T12:15:14Z</time>
      </trkpt>
      <trkpt lat="42.977267" lon="-2.045492">
        <ele>1226.269</ele>
        <time>2021-11-20T12:15:19Z</time>
      </trkpt>
      <trkpt lat="42.977230" lon="-2.045529">
        <ele>1226.112</ele>
        <time>2021-11-20T12:15:25Z</time>
      </trkpt>
      <trkpt lat="42.977189" lon="-2.045559">
        <ele>1226.043</ele>
        <time>2021-11-20T12:15:31Z</time>
      </trkpt>
      <trkpt lat="42.977165" lon="-2.045614">
        <ele>1225.917</ele>
        <time>2021-11-20T12:15:36Z</time>
      </trkpt>
      <trkpt lat="42.977159" lon="-2.045676">
        <ele>1225.863</ele>
        <time>2021-11-20T12:15:40Z</time>
      </trkpt>
      <trkpt lat="42.977112" lon="-2.045697">
        <ele>1225.628</ele>
        <time>2021-11-20T12:15:54Z</time>
      </trkpt>
      <trkpt lat="42.977066" lon="-2.045719">
        <ele>1225.389</ele>
        <time>2021-11-20T12:16:00Z</time>
      </trkpt>
      <trkpt lat="42.977027" lon="-2.045762">
        <ele>1225.017</ele>
        <time>2021-11-20T12:16:05Z</time>
      </trkpt>
      <trkpt lat="42.976987" lon="-2.045791">
        <ele>1224.608</ele>
        <time>2021-11-20T12:16:13Z</time>
      </trkpt>
      <trkpt lat="42.976939" lon="-2.045804">
        <ele>1224.110</ele>
        <time>2021-11-20T12:16:19Z</time>
      </trkpt>
      <trkpt lat="42.976897" lon="-2.045841">
        <ele>1223.021</ele>
        <time>2021-11-20T12:16:23Z</time>
      </trkpt>
      <trkpt lat="42.976851" lon="-2.045836">
        <ele>1222.354</ele>
        <time>2021-11-20T12:16:28Z</time>
      </trkpt>
      <trkpt lat="42.976808" lon="-2.045809">
        <ele>1221.899</ele>
        <time>2021-11-20T12:16:34Z</time>
      </trkpt>
      <trkpt lat="42.976764" lon="-2.045822">
        <ele>1220.972</ele>
        <time>2021-11-20T12:16:44Z</time>
      </trkpt>
      <trkpt lat="42.976720" lon="-2.045836">
        <ele>1219.943</ele>
        <time>2021-11-20T12:16:52Z</time>
      </trkpt>
      <trkpt lat="42.976673" lon="-2.045838">
        <ele>1219.087</ele>
        <time>2021-11-20T12:17:00Z</time>
      </trkpt>
      <trkpt lat="42.976625" lon="-2.045862">
        <ele>1218.093</ele>
        <time>2021-11-20T12:17:05Z</time>
      </trkpt>
      <trkpt lat="42.976575" lon="-2.045876">
        <ele>1217.557</ele>
        <time>2021-11-20T12:17:09Z</time>
      </trkpt>
      <trkpt lat="42.976541" lon="-2.045921">
        <ele>1216.500</ele>
        <time>2021-11-20T12:17:27Z</time>
      </trkpt>
      <trkpt lat="42.976503" lon="-2.045965">
        <ele>1215.620</ele>
        <time>2021-11-20T12:17:30Z</time>
      </trkpt>
      <trkpt lat="42.976473" lon="-2.046019">
        <ele>1214.808</ele>
        <time>2021-11-20T12:17:33Z</time>
      </trkpt>
      <trkpt lat="42.976438" lon="-2.046068">
        <ele>1214.263</ele>
        <time>2021-11-20T12:17:37Z</time>
      </trkpt>
      <trkpt lat="42.976404" lon="-2.046109">
        <ele>1213.974</ele>
        <time>2021-11-20T12:17:41Z</time>
      </trkpt>
      <trkpt lat="42.976370" lon="-2.046152">
        <ele>1214.037</ele>
        <time>2021-11-20T12:17:45Z</time>
      </trkpt>
      <trkpt lat="42.976335" lon="-2.046198">
        <ele>1214.322</ele>
        <time>2021-11-20T12:17:50Z</time>
      </trkpt>
      <trkpt lat="42.976287" lon="-2.046214">
        <ele>1215.085</ele>
        <time>2021-11-20T12:18:11Z</time>
      </trkpt>
      <trkpt lat="42.976253" lon="-2.046259">
        <ele>1215.166</ele>
        <time>2021-11-20T12:18:14Z</time>
      </trkpt>
      <trkpt lat="42.976220" lon="-2.046308">
        <ele>1215.260</ele>
        <time>2021-11-20T12:18:18Z</time>
      </trkpt>
      <trkpt lat="42.976187" lon="-2.046366">
        <ele>1215.116</ele>
        <time>2021-11-20T12:18:23Z</time>
      </trkpt>
      <trkpt lat="42.976168" lon="-2.046423">
        <ele>1214.896</ele>
        <time>2021-11-20T12:18:28Z</time>
      </trkpt>
      <trkpt lat="42.976150" lon="-2.046492">
        <ele>1214.331</ele>
        <time>2021-11-20T12:18:33Z</time>
      </trkpt>
      <trkpt lat="42.976097" lon="-2.046524">
        <ele>1215.024</ele>
        <time>2021-11-20T12:18:38Z</time>
      </trkpt>
      <trkpt lat="42.976057" lon="-2.046562">
        <ele>1215.908</ele>
        <time>2021-11-20T12:18:42Z</time>
      </trkpt>
      <trkpt lat="42.976030" lon="-2.046617">
        <ele>1216.237</ele>
        <time>2021-11-20T12:18:46Z</time>
      </trkpt>
      <trkpt lat="42.976008" lon="-2.046675">
        <ele>1216.368</ele>
        <time>2021-11-20T12:18:50Z</time>
      </trkpt>
      <trkpt lat="42.975989" lon="-2.046741">
        <ele>1216.261</ele>
        <time>2021-11-20T12:18:55Z</time>
      </trkpt>
      <trkpt lat="42.975969" lon="-2.046797">
        <ele>1216.296</ele>
        <time>2021-11-20T12:18:58Z</time>
      </trkpt>
      <trkpt lat="42.975951" lon="-2.046864">
        <ele>1216.199</ele>
        <time>2021-11-20T12:19:02Z</time>
      </trkpt>
      <trkpt lat="42.975927" lon="-2.046921">
        <ele>1216.230</ele>
        <time>2021-11-20T12:19:05Z</time>
      </trkpt>
      <trkpt lat="42.975899" lon="-2.046971">
        <ele>1216.574</ele>
        <time>2021-11-20T12:19:09Z</time>
      </trkpt>
      <trkpt lat="42.975879" lon="-2.047031">
        <ele>1216.250</ele>
        <time>2021-11-20T12:19:14Z</time>
      </trkpt>
      <trkpt lat="42.975863" lon="-2.047095">
        <ele>1215.883</ele>
        <time>2021-11-20T12:19:19Z</time>
      </trkpt>
      <trkpt lat="42.975845" lon="-2.047152">
        <ele>1215.625</ele>
        <time>2021-11-20T12:19:23Z</time>
      </trkpt>
      <trkpt lat="42.975818" lon="-2.047210">
        <ele>1215.717</ele>
        <time>2021-11-20T12:19:29Z</time>
      </trkpt>
      <trkpt lat="42.975792" lon="-2.047262">
        <ele>1216.008</ele>
        <time>2021-11-20T12:19:33Z</time>
      </trkpt>
      <trkpt lat="42.975764" lon="-2.047315">
        <ele>1216.276</ele>
        <time>2021-11-20T12:19:37Z</time>
      </trkpt>
      <trkpt lat="42.975746" lon="-2.047380">
        <ele>1215.997</ele>
        <time>2021-11-20T12:19:43Z</time>
      </trkpt>
      <trkpt lat="42.975723" lon="-2.047433">
        <ele>1215.840</ele>
        <time>2021-11-20T12:19:47Z</time>
      </trkpt>
      <trkpt lat="42.975697" lon="-2.047485">
        <ele>1215.785</ele>
        <time>2021-11-20T12:19:51Z</time>
      </trkpt>
      <trkpt lat="42.975657" lon="-2.047528">
        <ele>1216.088</ele>
        <time>2021-11-20T12:19:56Z</time>
      </trkpt>
      <trkpt lat="42.975625" lon="-2.047581">
        <ele>1215.999</ele>
        <time>2021-11-20T12:20:00Z</time>
      </trkpt>
      <trkpt lat="42.975590" lon="-2.047627">
        <ele>1216.243</ele>
        <time>2021-11-20T12:20:03Z</time>
      </trkpt>
      <trkpt lat="42.975558" lon="-2.047678">
        <ele>1216.439</ele>
        <time>2021-11-20T12:20:08Z</time>
      </trkpt>
      <trkpt lat="42.975539" lon="-2.047741">
        <ele>1215.986</ele>
        <time>2021-11-20T12:20:13Z</time>
      </trkpt>
      <trkpt lat="42.975517" lon="-2.047796">
        <ele>1215.860</ele>
        <time>2021-11-20T12:20:17Z</time>
      </trkpt>
      <trkpt lat="42.975485" lon="-2.047844">
        <ele>1216.426</ele>
        <time>2021-11-20T12:20:22Z</time>
      </trkpt>
      <trkpt lat="42.975451" lon="-2.047891">
        <ele>1217.008</ele>
        <time>2021-11-20T12:20:27Z</time>
      </trkpt>
      <trkpt lat="42.975428" lon="-2.047951">
        <ele>1217.266</ele>
        <time>2021-11-20T12:20:32Z</time>
      </trkpt>
      <trkpt lat="42.975396" lon="-2.048001">
        <ele>1217.577</ele>
        <time>2021-11-20T12:20:37Z</time>
      </trkpt>
      <trkpt lat="42.975368" lon="-2.048056">
        <ele>1217.750</ele>
        <time>2021-11-20T12:20:43Z</time>
      </trkpt>
      <trkpt lat="42.975337" lon="-2.048103">
        <ele>1218.195</ele>
        <time>2021-11-20T12:20:48Z</time>
      </trkpt>
      <trkpt lat="42.975293" lon="-2.048126">
        <ele>1218.888</ele>
        <time>2021-11-20T12:20:52Z</time>
      </trkpt>
      <trkpt lat="42.975244" lon="-2.048130">
        <ele>1218.819</ele>
        <time>2021-11-20T12:20:57Z</time>
      </trkpt>
      <trkpt lat="42.975194" lon="-2.048142">
        <ele>1218.573</ele>
        <time>2021-11-20T12:21:05Z</time>
      </trkpt>
      <trkpt lat="42.975148" lon="-2.048170">
        <ele>1218.169</ele>
        <time>2021-11-20T12:21:09Z</time>
      </trkpt>
      <trkpt lat="42.975104" lon="-2.048197">
        <ele>1217.767</ele>
        <time>2021-11-20T12:21:14Z</time>
      </trkpt>
      <trkpt lat="42.975061" lon="-2.048228">
        <ele>1217.381</ele>
        <time>2021-11-20T12:21:20Z</time>
      </trkpt>
      <trkpt lat="42.975015" lon="-2.048258">
        <ele>1216.719</ele>
        <time>2021-11-20T12:21:26Z</time>
      </trkpt>
      <trkpt lat="42.974986" lon="-2.048313">
        <ele>1216.208</ele>
        <time>2021-11-20T12:21:31Z</time>
      </trkpt>
      <trkpt lat="42.974969" lon="-2.048378">
        <ele>1216.094</ele>
        <time>2021-11-20T12:21:36Z</time>
      </trkpt>
      <trkpt lat="42.974960" lon="-2.048450">
        <ele>1215.925</ele>
        <time>2021-11-20T12:21:40Z</time>
      </trkpt>
      <trkpt lat="42.974936" lon="-2.048512">
        <ele>1215.758</ele>
        <time>2021-11-20T12:21:44Z</time>
      </trkpt>
      <trkpt lat="42.974926" lon="-2.048576">
        <ele>1215.593</ele>
        <time>2021-11-20T12:21:48Z</time>
      </trkpt>
      <trkpt lat="42.974932" lon="-2.048646">
        <ele>1215.496</ele>
        <time>2021-11-20T12:21:52Z</time>
      </trkpt>
      <trkpt lat="42.974940" lon="-2.048713">
        <ele>1215.327</ele>
        <time>2021-11-20T12:21:57Z</time>
      </trkpt>
      <trkpt lat="42.974937" lon="-2.048777">
        <ele>1215.151</ele>
        <time>2021-11-20T12:22:02Z</time>
      </trkpt>
      <trkpt lat="42.974931" lon="-2.048848">
        <ele>1214.947</ele>
        <time>2021-11-20T12:22:07Z</time>
      </trkpt>
      <trkpt lat="42.974936" lon="-2.048911">
        <ele>1214.766</ele>
        <time>2021-11-20T12:22:10Z</time>
      </trkpt>
      <trkpt lat="42.974967" lon="-2.048957">
        <ele>1214.729</ele>
        <time>2021-11-20T12:22:15Z</time>
      </trkpt>
      <trkpt lat="42.974937" lon="-2.049004">
        <ele>1214.521</ele>
        <time>2021-11-20T12:22:18Z</time>
      </trkpt>
      <trkpt lat="42.974918" lon="-2.049065">
        <ele>1214.308</ele>
        <time>2021-11-20T12:22:23Z</time>
      </trkpt>
      <trkpt lat="42.974923" lon="-2.049131">
        <ele>1214.154</ele>
        <time>2021-11-20T12:22:27Z</time>
      </trkpt>
      <trkpt lat="42.974942" lon="-2.049190">
        <ele>1214.195</ele>
        <time>2021-11-20T12:22:30Z</time>
      </trkpt>
      <trkpt lat="42.974951" lon="-2.049259">
        <ele>1214.518</ele>
        <time>2021-11-20T12:22:35Z</time>
      </trkpt>
      <trkpt lat="42.974942" lon="-2.049330">
        <ele>1214.893</ele>
        <time>2021-11-20T12:22:39Z</time>
      </trkpt>
      <trkpt lat="42.974922" lon="-2.049393">
        <ele>1214.926</ele>
        <time>2021-11-20T12:22:43Z</time>
      </trkpt>
      <trkpt lat="42.974891" lon="-2.049439">
        <ele>1214.897</ele>
        <time>2021-11-20T12:22:48Z</time>
      </trkpt>
      <trkpt lat="42.974864" lon="-2.049502">
        <ele>1214.441</ele>
        <time>2021-11-20T12:22:54Z</time>
      </trkpt>
      <trkpt lat="42.974863" lon="-2.049569">
        <ele>1214.337</ele>
        <time>2021-11-20T12:22:58Z</time>
      </trkpt>
      <trkpt lat="42.974868" lon="-2.049631">
        <ele>1214.242</ele>
        <time>2021-11-20T12:23:02Z</time>
      </trkpt>
      <trkpt lat="42.974908" lon="-2.049672">
        <ele>1214.522</ele>
        <time>2021-11-20T12:23:08Z</time>
      </trkpt>
      <trkpt lat="42.974900" lon="-2.049735">
        <ele>1214.314</ele>
        <time>2021-11-20T12:23:11Z</time>
      </trkpt>
      <trkpt lat="42.974903" lon="-2.049798">
        <ele>1214.508</ele>
        <time>2021-11-20T12:23:17Z</time>
      </trkpt>
      <trkpt lat="42.974907" lon="-2.049860">
        <ele>1214.752</ele>
        <time>2021-11-20T12:23:21Z</time>
      </trkpt>
      <trkpt lat="42.974904" lon="-2.049925">
        <ele>1214.813</ele>
        <time>2021-11-20T12:23:25Z</time>
      </trkpt>
      <trkpt lat="42.974892" lon="-2.049990">
        <ele>1214.836</ele>
        <time>2021-11-20T12:23:30Z</time>
      </trkpt>
      <trkpt lat="42.974881" lon="-2.050054">
        <ele>1214.661</ele>
        <time>2021-11-20T12:23:35Z</time>
      </trkpt>
      <trkpt lat="42.974887" lon="-2.050122">
        <ele>1214.584</ele>
        <time>2021-11-20T12:23:39Z</time>
      </trkpt>
      <trkpt lat="42.974896" lon="-2.050184">
        <ele>1214.545</ele>
        <time>2021-11-20T12:23:44Z</time>
      </trkpt>
      <trkpt lat="42.974921" lon="-2.050237">
        <ele>1214.579</ele>
        <time>2021-11-20T12:23:48Z</time>
      </trkpt>
      <trkpt lat="42.974946" lon="-2.050297">
        <ele>1214.615</ele>
        <time>2021-11-20T12:23:52Z</time>
      </trkpt>
      <trkpt lat="42.974946" lon="-2.050361">
        <ele>1214.771</ele>
        <time>2021-11-20T12:23:57Z</time>
      </trkpt>
      <trkpt lat="42.974954" lon="-2.050423">
        <ele>1214.841</ele>
        <time>2021-11-20T12:24:02Z</time>
      </trkpt>
      <trkpt lat="42.974933" lon="-2.050490">
        <ele>1214.715</ele>
        <time>2021-11-20T12:24:06Z</time>
      </trkpt>
      <trkpt lat="42.974937" lon="-2.050556">
        <ele>1214.808</ele>
        <time>2021-11-20T12:24:10Z</time>
      </trkpt>
      <trkpt lat="42.974947" lon="-2.050623">
        <ele>1215.295</ele>
        <time>2021-11-20T12:24:15Z</time>
      </trkpt>
      <trkpt lat="42.974968" lon="-2.050681">
        <ele>1215.796</ele>
        <time>2021-11-20T12:24:28Z</time>
      </trkpt>
      <trkpt lat="42.974967" lon="-2.050747">
        <ele>1216.229</ele>
        <time>2021-11-20T12:24:31Z</time>
      </trkpt>
      <trkpt lat="42.974978" lon="-2.050828">
        <ele>1216.854</ele>
        <time>2021-11-20T12:24:36Z</time>
      </trkpt>
      <trkpt lat="42.974995" lon="-2.050891">
        <ele>1217.477</ele>
        <time>2021-11-20T12:24:41Z</time>
      </trkpt>
      <trkpt lat="42.975005" lon="-2.050962">
        <ele>1218.038</ele>
        <time>2021-11-20T12:24:46Z</time>
      </trkpt>
      <trkpt lat="42.975005" lon="-2.051030">
        <ele>1218.452</ele>
        <time>2021-11-20T12:24:51Z</time>
      </trkpt>
      <trkpt lat="42.975018" lon="-2.051096">
        <ele>1219.088</ele>
        <time>2021-11-20T12:24:57Z</time>
      </trkpt>
      <trkpt lat="42.975031" lon="-2.051156">
        <ele>1219.584</ele>
        <time>2021-11-20T12:25:01Z</time>
      </trkpt>
      <trkpt lat="42.975042" lon="-2.051221">
        <ele>1220.107</ele>
        <time>2021-11-20T12:25:05Z</time>
      </trkpt>
      <trkpt lat="42.975056" lon="-2.051283">
        <ele>1220.617</ele>
        <time>2021-11-20T12:25:11Z</time>
      </trkpt>
      <trkpt lat="42.975066" lon="-2.051347">
        <ele>1221.208</ele>
        <time>2021-11-20T12:25:16Z</time>
      </trkpt>
      <trkpt lat="42.975076" lon="-2.051408">
        <ele>1221.846</ele>
        <time>2021-11-20T12:25:20Z</time>
      </trkpt>
      <trkpt lat="42.975092" lon="-2.051468">
        <ele>1222.577</ele>
        <time>2021-11-20T12:25:26Z</time>
      </trkpt>
      <trkpt lat="42.975083" lon="-2.051528">
        <ele>1223.160</ele>
        <time>2021-11-20T12:25:32Z</time>
      </trkpt>
      <trkpt lat="42.975124" lon="-2.051561">
        <ele>1223.865</ele>
        <time>2021-11-20T12:25:49Z</time>
      </trkpt>
      <trkpt lat="42.975136" lon="-2.051625">
        <ele>1224.528</ele>
        <time>2021-11-20T12:25:53Z</time>
      </trkpt>
      <trkpt lat="42.975144" lon="-2.051694">
        <ele>1225.489</ele>
        <time>2021-11-20T12:26:30Z</time>
      </trkpt>
      <trkpt lat="42.975172" lon="-2.051745">
        <ele>1226.463</ele>
        <time>2021-11-20T12:26:34Z</time>
      </trkpt>
      <trkpt lat="42.975185" lon="-2.051806">
        <ele>1227.389</ele>
        <time>2021-11-20T12:26:37Z</time>
      </trkpt>
      <trkpt lat="42.975202" lon="-2.051866">
        <ele>1228.378</ele>
        <time>2021-11-20T12:26:42Z</time>
      </trkpt>
      <trkpt lat="42.975210" lon="-2.051933">
        <ele>1229.333</ele>
        <time>2021-11-20T12:26:46Z</time>
      </trkpt>
      <trkpt lat="42.975201" lon="-2.051996">
        <ele>1230.226</ele>
        <time>2021-11-20T12:26:54Z</time>
      </trkpt>
      <trkpt lat="42.975181" lon="-2.052052">
        <ele>1231.008</ele>
        <time>2021-11-20T12:27:01Z</time>
      </trkpt>
      <trkpt lat="42.975168" lon="-2.052118">
        <ele>1232.095</ele>
        <time>2021-11-20T12:27:07Z</time>
      </trkpt>
      <trkpt lat="42.975177" lon="-2.052183">
        <ele>1233.016</ele>
        <time>2021-11-20T12:27:14Z</time>
      </trkpt>
      <trkpt lat="42.975199" lon="-2.052240">
        <ele>1233.929</ele>
        <time>2021-11-20T12:27:22Z</time>
      </trkpt>
      <trkpt lat="42.975213" lon="-2.052306">
        <ele>1234.694</ele>
        <time>2021-11-20T12:27:28Z</time>
      </trkpt>
      <trkpt lat="42.975228" lon="-2.052373">
        <ele>1235.427</ele>
        <time>2021-11-20T12:27:35Z</time>
      </trkpt>
      <trkpt lat="42.975209" lon="-2.052434">
        <ele>1235.988</ele>
        <time>2021-11-20T12:28:01Z</time>
      </trkpt>
      <trkpt lat="42.975196" lon="-2.052501">
        <ele>1236.452</ele>
        <time>2021-11-20T12:28:07Z</time>
      </trkpt>
      <trkpt lat="42.975152" lon="-2.052526">
        <ele>1236.038</ele>
        <time>2021-11-20T12:28:13Z</time>
      </trkpt>
      <trkpt lat="42.975106" lon="-2.052527">
        <ele>1235.639</ele>
        <time>2021-11-20T12:28:18Z</time>
      </trkpt>
      <trkpt lat="42.975055" lon="-2.052537">
        <ele>1235.201</ele>
        <time>2021-11-20T12:28:23Z</time>
      </trkpt>
      <trkpt lat="42.975029" lon="-2.052590">
        <ele>1234.621</ele>
        <time>2021-11-20T12:28:28Z</time>
      </trkpt>
      <trkpt lat="42.975000" lon="-2.052642">
        <ele>1234.008</ele>
        <time>2021-11-20T12:28:34Z</time>
      </trkpt>
      <trkpt lat="42.974952" lon="-2.052628">
        <ele>1232.951</ele>
        <time>2021-11-20T12:28:39Z</time>
      </trkpt>
      <trkpt lat="42.974903" lon="-2.052614">
        <ele>1231.962</ele>
        <time>2021-11-20T12:28:43Z</time>
      </trkpt>
      <trkpt lat="42.974858" lon="-2.052640">
        <ele>1230.785</ele>
        <time>2021-11-20T12:28:49Z</time>
      </trkpt>
      <trkpt lat="42.974808" lon="-2.052645">
        <ele>1229.570</ele>
        <time>2021-11-20T12:28:55Z</time>
      </trkpt>
      <trkpt lat="42.974763" lon="-2.052673">
        <ele>1228.373</ele>
        <time>2021-11-20T12:28:59Z</time>
      </trkpt>
      <trkpt lat="42.974720" lon="-2.052699">
        <ele>1227.254</ele>
        <time>2021-11-20T12:29:03Z</time>
      </trkpt>
      <trkpt lat="42.974673" lon="-2.052688">
        <ele>1225.928</ele>
        <time>2021-11-20T12:29:07Z</time>
      </trkpt>
      <trkpt lat="42.974631" lon="-2.052659">
        <ele>1224.624</ele>
        <time>2021-11-20T12:29:11Z</time>
      </trkpt>
      <trkpt lat="42.974586" lon="-2.052664">
        <ele>1223.366</ele>
        <time>2021-11-20T12:29:15Z</time>
      </trkpt>
      <trkpt lat="42.974557" lon="-2.052717">
        <ele>1222.929</ele>
        <time>2021-11-20T12:29:36Z</time>
      </trkpt>
      <trkpt lat="42.974513" lon="-2.052741">
        <ele>1222.021</ele>
        <time>2021-11-20T12:29:41Z</time>
      </trkpt>
      <trkpt lat="42.974465" lon="-2.052744">
        <ele>1220.908</ele>
        <time>2021-11-20T12:30:03Z</time>
      </trkpt>
      <trkpt lat="42.974435" lon="-2.052802">
        <ele>1220.214</ele>
        <time>2021-11-20T12:30:08Z</time>
      </trkpt>
      <trkpt lat="42.974416" lon="-2.052863">
        <ele>1218.565</ele>
        <time>2021-11-20T12:30:12Z</time>
      </trkpt>
      <trkpt lat="42.974424" lon="-2.052930">
        <ele>1217.628</ele>
        <time>2021-11-20T12:30:17Z</time>
      </trkpt>
      <trkpt lat="42.974417" lon="-2.052995">
        <ele>1216.273</ele>
        <time>2021-11-20T12:30:25Z</time>
      </trkpt>
      <trkpt lat="42.974399" lon="-2.053054">
        <ele>1214.666</ele>
        <time>2021-11-20T12:30:30Z</time>
      </trkpt>
      <trkpt lat="42.974383" lon="-2.053113">
        <ele>1212.857</ele>
        <time>2021-11-20T12:30:34Z</time>
      </trkpt>
      <trkpt lat="42.974360" lon="-2.053173">
        <ele>1210.741</ele>
        <time>2021-11-20T12:30:39Z</time>
      </trkpt>
      <trkpt lat="42.974312" lon="-2.053189">
        <ele>1208.817</ele>
        <time>2021-11-20T12:30:44Z</time>
      </trkpt>
      <trkpt lat="42.974270" lon="-2.053212">
        <ele>1207.096</ele>
        <time>2021-11-20T12:30:55Z</time>
      </trkpt>
      <trkpt lat="42.974223" lon="-2.053215">
        <ele>1205.431</ele>
        <time>2021-11-20T12:31:06Z</time>
      </trkpt>
      <trkpt lat="42.974179" lon="-2.053225">
        <ele>1203.724</ele>
        <time>2021-11-20T12:31:12Z</time>
      </trkpt>
      <trkpt lat="42.974134" lon="-2.053243">
        <ele>1201.808</ele>
        <time>2021-11-20T12:31:19Z</time>
      </trkpt>
      <trkpt lat="42.974089" lon="-2.053261">
        <ele>1199.847</ele>
        <time>2021-11-20T12:31:26Z</time>
      </trkpt>
      <trkpt lat="42.974056" lon="-2.053303">
        <ele>1197.968</ele>
        <time>2021-11-20T12:31:32Z</time>
      </trkpt>
      <trkpt lat="42.974015" lon="-2.053334">
        <ele>1196.121</ele>
        <time>2021-11-20T12:31:37Z</time>
      </trkpt>
      <trkpt lat="42.973973" lon="-2.053367">
        <ele>1194.496</ele>
        <time>2021-11-20T12:31:43Z</time>
      </trkpt>
      <trkpt lat="42.973942" lon="-2.053423">
        <ele>1192.969</ele>
        <time>2021-11-20T12:31:48Z</time>
      </trkpt>
      <trkpt lat="42.973894" lon="-2.053444">
        <ele>1191.310</ele>
        <time>2021-11-20T12:31:52Z</time>
      </trkpt>
      <trkpt lat="42.973845" lon="-2.053444">
        <ele>1190.324</ele>
        <time>2021-11-20T12:31:56Z</time>
      </trkpt>
      <trkpt lat="42.973813" lon="-2.053488">
        <ele>1189.410</ele>
        <time>2021-11-20T12:32:01Z</time>
      </trkpt>
      <trkpt lat="42.973771" lon="-2.053525">
        <ele>1188.562</ele>
        <time>2021-11-20T12:32:06Z</time>
      </trkpt>
      <trkpt lat="42.973719" lon="-2.053530">
        <ele>1187.683</ele>
        <time>2021-11-20T12:32:11Z</time>
      </trkpt>
      <trkpt lat="42.973671" lon="-2.053535">
        <ele>1186.811</ele>
        <time>2021-11-20T12:32:15Z</time>
      </trkpt>
      <trkpt lat="42.973626" lon="-2.053555">
        <ele>1186.008</ele>
        <time>2021-11-20T12:32:20Z</time>
      </trkpt>
      <trkpt lat="42.973584" lon="-2.053587">
        <ele>1185.854</ele>
        <time>2021-11-20T12:32:25Z</time>
      </trkpt>
      <trkpt lat="42.973552" lon="-2.053632">
        <ele>1185.775</ele>
        <time>2021-11-20T12:32:30Z</time>
      </trkpt>
      <trkpt lat="42.973507" lon="-2.053613">
        <ele>1185.698</ele>
        <time>2021-11-20T12:32:38Z</time>
      </trkpt>
      <trkpt lat="42.973539" lon="-2.053659">
        <ele>1185.753</ele>
        <time>2021-11-20T12:33:01Z</time>
      </trkpt>
      <trkpt lat="42.973587" lon="-2.053628">
        <ele>1185.926</ele>
        <time>2021-11-20T12:33:22Z</time>
      </trkpt>
      <trkpt lat="42.973543" lon="-2.053642">
        <ele>1185.757</ele>
        <time>2021-11-20T12:33:45Z</time>
      </trkpt>
      <trkpt lat="42.973497" lon="-2.053671">
        <ele>1185.681</ele>
        <time>2021-11-20T12:34:10Z</time>
      </trkpt>
      <trkpt lat="42.973455" lon="-2.053704">
        <ele>1185.567</ele>
        <time>2021-11-20T12:34:16Z</time>
      </trkpt>
      <trkpt lat="42.973412" lon="-2.053722">
        <ele>1185.555</ele>
        <time>2021-11-20T12:34:23Z</time>
      </trkpt>
      <trkpt lat="42.973367" lon="-2.053735">
        <ele>1185.507</ele>
        <time>2021-11-20T12:34:29Z</time>
      </trkpt>
      <trkpt lat="42.973319" lon="-2.053740">
        <ele>1185.717</ele>
        <time>2021-11-20T12:34:36Z</time>
      </trkpt>
      <trkpt lat="42.973267" lon="-2.053754">
        <ele>1186.508</ele>
        <time>2021-11-20T12:34:40Z</time>
      </trkpt>
      <trkpt lat="42.973220" lon="-2.053778">
        <ele>1187.323</ele>
        <time>2021-11-20T12:34:45Z</time>
      </trkpt>
      <trkpt lat="42.973170" lon="-2.053805">
        <ele>1188.344</ele>
        <time>2021-11-20T12:34:49Z</time>
      </trkpt>
      <trkpt lat="42.973125" lon="-2.053829">
        <ele>1189.217</ele>
        <time>2021-11-20T12:34:52Z</time>
      </trkpt>
      <trkpt lat="42.973076" lon="-2.053837">
        <ele>1190.142</ele>
        <time>2021-11-20T12:34:56Z</time>
      </trkpt>
      <trkpt lat="42.973028" lon="-2.053845">
        <ele>1191.285</ele>
        <time>2021-11-20T12:35:02Z</time>
      </trkpt>
      <trkpt lat="42.972981" lon="-2.053850">
        <ele>1192.436</ele>
        <time>2021-11-20T12:35:09Z</time>
      </trkpt>
      <trkpt lat="42.972931" lon="-2.053865">
        <ele>1193.850</ele>
        <time>2021-11-20T12:35:18Z</time>
      </trkpt>
      <trkpt lat="42.972886" lon="-2.053870">
        <ele>1195.056</ele>
        <time>2021-11-20T12:35:29Z</time>
      </trkpt>
      <trkpt lat="42.972835" lon="-2.053887">
        <ele>1196.574</ele>
        <time>2021-11-20T12:35:34Z</time>
      </trkpt>
      <trkpt lat="42.972783" lon="-2.053902">
        <ele>1198.056</ele>
        <time>2021-11-20T12:35:39Z</time>
      </trkpt>
      <trkpt lat="42.972737" lon="-2.053907">
        <ele>1199.521</ele>
        <time>2021-11-20T12:35:43Z</time>
      </trkpt>
      <trkpt lat="42.972688" lon="-2.053897">
        <ele>1201.008</ele>
        <time>2021-11-20T12:35:48Z</time>
      </trkpt>
      <trkpt lat="42.972675" lon="-2.053836">
        <ele>1200.525</ele>
        <time>2021-11-20T12:35:53Z</time>
      </trkpt>
      <trkpt lat="42.972634" lon="-2.053802">
        <ele>1201.296</ele>
        <time>2021-11-20T12:36:10Z</time>
      </trkpt>
      <trkpt lat="42.972590" lon="-2.053787">
        <ele>1202.419</ele>
        <time>2021-11-20T12:36:18Z</time>
      </trkpt>
      <trkpt lat="42.972547" lon="-2.053818">
        <ele>1204.214</ele>
        <time>2021-11-20T12:36:25Z</time>
      </trkpt>
      <trkpt lat="42.972514" lon="-2.053863">
        <ele>1206.127</ele>
        <time>2021-11-20T12:36:32Z</time>
      </trkpt>
      <trkpt lat="42.972477" lon="-2.053903">
        <ele>1208.168</ele>
        <time>2021-11-20T12:36:48Z</time>
      </trkpt>
      <trkpt lat="42.972458" lon="-2.053972">
        <ele>1209.842</ele>
        <time>2021-11-20T12:36:56Z</time>
      </trkpt>
      <trkpt lat="42.972459" lon="-2.054034">
        <ele>1210.668</ele>
        <time>2021-11-20T12:37:53Z</time>
      </trkpt>
      <trkpt lat="42.972436" lon="-2.054093">
        <ele>1212.394</ele>
        <time>2021-11-20T12:37:59Z</time>
      </trkpt>
      <trkpt lat="42.972473" lon="-2.054128">
        <ele>1211.457</ele>
        <time>2021-11-20T12:38:14Z</time>
      </trkpt>
      <trkpt lat="42.972421" lon="-2.054100">
        <ele>1213.022</ele>
        <time>2021-11-20T12:38:37Z</time>
      </trkpt>
      <trkpt lat="42.972374" lon="-2.054100">
        <ele>1214.708</ele>
        <time>2021-11-20T12:38:46Z</time>
      </trkpt>
      <trkpt lat="42.972409" lon="-2.054156">
        <ele>1214.127</ele>
        <time>2021-11-20T12:38:53Z</time>
      </trkpt>
      <trkpt lat="42.972461" lon="-2.054185">
        <ele>1212.728</ele>
        <time>2021-11-20T12:39:00Z</time>
      </trkpt>
      <trkpt lat="42.972523" lon="-2.054174">
        <ele>1210.331</ele>
        <time>2021-11-20T12:39:02Z</time>
      </trkpt>
      <trkpt lat="42.972476" lon="-2.054176">
        <ele>1212.076</ele>
        <time>2021-11-20T12:39:25Z</time>
      </trkpt>
      <trkpt lat="42.972420" lon="-2.054152">
        <ele>1213.729</ele>
        <time>2021-11-20T12:39:31Z</time>
      </trkpt>
      <trkpt lat="42.972374" lon="-2.054160">
        <ele>1215.560</ele>
        <time>2021-11-20T12:39:35Z</time>
      </trkpt>
      <trkpt lat="42.972338" lon="-2.054121">
        <ele>1216.374</ele>
        <time>2021-11-20T12:39:46Z</time>
      </trkpt>
      <trkpt lat="42.972290" lon="-2.054122">
        <ele>1218.010</ele>
        <time>2021-11-20T12:40:02Z</time>
      </trkpt>
      <trkpt lat="42.972287" lon="-2.054186">
        <ele>1218.937</ele>
        <time>2021-11-20T12:40:19Z</time>
      </trkpt>
      <trkpt lat="42.972251" lon="-2.054229">
        <ele>1220.749</ele>
        <time>2021-11-20T12:40:40Z</time>
      </trkpt>
      <trkpt lat="42.972221" lon="-2.054277">
        <ele>1222.213</ele>
        <time>2021-11-20T12:40:54Z</time>
      </trkpt>
      <trkpt lat="42.972197" lon="-2.054329">
        <ele>1222.308</ele>
        <time>2021-11-20T12:41:05Z</time>
      </trkpt>
      <trkpt lat="42.972173" lon="-2.054382">
        <ele>1222.531</ele>
        <time>2021-11-20T12:41:12Z</time>
      </trkpt>
      <trkpt lat="42.972148" lon="-2.054438">
        <ele>1222.832</ele>
        <time>2021-11-20T12:41:20Z</time>
      </trkpt>
      <trkpt lat="42.972109" lon="-2.054471">
        <ele>1222.615</ele>
        <time>2021-11-20T12:41:30Z</time>
      </trkpt>
      <trkpt lat="42.972124" lon="-2.054532">
        <ele>1223.360</ele>
        <time>2021-11-20T12:41:45Z</time>
      </trkpt>
      <trkpt lat="42.972154" lon="-2.054589">
        <ele>1224.273</ele>
        <time>2021-11-20T12:41:50Z</time>
      </trkpt>
      <trkpt lat="42.972159" lon="-2.054652">
        <ele>1224.824</ele>
        <time>2021-11-20T12:41:55Z</time>
      </trkpt>
      <trkpt lat="42.972137" lon="-2.054707">
        <ele>1225.038</ele>
        <time>2021-11-20T12:42:02Z</time>
      </trkpt>
      <trkpt lat="42.972119" lon="-2.054766">
        <ele>1225.234</ele>
        <time>2021-11-20T12:42:07Z</time>
      </trkpt>
      <trkpt lat="42.972095" lon="-2.054823">
        <ele>1225.545</ele>
        <time>2021-11-20T12:42:12Z</time>
      </trkpt>
      <trkpt lat="42.972081" lon="-2.054881">
        <ele>1225.947</ele>
        <time>2021-11-20T12:42:17Z</time>
      </trkpt>
      <trkpt lat="42.972075" lon="-2.054946">
        <ele>1226.511</ele>
        <time>2021-11-20T12:42:23Z</time>
      </trkpt>
      <trkpt lat="42.972033" lon="-2.054979">
        <ele>1226.808</ele>
        <time>2021-11-20T12:42:36Z</time>
      </trkpt>
      <trkpt lat="42.971998" lon="-2.055021">
        <ele>1227.122</ele>
        <time>2021-11-20T12:42:40Z</time>
      </trkpt>
      <trkpt lat="42.971982" lon="-2.055083">
        <ele>1227.383</ele>
        <time>2021-11-20T12:42:45Z</time>
      </trkpt>
      <trkpt lat="42.971975" lon="-2.055152">
        <ele>1227.526</ele>
        <time>2021-11-20T12:42:48Z</time>
      </trkpt>
      <trkpt lat="42.971977" lon="-2.055221">
        <ele>1227.771</ele>
        <time>2021-11-20T12:42:53Z</time>
      </trkpt>
      <trkpt lat="42.971980" lon="-2.055290">
        <ele>1227.934</ele>
        <time>2021-11-20T12:42:57Z</time>
      </trkpt>
      <trkpt lat="42.971964" lon="-2.055351">
        <ele>1228.235</ele>
        <time>2021-11-20T12:43:02Z</time>
      </trkpt>
      <trkpt lat="42.971928" lon="-2.055394">
        <ele>1228.719</ele>
        <time>2021-11-20T12:43:06Z</time>
      </trkpt>
      <trkpt lat="42.971885" lon="-2.055423">
        <ele>1229.565</ele>
        <time>2021-11-20T12:43:12Z</time>
      </trkpt>
      <trkpt lat="42.971878" lon="-2.055484">
        <ele>1229.949</ele>
        <time>2021-11-20T12:43:22Z</time>
      </trkpt>
      <trkpt lat="42.971868" lon="-2.055545">
        <ele>1230.302</ele>
        <time>2021-11-20T12:43:28Z</time>
      </trkpt>
      <trkpt lat="42.971840" lon="-2.055599">
        <ele>1230.822</ele>
        <time>2021-11-20T12:43:33Z</time>
      </trkpt>
      <trkpt lat="42.971817" lon="-2.055654">
        <ele>1231.108</ele>
        <time>2021-11-20T12:43:37Z</time>
      </trkpt>
      <trkpt lat="42.971795" lon="-2.055708">
        <ele>1231.482</ele>
        <time>2021-11-20T12:43:42Z</time>
      </trkpt>
      <trkpt lat="42.971755" lon="-2.055736">
        <ele>1232.233</ele>
        <time>2021-11-20T12:43:48Z</time>
      </trkpt>
      <trkpt lat="42.971717" lon="-2.055769">
        <ele>1233.036</ele>
        <time>2021-11-20T12:43:52Z</time>
      </trkpt>
      <trkpt lat="42.971675" lon="-2.055795">
        <ele>1233.861</ele>
        <time>2021-11-20T12:43:57Z</time>
      </trkpt>
      <trkpt lat="42.971627" lon="-2.055826">
        <ele>1235.034</ele>
        <time>2021-11-20T12:44:02Z</time>
      </trkpt>
      <trkpt lat="42.971579" lon="-2.055839">
        <ele>1236.245</ele>
        <time>2021-11-20T12:44:07Z</time>
      </trkpt>
      <trkpt lat="42.971531" lon="-2.055845">
        <ele>1237.439</ele>
        <time>2021-11-20T12:44:12Z</time>
      </trkpt>
      <trkpt lat="42.971488" lon="-2.055864">
        <ele>1238.425</ele>
        <time>2021-11-20T12:44:20Z</time>
      </trkpt>
      <trkpt lat="42.971447" lon="-2.055892">
        <ele>1239.368</ele>
        <time>2021-11-20T12:44:27Z</time>
      </trkpt>
      <trkpt lat="42.971413" lon="-2.055934">
        <ele>1240.042</ele>
        <time>2021-11-20T12:44:35Z</time>
      </trkpt>
      <trkpt lat="42.971370" lon="-2.055961">
        <ele>1241.126</ele>
        <time>2021-11-20T12:44:41Z</time>
      </trkpt>
      <trkpt lat="42.971328" lon="-2.055995">
        <ele>1242.308</ele>
        <time>2021-11-20T12:44:45Z</time>
      </trkpt>
      <trkpt lat="42.971282" lon="-2.056014">
        <ele>1243.794</ele>
        <time>2021-11-20T12:44:51Z</time>
      </trkpt>
      <trkpt lat="42.971230" lon="-2.056033">
        <ele>1245.375</ele>
        <time>2021-11-20T12:44:57Z</time>
      </trkpt>
      <trkpt lat="42.971183" lon="-2.056034">
        <ele>1246.778</ele>
        <time>2021-11-20T12:45:03Z</time>
      </trkpt>
      <trkpt lat="42.971136" lon="-2.056045">
        <ele>1248.293</ele>
        <time>2021-11-20T12:45:09Z</time>
      </trkpt>
      <trkpt lat="42.971075" lon="-2.056058">
        <ele>1251.526</ele>
        <time>2021-11-20T12:46:00Z</time>
      </trkpt>
      <trkpt lat="42.971038" lon="-2.056094">
        <ele>1254.057</ele>
        <time>2021-11-20T12:46:15Z</time>
      </trkpt>
      <trkpt lat="42.971003" lon="-2.056140">
        <ele>1256.181</ele>
        <time>2021-11-20T12:46:21Z</time>
      </trkpt>
      <trkpt lat="42.970969" lon="-2.056183">
        <ele>1257.967</ele>
        <time>2021-11-20T12:46:25Z</time>
      </trkpt>
      <trkpt lat="42.970942" lon="-2.056238">
        <ele>1259.111</ele>
        <time>2021-11-20T12:46:31Z</time>
      </trkpt>
      <trkpt lat="42.970906" lon="-2.056276">
        <ele>1261.021</ele>
        <time>2021-11-20T12:47:07Z</time>
      </trkpt>
      <trkpt lat="42.970865" lon="-2.056303">
        <ele>1263.203</ele>
        <time>2021-11-20T12:48:25Z</time>
      </trkpt>
      <trkpt lat="42.970826" lon="-2.056339">
        <ele>1265.208</ele>
        <time>2021-11-20T12:48:37Z</time>
      </trkpt>
      <trkpt lat="42.970794" lon="-2.056383">
        <ele>1266.679</ele>
        <time>2021-11-20T12:48:49Z</time>
      </trkpt>
      <trkpt lat="42.970751" lon="-2.056419">
        <ele>1269.580</ele>
        <time>2021-11-20T12:49:21Z</time>
      </trkpt>
      <trkpt lat="42.970761" lon="-2.056359">
        <ele>1269.123</ele>
        <time>2021-11-20T12:49:52Z</time>
      </trkpt>
      <trkpt lat="42.970774" lon="-2.056297">
        <ele>1269.048</ele>
        <time>2021-11-20T12:49:57Z</time>
      </trkpt>
      <trkpt lat="42.970746" lon="-2.056248">
        <ele>1271.421</ele>
        <time>2021-11-20T12:50:12Z</time>
      </trkpt>
      <trkpt lat="42.970699" lon="-2.056248">
        <ele>1274.222</ele>
        <time>2021-11-20T12:50:16Z</time>
      </trkpt>
      <trkpt lat="42.970651" lon="-2.056265">
        <ele>1277.036</ele>
        <time>2021-11-20T12:50:22Z</time>
      </trkpt>
      <trkpt lat="42.970607" lon="-2.056317">
        <ele>1279.352</ele>
        <time>2021-11-20T12:50:55Z</time>
      </trkpt>
      <trkpt lat="42.970583" lon="-2.056370">
        <ele>1280.415</ele>
        <time>2021-11-20T12:51:00Z</time>
      </trkpt>
      <trkpt lat="42.970568" lon="-2.056428">
        <ele>1281.765</ele>
        <time>2021-11-20T12:51:03Z</time>
      </trkpt>
      <trkpt lat="42.970522" lon="-2.056445">
        <ele>1283.811</ele>
        <time>2021-11-20T12:51:36Z</time>
      </trkpt>
      <trkpt lat="42.970476" lon="-2.056431">
        <ele>1285.108</ele>
        <time>2021-11-20T12:51:50Z</time>
      </trkpt>
      <trkpt lat="42.970432" lon="-2.056454">
        <ele>1286.689</ele>
        <time>2021-11-20T12:52:55Z</time>
      </trkpt>
      <trkpt lat="42.970401" lon="-2.056500">
        <ele>1287.980</ele>
        <time>2021-11-20T12:53:07Z</time>
      </trkpt>
      <trkpt lat="42.970364" lon="-2.056541">
        <ele>1289.333</ele>
        <time>2021-11-20T12:53:15Z</time>
      </trkpt>
      <trkpt lat="42.970360" lon="-2.056606">
        <ele>1289.878</ele>
        <time>2021-11-20T12:53:24Z</time>
      </trkpt>
      <trkpt lat="42.970387" lon="-2.056657">
        <ele>1289.671</ele>
        <time>2021-11-20T12:54:05Z</time>
      </trkpt>
      <trkpt lat="42.970399" lon="-2.056594">
        <ele>1288.812</ele>
        <time>2021-11-20T12:57:38Z</time>
      </trkpt>
      <trkpt lat="42.970397" lon="-2.056531">
        <ele>1288.366</ele>
        <time>2021-11-20T12:58:03Z</time>
      </trkpt>
      <trkpt lat="42.970433" lon="-2.056482">
        <ele>1286.992</ele>
        <time>2021-11-20T12:58:11Z</time>
      </trkpt>
      <trkpt lat="42.970448" lon="-2.056422">
        <ele>1285.861</ele>
        <time>2021-11-20T12:58:20Z</time>
      </trkpt>
      <trkpt lat="42.970466" lon="-2.056366">
        <ele>1285.021</ele>
        <time>2021-11-20T12:59:22Z</time>
      </trkpt>
      <trkpt lat="42.970514" lon="-2.056377">
        <ele>1283.413</ele>
        <time>2021-11-20T12:59:28Z</time>
      </trkpt>
      <trkpt lat="42.970550" lon="-2.056414">
        <ele>1282.508</ele>
        <time>2021-11-20T12:59:45Z</time>
      </trkpt>
      <trkpt lat="42.970584" lon="-2.056370">
        <ele>1280.364</ele>
        <time>2021-11-20T13:00:22Z</time>
      </trkpt>
      <trkpt lat="42.970621" lon="-2.056325">
        <ele>1278.385</ele>
        <time>2021-11-20T13:00:26Z</time>
      </trkpt>
      <trkpt lat="42.970663" lon="-2.056284">
        <ele>1276.158</ele>
        <time>2021-11-20T13:00:30Z</time>
      </trkpt>
      <trkpt lat="42.970708" lon="-2.056281">
        <ele>1273.323</ele>
        <time>2021-11-20T13:00:47Z</time>
      </trkpt>
      <trkpt lat="42.970754" lon="-2.056312">
        <ele>1270.176</ele>
        <time>2021-11-20T13:01:00Z</time>
      </trkpt>
      <trkpt lat="42.970796" lon="-2.056334">
        <ele>1267.277</ele>
        <time>2021-11-20T13:01:06Z</time>
      </trkpt>
      <trkpt lat="42.970826" lon="-2.056380">
        <ele>1264.641</ele>
        <time>2021-11-20T13:01:23Z</time>
      </trkpt>
      <trkpt lat="42.970868" lon="-2.056349">
        <ele>1262.417</ele>
        <time>2021-11-20T13:01:41Z</time>
      </trkpt>
      <trkpt lat="42.970895" lon="-2.056296">
        <ele>1261.456</ele>
        <time>2021-11-20T13:01:51Z</time>
      </trkpt>
      <trkpt lat="42.970934" lon="-2.056249">
        <ele>1259.559</ele>
        <time>2021-11-20T13:02:01Z</time>
      </trkpt>
      <trkpt lat="42.970977" lon="-2.056222">
        <ele>1257.014</ele>
        <time>2021-11-20T13:02:05Z</time>
      </trkpt>
      <trkpt lat="42.970978" lon="-2.056159">
        <ele>1257.608</ele>
        <time>2021-11-20T13:02:33Z</time>
      </trkpt>
      <trkpt lat="42.970993" lon="-2.056100">
        <ele>1257.123</ele>
        <time>2021-11-20T13:02:50Z</time>
      </trkpt>
      <trkpt lat="42.971036" lon="-2.056073">
        <ele>1254.254</ele>
        <time>2021-11-20T13:03:19Z</time>
      </trkpt>
      <trkpt lat="42.971088" lon="-2.056066">
        <ele>1250.687</ele>
        <time>2021-11-20T13:03:24Z</time>
      </trkpt>
      <trkpt lat="42.971131" lon="-2.056045">
        <ele>1248.462</ele>
        <time>2021-11-20T13:03:27Z</time>
      </trkpt>
      <trkpt lat="42.971175" lon="-2.056017">
        <ele>1247.025</ele>
        <time>2021-11-20T13:03:32Z</time>
      </trkpt>
      <trkpt lat="42.971218" lon="-2.055997">
        <ele>1245.746</ele>
        <time>2021-11-20T13:03:42Z</time>
      </trkpt>
      <trkpt lat="42.971265" lon="-2.055968">
        <ele>1244.320</ele>
        <time>2021-11-20T13:03:53Z</time>
      </trkpt>
      <trkpt lat="42.971310" lon="-2.055952">
        <ele>1243.046</ele>
        <time>2021-11-20T13:03:56Z</time>
      </trkpt>
      <trkpt lat="42.971357" lon="-2.055940">
        <ele>1241.685</ele>
        <time>2021-11-20T13:04:00Z</time>
      </trkpt>
      <trkpt lat="42.971409" lon="-2.055943">
        <ele>1240.189</ele>
        <time>2021-11-20T13:04:03Z</time>
      </trkpt>
      <trkpt lat="42.971444" lon="-2.055903">
        <ele>1239.317</ele>
        <time>2021-11-20T13:04:09Z</time>
      </trkpt>
      <trkpt lat="42.971495" lon="-2.055891">
        <ele>1238.008</ele>
        <time>2021-11-20T13:04:36Z</time>
      </trkpt>
      <trkpt lat="42.971546" lon="-2.055852">
        <ele>1236.976</ele>
        <time>2021-11-20T13:04:39Z</time>
      </trkpt>
      <trkpt lat="42.971578" lon="-2.055807">
        <ele>1236.267</ele>
        <time>2021-11-20T13:04:41Z</time>
      </trkpt>
      <trkpt lat="42.971619" lon="-2.055771">
        <ele>1235.260</ele>
        <time>2021-11-20T13:04:45Z</time>
      </trkpt>
      <trkpt lat="42.971661" lon="-2.055736">
        <ele>1234.195</ele>
        <time>2021-11-20T13:04:50Z</time>
      </trkpt>
      <trkpt lat="42.971700" lon="-2.055696">
        <ele>1233.398</ele>
        <time>2021-11-20T13:04:54Z</time>
      </trkpt>
      <trkpt lat="42.971742" lon="-2.055661">
        <ele>1232.599</ele>
        <time>2021-11-20T13:04:59Z</time>
      </trkpt>
      <trkpt lat="42.971761" lon="-2.055599">
        <ele>1232.263</ele>
        <time>2021-11-20T13:05:03Z</time>
      </trkpt>
      <trkpt lat="42.971792" lon="-2.055550">
        <ele>1231.779</ele>
        <time>2021-11-20T13:05:13Z</time>
      </trkpt>
      <trkpt lat="42.971822" lon="-2.055487">
        <ele>1230.836</ele>
        <time>2021-11-20T13:05:18Z</time>
      </trkpt>
      <trkpt lat="42.971844" lon="-2.055430">
        <ele>1230.217</ele>
        <time>2021-11-20T13:05:22Z</time>
      </trkpt>
      <trkpt lat="42.971882" lon="-2.055384">
        <ele>1229.418</ele>
        <time>2021-11-20T13:05:26Z</time>
      </trkpt>
      <trkpt lat="42.971896" lon="-2.055324">
        <ele>1228.908</ele>
        <time>2021-11-20T13:05:30Z</time>
      </trkpt>
      <trkpt lat="42.971908" lon="-2.055262">
        <ele>1228.421</ele>
        <time>2021-11-20T13:05:34Z</time>
      </trkpt>
      <trkpt lat="42.971926" lon="-2.055193">
        <ele>1227.992</ele>
        <time>2021-11-20T13:05:37Z</time>
      </trkpt>
      <trkpt lat="42.971951" lon="-2.055138">
        <ele>1227.555</ele>
        <time>2021-11-20T13:05:40Z</time>
      </trkpt>
      <trkpt lat="42.971974" lon="-2.055084">
        <ele>1227.370</ele>
        <time>2021-11-20T13:05:43Z</time>
      </trkpt>
      <trkpt lat="42.972004" lon="-2.055031">
        <ele>1227.183</ele>
        <time>2021-11-20T13:05:49Z</time>
      </trkpt>
      <trkpt lat="42.972036" lon="-2.054982">
        <ele>1226.884</ele>
        <time>2021-11-20T13:05:54Z</time>
      </trkpt>
      <trkpt lat="42.972071" lon="-2.054933">
        <ele>1226.488</ele>
        <time>2021-11-20T13:05:59Z</time>
      </trkpt>
      <trkpt lat="42.972084" lon="-2.054861">
        <ele>1225.824</ele>
        <time>2021-11-20T13:06:03Z</time>
      </trkpt>
      <trkpt lat="42.972100" lon="-2.054798">
        <ele>1225.398</ele>
        <time>2021-11-20T13:06:09Z</time>
      </trkpt>
      <trkpt lat="42.972143" lon="-2.054757">
        <ele>1225.415</ele>
        <time>2021-11-20T13:06:19Z</time>
      </trkpt>
      <trkpt lat="42.972152" lon="-2.054685">
        <ele>1224.926</ele>
        <time>2021-11-20T13:06:22Z</time>
      </trkpt>
      <trkpt lat="42.972150" lon="-2.054617">
        <ele>1224.408</ele>
        <time>2021-11-20T13:06:26Z</time>
      </trkpt>
      <trkpt lat="42.972151" lon="-2.054551">
        <ele>1223.847</ele>
        <time>2021-11-20T13:06:30Z</time>
      </trkpt>
      <trkpt lat="42.972158" lon="-2.054485">
        <ele>1223.498</ele>
        <time>2021-11-20T13:06:38Z</time>
      </trkpt>
      <trkpt lat="42.972152" lon="-2.054422">
        <ele>1222.731</ele>
        <time>2021-11-20T13:06:47Z</time>
      </trkpt>
      <trkpt lat="42.972114" lon="-2.054388">
        <ele>1221.766</ele>
        <time>2021-11-20T13:07:13Z</time>
      </trkpt>
      <trkpt lat="42.972101" lon="-2.054327">
        <ele>1220.649</ele>
        <time>2021-11-20T13:07:19Z</time>
      </trkpt>
      <trkpt lat="42.972119" lon="-2.054269">
        <ele>1220.160</ele>
        <time>2021-11-20T13:07:34Z</time>
      </trkpt>
      <trkpt lat="42.972166" lon="-2.054257">
        <ele>1220.924</ele>
        <time>2021-11-20T13:07:45Z</time>
      </trkpt>
      <trkpt lat="42.972204" lon="-2.054220">
        <ele>1221.250</ele>
        <time>2021-11-20T13:07:53Z</time>
      </trkpt>
      <trkpt lat="42.972253" lon="-2.054224">
        <ele>1220.639</ele>
        <time>2021-11-20T13:07:59Z</time>
      </trkpt>
      <trkpt lat="42.972299" lon="-2.054209">
        <ele>1218.801</ele>
        <time>2021-11-20T13:08:09Z</time>
      </trkpt>
      <trkpt lat="42.972269" lon="-2.054161">
        <ele>1219.321</ele>
        <time>2021-11-20T13:08:28Z</time>
      </trkpt>
      <trkpt lat="42.972319" lon="-2.054120">
        <ele>1217.008</ele>
        <time>2021-11-20T13:08:39Z</time>
      </trkpt>
      <trkpt lat="42.972374" lon="-2.054109">
        <ele>1214.851</ele>
        <time>2021-11-20T13:08:41Z</time>
      </trkpt>
      <trkpt lat="42.972427" lon="-2.054081">
        <ele>1212.582</ele>
        <time>2021-11-20T13:08:45Z</time>
      </trkpt>
      <trkpt lat="42.972480" lon="-2.054077">
        <ele>1210.545</ele>
        <time>2021-11-20T13:08:48Z</time>
      </trkpt>
      <trkpt lat="42.972526" lon="-2.054063">
        <ele>1208.670</ele>
        <time>2021-11-20T13:08:50Z</time>
      </trkpt>
      <trkpt lat="42.972505" lon="-2.054008">
        <ele>1208.573</ele>
        <time>2021-11-20T13:09:34Z</time>
      </trkpt>
      <trkpt lat="42.972525" lon="-2.053953">
        <ele>1207.134</ele>
        <time>2021-11-20T13:09:41Z</time>
      </trkpt>
      <trkpt lat="42.972558" lon="-2.053910">
        <ele>1205.428</ele>
        <time>2021-11-20T13:09:47Z</time>
      </trkpt>
      <trkpt lat="42.972600" lon="-2.053883">
        <ele>1203.734</ele>
        <time>2021-11-20T13:09:54Z</time>
      </trkpt>
      <trkpt lat="42.972616" lon="-2.053825">
        <ele>1202.253</ele>
        <time>2021-11-20T13:10:03Z</time>
      </trkpt>
      <trkpt lat="42.972658" lon="-2.053792">
        <ele>1200.304</ele>
        <time>2021-11-20T13:10:07Z</time>
      </trkpt>
      <trkpt lat="42.972708" lon="-2.053777">
        <ele>1198.514</ele>
        <time>2021-11-20T13:10:11Z</time>
      </trkpt>
      <trkpt lat="42.972757" lon="-2.053787">
        <ele>1197.208</ele>
        <time>2021-11-20T13:10:14Z</time>
      </trkpt>
      <trkpt lat="42.972804" lon="-2.053785">
        <ele>1195.913</ele>
        <time>2021-11-20T13:10:20Z</time>
      </trkpt>
      <trkpt lat="42.972852" lon="-2.053794">
        <ele>1194.984</ele>
        <time>2021-11-20T13:10:26Z</time>
      </trkpt>
      <trkpt lat="42.972898" lon="-2.053811">
        <ele>1194.087</ele>
        <time>2021-11-20T13:10:29Z</time>
      </trkpt>
      <trkpt lat="42.972942" lon="-2.053832">
        <ele>1193.222</ele>
        <time>2021-11-20T13:10:33Z</time>
      </trkpt>
      <trkpt lat="42.972990" lon="-2.053806">
        <ele>1191.745</ele>
        <time>2021-11-20T13:10:39Z</time>
      </trkpt>
      <trkpt lat="42.973040" lon="-2.053804">
        <ele>1190.586</ele>
        <time>2021-11-20T13:10:44Z</time>
      </trkpt>
      <trkpt lat="42.973090" lon="-2.053807">
        <ele>1189.650</ele>
        <time>2021-11-20T13:10:48Z</time>
      </trkpt>
      <trkpt lat="42.973137" lon="-2.053804">
        <ele>1188.816</ele>
        <time>2021-11-20T13:10:53Z</time>
      </trkpt>
      <trkpt lat="42.973186" lon="-2.053804">
        <ele>1188.059</ele>
        <time>2021-11-20T13:10:58Z</time>
      </trkpt>
      <trkpt lat="42.973236" lon="-2.053808">
        <ele>1187.303</ele>
        <time>2021-11-20T13:11:02Z</time>
      </trkpt>
      <trkpt lat="42.973291" lon="-2.053808">
        <ele>1186.423</ele>
        <time>2021-11-20T13:11:06Z</time>
      </trkpt>
      <trkpt lat="42.973343" lon="-2.053821">
        <ele>1185.708</ele>
        <time>2021-11-20T13:11:11Z</time>
      </trkpt>
      <trkpt lat="42.973383" lon="-2.053783">
        <ele>1185.633</ele>
        <time>2021-11-20T13:11:14Z</time>
      </trkpt>
      <trkpt lat="42.973384" lon="-2.053718">
        <ele>1185.484</ele>
        <time>2021-11-20T13:11:18Z</time>
      </trkpt>
      <trkpt lat="42.973404" lon="-2.053661">
        <ele>1185.397</ele>
        <time>2021-11-20T13:11:22Z</time>
      </trkpt>
      <trkpt lat="42.973423" lon="-2.053590">
        <ele>1185.122</ele>
        <time>2021-11-20T13:11:26Z</time>
      </trkpt>
      <trkpt lat="42.973465" lon="-2.053556">
        <ele>1185.015</ele>
        <time>2021-11-20T13:11:29Z</time>
      </trkpt>
      <trkpt lat="42.973422" lon="-2.053579">
        <ele>1185.046</ele>
        <time>2021-11-20T13:12:09Z</time>
      </trkpt>
      <trkpt lat="42.973380" lon="-2.053550">
        <ele>1184.470</ele>
        <time>2021-11-20T13:12:12Z</time>
      </trkpt>
      <trkpt lat="42.973333" lon="-2.053527">
        <ele>1183.886</ele>
        <time>2021-11-20T13:12:15Z</time>
      </trkpt>
      <trkpt lat="42.973286" lon="-2.053499">
        <ele>1183.755</ele>
        <time>2021-11-20T13:12:18Z</time>
      </trkpt>
      <trkpt lat="42.973236" lon="-2.053457">
        <ele>1183.207</ele>
        <time>2021-11-20T13:12:23Z</time>
      </trkpt>
      <trkpt lat="42.973205" lon="-2.053412">
        <ele>1182.517</ele>
        <time>2021-11-20T13:12:27Z</time>
      </trkpt>
      <trkpt lat="42.973165" lon="-2.053384">
        <ele>1182.108</ele>
        <time>2021-11-20T13:12:33Z</time>
      </trkpt>
      <trkpt lat="42.973119" lon="-2.053350">
        <ele>1181.473</ele>
        <time>2021-11-20T13:12:39Z</time>
      </trkpt>
      <trkpt lat="42.973076" lon="-2.053324">
        <ele>1180.774</ele>
        <time>2021-11-20T13:12:44Z</time>
      </trkpt>
      <trkpt lat="42.973038" lon="-2.053272">
        <ele>1179.437</ele>
        <time>2021-11-20T13:12:50Z</time>
      </trkpt>
      <trkpt lat="42.973003" lon="-2.053230">
        <ele>1178.952</ele>
        <time>2021-11-20T13:12:53Z</time>
      </trkpt>
      <trkpt lat="42.972959" lon="-2.053215">
        <ele>1179.545</ele>
        <time>2021-11-20T13:12:57Z</time>
      </trkpt>
      <trkpt lat="42.972917" lon="-2.053184">
        <ele>1179.416</ele>
        <time>2021-11-20T13:13:01Z</time>
      </trkpt>
      <trkpt lat="42.972878" lon="-2.053145">
        <ele>1178.980</ele>
        <time>2021-11-20T13:13:05Z</time>
      </trkpt>
      <trkpt lat="42.972857" lon="-2.053089">
        <ele>1177.556</ele>
        <time>2021-11-20T13:13:10Z</time>
      </trkpt>
      <trkpt lat="42.972839" lon="-2.053030">
        <ele>1175.962</ele>
        <time>2021-11-20T13:13:15Z</time>
      </trkpt>
      <trkpt lat="42.972816" lon="-2.052969">
        <ele>1174.683</ele>
        <time>2021-11-20T13:13:20Z</time>
      </trkpt>
      <trkpt lat="42.972783" lon="-2.052921">
        <ele>1174.011</ele>
        <time>2021-11-20T13:13:27Z</time>
      </trkpt>
      <trkpt lat="42.972744" lon="-2.052884">
        <ele>1174.008</ele>
        <time>2021-11-20T13:13:35Z</time>
      </trkpt>
      <trkpt lat="42.972699" lon="-2.052861">
        <ele>1174.594</ele>
        <time>2021-11-20T13:13:40Z</time>
      </trkpt>
      <trkpt lat="42.972660" lon="-2.052823">
        <ele>1174.395</ele>
        <time>2021-11-20T13:13:43Z</time>
      </trkpt>
      <trkpt lat="42.972618" lon="-2.052788">
        <ele>1174.318</ele>
        <time>2021-11-20T13:13:46Z</time>
      </trkpt>
      <trkpt lat="42.972579" lon="-2.052755">
        <ele>1174.723</ele>
        <time>2021-11-20T13:13:49Z</time>
      </trkpt>
      <trkpt lat="42.972543" lon="-2.052713">
        <ele>1174.966</ele>
        <time>2021-11-20T13:13:53Z</time>
      </trkpt>
      <trkpt lat="42.972514" lon="-2.052655">
        <ele>1174.917</ele>
        <time>2021-11-20T13:13:56Z</time>
      </trkpt>
      <trkpt lat="42.972481" lon="-2.052613">
        <ele>1174.921</ele>
        <time>2021-11-20T13:13:59Z</time>
      </trkpt>
      <trkpt lat="42.972445" lon="-2.052573">
        <ele>1174.767</ele>
        <time>2021-11-20T13:14:03Z</time>
      </trkpt>
      <trkpt lat="42.972439" lon="-2.052512">
        <ele>1173.941</ele>
        <time>2021-11-20T13:14:09Z</time>
      </trkpt>
      <trkpt lat="42.972399" lon="-2.052477">
        <ele>1173.881</ele>
        <time>2021-11-20T13:14:14Z</time>
      </trkpt>
      <trkpt lat="42.972361" lon="-2.052443">
        <ele>1173.909</ele>
        <time>2021-11-20T13:14:17Z</time>
      </trkpt>
      <trkpt lat="42.972351" lon="-2.052376">
        <ele>1173.308</ele>
        <time>2021-11-20T13:14:21Z</time>
      </trkpt>
      <trkpt lat="42.972335" lon="-2.052314">
        <ele>1172.882</ele>
        <time>2021-11-20T13:14:24Z</time>
      </trkpt>
      <trkpt lat="42.972311" lon="-2.052255">
        <ele>1172.483</ele>
        <time>2021-11-20T13:14:29Z</time>
      </trkpt>
      <trkpt lat="42.972256" lon="-2.052241">
        <ele>1172.866</ele>
        <time>2021-11-20T13:14:34Z</time>
      </trkpt>
      <trkpt lat="42.972211" lon="-2.052230">
        <ele>1173.111</ele>
        <time>2021-11-20T13:14:37Z</time>
      </trkpt>
      <trkpt lat="42.972161" lon="-2.052203">
        <ele>1172.834</ele>
        <time>2021-11-20T13:14:40Z</time>
      </trkpt>
      <trkpt lat="42.972114" lon="-2.052186">
        <ele>1172.755</ele>
        <time>2021-11-20T13:14:43Z</time>
      </trkpt>
      <trkpt lat="42.972069" lon="-2.052161">
        <ele>1172.679</ele>
        <time>2021-11-20T13:14:47Z</time>
      </trkpt>
      <trkpt lat="42.972038" lon="-2.052115">
        <ele>1172.485</ele>
        <time>2021-11-20T13:14:52Z</time>
      </trkpt>
      <trkpt lat="42.972002" lon="-2.052063">
        <ele>1172.246</ele>
        <time>2021-11-20T13:14:56Z</time>
      </trkpt>
      <trkpt lat="42.971972" lon="-2.052016">
        <ele>1172.188</ele>
        <time>2021-11-20T13:15:00Z</time>
      </trkpt>
      <trkpt lat="42.971940" lon="-2.051964">
        <ele>1172.016</ele>
        <time>2021-11-20T13:15:03Z</time>
      </trkpt>
      <trkpt lat="42.971917" lon="-2.051901">
        <ele>1171.208</ele>
        <time>2021-11-20T13:15:07Z</time>
      </trkpt>
      <trkpt lat="42.971913" lon="-2.051840">
        <ele>1170.872</ele>
        <time>2021-11-20T13:15:10Z</time>
      </trkpt>
      <trkpt lat="42.971902" lon="-2.051780">
        <ele>1170.313</ele>
        <time>2021-11-20T13:15:13Z</time>
      </trkpt>
      <trkpt lat="42.971890" lon="-2.051718">
        <ele>1169.966</ele>
        <time>2021-11-20T13:15:18Z</time>
      </trkpt>
      <trkpt lat="42.971909" lon="-2.051659">
        <ele>1169.841</ele>
        <time>2021-11-20T13:15:23Z</time>
      </trkpt>
      <trkpt lat="42.971937" lon="-2.051599">
        <ele>1170.274</ele>
        <time>2021-11-20T13:15:28Z</time>
      </trkpt>
      <trkpt lat="42.971965" lon="-2.051541">
        <ele>1170.285</ele>
        <time>2021-11-20T13:15:33Z</time>
      </trkpt>
      <trkpt lat="42.971978" lon="-2.051482">
        <ele>1170.339</ele>
        <time>2021-11-20T13:15:38Z</time>
      </trkpt>
      <trkpt lat="42.971948" lon="-2.051423">
        <ele>1170.895</ele>
        <time>2021-11-20T13:15:43Z</time>
      </trkpt>
      <trkpt lat="42.971920" lon="-2.051369">
        <ele>1171.227</ele>
        <time>2021-11-20T13:15:48Z</time>
      </trkpt>
      <trkpt lat="42.971922" lon="-2.051301">
        <ele>1171.768</ele>
        <time>2021-11-20T13:15:52Z</time>
      </trkpt>
      <trkpt lat="42.971911" lon="-2.051240">
        <ele>1172.214</ele>
        <time>2021-11-20T13:15:57Z</time>
      </trkpt>
      <trkpt lat="42.971910" lon="-2.051178">
        <ele>1172.608</ele>
        <time>2021-11-20T13:16:02Z</time>
      </trkpt>
      <trkpt lat="42.971913" lon="-2.051110">
        <ele>1173.140</ele>
        <time>2021-11-20T13:16:07Z</time>
      </trkpt>
      <trkpt lat="42.971909" lon="-2.051043">
        <ele>1173.491</ele>
        <time>2021-11-20T13:16:11Z</time>
      </trkpt>
      <trkpt lat="42.971915" lon="-2.050977">
        <ele>1173.614</ele>
        <time>2021-11-20T13:16:15Z</time>
      </trkpt>
      <trkpt lat="42.971955" lon="-2.050924">
        <ele>1173.689</ele>
        <time>2021-11-20T13:16:18Z</time>
      </trkpt>
      <trkpt lat="42.971986" lon="-2.050873">
        <ele>1173.762</ele>
        <time>2021-11-20T13:16:21Z</time>
      </trkpt>
      <trkpt lat="42.972020" lon="-2.050828">
        <ele>1173.733</ele>
        <time>2021-11-20T13:16:24Z</time>
      </trkpt>
      <trkpt lat="42.972043" lon="-2.050775">
        <ele>1173.677</ele>
        <time>2021-11-20T13:16:28Z</time>
      </trkpt>
      <trkpt lat="42.972063" lon="-2.050715">
        <ele>1173.563</ele>
        <time>2021-11-20T13:16:33Z</time>
      </trkpt>
      <trkpt lat="42.972091" lon="-2.050660">
        <ele>1173.586</ele>
        <time>2021-11-20T13:16:46Z</time>
      </trkpt>
      <trkpt lat="42.972104" lon="-2.050594">
        <ele>1173.660</ele>
        <time>2021-11-20T13:16:49Z</time>
      </trkpt>
      <trkpt lat="42.972126" lon="-2.050537">
        <ele>1173.626</ele>
        <time>2021-11-20T13:16:52Z</time>
      </trkpt>
      <trkpt lat="42.972152" lon="-2.050486">
        <ele>1173.608</ele>
        <time>2021-11-20T13:16:55Z</time>
      </trkpt>
      <trkpt lat="42.972162" lon="-2.050423">
        <ele>1173.556</ele>
        <time>2021-11-20T13:17:02Z</time>
      </trkpt>
      <trkpt lat="42.972156" lon="-2.050358">
        <ele>1173.317</ele>
        <time>2021-11-20T13:17:10Z</time>
      </trkpt>
      <trkpt lat="42.972175" lon="-2.050291">
        <ele>1173.350</ele>
        <time>2021-11-20T13:17:16Z</time>
      </trkpt>
      <trkpt lat="42.972189" lon="-2.050222">
        <ele>1173.225</ele>
        <time>2021-11-20T13:17:22Z</time>
      </trkpt>
      <trkpt lat="42.972214" lon="-2.050164">
        <ele>1173.428</ele>
        <time>2021-11-20T13:17:30Z</time>
      </trkpt>
      <trkpt lat="42.972254" lon="-2.050135">
        <ele>1173.319</ele>
        <time>2021-11-20T13:17:35Z</time>
      </trkpt>
      <trkpt lat="42.972297" lon="-2.050111">
        <ele>1173.093</ele>
        <time>2021-11-20T13:17:42Z</time>
      </trkpt>
      <trkpt lat="42.972332" lon="-2.050069">
        <ele>1172.849</ele>
        <time>2021-11-20T13:17:52Z</time>
      </trkpt>
      <trkpt lat="42.972375" lon="-2.050030">
        <ele>1172.589</ele>
        <time>2021-11-20T13:17:57Z</time>
      </trkpt>
      <trkpt lat="42.972401" lon="-2.049978">
        <ele>1172.106</ele>
        <time>2021-11-20T13:18:01Z</time>
      </trkpt>
      <trkpt lat="42.972425" lon="-2.049919">
        <ele>1171.326</ele>
        <time>2021-11-20T13:18:05Z</time>
      </trkpt>
      <trkpt lat="42.972455" lon="-2.049870">
        <ele>1170.808</ele>
        <time>2021-11-20T13:18:09Z</time>
      </trkpt>
      <trkpt lat="42.972494" lon="-2.049826">
        <ele>1170.786</ele>
        <time>2021-11-20T13:18:17Z</time>
      </trkpt>
      <trkpt lat="42.972531" lon="-2.049785">
        <ele>1170.437</ele>
        <time>2021-11-20T13:18:22Z</time>
      </trkpt>
      <trkpt lat="42.972545" lon="-2.049725">
        <ele>1170.290</ele>
        <time>2021-11-20T13:18:24Z</time>
      </trkpt>
      <trkpt lat="42.972544" lon="-2.049655">
        <ele>1170.345</ele>
        <time>2021-11-20T13:18:28Z</time>
      </trkpt>
      <trkpt lat="42.972543" lon="-2.049591">
        <ele>1170.458</ele>
        <time>2021-11-20T13:18:33Z</time>
      </trkpt>
      <trkpt lat="42.972537" lon="-2.049530">
        <ele>1170.469</ele>
        <time>2021-11-20T13:18:37Z</time>
      </trkpt>
      <trkpt lat="42.972547" lon="-2.049467">
        <ele>1170.653</ele>
        <time>2021-11-20T13:18:41Z</time>
      </trkpt>
      <trkpt lat="42.972516" lon="-2.049415">
        <ele>1170.679</ele>
        <time>2021-11-20T13:18:46Z</time>
      </trkpt>
      <trkpt lat="42.972476" lon="-2.049383">
        <ele>1170.174</ele>
        <time>2021-11-20T13:18:51Z</time>
      </trkpt>
      <trkpt lat="42.972428" lon="-2.049371">
        <ele>1169.256</ele>
        <time>2021-11-20T13:18:56Z</time>
      </trkpt>
      <trkpt lat="42.972380" lon="-2.049349">
        <ele>1168.421</ele>
        <time>2021-11-20T13:19:02Z</time>
      </trkpt>
      <trkpt lat="42.972336" lon="-2.049336">
        <ele>1167.608</ele>
        <time>2021-11-20T13:19:05Z</time>
      </trkpt>
      <trkpt lat="42.972291" lon="-2.049329">
        <ele>1166.785</ele>
        <time>2021-11-20T13:19:07Z</time>
      </trkpt>
      <trkpt lat="42.972247" lon="-2.049312">
        <ele>1166.026</ele>
        <time>2021-11-20T13:19:10Z</time>
      </trkpt>
      <trkpt lat="42.972194" lon="-2.049276">
        <ele>1165.369</ele>
        <time>2021-11-20T13:19:14Z</time>
      </trkpt>
      <trkpt lat="42.972149" lon="-2.049263">
        <ele>1164.624</ele>
        <time>2021-11-20T13:19:18Z</time>
      </trkpt>
      <trkpt lat="42.972104" lon="-2.049239">
        <ele>1164.147</ele>
        <time>2021-11-20T13:19:24Z</time>
      </trkpt>
      <trkpt lat="42.972105" lon="-2.049172">
        <ele>1164.818</ele>
        <time>2021-11-20T13:19:30Z</time>
      </trkpt>
      <trkpt lat="42.972132" lon="-2.049122">
        <ele>1166.162</ele>
        <time>2021-11-20T13:19:34Z</time>
      </trkpt>
      <trkpt lat="42.972167" lon="-2.049076">
        <ele>1167.568</ele>
        <time>2021-11-20T13:19:44Z</time>
      </trkpt>
      <trkpt lat="42.972154" lon="-2.049015">
        <ele>1168.272</ele>
        <time>2021-11-20T13:20:32Z</time>
      </trkpt>
      <trkpt lat="42.972111" lon="-2.048985">
        <ele>1167.713</ele>
        <time>2021-11-20T13:20:46Z</time>
      </trkpt>
      <trkpt lat="42.972056" lon="-2.048995">
        <ele>1166.414</ele>
        <time>2021-11-20T13:20:51Z</time>
      </trkpt>
      <trkpt lat="42.972006" lon="-2.048985">
        <ele>1165.408</ele>
        <time>2021-11-20T13:20:55Z</time>
      </trkpt>
      <trkpt lat="42.971970" lon="-2.048943">
        <ele>1165.015</ele>
        <time>2021-11-20T13:21:01Z</time>
      </trkpt>
      <trkpt lat="42.971930" lon="-2.048902">
        <ele>1164.696</ele>
        <time>2021-11-20T13:21:06Z</time>
      </trkpt>
      <trkpt lat="42.971893" lon="-2.048859">
        <ele>1164.589</ele>
        <time>2021-11-20T13:21:10Z</time>
      </trkpt>
      <trkpt lat="42.971853" lon="-2.048817">
        <ele>1164.594</ele>
        <time>2021-11-20T13:21:14Z</time>
      </trkpt>
      <trkpt lat="42.971826" lon="-2.048768">
        <ele>1164.897</ele>
        <time>2021-11-20T13:21:18Z</time>
      </trkpt>
      <trkpt lat="42.971811" lon="-2.048705">
        <ele>1165.628</ele>
        <time>2021-11-20T13:21:22Z</time>
      </trkpt>
      <trkpt lat="42.971790" lon="-2.048647">
        <ele>1166.232</ele>
        <time>2021-11-20T13:21:27Z</time>
      </trkpt>
      <trkpt lat="42.971770" lon="-2.048584">
        <ele>1166.828</ele>
        <time>2021-11-20T13:21:32Z</time>
      </trkpt>
      <trkpt lat="42.971760" lon="-2.048519">
        <ele>1167.497</ele>
        <time>2021-11-20T13:21:36Z</time>
      </trkpt>
      <trkpt lat="42.971768" lon="-2.048457">
        <ele>1168.323</ele>
        <time>2021-11-20T13:21:41Z</time>
      </trkpt>
      <trkpt lat="42.971791" lon="-2.048399">
        <ele>1169.225</ele>
        <time>2021-11-20T13:21:46Z</time>
      </trkpt>
      <trkpt lat="42.971799" lon="-2.048334">
        <ele>1169.908</ele>
        <time>2021-11-20T13:21:55Z</time>
      </trkpt>
      <trkpt lat="42.971826" lon="-2.048280">
        <ele>1171.197</ele>
        <time>2021-11-20T13:22:02Z</time>
      </trkpt>
      <trkpt lat="42.971846" lon="-2.048222">
        <ele>1172.358</ele>
        <time>2021-11-20T13:22:09Z</time>
      </trkpt>
      <trkpt lat="42.971859" lon="-2.048161">
        <ele>1173.591</ele>
        <time>2021-11-20T13:22:14Z</time>
      </trkpt>
      <trkpt lat="42.971864" lon="-2.048096">
        <ele>1174.726</ele>
        <time>2021-11-20T13:22:19Z</time>
      </trkpt>
      <trkpt lat="42.971858" lon="-2.048029">
        <ele>1175.899</ele>
        <time>2021-11-20T13:22:24Z</time>
      </trkpt>
      <trkpt lat="42.971853" lon="-2.047964">
        <ele>1176.780</ele>
        <time>2021-11-20T13:22:31Z</time>
      </trkpt>
      <trkpt lat="42.971847" lon="-2.047903">
        <ele>1177.514</ele>
        <time>2021-11-20T13:22:48Z</time>
      </trkpt>
      <trkpt lat="42.971830" lon="-2.047843">
        <ele>1178.250</ele>
        <time>2021-11-20T13:23:36Z</time>
      </trkpt>
      <trkpt lat="42.971808" lon="-2.047782">
        <ele>1179.061</ele>
        <time>2021-11-20T13:23:43Z</time>
      </trkpt>
      <trkpt lat="42.971800" lon="-2.047721">
        <ele>1179.821</ele>
        <time>2021-11-20T13:23:48Z</time>
      </trkpt>
      <trkpt lat="42.971791" lon="-2.047658">
        <ele>1180.613</ele>
        <time>2021-11-20T13:23:53Z</time>
      </trkpt>
      <trkpt lat="42.971776" lon="-2.047599">
        <ele>1181.408</ele>
        <time>2021-11-20T13:24:01Z</time>
      </trkpt>
      <trkpt lat="42.971750" lon="-2.047545">
        <ele>1182.044</ele>
        <time>2021-11-20T13:24:07Z</time>
      </trkpt>
      <trkpt lat="42.971728" lon="-2.047490">
        <ele>1182.555</ele>
        <time>2021-11-20T13:24:10Z</time>
      </trkpt>
      <trkpt lat="42.971713" lon="-2.047432">
        <ele>1183.128</ele>
        <time>2021-11-20T13:24:14Z</time>
      </trkpt>
      <trkpt lat="42.971700" lon="-2.047368">
        <ele>1183.783</ele>
        <time>2021-11-20T13:24:19Z</time>
      </trkpt>
      <trkpt lat="42.971683" lon="-2.047306">
        <ele>1184.276</ele>
        <time>2021-11-20T13:24:24Z</time>
      </trkpt>
      <trkpt lat="42.971661" lon="-2.047249">
        <ele>1184.777</ele>
        <time>2021-11-20T13:24:29Z</time>
      </trkpt>
      <trkpt lat="42.971635" lon="-2.047195">
        <ele>1185.391</ele>
        <time>2021-11-20T13:24:34Z</time>
      </trkpt>
      <trkpt lat="42.971623" lon="-2.047131">
        <ele>1186.217</ele>
        <time>2021-11-20T13:24:39Z</time>
      </trkpt>
      <trkpt lat="42.971631" lon="-2.047070">
        <ele>1187.144</ele>
        <time>2021-11-20T13:24:45Z</time>
      </trkpt>
      <trkpt lat="42.971638" lon="-2.047004">
        <ele>1188.005</ele>
        <time>2021-11-20T13:24:52Z</time>
      </trkpt>
      <trkpt lat="42.971648" lon="-2.046941">
        <ele>1189.015</ele>
        <time>2021-11-20T13:24:58Z</time>
      </trkpt>
      <trkpt lat="42.971659" lon="-2.046878">
        <ele>1189.508</ele>
        <time>2021-11-20T13:25:03Z</time>
      </trkpt>
      <trkpt lat="42.971676" lon="-2.046815">
        <ele>1190.062</ele>
        <time>2021-11-20T13:25:07Z</time>
      </trkpt>
      <trkpt lat="42.971677" lon="-2.046753">
        <ele>1190.423</ele>
        <time>2021-11-20T13:25:14Z</time>
      </trkpt>
      <trkpt lat="42.971662" lon="-2.046687">
        <ele>1190.946</ele>
        <time>2021-11-20T13:25:20Z</time>
      </trkpt>
      <trkpt lat="42.971634" lon="-2.046630">
        <ele>1190.931</ele>
        <time>2021-11-20T13:25:26Z</time>
      </trkpt>
      <trkpt lat="42.971590" lon="-2.046578">
        <ele>1190.934</ele>
        <time>2021-11-20T13:25:31Z</time>
      </trkpt>
      <trkpt lat="42.971552" lon="-2.046539">
        <ele>1191.165</ele>
        <time>2021-11-20T13:25:35Z</time>
      </trkpt>
      <trkpt lat="42.971516" lon="-2.046502">
        <ele>1191.489</ele>
        <time>2021-11-20T13:25:39Z</time>
      </trkpt>
      <trkpt lat="42.971474" lon="-2.046467">
        <ele>1191.815</ele>
        <time>2021-11-20T13:25:45Z</time>
      </trkpt>
      <trkpt lat="42.971435" lon="-2.046436">
        <ele>1192.251</ele>
        <time>2021-11-20T13:25:51Z</time>
      </trkpt>
      <trkpt lat="42.971434" lon="-2.046374">
        <ele>1192.601</ele>
        <time>2021-11-20T13:26:15Z</time>
      </trkpt>
      <trkpt lat="42.971389" lon="-2.046357">
        <ele>1193.211</ele>
        <time>2021-11-20T13:26:25Z</time>
      </trkpt>
      <trkpt lat="42.971340" lon="-2.046350">
        <ele>1193.508</ele>
        <time>2021-11-20T13:26:30Z</time>
      </trkpt>
      <trkpt lat="42.971301" lon="-2.046315">
        <ele>1194.043</ele>
        <time>2021-11-20T13:26:36Z</time>
      </trkpt>
      <trkpt lat="42.971253" lon="-2.046278">
        <ele>1194.714</ele>
        <time>2021-11-20T13:26:44Z</time>
      </trkpt>
      <trkpt lat="42.971208" lon="-2.046241">
        <ele>1195.487</ele>
        <time>2021-11-20T13:26:50Z</time>
      </trkpt>
      <trkpt lat="42.971175" lon="-2.046195">
        <ele>1196.232</ele>
        <time>2021-11-20T13:26:55Z</time>
      </trkpt>
      <trkpt lat="42.971148" lon="-2.046138">
        <ele>1197.255</ele>
        <time>2021-11-20T13:27:02Z</time>
      </trkpt>
      <trkpt lat="42.971136" lon="-2.046069">
        <ele>1198.346</ele>
        <time>2021-11-20T13:27:10Z</time>
      </trkpt>
      <trkpt lat="42.971133" lon="-2.046002">
        <ele>1199.360</ele>
        <time>2021-11-20T13:27:15Z</time>
      </trkpt>
      <trkpt lat="42.971147" lon="-2.045943">
        <ele>1200.036</ele>
        <time>2021-11-20T13:27:21Z</time>
      </trkpt>
      <trkpt lat="42.971159" lon="-2.045881">
        <ele>1200.788</ele>
        <time>2021-11-20T13:27:26Z</time>
      </trkpt>
      <trkpt lat="42.971175" lon="-2.045821">
        <ele>1201.324</ele>
        <time>2021-11-20T13:27:32Z</time>
      </trkpt>
      <trkpt lat="42.971192" lon="-2.045759">
        <ele>1202.026</ele>
        <time>2021-11-20T13:27:36Z</time>
      </trkpt>
      <trkpt lat="42.971214" lon="-2.045696">
        <ele>1202.608</ele>
        <time>2021-11-20T13:27:42Z</time>
      </trkpt>
      <trkpt lat="42.971224" lon="-2.045632">
        <ele>1203.446</ele>
        <time>2021-11-20T13:27:47Z</time>
      </trkpt>
      <trkpt lat="42.971274" lon="-2.045598">
        <ele>1202.987</ele>
        <time>2021-11-20T13:27:53Z</time>
      </trkpt>
      <trkpt lat="42.971312" lon="-2.045550">
        <ele>1202.720</ele>
        <time>2021-11-20T13:27:59Z</time>
      </trkpt>
      <trkpt lat="42.971349" lon="-2.045510">
        <ele>1202.555</ele>
        <time>2021-11-20T13:28:05Z</time>
      </trkpt>
      <trkpt lat="42.971363" lon="-2.045446">
        <ele>1203.228</ele>
        <time>2021-11-20T13:28:10Z</time>
      </trkpt>
      <trkpt lat="42.971390" lon="-2.045389">
        <ele>1203.469</ele>
        <time>2021-11-20T13:28:15Z</time>
      </trkpt>
      <trkpt lat="42.971418" lon="-2.045333">
        <ele>1203.843</ele>
        <time>2021-11-20T13:28:19Z</time>
      </trkpt>
      <trkpt lat="42.971430" lon="-2.045271">
        <ele>1204.539</ele>
        <time>2021-11-20T13:28:24Z</time>
      </trkpt>
      <trkpt lat="42.971433" lon="-2.045206">
        <ele>1205.427</ele>
        <time>2021-11-20T13:28:29Z</time>
      </trkpt>
      <trkpt lat="42.971462" lon="-2.045153">
        <ele>1205.768</ele>
        <time>2021-11-20T13:28:33Z</time>
      </trkpt>
      <trkpt lat="42.971508" lon="-2.045128">
        <ele>1205.414</ele>
        <time>2021-11-20T13:28:38Z</time>
      </trkpt>
      <trkpt lat="42.971531" lon="-2.045069">
        <ele>1206.008</ele>
        <time>2021-11-20T13:28:42Z</time>
      </trkpt>
      <trkpt lat="42.971551" lon="-2.045014">
        <ele>1206.560</ele>
        <time>2021-11-20T13:28:46Z</time>
      </trkpt>
      <trkpt lat="42.971584" lon="-2.044962">
        <ele>1206.741</ele>
        <time>2021-11-20T13:28:52Z</time>
      </trkpt>
      <trkpt lat="42.971611" lon="-2.044907">
        <ele>1207.134</ele>
        <time>2021-11-20T13:28:57Z</time>
      </trkpt>
      <trkpt lat="42.971634" lon="-2.044847">
        <ele>1207.749</ele>
        <time>2021-11-20T13:29:03Z</time>
      </trkpt>
      <trkpt lat="42.971632" lon="-2.044785">
        <ele>1208.672</ele>
        <time>2021-11-20T13:29:10Z</time>
      </trkpt>
      <trkpt lat="42.971651" lon="-2.044713">
        <ele>1209.433</ele>
        <time>2021-11-20T13:29:44Z</time>
      </trkpt>
      <trkpt lat="42.971662" lon="-2.044646">
        <ele>1210.267</ele>
        <time>2021-11-20T13:29:47Z</time>
      </trkpt>
      <trkpt lat="42.971688" lon="-2.044592">
        <ele>1210.813</ele>
        <time>2021-11-20T13:29:58Z</time>
      </trkpt>
      <trkpt lat="42.971685" lon="-2.044530">
        <ele>1211.755</ele>
        <time>2021-11-20T13:30:01Z</time>
      </trkpt>
      <trkpt lat="42.971692" lon="-2.044468">
        <ele>1212.607</ele>
        <time>2021-11-20T13:30:05Z</time>
      </trkpt>
      <trkpt lat="42.971700" lon="-2.044406">
        <ele>1213.617</ele>
        <time>2021-11-20T13:30:11Z</time>
      </trkpt>
      <trkpt lat="42.971735" lon="-2.044362">
        <ele>1214.208</ele>
        <time>2021-11-20T13:30:16Z</time>
      </trkpt>
      <trkpt lat="42.971752" lon="-2.044304">
        <ele>1215.263</ele>
        <time>2021-11-20T13:30:24Z</time>
      </trkpt>
      <trkpt lat="42.971735" lon="-2.044245">
        <ele>1216.354</ele>
        <time>2021-11-20T13:30:35Z</time>
      </trkpt>
      <trkpt lat="42.971729" lon="-2.044181">
        <ele>1217.537</ele>
        <time>2021-11-20T13:31:18Z</time>
      </trkpt>
      <trkpt lat="42.971739" lon="-2.044119">
        <ele>1218.572</ele>
        <time>2021-11-20T13:31:30Z</time>
      </trkpt>
      <trkpt lat="42.971789" lon="-2.044161">
        <ele>1217.795</ele>
        <time>2021-11-20T13:31:46Z</time>
      </trkpt>
      <trkpt lat="42.971786" lon="-2.044226">
        <ele>1216.556</ele>
        <time>2021-11-20T13:31:50Z</time>
      </trkpt>
      <trkpt lat="42.971755" lon="-2.044271">
        <ele>1215.850</ele>
        <time>2021-11-20T13:32:16Z</time>
      </trkpt>
      <trkpt lat="42.971741" lon="-2.044332">
        <ele>1214.886</ele>
        <time>2021-11-20T13:34:59Z</time>
      </trkpt>
      <trkpt lat="42.971743" lon="-2.044266">
        <ele>1215.962</ele>
        <time>2021-11-20T13:37:28Z</time>
      </trkpt>
      <trkpt lat="42.971696" lon="-2.044273">
        <ele>1216.083</ele>
        <time>2021-11-20T13:37:36Z</time>
      </trkpt>
      <trkpt lat="42.971628" lon="-2.044293">
        <ele>1216.211</ele>
        <time>2021-11-20T13:38:15Z</time>
      </trkpt>
      <trkpt lat="42.971668" lon="-2.044331">
        <ele>1215.008</ele>
        <time>2021-11-20T13:38:27Z</time>
      </trkpt>
      <trkpt lat="42.971712" lon="-2.044356">
        <ele>1214.454</ele>
        <time>2021-11-20T13:38:33Z</time>
      </trkpt>
      <trkpt lat="42.971737" lon="-2.044305">
        <ele>1215.345</ele>
        <time>2021-11-20T13:39:08Z</time>
      </trkpt>
      <trkpt lat="42.971730" lon="-2.044241">
        <ele>1216.418</ele>
        <time>2021-11-20T13:39:13Z</time>
      </trkpt>
      <trkpt lat="42.971709" lon="-2.044178">
        <ele>1217.623</ele>
        <time>2021-11-20T13:39:20Z</time>
      </trkpt>
      <trkpt lat="42.971707" lon="-2.044116">
        <ele>1218.696</ele>
        <time>2021-11-20T13:39:30Z</time>
      </trkpt>
      <trkpt lat="42.971725" lon="-2.044056">
        <ele>1219.537</ele>
        <time>2021-11-20T13:39:37Z</time>
      </trkpt>
      <trkpt lat="42.971739" lon="-2.043997">
        <ele>1220.311</ele>
        <time>2021-11-20T13:39:43Z</time>
      </trkpt>
      <trkpt lat="42.971710" lon="-2.043935">
        <ele>1221.387</ele>
        <time>2021-11-20T13:39:52Z</time>
      </trkpt>
      <trkpt lat="42.971704" lon="-2.043866">
        <ele>1222.388</ele>
        <time>2021-11-20T13:39:58Z</time>
      </trkpt>
      <trkpt lat="42.971705" lon="-2.043803">
        <ele>1223.224</ele>
        <time>2021-11-20T13:40:04Z</time>
      </trkpt>
      <trkpt lat="42.971713" lon="-2.043740">
        <ele>1224.126</ele>
        <time>2021-11-20T13:40:09Z</time>
      </trkpt>
      <trkpt lat="42.971711" lon="-2.043676">
        <ele>1225.108</ele>
        <time>2021-11-20T13:40:14Z</time>
      </trkpt>
      <trkpt lat="42.971713" lon="-2.043614">
        <ele>1226.046</ele>
        <time>2021-11-20T13:40:18Z</time>
      </trkpt>
      <trkpt lat="42.971715" lon="-2.043549">
        <ele>1226.727</ele>
        <time>2021-11-20T13:40:24Z</time>
      </trkpt>
      <trkpt lat="42.971698" lon="-2.043492">
        <ele>1227.360</ele>
        <time>2021-11-20T13:40:29Z</time>
      </trkpt>
      <trkpt lat="42.971657" lon="-2.043462">
        <ele>1227.755</ele>
        <time>2021-11-20T13:40:34Z</time>
      </trkpt>
      <trkpt lat="42.971621" lon="-2.043422">
        <ele>1228.358</ele>
        <time>2021-11-20T13:40:40Z</time>
      </trkpt>
      <trkpt lat="42.971600" lon="-2.043359">
        <ele>1229.049</ele>
        <time>2021-11-20T13:40:47Z</time>
      </trkpt>
      <trkpt lat="42.971610" lon="-2.043296">
        <ele>1229.313</ele>
        <time>2021-11-20T13:40:51Z</time>
      </trkpt>
      <trkpt lat="42.971643" lon="-2.043244">
        <ele>1229.489</ele>
        <time>2021-11-20T13:40:55Z</time>
      </trkpt>
      <trkpt lat="42.971674" lon="-2.043200">
        <ele>1229.517</ele>
        <time>2021-11-20T13:40:58Z</time>
      </trkpt>
      <trkpt lat="42.971704" lon="-2.043151">
        <ele>1229.787</ele>
        <time>2021-11-20T13:41:02Z</time>
      </trkpt>
      <trkpt lat="42.971709" lon="-2.043089">
        <ele>1230.015</ele>
        <time>2021-11-20T13:41:07Z</time>
      </trkpt>
      <trkpt lat="42.971701" lon="-2.043025">
        <ele>1230.108</ele>
        <time>2021-11-20T13:41:12Z</time>
      </trkpt>
      <trkpt lat="42.971676" lon="-2.042973">
        <ele>1230.059</ele>
        <time>2021-11-20T13:41:16Z</time>
      </trkpt>
      <trkpt lat="42.971676" lon="-2.042908">
        <ele>1230.120</ele>
        <time>2021-11-20T13:41:22Z</time>
      </trkpt>
      <trkpt lat="42.971690" lon="-2.042849">
        <ele>1230.113</ele>
        <time>2021-11-20T13:41:27Z</time>
      </trkpt>
      <trkpt lat="42.971708" lon="-2.042790">
        <ele>1230.398</ele>
        <time>2021-11-20T13:41:31Z</time>
      </trkpt>
      <trkpt lat="42.971737" lon="-2.042743">
        <ele>1230.311</ele>
        <time>2021-11-20T13:41:35Z</time>
      </trkpt>
      <trkpt lat="42.971771" lon="-2.042697">
        <ele>1230.382</ele>
        <time>2021-11-20T13:41:42Z</time>
      </trkpt>
      <trkpt lat="42.971776" lon="-2.042619">
        <ele>1229.946</ele>
        <time>2021-11-20T13:41:48Z</time>
      </trkpt>
      <trkpt lat="42.971800" lon="-2.042564">
        <ele>1229.892</ele>
        <time>2021-11-20T13:41:54Z</time>
      </trkpt>
      <trkpt lat="42.971845" lon="-2.042551">
        <ele>1230.261</ele>
        <time>2021-11-20T13:41:59Z</time>
      </trkpt>
      <trkpt lat="42.971892" lon="-2.042565">
        <ele>1230.721</ele>
        <time>2021-11-20T13:42:04Z</time>
      </trkpt>
      <trkpt lat="42.971928" lon="-2.042524">
        <ele>1230.913</ele>
        <time>2021-11-20T13:42:14Z</time>
      </trkpt>
      <trkpt lat="42.971965" lon="-2.042487">
        <ele>1230.908</ele>
        <time>2021-11-20T13:42:20Z</time>
      </trkpt>
      <trkpt lat="42.972008" lon="-2.042462">
        <ele>1230.884</ele>
        <time>2021-11-20T13:42:24Z</time>
      </trkpt>
      <trkpt lat="42.972055" lon="-2.042453">
        <ele>1231.125</ele>
        <time>2021-11-20T13:42:31Z</time>
      </trkpt>
      <trkpt lat="42.972082" lon="-2.042385">
        <ele>1230.378</ele>
        <time>2021-11-20T13:42:36Z</time>
      </trkpt>
      <trkpt lat="42.972123" lon="-2.042351">
        <ele>1230.343</ele>
        <time>2021-11-20T13:42:42Z</time>
      </trkpt>
      <trkpt lat="42.972150" lon="-2.042402">
        <ele>1231.216</ele>
        <time>2021-11-20T13:42:54Z</time>
      </trkpt>
      <trkpt lat="42.972163" lon="-2.042336">
        <ele>1230.627</ele>
        <time>2021-11-20T13:43:11Z</time>
      </trkpt>
      <trkpt lat="42.972198" lon="-2.042291">
        <ele>1230.451</ele>
        <time>2021-11-20T13:43:18Z</time>
      </trkpt>
      <trkpt lat="42.972234" lon="-2.042242">
        <ele>1230.147</ele>
        <time>2021-11-20T13:43:24Z</time>
      </trkpt>
      <trkpt lat="42.972275" lon="-2.042210">
        <ele>1229.515</ele>
        <time>2021-11-20T13:43:28Z</time>
      </trkpt>
      <trkpt lat="42.972319" lon="-2.042192">
        <ele>1229.065</ele>
        <time>2021-11-20T13:43:31Z</time>
      </trkpt>
      <trkpt lat="42.972365" lon="-2.042174">
        <ele>1228.711</ele>
        <time>2021-11-20T13:43:35Z</time>
      </trkpt>
      <trkpt lat="42.972407" lon="-2.042150">
        <ele>1228.608</ele>
        <time>2021-11-20T13:43:39Z</time>
      </trkpt>
      <trkpt lat="42.972448" lon="-2.042119">
        <ele>1228.669</ele>
        <time>2021-11-20T13:43:44Z</time>
      </trkpt>
      <trkpt lat="42.972489" lon="-2.042089">
        <ele>1228.980</ele>
        <time>2021-11-20T13:43:49Z</time>
      </trkpt>
      <trkpt lat="42.972526" lon="-2.042048">
        <ele>1229.433</ele>
        <time>2021-11-20T13:43:57Z</time>
      </trkpt>
      <trkpt lat="42.972572" lon="-2.042056">
        <ele>1230.088</ele>
        <time>2021-11-20T13:44:03Z</time>
      </trkpt>
      <trkpt lat="42.972615" lon="-2.042037">
        <ele>1230.841</ele>
        <time>2021-11-20T13:44:07Z</time>
      </trkpt>
      <trkpt lat="42.972653" lon="-2.042000">
        <ele>1231.862</ele>
        <time>2021-11-20T13:44:13Z</time>
      </trkpt>
      <trkpt lat="42.972686" lon="-2.041952">
        <ele>1232.936</ele>
        <time>2021-11-20T13:44:18Z</time>
      </trkpt>
      <trkpt lat="42.972722" lon="-2.041903">
        <ele>1233.622</ele>
        <time>2021-11-20T13:44:24Z</time>
      </trkpt>
      <trkpt lat="42.972744" lon="-2.041848">
        <ele>1233.827</ele>
        <time>2021-11-20T13:44:29Z</time>
      </trkpt>
      <trkpt lat="42.972765" lon="-2.041782">
        <ele>1234.168</ele>
        <time>2021-11-20T13:44:35Z</time>
      </trkpt>
      <trkpt lat="42.972785" lon="-2.041723">
        <ele>1234.314</ele>
        <time>2021-11-20T13:44:39Z</time>
      </trkpt>
      <trkpt lat="42.972815" lon="-2.041674">
        <ele>1234.408</ele>
        <time>2021-11-20T13:44:43Z</time>
      </trkpt>
      <trkpt lat="42.972843" lon="-2.041618">
        <ele>1234.410</ele>
        <time>2021-11-20T13:44:47Z</time>
      </trkpt>
      <trkpt lat="42.972862" lon="-2.041562">
        <ele>1234.271</ele>
        <time>2021-11-20T13:44:51Z</time>
      </trkpt>
      <trkpt lat="42.972880" lon="-2.041504">
        <ele>1233.944</ele>
        <time>2021-11-20T13:44:56Z</time>
      </trkpt>
      <trkpt lat="42.972893" lon="-2.041444">
        <ele>1233.689</ele>
        <time>2021-11-20T13:45:01Z</time>
      </trkpt>
      <trkpt lat="42.972934" lon="-2.041401">
        <ele>1233.892</ele>
        <time>2021-11-20T13:45:06Z</time>
      </trkpt>
      <trkpt lat="42.972937" lon="-2.041338">
        <ele>1233.483</ele>
        <time>2021-11-20T13:45:10Z</time>
      </trkpt>
      <trkpt lat="42.972968" lon="-2.041289">
        <ele>1233.597</ele>
        <time>2021-11-20T13:45:17Z</time>
      </trkpt>
      <trkpt lat="42.972977" lon="-2.041216">
        <ele>1233.273</ele>
        <time>2021-11-20T13:45:24Z</time>
      </trkpt>
      <trkpt lat="42.972983" lon="-2.041153">
        <ele>1232.976</ele>
        <time>2021-11-20T13:45:27Z</time>
      </trkpt>
      <trkpt lat="42.972991" lon="-2.041091">
        <ele>1232.890</ele>
        <time>2021-11-20T13:45:31Z</time>
      </trkpt>
      <trkpt lat="42.972991" lon="-2.041023">
        <ele>1232.519</ele>
        <time>2021-11-20T13:45:35Z</time>
      </trkpt>
      <trkpt lat="42.972978" lon="-2.040963">
        <ele>1232.108</ele>
        <time>2021-11-20T13:45:39Z</time>
      </trkpt>
      <trkpt lat="42.972983" lon="-2.040892">
        <ele>1231.995</ele>
        <time>2021-11-20T13:45:43Z</time>
      </trkpt>
      <trkpt lat="42.972975" lon="-2.040825">
        <ele>1231.676</ele>
        <time>2021-11-20T13:45:48Z</time>
      </trkpt>
      <trkpt lat="42.972976" lon="-2.040758">
        <ele>1231.679</ele>
        <time>2021-11-20T13:45:52Z</time>
      </trkpt>
      <trkpt lat="42.972959" lon="-2.040693">
        <ele>1231.444</ele>
        <time>2021-11-20T13:45:56Z</time>
      </trkpt>
      <trkpt lat="42.972944" lon="-2.040633">
        <ele>1231.377</ele>
        <time>2021-11-20T13:46:00Z</time>
      </trkpt>
      <trkpt lat="42.972948" lon="-2.040568">
        <ele>1231.438</ele>
        <time>2021-11-20T13:46:05Z</time>
      </trkpt>
      <trkpt lat="42.972948" lon="-2.040505">
        <ele>1231.592</ele>
        <time>2021-11-20T13:46:09Z</time>
      </trkpt>
      <trkpt lat="42.972933" lon="-2.040442">
        <ele>1231.468</ele>
        <time>2021-11-20T13:46:13Z</time>
      </trkpt>
      <trkpt lat="42.972910" lon="-2.040388">
        <ele>1231.234</ele>
        <time>2021-11-20T13:46:17Z</time>
      </trkpt>
      <trkpt lat="42.972894" lon="-2.040330">
        <ele>1231.155</ele>
        <time>2021-11-20T13:46:21Z</time>
      </trkpt>
      <trkpt lat="42.972878" lon="-2.040264">
        <ele>1231.110</ele>
        <time>2021-11-20T13:46:26Z</time>
      </trkpt>
      <trkpt lat="42.972868" lon="-2.040200">
        <ele>1231.208</ele>
        <time>2021-11-20T13:46:31Z</time>
      </trkpt>
      <trkpt lat="42.972849" lon="-2.040142">
        <ele>1231.191</ele>
        <time>2021-11-20T13:46:35Z</time>
      </trkpt>
      <trkpt lat="42.972841" lon="-2.040076">
        <ele>1231.262</ele>
        <time>2021-11-20T13:46:40Z</time>
      </trkpt>
      <trkpt lat="42.972832" lon="-2.040007">
        <ele>1231.435</ele>
        <time>2021-11-20T13:46:45Z</time>
      </trkpt>
      <trkpt lat="42.972822" lon="-2.039943">
        <ele>1231.450</ele>
        <time>2021-11-20T13:46:50Z</time>
      </trkpt>
      <trkpt lat="42.972797" lon="-2.039888">
        <ele>1231.213</ele>
        <time>2021-11-20T13:46:54Z</time>
      </trkpt>
      <trkpt lat="42.972763" lon="-2.039834">
        <ele>1230.544</ele>
        <time>2021-11-20T13:46:57Z</time>
      </trkpt>
      <trkpt lat="42.972725" lon="-2.039789">
        <ele>1229.478</ele>
        <time>2021-11-20T13:47:01Z</time>
      </trkpt>
      <trkpt lat="42.972690" lon="-2.039745">
        <ele>1228.424</ele>
        <time>2021-11-20T13:47:06Z</time>
      </trkpt>
      <trkpt lat="42.972684" lon="-2.039677">
        <ele>1228.587</ele>
        <time>2021-11-20T13:47:11Z</time>
      </trkpt>
      <trkpt lat="42.972681" lon="-2.039615">
        <ele>1228.742</ele>
        <time>2021-11-20T13:47:15Z</time>
      </trkpt>
      <trkpt lat="42.972671" lon="-2.039549">
        <ele>1228.826</ele>
        <time>2021-11-20T13:47:20Z</time>
      </trkpt>
      <trkpt lat="42.972696" lon="-2.039495">
        <ele>1229.708</ele>
        <time>2021-11-20T13:47:32Z</time>
      </trkpt>
      <trkpt lat="42.972692" lon="-2.039432">
        <ele>1229.886</ele>
        <time>2021-11-20T13:48:32Z</time>
      </trkpt>
      <trkpt lat="42.972660" lon="-2.039381">
        <ele>1229.217</ele>
        <time>2021-11-20T13:48:38Z</time>
      </trkpt>
      <trkpt lat="42.972659" lon="-2.039310">
        <ele>1229.480</ele>
        <time>2021-11-20T13:48:42Z</time>
      </trkpt>
      <trkpt lat="42.972648" lon="-2.039245">
        <ele>1229.475</ele>
        <time>2021-11-20T13:48:47Z</time>
      </trkpt>
      <trkpt lat="42.972636" lon="-2.039184">
        <ele>1229.458</ele>
        <time>2021-11-20T13:48:52Z</time>
      </trkpt>
      <trkpt lat="42.972629" lon="-2.039120">
        <ele>1229.389</ele>
        <time>2021-11-20T13:48:56Z</time>
      </trkpt>
      <trkpt lat="42.972608" lon="-2.039061">
        <ele>1229.133</ele>
        <time>2021-11-20T13:49:01Z</time>
      </trkpt>
      <trkpt lat="42.972584" lon="-2.039003">
        <ele>1229.059</ele>
        <time>2021-11-20T13:49:06Z</time>
      </trkpt>
      <trkpt lat="42.972605" lon="-2.038942">
        <ele>1229.064</ele>
        <time>2021-11-20T13:49:11Z</time>
      </trkpt>
      <trkpt lat="42.972621" lon="-2.038873">
        <ele>1229.106</ele>
        <time>2021-11-20T13:49:17Z</time>
      </trkpt>
      <trkpt lat="42.972611" lon="-2.038811">
        <ele>1229.416</ele>
        <time>2021-11-20T13:49:21Z</time>
      </trkpt>
      <trkpt lat="42.972608" lon="-2.038749">
        <ele>1229.708</ele>
        <time>2021-11-20T13:49:26Z</time>
      </trkpt>
      <trkpt lat="42.972630" lon="-2.038688">
        <ele>1230.154</ele>
        <time>2021-11-20T13:49:30Z</time>
      </trkpt>
      <trkpt lat="42.972622" lon="-2.038616">
        <ele>1230.445</ele>
        <time>2021-11-20T13:49:36Z</time>
      </trkpt>
      <trkpt lat="42.972614" lon="-2.038553">
        <ele>1230.638</ele>
        <time>2021-11-20T13:49:40Z</time>
      </trkpt>
      <trkpt lat="42.972625" lon="-2.038485">
        <ele>1230.943</ele>
        <time>2021-11-20T13:49:44Z</time>
      </trkpt>
      <trkpt lat="42.972622" lon="-2.038419">
        <ele>1231.146</ele>
        <time>2021-11-20T13:49:50Z</time>
      </trkpt>
      <trkpt lat="42.972590" lon="-2.038367">
        <ele>1231.267</ele>
        <time>2021-11-20T13:49:55Z</time>
      </trkpt>
      <trkpt lat="42.972602" lon="-2.038303">
        <ele>1231.611</ele>
        <time>2021-11-20T13:49:59Z</time>
      </trkpt>
      <trkpt lat="42.972598" lon="-2.038241">
        <ele>1232.037</ele>
        <time>2021-11-20T13:50:03Z</time>
      </trkpt>
      <trkpt lat="42.972584" lon="-2.038175">
        <ele>1232.472</ele>
        <time>2021-11-20T13:50:09Z</time>
      </trkpt>
      <trkpt lat="42.972573" lon="-2.038109">
        <ele>1232.913</ele>
        <time>2021-11-20T13:50:14Z</time>
      </trkpt>
      <trkpt lat="42.972564" lon="-2.038040">
        <ele>1233.314</ele>
        <time>2021-11-20T13:50:18Z</time>
      </trkpt>
      <trkpt lat="42.972532" lon="-2.037974">
        <ele>1233.408</ele>
        <time>2021-11-20T13:50:24Z</time>
      </trkpt>
      <trkpt lat="42.972502" lon="-2.037925">
        <ele>1233.525</ele>
        <time>2021-11-20T13:50:29Z</time>
      </trkpt>
      <trkpt lat="42.972503" lon="-2.037855">
        <ele>1233.756</ele>
        <time>2021-11-20T13:50:39Z</time>
      </trkpt>
      <trkpt lat="42.972498" lon="-2.037786">
        <ele>1233.949</ele>
        <time>2021-11-20T13:50:44Z</time>
      </trkpt>
      <trkpt lat="42.972448" lon="-2.037753">
        <ele>1233.424</ele>
        <time>2021-11-20T13:50:49Z</time>
      </trkpt>
      <trkpt lat="42.972404" lon="-2.037714">
        <ele>1233.237</ele>
        <time>2021-11-20T13:50:53Z</time>
      </trkpt>
      <trkpt lat="42.972373" lon="-2.037664">
        <ele>1233.288</ele>
        <time>2021-11-20T13:50:58Z</time>
      </trkpt>
      <trkpt lat="42.972376" lon="-2.037599">
        <ele>1233.842</ele>
        <time>2021-11-20T13:51:02Z</time>
      </trkpt>
      <trkpt lat="42.972363" lon="-2.037532">
        <ele>1234.268</ele>
        <time>2021-11-20T13:51:07Z</time>
      </trkpt>
      <trkpt lat="42.972363" lon="-2.037462">
        <ele>1234.754</ele>
        <time>2021-11-20T13:51:11Z</time>
      </trkpt>
      <trkpt lat="42.972342" lon="-2.037406">
        <ele>1234.856</ele>
        <time>2021-11-20T13:51:14Z</time>
      </trkpt>
      <trkpt lat="42.972338" lon="-2.037339">
        <ele>1235.111</ele>
        <time>2021-11-20T13:51:19Z</time>
      </trkpt>
      <trkpt lat="42.972347" lon="-2.037259">
        <ele>1235.608</ele>
        <time>2021-11-20T13:51:24Z</time>
      </trkpt>
      <trkpt lat="42.972347" lon="-2.037197">
        <ele>1235.863</ele>
        <time>2021-11-20T13:51:29Z</time>
      </trkpt>
      <trkpt lat="42.972355" lon="-2.037128">
        <ele>1235.994</ele>
        <time>2021-11-20T13:51:34Z</time>
      </trkpt>
      <trkpt lat="42.972359" lon="-2.037059">
        <ele>1236.017</ele>
        <time>2021-11-20T13:51:39Z</time>
      </trkpt>
      <trkpt lat="42.972369" lon="-2.036993">
        <ele>1236.242</ele>
        <time>2021-11-20T13:51:44Z</time>
      </trkpt>
      <trkpt lat="42.972370" lon="-2.036926">
        <ele>1236.295</ele>
        <time>2021-11-20T13:51:48Z</time>
      </trkpt>
      <trkpt lat="42.972361" lon="-2.036861">
        <ele>1236.056</ele>
        <time>2021-11-20T13:51:52Z</time>
      </trkpt>
      <trkpt lat="42.972355" lon="-2.036798">
        <ele>1235.960</ele>
        <time>2021-11-20T13:51:56Z</time>
      </trkpt>
      <trkpt lat="42.972358" lon="-2.036731">
        <ele>1235.966</ele>
        <time>2021-11-20T13:52:00Z</time>
      </trkpt>
      <trkpt lat="42.972353" lon="-2.036659">
        <ele>1235.891</ele>
        <time>2021-11-20T13:52:04Z</time>
      </trkpt>
      <trkpt lat="42.972344" lon="-2.036595">
        <ele>1235.481</ele>
        <time>2021-11-20T13:52:08Z</time>
      </trkpt>
      <trkpt lat="42.972335" lon="-2.036533">
        <ele>1235.019</ele>
        <time>2021-11-20T13:52:12Z</time>
      </trkpt>
      <trkpt lat="42.972338" lon="-2.036466">
        <ele>1234.808</ele>
        <time>2021-11-20T13:52:15Z</time>
      </trkpt>
      <trkpt lat="42.972340" lon="-2.036399">
        <ele>1234.637</ele>
        <time>2021-11-20T13:52:19Z</time>
      </trkpt>
      <trkpt lat="42.972354" lon="-2.036326">
        <ele>1234.088</ele>
        <time>2021-11-20T13:52:23Z</time>
      </trkpt>
      <trkpt lat="42.972399" lon="-2.036295">
        <ele>1234.871</ele>
        <time>2021-11-20T13:52:28Z</time>
      </trkpt>
      <trkpt lat="42.972420" lon="-2.036235">
        <ele>1234.766</ele>
        <time>2021-11-20T13:52:33Z</time>
      </trkpt>
      <trkpt lat="42.972431" lon="-2.036170">
        <ele>1234.349</ele>
        <time>2021-11-20T13:52:37Z</time>
      </trkpt>
      <trkpt lat="42.972449" lon="-2.036109">
        <ele>1234.390</ele>
        <time>2021-11-20T13:52:41Z</time>
      </trkpt>
      <trkpt lat="42.972477" lon="-2.036057">
        <ele>1234.534</ele>
        <time>2021-11-20T13:52:45Z</time>
      </trkpt>
      <trkpt lat="42.972496" lon="-2.035995">
        <ele>1234.240</ele>
        <time>2021-11-20T13:52:49Z</time>
      </trkpt>
      <trkpt lat="42.972518" lon="-2.035939">
        <ele>1234.124</ele>
        <time>2021-11-20T13:52:53Z</time>
      </trkpt>
      <trkpt lat="42.972527" lon="-2.035878">
        <ele>1233.504</ele>
        <time>2021-11-20T13:52:57Z</time>
      </trkpt>
      <trkpt lat="42.972524" lon="-2.035814">
        <ele>1232.814</ele>
        <time>2021-11-20T13:53:02Z</time>
      </trkpt>
      <trkpt lat="42.972508" lon="-2.035755">
        <ele>1232.308</ele>
        <time>2021-11-20T13:53:06Z</time>
      </trkpt>
      <trkpt lat="42.972492" lon="-2.035692">
        <ele>1231.740</ele>
        <time>2021-11-20T13:53:11Z</time>
      </trkpt>
      <trkpt lat="42.972485" lon="-2.035617">
        <ele>1231.481</ele>
        <time>2021-11-20T13:53:15Z</time>
      </trkpt>
      <trkpt lat="42.972483" lon="-2.035544">
        <ele>1231.234</ele>
        <time>2021-11-20T13:53:20Z</time>
      </trkpt>
      <trkpt lat="42.972471" lon="-2.035481">
        <ele>1230.219</ele>
        <time>2021-11-20T13:53:24Z</time>
      </trkpt>
      <trkpt lat="42.972448" lon="-2.035420">
        <ele>1228.922</ele>
        <time>2021-11-20T13:53:28Z</time>
      </trkpt>
      <trkpt lat="42.972426" lon="-2.035365">
        <ele>1227.673</ele>
        <time>2021-11-20T13:53:31Z</time>
      </trkpt>
      <trkpt lat="42.972412" lon="-2.035300">
        <ele>1226.757</ele>
        <time>2021-11-20T13:53:36Z</time>
      </trkpt>
      <trkpt lat="42.972385" lon="-2.035228">
        <ele>1225.063</ele>
        <time>2021-11-20T13:53:40Z</time>
      </trkpt>
      <trkpt lat="42.972370" lon="-2.035165">
        <ele>1224.089</ele>
        <time>2021-11-20T13:53:44Z</time>
      </trkpt>
      <trkpt lat="42.972363" lon="-2.035098">
        <ele>1223.306</ele>
        <time>2021-11-20T13:53:48Z</time>
      </trkpt>
      <trkpt lat="42.972364" lon="-2.035031">
        <ele>1222.826</ele>
        <time>2021-11-20T13:53:53Z</time>
      </trkpt>
      <trkpt lat="42.972371" lon="-2.034963">
        <ele>1222.408</ele>
        <time>2021-11-20T13:53:58Z</time>
      </trkpt>
      <trkpt lat="42.972366" lon="-2.034901">
        <ele>1221.776</ele>
        <time>2021-11-20T13:54:03Z</time>
      </trkpt>
      <trkpt lat="42.972365" lon="-2.034835">
        <ele>1221.157</ele>
        <time>2021-11-20T13:54:08Z</time>
      </trkpt>
      <trkpt lat="42.972358" lon="-2.034767">
        <ele>1220.440</ele>
        <time>2021-11-20T13:54:13Z</time>
      </trkpt>
      <trkpt lat="42.972346" lon="-2.034692">
        <ele>1219.515</ele>
        <time>2021-11-20T13:54:18Z</time>
      </trkpt>
      <trkpt lat="42.972343" lon="-2.034623">
        <ele>1218.948</ele>
        <time>2021-11-20T13:54:22Z</time>
      </trkpt>
      <trkpt lat="42.972338" lon="-2.034562">
        <ele>1218.489</ele>
        <time>2021-11-20T13:54:26Z</time>
      </trkpt>
      <trkpt lat="42.972320" lon="-2.034503">
        <ele>1217.813</ele>
        <time>2021-11-20T13:54:30Z</time>
      </trkpt>
      <trkpt lat="42.972309" lon="-2.034441">
        <ele>1217.369</ele>
        <time>2021-11-20T13:54:35Z</time>
      </trkpt>
      <trkpt lat="42.972299" lon="-2.034373">
        <ele>1217.046</ele>
        <time>2021-11-20T13:54:39Z</time>
      </trkpt>
      <trkpt lat="42.972293" lon="-2.034311">
        <ele>1216.888</ele>
        <time>2021-11-20T13:54:42Z</time>
      </trkpt>
      <trkpt lat="42.972298" lon="-2.034239">
        <ele>1216.516</ele>
        <time>2021-11-20T13:54:47Z</time>
      </trkpt>
      <trkpt lat="42.972311" lon="-2.034179">
        <ele>1216.408</ele>
        <time>2021-11-20T13:54:52Z</time>
      </trkpt>
      <trkpt lat="42.972306" lon="-2.034108">
        <ele>1216.152</ele>
        <time>2021-11-20T13:54:56Z</time>
      </trkpt>
      <trkpt lat="42.972308" lon="-2.034046">
        <ele>1215.953</ele>
        <time>2021-11-20T13:55:00Z</time>
      </trkpt>
      <trkpt lat="42.972320" lon="-2.033984">
        <ele>1215.766</ele>
        <time>2021-11-20T13:55:08Z</time>
      </trkpt>
      <trkpt lat="42.972310" lon="-2.033919">
        <ele>1215.441</ele>
        <time>2021-11-20T13:55:13Z</time>
      </trkpt>
      <trkpt lat="42.972294" lon="-2.033859">
        <ele>1215.214</ele>
        <time>2021-11-20T13:55:19Z</time>
      </trkpt>
      <trkpt lat="42.972261" lon="-2.033810">
        <ele>1214.945</ele>
        <time>2021-11-20T13:55:25Z</time>
      </trkpt>
      <trkpt lat="42.972238" lon="-2.033752">
        <ele>1214.699</ele>
        <time>2021-11-20T13:55:30Z</time>
      </trkpt>
      <trkpt lat="42.972225" lon="-2.033689">
        <ele>1214.355</ele>
        <time>2021-11-20T13:55:35Z</time>
      </trkpt>
      <trkpt lat="42.972207" lon="-2.033630">
        <ele>1213.845</ele>
        <time>2021-11-20T13:55:39Z</time>
      </trkpt>
      <trkpt lat="42.972196" lon="-2.033560">
        <ele>1213.447</ele>
        <time>2021-11-20T13:55:44Z</time>
      </trkpt>
      <trkpt lat="42.972178" lon="-2.033497">
        <ele>1213.011</ele>
        <time>2021-11-20T13:55:50Z</time>
      </trkpt>
      <trkpt lat="42.972168" lon="-2.033430">
        <ele>1212.608</ele>
        <time>2021-11-20T13:55:57Z</time>
      </trkpt>
      <trkpt lat="42.972145" lon="-2.033370">
        <ele>1212.092</ele>
        <time>2021-11-20T13:56:03Z</time>
      </trkpt>
      <trkpt lat="42.972115" lon="-2.033323">
        <ele>1211.523</ele>
        <time>2021-11-20T13:56:06Z</time>
      </trkpt>
      <trkpt lat="42.972081" lon="-2.033275">
        <ele>1211.356</ele>
        <time>2021-11-20T13:56:09Z</time>
      </trkpt>
      <trkpt lat="42.972046" lon="-2.033226">
        <ele>1211.221</ele>
        <time>2021-11-20T13:56:13Z</time>
      </trkpt>
      <trkpt lat="42.972026" lon="-2.033167">
        <ele>1211.444</ele>
        <time>2021-11-20T13:56:16Z</time>
      </trkpt>
      <trkpt lat="42.972020" lon="-2.033102">
        <ele>1211.945</ele>
        <time>2021-11-20T13:56:18Z</time>
      </trkpt>
      <trkpt lat="42.972016" lon="-2.033040">
        <ele>1212.489</ele>
        <time>2021-11-20T13:56:21Z</time>
      </trkpt>
      <trkpt lat="42.972013" lon="-2.032976">
        <ele>1212.935</ele>
        <time>2021-11-20T13:56:24Z</time>
      </trkpt>
      <trkpt lat="42.972017" lon="-2.032912">
        <ele>1213.467</ele>
        <time>2021-11-20T13:56:27Z</time>
      </trkpt>
      <trkpt lat="42.972042" lon="-2.032847">
        <ele>1214.181</ele>
        <time>2021-11-20T13:56:31Z</time>
      </trkpt>
      <trkpt lat="42.972057" lon="-2.032786">
        <ele>1214.719</ele>
        <time>2021-11-20T13:56:34Z</time>
      </trkpt>
      <trkpt lat="42.972074" lon="-2.032728">
        <ele>1215.308</ele>
        <time>2021-11-20T13:56:40Z</time>
      </trkpt>
      <trkpt lat="42.972064" lon="-2.032665">
        <ele>1215.724</ele>
        <time>2021-11-20T13:56:47Z</time>
      </trkpt>
      <trkpt lat="42.972032" lon="-2.032613">
        <ele>1215.885</ele>
        <time>2021-11-20T13:56:53Z</time>
      </trkpt>
      <trkpt lat="42.972070" lon="-2.032657">
        <ele>1215.898</ele>
        <time>2021-11-20T13:59:12Z</time>
      </trkpt>
      <trkpt lat="42.972054" lon="-2.032588">
        <ele>1216.243</ele>
        <time>2021-11-20T13:59:47Z</time>
      </trkpt>
      <trkpt lat="42.972042" lon="-2.032518">
        <ele>1216.616</ele>
        <time>2021-11-20T13:59:51Z</time>
      </trkpt>
      <trkpt lat="42.972023" lon="-2.032449">
        <ele>1217.137</ele>
        <time>2021-11-20T13:59:54Z</time>
      </trkpt>
      <trkpt lat="42.972002" lon="-2.032388">
        <ele>1217.511</ele>
        <time>2021-11-20T13:59:57Z</time>
      </trkpt>
      <trkpt lat="42.971979" lon="-2.032328">
        <ele>1218.097</ele>
        <time>2021-11-20T14:00:01Z</time>
      </trkpt>
      <trkpt lat="42.971958" lon="-2.032271">
        <ele>1218.514</ele>
        <time>2021-11-20T14:00:05Z</time>
      </trkpt>
      <trkpt lat="42.971944" lon="-2.032210">
        <ele>1219.154</ele>
        <time>2021-11-20T14:00:11Z</time>
      </trkpt>
      <trkpt lat="42.971947" lon="-2.032146">
        <ele>1219.609</ele>
        <time>2021-11-20T14:00:15Z</time>
      </trkpt>
      <trkpt lat="42.971947" lon="-2.032083">
        <ele>1220.008</ele>
        <time>2021-11-20T14:00:21Z</time>
      </trkpt>
      <trkpt lat="42.971937" lon="-2.032021">
        <ele>1220.379</ele>
        <time>2021-11-20T14:00:26Z</time>
      </trkpt>
      <trkpt lat="42.971922" lon="-2.031962">
        <ele>1220.310</ele>
        <time>2021-11-20T14:00:30Z</time>
      </trkpt>
      <trkpt lat="42.971920" lon="-2.031896">
        <ele>1220.733</ele>
        <time>2021-11-20T14:00:36Z</time>
      </trkpt>
      <trkpt lat="42.971910" lon="-2.031835">
        <ele>1221.088</ele>
        <time>2021-11-20T14:00:42Z</time>
      </trkpt>
      <trkpt lat="42.971874" lon="-2.031794">
        <ele>1220.451</ele>
        <time>2021-11-20T14:00:48Z</time>
      </trkpt>
      <trkpt lat="42.971834" lon="-2.031760">
        <ele>1219.882</ele>
        <time>2021-11-20T14:00:51Z</time>
      </trkpt>
      <trkpt lat="42.971824" lon="-2.031699">
        <ele>1220.196</ele>
        <time>2021-11-20T14:00:55Z</time>
      </trkpt>
      <trkpt lat="42.971836" lon="-2.031638">
        <ele>1220.782</ele>
        <time>2021-11-20T14:01:02Z</time>
      </trkpt>
      <trkpt lat="42.971839" lon="-2.031576">
        <ele>1221.052</ele>
        <time>2021-11-20T14:01:10Z</time>
      </trkpt>
      <trkpt lat="42.971814" lon="-2.031516">
        <ele>1220.753</ele>
        <time>2021-11-20T14:01:16Z</time>
      </trkpt>
      <trkpt lat="42.971779" lon="-2.031472">
        <ele>1220.308</ele>
        <time>2021-11-20T14:01:19Z</time>
      </trkpt>
      <trkpt lat="42.971749" lon="-2.031424">
        <ele>1220.008</ele>
        <time>2021-11-20T14:01:22Z</time>
      </trkpt>
      <trkpt lat="42.971734" lon="-2.031357">
        <ele>1219.923</ele>
        <time>2021-11-20T14:01:26Z</time>
      </trkpt>
      <trkpt lat="42.971723" lon="-2.031297">
        <ele>1219.524</ele>
        <time>2021-11-20T14:01:29Z</time>
      </trkpt>
      <trkpt lat="42.971722" lon="-2.031235">
        <ele>1219.437</ele>
        <time>2021-11-20T14:01:34Z</time>
      </trkpt>
      <trkpt lat="42.971742" lon="-2.031175">
        <ele>1219.282</ele>
        <time>2021-11-20T14:01:39Z</time>
      </trkpt>
      <trkpt lat="42.971762" lon="-2.031108">
        <ele>1219.015</ele>
        <time>2021-11-20T14:01:42Z</time>
      </trkpt>
      <trkpt lat="42.971780" lon="-2.031041">
        <ele>1218.586</ele>
        <time>2021-11-20T14:01:46Z</time>
      </trkpt>
      <trkpt lat="42.971802" lon="-2.030983">
        <ele>1217.920</ele>
        <time>2021-11-20T14:01:50Z</time>
      </trkpt>
      <trkpt lat="42.971806" lon="-2.030921">
        <ele>1217.396</ele>
        <time>2021-11-20T14:01:54Z</time>
      </trkpt>
      <trkpt lat="42.971802" lon="-2.030852">
        <ele>1216.882</ele>
        <time>2021-11-20T14:01:58Z</time>
      </trkpt>
      <trkpt lat="42.971801" lon="-2.030783">
        <ele>1216.343</ele>
        <time>2021-11-20T14:02:03Z</time>
      </trkpt>
      <trkpt lat="42.971805" lon="-2.030720">
        <ele>1215.917</ele>
        <time>2021-11-20T14:02:08Z</time>
      </trkpt>
      <trkpt lat="42.971808" lon="-2.030655">
        <ele>1215.508</ele>
        <time>2021-11-20T14:02:12Z</time>
      </trkpt>
      <trkpt lat="42.971821" lon="-2.030592">
        <ele>1214.826</ele>
        <time>2021-11-20T14:02:16Z</time>
      </trkpt>
      <trkpt lat="42.971831" lon="-2.030524">
        <ele>1214.227</ele>
        <time>2021-11-20T14:02:20Z</time>
      </trkpt>
      <trkpt lat="42.971830" lon="-2.030455">
        <ele>1214.190</ele>
        <time>2021-11-20T14:02:24Z</time>
      </trkpt>
      <trkpt lat="42.971830" lon="-2.030392">
        <ele>1214.095</ele>
        <time>2021-11-20T14:02:29Z</time>
      </trkpt>
      <trkpt lat="42.971832" lon="-2.030324">
        <ele>1213.718</ele>
        <time>2021-11-20T14:02:33Z</time>
      </trkpt>
      <trkpt lat="42.971836" lon="-2.030261">
        <ele>1213.439</ele>
        <time>2021-11-20T14:02:38Z</time>
      </trkpt>
      <trkpt lat="42.971840" lon="-2.030193">
        <ele>1213.043</ele>
        <time>2021-11-20T14:02:42Z</time>
      </trkpt>
      <trkpt lat="42.971838" lon="-2.030126">
        <ele>1212.759</ele>
        <time>2021-11-20T14:02:47Z</time>
      </trkpt>
      <trkpt lat="42.971840" lon="-2.030062">
        <ele>1212.358</ele>
        <time>2021-11-20T14:02:53Z</time>
      </trkpt>
      <trkpt lat="42.971855" lon="-2.029995">
        <ele>1211.552</ele>
        <time>2021-11-20T14:02:59Z</time>
      </trkpt>
      <trkpt lat="42.971863" lon="-2.029933">
        <ele>1211.017</ele>
        <time>2021-11-20T14:03:03Z</time>
      </trkpt>
      <trkpt lat="42.971848" lon="-2.029872">
        <ele>1211.008</ele>
        <time>2021-11-20T14:03:08Z</time>
      </trkpt>
      <trkpt lat="42.971840" lon="-2.029811">
        <ele>1210.873</ele>
        <time>2021-11-20T14:03:13Z</time>
      </trkpt>
      <trkpt lat="42.971837" lon="-2.029749">
        <ele>1210.554</ele>
        <time>2021-11-20T14:03:17Z</time>
      </trkpt>
      <trkpt lat="42.971830" lon="-2.029687">
        <ele>1210.157</ele>
        <time>2021-11-20T14:03:21Z</time>
      </trkpt>
      <trkpt lat="42.971819" lon="-2.029620">
        <ele>1209.632</ele>
        <time>2021-11-20T14:03:25Z</time>
      </trkpt>
      <trkpt lat="42.971808" lon="-2.029553">
        <ele>1209.185</ele>
        <time>2021-11-20T14:03:29Z</time>
      </trkpt>
      <trkpt lat="42.971803" lon="-2.029490">
        <ele>1208.546</ele>
        <time>2021-11-20T14:03:32Z</time>
      </trkpt>
      <trkpt lat="42.971800" lon="-2.029426">
        <ele>1207.980</ele>
        <time>2021-11-20T14:03:37Z</time>
      </trkpt>
      <trkpt lat="42.971781" lon="-2.029365">
        <ele>1207.616</ele>
        <time>2021-11-20T14:03:43Z</time>
      </trkpt>
      <trkpt lat="42.971765" lon="-2.029306">
        <ele>1207.116</ele>
        <time>2021-11-20T14:03:47Z</time>
      </trkpt>
      <trkpt lat="42.971747" lon="-2.029248">
        <ele>1206.676</ele>
        <time>2021-11-20T14:03:51Z</time>
      </trkpt>
      <trkpt lat="42.971725" lon="-2.029189">
        <ele>1206.113</ele>
        <time>2021-11-20T14:03:55Z</time>
      </trkpt>
      <trkpt lat="42.971702" lon="-2.029133">
        <ele>1205.608</ele>
        <time>2021-11-20T14:03:58Z</time>
      </trkpt>
      <trkpt lat="42.971671" lon="-2.029076">
        <ele>1205.369</ele>
        <time>2021-11-20T14:04:01Z</time>
      </trkpt>
      <trkpt lat="42.971638" lon="-2.029007">
        <ele>1204.850</ele>
        <time>2021-11-20T14:04:05Z</time>
      </trkpt>
      <trkpt lat="42.971616" lon="-2.028944">
        <ele>1204.433</ele>
        <time>2021-11-20T14:04:10Z</time>
      </trkpt>
      <trkpt lat="42.971632" lon="-2.028883">
        <ele>1204.028</ele>
        <time>2021-11-20T14:04:14Z</time>
      </trkpt>
      <trkpt lat="42.971593" lon="-2.028840">
        <ele>1203.851</ele>
        <time>2021-11-20T14:04:18Z</time>
      </trkpt>
      <trkpt lat="42.971560" lon="-2.028795">
        <ele>1203.552</ele>
        <time>2021-11-20T14:04:22Z</time>
      </trkpt>
      <trkpt lat="42.971525" lon="-2.028747">
        <ele>1203.276</ele>
        <time>2021-11-20T14:04:27Z</time>
      </trkpt>
      <trkpt lat="42.971509" lon="-2.028680">
        <ele>1202.872</ele>
        <time>2021-11-20T14:04:32Z</time>
      </trkpt>
      <trkpt lat="42.971495" lon="-2.028616">
        <ele>1202.427</ele>
        <time>2021-11-20T14:04:37Z</time>
      </trkpt>
      <trkpt lat="42.971460" lon="-2.028574">
        <ele>1202.268</ele>
        <time>2021-11-20T14:04:42Z</time>
      </trkpt>
      <trkpt lat="42.971427" lon="-2.028524">
        <ele>1201.914</ele>
        <time>2021-11-20T14:04:46Z</time>
      </trkpt>
      <trkpt lat="42.971398" lon="-2.028475">
        <ele>1201.608</ele>
        <time>2021-11-20T14:04:49Z</time>
      </trkpt>
      <trkpt lat="42.971373" lon="-2.028422">
        <ele>1201.350</ele>
        <time>2021-11-20T14:04:53Z</time>
      </trkpt>
      <trkpt lat="42.971347" lon="-2.028367">
        <ele>1201.071</ele>
        <time>2021-11-20T14:04:57Z</time>
      </trkpt>
      <trkpt lat="42.971331" lon="-2.028308">
        <ele>1200.654</ele>
        <time>2021-11-20T14:05:01Z</time>
      </trkpt>
      <trkpt lat="42.971312" lon="-2.028251">
        <ele>1200.089</ele>
        <time>2021-11-20T14:05:05Z</time>
      </trkpt>
      <trkpt lat="42.971287" lon="-2.028198">
        <ele>1199.592</ele>
        <time>2021-11-20T14:05:09Z</time>
      </trkpt>
      <trkpt lat="42.971278" lon="-2.028130">
        <ele>1198.813</ele>
        <time>2021-11-20T14:05:15Z</time>
      </trkpt>
      <trkpt lat="42.971277" lon="-2.028068">
        <ele>1198.367</ele>
        <time>2021-11-20T14:05:20Z</time>
      </trkpt>
      <trkpt lat="42.971262" lon="-2.028005">
        <ele>1197.793</ele>
        <time>2021-11-20T14:05:24Z</time>
      </trkpt>
      <trkpt lat="42.971245" lon="-2.027946">
        <ele>1197.299</ele>
        <time>2021-11-20T14:05:28Z</time>
      </trkpt>
      <trkpt lat="42.971235" lon="-2.027881">
        <ele>1196.607</ele>
        <time>2021-11-20T14:05:33Z</time>
      </trkpt>
      <trkpt lat="42.971225" lon="-2.027817">
        <ele>1195.927</ele>
        <time>2021-11-20T14:05:38Z</time>
      </trkpt>
      <trkpt lat="42.971213" lon="-2.027757">
        <ele>1195.308</ele>
        <time>2021-11-20T14:05:42Z</time>
      </trkpt>
      <trkpt lat="42.971194" lon="-2.027694">
        <ele>1194.647</ele>
        <time>2021-11-20T14:05:46Z</time>
      </trkpt>
      <trkpt lat="42.971178" lon="-2.027628">
        <ele>1193.918</ele>
        <time>2021-11-20T14:05:50Z</time>
      </trkpt>
      <trkpt lat="42.971166" lon="-2.027565">
        <ele>1193.331</ele>
        <time>2021-11-20T14:05:54Z</time>
      </trkpt>
      <trkpt lat="42.971150" lon="-2.027505">
        <ele>1192.626</ele>
        <time>2021-11-20T14:05:58Z</time>
      </trkpt>
      <trkpt lat="42.971143" lon="-2.027444">
        <ele>1192.139</ele>
        <time>2021-11-20T14:06:02Z</time>
      </trkpt>
      <trkpt lat="42.971132" lon="-2.027379">
        <ele>1191.490</ele>
        <time>2021-11-20T14:06:07Z</time>
      </trkpt>
      <trkpt lat="42.971124" lon="-2.027311">
        <ele>1190.884</ele>
        <time>2021-11-20T14:06:12Z</time>
      </trkpt>
      <trkpt lat="42.971118" lon="-2.027249">
        <ele>1190.350</ele>
        <time>2021-11-20T14:06:16Z</time>
      </trkpt>
      <trkpt lat="42.971110" lon="-2.027188">
        <ele>1189.791</ele>
        <time>2021-11-20T14:06:22Z</time>
      </trkpt>
      <trkpt lat="42.971092" lon="-2.027126">
        <ele>1188.781</ele>
        <time>2021-11-20T14:06:25Z</time>
      </trkpt>
      <trkpt lat="42.971074" lon="-2.027068">
        <ele>1187.719</ele>
        <time>2021-11-20T14:06:29Z</time>
      </trkpt>
      <trkpt lat="42.971053" lon="-2.027003">
        <ele>1186.508</ele>
        <time>2021-11-20T14:06:33Z</time>
      </trkpt>
      <trkpt lat="42.971044" lon="-2.026937">
        <ele>1185.847</ele>
        <time>2021-11-20T14:06:37Z</time>
      </trkpt>
      <trkpt lat="42.971037" lon="-2.026874">
        <ele>1185.288</ele>
        <time>2021-11-20T14:06:40Z</time>
      </trkpt>
      <trkpt lat="42.971021" lon="-2.026806">
        <ele>1184.221</ele>
        <time>2021-11-20T14:06:44Z</time>
      </trkpt>
      <trkpt lat="42.971012" lon="-2.026739">
        <ele>1183.686</ele>
        <time>2021-11-20T14:06:49Z</time>
      </trkpt>
      <trkpt lat="42.971009" lon="-2.026675">
        <ele>1183.119</ele>
        <time>2021-11-20T14:06:54Z</time>
      </trkpt>
      <trkpt lat="42.971002" lon="-2.026607">
        <ele>1182.420</ele>
        <time>2021-11-20T14:07:01Z</time>
      </trkpt>
      <trkpt lat="42.971000" lon="-2.026542">
        <ele>1181.824</ele>
        <time>2021-11-20T14:07:05Z</time>
      </trkpt>
      <trkpt lat="42.970985" lon="-2.026482">
        <ele>1181.080</ele>
        <time>2021-11-20T14:07:09Z</time>
      </trkpt>
      <trkpt lat="42.970977" lon="-2.026421">
        <ele>1180.358</ele>
        <time>2021-11-20T14:07:13Z</time>
      </trkpt>
      <trkpt lat="42.970970" lon="-2.026358">
        <ele>1179.652</ele>
        <time>2021-11-20T14:07:17Z</time>
      </trkpt>
      <trkpt lat="42.970965" lon="-2.026292">
        <ele>1178.817</ele>
        <time>2021-11-20T14:07:21Z</time>
      </trkpt>
      <trkpt lat="42.970977" lon="-2.026229">
        <ele>1178.408</ele>
        <time>2021-11-20T14:07:25Z</time>
      </trkpt>
      <trkpt lat="42.970965" lon="-2.026163">
        <ele>1177.493</ele>
        <time>2021-11-20T14:07:28Z</time>
      </trkpt>
      <trkpt lat="42.970985" lon="-2.026106">
        <ele>1177.124</ele>
        <time>2021-11-20T14:07:31Z</time>
      </trkpt>
      <trkpt lat="42.971007" lon="-2.026048">
        <ele>1176.537</ele>
        <time>2021-11-20T14:07:35Z</time>
      </trkpt>
      <trkpt lat="42.971029" lon="-2.025994">
        <ele>1176.012</ele>
        <time>2021-11-20T14:07:38Z</time>
      </trkpt>
      <trkpt lat="42.971054" lon="-2.025939">
        <ele>1175.635</ele>
        <time>2021-11-20T14:07:43Z</time>
      </trkpt>
      <trkpt lat="42.971090" lon="-2.025892">
        <ele>1175.536</ele>
        <time>2021-11-20T14:07:47Z</time>
      </trkpt>
      <trkpt lat="42.971119" lon="-2.025844">
        <ele>1175.170</ele>
        <time>2021-11-20T14:07:52Z</time>
      </trkpt>
      <trkpt lat="42.971139" lon="-2.025785">
        <ele>1174.346</ele>
        <time>2021-11-20T14:07:56Z</time>
      </trkpt>
      <trkpt lat="42.971164" lon="-2.025728">
        <ele>1173.559</ele>
        <time>2021-11-20T14:08:01Z</time>
      </trkpt>
      <trkpt lat="42.971188" lon="-2.025671">
        <ele>1172.903</ele>
        <time>2021-11-20T14:08:06Z</time>
      </trkpt>
      <trkpt lat="42.971210" lon="-2.025615">
        <ele>1172.323</ele>
        <time>2021-11-20T14:08:10Z</time>
      </trkpt>
      <trkpt lat="42.971238" lon="-2.025560">
        <ele>1172.008</ele>
        <time>2021-11-20T14:08:14Z</time>
      </trkpt>
      <trkpt lat="42.971242" lon="-2.025497">
        <ele>1171.613</ele>
        <time>2021-11-20T14:08:19Z</time>
      </trkpt>
      <trkpt lat="42.971224" lon="-2.025432">
        <ele>1171.194</ele>
        <time>2021-11-20T14:08:24Z</time>
      </trkpt>
      <trkpt lat="42.971192" lon="-2.025382">
        <ele>1170.517</ele>
        <time>2021-11-20T14:08:28Z</time>
      </trkpt>
      <trkpt lat="42.971194" lon="-2.025314">
        <ele>1170.152</ele>
        <time>2021-11-20T14:08:33Z</time>
      </trkpt>
      <trkpt lat="42.971168" lon="-2.025251">
        <ele>1169.545</ele>
        <time>2021-11-20T14:08:37Z</time>
      </trkpt>
      <trkpt lat="42.971136" lon="-2.025201">
        <ele>1169.076</ele>
        <time>2021-11-20T14:08:40Z</time>
      </trkpt>
      <trkpt lat="42.971101" lon="-2.025153">
        <ele>1168.450</ele>
        <time>2021-11-20T14:08:44Z</time>
      </trkpt>
      <trkpt lat="42.971099" lon="-2.025085">
        <ele>1168.196</ele>
        <time>2021-11-20T14:08:48Z</time>
      </trkpt>
      <trkpt lat="42.971089" lon="-2.025016">
        <ele>1167.797</ele>
        <time>2021-11-20T14:08:53Z</time>
      </trkpt>
      <trkpt lat="42.971072" lon="-2.024957">
        <ele>1167.323</ele>
        <time>2021-11-20T14:08:57Z</time>
      </trkpt>
      <trkpt lat="42.971057" lon="-2.024891">
        <ele>1166.825</ele>
        <time>2021-11-20T14:09:02Z</time>
      </trkpt>
      <trkpt lat="42.971037" lon="-2.024836">
        <ele>1166.208</ele>
        <time>2021-11-20T14:09:07Z</time>
      </trkpt>
      <trkpt lat="42.971024" lon="-2.024777">
        <ele>1165.717</ele>
        <time>2021-11-20T14:09:12Z</time>
      </trkpt>
      <trkpt lat="42.971015" lon="-2.024709">
        <ele>1165.228</ele>
        <time>2021-11-20T14:09:16Z</time>
      </trkpt>
      <trkpt lat="42.971007" lon="-2.024643">
        <ele>1164.691</ele>
        <time>2021-11-20T14:09:20Z</time>
      </trkpt>
      <trkpt lat="42.970995" lon="-2.024577">
        <ele>1163.956</ele>
        <time>2021-11-20T14:09:24Z</time>
      </trkpt>
      <trkpt lat="42.970990" lon="-2.024509">
        <ele>1163.339</ele>
        <time>2021-11-20T14:09:29Z</time>
      </trkpt>
      <trkpt lat="42.970984" lon="-2.024443">
        <ele>1162.730</ele>
        <time>2021-11-20T14:09:33Z</time>
      </trkpt>
      <trkpt lat="42.970982" lon="-2.024378">
        <ele>1162.274</ele>
        <time>2021-11-20T14:09:38Z</time>
      </trkpt>
      <trkpt lat="42.970966" lon="-2.024314">
        <ele>1161.420</ele>
        <time>2021-11-20T14:09:42Z</time>
      </trkpt>
      <trkpt lat="42.970954" lon="-2.024254">
        <ele>1160.832</ele>
        <time>2021-11-20T14:09:46Z</time>
      </trkpt>
      <trkpt lat="42.970937" lon="-2.024191">
        <ele>1160.092</ele>
        <time>2021-11-20T14:09:50Z</time>
      </trkpt>
      <trkpt lat="42.970918" lon="-2.024123">
        <ele>1159.311</ele>
        <time>2021-11-20T14:09:54Z</time>
      </trkpt>
      <trkpt lat="42.970895" lon="-2.024066">
        <ele>1158.908</ele>
        <time>2021-11-20T14:09:58Z</time>
      </trkpt>
      <trkpt lat="42.970875" lon="-2.024004">
        <ele>1158.781</ele>
        <time>2021-11-20T14:10:02Z</time>
      </trkpt>
      <trkpt lat="42.970852" lon="-2.023945">
        <ele>1158.852</ele>
        <time>2021-11-20T14:10:06Z</time>
      </trkpt>
      <trkpt lat="42.970839" lon="-2.023885">
        <ele>1158.925</ele>
        <time>2021-11-20T14:10:10Z</time>
      </trkpt>
      <trkpt lat="42.970818" lon="-2.023826">
        <ele>1157.770</ele>
        <time>2021-11-20T14:10:13Z</time>
      </trkpt>
      <trkpt lat="42.970792" lon="-2.023769">
        <ele>1156.713</ele>
        <time>2021-11-20T14:10:17Z</time>
      </trkpt>
      <trkpt lat="42.970759" lon="-2.023728">
        <ele>1156.284</ele>
        <time>2021-11-20T14:10:20Z</time>
      </trkpt>
      <trkpt lat="42.970722" lon="-2.023685">
        <ele>1156.258</ele>
        <time>2021-11-20T14:10:24Z</time>
      </trkpt>
      <trkpt lat="42.970681" lon="-2.023649">
        <ele>1156.634</ele>
        <time>2021-11-20T14:10:28Z</time>
      </trkpt>
      <trkpt lat="42.970648" lon="-2.023603">
        <ele>1157.447</ele>
        <time>2021-11-20T14:10:32Z</time>
      </trkpt>
      <trkpt lat="42.970612" lon="-2.023558">
        <ele>1158.229</ele>
        <time>2021-11-20T14:10:35Z</time>
      </trkpt>
      <trkpt lat="42.970570" lon="-2.023509">
        <ele>1159.421</ele>
        <time>2021-11-20T14:10:39Z</time>
      </trkpt>
      <trkpt lat="42.970526" lon="-2.023466">
        <ele>1159.808</ele>
        <time>2021-11-20T14:10:43Z</time>
      </trkpt>
      <trkpt lat="42.970483" lon="-2.023433">
        <ele>1159.892</ele>
        <time>2021-11-20T14:10:47Z</time>
      </trkpt>
      <trkpt lat="42.970437" lon="-2.023410">
        <ele>1159.933</ele>
        <time>2021-11-20T14:10:51Z</time>
      </trkpt>
      <trkpt lat="42.970388" lon="-2.023378">
        <ele>1160.246</ele>
        <time>2021-11-20T14:10:56Z</time>
      </trkpt>
      <trkpt lat="42.970344" lon="-2.023351">
        <ele>1160.691</ele>
        <time>2021-11-20T14:11:00Z</time>
      </trkpt>
      <trkpt lat="42.970300" lon="-2.023316">
        <ele>1161.354</ele>
        <time>2021-11-20T14:11:05Z</time>
      </trkpt>
      <trkpt lat="42.970261" lon="-2.023283">
        <ele>1161.715</ele>
        <time>2021-11-20T14:11:09Z</time>
      </trkpt>
      <trkpt lat="42.970221" lon="-2.023238">
        <ele>1162.079</ele>
        <time>2021-11-20T14:11:15Z</time>
      </trkpt>
      <trkpt lat="42.970174" lon="-2.023211">
        <ele>1162.055</ele>
        <time>2021-11-20T14:11:19Z</time>
      </trkpt>
      <trkpt lat="42.970122" lon="-2.023214">
        <ele>1161.421</ele>
        <time>2021-11-20T14:11:23Z</time>
      </trkpt>
      <trkpt lat="42.970078" lon="-2.023197">
        <ele>1161.341</ele>
        <time>2021-11-20T14:11:26Z</time>
      </trkpt>
      <trkpt lat="42.970031" lon="-2.023190">
        <ele>1160.905</ele>
        <time>2021-11-20T14:11:30Z</time>
      </trkpt>
      <trkpt lat="42.969986" lon="-2.023163">
        <ele>1161.208</ele>
        <time>2021-11-20T14:11:34Z</time>
      </trkpt>
      <trkpt lat="42.969942" lon="-2.023140">
        <ele>1161.650</ele>
        <time>2021-11-20T14:11:38Z</time>
      </trkpt>
      <trkpt lat="42.969897" lon="-2.023133">
        <ele>1161.611</ele>
        <time>2021-11-20T14:11:41Z</time>
      </trkpt>
      <trkpt lat="42.969847" lon="-2.023133">
        <ele>1161.364</ele>
        <time>2021-11-20T14:11:45Z</time>
      </trkpt>
      <trkpt lat="42.969800" lon="-2.023143">
        <ele>1160.819</ele>
        <time>2021-11-20T14:11:49Z</time>
      </trkpt>
      <trkpt lat="42.969751" lon="-2.023150">
        <ele>1160.482</ele>
        <time>2021-11-20T14:11:53Z</time>
      </trkpt>
      <trkpt lat="42.969706" lon="-2.023137">
        <ele>1160.733</ele>
        <time>2021-11-20T14:11:57Z</time>
      </trkpt>
      <trkpt lat="42.969659" lon="-2.023135">
        <ele>1160.977</ele>
        <time>2021-11-20T14:12:02Z</time>
      </trkpt>
      <trkpt lat="42.969606" lon="-2.023136">
        <ele>1161.163</ele>
        <time>2021-11-20T14:12:05Z</time>
      </trkpt>
      <trkpt lat="42.969561" lon="-2.023144">
        <ele>1161.066</ele>
        <time>2021-11-20T14:12:08Z</time>
      </trkpt>
      <trkpt lat="42.969514" lon="-2.023154">
        <ele>1160.929</ele>
        <time>2021-11-20T14:12:11Z</time>
      </trkpt>
      <trkpt lat="42.969467" lon="-2.023174">
        <ele>1160.521</ele>
        <time>2021-11-20T14:12:14Z</time>
      </trkpt>
      <trkpt lat="42.969422" lon="-2.023204">
        <ele>1159.908</ele>
        <time>2021-11-20T14:12:19Z</time>
      </trkpt>
      <trkpt lat="42.969375" lon="-2.023226">
        <ele>1159.684</ele>
        <time>2021-11-20T14:12:24Z</time>
      </trkpt>
      <trkpt lat="42.969329" lon="-2.023237">
        <ele>1159.675</ele>
        <time>2021-11-20T14:12:29Z</time>
      </trkpt>
      <trkpt lat="42.969282" lon="-2.023231">
        <ele>1160.188</ele>
        <time>2021-11-20T14:12:35Z</time>
      </trkpt>
      <trkpt lat="42.969235" lon="-2.023253">
        <ele>1159.843</ele>
        <time>2021-11-20T14:12:41Z</time>
      </trkpt>
      <trkpt lat="42.969190" lon="-2.023249">
        <ele>1160.346</ele>
        <time>2021-11-20T14:12:44Z</time>
      </trkpt>
      <trkpt lat="42.969142" lon="-2.023260">
        <ele>1160.597</ele>
        <time>2021-11-20T14:12:49Z</time>
      </trkpt>
      <trkpt lat="42.969099" lon="-2.023279">
        <ele>1160.591</ele>
        <time>2021-11-20T14:12:55Z</time>
      </trkpt>
      <trkpt lat="42.969055" lon="-2.023297">
        <ele>1160.747</ele>
        <time>2021-11-20T14:13:00Z</time>
      </trkpt>
      <trkpt lat="42.969006" lon="-2.023308">
        <ele>1161.059</ele>
        <time>2021-11-20T14:13:04Z</time>
      </trkpt>
      <trkpt lat="42.968960" lon="-2.023323">
        <ele>1161.303</ele>
        <time>2021-11-20T14:13:07Z</time>
      </trkpt>
      <trkpt lat="42.968907" lon="-2.023332">
        <ele>1161.823</ele>
        <time>2021-11-20T14:13:11Z</time>
      </trkpt>
      <trkpt lat="42.968855" lon="-2.023347">
        <ele>1162.308</ele>
        <time>2021-11-20T14:13:16Z</time>
      </trkpt>
      <trkpt lat="42.968819" lon="-2.023401">
        <ele>1161.873</ele>
        <time>2021-11-20T14:13:20Z</time>
      </trkpt>
      <trkpt lat="42.968784" lon="-2.023454">
        <ele>1161.354</ele>
        <time>2021-11-20T14:13:24Z</time>
      </trkpt>
      <trkpt lat="42.968749" lon="-2.023508">
        <ele>1160.767</ele>
        <time>2021-11-20T14:13:27Z</time>
      </trkpt>
      <trkpt lat="42.968716" lon="-2.023558">
        <ele>1160.342</ele>
        <time>2021-11-20T14:13:30Z</time>
      </trkpt>
      <trkpt lat="42.968674" lon="-2.023596">
        <ele>1160.215</ele>
        <time>2021-11-20T14:13:33Z</time>
      </trkpt>
      <trkpt lat="42.968635" lon="-2.023634">
        <ele>1160.196</ele>
        <time>2021-11-20T14:13:37Z</time>
      </trkpt>
      <trkpt lat="42.968600" lon="-2.023679">
        <ele>1160.110</ele>
        <time>2021-11-20T14:13:40Z</time>
      </trkpt>
      <trkpt lat="42.968560" lon="-2.023728">
        <ele>1160.316</ele>
        <time>2021-11-20T14:13:44Z</time>
      </trkpt>
      <trkpt lat="42.968537" lon="-2.023781">
        <ele>1159.989</ele>
        <time>2021-11-20T14:13:47Z</time>
      </trkpt>
      <trkpt lat="42.968505" lon="-2.023836">
        <ele>1159.706</ele>
        <time>2021-11-20T14:13:52Z</time>
      </trkpt>
      <trkpt lat="42.968475" lon="-2.023886">
        <ele>1159.526</ele>
        <time>2021-11-20T14:13:56Z</time>
      </trkpt>
      <trkpt lat="42.968443" lon="-2.023936">
        <ele>1159.408</ele>
        <time>2021-11-20T14:14:02Z</time>
      </trkpt>
      <trkpt lat="42.968409" lon="-2.023983">
        <ele>1159.446</ele>
        <time>2021-11-20T14:14:07Z</time>
      </trkpt>
      <trkpt lat="42.968364" lon="-2.024023">
        <ele>1159.877</ele>
        <time>2021-11-20T14:14:11Z</time>
      </trkpt>
      <trkpt lat="42.968329" lon="-2.024074">
        <ele>1159.810</ele>
        <time>2021-11-20T14:14:14Z</time>
      </trkpt>
      <trkpt lat="42.968301" lon="-2.024131">
        <ele>1159.755</ele>
        <time>2021-11-20T14:14:17Z</time>
      </trkpt>
      <trkpt lat="42.968278" lon="-2.024194">
        <ele>1159.328</ele>
        <time>2021-11-20T14:14:22Z</time>
      </trkpt>
      <trkpt lat="42.968248" lon="-2.024244">
        <ele>1159.249</ele>
        <time>2021-11-20T14:14:27Z</time>
      </trkpt>
      <trkpt lat="42.968213" lon="-2.024286">
        <ele>1159.433</ele>
        <time>2021-11-20T14:14:32Z</time>
      </trkpt>
      <trkpt lat="42.968186" lon="-2.024337">
        <ele>1159.189</ele>
        <time>2021-11-20T14:14:36Z</time>
      </trkpt>
      <trkpt lat="42.968164" lon="-2.024398">
        <ele>1158.368</ele>
        <time>2021-11-20T14:14:39Z</time>
      </trkpt>
      <trkpt lat="42.968132" lon="-2.024451">
        <ele>1158.042</ele>
        <time>2021-11-20T14:14:42Z</time>
      </trkpt>
      <trkpt lat="42.968092" lon="-2.024491">
        <ele>1158.426</ele>
        <time>2021-11-20T14:14:46Z</time>
      </trkpt>
      <trkpt lat="42.968061" lon="-2.024544">
        <ele>1158.408</ele>
        <time>2021-11-20T14:14:50Z</time>
      </trkpt>
      <trkpt lat="42.968036" lon="-2.024600">
        <ele>1158.664</ele>
        <time>2021-11-20T14:14:54Z</time>
      </trkpt>
      <trkpt lat="42.968022" lon="-2.024661">
        <ele>1158.395</ele>
        <time>2021-11-20T14:14:58Z</time>
      </trkpt>
      <trkpt lat="42.968000" lon="-2.024719">
        <ele>1158.398</ele>
        <time>2021-11-20T14:15:01Z</time>
      </trkpt>
      <trkpt lat="42.967966" lon="-2.024760">
        <ele>1159.133</ele>
        <time>2021-11-20T14:15:06Z</time>
      </trkpt>
      <trkpt lat="42.967933" lon="-2.024803">
        <ele>1159.826</ele>
        <time>2021-11-20T14:15:10Z</time>
      </trkpt>
      <trkpt lat="42.967905" lon="-2.024856">
        <ele>1160.027</ele>
        <time>2021-11-20T14:15:14Z</time>
      </trkpt>
      <trkpt lat="42.967871" lon="-2.024903">
        <ele>1160.381</ele>
        <time>2021-11-20T14:15:18Z</time>
      </trkpt>
      <trkpt lat="42.967833" lon="-2.024948">
        <ele>1160.697</ele>
        <time>2021-11-20T14:15:22Z</time>
      </trkpt>
      <trkpt lat="42.967795" lon="-2.024984">
        <ele>1160.915</ele>
        <time>2021-11-20T14:15:26Z</time>
      </trkpt>
      <trkpt lat="42.967761" lon="-2.025031">
        <ele>1160.765</ele>
        <time>2021-11-20T14:15:30Z</time>
      </trkpt>
      <trkpt lat="42.967726" lon="-2.025084">
        <ele>1160.211</ele>
        <time>2021-11-20T14:15:35Z</time>
      </trkpt>
      <trkpt lat="42.967682" lon="-2.025119">
        <ele>1160.108</ele>
        <time>2021-11-20T14:15:38Z</time>
      </trkpt>
      <trkpt lat="42.967643" lon="-2.025149">
        <ele>1160.089</ele>
        <time>2021-11-20T14:15:41Z</time>
      </trkpt>
      <trkpt lat="42.967596" lon="-2.025166">
        <ele>1160.230</ele>
        <time>2021-11-20T14:15:44Z</time>
      </trkpt>
      <trkpt lat="42.967548" lon="-2.025164">
        <ele>1160.943</ele>
        <time>2021-11-20T14:15:47Z</time>
      </trkpt>
      <trkpt lat="42.967503" lon="-2.025197">
        <ele>1160.768</ele>
        <time>2021-11-20T14:15:51Z</time>
      </trkpt>
      <trkpt lat="42.967452" lon="-2.025202">
        <ele>1159.951</ele>
        <time>2021-11-20T14:15:56Z</time>
      </trkpt>
      <trkpt lat="42.967408" lon="-2.025169">
        <ele>1159.922</ele>
        <time>2021-11-20T14:16:00Z</time>
      </trkpt>
      <trkpt lat="42.967365" lon="-2.025142">
        <ele>1159.886</ele>
        <time>2021-11-20T14:16:04Z</time>
      </trkpt>
      <trkpt lat="42.967322" lon="-2.025106">
        <ele>1159.892</ele>
        <time>2021-11-20T14:16:07Z</time>
      </trkpt>
      <trkpt lat="42.967272" lon="-2.025086">
        <ele>1159.346</ele>
        <time>2021-11-20T14:16:12Z</time>
      </trkpt>
      <trkpt lat="42.967217" lon="-2.025098">
        <ele>1158.288</ele>
        <time>2021-11-20T14:16:15Z</time>
      </trkpt>
      <trkpt lat="42.967170" lon="-2.025114">
        <ele>1157.616</ele>
        <time>2021-11-20T14:16:19Z</time>
      </trkpt>
      <trkpt lat="42.967124" lon="-2.025129">
        <ele>1157.108</ele>
        <time>2021-11-20T14:16:22Z</time>
      </trkpt>
      <trkpt lat="42.967074" lon="-2.025136">
        <ele>1156.742</ele>
        <time>2021-11-20T14:16:25Z</time>
      </trkpt>
      <trkpt lat="42.967020" lon="-2.025138">
        <ele>1156.483</ele>
        <time>2021-11-20T14:16:30Z</time>
      </trkpt>
      <trkpt lat="42.966969" lon="-2.025133">
        <ele>1156.246</ele>
        <time>2021-11-20T14:16:33Z</time>
      </trkpt>
      <trkpt lat="42.966920" lon="-2.025115">
        <ele>1155.621</ele>
        <time>2021-11-20T14:16:38Z</time>
      </trkpt>
      <trkpt lat="42.966879" lon="-2.025084">
        <ele>1154.854</ele>
        <time>2021-11-20T14:16:42Z</time>
      </trkpt>
      <trkpt lat="42.966843" lon="-2.025045">
        <ele>1154.275</ele>
        <time>2021-11-20T14:16:47Z</time>
      </trkpt>
      <trkpt lat="42.966803" lon="-2.025008">
        <ele>1153.369</ele>
        <time>2021-11-20T14:16:52Z</time>
      </trkpt>
      <trkpt lat="42.966762" lon="-2.024967">
        <ele>1152.585</ele>
        <time>2021-11-20T14:16:55Z</time>
      </trkpt>
      <trkpt lat="42.966732" lon="-2.024921">
        <ele>1152.219</ele>
        <time>2021-11-20T14:16:58Z</time>
      </trkpt>
      <trkpt lat="42.966696" lon="-2.024881">
        <ele>1151.609</ele>
        <time>2021-11-20T14:17:01Z</time>
      </trkpt>
      <trkpt lat="42.966651" lon="-2.024855">
        <ele>1150.619</ele>
        <time>2021-11-20T14:17:05Z</time>
      </trkpt>
      <trkpt lat="42.966615" lon="-2.024804">
        <ele>1150.408</ele>
        <time>2021-11-20T14:17:10Z</time>
      </trkpt>
      <trkpt lat="42.966580" lon="-2.024764">
        <ele>1150.199</ele>
        <time>2021-11-20T14:17:13Z</time>
      </trkpt>
      <trkpt lat="42.966538" lon="-2.024735">
        <ele>1149.590</ele>
        <time>2021-11-20T14:17:16Z</time>
      </trkpt>
      <trkpt lat="42.966496" lon="-2.024693">
        <ele>1148.723</ele>
        <time>2021-11-20T14:17:19Z</time>
      </trkpt>
      <trkpt lat="42.966458" lon="-2.024652">
        <ele>1147.828</ele>
        <time>2021-11-20T14:17:23Z</time>
      </trkpt>
      <trkpt lat="42.966433" lon="-2.024600">
        <ele>1147.211</ele>
        <time>2021-11-20T14:17:26Z</time>
      </trkpt>
      <trkpt lat="42.966411" lon="-2.024543">
        <ele>1146.682</ele>
        <time>2021-11-20T14:17:31Z</time>
      </trkpt>
      <trkpt lat="42.966390" lon="-2.024482">
        <ele>1146.076</ele>
        <time>2021-11-20T14:17:35Z</time>
      </trkpt>
      <trkpt lat="42.966377" lon="-2.024416">
        <ele>1145.752</ele>
        <time>2021-11-20T14:17:38Z</time>
      </trkpt>
      <trkpt lat="42.966359" lon="-2.024357">
        <ele>1145.369</ele>
        <time>2021-11-20T14:17:42Z</time>
      </trkpt>
      <trkpt lat="42.966350" lon="-2.024288">
        <ele>1145.304</ele>
        <time>2021-11-20T14:17:45Z</time>
      </trkpt>
      <trkpt lat="42.966352" lon="-2.024219">
        <ele>1145.724</ele>
        <time>2021-11-20T14:17:49Z</time>
      </trkpt>
      <trkpt lat="42.966356" lon="-2.024155">
        <ele>1146.108</ele>
        <time>2021-11-20T14:17:54Z</time>
      </trkpt>
      <trkpt lat="42.966357" lon="-2.024092">
        <ele>1146.244</ele>
        <time>2021-11-20T14:17:58Z</time>
      </trkpt>
      <trkpt lat="42.966359" lon="-2.024026">
        <ele>1146.445</ele>
        <time>2021-11-20T14:18:02Z</time>
      </trkpt>
      <trkpt lat="42.966361" lon="-2.023964">
        <ele>1146.678</ele>
        <time>2021-11-20T14:18:06Z</time>
      </trkpt>
      <trkpt lat="42.966367" lon="-2.023890">
        <ele>1147.063</ele>
        <time>2021-11-20T14:18:09Z</time>
      </trkpt>
      <trkpt lat="42.966366" lon="-2.023821">
        <ele>1146.466</ele>
        <time>2021-11-20T14:18:13Z</time>
      </trkpt>
      <trkpt lat="42.966376" lon="-2.023745">
        <ele>1146.387</ele>
        <time>2021-11-20T14:18:17Z</time>
      </trkpt>
      <trkpt lat="42.966383" lon="-2.023683">
        <ele>1146.231</ele>
        <time>2021-11-20T14:18:21Z</time>
      </trkpt>
      <trkpt lat="42.966388" lon="-2.023614">
        <ele>1146.097</ele>
        <time>2021-11-20T14:18:26Z</time>
      </trkpt>
      <trkpt lat="42.966378" lon="-2.023548">
        <ele>1146.048</ele>
        <time>2021-11-20T14:18:30Z</time>
      </trkpt>
      <trkpt lat="42.966358" lon="-2.023491">
        <ele>1145.661</ele>
        <time>2021-11-20T14:18:34Z</time>
      </trkpt>
      <trkpt lat="42.966325" lon="-2.023437">
        <ele>1145.017</ele>
        <time>2021-11-20T14:18:38Z</time>
      </trkpt>
      <trkpt lat="42.966299" lon="-2.023384">
        <ele>1145.008</ele>
        <time>2021-11-20T14:18:41Z</time>
      </trkpt>
      <trkpt lat="42.966268" lon="-2.023330">
        <ele>1145.052</ele>
        <time>2021-11-20T14:18:44Z</time>
      </trkpt>
      <trkpt lat="42.966225" lon="-2.023274">
        <ele>1144.433</ele>
        <time>2021-11-20T14:18:48Z</time>
      </trkpt>
      <trkpt lat="42.966188" lon="-2.023231">
        <ele>1143.866</ele>
        <time>2021-11-20T14:18:51Z</time>
      </trkpt>
      <trkpt lat="42.966153" lon="-2.023183">
        <ele>1143.281</ele>
        <time>2021-11-20T14:18:55Z</time>
      </trkpt>
      <trkpt lat="42.966123" lon="-2.023133">
        <ele>1142.844</ele>
        <time>2021-11-20T14:18:59Z</time>
      </trkpt>
      <trkpt lat="42.966086" lon="-2.023085">
        <ele>1142.235</ele>
        <time>2021-11-20T14:19:02Z</time>
      </trkpt>
      <trkpt lat="42.966049" lon="-2.023045">
        <ele>1141.789</ele>
        <time>2021-11-20T14:19:07Z</time>
      </trkpt>
      <trkpt lat="42.966015" lon="-2.023002">
        <ele>1141.275</ele>
        <time>2021-11-20T14:19:10Z</time>
      </trkpt>
      <trkpt lat="42.965968" lon="-2.022966">
        <ele>1140.458</ele>
        <time>2021-11-20T14:19:15Z</time>
      </trkpt>
      <trkpt lat="42.965922" lon="-2.022951">
        <ele>1139.552</ele>
        <time>2021-11-20T14:19:19Z</time>
      </trkpt>
      <trkpt lat="42.965871" lon="-2.022914">
        <ele>1138.817</ele>
        <time>2021-11-20T14:19:23Z</time>
      </trkpt>
      <trkpt lat="42.965830" lon="-2.022883">
        <ele>1138.208</ele>
        <time>2021-11-20T14:19:26Z</time>
      </trkpt>
      <trkpt lat="42.965784" lon="-2.022848">
        <ele>1138.533</ele>
        <time>2021-11-20T14:19:31Z</time>
      </trkpt>
      <trkpt lat="42.965743" lon="-2.022811">
        <ele>1138.744</ele>
        <time>2021-11-20T14:19:35Z</time>
      </trkpt>
      <trkpt lat="42.965701" lon="-2.022784">
        <ele>1138.957</ele>
        <time>2021-11-20T14:19:39Z</time>
      </trkpt>
      <trkpt lat="42.965662" lon="-2.022752">
        <ele>1138.822</ele>
        <time>2021-11-20T14:19:42Z</time>
      </trkpt>
      <trkpt lat="42.965617" lon="-2.022715">
        <ele>1138.725</ele>
        <time>2021-11-20T14:19:45Z</time>
      </trkpt>
      <trkpt lat="42.965577" lon="-2.022678">
        <ele>1138.846</ele>
        <time>2021-11-20T14:19:49Z</time>
      </trkpt>
      <trkpt lat="42.965536" lon="-2.022635">
        <ele>1139.120</ele>
        <time>2021-11-20T14:19:52Z</time>
      </trkpt>
      <trkpt lat="42.965497" lon="-2.022592">
        <ele>1139.296</ele>
        <time>2021-11-20T14:19:57Z</time>
      </trkpt>
      <trkpt lat="42.965451" lon="-2.022581">
        <ele>1139.438</ele>
        <time>2021-11-20T14:20:01Z</time>
      </trkpt>
      <trkpt lat="42.965411" lon="-2.022545">
        <ele>1139.570</ele>
        <time>2021-11-20T14:20:05Z</time>
      </trkpt>
      <trkpt lat="42.965367" lon="-2.022513">
        <ele>1139.717</ele>
        <time>2021-11-20T14:20:10Z</time>
      </trkpt>
      <trkpt lat="42.965329" lon="-2.022467">
        <ele>1139.608</ele>
        <time>2021-11-20T14:20:15Z</time>
      </trkpt>
      <trkpt lat="42.965293" lon="-2.022425">
        <ele>1139.581</ele>
        <time>2021-11-20T14:20:19Z</time>
      </trkpt>
      <trkpt lat="42.965255" lon="-2.022389">
        <ele>1139.212</ele>
        <time>2021-11-20T14:20:22Z</time>
      </trkpt>
      <trkpt lat="42.965215" lon="-2.022351">
        <ele>1138.925</ele>
        <time>2021-11-20T14:20:26Z</time>
      </trkpt>
      <trkpt lat="42.965179" lon="-2.022312">
        <ele>1138.630</ele>
        <time>2021-11-20T14:20:29Z</time>
      </trkpt>
      <trkpt lat="42.965140" lon="-2.022267">
        <ele>1138.393</ele>
        <time>2021-11-20T14:20:32Z</time>
      </trkpt>
      <trkpt lat="42.965105" lon="-2.022220">
        <ele>1138.054</ele>
        <time>2021-11-20T14:20:36Z</time>
      </trkpt>
      <trkpt lat="42.965067" lon="-2.022176">
        <ele>1137.968</ele>
        <time>2021-11-20T14:20:41Z</time>
      </trkpt>
      <trkpt lat="42.965036" lon="-2.022130">
        <ele>1137.744</ele>
        <time>2021-11-20T14:20:45Z</time>
      </trkpt>
      <trkpt lat="42.964995" lon="-2.022097">
        <ele>1137.532</ele>
        <time>2021-11-20T14:20:48Z</time>
      </trkpt>
      <trkpt lat="42.964956" lon="-2.022062">
        <ele>1137.192</ele>
        <time>2021-11-20T14:20:51Z</time>
      </trkpt>
      <trkpt lat="42.964917" lon="-2.022025">
        <ele>1136.711</ele>
        <time>2021-11-20T14:20:55Z</time>
      </trkpt>
      <trkpt lat="42.964882" lon="-2.021985">
        <ele>1136.308</ele>
        <time>2021-11-20T14:20:58Z</time>
      </trkpt>
      <trkpt lat="42.964850" lon="-2.021935">
        <ele>1135.931</ele>
        <time>2021-11-20T14:21:02Z</time>
      </trkpt>
      <trkpt lat="42.964819" lon="-2.021887">
        <ele>1135.832</ele>
        <time>2021-11-20T14:21:06Z</time>
      </trkpt>
      <trkpt lat="42.964788" lon="-2.021837">
        <ele>1135.835</ele>
        <time>2021-11-20T14:21:10Z</time>
      </trkpt>
      <trkpt lat="42.964749" lon="-2.021797">
        <ele>1135.720</ele>
        <time>2021-11-20T14:21:15Z</time>
      </trkpt>
      <trkpt lat="42.964707" lon="-2.021763">
        <ele>1135.623</ele>
        <time>2021-11-20T14:21:20Z</time>
      </trkpt>
      <trkpt lat="42.964673" lon="-2.021718">
        <ele>1135.574</ele>
        <time>2021-11-20T14:21:24Z</time>
      </trkpt>
      <trkpt lat="42.964631" lon="-2.021673">
        <ele>1135.398</ele>
        <time>2021-11-20T14:21:27Z</time>
      </trkpt>
      <trkpt lat="42.964589" lon="-2.021637">
        <ele>1135.064</ele>
        <time>2021-11-20T14:21:31Z</time>
      </trkpt>
      <trkpt lat="42.964550" lon="-2.021596">
        <ele>1134.822</ele>
        <time>2021-11-20T14:21:35Z</time>
      </trkpt>
      <trkpt lat="42.964513" lon="-2.021556">
        <ele>1134.562</ele>
        <time>2021-11-20T14:21:38Z</time>
      </trkpt>
      <trkpt lat="42.964474" lon="-2.021506">
        <ele>1134.208</ele>
        <time>2021-11-20T14:21:42Z</time>
      </trkpt>
      <trkpt lat="42.964431" lon="-2.021465">
        <ele>1133.908</ele>
        <time>2021-11-20T14:21:46Z</time>
      </trkpt>
      <trkpt lat="42.964391" lon="-2.021425">
        <ele>1133.680</ele>
        <time>2021-11-20T14:21:50Z</time>
      </trkpt>
      <trkpt lat="42.964354" lon="-2.021386">
        <ele>1133.311</ele>
        <time>2021-11-20T14:21:54Z</time>
      </trkpt>
      <trkpt lat="42.964325" lon="-2.021336">
        <ele>1133.124</ele>
        <time>2021-11-20T14:21:58Z</time>
      </trkpt>
      <trkpt lat="42.964291" lon="-2.021287">
        <ele>1132.999</ele>
        <time>2021-11-20T14:22:03Z</time>
      </trkpt>
      <trkpt lat="42.964256" lon="-2.021245">
        <ele>1132.662</ele>
        <time>2021-11-20T14:22:07Z</time>
      </trkpt>
      <trkpt lat="42.964219" lon="-2.021194">
        <ele>1132.443</ele>
        <time>2021-11-20T14:22:11Z</time>
      </trkpt>
      <trkpt lat="42.964183" lon="-2.021156">
        <ele>1132.147</ele>
        <time>2021-11-20T14:22:13Z</time>
      </trkpt>
      <trkpt lat="42.964142" lon="-2.021123">
        <ele>1131.793</ele>
        <time>2021-11-20T14:22:17Z</time>
      </trkpt>
      <trkpt lat="42.964109" lon="-2.021078">
        <ele>1131.419</ele>
        <time>2021-11-20T14:22:21Z</time>
      </trkpt>
      <trkpt lat="42.964069" lon="-2.021035">
        <ele>1130.809</ele>
        <time>2021-11-20T14:22:26Z</time>
      </trkpt>
      <trkpt lat="42.964028" lon="-2.020999">
        <ele>1130.319</ele>
        <time>2021-11-20T14:22:31Z</time>
      </trkpt>
      <trkpt lat="42.963989" lon="-2.020958">
        <ele>1129.708</ele>
        <time>2021-11-20T14:22:36Z</time>
      </trkpt>
      <trkpt lat="42.963962" lon="-2.020908">
        <ele>1129.349</ele>
        <time>2021-11-20T14:22:39Z</time>
      </trkpt>
      <trkpt lat="42.963921" lon="-2.020866">
        <ele>1128.680</ele>
        <time>2021-11-20T14:22:43Z</time>
      </trkpt>
      <trkpt lat="42.963881" lon="-2.020831">
        <ele>1127.963</ele>
        <time>2021-11-20T14:22:47Z</time>
      </trkpt>
      <trkpt lat="42.963846" lon="-2.020781">
        <ele>1127.668</ele>
        <time>2021-11-20T14:22:51Z</time>
      </trkpt>
      <trkpt lat="42.963822" lon="-2.020728">
        <ele>1127.421</ele>
        <time>2021-11-20T14:22:55Z</time>
      </trkpt>
      <trkpt lat="42.963788" lon="-2.020679">
        <ele>1127.152</ele>
        <time>2021-11-20T14:22:58Z</time>
      </trkpt>
      <trkpt lat="42.963756" lon="-2.020632">
        <ele>1126.876</ele>
        <time>2021-11-20T14:23:02Z</time>
      </trkpt>
      <trkpt lat="42.963717" lon="-2.020591">
        <ele>1126.452</ele>
        <time>2021-11-20T14:23:05Z</time>
      </trkpt>
      <trkpt lat="42.963671" lon="-2.020571">
        <ele>1125.835</ele>
        <time>2021-11-20T14:23:09Z</time>
      </trkpt>
      <trkpt lat="42.963630" lon="-2.020522">
        <ele>1125.386</ele>
        <time>2021-11-20T14:23:13Z</time>
      </trkpt>
      <trkpt lat="42.963596" lon="-2.020471">
        <ele>1124.814</ele>
        <time>2021-11-20T14:23:17Z</time>
      </trkpt>
      <trkpt lat="42.963557" lon="-2.020426">
        <ele>1124.308</ele>
        <time>2021-11-20T14:23:21Z</time>
      </trkpt>
      <trkpt lat="42.963520" lon="-2.020380">
        <ele>1123.921</ele>
        <time>2021-11-20T14:23:25Z</time>
      </trkpt>
      <trkpt lat="42.963482" lon="-2.020329">
        <ele>1123.582</ele>
        <time>2021-11-20T14:23:29Z</time>
      </trkpt>
      <trkpt lat="42.963441" lon="-2.020286">
        <ele>1123.175</ele>
        <time>2021-11-20T14:23:32Z</time>
      </trkpt>
      <trkpt lat="42.963395" lon="-2.020258">
        <ele>1122.680</ele>
        <time>2021-11-20T14:23:36Z</time>
      </trkpt>
      <trkpt lat="42.963352" lon="-2.020216">
        <ele>1122.043</ele>
        <time>2021-11-20T14:23:40Z</time>
      </trkpt>
      <trkpt lat="42.963317" lon="-2.020174">
        <ele>1121.644</ele>
        <time>2021-11-20T14:23:43Z</time>
      </trkpt>
      <trkpt lat="42.963279" lon="-2.020135">
        <ele>1121.438</ele>
        <time>2021-11-20T14:23:47Z</time>
      </trkpt>
      <trkpt lat="42.963233" lon="-2.020106">
        <ele>1121.214</ele>
        <time>2021-11-20T14:23:51Z</time>
      </trkpt>
      <trkpt lat="42.963195" lon="-2.020068">
        <ele>1121.183</ele>
        <time>2021-11-20T14:23:55Z</time>
      </trkpt>
      <trkpt lat="42.963154" lon="-2.020020">
        <ele>1121.025</ele>
        <time>2021-11-20T14:23:58Z</time>
      </trkpt>
      <trkpt lat="42.963117" lon="-2.019975">
        <ele>1120.917</ele>
        <time>2021-11-20T14:24:03Z</time>
      </trkpt>
      <trkpt lat="42.963086" lon="-2.019929">
        <ele>1120.708</ele>
        <time>2021-11-20T14:24:06Z</time>
      </trkpt>
      <trkpt lat="42.963051" lon="-2.019882">
        <ele>1120.626</ele>
        <time>2021-11-20T14:24:09Z</time>
      </trkpt>
      <trkpt lat="42.963017" lon="-2.019832">
        <ele>1120.327</ele>
        <time>2021-11-20T14:24:13Z</time>
      </trkpt>
      <trkpt lat="42.962977" lon="-2.019794">
        <ele>1120.220</ele>
        <time>2021-11-20T14:24:18Z</time>
      </trkpt>
      <trkpt lat="42.962936" lon="-2.019769">
        <ele>1120.155</ele>
        <time>2021-11-20T14:24:22Z</time>
      </trkpt>
      <trkpt lat="42.962892" lon="-2.019737">
        <ele>1120.048</ele>
        <time>2021-11-20T14:24:26Z</time>
      </trkpt>
      <trkpt lat="42.962857" lon="-2.019688">
        <ele>1120.179</ele>
        <time>2021-11-20T14:24:31Z</time>
      </trkpt>
      <trkpt lat="42.962820" lon="-2.019647">
        <ele>1120.463</ele>
        <time>2021-11-20T14:24:36Z</time>
      </trkpt>
      <trkpt lat="42.962778" lon="-2.019611">
        <ele>1120.889</ele>
        <time>2021-11-20T14:24:40Z</time>
      </trkpt>
      <trkpt lat="42.962739" lon="-2.019574">
        <ele>1120.668</ele>
        <time>2021-11-20T14:24:43Z</time>
      </trkpt>
      <trkpt lat="42.962698" lon="-2.019538">
        <ele>1120.642</ele>
        <time>2021-11-20T14:24:48Z</time>
      </trkpt>
      <trkpt lat="42.962653" lon="-2.019517">
        <ele>1120.426</ele>
        <time>2021-11-20T14:24:52Z</time>
      </trkpt>
      <trkpt lat="42.962607" lon="-2.019509">
        <ele>1120.208</ele>
        <time>2021-11-20T14:24:56Z</time>
      </trkpt>
      <trkpt lat="42.962561" lon="-2.019501">
        <ele>1120.044</ele>
        <time>2021-11-20T14:24:59Z</time>
      </trkpt>
      <trkpt lat="42.962517" lon="-2.019470">
        <ele>1120.435</ele>
        <time>2021-11-20T14:25:04Z</time>
      </trkpt>
      <trkpt lat="42.962471" lon="-2.019436">
        <ele>1121.118</ele>
        <time>2021-11-20T14:25:07Z</time>
      </trkpt>
      <trkpt lat="42.962429" lon="-2.019401">
        <ele>1121.723</ele>
        <time>2021-11-20T14:25:11Z</time>
      </trkpt>
      <trkpt lat="42.962391" lon="-2.019365">
        <ele>1122.336</ele>
        <time>2021-11-20T14:25:14Z</time>
      </trkpt>
      <trkpt lat="42.962351" lon="-2.019323">
        <ele>1122.977</ele>
        <time>2021-11-20T14:25:17Z</time>
      </trkpt>
      <trkpt lat="42.962309" lon="-2.019293">
        <ele>1123.051</ele>
        <time>2021-11-20T14:25:20Z</time>
      </trkpt>
      <trkpt lat="42.962274" lon="-2.019250">
        <ele>1123.417</ele>
        <time>2021-11-20T14:25:24Z</time>
      </trkpt>
      <trkpt lat="42.962236" lon="-2.019204">
        <ele>1123.618</ele>
        <time>2021-11-20T14:25:28Z</time>
      </trkpt>
      <trkpt lat="42.962215" lon="-2.019144">
        <ele>1124.298</ele>
        <time>2021-11-20T14:25:32Z</time>
      </trkpt>
      <trkpt lat="42.962193" lon="-2.019082">
        <ele>1124.917</ele>
        <time>2021-11-20T14:25:36Z</time>
      </trkpt>
      <trkpt lat="42.962173" lon="-2.019024">
        <ele>1125.408</ele>
        <time>2021-11-20T14:25:40Z</time>
      </trkpt>
      <trkpt lat="42.962159" lon="-2.018959">
        <ele>1125.849</ele>
        <time>2021-11-20T14:25:44Z</time>
      </trkpt>
      <trkpt lat="42.962137" lon="-2.018904">
        <ele>1126.290</ele>
        <time>2021-11-20T14:25:48Z</time>
      </trkpt>
      <trkpt lat="42.962121" lon="-2.018843">
        <ele>1126.113</ele>
        <time>2021-11-20T14:25:53Z</time>
      </trkpt>
      <trkpt lat="42.962101" lon="-2.018780">
        <ele>1125.868</ele>
        <time>2021-11-20T14:25:57Z</time>
      </trkpt>
      <trkpt lat="42.962092" lon="-2.018718">
        <ele>1125.571</ele>
        <time>2021-11-20T14:26:01Z</time>
      </trkpt>
      <trkpt lat="42.962089" lon="-2.018648">
        <ele>1125.272</ele>
        <time>2021-11-20T14:26:05Z</time>
      </trkpt>
      <trkpt lat="42.962079" lon="-2.018578">
        <ele>1124.776</ele>
        <time>2021-11-20T14:26:09Z</time>
      </trkpt>
      <trkpt lat="42.962071" lon="-2.018508">
        <ele>1124.062</ele>
        <time>2021-11-20T14:26:14Z</time>
      </trkpt>
      <trkpt lat="42.962047" lon="-2.018455">
        <ele>1123.741</ele>
        <time>2021-11-20T14:26:17Z</time>
      </trkpt>
      <trkpt lat="42.962022" lon="-2.018398">
        <ele>1123.581</ele>
        <time>2021-11-20T14:26:20Z</time>
      </trkpt>
      <trkpt lat="42.961993" lon="-2.018333">
        <ele>1123.309</ele>
        <time>2021-11-20T14:26:25Z</time>
      </trkpt>
      <trkpt lat="42.961949" lon="-2.018306">
        <ele>1123.808</ele>
        <time>2021-11-20T14:26:29Z</time>
      </trkpt>
      <trkpt lat="42.961931" lon="-2.018245">
        <ele>1123.712</ele>
        <time>2021-11-20T14:26:32Z</time>
      </trkpt>
      <trkpt lat="42.961909" lon="-2.018185">
        <ele>1123.313</ele>
        <time>2021-11-20T14:26:37Z</time>
      </trkpt>
      <trkpt lat="42.961891" lon="-2.018126">
        <ele>1122.926</ele>
        <time>2021-11-20T14:26:41Z</time>
      </trkpt>
      <trkpt lat="42.961855" lon="-2.018081">
        <ele>1122.261</ele>
        <time>2021-11-20T14:26:46Z</time>
      </trkpt>
      <trkpt lat="42.961807" lon="-2.018057">
        <ele>1121.574</ele>
        <time>2021-11-20T14:26:51Z</time>
      </trkpt>
      <trkpt lat="42.961766" lon="-2.018031">
        <ele>1120.995</ele>
        <time>2021-11-20T14:26:54Z</time>
      </trkpt>
      <trkpt lat="42.961721" lon="-2.017977">
        <ele>1120.089</ele>
        <time>2021-11-20T14:26:58Z</time>
      </trkpt>
      <trkpt lat="42.961682" lon="-2.017936">
        <ele>1119.365</ele>
        <time>2021-11-20T14:27:01Z</time>
      </trkpt>
      <trkpt lat="42.961642" lon="-2.017901">
        <ele>1118.919</ele>
        <time>2021-11-20T14:27:04Z</time>
      </trkpt>
      <trkpt lat="42.961606" lon="-2.017860">
        <ele>1118.709</ele>
        <time>2021-11-20T14:27:08Z</time>
      </trkpt>
      <trkpt lat="42.961576" lon="-2.017809">
        <ele>1118.519</ele>
        <time>2021-11-20T14:27:13Z</time>
      </trkpt>
      <trkpt lat="42.961539" lon="-2.017772">
        <ele>1118.408</ele>
        <time>2021-11-20T14:27:17Z</time>
      </trkpt>
      <trkpt lat="42.961504" lon="-2.017729">
        <ele>1118.099</ele>
        <time>2021-11-20T14:27:21Z</time>
      </trkpt>
      <trkpt lat="42.961470" lon="-2.017687">
        <ele>1117.670</ele>
        <time>2021-11-20T14:27:25Z</time>
      </trkpt>
      <trkpt lat="42.961427" lon="-2.017642">
        <ele>1117.053</ele>
        <time>2021-11-20T14:27:30Z</time>
      </trkpt>
      <trkpt lat="42.961392" lon="-2.017588">
        <ele>1116.318</ele>
        <time>2021-11-20T14:27:35Z</time>
      </trkpt>
      <trkpt lat="42.961361" lon="-2.017535">
        <ele>1115.921</ele>
        <time>2021-11-20T14:27:38Z</time>
      </trkpt>
      <trkpt lat="42.961327" lon="-2.017488">
        <ele>1115.782</ele>
        <time>2021-11-20T14:27:41Z</time>
      </trkpt>
      <trkpt lat="42.961295" lon="-2.017436">
        <ele>1115.426</ele>
        <time>2021-11-20T14:27:45Z</time>
      </trkpt>
      <trkpt lat="42.961265" lon="-2.017381">
        <ele>1114.912</ele>
        <time>2021-11-20T14:27:49Z</time>
      </trkpt>
      <trkpt lat="42.961230" lon="-2.017337">
        <ele>1114.658</ele>
        <time>2021-11-20T14:27:53Z</time>
      </trkpt>
      <trkpt lat="42.961195" lon="-2.017292">
        <ele>1114.352</ele>
        <time>2021-11-20T14:27:58Z</time>
      </trkpt>
      <trkpt lat="42.961163" lon="-2.017238">
        <ele>1113.717</ele>
        <time>2021-11-20T14:28:01Z</time>
      </trkpt>
      <trkpt lat="42.961131" lon="-2.017191">
        <ele>1113.408</ele>
        <time>2021-11-20T14:28:05Z</time>
      </trkpt>
      <trkpt lat="42.961095" lon="-2.017145">
        <ele>1113.373</ele>
        <time>2021-11-20T14:28:09Z</time>
      </trkpt>
      <trkpt lat="42.961063" lon="-2.017098">
        <ele>1113.154</ele>
        <time>2021-11-20T14:28:12Z</time>
      </trkpt>
      <trkpt lat="42.961034" lon="-2.017040">
        <ele>1112.757</ele>
        <time>2021-11-20T14:28:16Z</time>
      </trkpt>
      <trkpt lat="42.961006" lon="-2.016988">
        <ele>1112.322</ele>
        <time>2021-11-20T14:28:20Z</time>
      </trkpt>
      <trkpt lat="42.960975" lon="-2.016937">
        <ele>1111.915</ele>
        <time>2021-11-20T14:28:23Z</time>
      </trkpt>
      <trkpt lat="42.960946" lon="-2.016887">
        <ele>1111.646</ele>
        <time>2021-11-20T14:28:27Z</time>
      </trkpt>
      <trkpt lat="42.960914" lon="-2.016832">
        <ele>1111.220</ele>
        <time>2021-11-20T14:28:32Z</time>
      </trkpt>
      <trkpt lat="42.960886" lon="-2.016776">
        <ele>1110.866</ele>
        <time>2021-11-20T14:28:35Z</time>
      </trkpt>
      <trkpt lat="42.960863" lon="-2.016723">
        <ele>1110.491</ele>
        <time>2021-11-20T14:28:39Z</time>
      </trkpt>
      <trkpt lat="42.960821" lon="-2.016666">
        <ele>1110.181</ele>
        <time>2021-11-20T14:28:44Z</time>
      </trkpt>
      <trkpt lat="42.960785" lon="-2.016616">
        <ele>1110.119</ele>
        <time>2021-11-20T14:28:47Z</time>
      </trkpt>
      <trkpt lat="42.960758" lon="-2.016558">
        <ele>1109.808</ele>
        <time>2021-11-20T14:28:52Z</time>
      </trkpt>
      <trkpt lat="42.960730" lon="-2.016505">
        <ele>1109.597</ele>
        <time>2021-11-20T14:28:56Z</time>
      </trkpt>
      <trkpt lat="42.960698" lon="-2.016460">
        <ele>1109.248</ele>
        <time>2021-11-20T14:28:59Z</time>
      </trkpt>
      <trkpt lat="42.960663" lon="-2.016406">
        <ele>1108.811</ele>
        <time>2021-11-20T14:29:02Z</time>
      </trkpt>
      <trkpt lat="42.960629" lon="-2.016350">
        <ele>1108.346</ele>
        <time>2021-11-20T14:29:07Z</time>
      </trkpt>
      <trkpt lat="42.960604" lon="-2.016287">
        <ele>1107.739</ele>
        <time>2021-11-20T14:29:10Z</time>
      </trkpt>
      <trkpt lat="42.960559" lon="-2.016259">
        <ele>1107.680</ele>
        <time>2021-11-20T14:29:14Z</time>
      </trkpt>
      <trkpt lat="42.960521" lon="-2.016225">
        <ele>1107.534</ele>
        <time>2021-11-20T14:29:17Z</time>
      </trkpt>
      <trkpt lat="42.960498" lon="-2.016167">
        <ele>1107.070</ele>
        <time>2021-11-20T14:29:21Z</time>
      </trkpt>
      <trkpt lat="42.960475" lon="-2.016111">
        <ele>1106.699</ele>
        <time>2021-11-20T14:29:27Z</time>
      </trkpt>
      <trkpt lat="42.960473" lon="-2.016048">
        <ele>1105.707</ele>
        <time>2021-11-20T14:29:31Z</time>
      </trkpt>
      <trkpt lat="42.960444" lon="-2.015994">
        <ele>1105.127</ele>
        <time>2021-11-20T14:29:35Z</time>
      </trkpt>
      <trkpt lat="42.960409" lon="-2.015944">
        <ele>1104.608</ele>
        <time>2021-11-20T14:29:39Z</time>
      </trkpt>
      <trkpt lat="42.960366" lon="-2.015900">
        <ele>1104.367</ele>
        <time>2021-11-20T14:29:44Z</time>
      </trkpt>
      <trkpt lat="42.960344" lon="-2.015843">
        <ele>1103.798</ele>
        <time>2021-11-20T14:29:48Z</time>
      </trkpt>
      <trkpt lat="42.960307" lon="-2.015798">
        <ele>1103.311</ele>
        <time>2021-11-20T14:29:52Z</time>
      </trkpt>
      <trkpt lat="42.960265" lon="-2.015771">
        <ele>1103.346</ele>
        <time>2021-11-20T14:29:55Z</time>
      </trkpt>
      <trkpt lat="42.960223" lon="-2.015739">
        <ele>1103.479</ele>
        <time>2021-11-20T14:29:59Z</time>
      </trkpt>
      <trkpt lat="42.960187" lon="-2.015683">
        <ele>1103.090</ele>
        <time>2021-11-20T14:30:02Z</time>
      </trkpt>
      <trkpt lat="42.960157" lon="-2.015636">
        <ele>1102.634</ele>
        <time>2021-11-20T14:30:06Z</time>
      </trkpt>
      <trkpt lat="42.960125" lon="-2.015584">
        <ele>1102.190</ele>
        <time>2021-11-20T14:30:09Z</time>
      </trkpt>
      <trkpt lat="42.960095" lon="-2.015531">
        <ele>1101.736</ele>
        <time>2021-11-20T14:30:13Z</time>
      </trkpt>
      <trkpt lat="42.960065" lon="-2.015480">
        <ele>1101.317</ele>
        <time>2021-11-20T14:30:17Z</time>
      </trkpt>
      <trkpt lat="42.960051" lon="-2.015419">
        <ele>1100.618</ele>
        <time>2021-11-20T14:30:21Z</time>
      </trkpt>
      <trkpt lat="42.960023" lon="-2.015367">
        <ele>1100.108</ele>
        <time>2021-11-20T14:30:25Z</time>
      </trkpt>
      <trkpt lat="42.959980" lon="-2.015321">
        <ele>1099.871</ele>
        <time>2021-11-20T14:30:30Z</time>
      </trkpt>
      <trkpt lat="42.959952" lon="-2.015266">
        <ele>1099.352</ele>
        <time>2021-11-20T14:30:34Z</time>
      </trkpt>
      <trkpt lat="42.959924" lon="-2.015218">
        <ele>1098.815</ele>
        <time>2021-11-20T14:30:36Z</time>
      </trkpt>
      <trkpt lat="42.959895" lon="-2.015166">
        <ele>1098.390</ele>
        <time>2021-11-20T14:30:40Z</time>
      </trkpt>
      <trkpt lat="42.959870" lon="-2.015114">
        <ele>1097.743</ele>
        <time>2021-11-20T14:30:44Z</time>
      </trkpt>
      <trkpt lat="42.959849" lon="-2.015058">
        <ele>1097.174</ele>
        <time>2021-11-20T14:30:49Z</time>
      </trkpt>
      <trkpt lat="42.959814" lon="-2.015012">
        <ele>1096.968</ele>
        <time>2021-11-20T14:30:53Z</time>
      </trkpt>
      <trkpt lat="42.959780" lon="-2.014971">
        <ele>1096.784</ele>
        <time>2021-11-20T14:30:57Z</time>
      </trkpt>
      <trkpt lat="42.959754" lon="-2.014911">
        <ele>1096.297</ele>
        <time>2021-11-20T14:31:00Z</time>
      </trkpt>
      <trkpt lat="42.959724" lon="-2.014848">
        <ele>1095.823</ele>
        <time>2021-11-20T14:31:05Z</time>
      </trkpt>
      <trkpt lat="42.959695" lon="-2.014793">
        <ele>1094.925</ele>
        <time>2021-11-20T14:31:09Z</time>
      </trkpt>
      <trkpt lat="42.959666" lon="-2.014744">
        <ele>1094.108</ele>
        <time>2021-11-20T14:31:13Z</time>
      </trkpt>
      <trkpt lat="42.959635" lon="-2.014695">
        <ele>1093.447</ele>
        <time>2021-11-20T14:31:16Z</time>
      </trkpt>
      <trkpt lat="42.959606" lon="-2.014646">
        <ele>1092.758</ele>
        <time>2021-11-20T14:31:20Z</time>
      </trkpt>
      <trkpt lat="42.959573" lon="-2.014603">
        <ele>1092.281</ele>
        <time>2021-11-20T14:31:24Z</time>
      </trkpt>
      <trkpt lat="42.959534" lon="-2.014570">
        <ele>1091.946</ele>
        <time>2021-11-20T14:31:28Z</time>
      </trkpt>
      <trkpt lat="42.959504" lon="-2.014523">
        <ele>1091.579</ele>
        <time>2021-11-20T14:31:31Z</time>
      </trkpt>
      <trkpt lat="42.959474" lon="-2.014472">
        <ele>1091.160</ele>
        <time>2021-11-20T14:31:34Z</time>
      </trkpt>
      <trkpt lat="42.959446" lon="-2.014422">
        <ele>1090.844</ele>
        <time>2021-11-20T14:31:38Z</time>
      </trkpt>
      <trkpt lat="42.959410" lon="-2.014378">
        <ele>1090.280</ele>
        <time>2021-11-20T14:31:43Z</time>
      </trkpt>
      <trkpt lat="42.959371" lon="-2.014345">
        <ele>1089.776</ele>
        <time>2021-11-20T14:31:47Z</time>
      </trkpt>
      <trkpt lat="42.959329" lon="-2.014307">
        <ele>1089.290</ele>
        <time>2021-11-20T14:31:51Z</time>
      </trkpt>
      <trkpt lat="42.959291" lon="-2.014268">
        <ele>1088.819</ele>
        <time>2021-11-20T14:31:54Z</time>
      </trkpt>
      <trkpt lat="42.959245" lon="-2.014245">
        <ele>1088.408</ele>
        <time>2021-11-20T14:31:59Z</time>
      </trkpt>
      <trkpt lat="42.959200" lon="-2.014236">
        <ele>1088.285</ele>
        <time>2021-11-20T14:32:04Z</time>
      </trkpt>
      <trkpt lat="42.959156" lon="-2.014224">
        <ele>1088.076</ele>
        <time>2021-11-20T14:32:08Z</time>
      </trkpt>
      <trkpt lat="42.959111" lon="-2.014207">
        <ele>1088.149</ele>
        <time>2021-11-20T14:32:11Z</time>
      </trkpt>
      <trkpt lat="42.959058" lon="-2.014207">
        <ele>1088.134</ele>
        <time>2021-11-20T14:32:15Z</time>
      </trkpt>
      <trkpt lat="42.959007" lon="-2.014203">
        <ele>1088.237</ele>
        <time>2021-11-20T14:32:18Z</time>
      </trkpt>
      <trkpt lat="42.958955" lon="-2.014199">
        <ele>1088.278</ele>
        <time>2021-11-20T14:32:22Z</time>
      </trkpt>
      <trkpt lat="42.958903" lon="-2.014203">
        <ele>1088.252</ele>
        <time>2021-11-20T14:32:25Z</time>
      </trkpt>
      <trkpt lat="42.958852" lon="-2.014191">
        <ele>1088.298</ele>
        <time>2021-11-20T14:32:29Z</time>
      </trkpt>
      <trkpt lat="42.958801" lon="-2.014173">
        <ele>1088.059</ele>
        <time>2021-11-20T14:32:34Z</time>
      </trkpt>
      <trkpt lat="42.958751" lon="-2.014167">
        <ele>1088.003</ele>
        <time>2021-11-20T14:32:37Z</time>
      </trkpt>
      <trkpt lat="42.958705" lon="-2.014172">
        <ele>1088.023</ele>
        <time>2021-11-20T14:32:42Z</time>
      </trkpt>
      <trkpt lat="42.958655" lon="-2.014158">
        <ele>1087.908</ele>
        <time>2021-11-20T14:32:45Z</time>
      </trkpt>
      <trkpt lat="42.958606" lon="-2.014141">
        <ele>1087.883</ele>
        <time>2021-11-20T14:32:49Z</time>
      </trkpt>
      <trkpt lat="42.958555" lon="-2.014136">
        <ele>1087.574</ele>
        <time>2021-11-20T14:32:53Z</time>
      </trkpt>
      <trkpt lat="42.958504" lon="-2.014132">
        <ele>1087.367</ele>
        <time>2021-11-20T14:32:57Z</time>
      </trkpt>
      <trkpt lat="42.958458" lon="-2.014110">
        <ele>1086.832</ele>
        <time>2021-11-20T14:33:01Z</time>
      </trkpt>
      <trkpt lat="42.958406" lon="-2.014103">
        <ele>1086.535</ele>
        <time>2021-11-20T14:33:05Z</time>
      </trkpt>
      <trkpt lat="42.958353" lon="-2.014084">
        <ele>1085.956</ele>
        <time>2021-11-20T14:33:10Z</time>
      </trkpt>
      <trkpt lat="42.958303" lon="-2.014067">
        <ele>1085.390</ele>
        <time>2021-11-20T14:33:14Z</time>
      </trkpt>
      <trkpt lat="42.958250" lon="-2.014057">
        <ele>1084.866</ele>
        <time>2021-11-20T14:33:19Z</time>
      </trkpt>
      <trkpt lat="42.958207" lon="-2.014035">
        <ele>1084.256</ele>
        <time>2021-11-20T14:33:24Z</time>
      </trkpt>
      <trkpt lat="42.958166" lon="-2.013995">
        <ele>1083.559</ele>
        <time>2021-11-20T14:33:29Z</time>
      </trkpt>
      <trkpt lat="42.958122" lon="-2.013968">
        <ele>1082.914</ele>
        <time>2021-11-20T14:33:33Z</time>
      </trkpt>
      <trkpt lat="42.958089" lon="-2.013919">
        <ele>1082.408</ele>
        <time>2021-11-20T14:33:37Z</time>
      </trkpt>
      <trkpt lat="42.958049" lon="-2.013881">
        <ele>1081.943</ele>
        <time>2021-11-20T14:33:41Z</time>
      </trkpt>
      <trkpt lat="42.958018" lon="-2.013835">
        <ele>1081.584</ele>
        <time>2021-11-20T14:33:45Z</time>
      </trkpt>
      <trkpt lat="42.957987" lon="-2.013790">
        <ele>1081.197</ele>
        <time>2021-11-20T14:33:49Z</time>
      </trkpt>
      <trkpt lat="42.957951" lon="-2.013749">
        <ele>1080.882</ele>
        <time>2021-11-20T14:33:52Z</time>
      </trkpt>
      <trkpt lat="42.957914" lon="-2.013709">
        <ele>1080.525</ele>
        <time>2021-11-20T14:33:55Z</time>
      </trkpt>
      <trkpt lat="42.957882" lon="-2.013655">
        <ele>1080.276</ele>
        <time>2021-11-20T14:33:59Z</time>
      </trkpt>
      <trkpt lat="42.957857" lon="-2.013600">
        <ele>1079.970</ele>
        <time>2021-11-20T14:34:02Z</time>
      </trkpt>
      <trkpt lat="42.957823" lon="-2.013555">
        <ele>1079.776</ele>
        <time>2021-11-20T14:34:06Z</time>
      </trkpt>
      <trkpt lat="42.957783" lon="-2.013520">
        <ele>1079.731</ele>
        <time>2021-11-20T14:34:09Z</time>
      </trkpt>
      <trkpt lat="42.957749" lon="-2.013476">
        <ele>1079.361</ele>
        <time>2021-11-20T14:34:13Z</time>
      </trkpt>
      <trkpt lat="42.957716" lon="-2.013424">
        <ele>1078.807</ele>
        <time>2021-11-20T14:34:17Z</time>
      </trkpt>
      <trkpt lat="42.957688" lon="-2.013373">
        <ele>1078.508</ele>
        <time>2021-11-20T14:34:20Z</time>
      </trkpt>
      <trkpt lat="42.957655" lon="-2.013319">
        <ele>1078.121</ele>
        <time>2021-11-20T14:34:25Z</time>
      </trkpt>
      <trkpt lat="42.957616" lon="-2.013278">
        <ele>1077.822</ele>
        <time>2021-11-20T14:34:29Z</time>
      </trkpt>
      <trkpt lat="42.957581" lon="-2.013234">
        <ele>1077.535</ele>
        <time>2021-11-20T14:34:33Z</time>
      </trkpt>
      <trkpt lat="42.957562" lon="-2.013169">
        <ele>1077.350</ele>
        <time>2021-11-20T14:34:37Z</time>
      </trkpt>
      <trkpt lat="42.957531" lon="-2.013116">
        <ele>1077.183</ele>
        <time>2021-11-20T14:34:42Z</time>
      </trkpt>
      <trkpt lat="42.957495" lon="-2.013075">
        <ele>1077.064</ele>
        <time>2021-11-20T14:34:45Z</time>
      </trkpt>
      <trkpt lat="42.957456" lon="-2.013037">
        <ele>1077.248</ele>
        <time>2021-11-20T14:34:49Z</time>
      </trkpt>
      <trkpt lat="42.957413" lon="-2.013013">
        <ele>1077.424</ele>
        <time>2021-11-20T14:34:52Z</time>
      </trkpt>
      <trkpt lat="42.957385" lon="-2.012961">
        <ele>1077.456</ele>
        <time>2021-11-20T14:34:56Z</time>
      </trkpt>
      <trkpt lat="42.957362" lon="-2.012899">
        <ele>1077.459</ele>
        <time>2021-11-20T14:35:00Z</time>
      </trkpt>
      <trkpt lat="42.957345" lon="-2.012839">
        <ele>1077.414</ele>
        <time>2021-11-20T14:35:03Z</time>
      </trkpt>
      <trkpt lat="42.957336" lon="-2.012777">
        <ele>1077.408</ele>
        <time>2021-11-20T14:35:06Z</time>
      </trkpt>
      <trkpt lat="42.957328" lon="-2.012711">
        <ele>1077.193</ele>
        <time>2021-11-20T14:35:09Z</time>
      </trkpt>
      <trkpt lat="42.957317" lon="-2.012645">
        <ele>1077.044</ele>
        <time>2021-11-20T14:35:13Z</time>
      </trkpt>
      <trkpt lat="42.957304" lon="-2.012579">
        <ele>1076.917</ele>
        <time>2021-11-20T14:35:16Z</time>
      </trkpt>
      <trkpt lat="42.957286" lon="-2.012513">
        <ele>1076.972</ele>
        <time>2021-11-20T14:35:20Z</time>
      </trkpt>
      <trkpt lat="42.957275" lon="-2.012452">
        <ele>1076.775</ele>
        <time>2021-11-20T14:35:24Z</time>
      </trkpt>
      <trkpt lat="42.957256" lon="-2.012393">
        <ele>1076.736</ele>
        <time>2021-11-20T14:35:28Z</time>
      </trkpt>
      <trkpt lat="42.957242" lon="-2.012332">
        <ele>1076.580</ele>
        <time>2021-11-20T14:35:32Z</time>
      </trkpt>
      <trkpt lat="42.957230" lon="-2.012266">
        <ele>1076.246</ele>
        <time>2021-11-20T14:35:36Z</time>
      </trkpt>
      <trkpt lat="42.957211" lon="-2.012206">
        <ele>1076.138</ele>
        <time>2021-11-20T14:35:40Z</time>
      </trkpt>
      <trkpt lat="42.957185" lon="-2.012144">
        <ele>1076.170</ele>
        <time>2021-11-20T14:35:44Z</time>
      </trkpt>
      <trkpt lat="42.957165" lon="-2.012084">
        <ele>1076.017</ele>
        <time>2021-11-20T14:35:46Z</time>
      </trkpt>
      <trkpt lat="42.957156" lon="-2.012015">
        <ele>1075.708</ele>
        <time>2021-11-20T14:35:51Z</time>
      </trkpt>
      <trkpt lat="42.957142" lon="-2.011953">
        <ele>1075.591</ele>
        <time>2021-11-20T14:35:54Z</time>
      </trkpt>
      <trkpt lat="42.957135" lon="-2.011881">
        <ele>1074.992</ele>
        <time>2021-11-20T14:35:59Z</time>
      </trkpt>
      <trkpt lat="42.957128" lon="-2.011820">
        <ele>1074.445</ele>
        <time>2021-11-20T14:36:03Z</time>
      </trkpt>
      <trkpt lat="42.957119" lon="-2.011748">
        <ele>1073.770</ele>
        <time>2021-11-20T14:36:06Z</time>
      </trkpt>
      <trkpt lat="42.957098" lon="-2.011681">
        <ele>1073.473</ele>
        <time>2021-11-20T14:36:11Z</time>
      </trkpt>
      <trkpt lat="42.957091" lon="-2.011616">
        <ele>1072.824</ele>
        <time>2021-11-20T14:36:14Z</time>
      </trkpt>
      <trkpt lat="42.957071" lon="-2.011555">
        <ele>1072.598</ele>
        <time>2021-11-20T14:36:19Z</time>
      </trkpt>
      <trkpt lat="42.957038" lon="-2.011505">
        <ele>1072.654</ele>
        <time>2021-11-20T14:36:22Z</time>
      </trkpt>
      <trkpt lat="42.957024" lon="-2.011446">
        <ele>1072.276</ele>
        <time>2021-11-20T14:36:27Z</time>
      </trkpt>
      <trkpt lat="42.957027" lon="-2.011372">
        <ele>1071.490</ele>
        <time>2021-11-20T14:36:31Z</time>
      </trkpt>
      <trkpt lat="42.957022" lon="-2.011303">
        <ele>1071.019</ele>
        <time>2021-11-20T14:36:35Z</time>
      </trkpt>
      <trkpt lat="42.957015" lon="-2.011233">
        <ele>1070.608</ele>
        <time>2021-11-20T14:36:39Z</time>
      </trkpt>
      <trkpt lat="42.957007" lon="-2.011167">
        <ele>1070.365</ele>
        <time>2021-11-20T14:36:42Z</time>
      </trkpt>
      <trkpt lat="42.956991" lon="-2.011095">
        <ele>1070.056</ele>
        <time>2021-11-20T14:36:47Z</time>
      </trkpt>
      <trkpt lat="42.956967" lon="-2.011035">
        <ele>1069.899</ele>
        <time>2021-11-20T14:36:50Z</time>
      </trkpt>
      <trkpt lat="42.956940" lon="-2.010978">
        <ele>1069.784</ele>
        <time>2021-11-20T14:36:54Z</time>
      </trkpt>
      <trkpt lat="42.956925" lon="-2.010910">
        <ele>1069.567</ele>
        <time>2021-11-20T14:36:57Z</time>
      </trkpt>
      <trkpt lat="42.956925" lon="-2.010841">
        <ele>1068.898</ele>
        <time>2021-11-20T14:37:01Z</time>
      </trkpt>
      <trkpt lat="42.956917" lon="-2.010772">
        <ele>1068.792</ele>
        <time>2021-11-20T14:37:07Z</time>
      </trkpt>
      <trkpt lat="42.956898" lon="-2.010709">
        <ele>1069.018</ele>
        <time>2021-11-20T14:37:12Z</time>
      </trkpt>
      <trkpt lat="42.956880" lon="-2.010647">
        <ele>1069.218</ele>
        <time>2021-11-20T14:37:17Z</time>
      </trkpt>
      <trkpt lat="42.956870" lon="-2.010586">
        <ele>1069.198</ele>
        <time>2021-11-20T14:37:21Z</time>
      </trkpt>
      <trkpt lat="42.956853" lon="-2.010523">
        <ele>1069.217</ele>
        <time>2021-11-20T14:37:25Z</time>
      </trkpt>
      <trkpt lat="42.956843" lon="-2.010452">
        <ele>1069.108</ele>
        <time>2021-11-20T14:37:30Z</time>
      </trkpt>
      <trkpt lat="42.956826" lon="-2.010391">
        <ele>1069.219</ele>
        <time>2021-11-20T14:37:33Z</time>
      </trkpt>
      <trkpt lat="42.956804" lon="-2.010334">
        <ele>1069.330</ele>
        <time>2021-11-20T14:37:37Z</time>
      </trkpt>
      <trkpt lat="42.956784" lon="-2.010273">
        <ele>1069.313</ele>
        <time>2021-11-20T14:37:40Z</time>
      </trkpt>
      <trkpt lat="42.956764" lon="-2.010214">
        <ele>1069.798</ele>
        <time>2021-11-20T14:37:44Z</time>
      </trkpt>
      <trkpt lat="42.956744" lon="-2.010158">
        <ele>1070.061</ele>
        <time>2021-11-20T14:37:47Z</time>
      </trkpt>
      <trkpt lat="42.956722" lon="-2.010100">
        <ele>1070.392</ele>
        <time>2021-11-20T14:37:51Z</time>
      </trkpt>
      <trkpt lat="42.956709" lon="-2.010035">
        <ele>1070.536</ele>
        <time>2021-11-20T14:37:54Z</time>
      </trkpt>
      <trkpt lat="42.956709" lon="-2.009971">
        <ele>1070.742</ele>
        <time>2021-11-20T14:37:58Z</time>
      </trkpt>
      <trkpt lat="42.956704" lon="-2.009904">
        <ele>1071.051</ele>
        <time>2021-11-20T14:38:01Z</time>
      </trkpt>
      <trkpt lat="42.956708" lon="-2.009831">
        <ele>1071.301</ele>
        <time>2021-11-20T14:38:05Z</time>
      </trkpt>
      <trkpt lat="42.956727" lon="-2.009773">
        <ele>1071.311</ele>
        <time>2021-11-20T14:38:10Z</time>
      </trkpt>
      <trkpt lat="42.956741" lon="-2.009711">
        <ele>1071.508</ele>
        <time>2021-11-20T14:38:15Z</time>
      </trkpt>
      <trkpt lat="42.956750" lon="-2.009644">
        <ele>1071.523</ele>
        <time>2021-11-20T14:38:19Z</time>
      </trkpt>
      <trkpt lat="42.956764" lon="-2.009575">
        <ele>1071.564</ele>
        <time>2021-11-20T14:38:23Z</time>
      </trkpt>
      <trkpt lat="42.956779" lon="-2.009516">
        <ele>1071.587</ele>
        <time>2021-11-20T14:38:27Z</time>
      </trkpt>
      <trkpt lat="42.956795" lon="-2.009451">
        <ele>1071.542</ele>
        <time>2021-11-20T14:38:32Z</time>
      </trkpt>
      <trkpt lat="42.956815" lon="-2.009390">
        <ele>1071.795</ele>
        <time>2021-11-20T14:38:36Z</time>
      </trkpt>
      <trkpt lat="42.956841" lon="-2.009331">
        <ele>1071.886</ele>
        <time>2021-11-20T14:38:40Z</time>
      </trkpt>
      <trkpt lat="42.956861" lon="-2.009274">
        <ele>1071.920</ele>
        <time>2021-11-20T14:38:44Z</time>
      </trkpt>
      <trkpt lat="42.956875" lon="-2.009210">
        <ele>1072.126</ele>
        <time>2021-11-20T14:38:49Z</time>
      </trkpt>
      <trkpt lat="42.956878" lon="-2.009143">
        <ele>1072.233</ele>
        <time>2021-11-20T14:38:52Z</time>
      </trkpt>
      <trkpt lat="42.956898" lon="-2.009082">
        <ele>1072.123</ele>
        <time>2021-11-20T14:38:57Z</time>
      </trkpt>
      <trkpt lat="42.956917" lon="-2.009017">
        <ele>1072.015</ele>
        <time>2021-11-20T14:39:01Z</time>
      </trkpt>
      <trkpt lat="42.956925" lon="-2.008947">
        <ele>1072.008</ele>
        <time>2021-11-20T14:39:05Z</time>
      </trkpt>
      <trkpt lat="42.956938" lon="-2.008874">
        <ele>1071.911</ele>
        <time>2021-11-20T14:39:08Z</time>
      </trkpt>
      <trkpt lat="42.956950" lon="-2.008811">
        <ele>1071.792</ele>
        <time>2021-11-20T14:39:11Z</time>
      </trkpt>
      <trkpt lat="42.956966" lon="-2.008746">
        <ele>1071.455</ele>
        <time>2021-11-20T14:39:14Z</time>
      </trkpt>
      <trkpt lat="42.956994" lon="-2.008691">
        <ele>1071.220</ele>
        <time>2021-11-20T14:39:19Z</time>
      </trkpt>
      <trkpt lat="42.957026" lon="-2.008644">
        <ele>1071.053</ele>
        <time>2021-11-20T14:39:24Z</time>
      </trkpt>
      <trkpt lat="42.957036" lon="-2.008579">
        <ele>1071.034</ele>
        <time>2021-11-20T14:39:29Z</time>
      </trkpt>
      <trkpt lat="42.957031" lon="-2.008516">
        <ele>1071.028</ele>
        <time>2021-11-20T14:39:33Z</time>
      </trkpt>
      <trkpt lat="42.957030" lon="-2.008452">
        <ele>1071.024</ele>
        <time>2021-11-20T14:39:36Z</time>
      </trkpt>
      <trkpt lat="42.957044" lon="-2.008393">
        <ele>1071.019</ele>
        <time>2021-11-20T14:39:40Z</time>
      </trkpt>
      <trkpt lat="42.957059" lon="-2.008331">
        <ele>1071.009</ele>
        <time>2021-11-20T14:39:43Z</time>
      </trkpt>
      <trkpt lat="42.957067" lon="-2.008264">
        <ele>1071.019</ele>
        <time>2021-11-20T14:39:47Z</time>
      </trkpt>
      <trkpt lat="42.957068" lon="-2.008189">
        <ele>1071.008</ele>
        <time>2021-11-20T14:39:52Z</time>
      </trkpt>
      <trkpt lat="42.957068" lon="-2.008124">
        <ele>1071.059</ele>
        <time>2021-11-20T14:39:55Z</time>
      </trkpt>
      <trkpt lat="42.957063" lon="-2.008056">
        <ele>1071.090</ele>
        <time>2021-11-20T14:39:59Z</time>
      </trkpt>
      <trkpt lat="42.957057" lon="-2.007989">
        <ele>1071.013</ele>
        <time>2021-11-20T14:40:02Z</time>
      </trkpt>
      <trkpt lat="42.957049" lon="-2.007920">
        <ele>1070.948</ele>
        <time>2021-11-20T14:40:06Z</time>
      </trkpt>
      <trkpt lat="42.957050" lon="-2.007855">
        <ele>1070.891</ele>
        <time>2021-11-20T14:40:10Z</time>
      </trkpt>
      <trkpt lat="42.957042" lon="-2.007789">
        <ele>1070.772</ele>
        <time>2021-11-20T14:40:15Z</time>
      </trkpt>
      <trkpt lat="42.957031" lon="-2.007729">
        <ele>1070.586</ele>
        <time>2021-11-20T14:40:18Z</time>
      </trkpt>
      <trkpt lat="42.957017" lon="-2.007663">
        <ele>1070.242</ele>
        <time>2021-11-20T14:40:23Z</time>
      </trkpt>
      <trkpt lat="42.957006" lon="-2.007600">
        <ele>1069.974</ele>
        <time>2021-11-20T14:40:28Z</time>
      </trkpt>
      <trkpt lat="42.957006" lon="-2.007537">
        <ele>1069.856</ele>
        <time>2021-11-20T14:40:33Z</time>
      </trkpt>
      <trkpt lat="42.957007" lon="-2.007471">
        <ele>1069.621</ele>
        <time>2021-11-20T14:40:36Z</time>
      </trkpt>
      <trkpt lat="42.957001" lon="-2.007402">
        <ele>1069.408</ele>
        <time>2021-11-20T14:40:40Z</time>
      </trkpt>
      <trkpt lat="42.956997" lon="-2.007340">
        <ele>1069.245</ele>
        <time>2021-11-20T14:40:43Z</time>
      </trkpt>
      <trkpt lat="42.956986" lon="-2.007276">
        <ele>1068.936</ele>
        <time>2021-11-20T14:40:47Z</time>
      </trkpt>
      <trkpt lat="42.956975" lon="-2.007213">
        <ele>1068.579</ele>
        <time>2021-11-20T14:40:51Z</time>
      </trkpt>
      <trkpt lat="42.956961" lon="-2.007150">
        <ele>1068.174</ele>
        <time>2021-11-20T14:40:56Z</time>
      </trkpt>
      <trkpt lat="42.956955" lon="-2.007075">
        <ele>1067.787</ele>
        <time>2021-11-20T14:41:01Z</time>
      </trkpt>
      <trkpt lat="42.956956" lon="-2.007004">
        <ele>1067.548</ele>
        <time>2021-11-20T14:41:06Z</time>
      </trkpt>
      <trkpt lat="42.956941" lon="-2.006935">
        <ele>1066.922</ele>
        <time>2021-11-20T14:41:11Z</time>
      </trkpt>
      <trkpt lat="42.956933" lon="-2.006867">
        <ele>1066.858</ele>
        <time>2021-11-20T14:41:14Z</time>
      </trkpt>
      <trkpt lat="42.956921" lon="-2.006807">
        <ele>1066.575</ele>
        <time>2021-11-20T14:41:18Z</time>
      </trkpt>
      <trkpt lat="42.956912" lon="-2.006738">
        <ele>1066.228</ele>
        <time>2021-11-20T14:41:22Z</time>
      </trkpt>
      <trkpt lat="42.956900" lon="-2.006672">
        <ele>1065.920</ele>
        <time>2021-11-20T14:41:26Z</time>
      </trkpt>
      <trkpt lat="42.956895" lon="-2.006611">
        <ele>1065.608</ele>
        <time>2021-11-20T14:41:30Z</time>
      </trkpt>
      <trkpt lat="42.956883" lon="-2.006547">
        <ele>1065.035</ele>
        <time>2021-11-20T14:41:34Z</time>
      </trkpt>
      <trkpt lat="42.956866" lon="-2.006486">
        <ele>1064.466</ele>
        <time>2021-11-20T14:41:39Z</time>
      </trkpt>
      <trkpt lat="42.956861" lon="-2.006420">
        <ele>1064.049</ele>
        <time>2021-11-20T14:41:44Z</time>
      </trkpt>
      <trkpt lat="42.956853" lon="-2.006356">
        <ele>1063.594</ele>
        <time>2021-11-20T14:41:48Z</time>
      </trkpt>
      <trkpt lat="42.956839" lon="-2.006297">
        <ele>1062.837</ele>
        <time>2021-11-20T14:41:52Z</time>
      </trkpt>
      <trkpt lat="42.956822" lon="-2.006238">
        <ele>1062.148</ele>
        <time>2021-11-20T14:41:55Z</time>
      </trkpt>
      <trkpt lat="42.956808" lon="-2.006171">
        <ele>1061.472</ele>
        <time>2021-11-20T14:41:59Z</time>
      </trkpt>
      <trkpt lat="42.956792" lon="-2.006106">
        <ele>1060.798</ele>
        <time>2021-11-20T14:42:02Z</time>
      </trkpt>
      <trkpt lat="42.956779" lon="-2.006041">
        <ele>1060.287</ele>
        <time>2021-11-20T14:42:05Z</time>
      </trkpt>
      <trkpt lat="42.956763" lon="-2.005983">
        <ele>1059.642</ele>
        <time>2021-11-20T14:42:07Z</time>
      </trkpt>
      <trkpt lat="42.956746" lon="-2.005920">
        <ele>1059.026</ele>
        <time>2021-11-20T14:42:12Z</time>
      </trkpt>
      <trkpt lat="42.956746" lon="-2.005855">
        <ele>1058.808</ele>
        <time>2021-11-20T14:42:17Z</time>
      </trkpt>
      <trkpt lat="42.956754" lon="-2.005789">
        <ele>1058.856</ele>
        <time>2021-11-20T14:42:22Z</time>
      </trkpt>
      <trkpt lat="42.956750" lon="-2.005727">
        <ele>1058.557</ele>
        <time>2021-11-20T14:42:27Z</time>
      </trkpt>
      <trkpt lat="42.956743" lon="-2.005663">
        <ele>1058.280</ele>
        <time>2021-11-20T14:42:31Z</time>
      </trkpt>
      <trkpt lat="42.956739" lon="-2.005599">
        <ele>1057.985</ele>
        <time>2021-11-20T14:42:35Z</time>
      </trkpt>
      <trkpt lat="42.956750" lon="-2.005534">
        <ele>1058.028</ele>
        <time>2021-11-20T14:42:39Z</time>
      </trkpt>
      <trkpt lat="42.956726" lon="-2.005479">
        <ele>1057.369</ele>
        <time>2021-11-20T14:42:43Z</time>
      </trkpt>
      <trkpt lat="42.956702" lon="-2.005423">
        <ele>1056.573</ele>
        <time>2021-11-20T14:42:49Z</time>
      </trkpt>
      <trkpt lat="42.956693" lon="-2.005358">
        <ele>1056.019</ele>
        <time>2021-11-20T14:42:54Z</time>
      </trkpt>
      <trkpt lat="42.956714" lon="-2.005296">
        <ele>1056.432</ele>
        <time>2021-11-20T14:42:58Z</time>
      </trkpt>
      <trkpt lat="42.956734" lon="-2.005235">
        <ele>1056.592</ele>
        <time>2021-11-20T14:43:02Z</time>
      </trkpt>
      <trkpt lat="42.956748" lon="-2.005162">
        <ele>1056.111</ele>
        <time>2021-11-20T14:43:05Z</time>
      </trkpt>
      <trkpt lat="42.956764" lon="-2.005098">
        <ele>1055.908</ele>
        <time>2021-11-20T14:43:09Z</time>
      </trkpt>
      <trkpt lat="42.956787" lon="-2.005018">
        <ele>1055.751</ele>
        <time>2021-11-20T14:43:13Z</time>
      </trkpt>
      <trkpt lat="42.956797" lon="-2.004949">
        <ele>1055.312</ele>
        <time>2021-11-20T14:43:17Z</time>
      </trkpt>
      <trkpt lat="42.956786" lon="-2.004883">
        <ele>1054.555</ele>
        <time>2021-11-20T14:43:21Z</time>
      </trkpt>
      <trkpt lat="42.956777" lon="-2.004816">
        <ele>1053.770</ele>
        <time>2021-11-20T14:43:26Z</time>
      </trkpt>
      <trkpt lat="42.956775" lon="-2.004748">
        <ele>1053.293</ele>
        <time>2021-11-20T14:43:30Z</time>
      </trkpt>
      <trkpt lat="42.956762" lon="-2.004688">
        <ele>1052.544</ele>
        <time>2021-11-20T14:43:34Z</time>
      </trkpt>
      <trkpt lat="42.956763" lon="-2.004608">
        <ele>1051.938</ele>
        <time>2021-11-20T14:43:38Z</time>
      </trkpt>
      <trkpt lat="42.956765" lon="-2.004543">
        <ele>1051.514</ele>
        <time>2021-11-20T14:43:42Z</time>
      </trkpt>
      <trkpt lat="42.956762" lon="-2.004479">
        <ele>1051.031</ele>
        <time>2021-11-20T14:43:47Z</time>
      </trkpt>
      <trkpt lat="42.956763" lon="-2.004405">
        <ele>1050.561</ele>
        <time>2021-11-20T14:43:52Z</time>
      </trkpt>
      <trkpt lat="42.956775" lon="-2.004345">
        <ele>1050.307</ele>
        <time>2021-11-20T14:43:56Z</time>
      </trkpt>
      <trkpt lat="42.956781" lon="-2.004279">
        <ele>1050.008</ele>
        <time>2021-11-20T14:44:00Z</time>
      </trkpt>
      <trkpt lat="42.956774" lon="-2.004217">
        <ele>1049.561</ele>
        <time>2021-11-20T14:44:04Z</time>
      </trkpt>
      <trkpt lat="42.956780" lon="-2.004148">
        <ele>1049.142</ele>
        <time>2021-11-20T14:44:08Z</time>
      </trkpt>
      <trkpt lat="42.956804" lon="-2.004088">
        <ele>1048.975</ele>
        <time>2021-11-20T14:44:11Z</time>
      </trkpt>
      <trkpt lat="42.956825" lon="-2.004024">
        <ele>1048.720</ele>
        <time>2021-11-20T14:44:14Z</time>
      </trkpt>
      <trkpt lat="42.956837" lon="-2.003962">
        <ele>1048.463</ele>
        <time>2021-11-20T14:44:16Z</time>
      </trkpt>
      <trkpt lat="42.956842" lon="-2.003901">
        <ele>1048.074</ele>
        <time>2021-11-20T14:44:19Z</time>
      </trkpt>
      <trkpt lat="42.956849" lon="-2.003834">
        <ele>1047.698</ele>
        <time>2021-11-20T14:44:21Z</time>
      </trkpt>
      <trkpt lat="42.956855" lon="-2.003761">
        <ele>1047.394</ele>
        <time>2021-11-20T14:44:25Z</time>
      </trkpt>
      <trkpt lat="42.956849" lon="-2.003698">
        <ele>1046.878</ele>
        <time>2021-11-20T14:44:30Z</time>
      </trkpt>
      <trkpt lat="42.956843" lon="-2.003637">
        <ele>1046.433</ele>
        <time>2021-11-20T14:44:34Z</time>
      </trkpt>
      <trkpt lat="42.956851" lon="-2.003572">
        <ele>1046.026</ele>
        <time>2021-11-20T14:44:38Z</time>
      </trkpt>
      <trkpt lat="42.956870" lon="-2.003513">
        <ele>1045.808</ele>
        <time>2021-11-20T14:44:42Z</time>
      </trkpt>
      <trkpt lat="42.956894" lon="-2.003447">
        <ele>1045.515</ele>
        <time>2021-11-20T14:44:45Z</time>
      </trkpt>
      <trkpt lat="42.956910" lon="-2.003381">
        <ele>1045.146</ele>
        <time>2021-11-20T14:44:48Z</time>
      </trkpt>
      <trkpt lat="42.956917" lon="-2.003314">
        <ele>1044.719</ele>
        <time>2021-11-20T14:44:51Z</time>
      </trkpt>
      <trkpt lat="42.956929" lon="-2.003242">
        <ele>1044.254</ele>
        <time>2021-11-20T14:44:56Z</time>
      </trkpt>
      <trkpt lat="42.956945" lon="-2.003174">
        <ele>1043.927</ele>
        <time>2021-11-20T14:45:00Z</time>
      </trkpt>
      <trkpt lat="42.956960" lon="-2.003113">
        <ele>1043.598</ele>
        <time>2021-11-20T14:45:04Z</time>
      </trkpt>
      <trkpt lat="42.956980" lon="-2.003053">
        <ele>1043.222</ele>
        <time>2021-11-20T14:45:07Z</time>
      </trkpt>
      <trkpt lat="42.956994" lon="-2.002990">
        <ele>1042.988</ele>
        <time>2021-11-20T14:45:12Z</time>
      </trkpt>
      <trkpt lat="42.957014" lon="-2.002934">
        <ele>1042.623</ele>
        <time>2021-11-20T14:45:16Z</time>
      </trkpt>
      <trkpt lat="42.957040" lon="-2.002876">
        <ele>1042.483</ele>
        <time>2021-11-20T14:45:19Z</time>
      </trkpt>
      <trkpt lat="42.957059" lon="-2.002810">
        <ele>1042.111</ele>
        <time>2021-11-20T14:45:24Z</time>
      </trkpt>
      <trkpt lat="42.957067" lon="-2.002739">
        <ele>1041.708</ele>
        <time>2021-11-20T14:45:28Z</time>
      </trkpt>
      <trkpt lat="42.957056" lon="-2.002678">
        <ele>1041.330</ele>
        <time>2021-11-20T14:45:32Z</time>
      </trkpt>
    </trkseg>
  </trk></gpx>