<?xml version="1.0" encoding="UTF-8"?>
<gpx creator="Wikiloc - https://www.wikiloc.com" version="1.1" xmlns="http://www.topografix.com/GPX/1/1" xmlns:xsi="http://www.w3.org/2001/XMLSchema-instance" xsi:schemaLocation="http://www.topografix.com/GPX/1/1 http://www.topografix.com/GPX/1/1/gpx.xsd">
  <metadata>
    <name>Wikiloc - CANAL ROYA (2348 m) desde PARKING de ANEOU invernal</name>
    <author>
      <name>RUTAS por el MONTE BLOG</name>
      <link href="https://www.wikiloc.com/wikiloc/user.do?id=4600824">
        <text>RUTAS por el MONTE BLOG on Wikiloc</text>
      </link>
    </author>
    <link href="https://www.wikiloc.com/snowshoeing-trails/canal-roya-2348-m-desde-parking-de-aneou-invernal-92801538">
      <text>CANAL ROYA (2348 m) desde PARKING de ANEOU invernal on Wikiloc</text>
    </link>
    <time>2022-01-15T13:22:44Z</time>
  </metadata>
  <wpt lat="42.814498" lon="-0.418112">
    <ele>1726.3</ele>
    <time>2022-01-15T09:36:48Z</time>
    <name>Parking de Anèou</name>
    <cmt></cmt>
    <desc></desc>
  </wpt>
  <wpt lat="42.814002" lon="-0.420118">
    <ele>1712.7</ele>
    <time>2022-01-15T09:48:55Z</time>
    <name>Paneles</name>
    <cmt></cmt>
    <desc></desc>
  </wpt>
  <wpt lat="42.813608" lon="-0.420643">
    <ele>1718.2</ele>
    <time>2022-01-15T09:50:21Z</time>
    <name>Puente</name>
    <cmt></cmt>
    <desc></desc>
  </wpt>
  <wpt lat="42.813787" lon="-0.423493">
    <ele>1733.9</ele>
    <time>2022-01-15T09:54:04Z</time>
    <name>Cabañas</name>
    <cmt></cmt>
    <desc></desc>
  </wpt>
  <wpt lat="42.811335" lon="-0.449290">
    <ele>1990.9</ele>
    <time>2022-01-15T10:43:39Z</time>
    <name>Seguir huella</name>
    <cmt></cmt>
    <desc></desc>
  </wpt>
  <wpt lat="42.809283" lon="-0.453670">
    <ele>2072.3</ele>
    <time>2022-01-15T10:57:48Z</time>
    <name>Collado</name>
    <cmt></cmt>
    <desc></desc>
  </wpt>
  <wpt lat="42.809067" lon="-0.458597">
    <ele>2115.3</ele>
    <time>2022-01-15T11:07:50Z</time>
    <name>Ascenso</name>
    <cmt></cmt>
    <desc></desc>
  </wpt>
  <wpt lat="42.809485" lon="-0.464807">
    <ele>2253.3</ele>
    <time>2022-01-15T11:32:09Z</time>
    <name>Collado de Houer, girar izquierda</name>
    <cmt></cmt>
    <desc></desc>
  </wpt>
  <wpt lat="42.806595" lon="-0.466045">
    <ele>2353.6</ele>
    <time>2022-01-15T11:50:25Z</time>
    <name>Canal Roya</name>
    <cmt></cmt>
    <desc></desc>
  </wpt>
  <trk>
    <name>CANAL ROYA (2348 m) desde PARKING de ANEOU invernal</name>
    <cmt>Preciosa ruta de ida y vuelta al Pico Canal Roya o Canaourouye desde el parking de Anèou. Es una ruta estupenda para hacer con raquetas de nieve o crampones sin tener que superar gran dificultad técnica por lo que es muy disfrutable. 
 
Nosotros la hicimos con unas condiciones perfectas y las vistas eran de las que quedan para el recuerdo. Esto también hizo que fuera conveniente madrugar para aparcar con facilidad, ya que para la vuelta estaba todo lleno de coches. 
En cuanto al recorrido desde el parking de Anèou vamos hacia unos paneles informativos junto al sendero que seguiremos. Justo después cruzaremos un pequeño arroyo por un puente y comenzaremos a ascender muy poco a poco. 
 
Pasaremos junto a unas cabañas, dejándolas a nuestra izquierda, y seguiremos ganando altura con el poderoso Midi d´Ossaou a nuestra derecha, vigilante durante toda la ruta. 
 
Seguiremos las huellas entre grandes montañas y tras un pequeño repecho exigente llegaremos a un gran collado sombrío. Este pequeño llano nos dará un respiro para el último tramo de la ruta, el más exigente. 
 
Después del collado ascendemos hacia otro collado, el collado de Houer, que une una preciosa cadena de montañas. 
 En este collado, giramos a la izquierda y hacemos frente a la última rampa de la jornada, la que nos hará llegar a la cima de Canal Roya, de 2348 m de altura. 
 
Tras disfrutar de las espectaculares vistas, emprendemos el descenso siguiendo el mismo camino que en la subida.</cmt>
    <desc>Preciosa ruta de ida y vuelta al Pico Canal Roya o Canaourouye desde el parking de Anèou. Es una ruta estupenda para hacer con raquetas de nieve o crampones sin tener que superar gran dificultad técnica por lo que es muy disfrutable. 
 
Nosotros la hicimos con unas condiciones perfectas y las vistas eran de las que quedan para el recuerdo. Esto también hizo que fuera conveniente madrugar para aparcar con facilidad, ya que para la vuelta estaba todo lleno de coches. 
En cuanto al recorrido desde el parking de Anèou vamos hacia unos paneles informativos junto al sendero que seguiremos. Justo después cruzaremos un pequeño arroyo por un puente y comenzaremos a ascender muy poco a poco. 
 
Pasaremos junto a unas cabañas, dejándolas a nuestra izquierda, y seguiremos ganando altura con el poderoso Midi d´Ossaou a nuestra derecha, vigilante durante toda la ruta. 
 
Seguiremos las huellas entre grandes montañas y tras un pequeño repecho exigente llegaremos a un gran collado sombrío. Este pequeño llano nos dará un respiro para el último tramo de la ruta, el más exigente. 
 
Después del collado ascendemos hacia otro collado, el collado de Houer, que une una preciosa cadena de montañas. 
 En este collado, giramos a la izquierda y hacemos frente a la última rampa de la jornada, la que nos hará llegar a la cima de Canal Roya, de 2348 m de altura. 
 
Tras disfrutar de las espectaculares vistas, emprendemos el descenso siguiendo el mismo camino que en la subida.</desc>
    <trkseg>
      <trkpt lat="42.814498" lon="-0.418112">
        <ele>1726.356</ele>
        <time>2022-01-15T09:36:40Z</time>
      </trkpt>
      <trkpt lat="42.814606" lon="-0.418059">
        <ele>1726.359</ele>
        <time>2022-01-15T09:36:49Z</time>
      </trkpt>
      <trkpt lat="42.814569" lon="-0.418112">
        <ele>1726.314</ele>
        <time>2022-01-15T09:36:54Z</time>
      </trkpt>
      <trkpt lat="42.814529" lon="-0.418149">
        <ele>1726.308</ele>
        <time>2022-01-15T09:37:00Z</time>
      </trkpt>
      <trkpt lat="42.814562" lon="-0.418102">
        <ele>1726.344</ele>
        <time>2022-01-15T09:37:52Z</time>
      </trkpt>
      <trkpt lat="42.814614" lon="-0.418092">
        <ele>1726.387</ele>
        <time>2022-01-15T09:37:56Z</time>
      </trkpt>
      <trkpt lat="42.814661" lon="-0.418097">
        <ele>1726.363</ele>
        <time>2022-01-15T09:38:03Z</time>
      </trkpt>
      <trkpt lat="42.814706" lon="-0.418129">
        <ele>1726.375</ele>
        <time>2022-01-15T09:38:08Z</time>
      </trkpt>
      <trkpt lat="42.814753" lon="-0.418149">
        <ele>1726.336</ele>
        <time>2022-01-15T09:38:12Z</time>
      </trkpt>
      <trkpt lat="42.814800" lon="-0.418167">
        <ele>1726.350</ele>
        <time>2022-01-15T09:38:16Z</time>
      </trkpt>
      <trkpt lat="42.814860" lon="-0.418175">
        <ele>1726.338</ele>
        <time>2022-01-15T09:38:20Z</time>
      </trkpt>
      <trkpt lat="42.814912" lon="-0.418180">
        <ele>1726.393</ele>
        <time>2022-01-15T09:38:24Z</time>
      </trkpt>
      <trkpt lat="42.814967" lon="-0.418187">
        <ele>1726.361</ele>
        <time>2022-01-15T09:38:28Z</time>
      </trkpt>
      <trkpt lat="42.815012" lon="-0.418184">
        <ele>1726.321</ele>
        <time>2022-01-15T09:38:32Z</time>
      </trkpt>
      <trkpt lat="42.815054" lon="-0.418216">
        <ele>1726.313</ele>
        <time>2022-01-15T09:38:39Z</time>
      </trkpt>
      <trkpt lat="42.815052" lon="-0.418281">
        <ele>1726.308</ele>
        <time>2022-01-15T09:45:18Z</time>
      </trkpt>
      <trkpt lat="42.815039" lon="-0.418343">
        <ele>1722.575</ele>
        <time>2022-01-15T09:45:25Z</time>
      </trkpt>
      <trkpt lat="42.815057" lon="-0.418408">
        <ele>1723.468</ele>
        <time>2022-01-15T09:45:31Z</time>
      </trkpt>
      <trkpt lat="42.815050" lon="-0.418471">
        <ele>1723.154</ele>
        <time>2022-01-15T09:45:36Z</time>
      </trkpt>
      <trkpt lat="42.815018" lon="-0.418518">
        <ele>1722.076</ele>
        <time>2022-01-15T09:45:45Z</time>
      </trkpt>
      <trkpt lat="42.814981" lon="-0.418566">
        <ele>1722.057</ele>
        <time>2022-01-15T09:45:54Z</time>
      </trkpt>
      <trkpt lat="42.814938" lon="-0.418593">
        <ele>1721.271</ele>
        <time>2022-01-15T09:46:00Z</time>
      </trkpt>
      <trkpt lat="42.814898" lon="-0.418625">
        <ele>1719.769</ele>
        <time>2022-01-15T09:46:05Z</time>
      </trkpt>
      <trkpt lat="42.814848" lon="-0.418648">
        <ele>1717.834</ele>
        <time>2022-01-15T09:46:10Z</time>
      </trkpt>
      <trkpt lat="42.814805" lon="-0.418673">
        <ele>1717.313</ele>
        <time>2022-01-15T09:46:15Z</time>
      </trkpt>
      <trkpt lat="42.814765" lon="-0.418710">
        <ele>1717.043</ele>
        <time>2022-01-15T09:46:20Z</time>
      </trkpt>
      <trkpt lat="42.814725" lon="-0.418740">
        <ele>1716.707</ele>
        <time>2022-01-15T09:46:26Z</time>
      </trkpt>
      <trkpt lat="42.814680" lon="-0.418768">
        <ele>1716.808</ele>
        <time>2022-01-15T09:46:29Z</time>
      </trkpt>
      <trkpt lat="42.814638" lon="-0.418795">
        <ele>1716.480</ele>
        <time>2022-01-15T09:46:33Z</time>
      </trkpt>
      <trkpt lat="42.814600" lon="-0.418843">
        <ele>1716.133</ele>
        <time>2022-01-15T09:46:38Z</time>
      </trkpt>
      <trkpt lat="42.814560" lon="-0.418888">
        <ele>1715.089</ele>
        <time>2022-01-15T09:46:44Z</time>
      </trkpt>
      <trkpt lat="42.814523" lon="-0.418941">
        <ele>1714.231</ele>
        <time>2022-01-15T09:46:49Z</time>
      </trkpt>
      <trkpt lat="42.814485" lon="-0.418976">
        <ele>1713.912</ele>
        <time>2022-01-15T09:46:53Z</time>
      </trkpt>
      <trkpt lat="42.814447" lon="-0.419026">
        <ele>1713.416</ele>
        <time>2022-01-15T09:46:58Z</time>
      </trkpt>
      <trkpt lat="42.814414" lon="-0.419074">
        <ele>1713.254</ele>
        <time>2022-01-15T09:47:03Z</time>
      </trkpt>
      <trkpt lat="42.814371" lon="-0.419124">
        <ele>1713.019</ele>
        <time>2022-01-15T09:47:08Z</time>
      </trkpt>
      <trkpt lat="42.814346" lon="-0.419177">
        <ele>1713.021</ele>
        <time>2022-01-15T09:47:18Z</time>
      </trkpt>
      <trkpt lat="42.814314" lon="-0.419239">
        <ele>1713.041</ele>
        <time>2022-01-15T09:47:25Z</time>
      </trkpt>
      <trkpt lat="42.814277" lon="-0.419286">
        <ele>1711.705</ele>
        <time>2022-01-15T09:47:42Z</time>
      </trkpt>
      <trkpt lat="42.814270" lon="-0.419358">
        <ele>1713.408</ele>
        <time>2022-01-15T09:47:55Z</time>
      </trkpt>
      <trkpt lat="42.814273" lon="-0.419428">
        <ele>1714.021</ele>
        <time>2022-01-15T09:47:59Z</time>
      </trkpt>
      <trkpt lat="42.814280" lon="-0.419493">
        <ele>1713.444</ele>
        <time>2022-01-15T09:48:03Z</time>
      </trkpt>
      <trkpt lat="42.814267" lon="-0.419566">
        <ele>1713.360</ele>
        <time>2022-01-15T09:48:08Z</time>
      </trkpt>
      <trkpt lat="42.814247" lon="-0.419633">
        <ele>1713.022</ele>
        <time>2022-01-15T09:48:12Z</time>
      </trkpt>
      <trkpt lat="42.814222" lon="-0.419688">
        <ele>1713.063</ele>
        <time>2022-01-15T09:48:16Z</time>
      </trkpt>
      <trkpt lat="42.814194" lon="-0.419736">
        <ele>1712.437</ele>
        <time>2022-01-15T09:48:21Z</time>
      </trkpt>
      <trkpt lat="42.814164" lon="-0.419788">
        <ele>1711.625</ele>
        <time>2022-01-15T09:48:25Z</time>
      </trkpt>
      <trkpt lat="42.814139" lon="-0.419843">
        <ele>1710.150</ele>
        <time>2022-01-15T09:48:29Z</time>
      </trkpt>
      <trkpt lat="42.814111" lon="-0.419901">
        <ele>1709.075</ele>
        <time>2022-01-15T09:48:33Z</time>
      </trkpt>
      <trkpt lat="42.814088" lon="-0.419954">
        <ele>1708.128</ele>
        <time>2022-01-15T09:48:37Z</time>
      </trkpt>
      <trkpt lat="42.814050" lon="-0.419999">
        <ele>1709.820</ele>
        <time>2022-01-15T09:48:42Z</time>
      </trkpt>
      <trkpt lat="42.814020" lon="-0.420057">
        <ele>1710.708</ele>
        <time>2022-01-15T09:48:46Z</time>
      </trkpt>
      <trkpt lat="42.814003" lon="-0.420119">
        <ele>1712.756</ele>
        <time>2022-01-15T09:48:51Z</time>
      </trkpt>
      <trkpt lat="42.813966" lon="-0.420169">
        <ele>1712.069</ele>
        <time>2022-01-15T09:49:01Z</time>
      </trkpt>
      <trkpt lat="42.813933" lon="-0.420219">
        <ele>1714.785</ele>
        <time>2022-01-15T09:49:08Z</time>
      </trkpt>
      <trkpt lat="42.813898" lon="-0.420271">
        <ele>1719.277</ele>
        <time>2022-01-15T09:49:35Z</time>
      </trkpt>
      <trkpt lat="42.813866" lon="-0.420319">
        <ele>1718.398</ele>
        <time>2022-01-15T09:49:41Z</time>
      </trkpt>
      <trkpt lat="42.813828" lon="-0.420372">
        <ele>1716.962</ele>
        <time>2022-01-15T09:49:45Z</time>
      </trkpt>
      <trkpt lat="42.813790" lon="-0.420409">
        <ele>1716.390</ele>
        <time>2022-01-15T09:49:49Z</time>
      </trkpt>
      <trkpt lat="42.813750" lon="-0.420437">
        <ele>1716.165</ele>
        <time>2022-01-15T09:49:53Z</time>
      </trkpt>
      <trkpt lat="42.813708" lon="-0.420484">
        <ele>1717.115</ele>
        <time>2022-01-15T09:49:58Z</time>
      </trkpt>
      <trkpt lat="42.813676" lon="-0.420529">
        <ele>1717.565</ele>
        <time>2022-01-15T09:50:02Z</time>
      </trkpt>
      <trkpt lat="42.813644" lon="-0.420589">
        <ele>1717.211</ele>
        <time>2022-01-15T09:50:07Z</time>
      </trkpt>
      <trkpt lat="42.813609" lon="-0.420644">
        <ele>1718.208</ele>
        <time>2022-01-15T09:50:12Z</time>
      </trkpt>
      <trkpt lat="42.813577" lon="-0.420699">
        <ele>1714.740</ele>
        <time>2022-01-15T09:50:26Z</time>
      </trkpt>
      <trkpt lat="42.813564" lon="-0.420766">
        <ele>1716.233</ele>
        <time>2022-01-15T09:50:31Z</time>
      </trkpt>
      <trkpt lat="42.813592" lon="-0.420821">
        <ele>1719.619</ele>
        <time>2022-01-15T09:50:39Z</time>
      </trkpt>
      <trkpt lat="42.813632" lon="-0.420866">
        <ele>1720.771</ele>
        <time>2022-01-15T09:50:44Z</time>
      </trkpt>
      <trkpt lat="42.813657" lon="-0.420929">
        <ele>1723.462</ele>
        <time>2022-01-15T09:50:49Z</time>
      </trkpt>
      <trkpt lat="42.813684" lon="-0.421001">
        <ele>1723.726</ele>
        <time>2022-01-15T09:50:54Z</time>
      </trkpt>
      <trkpt lat="42.813732" lon="-0.421033">
        <ele>1725.224</ele>
        <time>2022-01-15T09:50:58Z</time>
      </trkpt>
      <trkpt lat="42.813774" lon="-0.421058">
        <ele>1725.059</ele>
        <time>2022-01-15T09:51:02Z</time>
      </trkpt>
      <trkpt lat="42.813816" lon="-0.421081">
        <ele>1725.396</ele>
        <time>2022-01-15T09:51:06Z</time>
      </trkpt>
      <trkpt lat="42.813854" lon="-0.421114">
        <ele>1725.731</ele>
        <time>2022-01-15T09:51:10Z</time>
      </trkpt>
      <trkpt lat="42.813866" lon="-0.421186">
        <ele>1726.324</ele>
        <time>2022-01-15T09:51:16Z</time>
      </trkpt>
      <trkpt lat="42.813874" lon="-0.421256">
        <ele>1726.308</ele>
        <time>2022-01-15T09:51:19Z</time>
      </trkpt>
      <trkpt lat="42.813889" lon="-0.421324">
        <ele>1726.548</ele>
        <time>2022-01-15T09:51:24Z</time>
      </trkpt>
      <trkpt lat="42.813889" lon="-0.421387">
        <ele>1727.051</ele>
        <time>2022-01-15T09:51:28Z</time>
      </trkpt>
      <trkpt lat="42.813896" lon="-0.421464">
        <ele>1727.037</ele>
        <time>2022-01-15T09:51:34Z</time>
      </trkpt>
      <trkpt lat="42.813886" lon="-0.421526">
        <ele>1727.089</ele>
        <time>2022-01-15T09:51:38Z</time>
      </trkpt>
      <trkpt lat="42.813874" lon="-0.421591">
        <ele>1726.520</ele>
        <time>2022-01-15T09:51:42Z</time>
      </trkpt>
      <trkpt lat="42.813867" lon="-0.421668">
        <ele>1726.974</ele>
        <time>2022-01-15T09:51:46Z</time>
      </trkpt>
      <trkpt lat="42.813897" lon="-0.421715">
        <ele>1725.752</ele>
        <time>2022-01-15T09:51:51Z</time>
      </trkpt>
      <trkpt lat="42.813905" lon="-0.421782">
        <ele>1725.417</ele>
        <time>2022-01-15T09:51:56Z</time>
      </trkpt>
      <trkpt lat="42.813912" lon="-0.421857">
        <ele>1724.247</ele>
        <time>2022-01-15T09:52:00Z</time>
      </trkpt>
      <trkpt lat="42.813920" lon="-0.421922">
        <ele>1722.029</ele>
        <time>2022-01-15T09:52:06Z</time>
      </trkpt>
      <trkpt lat="42.813908" lon="-0.421985">
        <ele>1722.721</ele>
        <time>2022-01-15T09:52:11Z</time>
      </trkpt>
      <trkpt lat="42.813890" lon="-0.422043">
        <ele>1723.008</ele>
        <time>2022-01-15T09:52:16Z</time>
      </trkpt>
      <trkpt lat="42.813867" lon="-0.422110">
        <ele>1722.343</ele>
        <time>2022-01-15T09:52:21Z</time>
      </trkpt>
      <trkpt lat="42.813850" lon="-0.422175">
        <ele>1721.886</ele>
        <time>2022-01-15T09:52:25Z</time>
      </trkpt>
      <trkpt lat="42.813827" lon="-0.422242">
        <ele>1722.012</ele>
        <time>2022-01-15T09:52:30Z</time>
      </trkpt>
      <trkpt lat="42.813804" lon="-0.422302">
        <ele>1723.174</ele>
        <time>2022-01-15T09:52:34Z</time>
      </trkpt>
      <trkpt lat="42.813787" lon="-0.422367">
        <ele>1724.575</ele>
        <time>2022-01-15T09:52:39Z</time>
      </trkpt>
      <trkpt lat="42.813782" lon="-0.422442">
        <ele>1725.699</ele>
        <time>2022-01-15T09:52:44Z</time>
      </trkpt>
      <trkpt lat="42.813765" lon="-0.422502">
        <ele>1725.457</ele>
        <time>2022-01-15T09:52:48Z</time>
      </trkpt>
      <trkpt lat="42.813753" lon="-0.422569">
        <ele>1725.632</ele>
        <time>2022-01-15T09:52:51Z</time>
      </trkpt>
      <trkpt lat="42.813750" lon="-0.422637">
        <ele>1728.731</ele>
        <time>2022-01-15T09:52:55Z</time>
      </trkpt>
      <trkpt lat="42.813742" lon="-0.422702">
        <ele>1730.361</ele>
        <time>2022-01-15T09:52:59Z</time>
      </trkpt>
      <trkpt lat="42.813740" lon="-0.422774">
        <ele>1730.407</ele>
        <time>2022-01-15T09:53:06Z</time>
      </trkpt>
      <trkpt lat="42.813740" lon="-0.422844">
        <ele>1730.508</ele>
        <time>2022-01-15T09:53:10Z</time>
      </trkpt>
      <trkpt lat="42.813740" lon="-0.422912">
        <ele>1730.462</ele>
        <time>2022-01-15T09:53:15Z</time>
      </trkpt>
      <trkpt lat="42.813747" lon="-0.422990">
        <ele>1730.725</ele>
        <time>2022-01-15T09:53:21Z</time>
      </trkpt>
      <trkpt lat="42.813742" lon="-0.423067">
        <ele>1731.971</ele>
        <time>2022-01-15T09:53:26Z</time>
      </trkpt>
      <trkpt lat="42.813754" lon="-0.423140">
        <ele>1733.573</ele>
        <time>2022-01-15T09:53:31Z</time>
      </trkpt>
      <trkpt lat="42.813752" lon="-0.423215">
        <ele>1733.984</ele>
        <time>2022-01-15T09:53:36Z</time>
      </trkpt>
      <trkpt lat="42.813759" lon="-0.423288">
        <ele>1734.348</ele>
        <time>2022-01-15T09:53:41Z</time>
      </trkpt>
      <trkpt lat="42.813771" lon="-0.423355">
        <ele>1733.966</ele>
        <time>2022-01-15T09:53:47Z</time>
      </trkpt>
      <trkpt lat="42.813773" lon="-0.423423">
        <ele>1734.161</ele>
        <time>2022-01-15T09:53:52Z</time>
      </trkpt>
      <trkpt lat="42.813788" lon="-0.423495">
        <ele>1733.949</ele>
        <time>2022-01-15T09:53:57Z</time>
      </trkpt>
      <trkpt lat="42.813811" lon="-0.423560">
        <ele>1730.002</ele>
        <time>2022-01-15T09:54:08Z</time>
      </trkpt>
      <trkpt lat="42.813816" lon="-0.423633">
        <ele>1730.622</ele>
        <time>2022-01-15T09:54:13Z</time>
      </trkpt>
      <trkpt lat="42.813813" lon="-0.423698">
        <ele>1732.508</ele>
        <time>2022-01-15T09:54:18Z</time>
      </trkpt>
      <trkpt lat="42.813813" lon="-0.423766">
        <ele>1731.953</ele>
        <time>2022-01-15T09:54:23Z</time>
      </trkpt>
      <trkpt lat="42.813816" lon="-0.423829">
        <ele>1731.846</ele>
        <time>2022-01-15T09:54:28Z</time>
      </trkpt>
      <trkpt lat="42.813798" lon="-0.423897">
        <ele>1731.072</ele>
        <time>2022-01-15T09:54:33Z</time>
      </trkpt>
      <trkpt lat="42.813783" lon="-0.423967">
        <ele>1730.144</ele>
        <time>2022-01-15T09:54:38Z</time>
      </trkpt>
      <trkpt lat="42.813771" lon="-0.424039">
        <ele>1730.295</ele>
        <time>2022-01-15T09:54:43Z</time>
      </trkpt>
      <trkpt lat="42.813756" lon="-0.424111">
        <ele>1730.119</ele>
        <time>2022-01-15T09:54:48Z</time>
      </trkpt>
      <trkpt lat="42.813743" lon="-0.424181">
        <ele>1729.967</ele>
        <time>2022-01-15T09:54:53Z</time>
      </trkpt>
      <trkpt lat="42.813736" lon="-0.424249">
        <ele>1730.652</ele>
        <time>2022-01-15T09:54:58Z</time>
      </trkpt>
      <trkpt lat="42.813709" lon="-0.424304">
        <ele>1731.465</ele>
        <time>2022-01-15T09:55:03Z</time>
      </trkpt>
      <trkpt lat="42.813707" lon="-0.424366">
        <ele>1732.368</ele>
        <time>2022-01-15T09:55:06Z</time>
      </trkpt>
      <trkpt lat="42.813684" lon="-0.424426">
        <ele>1733.314</ele>
        <time>2022-01-15T09:55:11Z</time>
      </trkpt>
      <trkpt lat="42.813662" lon="-0.424494">
        <ele>1735.008</ele>
        <time>2022-01-15T09:55:15Z</time>
      </trkpt>
      <trkpt lat="42.813634" lon="-0.424554">
        <ele>1737.425</ele>
        <time>2022-01-15T09:55:19Z</time>
      </trkpt>
      <trkpt lat="42.813611" lon="-0.424612">
        <ele>1737.578</ele>
        <time>2022-01-15T09:55:27Z</time>
      </trkpt>
      <trkpt lat="42.813569" lon="-0.424644">
        <ele>1738.764</ele>
        <time>2022-01-15T09:55:32Z</time>
      </trkpt>
      <trkpt lat="42.813531" lon="-0.424682">
        <ele>1739.296</ele>
        <time>2022-01-15T09:55:37Z</time>
      </trkpt>
      <trkpt lat="42.813511" lon="-0.424750">
        <ele>1739.617</ele>
        <time>2022-01-15T09:55:42Z</time>
      </trkpt>
      <trkpt lat="42.813504" lon="-0.424815">
        <ele>1740.821</ele>
        <time>2022-01-15T09:55:47Z</time>
      </trkpt>
      <trkpt lat="42.813491" lon="-0.424888">
        <ele>1742.049</ele>
        <time>2022-01-15T09:55:52Z</time>
      </trkpt>
      <trkpt lat="42.813476" lon="-0.424948">
        <ele>1742.534</ele>
        <time>2022-01-15T09:55:56Z</time>
      </trkpt>
      <trkpt lat="42.813458" lon="-0.425018">
        <ele>1743.857</ele>
        <time>2022-01-15T09:56:02Z</time>
      </trkpt>
      <trkpt lat="42.813430" lon="-0.425073">
        <ele>1743.900</ele>
        <time>2022-01-15T09:56:08Z</time>
      </trkpt>
      <trkpt lat="42.813425" lon="-0.425135">
        <ele>1741.320</ele>
        <time>2022-01-15T09:56:13Z</time>
      </trkpt>
      <trkpt lat="42.813390" lon="-0.425185">
        <ele>1740.608</ele>
        <time>2022-01-15T09:56:18Z</time>
      </trkpt>
      <trkpt lat="42.813353" lon="-0.425223">
        <ele>1739.964</ele>
        <time>2022-01-15T09:56:23Z</time>
      </trkpt>
      <trkpt lat="42.813338" lon="-0.425285">
        <ele>1739.987</ele>
        <time>2022-01-15T09:57:00Z</time>
      </trkpt>
      <trkpt lat="42.813293" lon="-0.425330">
        <ele>1740.063</ele>
        <time>2022-01-15T09:57:05Z</time>
      </trkpt>
      <trkpt lat="42.813265" lon="-0.425383">
        <ele>1740.635</ele>
        <time>2022-01-15T09:57:10Z</time>
      </trkpt>
      <trkpt lat="42.813245" lon="-0.425438">
        <ele>1741.596</ele>
        <time>2022-01-15T09:57:15Z</time>
      </trkpt>
      <trkpt lat="42.813220" lon="-0.425490">
        <ele>1741.970</ele>
        <time>2022-01-15T09:57:19Z</time>
      </trkpt>
      <trkpt lat="42.813185" lon="-0.425547">
        <ele>1741.738</ele>
        <time>2022-01-15T09:57:24Z</time>
      </trkpt>
      <trkpt lat="42.813162" lon="-0.425602">
        <ele>1741.253</ele>
        <time>2022-01-15T09:57:29Z</time>
      </trkpt>
      <trkpt lat="42.813142" lon="-0.425664">
        <ele>1740.661</ele>
        <time>2022-01-15T09:57:34Z</time>
      </trkpt>
      <trkpt lat="42.813112" lon="-0.425719">
        <ele>1741.721</ele>
        <time>2022-01-15T09:57:39Z</time>
      </trkpt>
      <trkpt lat="42.813104" lon="-0.425789">
        <ele>1742.113</ele>
        <time>2022-01-15T09:57:44Z</time>
      </trkpt>
      <trkpt lat="42.813082" lon="-0.425849">
        <ele>1743.508</ele>
        <time>2022-01-15T09:57:49Z</time>
      </trkpt>
      <trkpt lat="42.813044" lon="-0.425887">
        <ele>1746.545</ele>
        <time>2022-01-15T09:57:53Z</time>
      </trkpt>
      <trkpt lat="42.813011" lon="-0.425944">
        <ele>1749.898</ele>
        <time>2022-01-15T09:58:00Z</time>
      </trkpt>
      <trkpt lat="42.812983" lon="-0.425996">
        <ele>1750.984</ele>
        <time>2022-01-15T09:58:06Z</time>
      </trkpt>
      <trkpt lat="42.812941" lon="-0.426039">
        <ele>1751.686</ele>
        <time>2022-01-15T09:58:11Z</time>
      </trkpt>
      <trkpt lat="42.812911" lon="-0.426089">
        <ele>1752.757</ele>
        <time>2022-01-15T09:58:16Z</time>
      </trkpt>
      <trkpt lat="42.812884" lon="-0.426144">
        <ele>1753.581</ele>
        <time>2022-01-15T09:58:20Z</time>
      </trkpt>
      <trkpt lat="42.812857" lon="-0.426197">
        <ele>1754.979</ele>
        <time>2022-01-15T09:58:24Z</time>
      </trkpt>
      <trkpt lat="42.812839" lon="-0.426262">
        <ele>1756.614</ele>
        <time>2022-01-15T09:58:29Z</time>
      </trkpt>
      <trkpt lat="42.812814" lon="-0.426330">
        <ele>1755.855</ele>
        <time>2022-01-15T09:58:34Z</time>
      </trkpt>
      <trkpt lat="42.812801" lon="-0.426393">
        <ele>1754.607</ele>
        <time>2022-01-15T09:58:39Z</time>
      </trkpt>
      <trkpt lat="42.812788" lon="-0.426463">
        <ele>1754.517</ele>
        <time>2022-01-15T09:58:44Z</time>
      </trkpt>
      <trkpt lat="42.812765" lon="-0.426521">
        <ele>1754.608</ele>
        <time>2022-01-15T09:58:49Z</time>
      </trkpt>
      <trkpt lat="42.812755" lon="-0.426586">
        <ele>1753.284</ele>
        <time>2022-01-15T09:58:55Z</time>
      </trkpt>
      <trkpt lat="42.812743" lon="-0.426649">
        <ele>1753.027</ele>
        <time>2022-01-15T09:58:59Z</time>
      </trkpt>
      <trkpt lat="42.812726" lon="-0.426714">
        <ele>1753.743</ele>
        <time>2022-01-15T09:59:04Z</time>
      </trkpt>
      <trkpt lat="42.812724" lon="-0.426781">
        <ele>1755.875</ele>
        <time>2022-01-15T09:59:10Z</time>
      </trkpt>
      <trkpt lat="42.812736" lon="-0.426853">
        <ele>1757.866</ele>
        <time>2022-01-15T09:59:16Z</time>
      </trkpt>
      <trkpt lat="42.812724" lon="-0.426921">
        <ele>1760.210</ele>
        <time>2022-01-15T09:59:21Z</time>
      </trkpt>
      <trkpt lat="42.812724" lon="-0.426991">
        <ele>1761.568</ele>
        <time>2022-01-15T09:59:25Z</time>
      </trkpt>
      <trkpt lat="42.812711" lon="-0.427064">
        <ele>1762.133</ele>
        <time>2022-01-15T09:59:31Z</time>
      </trkpt>
      <trkpt lat="42.812689" lon="-0.427124">
        <ele>1761.943</ele>
        <time>2022-01-15T09:59:35Z</time>
      </trkpt>
      <trkpt lat="42.812667" lon="-0.427187">
        <ele>1761.464</ele>
        <time>2022-01-15T09:59:40Z</time>
      </trkpt>
      <trkpt lat="42.812657" lon="-0.427255">
        <ele>1761.510</ele>
        <time>2022-01-15T09:59:45Z</time>
      </trkpt>
      <trkpt lat="42.812640" lon="-0.427322">
        <ele>1758.708</ele>
        <time>2022-01-15T09:59:50Z</time>
      </trkpt>
      <trkpt lat="42.812605" lon="-0.427369">
        <ele>1757.913</ele>
        <time>2022-01-15T09:59:55Z</time>
      </trkpt>
      <trkpt lat="42.812583" lon="-0.427429">
        <ele>1758.546</ele>
        <time>2022-01-15T09:59:59Z</time>
      </trkpt>
      <trkpt lat="42.812555" lon="-0.427489">
        <ele>1758.732</ele>
        <time>2022-01-15T10:00:04Z</time>
      </trkpt>
      <trkpt lat="42.812523" lon="-0.427536">
        <ele>1758.834</ele>
        <time>2022-01-15T10:00:08Z</time>
      </trkpt>
      <trkpt lat="42.812496" lon="-0.427596">
        <ele>1758.915</ele>
        <time>2022-01-15T10:00:14Z</time>
      </trkpt>
      <trkpt lat="42.812481" lon="-0.427663">
        <ele>1758.749</ele>
        <time>2022-01-15T10:00:19Z</time>
      </trkpt>
      <trkpt lat="42.812463" lon="-0.427725">
        <ele>1760.087</ele>
        <time>2022-01-15T10:00:24Z</time>
      </trkpt>
      <trkpt lat="42.812446" lon="-0.427783">
        <ele>1761.752</ele>
        <time>2022-01-15T10:00:28Z</time>
      </trkpt>
      <trkpt lat="42.812429" lon="-0.427856">
        <ele>1762.076</ele>
        <time>2022-01-15T10:00:33Z</time>
      </trkpt>
      <trkpt lat="42.812414" lon="-0.427918">
        <ele>1763.190</ele>
        <time>2022-01-15T10:00:38Z</time>
      </trkpt>
      <trkpt lat="42.812401" lon="-0.427986">
        <ele>1764.519</ele>
        <time>2022-01-15T10:00:43Z</time>
      </trkpt>
      <trkpt lat="42.812391" lon="-0.428048">
        <ele>1765.708</ele>
        <time>2022-01-15T10:00:48Z</time>
      </trkpt>
      <trkpt lat="42.812379" lon="-0.428111">
        <ele>1766.966</ele>
        <time>2022-01-15T10:00:53Z</time>
      </trkpt>
      <trkpt lat="42.812382" lon="-0.428174">
        <ele>1767.799</ele>
        <time>2022-01-15T10:00:58Z</time>
      </trkpt>
      <trkpt lat="42.812402" lon="-0.428232">
        <ele>1767.745</ele>
        <time>2022-01-15T10:01:03Z</time>
      </trkpt>
      <trkpt lat="42.812402" lon="-0.428297">
        <ele>1767.997</ele>
        <time>2022-01-15T10:01:08Z</time>
      </trkpt>
      <trkpt lat="42.812400" lon="-0.428375">
        <ele>1769.678</ele>
        <time>2022-01-15T10:01:14Z</time>
      </trkpt>
      <trkpt lat="42.812398" lon="-0.428437">
        <ele>1770.572</ele>
        <time>2022-01-15T10:01:18Z</time>
      </trkpt>
      <trkpt lat="42.812395" lon="-0.428504">
        <ele>1771.440</ele>
        <time>2022-01-15T10:01:23Z</time>
      </trkpt>
      <trkpt lat="42.812403" lon="-0.428566">
        <ele>1772.625</ele>
        <time>2022-01-15T10:01:26Z</time>
      </trkpt>
      <trkpt lat="42.812405" lon="-0.428631">
        <ele>1773.344</ele>
        <time>2022-01-15T10:01:30Z</time>
      </trkpt>
      <trkpt lat="42.812415" lon="-0.428694">
        <ele>1773.905</ele>
        <time>2022-01-15T10:01:35Z</time>
      </trkpt>
      <trkpt lat="42.812433" lon="-0.428759">
        <ele>1773.515</ele>
        <time>2022-01-15T10:01:42Z</time>
      </trkpt>
      <trkpt lat="42.812458" lon="-0.428812">
        <ele>1772.608</ele>
        <time>2022-01-15T10:01:46Z</time>
      </trkpt>
      <trkpt lat="42.812456" lon="-0.428874">
        <ele>1770.963</ele>
        <time>2022-01-15T10:01:50Z</time>
      </trkpt>
      <trkpt lat="42.812436" lon="-0.428932">
        <ele>1768.516</ele>
        <time>2022-01-15T10:01:55Z</time>
      </trkpt>
      <trkpt lat="42.812414" lon="-0.428999">
        <ele>1767.332</ele>
        <time>2022-01-15T10:02:01Z</time>
      </trkpt>
      <trkpt lat="42.812402" lon="-0.429062">
        <ele>1767.854</ele>
        <time>2022-01-15T10:02:07Z</time>
      </trkpt>
      <trkpt lat="42.812379" lon="-0.429130">
        <ele>1768.475</ele>
        <time>2022-01-15T10:02:12Z</time>
      </trkpt>
      <trkpt lat="42.812352" lon="-0.429192">
        <ele>1768.169</ele>
        <time>2022-01-15T10:02:16Z</time>
      </trkpt>
      <trkpt lat="42.812337" lon="-0.429250">
        <ele>1767.567</ele>
        <time>2022-01-15T10:02:20Z</time>
      </trkpt>
      <trkpt lat="42.812314" lon="-0.429307">
        <ele>1767.242</ele>
        <time>2022-01-15T10:02:35Z</time>
      </trkpt>
      <trkpt lat="42.812307" lon="-0.429370">
        <ele>1767.863</ele>
        <time>2022-01-15T10:02:39Z</time>
      </trkpt>
      <trkpt lat="42.812297" lon="-0.429430">
        <ele>1768.544</ele>
        <time>2022-01-15T10:02:43Z</time>
      </trkpt>
      <trkpt lat="42.812295" lon="-0.429502">
        <ele>1767.818</ele>
        <time>2022-01-15T10:02:48Z</time>
      </trkpt>
      <trkpt lat="42.812287" lon="-0.429565">
        <ele>1767.908</ele>
        <time>2022-01-15T10:02:53Z</time>
      </trkpt>
      <trkpt lat="42.812264" lon="-0.429635">
        <ele>1768.425</ele>
        <time>2022-01-15T10:02:58Z</time>
      </trkpt>
      <trkpt lat="42.812262" lon="-0.429707">
        <ele>1768.628</ele>
        <time>2022-01-15T10:03:03Z</time>
      </trkpt>
      <trkpt lat="42.812259" lon="-0.429772">
        <ele>1766.594</ele>
        <time>2022-01-15T10:03:25Z</time>
      </trkpt>
      <trkpt lat="42.812272" lon="-0.429840">
        <ele>1766.526</ele>
        <time>2022-01-15T10:03:29Z</time>
      </trkpt>
      <trkpt lat="42.812259" lon="-0.429907">
        <ele>1767.377</ele>
        <time>2022-01-15T10:03:34Z</time>
      </trkpt>
      <trkpt lat="42.812249" lon="-0.429975">
        <ele>1767.641</ele>
        <time>2022-01-15T10:03:38Z</time>
      </trkpt>
      <trkpt lat="42.812236" lon="-0.430035">
        <ele>1768.289</ele>
        <time>2022-01-15T10:03:43Z</time>
      </trkpt>
      <trkpt lat="42.812233" lon="-0.430117">
        <ele>1768.174</ele>
        <time>2022-01-15T10:03:47Z</time>
      </trkpt>
      <trkpt lat="42.812216" lon="-0.430189">
        <ele>1767.262</ele>
        <time>2022-01-15T10:03:52Z</time>
      </trkpt>
      <trkpt lat="42.812206" lon="-0.430254">
        <ele>1766.883</ele>
        <time>2022-01-15T10:03:56Z</time>
      </trkpt>
      <trkpt lat="42.812193" lon="-0.430324">
        <ele>1767.211</ele>
        <time>2022-01-15T10:04:00Z</time>
      </trkpt>
      <trkpt lat="42.812180" lon="-0.430387">
        <ele>1768.008</ele>
        <time>2022-01-15T10:04:05Z</time>
      </trkpt>
      <trkpt lat="42.812178" lon="-0.430459">
        <ele>1769.335</ele>
        <time>2022-01-15T10:04:10Z</time>
      </trkpt>
      <trkpt lat="42.812156" lon="-0.430534">
        <ele>1770.398</ele>
        <time>2022-01-15T10:04:17Z</time>
      </trkpt>
      <trkpt lat="42.812134" lon="-0.430602">
        <ele>1772.054</ele>
        <time>2022-01-15T10:04:20Z</time>
      </trkpt>
      <trkpt lat="42.812137" lon="-0.430680">
        <ele>1772.066</ele>
        <time>2022-01-15T10:04:26Z</time>
      </trkpt>
      <trkpt lat="42.812125" lon="-0.430753">
        <ele>1771.187</ele>
        <time>2022-01-15T10:04:31Z</time>
      </trkpt>
      <trkpt lat="42.812108" lon="-0.430811">
        <ele>1770.731</ele>
        <time>2022-01-15T10:04:36Z</time>
      </trkpt>
      <trkpt lat="42.812088" lon="-0.430886">
        <ele>1770.929</ele>
        <time>2022-01-15T10:04:41Z</time>
      </trkpt>
      <trkpt lat="42.812066" lon="-0.430946">
        <ele>1771.894</ele>
        <time>2022-01-15T10:04:46Z</time>
      </trkpt>
      <trkpt lat="42.812054" lon="-0.431014">
        <ele>1773.035</ele>
        <time>2022-01-15T10:04:51Z</time>
      </trkpt>
      <trkpt lat="42.812037" lon="-0.431074">
        <ele>1774.886</ele>
        <time>2022-01-15T10:04:56Z</time>
      </trkpt>
      <trkpt lat="42.812035" lon="-0.431139">
        <ele>1773.814</ele>
        <time>2022-01-15T10:05:01Z</time>
      </trkpt>
      <trkpt lat="42.812037" lon="-0.431212">
        <ele>1771.908</ele>
        <time>2022-01-15T10:05:06Z</time>
      </trkpt>
      <trkpt lat="42.812034" lon="-0.431279">
        <ele>1772.352</ele>
        <time>2022-01-15T10:05:11Z</time>
      </trkpt>
      <trkpt lat="42.812032" lon="-0.431354">
        <ele>1774.345</ele>
        <time>2022-01-15T10:05:17Z</time>
      </trkpt>
      <trkpt lat="42.812024" lon="-0.431417">
        <ele>1775.071</ele>
        <time>2022-01-15T10:05:23Z</time>
      </trkpt>
      <trkpt lat="42.812021" lon="-0.431489">
        <ele>1775.573</ele>
        <time>2022-01-15T10:05:30Z</time>
      </trkpt>
      <trkpt lat="42.812031" lon="-0.431551">
        <ele>1777.694</ele>
        <time>2022-01-15T10:05:36Z</time>
      </trkpt>
      <trkpt lat="42.812053" lon="-0.431613">
        <ele>1778.378</ele>
        <time>2022-01-15T10:05:44Z</time>
      </trkpt>
      <trkpt lat="42.812075" lon="-0.431675">
        <ele>1779.596</ele>
        <time>2022-01-15T10:05:51Z</time>
      </trkpt>
      <trkpt lat="42.812092" lon="-0.431738">
        <ele>1780.861</ele>
        <time>2022-01-15T10:05:57Z</time>
      </trkpt>
      <trkpt lat="42.812119" lon="-0.431805">
        <ele>1781.563</ele>
        <time>2022-01-15T10:06:04Z</time>
      </trkpt>
      <trkpt lat="42.812139" lon="-0.431870">
        <ele>1781.444</ele>
        <time>2022-01-15T10:06:10Z</time>
      </trkpt>
      <trkpt lat="42.812149" lon="-0.431930">
        <ele>1783.518</ele>
        <time>2022-01-15T10:06:15Z</time>
      </trkpt>
      <trkpt lat="42.812161" lon="-0.431990">
        <ele>1785.908</ele>
        <time>2022-01-15T10:06:20Z</time>
      </trkpt>
      <trkpt lat="42.812161" lon="-0.432052">
        <ele>1787.415</ele>
        <time>2022-01-15T10:06:41Z</time>
      </trkpt>
      <trkpt lat="42.812171" lon="-0.432115">
        <ele>1787.798</ele>
        <time>2022-01-15T10:06:47Z</time>
      </trkpt>
      <trkpt lat="42.812151" lon="-0.432170">
        <ele>1788.714</ele>
        <time>2022-01-15T10:06:59Z</time>
      </trkpt>
      <trkpt lat="42.812174" lon="-0.432232">
        <ele>1789.486</ele>
        <time>2022-01-15T10:07:06Z</time>
      </trkpt>
      <trkpt lat="42.812174" lon="-0.432302">
        <ele>1791.167</ele>
        <time>2022-01-15T10:07:12Z</time>
      </trkpt>
      <trkpt lat="42.812197" lon="-0.432355">
        <ele>1792.421</ele>
        <time>2022-01-15T10:07:18Z</time>
      </trkpt>
      <trkpt lat="42.812205" lon="-0.432420">
        <ele>1794.259</ele>
        <time>2022-01-15T10:07:22Z</time>
      </trkpt>
      <trkpt lat="42.812202" lon="-0.432490">
        <ele>1796.834</ele>
        <time>2022-01-15T10:07:28Z</time>
      </trkpt>
      <trkpt lat="42.812204" lon="-0.432558">
        <ele>1798.188</ele>
        <time>2022-01-15T10:07:35Z</time>
      </trkpt>
      <trkpt lat="42.812219" lon="-0.432620">
        <ele>1799.924</ele>
        <time>2022-01-15T10:07:42Z</time>
      </trkpt>
      <trkpt lat="42.812231" lon="-0.432690">
        <ele>1800.926</ele>
        <time>2022-01-15T10:07:47Z</time>
      </trkpt>
      <trkpt lat="42.812258" lon="-0.432745">
        <ele>1802.708</ele>
        <time>2022-01-15T10:07:55Z</time>
      </trkpt>
      <trkpt lat="42.812263" lon="-0.432817">
        <ele>1804.347</ele>
        <time>2022-01-15T10:08:01Z</time>
      </trkpt>
      <trkpt lat="42.812271" lon="-0.432890">
        <ele>1805.850</ele>
        <time>2022-01-15T10:08:06Z</time>
      </trkpt>
      <trkpt lat="42.812278" lon="-0.432957">
        <ele>1807.556</ele>
        <time>2022-01-15T10:08:12Z</time>
      </trkpt>
      <trkpt lat="42.812286" lon="-0.433027">
        <ele>1807.148</ele>
        <time>2022-01-15T10:08:17Z</time>
      </trkpt>
      <trkpt lat="42.812301" lon="-0.433097">
        <ele>1807.449</ele>
        <time>2022-01-15T10:08:22Z</time>
      </trkpt>
      <trkpt lat="42.812319" lon="-0.433164">
        <ele>1806.843</ele>
        <time>2022-01-15T10:08:29Z</time>
      </trkpt>
      <trkpt lat="42.812321" lon="-0.433226">
        <ele>1806.791</ele>
        <time>2022-01-15T10:08:33Z</time>
      </trkpt>
      <trkpt lat="42.812336" lon="-0.433293">
        <ele>1806.976</ele>
        <time>2022-01-15T10:08:38Z</time>
      </trkpt>
      <trkpt lat="42.812358" lon="-0.433351">
        <ele>1806.639</ele>
        <time>2022-01-15T10:08:44Z</time>
      </trkpt>
      <trkpt lat="42.812358" lon="-0.433414">
        <ele>1807.101</ele>
        <time>2022-01-15T10:08:49Z</time>
      </trkpt>
      <trkpt lat="42.812370" lon="-0.433477">
        <ele>1806.721</ele>
        <time>2022-01-15T10:08:54Z</time>
      </trkpt>
      <trkpt lat="42.812390" lon="-0.433545">
        <ele>1807.108</ele>
        <time>2022-01-15T10:09:00Z</time>
      </trkpt>
      <trkpt lat="42.812405" lon="-0.433612">
        <ele>1806.512</ele>
        <time>2022-01-15T10:09:05Z</time>
      </trkpt>
      <trkpt lat="42.812422" lon="-0.433677">
        <ele>1806.455</ele>
        <time>2022-01-15T10:09:10Z</time>
      </trkpt>
      <trkpt lat="42.812439" lon="-0.433745">
        <ele>1806.761</ele>
        <time>2022-01-15T10:09:15Z</time>
      </trkpt>
      <trkpt lat="42.812466" lon="-0.433810">
        <ele>1806.673</ele>
        <time>2022-01-15T10:09:21Z</time>
      </trkpt>
      <trkpt lat="42.812484" lon="-0.433872">
        <ele>1806.654</ele>
        <time>2022-01-15T10:09:27Z</time>
      </trkpt>
      <trkpt lat="42.812504" lon="-0.433930">
        <ele>1807.248</ele>
        <time>2022-01-15T10:09:32Z</time>
      </trkpt>
      <trkpt lat="42.812519" lon="-0.433997">
        <ele>1808.326</ele>
        <time>2022-01-15T10:09:37Z</time>
      </trkpt>
      <trkpt lat="42.812524" lon="-0.434059">
        <ele>1808.851</ele>
        <time>2022-01-15T10:09:41Z</time>
      </trkpt>
      <trkpt lat="42.812537" lon="-0.434127">
        <ele>1809.247</ele>
        <time>2022-01-15T10:09:46Z</time>
      </trkpt>
      <trkpt lat="42.812537" lon="-0.434189">
        <ele>1810.729</ele>
        <time>2022-01-15T10:09:51Z</time>
      </trkpt>
      <trkpt lat="42.812540" lon="-0.434254">
        <ele>1811.521</ele>
        <time>2022-01-15T10:09:57Z</time>
      </trkpt>
      <trkpt lat="42.812540" lon="-0.434324">
        <ele>1812.508</ele>
        <time>2022-01-15T10:10:02Z</time>
      </trkpt>
      <trkpt lat="42.812553" lon="-0.434392">
        <ele>1813.033</ele>
        <time>2022-01-15T10:10:08Z</time>
      </trkpt>
      <trkpt lat="42.812555" lon="-0.434457">
        <ele>1813.566</ele>
        <time>2022-01-15T10:10:13Z</time>
      </trkpt>
      <trkpt lat="42.812573" lon="-0.434527">
        <ele>1813.552</ele>
        <time>2022-01-15T10:10:20Z</time>
      </trkpt>
      <trkpt lat="42.812555" lon="-0.434585">
        <ele>1816.314</ele>
        <time>2022-01-15T10:10:27Z</time>
      </trkpt>
      <trkpt lat="42.812603" lon="-0.434578">
        <ele>1817.875</ele>
        <time>2022-01-15T10:11:05Z</time>
      </trkpt>
      <trkpt lat="42.812553" lon="-0.434618">
        <ele>1815.479</ele>
        <time>2022-01-15T10:12:58Z</time>
      </trkpt>
      <trkpt lat="42.812550" lon="-0.434680">
        <ele>1815.987</ele>
        <time>2022-01-15T10:13:04Z</time>
      </trkpt>
      <trkpt lat="42.812597" lon="-0.434695">
        <ele>1816.122</ele>
        <time>2022-01-15T10:13:10Z</time>
      </trkpt>
      <trkpt lat="42.812642" lon="-0.434717">
        <ele>1818.863</ele>
        <time>2022-01-15T10:13:18Z</time>
      </trkpt>
      <trkpt lat="42.812667" lon="-0.434772">
        <ele>1821.244</ele>
        <time>2022-01-15T10:13:24Z</time>
      </trkpt>
      <trkpt lat="42.812677" lon="-0.434835">
        <ele>1822.418</ele>
        <time>2022-01-15T10:13:30Z</time>
      </trkpt>
      <trkpt lat="42.812667" lon="-0.434895">
        <ele>1823.108</ele>
        <time>2022-01-15T10:13:35Z</time>
      </trkpt>
      <trkpt lat="42.812660" lon="-0.434968">
        <ele>1824.335</ele>
        <time>2022-01-15T10:13:40Z</time>
      </trkpt>
      <trkpt lat="42.812673" lon="-0.435030">
        <ele>1827.038</ele>
        <time>2022-01-15T10:13:47Z</time>
      </trkpt>
      <trkpt lat="42.812681" lon="-0.435098">
        <ele>1828.044</ele>
        <time>2022-01-15T10:13:54Z</time>
      </trkpt>
      <trkpt lat="42.812678" lon="-0.435163">
        <ele>1828.186</ele>
        <time>2022-01-15T10:13:59Z</time>
      </trkpt>
      <trkpt lat="42.812708" lon="-0.435220">
        <ele>1827.987</ele>
        <time>2022-01-15T10:14:05Z</time>
      </trkpt>
      <trkpt lat="42.812745" lon="-0.435272">
        <ele>1830.561</ele>
        <time>2022-01-15T10:14:12Z</time>
      </trkpt>
      <trkpt lat="42.812768" lon="-0.435332">
        <ele>1830.949</ele>
        <time>2022-01-15T10:14:17Z</time>
      </trkpt>
      <trkpt lat="42.812785" lon="-0.435400">
        <ele>1831.584</ele>
        <time>2022-01-15T10:14:23Z</time>
      </trkpt>
      <trkpt lat="42.812793" lon="-0.435468">
        <ele>1832.163</ele>
        <time>2022-01-15T10:14:29Z</time>
      </trkpt>
      <trkpt lat="42.812791" lon="-0.435538">
        <ele>1832.144</ele>
        <time>2022-01-15T10:14:34Z</time>
      </trkpt>
      <trkpt lat="42.812806" lon="-0.435608">
        <ele>1832.418</ele>
        <time>2022-01-15T10:14:40Z</time>
      </trkpt>
      <trkpt lat="42.812809" lon="-0.435673">
        <ele>1832.408</ele>
        <time>2022-01-15T10:14:45Z</time>
      </trkpt>
      <trkpt lat="42.812819" lon="-0.435740">
        <ele>1832.585</ele>
        <time>2022-01-15T10:14:51Z</time>
      </trkpt>
      <trkpt lat="42.812822" lon="-0.435802">
        <ele>1834.118</ele>
        <time>2022-01-15T10:14:56Z</time>
      </trkpt>
      <trkpt lat="42.812842" lon="-0.435865">
        <ele>1836.384</ele>
        <time>2022-01-15T10:15:02Z</time>
      </trkpt>
      <trkpt lat="42.812864" lon="-0.435923">
        <ele>1837.516</ele>
        <time>2022-01-15T10:15:08Z</time>
      </trkpt>
      <trkpt lat="42.812886" lon="-0.435985">
        <ele>1838.697</ele>
        <time>2022-01-15T10:15:12Z</time>
      </trkpt>
      <trkpt lat="42.812901" lon="-0.436053">
        <ele>1838.541</ele>
        <time>2022-01-15T10:15:20Z</time>
      </trkpt>
      <trkpt lat="42.812888" lon="-0.436131">
        <ele>1838.529</ele>
        <time>2022-01-15T10:15:24Z</time>
      </trkpt>
      <trkpt lat="42.812878" lon="-0.436193">
        <ele>1839.284</ele>
        <time>2022-01-15T10:15:29Z</time>
      </trkpt>
      <trkpt lat="42.812903" lon="-0.436251">
        <ele>1838.955</ele>
        <time>2022-01-15T10:15:34Z</time>
      </trkpt>
      <trkpt lat="42.812908" lon="-0.436323">
        <ele>1838.907</ele>
        <time>2022-01-15T10:15:40Z</time>
      </trkpt>
      <trkpt lat="42.812911" lon="-0.436388">
        <ele>1840.217</ele>
        <time>2022-01-15T10:15:45Z</time>
      </trkpt>
      <trkpt lat="42.812919" lon="-0.436453">
        <ele>1840.908</ele>
        <time>2022-01-15T10:15:50Z</time>
      </trkpt>
      <trkpt lat="42.812911" lon="-0.436520">
        <ele>1841.774</ele>
        <time>2022-01-15T10:15:54Z</time>
      </trkpt>
      <trkpt lat="42.812903" lon="-0.436588">
        <ele>1842.587</ele>
        <time>2022-01-15T10:15:59Z</time>
      </trkpt>
      <trkpt lat="42.812938" lon="-0.436633">
        <ele>1843.413</ele>
        <time>2022-01-15T10:16:05Z</time>
      </trkpt>
      <trkpt lat="42.812966" lon="-0.436688">
        <ele>1843.555</ele>
        <time>2022-01-15T10:16:10Z</time>
      </trkpt>
      <trkpt lat="42.812984" lon="-0.436753">
        <ele>1844.446</ele>
        <time>2022-01-15T10:16:16Z</time>
      </trkpt>
      <trkpt lat="42.813006" lon="-0.436821">
        <ele>1845.570</ele>
        <time>2022-01-15T10:16:22Z</time>
      </trkpt>
      <trkpt lat="42.813024" lon="-0.436883">
        <ele>1847.228</ele>
        <time>2022-01-15T10:16:27Z</time>
      </trkpt>
      <trkpt lat="42.813021" lon="-0.436960">
        <ele>1849.523</ele>
        <time>2022-01-15T10:16:33Z</time>
      </trkpt>
      <trkpt lat="42.813029" lon="-0.437028">
        <ele>1851.029</ele>
        <time>2022-01-15T10:16:39Z</time>
      </trkpt>
      <trkpt lat="42.813039" lon="-0.437093">
        <ele>1851.100</ele>
        <time>2022-01-15T10:16:44Z</time>
      </trkpt>
      <trkpt lat="42.813034" lon="-0.437161">
        <ele>1851.120</ele>
        <time>2022-01-15T10:16:49Z</time>
      </trkpt>
      <trkpt lat="42.813051" lon="-0.437226">
        <ele>1851.408</ele>
        <time>2022-01-15T10:16:55Z</time>
      </trkpt>
      <trkpt lat="42.813069" lon="-0.437294">
        <ele>1850.241</ele>
        <time>2022-01-15T10:17:00Z</time>
      </trkpt>
      <trkpt lat="42.813056" lon="-0.437357">
        <ele>1851.284</ele>
        <time>2022-01-15T10:17:05Z</time>
      </trkpt>
      <trkpt lat="42.813068" lon="-0.437425">
        <ele>1851.790</ele>
        <time>2022-01-15T10:17:11Z</time>
      </trkpt>
      <trkpt lat="42.813080" lon="-0.437490">
        <ele>1852.082</ele>
        <time>2022-01-15T10:17:16Z</time>
      </trkpt>
      <trkpt lat="42.813105" lon="-0.437542">
        <ele>1851.113</ele>
        <time>2022-01-15T10:17:22Z</time>
      </trkpt>
      <trkpt lat="42.813117" lon="-0.437604">
        <ele>1851.647</ele>
        <time>2022-01-15T10:17:28Z</time>
      </trkpt>
      <trkpt lat="42.813109" lon="-0.437666">
        <ele>1851.525</ele>
        <time>2022-01-15T10:17:32Z</time>
      </trkpt>
      <trkpt lat="42.813104" lon="-0.437741">
        <ele>1851.230</ele>
        <time>2022-01-15T10:17:37Z</time>
      </trkpt>
      <trkpt lat="42.813091" lon="-0.437808">
        <ele>1852.196</ele>
        <time>2022-01-15T10:17:41Z</time>
      </trkpt>
      <trkpt lat="42.813066" lon="-0.437863">
        <ele>1852.831</ele>
        <time>2022-01-15T10:17:47Z</time>
      </trkpt>
      <trkpt lat="42.813043" lon="-0.437921">
        <ele>1854.724</ele>
        <time>2022-01-15T10:17:54Z</time>
      </trkpt>
      <trkpt lat="42.813015" lon="-0.437971">
        <ele>1854.708</ele>
        <time>2022-01-15T10:18:01Z</time>
      </trkpt>
      <trkpt lat="42.812975" lon="-0.438003">
        <ele>1855.548</ele>
        <time>2022-01-15T10:18:07Z</time>
      </trkpt>
      <trkpt lat="42.812957" lon="-0.438068">
        <ele>1855.841</ele>
        <time>2022-01-15T10:18:50Z</time>
      </trkpt>
      <trkpt lat="42.812945" lon="-0.438130">
        <ele>1856.737</ele>
        <time>2022-01-15T10:18:56Z</time>
      </trkpt>
      <trkpt lat="42.812918" lon="-0.438182">
        <ele>1863.449</ele>
        <time>2022-01-15T10:21:09Z</time>
      </trkpt>
      <trkpt lat="42.812915" lon="-0.438252">
        <ele>1863.730</ele>
        <time>2022-01-15T10:21:14Z</time>
      </trkpt>
      <trkpt lat="42.812930" lon="-0.438319">
        <ele>1863.924</ele>
        <time>2022-01-15T10:21:19Z</time>
      </trkpt>
      <trkpt lat="42.812938" lon="-0.438391">
        <ele>1864.322</ele>
        <time>2022-01-15T10:21:25Z</time>
      </trkpt>
      <trkpt lat="42.812958" lon="-0.438459">
        <ele>1865.097</ele>
        <time>2022-01-15T10:21:33Z</time>
      </trkpt>
      <trkpt lat="42.812958" lon="-0.438524">
        <ele>1864.939</ele>
        <time>2022-01-15T10:21:37Z</time>
      </trkpt>
      <trkpt lat="42.812975" lon="-0.438584">
        <ele>1865.201</ele>
        <time>2022-01-15T10:21:42Z</time>
      </trkpt>
      <trkpt lat="42.812965" lon="-0.438651">
        <ele>1866.621</ele>
        <time>2022-01-15T10:21:47Z</time>
      </trkpt>
      <trkpt lat="42.812950" lon="-0.438714">
        <ele>1867.308</ele>
        <time>2022-01-15T10:21:51Z</time>
      </trkpt>
      <trkpt lat="42.812968" lon="-0.438772">
        <ele>1868.652</ele>
        <time>2022-01-15T10:21:59Z</time>
      </trkpt>
      <trkpt lat="42.812981" lon="-0.438835">
        <ele>1869.425</ele>
        <time>2022-01-15T10:22:04Z</time>
      </trkpt>
      <trkpt lat="42.812983" lon="-0.438897">
        <ele>1870.341</ele>
        <time>2022-01-15T10:22:09Z</time>
      </trkpt>
      <trkpt lat="42.812980" lon="-0.438967">
        <ele>1870.113</ele>
        <time>2022-01-15T10:22:16Z</time>
      </trkpt>
      <trkpt lat="42.812987" lon="-0.439029">
        <ele>1869.694</ele>
        <time>2022-01-15T10:22:21Z</time>
      </trkpt>
      <trkpt lat="42.812982" lon="-0.439099">
        <ele>1869.778</ele>
        <time>2022-01-15T10:22:27Z</time>
      </trkpt>
      <trkpt lat="42.812985" lon="-0.439172">
        <ele>1870.356</ele>
        <time>2022-01-15T10:22:33Z</time>
      </trkpt>
      <trkpt lat="42.812980" lon="-0.439239">
        <ele>1870.251</ele>
        <time>2022-01-15T10:22:39Z</time>
      </trkpt>
      <trkpt lat="42.812963" lon="-0.439309">
        <ele>1870.981</ele>
        <time>2022-01-15T10:22:45Z</time>
      </trkpt>
      <trkpt lat="42.812961" lon="-0.439376">
        <ele>1871.061</ele>
        <time>2022-01-15T10:22:49Z</time>
      </trkpt>
      <trkpt lat="42.812949" lon="-0.439438">
        <ele>1871.817</ele>
        <time>2022-01-15T10:22:53Z</time>
      </trkpt>
      <trkpt lat="42.812944" lon="-0.439513">
        <ele>1872.308</ele>
        <time>2022-01-15T10:22:58Z</time>
      </trkpt>
      <trkpt lat="42.812931" lon="-0.439578">
        <ele>1873.857</ele>
        <time>2022-01-15T10:23:02Z</time>
      </trkpt>
      <trkpt lat="42.812918" lon="-0.439650">
        <ele>1874.350</ele>
        <time>2022-01-15T10:23:08Z</time>
      </trkpt>
      <trkpt lat="42.812910" lon="-0.439713">
        <ele>1874.496</ele>
        <time>2022-01-15T10:23:11Z</time>
      </trkpt>
      <trkpt lat="42.812912" lon="-0.439778">
        <ele>1874.518</ele>
        <time>2022-01-15T10:23:17Z</time>
      </trkpt>
      <trkpt lat="42.812900" lon="-0.439850">
        <ele>1874.919</ele>
        <time>2022-01-15T10:23:22Z</time>
      </trkpt>
      <trkpt lat="42.812882" lon="-0.439920">
        <ele>1876.023</ele>
        <time>2022-01-15T10:23:28Z</time>
      </trkpt>
      <trkpt lat="42.812854" lon="-0.439973">
        <ele>1876.581</ele>
        <time>2022-01-15T10:23:32Z</time>
      </trkpt>
      <trkpt lat="42.812854" lon="-0.440035">
        <ele>1877.146</ele>
        <time>2022-01-15T10:23:36Z</time>
      </trkpt>
      <trkpt lat="42.812836" lon="-0.440092">
        <ele>1876.113</ele>
        <time>2022-01-15T10:23:42Z</time>
      </trkpt>
      <trkpt lat="42.812823" lon="-0.440152">
        <ele>1876.843</ele>
        <time>2022-01-15T10:23:47Z</time>
      </trkpt>
      <trkpt lat="42.812835" lon="-0.440217">
        <ele>1877.907</ele>
        <time>2022-01-15T10:23:55Z</time>
      </trkpt>
      <trkpt lat="42.812832" lon="-0.440284">
        <ele>1879.708</ele>
        <time>2022-01-15T10:24:01Z</time>
      </trkpt>
      <trkpt lat="42.812844" lon="-0.440351">
        <ele>1881.610</ele>
        <time>2022-01-15T10:24:10Z</time>
      </trkpt>
      <trkpt lat="42.812836" lon="-0.440419">
        <ele>1882.363</ele>
        <time>2022-01-15T10:24:16Z</time>
      </trkpt>
      <trkpt lat="42.812823" lon="-0.440479">
        <ele>1884.419</ele>
        <time>2022-01-15T10:24:22Z</time>
      </trkpt>
      <trkpt lat="42.812840" lon="-0.440546">
        <ele>1885.521</ele>
        <time>2022-01-15T10:24:31Z</time>
      </trkpt>
      <trkpt lat="42.812820" lon="-0.440613">
        <ele>1886.492</ele>
        <time>2022-01-15T10:24:37Z</time>
      </trkpt>
      <trkpt lat="42.812838" lon="-0.440675">
        <ele>1887.056</ele>
        <time>2022-01-15T10:24:43Z</time>
      </trkpt>
      <trkpt lat="42.812836" lon="-0.440740">
        <ele>1888.214</ele>
        <time>2022-01-15T10:24:49Z</time>
      </trkpt>
      <trkpt lat="42.812836" lon="-0.440802">
        <ele>1888.979</ele>
        <time>2022-01-15T10:24:55Z</time>
      </trkpt>
      <trkpt lat="42.812829" lon="-0.440870">
        <ele>1890.616</ele>
        <time>2022-01-15T10:25:01Z</time>
      </trkpt>
      <trkpt lat="42.812839" lon="-0.440933">
        <ele>1890.676</ele>
        <time>2022-01-15T10:25:08Z</time>
      </trkpt>
      <trkpt lat="42.812847" lon="-0.440998">
        <ele>1891.313</ele>
        <time>2022-01-15T10:25:15Z</time>
      </trkpt>
      <trkpt lat="42.812860" lon="-0.441058">
        <ele>1892.408</ele>
        <time>2022-01-15T10:25:23Z</time>
      </trkpt>
      <trkpt lat="42.812862" lon="-0.441128">
        <ele>1893.920</ele>
        <time>2022-01-15T10:25:31Z</time>
      </trkpt>
      <trkpt lat="42.812864" lon="-0.441193">
        <ele>1894.643</ele>
        <time>2022-01-15T10:25:37Z</time>
      </trkpt>
      <trkpt lat="42.812856" lon="-0.441263">
        <ele>1894.999</ele>
        <time>2022-01-15T10:25:44Z</time>
      </trkpt>
      <trkpt lat="42.812843" lon="-0.441323">
        <ele>1896.241</ele>
        <time>2022-01-15T10:25:50Z</time>
      </trkpt>
      <trkpt lat="42.812858" lon="-0.441386">
        <ele>1896.992</ele>
        <time>2022-01-15T10:25:59Z</time>
      </trkpt>
      <trkpt lat="42.812876" lon="-0.441448">
        <ele>1897.186</ele>
        <time>2022-01-15T10:26:22Z</time>
      </trkpt>
      <trkpt lat="42.812883" lon="-0.441516">
        <ele>1898.754</ele>
        <time>2022-01-15T10:26:29Z</time>
      </trkpt>
      <trkpt lat="42.812876" lon="-0.441578">
        <ele>1903.369</ele>
        <time>2022-01-15T10:26:38Z</time>
      </trkpt>
      <trkpt lat="42.812864" lon="-0.441638">
        <ele>1905.267</ele>
        <time>2022-01-15T10:26:47Z</time>
      </trkpt>
      <trkpt lat="42.812846" lon="-0.441696">
        <ele>1904.381</ele>
        <time>2022-01-15T10:26:55Z</time>
      </trkpt>
      <trkpt lat="42.812823" lon="-0.441754">
        <ele>1902.919</ele>
        <time>2022-01-15T10:27:04Z</time>
      </trkpt>
      <trkpt lat="42.812780" lon="-0.441787">
        <ele>1903.308</ele>
        <time>2022-01-15T10:27:11Z</time>
      </trkpt>
      <trkpt lat="42.812732" lon="-0.441819">
        <ele>1905.345</ele>
        <time>2022-01-15T10:27:44Z</time>
      </trkpt>
      <trkpt lat="42.812687" lon="-0.441819">
        <ele>1905.318</ele>
        <time>2022-01-15T10:27:48Z</time>
      </trkpt>
      <trkpt lat="42.812639" lon="-0.441819">
        <ele>1906.434</ele>
        <time>2022-01-15T10:27:53Z</time>
      </trkpt>
      <trkpt lat="42.812591" lon="-0.441844">
        <ele>1907.776</ele>
        <time>2022-01-15T10:28:00Z</time>
      </trkpt>
      <trkpt lat="42.812548" lon="-0.441889">
        <ele>1908.127</ele>
        <time>2022-01-15T10:28:07Z</time>
      </trkpt>
      <trkpt lat="42.812528" lon="-0.441946">
        <ele>1907.511</ele>
        <time>2022-01-15T10:28:12Z</time>
      </trkpt>
      <trkpt lat="42.812506" lon="-0.442001">
        <ele>1908.029</ele>
        <time>2022-01-15T10:28:18Z</time>
      </trkpt>
      <trkpt lat="42.812483" lon="-0.442059">
        <ele>1908.894</ele>
        <time>2022-01-15T10:28:22Z</time>
      </trkpt>
      <trkpt lat="42.812455" lon="-0.442107">
        <ele>1909.527</ele>
        <time>2022-01-15T10:28:28Z</time>
      </trkpt>
      <trkpt lat="42.812440" lon="-0.442165">
        <ele>1909.668</ele>
        <time>2022-01-15T10:28:33Z</time>
      </trkpt>
      <trkpt lat="42.812422" lon="-0.442227">
        <ele>1911.814</ele>
        <time>2022-01-15T10:28:40Z</time>
      </trkpt>
      <trkpt lat="42.812395" lon="-0.442295">
        <ele>1913.308</ele>
        <time>2022-01-15T10:28:47Z</time>
      </trkpt>
      <trkpt lat="42.812380" lon="-0.442355">
        <ele>1913.811</ele>
        <time>2022-01-15T10:28:52Z</time>
      </trkpt>
      <trkpt lat="42.812380" lon="-0.442420">
        <ele>1913.674</ele>
        <time>2022-01-15T10:28:57Z</time>
      </trkpt>
      <trkpt lat="42.812372" lon="-0.442482">
        <ele>1914.960</ele>
        <time>2022-01-15T10:29:06Z</time>
      </trkpt>
      <trkpt lat="42.812372" lon="-0.442552">
        <ele>1914.472</ele>
        <time>2022-01-15T10:29:12Z</time>
      </trkpt>
      <trkpt lat="42.812369" lon="-0.442614">
        <ele>1915.343</ele>
        <time>2022-01-15T10:29:18Z</time>
      </trkpt>
      <trkpt lat="42.812361" lon="-0.442687">
        <ele>1915.937</ele>
        <time>2022-01-15T10:29:24Z</time>
      </trkpt>
      <trkpt lat="42.812371" lon="-0.442754">
        <ele>1916.715</ele>
        <time>2022-01-15T10:29:30Z</time>
      </trkpt>
      <trkpt lat="42.812416" lon="-0.442782">
        <ele>1916.890</ele>
        <time>2022-01-15T10:29:46Z</time>
      </trkpt>
      <trkpt lat="42.812441" lon="-0.442842">
        <ele>1915.365</ele>
        <time>2022-01-15T10:29:54Z</time>
      </trkpt>
      <trkpt lat="42.812458" lon="-0.442912">
        <ele>1915.568</ele>
        <time>2022-01-15T10:30:01Z</time>
      </trkpt>
      <trkpt lat="42.812475" lon="-0.442977">
        <ele>1916.114</ele>
        <time>2022-01-15T10:30:07Z</time>
      </trkpt>
      <trkpt lat="42.812508" lon="-0.443019">
        <ele>1916.808</ele>
        <time>2022-01-15T10:30:15Z</time>
      </trkpt>
      <trkpt lat="42.812541" lon="-0.443064">
        <ele>1919.695</ele>
        <time>2022-01-15T10:30:21Z</time>
      </trkpt>
      <trkpt lat="42.812586" lon="-0.443106">
        <ele>1920.128</ele>
        <time>2022-01-15T10:30:27Z</time>
      </trkpt>
      <trkpt lat="42.812623" lon="-0.443144">
        <ele>1919.954</ele>
        <time>2022-01-15T10:30:33Z</time>
      </trkpt>
      <trkpt lat="42.812658" lon="-0.443211">
        <ele>1922.566</ele>
        <time>2022-01-15T10:31:03Z</time>
      </trkpt>
      <trkpt lat="42.812690" lon="-0.443263">
        <ele>1923.097</ele>
        <time>2022-01-15T10:31:09Z</time>
      </trkpt>
      <trkpt lat="42.812720" lon="-0.443318">
        <ele>1924.021</ele>
        <time>2022-01-15T10:31:16Z</time>
      </trkpt>
      <trkpt lat="42.812737" lon="-0.443381">
        <ele>1924.929</ele>
        <time>2022-01-15T10:31:24Z</time>
      </trkpt>
      <trkpt lat="42.812749" lon="-0.443441">
        <ele>1925.424</ele>
        <time>2022-01-15T10:31:29Z</time>
      </trkpt>
      <trkpt lat="42.812734" lon="-0.443519">
        <ele>1924.928</ele>
        <time>2022-01-15T10:31:35Z</time>
      </trkpt>
      <trkpt lat="42.812759" lon="-0.443576">
        <ele>1928.889</ele>
        <time>2022-01-15T10:31:42Z</time>
      </trkpt>
      <trkpt lat="42.812777" lon="-0.443636">
        <ele>1929.117</ele>
        <time>2022-01-15T10:31:48Z</time>
      </trkpt>
      <trkpt lat="42.812780" lon="-0.443703">
        <ele>1929.108</ele>
        <time>2022-01-15T10:31:54Z</time>
      </trkpt>
      <trkpt lat="42.812772" lon="-0.443771">
        <ele>1929.891</ele>
        <time>2022-01-15T10:32:00Z</time>
      </trkpt>
      <trkpt lat="42.812775" lon="-0.443833">
        <ele>1930.194</ele>
        <time>2022-01-15T10:32:06Z</time>
      </trkpt>
      <trkpt lat="42.812777" lon="-0.443898">
        <ele>1930.480</ele>
        <time>2022-01-15T10:32:10Z</time>
      </trkpt>
      <trkpt lat="42.812779" lon="-0.443968">
        <ele>1931.322</ele>
        <time>2022-01-15T10:32:17Z</time>
      </trkpt>
      <trkpt lat="42.812772" lon="-0.444033">
        <ele>1932.283</ele>
        <time>2022-01-15T10:32:23Z</time>
      </trkpt>
      <trkpt lat="42.812787" lon="-0.444093">
        <ele>1933.317</ele>
        <time>2022-01-15T10:32:31Z</time>
      </trkpt>
      <trkpt lat="42.812787" lon="-0.444155">
        <ele>1933.745</ele>
        <time>2022-01-15T10:32:36Z</time>
      </trkpt>
      <trkpt lat="42.812762" lon="-0.444252">
        <ele>1933.370</ele>
        <time>2022-01-15T10:33:06Z</time>
      </trkpt>
      <trkpt lat="42.812765" lon="-0.444315">
        <ele>1934.119</ele>
        <time>2022-01-15T10:33:11Z</time>
      </trkpt>
      <trkpt lat="42.812782" lon="-0.444378">
        <ele>1935.109</ele>
        <time>2022-01-15T10:33:17Z</time>
      </trkpt>
      <trkpt lat="42.812780" lon="-0.444445">
        <ele>1936.019</ele>
        <time>2022-01-15T10:33:22Z</time>
      </trkpt>
      <trkpt lat="42.812778" lon="-0.444508">
        <ele>1936.608</ele>
        <time>2022-01-15T10:33:27Z</time>
      </trkpt>
      <trkpt lat="42.812788" lon="-0.444570">
        <ele>1937.720</ele>
        <time>2022-01-15T10:33:33Z</time>
      </trkpt>
      <trkpt lat="42.812791" lon="-0.444638">
        <ele>1939.033</ele>
        <time>2022-01-15T10:33:40Z</time>
      </trkpt>
      <trkpt lat="42.812783" lon="-0.444703">
        <ele>1939.679</ele>
        <time>2022-01-15T10:33:46Z</time>
      </trkpt>
      <trkpt lat="42.812768" lon="-0.444768">
        <ele>1939.031</ele>
        <time>2022-01-15T10:33:52Z</time>
      </trkpt>
      <trkpt lat="42.812758" lon="-0.444836">
        <ele>1938.872</ele>
        <time>2022-01-15T10:33:57Z</time>
      </trkpt>
      <trkpt lat="42.812756" lon="-0.444909">
        <ele>1938.246</ele>
        <time>2022-01-15T10:34:04Z</time>
      </trkpt>
      <trkpt lat="42.812763" lon="-0.444972">
        <ele>1939.264</ele>
        <time>2022-01-15T10:34:10Z</time>
      </trkpt>
      <trkpt lat="42.812758" lon="-0.445037">
        <ele>1940.519</ele>
        <time>2022-01-15T10:34:16Z</time>
      </trkpt>
      <trkpt lat="42.812756" lon="-0.445112">
        <ele>1941.184</ele>
        <time>2022-01-15T10:34:24Z</time>
      </trkpt>
      <trkpt lat="42.812733" lon="-0.445170">
        <ele>1942.007</ele>
        <time>2022-01-15T10:34:31Z</time>
      </trkpt>
      <trkpt lat="42.812740" lon="-0.445238">
        <ele>1943.717</ele>
        <time>2022-01-15T10:34:37Z</time>
      </trkpt>
      <trkpt lat="42.812725" lon="-0.445298">
        <ele>1944.408</ele>
        <time>2022-01-15T10:34:42Z</time>
      </trkpt>
      <trkpt lat="42.812708" lon="-0.445361">
        <ele>1943.917</ele>
        <time>2022-01-15T10:34:48Z</time>
      </trkpt>
      <trkpt lat="42.812700" lon="-0.445426">
        <ele>1945.450</ele>
        <time>2022-01-15T10:34:55Z</time>
      </trkpt>
      <trkpt lat="42.812698" lon="-0.445488">
        <ele>1947.096</ele>
        <time>2022-01-15T10:35:01Z</time>
      </trkpt>
      <trkpt lat="42.812691" lon="-0.445558">
        <ele>1947.998</ele>
        <time>2022-01-15T10:35:07Z</time>
      </trkpt>
      <trkpt lat="42.812686" lon="-0.445625">
        <ele>1948.979</ele>
        <time>2022-01-15T10:35:13Z</time>
      </trkpt>
      <trkpt lat="42.812679" lon="-0.445687">
        <ele>1950.463</ele>
        <time>2022-01-15T10:35:20Z</time>
      </trkpt>
      <trkpt lat="42.812662" lon="-0.445745">
        <ele>1952.631</ele>
        <time>2022-01-15T10:35:27Z</time>
      </trkpt>
      <trkpt lat="42.812665" lon="-0.445810">
        <ele>1953.366</ele>
        <time>2022-01-15T10:35:36Z</time>
      </trkpt>
      <trkpt lat="42.812643" lon="-0.445865">
        <ele>1954.949</ele>
        <time>2022-01-15T10:35:43Z</time>
      </trkpt>
      <trkpt lat="42.812618" lon="-0.445930">
        <ele>1955.802</ele>
        <time>2022-01-15T10:35:52Z</time>
      </trkpt>
      <trkpt lat="42.812593" lon="-0.445997">
        <ele>1956.622</ele>
        <time>2022-01-15T10:35:58Z</time>
      </trkpt>
      <trkpt lat="42.812576" lon="-0.446067">
        <ele>1957.308</ele>
        <time>2022-01-15T10:36:05Z</time>
      </trkpt>
      <trkpt lat="42.812553" lon="-0.446120">
        <ele>1957.193</ele>
        <time>2022-01-15T10:36:10Z</time>
      </trkpt>
      <trkpt lat="42.812520" lon="-0.446167">
        <ele>1957.376</ele>
        <time>2022-01-15T10:36:15Z</time>
      </trkpt>
      <trkpt lat="42.812497" lon="-0.446229">
        <ele>1957.542</ele>
        <time>2022-01-15T10:36:21Z</time>
      </trkpt>
      <trkpt lat="42.812477" lon="-0.446291">
        <ele>1957.094</ele>
        <time>2022-01-15T10:36:29Z</time>
      </trkpt>
      <trkpt lat="42.812437" lon="-0.446338">
        <ele>1957.865</ele>
        <time>2022-01-15T10:37:29Z</time>
      </trkpt>
      <trkpt lat="42.812422" lon="-0.446405">
        <ele>1957.449</ele>
        <time>2022-01-15T10:37:36Z</time>
      </trkpt>
      <trkpt lat="42.812425" lon="-0.446477">
        <ele>1957.217</ele>
        <time>2022-01-15T10:37:42Z</time>
      </trkpt>
      <trkpt lat="42.812400" lon="-0.446534">
        <ele>1958.022</ele>
        <time>2022-01-15T10:37:48Z</time>
      </trkpt>
      <trkpt lat="42.812363" lon="-0.446596">
        <ele>1958.533</ele>
        <time>2022-01-15T10:37:54Z</time>
      </trkpt>
      <trkpt lat="42.812333" lon="-0.446649">
        <ele>1959.923</ele>
        <time>2022-01-15T10:38:01Z</time>
      </trkpt>
      <trkpt lat="42.812318" lon="-0.446709">
        <ele>1961.815</ele>
        <time>2022-01-15T10:38:12Z</time>
      </trkpt>
      <trkpt lat="42.812308" lon="-0.446772">
        <ele>1962.008</ele>
        <time>2022-01-15T10:38:18Z</time>
      </trkpt>
      <trkpt lat="42.812271" lon="-0.446817">
        <ele>1963.092</ele>
        <time>2022-01-15T10:38:24Z</time>
      </trkpt>
      <trkpt lat="42.812241" lon="-0.446874">
        <ele>1963.445</ele>
        <time>2022-01-15T10:38:31Z</time>
      </trkpt>
      <trkpt lat="42.812209" lon="-0.446929">
        <ele>1963.231</ele>
        <time>2022-01-15T10:38:40Z</time>
      </trkpt>
      <trkpt lat="42.812162" lon="-0.446962">
        <ele>1963.393</ele>
        <time>2022-01-15T10:38:46Z</time>
      </trkpt>
      <trkpt lat="42.812124" lon="-0.447009">
        <ele>1963.784</ele>
        <time>2022-01-15T10:38:53Z</time>
      </trkpt>
      <trkpt lat="42.812092" lon="-0.447056">
        <ele>1964.818</ele>
        <time>2022-01-15T10:39:00Z</time>
      </trkpt>
      <trkpt lat="42.812060" lon="-0.447101">
        <ele>1965.526</ele>
        <time>2022-01-15T10:39:07Z</time>
      </trkpt>
      <trkpt lat="42.812045" lon="-0.447161">
        <ele>1965.741</ele>
        <time>2022-01-15T10:39:14Z</time>
      </trkpt>
      <trkpt lat="42.812015" lon="-0.447213">
        <ele>1966.351</ele>
        <time>2022-01-15T10:39:21Z</time>
      </trkpt>
      <trkpt lat="42.811995" lon="-0.447273">
        <ele>1965.801</ele>
        <time>2022-01-15T10:39:28Z</time>
      </trkpt>
      <trkpt lat="42.811975" lon="-0.447341">
        <ele>1965.111</ele>
        <time>2022-01-15T10:39:38Z</time>
      </trkpt>
      <trkpt lat="42.811963" lon="-0.447403">
        <ele>1964.908</ele>
        <time>2022-01-15T10:39:46Z</time>
      </trkpt>
      <trkpt lat="42.811933" lon="-0.447463">
        <ele>1965.494</ele>
        <time>2022-01-15T10:39:53Z</time>
      </trkpt>
      <trkpt lat="42.811916" lon="-0.447525">
        <ele>1966.237</ele>
        <time>2022-01-15T10:40:00Z</time>
      </trkpt>
      <trkpt lat="42.811909" lon="-0.447590">
        <ele>1966.523</ele>
        <time>2022-01-15T10:40:06Z</time>
      </trkpt>
      <trkpt lat="42.811891" lon="-0.447655">
        <ele>1967.555</ele>
        <time>2022-01-15T10:40:13Z</time>
      </trkpt>
      <trkpt lat="42.811881" lon="-0.447718">
        <ele>1967.166</ele>
        <time>2022-01-15T10:40:19Z</time>
      </trkpt>
      <trkpt lat="42.811861" lon="-0.447775">
        <ele>1967.510</ele>
        <time>2022-01-15T10:40:26Z</time>
      </trkpt>
      <trkpt lat="42.811846" lon="-0.447837">
        <ele>1968.068</ele>
        <time>2022-01-15T10:40:31Z</time>
      </trkpt>
      <trkpt lat="42.811834" lon="-0.447902">
        <ele>1968.273</ele>
        <time>2022-01-15T10:40:37Z</time>
      </trkpt>
      <trkpt lat="42.811811" lon="-0.447962">
        <ele>1969.557</ele>
        <time>2022-01-15T10:40:46Z</time>
      </trkpt>
      <trkpt lat="42.811773" lon="-0.448002">
        <ele>1971.200</ele>
        <time>2022-01-15T10:40:53Z</time>
      </trkpt>
      <trkpt lat="42.811778" lon="-0.448070">
        <ele>1972.620</ele>
        <time>2022-01-15T10:41:00Z</time>
      </trkpt>
      <trkpt lat="42.811763" lon="-0.448133">
        <ele>1974.008</ele>
        <time>2022-01-15T10:41:05Z</time>
      </trkpt>
      <trkpt lat="42.811755" lon="-0.448198">
        <ele>1975.834</ele>
        <time>2022-01-15T10:41:13Z</time>
      </trkpt>
      <trkpt lat="42.811730" lon="-0.448260">
        <ele>1976.877</ele>
        <time>2022-01-15T10:41:20Z</time>
      </trkpt>
      <trkpt lat="42.811717" lon="-0.448320">
        <ele>1976.623</ele>
        <time>2022-01-15T10:41:28Z</time>
      </trkpt>
      <trkpt lat="42.811697" lon="-0.448375">
        <ele>1977.135</ele>
        <time>2022-01-15T10:41:35Z</time>
      </trkpt>
      <trkpt lat="42.811674" lon="-0.448440">
        <ele>1977.256</ele>
        <time>2022-01-15T10:41:41Z</time>
      </trkpt>
      <trkpt lat="42.811651" lon="-0.448493">
        <ele>1978.640</ele>
        <time>2022-01-15T10:41:46Z</time>
      </trkpt>
      <trkpt lat="42.811659" lon="-0.448561">
        <ele>1977.638</ele>
        <time>2022-01-15T10:41:52Z</time>
      </trkpt>
      <trkpt lat="42.811631" lon="-0.448609">
        <ele>1978.223</ele>
        <time>2022-01-15T10:41:58Z</time>
      </trkpt>
      <trkpt lat="42.811606" lon="-0.448666">
        <ele>1978.323</ele>
        <time>2022-01-15T10:42:03Z</time>
      </trkpt>
      <trkpt lat="42.811586" lon="-0.448734">
        <ele>1979.783</ele>
        <time>2022-01-15T10:42:09Z</time>
      </trkpt>
      <trkpt lat="42.811551" lon="-0.448782">
        <ele>1980.111</ele>
        <time>2022-01-15T10:42:15Z</time>
      </trkpt>
      <trkpt lat="42.811514" lon="-0.448819">
        <ele>1981.408</ele>
        <time>2022-01-15T10:42:22Z</time>
      </trkpt>
      <trkpt lat="42.811491" lon="-0.448879">
        <ele>1983.911</ele>
        <time>2022-01-15T10:42:30Z</time>
      </trkpt>
      <trkpt lat="42.811479" lon="-0.448939">
        <ele>1987.154</ele>
        <time>2022-01-15T10:42:37Z</time>
      </trkpt>
      <trkpt lat="42.811462" lon="-0.449002">
        <ele>1989.910</ele>
        <time>2022-01-15T10:42:45Z</time>
      </trkpt>
      <trkpt lat="42.811432" lon="-0.449057">
        <ele>1990.152</ele>
        <time>2022-01-15T10:43:08Z</time>
      </trkpt>
      <trkpt lat="42.811405" lon="-0.449115">
        <ele>1990.063</ele>
        <time>2022-01-15T10:43:13Z</time>
      </trkpt>
      <trkpt lat="42.811380" lon="-0.449167">
        <ele>1989.437</ele>
        <time>2022-01-15T10:43:18Z</time>
      </trkpt>
      <trkpt lat="42.811360" lon="-0.449229">
        <ele>1989.575</ele>
        <time>2022-01-15T10:43:25Z</time>
      </trkpt>
      <trkpt lat="42.811340" lon="-0.449292">
        <ele>1990.990</ele>
        <time>2022-01-15T10:43:30Z</time>
      </trkpt>
      <trkpt lat="42.811323" lon="-0.449365">
        <ele>2002.746</ele>
        <time>2022-01-15T10:43:48Z</time>
      </trkpt>
      <trkpt lat="42.811305" lon="-0.449427">
        <ele>1997.988</ele>
        <time>2022-01-15T10:43:53Z</time>
      </trkpt>
      <trkpt lat="42.811285" lon="-0.449492">
        <ele>1995.916</ele>
        <time>2022-01-15T10:43:59Z</time>
      </trkpt>
      <trkpt lat="42.811275" lon="-0.449554">
        <ele>1994.908</ele>
        <time>2022-01-15T10:44:04Z</time>
      </trkpt>
      <trkpt lat="42.811240" lon="-0.449601">
        <ele>1995.333</ele>
        <time>2022-01-15T10:44:08Z</time>
      </trkpt>
      <trkpt lat="42.811205" lon="-0.449649">
        <ele>1994.826</ele>
        <time>2022-01-15T10:44:15Z</time>
      </trkpt>
      <trkpt lat="42.811178" lon="-0.449709">
        <ele>1995.472</ele>
        <time>2022-01-15T10:44:20Z</time>
      </trkpt>
      <trkpt lat="42.811163" lon="-0.449776">
        <ele>1997.474</ele>
        <time>2022-01-15T10:44:26Z</time>
      </trkpt>
      <trkpt lat="42.811141" lon="-0.449846">
        <ele>1998.175</ele>
        <time>2022-01-15T10:44:33Z</time>
      </trkpt>
      <trkpt lat="42.811131" lon="-0.449911">
        <ele>1998.699</ele>
        <time>2022-01-15T10:44:39Z</time>
      </trkpt>
      <trkpt lat="42.811119" lon="-0.449974">
        <ele>1998.657</ele>
        <time>2022-01-15T10:44:44Z</time>
      </trkpt>
      <trkpt lat="42.811099" lon="-0.450036">
        <ele>1999.252</ele>
        <time>2022-01-15T10:44:49Z</time>
      </trkpt>
      <trkpt lat="42.811092" lon="-0.450098">
        <ele>1998.741</ele>
        <time>2022-01-15T10:44:55Z</time>
      </trkpt>
      <trkpt lat="42.811077" lon="-0.450166">
        <ele>1999.381</ele>
        <time>2022-01-15T10:45:00Z</time>
      </trkpt>
      <trkpt lat="42.811075" lon="-0.450228">
        <ele>1999.209</ele>
        <time>2022-01-15T10:45:05Z</time>
      </trkpt>
      <trkpt lat="42.811055" lon="-0.450283">
        <ele>1999.608</ele>
        <time>2022-01-15T10:45:09Z</time>
      </trkpt>
      <trkpt lat="42.811037" lon="-0.450340">
        <ele>1999.113</ele>
        <time>2022-01-15T10:45:15Z</time>
      </trkpt>
      <trkpt lat="42.811015" lon="-0.450397">
        <ele>1998.166</ele>
        <time>2022-01-15T10:45:20Z</time>
      </trkpt>
      <trkpt lat="42.810988" lon="-0.450459">
        <ele>1997.512</ele>
        <time>2022-01-15T10:45:26Z</time>
      </trkpt>
      <trkpt lat="42.810960" lon="-0.450514">
        <ele>1998.234</ele>
        <time>2022-01-15T10:45:33Z</time>
      </trkpt>
      <trkpt lat="42.810940" lon="-0.450569">
        <ele>1999.045</ele>
        <time>2022-01-15T10:45:39Z</time>
      </trkpt>
      <trkpt lat="42.810903" lon="-0.450614">
        <ele>1999.829</ele>
        <time>2022-01-15T10:45:47Z</time>
      </trkpt>
      <trkpt lat="42.810890" lon="-0.450674">
        <ele>1999.867</ele>
        <time>2022-01-15T10:45:53Z</time>
      </trkpt>
      <trkpt lat="42.810865" lon="-0.450731">
        <ele>2000.052</ele>
        <time>2022-01-15T10:45:59Z</time>
      </trkpt>
      <trkpt lat="42.810848" lon="-0.450793">
        <ele>2000.382</ele>
        <time>2022-01-15T10:46:05Z</time>
      </trkpt>
      <trkpt lat="42.810826" lon="-0.450853">
        <ele>2000.643</ele>
        <time>2022-01-15T10:46:11Z</time>
      </trkpt>
      <trkpt lat="42.810788" lon="-0.450893">
        <ele>2001.317</ele>
        <time>2022-01-15T10:46:15Z</time>
      </trkpt>
      <trkpt lat="42.810753" lon="-0.450941">
        <ele>2002.908</ele>
        <time>2022-01-15T10:46:22Z</time>
      </trkpt>
      <trkpt lat="42.810720" lon="-0.450993">
        <ele>2006.857</ele>
        <time>2022-01-15T10:49:01Z</time>
      </trkpt>
      <trkpt lat="42.810690" lon="-0.451041">
        <ele>2006.240</ele>
        <time>2022-01-15T10:49:13Z</time>
      </trkpt>
      <trkpt lat="42.810653" lon="-0.451089">
        <ele>2006.356</ele>
        <time>2022-01-15T10:49:21Z</time>
      </trkpt>
      <trkpt lat="42.810623" lon="-0.451152">
        <ele>2006.628</ele>
        <time>2022-01-15T10:49:31Z</time>
      </trkpt>
      <trkpt lat="42.810601" lon="-0.451210">
        <ele>2007.169</ele>
        <time>2022-01-15T10:49:40Z</time>
      </trkpt>
      <trkpt lat="42.810573" lon="-0.451265">
        <ele>2007.833</ele>
        <time>2022-01-15T10:49:48Z</time>
      </trkpt>
      <trkpt lat="42.810550" lon="-0.451318">
        <ele>2008.411</ele>
        <time>2022-01-15T10:49:55Z</time>
      </trkpt>
      <trkpt lat="42.810512" lon="-0.451361">
        <ele>2008.166</ele>
        <time>2022-01-15T10:50:04Z</time>
      </trkpt>
      <trkpt lat="42.810467" lon="-0.451386">
        <ele>2008.714</ele>
        <time>2022-01-15T10:50:11Z</time>
      </trkpt>
      <trkpt lat="42.810437" lon="-0.451438">
        <ele>2010.254</ele>
        <time>2022-01-15T10:50:18Z</time>
      </trkpt>
      <trkpt lat="42.810392" lon="-0.451453">
        <ele>2012.609</ele>
        <time>2022-01-15T10:50:27Z</time>
      </trkpt>
      <trkpt lat="42.810362" lon="-0.451513">
        <ele>2016.708</ele>
        <time>2022-01-15T10:50:38Z</time>
      </trkpt>
      <trkpt lat="42.810319" lon="-0.451545">
        <ele>2017.990</ele>
        <time>2022-01-15T10:50:46Z</time>
      </trkpt>
      <trkpt lat="42.810277" lon="-0.451577">
        <ele>2018.073</ele>
        <time>2022-01-15T10:50:52Z</time>
      </trkpt>
      <trkpt lat="42.810229" lon="-0.451595">
        <ele>2018.519</ele>
        <time>2022-01-15T10:50:57Z</time>
      </trkpt>
      <trkpt lat="42.810186" lon="-0.451627">
        <ele>2019.081</ele>
        <time>2022-01-15T10:51:04Z</time>
      </trkpt>
      <trkpt lat="42.810161" lon="-0.451679">
        <ele>2019.372</ele>
        <time>2022-01-15T10:51:12Z</time>
      </trkpt>
      <trkpt lat="42.810119" lon="-0.451714">
        <ele>2019.736</ele>
        <time>2022-01-15T10:51:20Z</time>
      </trkpt>
      <trkpt lat="42.810071" lon="-0.451737">
        <ele>2020.744</ele>
        <time>2022-01-15T10:51:28Z</time>
      </trkpt>
      <trkpt lat="42.810044" lon="-0.451787">
        <ele>2021.849</ele>
        <time>2022-01-15T10:51:35Z</time>
      </trkpt>
      <trkpt lat="42.810022" lon="-0.451844">
        <ele>2023.786</ele>
        <time>2022-01-15T10:51:43Z</time>
      </trkpt>
      <trkpt lat="42.809984" lon="-0.451877">
        <ele>2024.960</ele>
        <time>2022-01-15T10:51:50Z</time>
      </trkpt>
      <trkpt lat="42.809942" lon="-0.451905">
        <ele>2026.326</ele>
        <time>2022-01-15T10:51:57Z</time>
      </trkpt>
      <trkpt lat="42.809904" lon="-0.451948">
        <ele>2027.608</ele>
        <time>2022-01-15T10:52:03Z</time>
      </trkpt>
      <trkpt lat="42.809859" lon="-0.451970">
        <ele>2029.177</ele>
        <time>2022-01-15T10:52:11Z</time>
      </trkpt>
      <trkpt lat="42.809839" lon="-0.452027">
        <ele>2030.460</ele>
        <time>2022-01-15T10:52:16Z</time>
      </trkpt>
      <trkpt lat="42.809807" lon="-0.452075">
        <ele>2032.816</ele>
        <time>2022-01-15T10:52:25Z</time>
      </trkpt>
      <trkpt lat="42.809764" lon="-0.452108">
        <ele>2034.418</ele>
        <time>2022-01-15T10:52:32Z</time>
      </trkpt>
      <trkpt lat="42.809739" lon="-0.452161">
        <ele>2034.459</ele>
        <time>2022-01-15T10:52:40Z</time>
      </trkpt>
      <trkpt lat="42.809699" lon="-0.452201">
        <ele>2034.263</ele>
        <time>2022-01-15T10:52:47Z</time>
      </trkpt>
      <trkpt lat="42.809661" lon="-0.452248">
        <ele>2033.491</ele>
        <time>2022-01-15T10:52:57Z</time>
      </trkpt>
      <trkpt lat="42.809619" lon="-0.452271">
        <ele>2034.476</ele>
        <time>2022-01-15T10:53:05Z</time>
      </trkpt>
      <trkpt lat="42.809601" lon="-0.452333">
        <ele>2035.926</ele>
        <time>2022-01-15T10:53:13Z</time>
      </trkpt>
      <trkpt lat="42.809576" lon="-0.452398">
        <ele>2037.147</ele>
        <time>2022-01-15T10:53:20Z</time>
      </trkpt>
      <trkpt lat="42.809538" lon="-0.452446">
        <ele>2037.911</ele>
        <time>2022-01-15T10:53:26Z</time>
      </trkpt>
      <trkpt lat="42.809508" lon="-0.452493">
        <ele>2039.108</ele>
        <time>2022-01-15T10:53:33Z</time>
      </trkpt>
      <trkpt lat="42.809463" lon="-0.452538">
        <ele>2041.231</ele>
        <time>2022-01-15T10:53:43Z</time>
      </trkpt>
      <trkpt lat="42.809436" lon="-0.452595">
        <ele>2042.644</ele>
        <time>2022-01-15T10:53:50Z</time>
      </trkpt>
      <trkpt lat="42.809398" lon="-0.452630">
        <ele>2050.790</ele>
        <time>2022-01-15T10:54:53Z</time>
      </trkpt>
      <trkpt lat="42.809388" lon="-0.452695">
        <ele>2051.572</ele>
        <time>2022-01-15T10:54:59Z</time>
      </trkpt>
      <trkpt lat="42.809376" lon="-0.452758">
        <ele>2051.463</ele>
        <time>2022-01-15T10:55:06Z</time>
      </trkpt>
      <trkpt lat="42.809348" lon="-0.452806">
        <ele>2053.127</ele>
        <time>2022-01-15T10:55:16Z</time>
      </trkpt>
      <trkpt lat="42.809328" lon="-0.452878">
        <ele>2053.915</ele>
        <time>2022-01-15T10:55:24Z</time>
      </trkpt>
      <trkpt lat="42.809318" lon="-0.452941">
        <ele>2056.260</ele>
        <time>2022-01-15T10:55:36Z</time>
      </trkpt>
      <trkpt lat="42.809321" lon="-0.453003">
        <ele>2057.948</ele>
        <time>2022-01-15T10:55:43Z</time>
      </trkpt>
      <trkpt lat="42.809303" lon="-0.453065">
        <ele>2060.261</ele>
        <time>2022-01-15T10:55:53Z</time>
      </trkpt>
      <trkpt lat="42.809316" lon="-0.453155">
        <ele>2062.717</ele>
        <time>2022-01-15T10:56:04Z</time>
      </trkpt>
      <trkpt lat="42.809324" lon="-0.453220">
        <ele>2065.008</ele>
        <time>2022-01-15T10:56:15Z</time>
      </trkpt>
      <trkpt lat="42.809327" lon="-0.453283">
        <ele>2066.533</ele>
        <time>2022-01-15T10:56:24Z</time>
      </trkpt>
      <trkpt lat="42.809297" lon="-0.453348">
        <ele>2066.656</ele>
        <time>2022-01-15T10:56:33Z</time>
      </trkpt>
      <trkpt lat="42.809289" lon="-0.453411">
        <ele>2066.982</ele>
        <time>2022-01-15T10:56:44Z</time>
      </trkpt>
      <trkpt lat="42.809291" lon="-0.453479">
        <ele>2069.254</ele>
        <time>2022-01-15T10:56:54Z</time>
      </trkpt>
      <trkpt lat="42.809286" lon="-0.453542">
        <ele>2070.935</ele>
        <time>2022-01-15T10:57:02Z</time>
      </trkpt>
      <trkpt lat="42.809293" lon="-0.453610">
        <ele>2072.039</ele>
        <time>2022-01-15T10:57:19Z</time>
      </trkpt>
      <trkpt lat="42.809288" lon="-0.453672">
        <ele>2072.327</ele>
        <time>2022-01-15T10:57:27Z</time>
      </trkpt>
      <trkpt lat="42.809296" lon="-0.453735">
        <ele>2068.142</ele>
        <time>2022-01-15T10:58:25Z</time>
      </trkpt>
      <trkpt lat="42.809281" lon="-0.453805">
        <ele>2070.021</ele>
        <time>2022-01-15T10:58:34Z</time>
      </trkpt>
      <trkpt lat="42.809266" lon="-0.453872">
        <ele>2071.341</ele>
        <time>2022-01-15T10:58:42Z</time>
      </trkpt>
      <trkpt lat="42.809276" lon="-0.453949">
        <ele>2071.605</ele>
        <time>2022-01-15T10:58:48Z</time>
      </trkpt>
      <trkpt lat="42.809284" lon="-0.454016">
        <ele>2073.408</ele>
        <time>2022-01-15T10:58:54Z</time>
      </trkpt>
      <trkpt lat="42.809272" lon="-0.454081">
        <ele>2074.241</ele>
        <time>2022-01-15T10:59:02Z</time>
      </trkpt>
      <trkpt lat="42.809245" lon="-0.454146">
        <ele>2075.694</ele>
        <time>2022-01-15T10:59:07Z</time>
      </trkpt>
      <trkpt lat="42.809230" lon="-0.454211">
        <ele>2075.230</ele>
        <time>2022-01-15T10:59:29Z</time>
      </trkpt>
      <trkpt lat="42.809208" lon="-0.454266">
        <ele>2074.852</ele>
        <time>2022-01-15T10:59:34Z</time>
      </trkpt>
      <trkpt lat="42.809203" lon="-0.454338">
        <ele>2075.753</ele>
        <time>2022-01-15T10:59:41Z</time>
      </trkpt>
      <trkpt lat="42.809213" lon="-0.454403">
        <ele>2076.247</ele>
        <time>2022-01-15T10:59:47Z</time>
      </trkpt>
      <trkpt lat="42.809203" lon="-0.454473">
        <ele>2077.115</ele>
        <time>2022-01-15T10:59:53Z</time>
      </trkpt>
      <trkpt lat="42.809201" lon="-0.454535">
        <ele>2076.970</ele>
        <time>2022-01-15T10:59:58Z</time>
      </trkpt>
      <trkpt lat="42.809211" lon="-0.454602">
        <ele>2078.039</ele>
        <time>2022-01-15T11:00:05Z</time>
      </trkpt>
      <trkpt lat="42.809219" lon="-0.454664">
        <ele>2078.401</ele>
        <time>2022-01-15T11:00:10Z</time>
      </trkpt>
      <trkpt lat="42.809219" lon="-0.454729">
        <ele>2078.321</ele>
        <time>2022-01-15T11:00:14Z</time>
      </trkpt>
      <trkpt lat="42.809217" lon="-0.454811">
        <ele>2078.708</ele>
        <time>2022-01-15T11:00:19Z</time>
      </trkpt>
      <trkpt lat="42.809219" lon="-0.454881">
        <ele>2079.162</ele>
        <time>2022-01-15T11:00:23Z</time>
      </trkpt>
      <trkpt lat="42.809221" lon="-0.454948">
        <ele>2079.035</ele>
        <time>2022-01-15T11:00:28Z</time>
      </trkpt>
      <trkpt lat="42.809221" lon="-0.455023">
        <ele>2079.431</ele>
        <time>2022-01-15T11:00:33Z</time>
      </trkpt>
      <trkpt lat="42.809229" lon="-0.455095">
        <ele>2080.883</ele>
        <time>2022-01-15T11:00:38Z</time>
      </trkpt>
      <trkpt lat="42.809226" lon="-0.455167">
        <ele>2081.644</ele>
        <time>2022-01-15T11:00:45Z</time>
      </trkpt>
      <trkpt lat="42.809216" lon="-0.455229">
        <ele>2082.398</ele>
        <time>2022-01-15T11:00:52Z</time>
      </trkpt>
      <trkpt lat="42.809228" lon="-0.455304">
        <ele>2082.666</ele>
        <time>2022-01-15T11:00:58Z</time>
      </trkpt>
      <trkpt lat="42.809226" lon="-0.455371">
        <ele>2083.151</ele>
        <time>2022-01-15T11:01:03Z</time>
      </trkpt>
      <trkpt lat="42.809229" lon="-0.455441">
        <ele>2082.227</ele>
        <time>2022-01-15T11:01:09Z</time>
      </trkpt>
      <trkpt lat="42.809226" lon="-0.455508">
        <ele>2081.268</ele>
        <time>2022-01-15T11:01:15Z</time>
      </trkpt>
      <trkpt lat="42.809221" lon="-0.455573">
        <ele>2081.714</ele>
        <time>2022-01-15T11:01:20Z</time>
      </trkpt>
      <trkpt lat="42.809219" lon="-0.455641">
        <ele>2081.608</ele>
        <time>2022-01-15T11:01:28Z</time>
      </trkpt>
      <trkpt lat="42.809207" lon="-0.455708">
        <ele>2082.321</ele>
        <time>2022-01-15T11:01:34Z</time>
      </trkpt>
      <trkpt lat="42.809194" lon="-0.455780">
        <ele>2082.464</ele>
        <time>2022-01-15T11:01:40Z</time>
      </trkpt>
      <trkpt lat="42.809194" lon="-0.455850">
        <ele>2083.630</ele>
        <time>2022-01-15T11:01:47Z</time>
      </trkpt>
      <trkpt lat="42.809172" lon="-0.455905">
        <ele>2084.152</ele>
        <time>2022-01-15T11:01:52Z</time>
      </trkpt>
      <trkpt lat="42.809165" lon="-0.455967">
        <ele>2084.093</ele>
        <time>2022-01-15T11:01:57Z</time>
      </trkpt>
      <trkpt lat="42.809143" lon="-0.456029">
        <ele>2085.637</ele>
        <time>2022-01-15T11:02:03Z</time>
      </trkpt>
      <trkpt lat="42.809141" lon="-0.456092">
        <ele>2085.885</ele>
        <time>2022-01-15T11:02:09Z</time>
      </trkpt>
      <trkpt lat="42.809148" lon="-0.456157">
        <ele>2085.340</ele>
        <time>2022-01-15T11:02:16Z</time>
      </trkpt>
      <trkpt lat="42.809155" lon="-0.456227">
        <ele>2084.715</ele>
        <time>2022-01-15T11:02:22Z</time>
      </trkpt>
      <trkpt lat="42.809167" lon="-0.456295">
        <ele>2086.265</ele>
        <time>2022-01-15T11:02:29Z</time>
      </trkpt>
      <trkpt lat="42.809174" lon="-0.456360">
        <ele>2087.411</ele>
        <time>2022-01-15T11:02:34Z</time>
      </trkpt>
      <trkpt lat="42.809186" lon="-0.456420">
        <ele>2088.508</ele>
        <time>2022-01-15T11:02:41Z</time>
      </trkpt>
      <trkpt lat="42.809171" lon="-0.456482">
        <ele>2087.550</ele>
        <time>2022-01-15T11:02:49Z</time>
      </trkpt>
      <trkpt lat="42.809163" lon="-0.456552">
        <ele>2087.133</ele>
        <time>2022-01-15T11:02:56Z</time>
      </trkpt>
      <trkpt lat="42.809181" lon="-0.456614">
        <ele>2086.559</ele>
        <time>2022-01-15T11:03:04Z</time>
      </trkpt>
      <trkpt lat="42.809189" lon="-0.456679">
        <ele>2086.111</ele>
        <time>2022-01-15T11:03:11Z</time>
      </trkpt>
      <trkpt lat="42.809194" lon="-0.456744">
        <ele>2086.212</ele>
        <time>2022-01-15T11:03:17Z</time>
      </trkpt>
      <trkpt lat="42.809204" lon="-0.456804">
        <ele>2086.736</ele>
        <time>2022-01-15T11:03:22Z</time>
      </trkpt>
      <trkpt lat="42.809214" lon="-0.456876">
        <ele>2088.214</ele>
        <time>2022-01-15T11:03:29Z</time>
      </trkpt>
      <trkpt lat="42.809219" lon="-0.456941">
        <ele>2089.379</ele>
        <time>2022-01-15T11:03:35Z</time>
      </trkpt>
      <trkpt lat="42.809229" lon="-0.457003">
        <ele>2090.531</ele>
        <time>2022-01-15T11:03:42Z</time>
      </trkpt>
      <trkpt lat="42.809207" lon="-0.457060">
        <ele>2092.661</ele>
        <time>2022-01-15T11:03:51Z</time>
      </trkpt>
      <trkpt lat="42.809192" lon="-0.457127">
        <ele>2093.407</ele>
        <time>2022-01-15T11:04:00Z</time>
      </trkpt>
      <trkpt lat="42.809187" lon="-0.457194">
        <ele>2094.208</ele>
        <time>2022-01-15T11:04:07Z</time>
      </trkpt>
      <trkpt lat="42.809169" lon="-0.457252">
        <ele>2096.212</ele>
        <time>2022-01-15T11:04:14Z</time>
      </trkpt>
      <trkpt lat="42.809171" lon="-0.457319">
        <ele>2096.665</ele>
        <time>2022-01-15T11:04:20Z</time>
      </trkpt>
      <trkpt lat="42.809179" lon="-0.457386">
        <ele>2096.941</ele>
        <time>2022-01-15T11:04:29Z</time>
      </trkpt>
      <trkpt lat="42.809157" lon="-0.457441">
        <ele>2098.823</ele>
        <time>2022-01-15T11:04:37Z</time>
      </trkpt>
      <trkpt lat="42.809165" lon="-0.457506">
        <ele>2099.814</ele>
        <time>2022-01-15T11:04:43Z</time>
      </trkpt>
      <trkpt lat="42.809182" lon="-0.457571">
        <ele>2100.488</ele>
        <time>2022-01-15T11:04:49Z</time>
      </trkpt>
      <trkpt lat="42.809175" lon="-0.457636">
        <ele>2100.626</ele>
        <time>2022-01-15T11:04:59Z</time>
      </trkpt>
      <trkpt lat="42.809170" lon="-0.457703">
        <ele>2100.611</ele>
        <time>2022-01-15T11:05:10Z</time>
      </trkpt>
      <trkpt lat="42.809158" lon="-0.457771">
        <ele>2100.442</ele>
        <time>2022-01-15T11:05:17Z</time>
      </trkpt>
      <trkpt lat="42.809143" lon="-0.457838">
        <ele>2102.522</ele>
        <time>2022-01-15T11:05:24Z</time>
      </trkpt>
      <trkpt lat="42.809141" lon="-0.457910">
        <ele>2103.614</ele>
        <time>2022-01-15T11:05:30Z</time>
      </trkpt>
      <trkpt lat="42.809133" lon="-0.457975">
        <ele>2104.608</ele>
        <time>2022-01-15T11:05:37Z</time>
      </trkpt>
      <trkpt lat="42.809125" lon="-0.458050">
        <ele>2105.353</ele>
        <time>2022-01-15T11:05:45Z</time>
      </trkpt>
      <trkpt lat="42.809140" lon="-0.458112">
        <ele>2105.646</ele>
        <time>2022-01-15T11:05:50Z</time>
      </trkpt>
      <trkpt lat="42.809120" lon="-0.458182">
        <ele>2106.172</ele>
        <time>2022-01-15T11:05:57Z</time>
      </trkpt>
      <trkpt lat="42.809077" lon="-0.458212">
        <ele>2110.164</ele>
        <time>2022-01-15T11:07:04Z</time>
      </trkpt>
      <trkpt lat="42.809085" lon="-0.458275">
        <ele>2110.935</ele>
        <time>2022-01-15T11:07:11Z</time>
      </trkpt>
      <trkpt lat="42.809087" lon="-0.458337">
        <ele>2110.919</ele>
        <time>2022-01-15T11:07:15Z</time>
      </trkpt>
      <trkpt lat="42.809092" lon="-0.458409">
        <ele>2110.147</ele>
        <time>2022-01-15T11:07:21Z</time>
      </trkpt>
      <trkpt lat="42.809092" lon="-0.458477">
        <ele>2111.742</ele>
        <time>2022-01-15T11:07:29Z</time>
      </trkpt>
      <trkpt lat="42.809085" lon="-0.458545">
        <ele>2114.228</ele>
        <time>2022-01-15T11:07:36Z</time>
      </trkpt>
      <trkpt lat="42.809068" lon="-0.458607">
        <ele>2115.389</ele>
        <time>2022-01-15T11:07:41Z</time>
      </trkpt>
      <trkpt lat="42.809071" lon="-0.458680">
        <ele>2113.017</ele>
        <time>2022-01-15T11:07:56Z</time>
      </trkpt>
      <trkpt lat="42.809056" lon="-0.458738">
        <ele>2114.608</ele>
        <time>2022-01-15T11:08:01Z</time>
      </trkpt>
      <trkpt lat="42.809034" lon="-0.458795">
        <ele>2115.851</ele>
        <time>2022-01-15T11:08:07Z</time>
      </trkpt>
      <trkpt lat="42.809029" lon="-0.458862">
        <ele>2120.694</ele>
        <time>2022-01-15T11:08:17Z</time>
      </trkpt>
      <trkpt lat="42.809029" lon="-0.458930">
        <ele>2120.520</ele>
        <time>2022-01-15T11:08:22Z</time>
      </trkpt>
      <trkpt lat="42.809029" lon="-0.458992">
        <ele>2120.512</ele>
        <time>2022-01-15T11:08:26Z</time>
      </trkpt>
      <trkpt lat="42.809014" lon="-0.459052">
        <ele>2117.713</ele>
        <time>2022-01-15T11:09:14Z</time>
      </trkpt>
      <trkpt lat="42.809007" lon="-0.459115">
        <ele>2116.457</ele>
        <time>2022-01-15T11:09:20Z</time>
      </trkpt>
      <trkpt lat="42.808995" lon="-0.459183">
        <ele>2114.235</ele>
        <time>2022-01-15T11:09:28Z</time>
      </trkpt>
      <trkpt lat="42.808995" lon="-0.459250">
        <ele>2113.790</ele>
        <time>2022-01-15T11:09:33Z</time>
      </trkpt>
      <trkpt lat="42.808975" lon="-0.459315">
        <ele>2114.616</ele>
        <time>2022-01-15T11:09:38Z</time>
      </trkpt>
      <trkpt lat="42.808973" lon="-0.459380">
        <ele>2115.876</ele>
        <time>2022-01-15T11:09:43Z</time>
      </trkpt>
      <trkpt lat="42.808980" lon="-0.459450">
        <ele>2116.413</ele>
        <time>2022-01-15T11:09:49Z</time>
      </trkpt>
      <trkpt lat="42.809010" lon="-0.459500">
        <ele>2116.908</ele>
        <time>2022-01-15T11:10:01Z</time>
      </trkpt>
      <trkpt lat="42.809000" lon="-0.459568">
        <ele>2119.480</ele>
        <time>2022-01-15T11:10:12Z</time>
      </trkpt>
      <trkpt lat="42.808987" lon="-0.459640">
        <ele>2120.713</ele>
        <time>2022-01-15T11:10:20Z</time>
      </trkpt>
      <trkpt lat="42.808984" lon="-0.459703">
        <ele>2121.999</ele>
        <time>2022-01-15T11:10:27Z</time>
      </trkpt>
      <trkpt lat="42.808977" lon="-0.459765">
        <ele>2122.721</ele>
        <time>2022-01-15T11:10:36Z</time>
      </trkpt>
      <trkpt lat="42.808955" lon="-0.459825">
        <ele>2123.152</ele>
        <time>2022-01-15T11:10:46Z</time>
      </trkpt>
      <trkpt lat="42.808947" lon="-0.459890">
        <ele>2130.126</ele>
        <time>2022-01-15T11:11:21Z</time>
      </trkpt>
      <trkpt lat="42.808975" lon="-0.459947">
        <ele>2129.394</ele>
        <time>2022-01-15T11:11:27Z</time>
      </trkpt>
      <trkpt lat="42.808978" lon="-0.460009">
        <ele>2128.499</ele>
        <time>2022-01-15T11:11:34Z</time>
      </trkpt>
      <trkpt lat="42.808978" lon="-0.460076">
        <ele>2129.487</ele>
        <time>2022-01-15T11:11:51Z</time>
      </trkpt>
      <trkpt lat="42.808968" lon="-0.460144">
        <ele>2130.142</ele>
        <time>2022-01-15T11:11:59Z</time>
      </trkpt>
      <trkpt lat="42.808958" lon="-0.460204">
        <ele>2129.126</ele>
        <time>2022-01-15T11:12:08Z</time>
      </trkpt>
      <trkpt lat="42.808961" lon="-0.460266">
        <ele>2128.708</ele>
        <time>2022-01-15T11:12:14Z</time>
      </trkpt>
      <trkpt lat="42.808976" lon="-0.460329">
        <ele>2129.127</ele>
        <time>2022-01-15T11:12:22Z</time>
      </trkpt>
      <trkpt lat="42.808966" lon="-0.460391">
        <ele>2129.070</ele>
        <time>2022-01-15T11:12:30Z</time>
      </trkpt>
      <trkpt lat="42.808939" lon="-0.460444">
        <ele>2130.316</ele>
        <time>2022-01-15T11:12:38Z</time>
      </trkpt>
      <trkpt lat="42.808914" lon="-0.460506">
        <ele>2131.918</ele>
        <time>2022-01-15T11:12:47Z</time>
      </trkpt>
      <trkpt lat="42.808877" lon="-0.460543">
        <ele>2134.869</ele>
        <time>2022-01-15T11:12:57Z</time>
      </trkpt>
      <trkpt lat="42.808830" lon="-0.460538">
        <ele>2141.643</ele>
        <time>2022-01-15T11:13:31Z</time>
      </trkpt>
      <trkpt lat="42.808815" lon="-0.460601">
        <ele>2138.911</ele>
        <time>2022-01-15T11:13:45Z</time>
      </trkpt>
      <trkpt lat="42.808797" lon="-0.460663">
        <ele>2139.046</ele>
        <time>2022-01-15T11:13:55Z</time>
      </trkpt>
      <trkpt lat="42.808779" lon="-0.460726">
        <ele>2138.621</ele>
        <time>2022-01-15T11:14:03Z</time>
      </trkpt>
      <trkpt lat="42.808752" lon="-0.460783">
        <ele>2138.941</ele>
        <time>2022-01-15T11:14:11Z</time>
      </trkpt>
      <trkpt lat="42.808729" lon="-0.460838">
        <ele>2139.405</ele>
        <time>2022-01-15T11:14:19Z</time>
      </trkpt>
      <trkpt lat="42.808709" lon="-0.460893">
        <ele>2140.708</ele>
        <time>2022-01-15T11:14:25Z</time>
      </trkpt>
      <trkpt lat="42.808691" lon="-0.460951">
        <ele>2141.631</ele>
        <time>2022-01-15T11:14:35Z</time>
      </trkpt>
      <trkpt lat="42.808679" lon="-0.461014">
        <ele>2142.114</ele>
        <time>2022-01-15T11:14:43Z</time>
      </trkpt>
      <trkpt lat="42.808662" lon="-0.461074">
        <ele>2142.670</ele>
        <time>2022-01-15T11:14:52Z</time>
      </trkpt>
      <trkpt lat="42.808614" lon="-0.461092">
        <ele>2144.112</ele>
        <time>2022-01-15T11:15:00Z</time>
      </trkpt>
      <trkpt lat="42.808567" lon="-0.461105">
        <ele>2147.993</ele>
        <time>2022-01-15T11:15:12Z</time>
      </trkpt>
      <trkpt lat="42.808532" lon="-0.461155">
        <ele>2149.337</ele>
        <time>2022-01-15T11:15:22Z</time>
      </trkpt>
      <trkpt lat="42.808504" lon="-0.461205">
        <ele>2153.495</ele>
        <time>2022-01-15T11:15:42Z</time>
      </trkpt>
      <trkpt lat="42.808461" lon="-0.461233">
        <ele>2155.210</ele>
        <time>2022-01-15T11:15:55Z</time>
      </trkpt>
      <trkpt lat="42.808419" lon="-0.461258">
        <ele>2156.787</ele>
        <time>2022-01-15T11:16:06Z</time>
      </trkpt>
      <trkpt lat="42.808379" lon="-0.461291">
        <ele>2158.442</ele>
        <time>2022-01-15T11:16:16Z</time>
      </trkpt>
      <trkpt lat="42.808332" lon="-0.461328">
        <ele>2159.426</ele>
        <time>2022-01-15T11:16:29Z</time>
      </trkpt>
      <trkpt lat="42.808309" lon="-0.461385">
        <ele>2160.908</ele>
        <time>2022-01-15T11:16:37Z</time>
      </trkpt>
      <trkpt lat="42.808289" lon="-0.461447">
        <ele>2162.347</ele>
        <time>2022-01-15T11:16:47Z</time>
      </trkpt>
      <trkpt lat="42.808242" lon="-0.461465">
        <ele>2164.210</ele>
        <time>2022-01-15T11:16:58Z</time>
      </trkpt>
      <trkpt lat="42.808195" lon="-0.461475">
        <ele>2165.346</ele>
        <time>2022-01-15T11:17:07Z</time>
      </trkpt>
      <trkpt lat="42.808150" lon="-0.461498">
        <ele>2166.018</ele>
        <time>2022-01-15T11:17:16Z</time>
      </trkpt>
      <trkpt lat="42.808122" lon="-0.461548">
        <ele>2168.139</ele>
        <time>2022-01-15T11:17:25Z</time>
      </trkpt>
      <trkpt lat="42.808082" lon="-0.461586">
        <ele>2170.743</ele>
        <time>2022-01-15T11:17:36Z</time>
      </trkpt>
      <trkpt lat="42.808052" lon="-0.461639">
        <ele>2172.811</ele>
        <time>2022-01-15T11:17:45Z</time>
      </trkpt>
      <trkpt lat="42.808007" lon="-0.461642">
        <ele>2175.856</ele>
        <time>2022-01-15T11:17:58Z</time>
      </trkpt>
      <trkpt lat="42.807964" lon="-0.461664">
        <ele>2177.364</ele>
        <time>2022-01-15T11:18:07Z</time>
      </trkpt>
      <trkpt lat="42.807917" lon="-0.461632">
        <ele>2174.806</ele>
        <time>2022-01-15T11:19:29Z</time>
      </trkpt>
      <trkpt lat="42.807927" lon="-0.461694">
        <ele>2174.316</ele>
        <time>2022-01-15T11:19:36Z</time>
      </trkpt>
      <trkpt lat="42.807909" lon="-0.461757">
        <ele>2173.908</ele>
        <time>2022-01-15T11:20:24Z</time>
      </trkpt>
      <trkpt lat="42.807889" lon="-0.461814">
        <ele>2177.055</ele>
        <time>2022-01-15T11:20:35Z</time>
      </trkpt>
      <trkpt lat="42.807867" lon="-0.461874">
        <ele>2179.098</ele>
        <time>2022-01-15T11:20:43Z</time>
      </trkpt>
      <trkpt lat="42.807845" lon="-0.461937">
        <ele>2180.624</ele>
        <time>2022-01-15T11:20:51Z</time>
      </trkpt>
      <trkpt lat="42.807808" lon="-0.461984">
        <ele>2183.486</ele>
        <time>2022-01-15T11:21:01Z</time>
      </trkpt>
      <trkpt lat="42.807788" lon="-0.462042">
        <ele>2184.987</ele>
        <time>2022-01-15T11:21:10Z</time>
      </trkpt>
      <trkpt lat="42.807773" lon="-0.462104">
        <ele>2186.911</ele>
        <time>2022-01-15T11:21:22Z</time>
      </trkpt>
      <trkpt lat="42.807748" lon="-0.462156">
        <ele>2188.479</ele>
        <time>2022-01-15T11:21:29Z</time>
      </trkpt>
      <trkpt lat="42.807710" lon="-0.462196">
        <ele>2191.284</ele>
        <time>2022-01-15T11:21:38Z</time>
      </trkpt>
      <trkpt lat="42.807705" lon="-0.462263">
        <ele>2193.452</ele>
        <time>2022-01-15T11:21:50Z</time>
      </trkpt>
      <trkpt lat="42.807678" lon="-0.462316">
        <ele>2193.453</ele>
        <time>2022-01-15T11:21:58Z</time>
      </trkpt>
      <trkpt lat="42.807671" lon="-0.462383">
        <ele>2191.708</ele>
        <time>2022-01-15T11:22:09Z</time>
      </trkpt>
      <trkpt lat="42.807674" lon="-0.462448">
        <ele>2193.708</ele>
        <time>2022-01-15T11:22:16Z</time>
      </trkpt>
      <trkpt lat="42.807669" lon="-0.462510">
        <ele>2196.244</ele>
        <time>2022-01-15T11:22:25Z</time>
      </trkpt>
      <trkpt lat="42.807677" lon="-0.462577">
        <ele>2197.767</ele>
        <time>2022-01-15T11:22:34Z</time>
      </trkpt>
      <trkpt lat="42.807672" lon="-0.462645">
        <ele>2197.423</ele>
        <time>2022-01-15T11:22:42Z</time>
      </trkpt>
      <trkpt lat="42.807670" lon="-0.462710">
        <ele>2196.995</ele>
        <time>2022-01-15T11:23:13Z</time>
      </trkpt>
      <trkpt lat="42.807648" lon="-0.462777">
        <ele>2197.866</ele>
        <time>2022-01-15T11:23:19Z</time>
      </trkpt>
      <trkpt lat="42.807648" lon="-0.462849">
        <ele>2198.410</ele>
        <time>2022-01-15T11:23:24Z</time>
      </trkpt>
      <trkpt lat="42.807631" lon="-0.462911">
        <ele>2200.328</ele>
        <time>2022-01-15T11:23:31Z</time>
      </trkpt>
      <trkpt lat="42.807618" lon="-0.462976">
        <ele>2200.393</ele>
        <time>2022-01-15T11:23:38Z</time>
      </trkpt>
      <trkpt lat="42.807633" lon="-0.463048">
        <ele>2199.623</ele>
        <time>2022-01-15T11:23:45Z</time>
      </trkpt>
      <trkpt lat="42.807670" lon="-0.463090">
        <ele>2198.883</ele>
        <time>2022-01-15T11:23:51Z</time>
      </trkpt>
      <trkpt lat="42.807715" lon="-0.463122">
        <ele>2197.911</ele>
        <time>2022-01-15T11:23:59Z</time>
      </trkpt>
      <trkpt lat="42.807742" lon="-0.463175">
        <ele>2197.308</ele>
        <time>2022-01-15T11:24:04Z</time>
      </trkpt>
      <trkpt lat="42.807772" lon="-0.463232">
        <ele>2197.411</ele>
        <time>2022-01-15T11:24:09Z</time>
      </trkpt>
      <trkpt lat="42.807807" lon="-0.463285">
        <ele>2197.684</ele>
        <time>2022-01-15T11:24:16Z</time>
      </trkpt>
      <trkpt lat="42.807837" lon="-0.463338">
        <ele>2198.530</ele>
        <time>2022-01-15T11:24:22Z</time>
      </trkpt>
      <trkpt lat="42.807880" lon="-0.463376">
        <ele>2198.392</ele>
        <time>2022-01-15T11:24:28Z</time>
      </trkpt>
      <trkpt lat="42.807920" lon="-0.463411">
        <ele>2198.493</ele>
        <time>2022-01-15T11:24:33Z</time>
      </trkpt>
      <trkpt lat="42.807960" lon="-0.463453">
        <ele>2197.717</ele>
        <time>2022-01-15T11:24:40Z</time>
      </trkpt>
      <trkpt lat="42.808005" lon="-0.463475">
        <ele>2197.285</ele>
        <time>2022-01-15T11:24:45Z</time>
      </trkpt>
      <trkpt lat="42.808045" lon="-0.463503">
        <ele>2198.030</ele>
        <time>2022-01-15T11:24:50Z</time>
      </trkpt>
      <trkpt lat="42.808088" lon="-0.463520">
        <ele>2197.769</ele>
        <time>2022-01-15T11:24:56Z</time>
      </trkpt>
      <trkpt lat="42.808140" lon="-0.463542">
        <ele>2198.904</ele>
        <time>2022-01-15T11:25:03Z</time>
      </trkpt>
      <trkpt lat="42.808183" lon="-0.463560">
        <ele>2199.424</ele>
        <time>2022-01-15T11:25:09Z</time>
      </trkpt>
      <trkpt lat="42.808231" lon="-0.463567">
        <ele>2200.608</ele>
        <time>2022-01-15T11:25:16Z</time>
      </trkpt>
      <trkpt lat="42.808278" lon="-0.463585">
        <ele>2202.955</ele>
        <time>2022-01-15T11:25:23Z</time>
      </trkpt>
      <trkpt lat="42.808321" lon="-0.463603">
        <ele>2205.578</ele>
        <time>2022-01-15T11:25:31Z</time>
      </trkpt>
      <trkpt lat="42.808361" lon="-0.463641">
        <ele>2207.584</ele>
        <time>2022-01-15T11:25:38Z</time>
      </trkpt>
      <trkpt lat="42.808404" lon="-0.463671">
        <ele>2208.476</ele>
        <time>2022-01-15T11:25:45Z</time>
      </trkpt>
      <trkpt lat="42.808451" lon="-0.463698">
        <ele>2209.497</ele>
        <time>2022-01-15T11:25:51Z</time>
      </trkpt>
      <trkpt lat="42.808503" lon="-0.463730">
        <ele>2209.291</ele>
        <time>2022-01-15T11:25:57Z</time>
      </trkpt>
      <trkpt lat="42.808545" lon="-0.463763">
        <ele>2209.949</ele>
        <time>2022-01-15T11:26:02Z</time>
      </trkpt>
      <trkpt lat="42.808580" lon="-0.463805">
        <ele>2210.724</ele>
        <time>2022-01-15T11:26:06Z</time>
      </trkpt>
      <trkpt lat="42.808617" lon="-0.463853">
        <ele>2211.842</ele>
        <time>2022-01-15T11:26:12Z</time>
      </trkpt>
      <trkpt lat="42.808659" lon="-0.463878">
        <ele>2212.322</ele>
        <time>2022-01-15T11:26:21Z</time>
      </trkpt>
      <trkpt lat="42.808699" lon="-0.463915">
        <ele>2213.214</ele>
        <time>2022-01-15T11:26:28Z</time>
      </trkpt>
      <trkpt lat="42.808744" lon="-0.463950">
        <ele>2213.608</ele>
        <time>2022-01-15T11:26:33Z</time>
      </trkpt>
      <trkpt lat="42.808789" lon="-0.463958">
        <ele>2214.123</ele>
        <time>2022-01-15T11:26:40Z</time>
      </trkpt>
      <trkpt lat="42.808837" lon="-0.463976">
        <ele>2214.636</ele>
        <time>2022-01-15T11:26:47Z</time>
      </trkpt>
      <trkpt lat="42.808879" lon="-0.464003">
        <ele>2216.592</ele>
        <time>2022-01-15T11:26:53Z</time>
      </trkpt>
      <trkpt lat="42.808909" lon="-0.464060">
        <ele>2217.624</ele>
        <time>2022-01-15T11:27:39Z</time>
      </trkpt>
      <trkpt lat="42.808949" lon="-0.464102">
        <ele>2220.065</ele>
        <time>2022-01-15T11:27:47Z</time>
      </trkpt>
      <trkpt lat="42.808994" lon="-0.464122">
        <ele>2222.229</ele>
        <time>2022-01-15T11:27:57Z</time>
      </trkpt>
      <trkpt lat="42.809014" lon="-0.464184">
        <ele>2225.657</ele>
        <time>2022-01-15T11:28:07Z</time>
      </trkpt>
      <trkpt lat="42.809016" lon="-0.464247">
        <ele>2226.082</ele>
        <time>2022-01-15T11:28:16Z</time>
      </trkpt>
      <trkpt lat="42.809058" lon="-0.464270">
        <ele>2225.615</ele>
        <time>2022-01-15T11:28:25Z</time>
      </trkpt>
      <trkpt lat="42.809086" lon="-0.464318">
        <ele>2228.465</ele>
        <time>2022-01-15T11:28:40Z</time>
      </trkpt>
      <trkpt lat="42.809134" lon="-0.464310">
        <ele>2232.511</ele>
        <time>2022-01-15T11:29:03Z</time>
      </trkpt>
      <trkpt lat="42.809181" lon="-0.464318">
        <ele>2234.308</ele>
        <time>2022-01-15T11:29:13Z</time>
      </trkpt>
      <trkpt lat="42.809229" lon="-0.464325">
        <ele>2235.530</ele>
        <time>2022-01-15T11:29:25Z</time>
      </trkpt>
      <trkpt lat="42.809279" lon="-0.464310">
        <ele>2240.463</ele>
        <time>2022-01-15T11:29:39Z</time>
      </trkpt>
      <trkpt lat="42.809337" lon="-0.464317">
        <ele>2243.749</ele>
        <time>2022-01-15T11:30:09Z</time>
      </trkpt>
      <trkpt lat="42.809370" lon="-0.464359">
        <ele>2243.721</ele>
        <time>2022-01-15T11:30:17Z</time>
      </trkpt>
      <trkpt lat="42.809410" lon="-0.464401">
        <ele>2245.452</ele>
        <time>2022-01-15T11:30:46Z</time>
      </trkpt>
      <trkpt lat="42.809423" lon="-0.464464">
        <ele>2247.116</ele>
        <time>2022-01-15T11:30:53Z</time>
      </trkpt>
      <trkpt lat="42.809421" lon="-0.464531">
        <ele>2248.264</ele>
        <time>2022-01-15T11:30:58Z</time>
      </trkpt>
      <trkpt lat="42.809408" lon="-0.464593">
        <ele>2249.829</ele>
        <time>2022-01-15T11:31:06Z</time>
      </trkpt>
      <trkpt lat="42.809420" lon="-0.464656">
        <ele>2250.982</ele>
        <time>2022-01-15T11:31:15Z</time>
      </trkpt>
      <trkpt lat="42.809450" lon="-0.464711">
        <ele>2253.043</ele>
        <time>2022-01-15T11:31:24Z</time>
      </trkpt>
      <trkpt lat="42.809483" lon="-0.464758">
        <ele>2252.917</ele>
        <time>2022-01-15T11:31:38Z</time>
      </trkpt>
      <trkpt lat="42.809481" lon="-0.464820">
        <ele>2253.308</ele>
        <time>2022-01-15T11:31:47Z</time>
      </trkpt>
      <trkpt lat="42.809493" lon="-0.464885">
        <ele>2254.477</ele>
        <time>2022-01-15T11:32:57Z</time>
      </trkpt>
      <trkpt lat="42.809476" lon="-0.464948">
        <ele>2255.090</ele>
        <time>2022-01-15T11:33:06Z</time>
      </trkpt>
      <trkpt lat="42.809463" lon="-0.465010">
        <ele>2255.086</ele>
        <time>2022-01-15T11:33:11Z</time>
      </trkpt>
      <trkpt lat="42.809448" lon="-0.465083">
        <ele>2254.788</ele>
        <time>2022-01-15T11:33:17Z</time>
      </trkpt>
      <trkpt lat="42.809436" lon="-0.465151">
        <ele>2254.299</ele>
        <time>2022-01-15T11:33:23Z</time>
      </trkpt>
      <trkpt lat="42.809404" lon="-0.465203">
        <ele>2255.933</ele>
        <time>2022-01-15T11:33:30Z</time>
      </trkpt>
      <trkpt lat="42.809391" lon="-0.465263">
        <ele>2258.211</ele>
        <time>2022-01-15T11:35:06Z</time>
      </trkpt>
      <trkpt lat="42.809434" lon="-0.465241">
        <ele>2258.816</ele>
        <time>2022-01-15T11:35:36Z</time>
      </trkpt>
      <trkpt lat="42.809391" lon="-0.465276">
        <ele>2256.879</ele>
        <time>2022-01-15T11:36:01Z</time>
      </trkpt>
      <trkpt lat="42.809349" lon="-0.465316">
        <ele>2258.805</ele>
        <time>2022-01-15T11:36:11Z</time>
      </trkpt>
      <trkpt lat="42.809321" lon="-0.465376">
        <ele>2260.025</ele>
        <time>2022-01-15T11:36:18Z</time>
      </trkpt>
      <trkpt lat="42.809294" lon="-0.465426">
        <ele>2260.608</ele>
        <time>2022-01-15T11:36:24Z</time>
      </trkpt>
      <trkpt lat="42.809259" lon="-0.465473">
        <ele>2261.186</ele>
        <time>2022-01-15T11:36:29Z</time>
      </trkpt>
      <trkpt lat="42.809241" lon="-0.465536">
        <ele>2261.599</ele>
        <time>2022-01-15T11:36:36Z</time>
      </trkpt>
      <trkpt lat="42.809239" lon="-0.465599">
        <ele>2263.375</ele>
        <time>2022-01-15T11:36:43Z</time>
      </trkpt>
      <trkpt lat="42.809209" lon="-0.465654">
        <ele>2264.597</ele>
        <time>2022-01-15T11:36:50Z</time>
      </trkpt>
      <trkpt lat="42.809179" lon="-0.465706">
        <ele>2266.258</ele>
        <time>2022-01-15T11:36:57Z</time>
      </trkpt>
      <trkpt lat="42.809144" lon="-0.465751">
        <ele>2268.412</ele>
        <time>2022-01-15T11:37:05Z</time>
      </trkpt>
      <trkpt lat="42.809107" lon="-0.465791">
        <ele>2269.180</ele>
        <time>2022-01-15T11:37:13Z</time>
      </trkpt>
      <trkpt lat="42.809064" lon="-0.465809">
        <ele>2269.255</ele>
        <time>2022-01-15T11:37:21Z</time>
      </trkpt>
      <trkpt lat="42.809022" lon="-0.465844">
        <ele>2270.733</ele>
        <time>2022-01-15T11:37:30Z</time>
      </trkpt>
      <trkpt lat="42.808969" lon="-0.465887">
        <ele>2272.423</ele>
        <time>2022-01-15T11:37:49Z</time>
      </trkpt>
      <trkpt lat="42.808932" lon="-0.465932">
        <ele>2272.915</ele>
        <time>2022-01-15T11:37:57Z</time>
      </trkpt>
      <trkpt lat="42.808890" lon="-0.465965">
        <ele>2274.408</ele>
        <time>2022-01-15T11:38:06Z</time>
      </trkpt>
      <trkpt lat="42.808857" lon="-0.466010">
        <ele>2274.972</ele>
        <time>2022-01-15T11:38:14Z</time>
      </trkpt>
      <trkpt lat="42.808812" lon="-0.466035">
        <ele>2275.565</ele>
        <time>2022-01-15T11:38:20Z</time>
      </trkpt>
      <trkpt lat="42.808784" lon="-0.466083">
        <ele>2276.091</ele>
        <time>2022-01-15T11:38:27Z</time>
      </trkpt>
      <trkpt lat="42.808757" lon="-0.466141">
        <ele>2277.073</ele>
        <time>2022-01-15T11:38:35Z</time>
      </trkpt>
      <trkpt lat="42.808714" lon="-0.466179">
        <ele>2280.284</ele>
        <time>2022-01-15T11:38:49Z</time>
      </trkpt>
      <trkpt lat="42.808686" lon="-0.466227">
        <ele>2280.518</ele>
        <time>2022-01-15T11:38:57Z</time>
      </trkpt>
      <trkpt lat="42.808671" lon="-0.466285">
        <ele>2281.626</ele>
        <time>2022-01-15T11:39:05Z</time>
      </trkpt>
      <trkpt lat="42.808674" lon="-0.466353">
        <ele>2281.731</ele>
        <time>2022-01-15T11:39:13Z</time>
      </trkpt>
      <trkpt lat="42.808651" lon="-0.466410">
        <ele>2282.928</ele>
        <time>2022-01-15T11:39:20Z</time>
      </trkpt>
      <trkpt lat="42.808643" lon="-0.466477">
        <ele>2284.789</ele>
        <time>2022-01-15T11:39:29Z</time>
      </trkpt>
      <trkpt lat="42.808606" lon="-0.466542">
        <ele>2286.417</ele>
        <time>2022-01-15T11:39:39Z</time>
      </trkpt>
      <trkpt lat="42.808579" lon="-0.466597">
        <ele>2288.208</ele>
        <time>2022-01-15T11:39:48Z</time>
      </trkpt>
      <trkpt lat="42.808519" lon="-0.466645">
        <ele>2294.371</ele>
        <time>2022-01-15T11:40:47Z</time>
      </trkpt>
      <trkpt lat="42.808484" lon="-0.466685">
        <ele>2294.754</ele>
        <time>2022-01-15T11:40:56Z</time>
      </trkpt>
      <trkpt lat="42.808439" lon="-0.466680">
        <ele>2294.170</ele>
        <time>2022-01-15T11:41:04Z</time>
      </trkpt>
      <trkpt lat="42.808399" lon="-0.466708">
        <ele>2294.952</ele>
        <time>2022-01-15T11:41:13Z</time>
      </trkpt>
      <trkpt lat="42.808352" lon="-0.466716">
        <ele>2296.013</ele>
        <time>2022-01-15T11:41:21Z</time>
      </trkpt>
      <trkpt lat="42.808304" lon="-0.466706">
        <ele>2297.387</ele>
        <time>2022-01-15T11:41:30Z</time>
      </trkpt>
      <trkpt lat="42.808261" lon="-0.466724">
        <ele>2298.575</ele>
        <time>2022-01-15T11:41:40Z</time>
      </trkpt>
      <trkpt lat="42.808219" lon="-0.466747">
        <ele>2303.480</ele>
        <time>2022-01-15T11:42:28Z</time>
      </trkpt>
      <trkpt lat="42.808169" lon="-0.466729">
        <ele>2304.816</ele>
        <time>2022-01-15T11:42:37Z</time>
      </trkpt>
      <trkpt lat="42.808126" lon="-0.466707">
        <ele>2305.876</ele>
        <time>2022-01-15T11:42:46Z</time>
      </trkpt>
      <trkpt lat="42.808081" lon="-0.466729">
        <ele>2303.913</ele>
        <time>2022-01-15T11:42:58Z</time>
      </trkpt>
      <trkpt lat="42.808034" lon="-0.466759">
        <ele>2302.608</ele>
        <time>2022-01-15T11:43:07Z</time>
      </trkpt>
      <trkpt lat="42.807989" lon="-0.466766">
        <ele>2302.080</ele>
        <time>2022-01-15T11:43:17Z</time>
      </trkpt>
      <trkpt lat="42.807944" lon="-0.466768">
        <ele>2304.783</ele>
        <time>2022-01-15T11:43:30Z</time>
      </trkpt>
      <trkpt lat="42.807894" lon="-0.466763">
        <ele>2308.419</ele>
        <time>2022-01-15T11:43:47Z</time>
      </trkpt>
      <trkpt lat="42.807849" lon="-0.466770">
        <ele>2311.811</ele>
        <time>2022-01-15T11:43:56Z</time>
      </trkpt>
      <trkpt lat="42.807804" lon="-0.466778">
        <ele>2313.532</ele>
        <time>2022-01-15T11:44:05Z</time>
      </trkpt>
      <trkpt lat="42.807759" lon="-0.466776">
        <ele>2315.626</ele>
        <time>2022-01-15T11:44:16Z</time>
      </trkpt>
      <trkpt lat="42.807711" lon="-0.466744">
        <ele>2316.784</ele>
        <time>2022-01-15T11:44:25Z</time>
      </trkpt>
      <trkpt lat="42.807666" lon="-0.466722">
        <ele>2316.999</ele>
        <time>2022-01-15T11:44:45Z</time>
      </trkpt>
      <trkpt lat="42.807626" lon="-0.466689">
        <ele>2319.553</ele>
        <time>2022-01-15T11:44:55Z</time>
      </trkpt>
      <trkpt lat="42.807593" lon="-0.466647">
        <ele>2321.604</ele>
        <time>2022-01-15T11:45:05Z</time>
      </trkpt>
      <trkpt lat="42.807560" lon="-0.466597">
        <ele>2321.314</ele>
        <time>2022-01-15T11:45:13Z</time>
      </trkpt>
      <trkpt lat="42.807525" lon="-0.466549">
        <ele>2321.408</ele>
        <time>2022-01-15T11:45:32Z</time>
      </trkpt>
      <trkpt lat="42.807493" lon="-0.466502">
        <ele>2321.864</ele>
        <time>2022-01-15T11:45:39Z</time>
      </trkpt>
      <trkpt lat="42.807473" lon="-0.466445">
        <ele>2322.487</ele>
        <time>2022-01-15T11:45:46Z</time>
      </trkpt>
      <trkpt lat="42.807456" lon="-0.466387">
        <ele>2324.463</ele>
        <time>2022-01-15T11:45:55Z</time>
      </trkpt>
      <trkpt lat="42.807431" lon="-0.466332">
        <ele>2325.715</ele>
        <time>2022-01-15T11:46:02Z</time>
      </trkpt>
      <trkpt lat="42.807411" lon="-0.466272">
        <ele>2327.276</ele>
        <time>2022-01-15T11:46:10Z</time>
      </trkpt>
      <trkpt lat="42.807398" lon="-0.466204">
        <ele>2329.220</ele>
        <time>2022-01-15T11:46:20Z</time>
      </trkpt>
      <trkpt lat="42.807375" lon="-0.466142">
        <ele>2331.348</ele>
        <time>2022-01-15T11:46:30Z</time>
      </trkpt>
      <trkpt lat="42.807335" lon="-0.466089">
        <ele>2330.783</ele>
        <time>2022-01-15T11:46:57Z</time>
      </trkpt>
      <trkpt lat="42.807277" lon="-0.466067">
        <ele>2331.863</ele>
        <time>2022-01-15T11:47:11Z</time>
      </trkpt>
      <trkpt lat="42.807232" lon="-0.466044">
        <ele>2333.544</ele>
        <time>2022-01-15T11:47:19Z</time>
      </trkpt>
      <trkpt lat="42.807190" lon="-0.466074">
        <ele>2335.318</ele>
        <time>2022-01-15T11:47:32Z</time>
      </trkpt>
      <trkpt lat="42.807143" lon="-0.466096">
        <ele>2335.908</ele>
        <time>2022-01-15T11:47:42Z</time>
      </trkpt>
      <trkpt lat="42.807095" lon="-0.466103">
        <ele>2336.995</ele>
        <time>2022-01-15T11:47:52Z</time>
      </trkpt>
      <trkpt lat="42.807048" lon="-0.466108">
        <ele>2339.038</ele>
        <time>2022-01-15T11:48:15Z</time>
      </trkpt>
      <trkpt lat="42.807003" lon="-0.466128">
        <ele>2340.954</ele>
        <time>2022-01-15T11:48:26Z</time>
      </trkpt>
      <trkpt lat="42.806958" lon="-0.466135">
        <ele>2341.686</ele>
        <time>2022-01-15T11:48:36Z</time>
      </trkpt>
      <trkpt lat="42.806911" lon="-0.466140">
        <ele>2343.347</ele>
        <time>2022-01-15T11:48:46Z</time>
      </trkpt>
      <trkpt lat="42.806866" lon="-0.466147">
        <ele>2345.071</ele>
        <time>2022-01-15T11:49:05Z</time>
      </trkpt>
      <trkpt lat="42.806819" lon="-0.466154">
        <ele>2346.379</ele>
        <time>2022-01-15T11:49:14Z</time>
      </trkpt>
      <trkpt lat="42.806771" lon="-0.466162">
        <ele>2347.354</ele>
        <time>2022-01-15T11:49:23Z</time>
      </trkpt>
      <trkpt lat="42.806723" lon="-0.466140">
        <ele>2348.728</ele>
        <time>2022-01-15T11:49:31Z</time>
      </trkpt>
      <trkpt lat="42.806675" lon="-0.466133">
        <ele>2349.589</ele>
        <time>2022-01-15T11:49:38Z</time>
      </trkpt>
      <trkpt lat="42.806632" lon="-0.466103">
        <ele>2353.717</ele>
        <time>2022-01-15T11:50:02Z</time>
      </trkpt>
      <trkpt lat="42.806592" lon="-0.466055">
        <ele>2353.608</ele>
        <time>2022-01-15T11:50:10Z</time>
      </trkpt>
      <trkpt lat="42.806557" lon="-0.466010">
        <ele>2354.751</ele>
        <time>2022-01-15T11:52:53Z</time>
      </trkpt>
      <trkpt lat="42.806604" lon="-0.466030">
        <ele>2354.264</ele>
        <time>2022-01-15T11:58:46Z</time>
      </trkpt>
      <trkpt lat="42.806642" lon="-0.466067">
        <ele>2352.690</ele>
        <time>2022-01-15T11:58:52Z</time>
      </trkpt>
      <trkpt lat="42.806695" lon="-0.466067">
        <ele>2352.522</ele>
        <time>2022-01-15T11:59:05Z</time>
      </trkpt>
      <trkpt lat="42.806740" lon="-0.466075">
        <ele>2351.623</ele>
        <time>2022-01-15T11:59:12Z</time>
      </trkpt>
      <trkpt lat="42.806790" lon="-0.466088">
        <ele>2349.747</ele>
        <time>2022-01-15T11:59:22Z</time>
      </trkpt>
      <trkpt lat="42.806837" lon="-0.466078">
        <ele>2348.225</ele>
        <time>2022-01-15T11:59:29Z</time>
      </trkpt>
      <trkpt lat="42.806882" lon="-0.466086">
        <ele>2347.410</ele>
        <time>2022-01-15T11:59:35Z</time>
      </trkpt>
      <trkpt lat="42.806927" lon="-0.466103">
        <ele>2346.697</ele>
        <time>2022-01-15T11:59:46Z</time>
      </trkpt>
      <trkpt lat="42.806972" lon="-0.466076">
        <ele>2345.123</ele>
        <time>2022-01-15T11:59:54Z</time>
      </trkpt>
      <trkpt lat="42.807020" lon="-0.466069">
        <ele>2342.325</ele>
        <time>2022-01-15T12:00:03Z</time>
      </trkpt>
      <trkpt lat="42.807072" lon="-0.466064">
        <ele>2339.808</ele>
        <time>2022-01-15T12:00:09Z</time>
      </trkpt>
      <trkpt lat="42.807110" lon="-0.466102">
        <ele>2338.578</ele>
        <time>2022-01-15T12:00:27Z</time>
      </trkpt>
      <trkpt lat="42.807155" lon="-0.466085">
        <ele>2338.481</ele>
        <time>2022-01-15T12:00:34Z</time>
      </trkpt>
      <trkpt lat="42.807188" lon="-0.466042">
        <ele>2336.717</ele>
        <time>2022-01-15T12:00:50Z</time>
      </trkpt>
      <trkpt lat="42.807243" lon="-0.466040">
        <ele>2335.279</ele>
        <time>2022-01-15T12:01:06Z</time>
      </trkpt>
      <trkpt lat="42.807291" lon="-0.466027">
        <ele>2334.890</ele>
        <time>2022-01-15T12:01:14Z</time>
      </trkpt>
      <trkpt lat="42.807336" lon="-0.466029">
        <ele>2333.484</ele>
        <time>2022-01-15T12:01:21Z</time>
      </trkpt>
      <trkpt lat="42.807383" lon="-0.466037">
        <ele>2331.322</ele>
        <time>2022-01-15T12:01:28Z</time>
      </trkpt>
      <trkpt lat="42.807428" lon="-0.466057">
        <ele>2329.867</ele>
        <time>2022-01-15T12:01:36Z</time>
      </trkpt>
      <trkpt lat="42.807471" lon="-0.466077">
        <ele>2328.117</ele>
        <time>2022-01-15T12:01:42Z</time>
      </trkpt>
      <trkpt lat="42.807509" lon="-0.466117">
        <ele>2324.187</ele>
        <time>2022-01-15T12:01:50Z</time>
      </trkpt>
      <trkpt lat="42.807549" lon="-0.466145">
        <ele>2322.215</ele>
        <time>2022-01-15T12:01:56Z</time>
      </trkpt>
      <trkpt lat="42.807581" lon="-0.466193">
        <ele>2322.408</ele>
        <time>2022-01-15T12:02:10Z</time>
      </trkpt>
      <trkpt lat="42.807619" lon="-0.466230">
        <ele>2320.270</ele>
        <time>2022-01-15T12:02:24Z</time>
      </trkpt>
      <trkpt lat="42.807661" lon="-0.466253">
        <ele>2317.613</ele>
        <time>2022-01-15T12:02:32Z</time>
      </trkpt>
      <trkpt lat="42.807699" lon="-0.466288">
        <ele>2315.289</ele>
        <time>2022-01-15T12:02:39Z</time>
      </trkpt>
      <trkpt lat="42.807739" lon="-0.466320">
        <ele>2313.261</ele>
        <time>2022-01-15T12:02:48Z</time>
      </trkpt>
      <trkpt lat="42.807777" lon="-0.466365">
        <ele>2312.892</ele>
        <time>2022-01-15T12:03:04Z</time>
      </trkpt>
      <trkpt lat="42.807817" lon="-0.466405">
        <ele>2312.826</ele>
        <time>2022-01-15T12:03:09Z</time>
      </trkpt>
      <trkpt lat="42.807859" lon="-0.466440">
        <ele>2311.314</ele>
        <time>2022-01-15T12:03:21Z</time>
      </trkpt>
      <trkpt lat="42.807906" lon="-0.466448">
        <ele>2310.889</ele>
        <time>2022-01-15T12:03:27Z</time>
      </trkpt>
      <trkpt lat="42.807953" lon="-0.466441">
        <ele>2309.558</ele>
        <time>2022-01-15T12:03:34Z</time>
      </trkpt>
      <trkpt lat="42.807998" lon="-0.466451">
        <ele>2308.152</ele>
        <time>2022-01-15T12:03:42Z</time>
      </trkpt>
      <trkpt lat="42.808038" lon="-0.466489">
        <ele>2306.817</ele>
        <time>2022-01-15T12:03:50Z</time>
      </trkpt>
      <trkpt lat="42.808080" lon="-0.466517">
        <ele>2305.208</ele>
        <time>2022-01-15T12:03:58Z</time>
      </trkpt>
      <trkpt lat="42.808113" lon="-0.466560">
        <ele>2303.534</ele>
        <time>2022-01-15T12:04:06Z</time>
      </trkpt>
      <trkpt lat="42.808158" lon="-0.466548">
        <ele>2301.867</ele>
        <time>2022-01-15T12:04:13Z</time>
      </trkpt>
      <trkpt lat="42.808205" lon="-0.466560">
        <ele>2301.223</ele>
        <time>2022-01-15T12:04:20Z</time>
      </trkpt>
      <trkpt lat="42.808253" lon="-0.466582">
        <ele>2299.715</ele>
        <time>2022-01-15T12:04:28Z</time>
      </trkpt>
      <trkpt lat="42.808291" lon="-0.466615">
        <ele>2299.136</ele>
        <time>2022-01-15T12:04:36Z</time>
      </trkpt>
      <trkpt lat="42.808339" lon="-0.466613">
        <ele>2298.710</ele>
        <time>2022-01-15T12:04:52Z</time>
      </trkpt>
      <trkpt lat="42.808402" lon="-0.466630">
        <ele>2296.628</ele>
        <time>2022-01-15T12:05:12Z</time>
      </trkpt>
      <trkpt lat="42.808450" lon="-0.466628">
        <ele>2294.393</ele>
        <time>2022-01-15T12:05:37Z</time>
      </trkpt>
      <trkpt lat="42.808498" lon="-0.466635">
        <ele>2293.383</ele>
        <time>2022-01-15T12:05:47Z</time>
      </trkpt>
      <trkpt lat="42.808543" lon="-0.466615">
        <ele>2293.225</ele>
        <time>2022-01-15T12:05:53Z</time>
      </trkpt>
      <trkpt lat="42.808586" lon="-0.466582">
        <ele>2291.617</ele>
        <time>2022-01-15T12:06:03Z</time>
      </trkpt>
      <trkpt lat="42.808621" lon="-0.466540">
        <ele>2290.708</ele>
        <time>2022-01-15T12:06:10Z</time>
      </trkpt>
      <trkpt lat="42.808644" lon="-0.466487">
        <ele>2289.287</ele>
        <time>2022-01-15T12:06:16Z</time>
      </trkpt>
      <trkpt lat="42.808654" lon="-0.466425">
        <ele>2287.450</ele>
        <time>2022-01-15T12:06:23Z</time>
      </trkpt>
      <trkpt lat="42.808676" lon="-0.466362">
        <ele>2285.086</ele>
        <time>2022-01-15T12:06:31Z</time>
      </trkpt>
      <trkpt lat="42.808686" lon="-0.466292">
        <ele>2283.888</ele>
        <time>2022-01-15T12:06:37Z</time>
      </trkpt>
      <trkpt lat="42.808691" lon="-0.466225">
        <ele>2283.969</ele>
        <time>2022-01-15T12:06:43Z</time>
      </trkpt>
      <trkpt lat="42.808714" lon="-0.466162">
        <ele>2284.343</ele>
        <time>2022-01-15T12:06:48Z</time>
      </trkpt>
      <trkpt lat="42.808747" lon="-0.466109">
        <ele>2284.471</ele>
        <time>2022-01-15T12:06:53Z</time>
      </trkpt>
      <trkpt lat="42.808782" lon="-0.466061">
        <ele>2282.786</ele>
        <time>2022-01-15T12:06:58Z</time>
      </trkpt>
      <trkpt lat="42.808820" lon="-0.466014">
        <ele>2282.541</ele>
        <time>2022-01-15T12:07:04Z</time>
      </trkpt>
      <trkpt lat="42.808853" lon="-0.465962">
        <ele>2281.481</ele>
        <time>2022-01-15T12:07:09Z</time>
      </trkpt>
      <trkpt lat="42.808885" lon="-0.465917">
        <ele>2279.209</ele>
        <time>2022-01-15T12:07:16Z</time>
      </trkpt>
      <trkpt lat="42.808923" lon="-0.465874">
        <ele>2277.808</ele>
        <time>2022-01-15T12:07:21Z</time>
      </trkpt>
      <trkpt lat="42.808956" lon="-0.465831">
        <ele>2276.723</ele>
        <time>2022-01-15T12:07:25Z</time>
      </trkpt>
      <trkpt lat="42.809003" lon="-0.465804">
        <ele>2276.146</ele>
        <time>2022-01-15T12:07:30Z</time>
      </trkpt>
      <trkpt lat="42.809050" lon="-0.465777">
        <ele>2272.632</ele>
        <time>2022-01-15T12:07:38Z</time>
      </trkpt>
      <trkpt lat="42.809095" lon="-0.465754">
        <ele>2269.424</ele>
        <time>2022-01-15T12:07:45Z</time>
      </trkpt>
      <trkpt lat="42.809142" lon="-0.465719">
        <ele>2267.385</ele>
        <time>2022-01-15T12:07:53Z</time>
      </trkpt>
      <trkpt lat="42.809180" lon="-0.465674">
        <ele>2266.329</ele>
        <time>2022-01-15T12:07:59Z</time>
      </trkpt>
      <trkpt lat="42.809203" lon="-0.465609">
        <ele>2263.167</ele>
        <time>2022-01-15T12:08:07Z</time>
      </trkpt>
      <trkpt lat="42.809230" lon="-0.465559">
        <ele>2262.322</ele>
        <time>2022-01-15T12:08:12Z</time>
      </trkpt>
      <trkpt lat="42.809252" lon="-0.465499">
        <ele>2262.573</ele>
        <time>2022-01-15T12:08:18Z</time>
      </trkpt>
      <trkpt lat="42.809272" lon="-0.465436">
        <ele>2262.585</ele>
        <time>2022-01-15T12:08:24Z</time>
      </trkpt>
      <trkpt lat="42.809294" lon="-0.465378">
        <ele>2262.113</ele>
        <time>2022-01-15T12:08:29Z</time>
      </trkpt>
      <trkpt lat="42.809326" lon="-0.465318">
        <ele>2261.808</ele>
        <time>2022-01-15T12:08:34Z</time>
      </trkpt>
      <trkpt lat="42.809351" lon="-0.465263">
        <ele>2261.126</ele>
        <time>2022-01-15T12:08:39Z</time>
      </trkpt>
      <trkpt lat="42.809373" lon="-0.465206">
        <ele>2260.629</ele>
        <time>2022-01-15T12:08:44Z</time>
      </trkpt>
      <trkpt lat="42.809378" lon="-0.465143">
        <ele>2259.915</ele>
        <time>2022-01-15T12:08:49Z</time>
      </trkpt>
      <trkpt lat="42.809383" lon="-0.465081">
        <ele>2258.527</ele>
        <time>2022-01-15T12:08:54Z</time>
      </trkpt>
      <trkpt lat="42.809398" lon="-0.465018">
        <ele>2257.938</ele>
        <time>2022-01-15T12:09:00Z</time>
      </trkpt>
      <trkpt lat="42.809416" lon="-0.464960">
        <ele>2258.222</ele>
        <time>2022-01-15T12:09:03Z</time>
      </trkpt>
      <trkpt lat="42.809428" lon="-0.464900">
        <ele>2258.660</ele>
        <time>2022-01-15T12:09:09Z</time>
      </trkpt>
      <trkpt lat="42.809446" lon="-0.464840">
        <ele>2259.165</ele>
        <time>2022-01-15T12:09:16Z</time>
      </trkpt>
      <trkpt lat="42.809453" lon="-0.464778">
        <ele>2258.638</ele>
        <time>2022-01-15T12:09:22Z</time>
      </trkpt>
      <trkpt lat="42.809460" lon="-0.464711">
        <ele>2258.970</ele>
        <time>2022-01-15T12:09:29Z</time>
      </trkpt>
      <trkpt lat="42.809425" lon="-0.464654">
        <ele>2257.317</ele>
        <time>2022-01-15T12:09:35Z</time>
      </trkpt>
      <trkpt lat="42.809408" lon="-0.464594">
        <ele>2255.208</ele>
        <time>2022-01-15T12:09:41Z</time>
      </trkpt>
      <trkpt lat="42.809410" lon="-0.464527">
        <ele>2253.362</ele>
        <time>2022-01-15T12:09:47Z</time>
      </trkpt>
      <trkpt lat="42.809403" lon="-0.464460">
        <ele>2251.735</ele>
        <time>2022-01-15T12:09:54Z</time>
      </trkpt>
      <trkpt lat="42.809388" lon="-0.464395">
        <ele>2249.281</ele>
        <time>2022-01-15T12:10:01Z</time>
      </trkpt>
      <trkpt lat="42.809361" lon="-0.464342">
        <ele>2246.793</ele>
        <time>2022-01-15T12:10:11Z</time>
      </trkpt>
      <trkpt lat="42.809318" lon="-0.464325">
        <ele>2245.374</ele>
        <time>2022-01-15T12:10:19Z</time>
      </trkpt>
      <trkpt lat="42.809270" lon="-0.464350">
        <ele>2242.988</ele>
        <time>2022-01-15T12:10:34Z</time>
      </trkpt>
      <trkpt lat="42.809227" lon="-0.464393">
        <ele>2242.556</ele>
        <time>2022-01-15T12:10:39Z</time>
      </trkpt>
      <trkpt lat="42.809180" lon="-0.464431">
        <ele>2241.851</ele>
        <time>2022-01-15T12:10:46Z</time>
      </trkpt>
      <trkpt lat="42.809133" lon="-0.464463">
        <ele>2240.293</ele>
        <time>2022-01-15T12:10:51Z</time>
      </trkpt>
      <trkpt lat="42.809090" lon="-0.464496">
        <ele>2239.465</ele>
        <time>2022-01-15T12:10:58Z</time>
      </trkpt>
      <trkpt lat="42.809043" lon="-0.464516">
        <ele>2237.921</ele>
        <time>2022-01-15T12:11:03Z</time>
      </trkpt>
      <trkpt lat="42.808995" lon="-0.464481">
        <ele>2237.108</ele>
        <time>2022-01-15T12:11:10Z</time>
      </trkpt>
      <trkpt lat="42.808957" lon="-0.464441">
        <ele>2235.868</ele>
        <time>2022-01-15T12:11:17Z</time>
      </trkpt>
      <trkpt lat="42.808920" lon="-0.464403">
        <ele>2233.611</ele>
        <time>2022-01-15T12:11:22Z</time>
      </trkpt>
      <trkpt lat="42.808890" lon="-0.464351">
        <ele>2232.157</ele>
        <time>2022-01-15T12:11:29Z</time>
      </trkpt>
      <trkpt lat="42.808890" lon="-0.464283">
        <ele>2230.879</ele>
        <time>2022-01-15T12:11:34Z</time>
      </trkpt>
      <trkpt lat="42.808868" lon="-0.464218">
        <ele>2227.890</ele>
        <time>2022-01-15T12:11:44Z</time>
      </trkpt>
      <trkpt lat="42.808833" lon="-0.464170">
        <ele>2226.324</ele>
        <time>2022-01-15T12:11:50Z</time>
      </trkpt>
      <trkpt lat="42.808796" lon="-0.464115">
        <ele>2224.822</ele>
        <time>2022-01-15T12:11:54Z</time>
      </trkpt>
      <trkpt lat="42.808764" lon="-0.464067">
        <ele>2223.257</ele>
        <time>2022-01-15T12:11:59Z</time>
      </trkpt>
      <trkpt lat="42.808757" lon="-0.464004">
        <ele>2222.939</ele>
        <time>2022-01-15T12:12:04Z</time>
      </trkpt>
      <trkpt lat="42.808729" lon="-0.463952">
        <ele>2221.901</ele>
        <time>2022-01-15T12:12:12Z</time>
      </trkpt>
      <trkpt lat="42.808692" lon="-0.463905">
        <ele>2222.521</ele>
        <time>2022-01-15T12:12:23Z</time>
      </trkpt>
      <trkpt lat="42.808657" lon="-0.463863">
        <ele>2221.708</ele>
        <time>2022-01-15T12:12:28Z</time>
      </trkpt>
      <trkpt lat="42.808619" lon="-0.463810">
        <ele>2221.572</ele>
        <time>2022-01-15T12:12:34Z</time>
      </trkpt>
      <trkpt lat="42.808582" lon="-0.463768">
        <ele>2220.945</ele>
        <time>2022-01-15T12:12:37Z</time>
      </trkpt>
      <trkpt lat="42.808544" lon="-0.463730">
        <ele>2220.821</ele>
        <time>2022-01-15T12:12:42Z</time>
      </trkpt>
      <trkpt lat="42.808494" lon="-0.463708">
        <ele>2220.193</ele>
        <time>2022-01-15T12:12:46Z</time>
      </trkpt>
      <trkpt lat="42.808451" lon="-0.463680">
        <ele>2219.834</ele>
        <time>2022-01-15T12:12:51Z</time>
      </trkpt>
      <trkpt lat="42.808401" lon="-0.463648">
        <ele>2220.158</ele>
        <time>2022-01-15T12:12:56Z</time>
      </trkpt>
      <trkpt lat="42.808361" lon="-0.463611">
        <ele>2220.096</ele>
        <time>2022-01-15T12:13:00Z</time>
      </trkpt>
      <trkpt lat="42.808324" lon="-0.463571">
        <ele>2219.321</ele>
        <time>2022-01-15T12:13:05Z</time>
      </trkpt>
      <trkpt lat="42.808269" lon="-0.463548">
        <ele>2218.847</ele>
        <time>2022-01-15T12:13:09Z</time>
      </trkpt>
      <trkpt lat="42.808222" lon="-0.463531">
        <ele>2217.729</ele>
        <time>2022-01-15T12:13:13Z</time>
      </trkpt>
      <trkpt lat="42.808174" lon="-0.463534">
        <ele>2216.321</ele>
        <time>2022-01-15T12:13:17Z</time>
      </trkpt>
      <trkpt lat="42.808131" lon="-0.463517">
        <ele>2214.708</ele>
        <time>2022-01-15T12:13:21Z</time>
      </trkpt>
      <trkpt lat="42.808084" lon="-0.463502">
        <ele>2212.843</ele>
        <time>2022-01-15T12:13:27Z</time>
      </trkpt>
      <trkpt lat="42.808039" lon="-0.463477">
        <ele>2212.466</ele>
        <time>2022-01-15T12:13:30Z</time>
      </trkpt>
      <trkpt lat="42.807992" lon="-0.463460">
        <ele>2211.472</ele>
        <time>2022-01-15T12:13:34Z</time>
      </trkpt>
      <trkpt lat="42.807950" lon="-0.463428">
        <ele>2210.944</ele>
        <time>2022-01-15T12:13:38Z</time>
      </trkpt>
      <trkpt lat="42.807907" lon="-0.463398">
        <ele>2211.165</ele>
        <time>2022-01-15T12:13:43Z</time>
      </trkpt>
      <trkpt lat="42.807870" lon="-0.463343">
        <ele>2209.539</ele>
        <time>2022-01-15T12:13:48Z</time>
      </trkpt>
      <trkpt lat="42.807823" lon="-0.463313">
        <ele>2207.927</ele>
        <time>2022-01-15T12:13:54Z</time>
      </trkpt>
      <trkpt lat="42.807786" lon="-0.463266">
        <ele>2206.622</ele>
        <time>2022-01-15T12:14:00Z</time>
      </trkpt>
      <trkpt lat="42.807749" lon="-0.463218">
        <ele>2206.825</ele>
        <time>2022-01-15T12:14:05Z</time>
      </trkpt>
      <trkpt lat="42.807717" lon="-0.463170">
        <ele>2207.226</ele>
        <time>2022-01-15T12:14:09Z</time>
      </trkpt>
      <trkpt lat="42.807682" lon="-0.463123">
        <ele>2206.908</ele>
        <time>2022-01-15T12:14:15Z</time>
      </trkpt>
      <trkpt lat="42.807652" lon="-0.463076">
        <ele>2206.508</ele>
        <time>2022-01-15T12:14:20Z</time>
      </trkpt>
      <trkpt lat="42.807639" lon="-0.463013">
        <ele>2206.621</ele>
        <time>2022-01-15T12:14:25Z</time>
      </trkpt>
      <trkpt lat="42.807626" lon="-0.462950">
        <ele>2206.144</ele>
        <time>2022-01-15T12:14:30Z</time>
      </trkpt>
      <trkpt lat="42.807633" lon="-0.462887">
        <ele>2206.990</ele>
        <time>2022-01-15T12:14:34Z</time>
      </trkpt>
      <trkpt lat="42.807648" lon="-0.462824">
        <ele>2206.812</ele>
        <time>2022-01-15T12:14:39Z</time>
      </trkpt>
      <trkpt lat="42.807678" lon="-0.462771">
        <ele>2206.623</ele>
        <time>2022-01-15T12:14:44Z</time>
      </trkpt>
      <trkpt lat="42.807708" lon="-0.462711">
        <ele>2207.087</ele>
        <time>2022-01-15T12:14:49Z</time>
      </trkpt>
      <trkpt lat="42.807731" lon="-0.462653">
        <ele>2207.275</ele>
        <time>2022-01-15T12:14:53Z</time>
      </trkpt>
      <trkpt lat="42.807768" lon="-0.462605">
        <ele>2206.010</ele>
        <time>2022-01-15T12:14:59Z</time>
      </trkpt>
      <trkpt lat="42.807803" lon="-0.462557">
        <ele>2204.677</ele>
        <time>2022-01-15T12:15:05Z</time>
      </trkpt>
      <trkpt lat="42.807848" lon="-0.462559">
        <ele>2203.761</ele>
        <time>2022-01-15T12:15:09Z</time>
      </trkpt>
      <trkpt lat="42.807853" lon="-0.462497">
        <ele>2203.727</ele>
        <time>2022-01-15T12:15:16Z</time>
      </trkpt>
      <trkpt lat="42.807823" lon="-0.462434">
        <ele>2204.108</ele>
        <time>2022-01-15T12:15:21Z</time>
      </trkpt>
      <trkpt lat="42.807775" lon="-0.462401">
        <ele>2202.546</ele>
        <time>2022-01-15T12:15:26Z</time>
      </trkpt>
      <trkpt lat="42.807725" lon="-0.462374">
        <ele>2200.319</ele>
        <time>2022-01-15T12:15:32Z</time>
      </trkpt>
      <trkpt lat="42.807698" lon="-0.462322">
        <ele>2198.775</ele>
        <time>2022-01-15T12:15:38Z</time>
      </trkpt>
      <trkpt lat="42.807691" lon="-0.462257">
        <ele>2196.727</ele>
        <time>2022-01-15T12:15:42Z</time>
      </trkpt>
      <trkpt lat="42.807709" lon="-0.462200">
        <ele>2194.058</ele>
        <time>2022-01-15T12:15:48Z</time>
      </trkpt>
      <trkpt lat="42.807747" lon="-0.462162">
        <ele>2193.262</ele>
        <time>2022-01-15T12:15:53Z</time>
      </trkpt>
      <trkpt lat="42.807782" lon="-0.462109">
        <ele>2191.740</ele>
        <time>2022-01-15T12:15:58Z</time>
      </trkpt>
      <trkpt lat="42.807820" lon="-0.462057">
        <ele>2190.785</ele>
        <time>2022-01-15T12:16:04Z</time>
      </trkpt>
      <trkpt lat="42.807847" lon="-0.461999">
        <ele>2190.388</ele>
        <time>2022-01-15T12:16:11Z</time>
      </trkpt>
      <trkpt lat="42.807864" lon="-0.461941">
        <ele>2188.924</ele>
        <time>2022-01-15T12:16:17Z</time>
      </trkpt>
      <trkpt lat="42.807896" lon="-0.461889">
        <ele>2187.026</ele>
        <time>2022-01-15T12:16:22Z</time>
      </trkpt>
      <trkpt lat="42.807926" lon="-0.461842">
        <ele>2185.908</ele>
        <time>2022-01-15T12:16:26Z</time>
      </trkpt>
      <trkpt lat="42.807959" lon="-0.461797">
        <ele>2185.617</ele>
        <time>2022-01-15T12:16:31Z</time>
      </trkpt>
      <trkpt lat="42.807977" lon="-0.461735">
        <ele>2184.110</ele>
        <time>2022-01-15T12:16:37Z</time>
      </trkpt>
      <trkpt lat="42.807992" lon="-0.461665">
        <ele>2181.616</ele>
        <time>2022-01-15T12:16:52Z</time>
      </trkpt>
      <trkpt lat="42.808032" lon="-0.461628">
        <ele>2180.348</ele>
        <time>2022-01-15T12:16:57Z</time>
      </trkpt>
      <trkpt lat="42.808072" lon="-0.461588">
        <ele>2178.179</ele>
        <time>2022-01-15T12:17:04Z</time>
      </trkpt>
      <trkpt lat="42.808117" lon="-0.461576">
        <ele>2177.663</ele>
        <time>2022-01-15T12:17:09Z</time>
      </trkpt>
      <trkpt lat="42.808155" lon="-0.461536">
        <ele>2176.291</ele>
        <time>2022-01-15T12:17:14Z</time>
      </trkpt>
      <trkpt lat="42.808183" lon="-0.461476">
        <ele>2174.166</ele>
        <time>2022-01-15T12:17:21Z</time>
      </trkpt>
      <trkpt lat="42.808221" lon="-0.461424">
        <ele>2171.018</ele>
        <time>2022-01-15T12:17:36Z</time>
      </trkpt>
      <trkpt lat="42.808266" lon="-0.461387">
        <ele>2168.898</ele>
        <time>2022-01-15T12:17:43Z</time>
      </trkpt>
      <trkpt lat="42.808308" lon="-0.461345">
        <ele>2167.317</ele>
        <time>2022-01-15T12:17:49Z</time>
      </trkpt>
      <trkpt lat="42.808353" lon="-0.461318">
        <ele>2164.608</ele>
        <time>2022-01-15T12:17:55Z</time>
      </trkpt>
      <trkpt lat="42.808398" lon="-0.461286">
        <ele>2163.020</ele>
        <time>2022-01-15T12:18:01Z</time>
      </trkpt>
      <trkpt lat="42.808428" lon="-0.461238">
        <ele>2160.363</ele>
        <time>2022-01-15T12:18:08Z</time>
      </trkpt>
      <trkpt lat="42.808436" lon="-0.461170">
        <ele>2159.089</ele>
        <time>2022-01-15T12:18:15Z</time>
      </trkpt>
      <trkpt lat="42.808439" lon="-0.461107">
        <ele>2158.191</ele>
        <time>2022-01-15T12:18:19Z</time>
      </trkpt>
      <trkpt lat="42.808451" lon="-0.461047">
        <ele>2156.222</ele>
        <time>2022-01-15T12:18:27Z</time>
      </trkpt>
      <trkpt lat="42.808484" lon="-0.461004">
        <ele>2154.496</ele>
        <time>2022-01-15T12:18:34Z</time>
      </trkpt>
      <trkpt lat="42.808529" lon="-0.460974">
        <ele>2152.974</ele>
        <time>2022-01-15T12:18:40Z</time>
      </trkpt>
      <trkpt lat="42.808571" lon="-0.460946">
        <ele>2152.179</ele>
        <time>2022-01-15T12:18:44Z</time>
      </trkpt>
      <trkpt lat="42.808584" lon="-0.460884">
        <ele>2151.971</ele>
        <time>2022-01-15T12:18:48Z</time>
      </trkpt>
      <trkpt lat="42.808611" lon="-0.460821">
        <ele>2150.741</ele>
        <time>2022-01-15T12:18:53Z</time>
      </trkpt>
      <trkpt lat="42.808623" lon="-0.460749">
        <ele>2147.415</ele>
        <time>2022-01-15T12:19:07Z</time>
      </trkpt>
      <trkpt lat="42.808650" lon="-0.460692">
        <ele>2145.908</ele>
        <time>2022-01-15T12:19:12Z</time>
      </trkpt>
      <trkpt lat="42.808653" lon="-0.460627">
        <ele>2145.426</ele>
        <time>2022-01-15T12:19:17Z</time>
      </trkpt>
      <trkpt lat="42.808663" lon="-0.460559">
        <ele>2144.629</ele>
        <time>2022-01-15T12:19:23Z</time>
      </trkpt>
      <trkpt lat="42.808686" lon="-0.460497">
        <ele>2142.985</ele>
        <time>2022-01-15T12:19:29Z</time>
      </trkpt>
      <trkpt lat="42.808709" lon="-0.460434">
        <ele>2141.977</ele>
        <time>2022-01-15T12:19:35Z</time>
      </trkpt>
      <trkpt lat="42.808736" lon="-0.460382">
        <ele>2140.088</ele>
        <time>2022-01-15T12:19:41Z</time>
      </trkpt>
      <trkpt lat="42.808771" lon="-0.460340">
        <ele>2139.512</ele>
        <time>2022-01-15T12:19:46Z</time>
      </trkpt>
      <trkpt lat="42.808814" lon="-0.460303">
        <ele>2138.070</ele>
        <time>2022-01-15T12:19:51Z</time>
      </trkpt>
      <trkpt lat="42.808811" lon="-0.460236">
        <ele>2135.615</ele>
        <time>2022-01-15T12:19:58Z</time>
      </trkpt>
      <trkpt lat="42.808823" lon="-0.460166">
        <ele>2133.128</ele>
        <time>2022-01-15T12:20:06Z</time>
      </trkpt>
      <trkpt lat="42.808858" lon="-0.460116">
        <ele>2130.789</ele>
        <time>2022-01-15T12:20:13Z</time>
      </trkpt>
      <trkpt lat="42.808893" lon="-0.460066">
        <ele>2128.317</ele>
        <time>2022-01-15T12:20:20Z</time>
      </trkpt>
      <trkpt lat="42.808910" lon="-0.460008">
        <ele>2127.708</ele>
        <time>2022-01-15T12:20:25Z</time>
      </trkpt>
      <trkpt lat="42.808922" lon="-0.459943">
        <ele>2127.631</ele>
        <time>2022-01-15T12:20:29Z</time>
      </trkpt>
      <trkpt lat="42.808934" lon="-0.459883">
        <ele>2127.154</ele>
        <time>2022-01-15T12:20:33Z</time>
      </trkpt>
      <trkpt lat="42.808921" lon="-0.459813">
        <ele>2125.910</ele>
        <time>2022-01-15T12:20:39Z</time>
      </trkpt>
      <trkpt lat="42.808913" lon="-0.459751">
        <ele>2125.362</ele>
        <time>2022-01-15T12:20:43Z</time>
      </trkpt>
      <trkpt lat="42.808903" lon="-0.459674">
        <ele>2122.913</ele>
        <time>2022-01-15T12:20:50Z</time>
      </trkpt>
      <trkpt lat="42.808913" lon="-0.459607">
        <ele>2120.497</ele>
        <time>2022-01-15T12:20:56Z</time>
      </trkpt>
      <trkpt lat="42.808913" lon="-0.459530">
        <ele>2119.235</ele>
        <time>2022-01-15T12:21:01Z</time>
      </trkpt>
      <trkpt lat="42.808920" lon="-0.459462">
        <ele>2118.320</ele>
        <time>2022-01-15T12:21:06Z</time>
      </trkpt>
      <trkpt lat="42.808935" lon="-0.459395">
        <ele>2117.361</ele>
        <time>2022-01-15T12:21:11Z</time>
      </trkpt>
      <trkpt lat="42.808937" lon="-0.459330">
        <ele>2116.521</ele>
        <time>2022-01-15T12:21:14Z</time>
      </trkpt>
      <trkpt lat="42.808947" lon="-0.459253">
        <ele>2115.713</ele>
        <time>2022-01-15T12:21:19Z</time>
      </trkpt>
      <trkpt lat="42.808962" lon="-0.459193">
        <ele>2114.808</ele>
        <time>2022-01-15T12:21:23Z</time>
      </trkpt>
      <trkpt lat="42.808985" lon="-0.459130">
        <ele>2113.425</ele>
        <time>2022-01-15T12:21:27Z</time>
      </trkpt>
      <trkpt lat="42.808993" lon="-0.459058">
        <ele>2111.678</ele>
        <time>2022-01-15T12:21:32Z</time>
      </trkpt>
      <trkpt lat="42.808983" lon="-0.458996">
        <ele>2110.514</ele>
        <time>2022-01-15T12:21:36Z</time>
      </trkpt>
      <trkpt lat="42.808986" lon="-0.458934">
        <ele>2110.656</ele>
        <time>2022-01-15T12:21:40Z</time>
      </trkpt>
      <trkpt lat="42.808981" lon="-0.458857">
        <ele>2110.687</ele>
        <time>2022-01-15T12:21:45Z</time>
      </trkpt>
      <trkpt lat="42.808974" lon="-0.458794">
        <ele>2110.991</ele>
        <time>2022-01-15T12:21:49Z</time>
      </trkpt>
      <trkpt lat="42.808977" lon="-0.458716">
        <ele>2111.349</ele>
        <time>2022-01-15T12:21:54Z</time>
      </trkpt>
      <trkpt lat="42.808974" lon="-0.458654">
        <ele>2112.164</ele>
        <time>2022-01-15T12:21:59Z</time>
      </trkpt>
      <trkpt lat="42.808969" lon="-0.458592">
        <ele>2112.684</ele>
        <time>2022-01-15T12:22:03Z</time>
      </trkpt>
      <trkpt lat="42.808966" lon="-0.458512">
        <ele>2114.507</ele>
        <time>2022-01-15T12:22:08Z</time>
      </trkpt>
      <trkpt lat="42.808961" lon="-0.458439">
        <ele>2115.617</ele>
        <time>2022-01-15T12:22:13Z</time>
      </trkpt>
      <trkpt lat="42.808976" lon="-0.458376">
        <ele>2114.808</ele>
        <time>2022-01-15T12:22:19Z</time>
      </trkpt>
      <trkpt lat="42.808969" lon="-0.458308">
        <ele>2113.647</ele>
        <time>2022-01-15T12:22:24Z</time>
      </trkpt>
      <trkpt lat="42.808972" lon="-0.458238">
        <ele>2112.310</ele>
        <time>2022-01-15T12:22:29Z</time>
      </trkpt>
      <trkpt lat="42.808977" lon="-0.458175">
        <ele>2111.776</ele>
        <time>2022-01-15T12:22:34Z</time>
      </trkpt>
      <trkpt lat="42.808994" lon="-0.458115">
        <ele>2111.688</ele>
        <time>2022-01-15T12:22:40Z</time>
      </trkpt>
      <trkpt lat="42.809014" lon="-0.458058">
        <ele>2111.299</ele>
        <time>2022-01-15T12:22:44Z</time>
      </trkpt>
      <trkpt lat="42.809026" lon="-0.457996">
        <ele>2111.393</ele>
        <time>2022-01-15T12:22:48Z</time>
      </trkpt>
      <trkpt lat="42.809021" lon="-0.457923">
        <ele>2110.961</ele>
        <time>2022-01-15T12:22:53Z</time>
      </trkpt>
      <trkpt lat="42.809013" lon="-0.457858">
        <ele>2109.326</ele>
        <time>2022-01-15T12:22:58Z</time>
      </trkpt>
      <trkpt lat="42.809020" lon="-0.457781">
        <ele>2107.775</ele>
        <time>2022-01-15T12:23:04Z</time>
      </trkpt>
      <trkpt lat="42.809027" lon="-0.457709">
        <ele>2107.528</ele>
        <time>2022-01-15T12:23:09Z</time>
      </trkpt>
      <trkpt lat="42.809034" lon="-0.457636">
        <ele>2106.520</ele>
        <time>2022-01-15T12:23:14Z</time>
      </trkpt>
      <trkpt lat="42.809041" lon="-0.457574">
        <ele>2105.508</ele>
        <time>2022-01-15T12:23:19Z</time>
      </trkpt>
      <trkpt lat="42.809054" lon="-0.457507">
        <ele>2105.416</ele>
        <time>2022-01-15T12:23:24Z</time>
      </trkpt>
      <trkpt lat="42.809066" lon="-0.457439">
        <ele>2104.859</ele>
        <time>2022-01-15T12:23:29Z</time>
      </trkpt>
      <trkpt lat="42.809088" lon="-0.457384">
        <ele>2104.485</ele>
        <time>2022-01-15T12:23:34Z</time>
      </trkpt>
      <trkpt lat="42.809128" lon="-0.457344">
        <ele>2102.517</ele>
        <time>2022-01-15T12:23:39Z</time>
      </trkpt>
      <trkpt lat="42.809163" lon="-0.457289">
        <ele>2101.638</ele>
        <time>2022-01-15T12:23:45Z</time>
      </trkpt>
      <trkpt lat="42.809200" lon="-0.457242">
        <ele>2102.022</ele>
        <time>2022-01-15T12:23:49Z</time>
      </trkpt>
      <trkpt lat="42.809210" lon="-0.457174">
        <ele>2102.020</ele>
        <time>2022-01-15T12:23:54Z</time>
      </trkpt>
      <trkpt lat="42.809207" lon="-0.457112">
        <ele>2100.975</ele>
        <time>2022-01-15T12:23:58Z</time>
      </trkpt>
      <trkpt lat="42.809210" lon="-0.457045">
        <ele>2099.745</ele>
        <time>2022-01-15T12:24:03Z</time>
      </trkpt>
      <trkpt lat="42.809208" lon="-0.456977">
        <ele>2097.047</ele>
        <time>2022-01-15T12:24:08Z</time>
      </trkpt>
      <trkpt lat="42.809223" lon="-0.456909">
        <ele>2095.411</ele>
        <time>2022-01-15T12:24:13Z</time>
      </trkpt>
      <trkpt lat="42.809223" lon="-0.456836">
        <ele>2094.108</ele>
        <time>2022-01-15T12:24:18Z</time>
      </trkpt>
      <trkpt lat="42.809240" lon="-0.456768">
        <ele>2094.083</ele>
        <time>2022-01-15T12:24:24Z</time>
      </trkpt>
      <trkpt lat="42.809243" lon="-0.456703">
        <ele>2092.716</ele>
        <time>2022-01-15T12:24:29Z</time>
      </trkpt>
      <trkpt lat="42.809230" lon="-0.456633">
        <ele>2091.692</ele>
        <time>2022-01-15T12:24:34Z</time>
      </trkpt>
      <trkpt lat="42.809225" lon="-0.456558">
        <ele>2090.694</ele>
        <time>2022-01-15T12:24:39Z</time>
      </trkpt>
      <trkpt lat="42.809227" lon="-0.456481">
        <ele>2089.595</ele>
        <time>2022-01-15T12:24:44Z</time>
      </trkpt>
      <trkpt lat="42.809219" lon="-0.456416">
        <ele>2089.769</ele>
        <time>2022-01-15T12:24:48Z</time>
      </trkpt>
      <trkpt lat="42.809226" lon="-0.456344">
        <ele>2089.697</ele>
        <time>2022-01-15T12:24:54Z</time>
      </trkpt>
      <trkpt lat="42.809228" lon="-0.456272">
        <ele>2088.842</ele>
        <time>2022-01-15T12:24:59Z</time>
      </trkpt>
      <trkpt lat="42.809213" lon="-0.456212">
        <ele>2088.291</ele>
        <time>2022-01-15T12:25:03Z</time>
      </trkpt>
      <trkpt lat="42.809203" lon="-0.456147">
        <ele>2087.681</ele>
        <time>2022-01-15T12:25:08Z</time>
      </trkpt>
      <trkpt lat="42.809218" lon="-0.456089">
        <ele>2087.219</ele>
        <time>2022-01-15T12:25:12Z</time>
      </trkpt>
      <trkpt lat="42.809228" lon="-0.456026">
        <ele>2086.208</ele>
        <time>2022-01-15T12:25:16Z</time>
      </trkpt>
      <trkpt lat="42.809218" lon="-0.455966">
        <ele>2085.798</ele>
        <time>2022-01-15T12:25:20Z</time>
      </trkpt>
      <trkpt lat="42.809230" lon="-0.455901">
        <ele>2085.871</ele>
        <time>2022-01-15T12:25:25Z</time>
      </trkpt>
      <trkpt lat="42.809215" lon="-0.455841">
        <ele>2085.567</ele>
        <time>2022-01-15T12:25:30Z</time>
      </trkpt>
      <trkpt lat="42.809212" lon="-0.455776">
        <ele>2084.819</ele>
        <time>2022-01-15T12:25:34Z</time>
      </trkpt>
      <trkpt lat="42.809204" lon="-0.455709">
        <ele>2084.830</ele>
        <time>2022-01-15T12:25:39Z</time>
      </trkpt>
      <trkpt lat="42.809211" lon="-0.455639">
        <ele>2085.844</ele>
        <time>2022-01-15T12:25:44Z</time>
      </trkpt>
      <trkpt lat="42.809221" lon="-0.455569">
        <ele>2086.732</ele>
        <time>2022-01-15T12:25:49Z</time>
      </trkpt>
      <trkpt lat="42.809221" lon="-0.455507">
        <ele>2087.087</ele>
        <time>2022-01-15T12:25:53Z</time>
      </trkpt>
      <trkpt lat="42.809241" lon="-0.455450">
        <ele>2088.038</ele>
        <time>2022-01-15T12:25:57Z</time>
      </trkpt>
      <trkpt lat="42.809234" lon="-0.455385">
        <ele>2087.570</ele>
        <time>2022-01-15T12:26:01Z</time>
      </trkpt>
      <trkpt lat="42.809239" lon="-0.455322">
        <ele>2087.017</ele>
        <time>2022-01-15T12:26:05Z</time>
      </trkpt>
      <trkpt lat="42.809229" lon="-0.455254">
        <ele>2086.208</ele>
        <time>2022-01-15T12:26:09Z</time>
      </trkpt>
      <trkpt lat="42.809236" lon="-0.455187">
        <ele>2085.112</ele>
        <time>2022-01-15T12:26:13Z</time>
      </trkpt>
      <trkpt lat="42.809228" lon="-0.455114">
        <ele>2083.965</ele>
        <time>2022-01-15T12:26:18Z</time>
      </trkpt>
      <trkpt lat="42.809235" lon="-0.455047">
        <ele>2082.651</ele>
        <time>2022-01-15T12:26:23Z</time>
      </trkpt>
      <trkpt lat="42.809233" lon="-0.454975">
        <ele>2081.763</ele>
        <time>2022-01-15T12:26:27Z</time>
      </trkpt>
      <trkpt lat="42.809228" lon="-0.454913">
        <ele>2081.624</ele>
        <time>2022-01-15T12:26:31Z</time>
      </trkpt>
      <trkpt lat="42.809220" lon="-0.454845">
        <ele>2080.048</ele>
        <time>2022-01-15T12:26:37Z</time>
      </trkpt>
      <trkpt lat="42.809222" lon="-0.454775">
        <ele>2079.996</ele>
        <time>2022-01-15T12:26:42Z</time>
      </trkpt>
      <trkpt lat="42.809217" lon="-0.454713">
        <ele>2080.331</ele>
        <time>2022-01-15T12:26:46Z</time>
      </trkpt>
      <trkpt lat="42.809214" lon="-0.454648">
        <ele>2082.672</ele>
        <time>2022-01-15T12:26:51Z</time>
      </trkpt>
      <trkpt lat="42.809201" lon="-0.454573">
        <ele>2083.613</ele>
        <time>2022-01-15T12:26:56Z</time>
      </trkpt>
      <trkpt lat="42.809189" lon="-0.454511">
        <ele>2083.314</ele>
        <time>2022-01-15T12:27:00Z</time>
      </trkpt>
      <trkpt lat="42.809201" lon="-0.454444">
        <ele>2083.108</ele>
        <time>2022-01-15T12:27:05Z</time>
      </trkpt>
      <trkpt lat="42.809204" lon="-0.454369">
        <ele>2083.056</ele>
        <time>2022-01-15T12:27:09Z</time>
      </trkpt>
      <trkpt lat="42.809202" lon="-0.454297">
        <ele>2082.019</ele>
        <time>2022-01-15T12:27:14Z</time>
      </trkpt>
      <trkpt lat="42.809200" lon="-0.454229">
        <ele>2081.255</ele>
        <time>2022-01-15T12:27:18Z</time>
      </trkpt>
      <trkpt lat="42.809213" lon="-0.454169">
        <ele>2080.497</ele>
        <time>2022-01-15T12:27:22Z</time>
      </trkpt>
      <trkpt lat="42.809216" lon="-0.454104">
        <ele>2079.868</ele>
        <time>2022-01-15T12:27:27Z</time>
      </trkpt>
      <trkpt lat="42.809218" lon="-0.454041">
        <ele>2079.532</ele>
        <time>2022-01-15T12:27:31Z</time>
      </trkpt>
      <trkpt lat="42.809245" lon="-0.453976">
        <ele>2079.060</ele>
        <time>2022-01-15T12:27:36Z</time>
      </trkpt>
      <trkpt lat="42.809262" lon="-0.453918">
        <ele>2080.415</ele>
        <time>2022-01-15T12:27:41Z</time>
      </trkpt>
      <trkpt lat="42.809262" lon="-0.453856">
        <ele>2080.132</ele>
        <time>2022-01-15T12:27:43Z</time>
      </trkpt>
      <trkpt lat="42.809264" lon="-0.453788">
        <ele>2079.292</ele>
        <time>2022-01-15T12:27:48Z</time>
      </trkpt>
      <trkpt lat="42.809261" lon="-0.453723">
        <ele>2079.011</ele>
        <time>2022-01-15T12:27:52Z</time>
      </trkpt>
      <trkpt lat="42.809281" lon="-0.453663">
        <ele>2077.408</ele>
        <time>2022-01-15T12:27:57Z</time>
      </trkpt>
      <trkpt lat="42.809289" lon="-0.453600">
        <ele>2076.372</ele>
        <time>2022-01-15T12:28:02Z</time>
      </trkpt>
      <trkpt lat="42.809286" lon="-0.453535">
        <ele>2074.065</ele>
        <time>2022-01-15T12:28:08Z</time>
      </trkpt>
      <trkpt lat="42.809298" lon="-0.453465">
        <ele>2072.151</ele>
        <time>2022-01-15T12:28:13Z</time>
      </trkpt>
      <trkpt lat="42.809306" lon="-0.453400">
        <ele>2071.353</ele>
        <time>2022-01-15T12:28:18Z</time>
      </trkpt>
      <trkpt lat="42.809308" lon="-0.453337">
        <ele>2070.354</ele>
        <time>2022-01-15T12:28:24Z</time>
      </trkpt>
      <trkpt lat="42.809318" lon="-0.453265">
        <ele>2069.358</ele>
        <time>2022-01-15T12:28:31Z</time>
      </trkpt>
      <trkpt lat="42.809315" lon="-0.453200">
        <ele>2067.236</ele>
        <time>2022-01-15T12:28:36Z</time>
      </trkpt>
      <trkpt lat="42.809310" lon="-0.453130">
        <ele>2063.871</ele>
        <time>2022-01-15T12:28:42Z</time>
      </trkpt>
      <trkpt lat="42.809302" lon="-0.453052">
        <ele>2060.943</ele>
        <time>2022-01-15T12:28:48Z</time>
      </trkpt>
      <trkpt lat="42.809324" lon="-0.452984">
        <ele>2059.564</ele>
        <time>2022-01-15T12:28:53Z</time>
      </trkpt>
      <trkpt lat="42.809346" lon="-0.452922">
        <ele>2058.210</ele>
        <time>2022-01-15T12:28:58Z</time>
      </trkpt>
      <trkpt lat="42.809344" lon="-0.452854">
        <ele>2056.908</ele>
        <time>2022-01-15T12:29:03Z</time>
      </trkpt>
      <trkpt lat="42.809359" lon="-0.452792">
        <ele>2056.363</ele>
        <time>2022-01-15T12:29:07Z</time>
      </trkpt>
      <trkpt lat="42.809387" lon="-0.452732">
        <ele>2054.636</ele>
        <time>2022-01-15T12:29:11Z</time>
      </trkpt>
      <trkpt lat="42.809412" lon="-0.452667">
        <ele>2052.292</ele>
        <time>2022-01-15T12:29:16Z</time>
      </trkpt>
      <trkpt lat="42.809434" lon="-0.452600">
        <ele>2049.764</ele>
        <time>2022-01-15T12:29:21Z</time>
      </trkpt>
      <trkpt lat="42.809464" lon="-0.452540">
        <ele>2048.765</ele>
        <time>2022-01-15T12:29:27Z</time>
      </trkpt>
      <trkpt lat="42.809504" lon="-0.452493">
        <ele>2047.379</ele>
        <time>2022-01-15T12:29:31Z</time>
      </trkpt>
      <trkpt lat="42.809546" lon="-0.452441">
        <ele>2046.557</ele>
        <time>2022-01-15T12:29:36Z</time>
      </trkpt>
      <trkpt lat="42.809576" lon="-0.452389">
        <ele>2046.212</ele>
        <time>2022-01-15T12:29:41Z</time>
      </trkpt>
      <trkpt lat="42.809593" lon="-0.452324">
        <ele>2045.061</ele>
        <time>2022-01-15T12:29:47Z</time>
      </trkpt>
      <trkpt lat="42.809618" lon="-0.452262">
        <ele>2042.721</ele>
        <time>2022-01-15T12:29:53Z</time>
      </trkpt>
      <trkpt lat="42.809671" lon="-0.452227">
        <ele>2040.113</ele>
        <time>2022-01-15T12:29:59Z</time>
      </trkpt>
      <trkpt lat="42.809713" lon="-0.452189">
        <ele>2039.808</ele>
        <time>2022-01-15T12:30:02Z</time>
      </trkpt>
      <trkpt lat="42.809751" lon="-0.452129">
        <ele>2037.935</ele>
        <time>2022-01-15T12:30:07Z</time>
      </trkpt>
      <trkpt lat="42.809786" lon="-0.452086">
        <ele>2036.418</ele>
        <time>2022-01-15T12:30:11Z</time>
      </trkpt>
      <trkpt lat="42.809819" lon="-0.452033">
        <ele>2034.374</ele>
        <time>2022-01-15T12:30:16Z</time>
      </trkpt>
      <trkpt lat="42.809852" lon="-0.451985">
        <ele>2033.096</ele>
        <time>2022-01-15T12:30:21Z</time>
      </trkpt>
      <trkpt lat="42.809894" lon="-0.451955">
        <ele>2032.467</ele>
        <time>2022-01-15T12:30:24Z</time>
      </trkpt>
      <trkpt lat="42.809931" lon="-0.451910">
        <ele>2031.811</ele>
        <time>2022-01-15T12:30:28Z</time>
      </trkpt>
      <trkpt lat="42.809976" lon="-0.451868">
        <ele>2031.129</ele>
        <time>2022-01-15T12:30:33Z</time>
      </trkpt>
      <trkpt lat="42.810016" lon="-0.451828">
        <ele>2031.224</ele>
        <time>2022-01-15T12:30:36Z</time>
      </trkpt>
      <trkpt lat="42.810046" lon="-0.451776">
        <ele>2030.389</ele>
        <time>2022-01-15T12:30:41Z</time>
      </trkpt>
      <trkpt lat="42.810086" lon="-0.451733">
        <ele>2028.306</ele>
        <time>2022-01-15T12:30:47Z</time>
      </trkpt>
      <trkpt lat="42.810128" lon="-0.451693">
        <ele>2026.426</ele>
        <time>2022-01-15T12:30:52Z</time>
      </trkpt>
      <trkpt lat="42.810163" lon="-0.451646">
        <ele>2025.308</ele>
        <time>2022-01-15T12:30:57Z</time>
      </trkpt>
      <trkpt lat="42.810195" lon="-0.451599">
        <ele>2022.517</ele>
        <time>2022-01-15T12:31:03Z</time>
      </trkpt>
      <trkpt lat="42.810240" lon="-0.451562">
        <ele>2020.940</ele>
        <time>2022-01-15T12:31:09Z</time>
      </trkpt>
      <trkpt lat="42.810290" lon="-0.451522">
        <ele>2020.926</ele>
        <time>2022-01-15T12:31:12Z</time>
      </trkpt>
      <trkpt lat="42.810327" lon="-0.451480">
        <ele>2020.818</ele>
        <time>2022-01-15T12:31:16Z</time>
      </trkpt>
      <trkpt lat="42.810365" lon="-0.451435">
        <ele>2019.359</ele>
        <time>2022-01-15T12:31:21Z</time>
      </trkpt>
      <trkpt lat="42.810423" lon="-0.451435">
        <ele>2019.063</ele>
        <time>2022-01-15T12:31:25Z</time>
      </trkpt>
      <trkpt lat="42.810471" lon="-0.451412">
        <ele>2017.421</ele>
        <time>2022-01-15T12:31:29Z</time>
      </trkpt>
      <trkpt lat="42.810518" lon="-0.451374">
        <ele>2014.976</ele>
        <time>2022-01-15T12:31:34Z</time>
      </trkpt>
      <trkpt lat="42.810543" lon="-0.451316">
        <ele>2013.595</ele>
        <time>2022-01-15T12:31:39Z</time>
      </trkpt>
      <trkpt lat="42.810583" lon="-0.451261">
        <ele>2012.449</ele>
        <time>2022-01-15T12:31:43Z</time>
      </trkpt>
      <trkpt lat="42.810626" lon="-0.451218">
        <ele>2013.023</ele>
        <time>2022-01-15T12:31:47Z</time>
      </trkpt>
      <trkpt lat="42.810658" lon="-0.451160">
        <ele>2011.608</ele>
        <time>2022-01-15T12:31:51Z</time>
      </trkpt>
      <trkpt lat="42.810691" lon="-0.451103">
        <ele>2011.858</ele>
        <time>2022-01-15T12:31:56Z</time>
      </trkpt>
      <trkpt lat="42.810716" lon="-0.451038">
        <ele>2010.671</ele>
        <time>2022-01-15T12:32:00Z</time>
      </trkpt>
      <trkpt lat="42.810751" lon="-0.450981">
        <ele>2009.057</ele>
        <time>2022-01-15T12:32:05Z</time>
      </trkpt>
      <trkpt lat="42.810781" lon="-0.450933">
        <ele>2008.449</ele>
        <time>2022-01-15T12:32:10Z</time>
      </trkpt>
      <trkpt lat="42.810808" lon="-0.450868">
        <ele>2008.810</ele>
        <time>2022-01-15T12:32:21Z</time>
      </trkpt>
      <trkpt lat="42.810828" lon="-0.450810">
        <ele>2008.244</ele>
        <time>2022-01-15T12:32:26Z</time>
      </trkpt>
      <trkpt lat="42.810863" lon="-0.450770">
        <ele>2008.442</ele>
        <time>2022-01-15T12:32:30Z</time>
      </trkpt>
      <trkpt lat="42.810893" lon="-0.450713">
        <ele>2007.577</ele>
        <time>2022-01-15T12:32:34Z</time>
      </trkpt>
      <trkpt lat="42.810908" lon="-0.450651">
        <ele>2006.271</ele>
        <time>2022-01-15T12:32:38Z</time>
      </trkpt>
      <trkpt lat="42.810941" lon="-0.450588">
        <ele>2004.841</ele>
        <time>2022-01-15T12:32:43Z</time>
      </trkpt>
      <trkpt lat="42.810956" lon="-0.450528">
        <ele>2003.815</ele>
        <time>2022-01-15T12:32:46Z</time>
      </trkpt>
      <trkpt lat="42.810971" lon="-0.450463">
        <ele>2002.808</ele>
        <time>2022-01-15T12:32:51Z</time>
      </trkpt>
      <trkpt lat="42.811003" lon="-0.450406">
        <ele>2001.816</ele>
        <time>2022-01-15T12:32:55Z</time>
      </trkpt>
      <trkpt lat="42.811025" lon="-0.450338">
        <ele>2000.279</ele>
        <time>2022-01-15T12:33:01Z</time>
      </trkpt>
      <trkpt lat="42.811048" lon="-0.450273">
        <ele>1999.395</ele>
        <time>2022-01-15T12:33:06Z</time>
      </trkpt>
      <trkpt lat="42.811053" lon="-0.450191">
        <ele>1999.167</ele>
        <time>2022-01-15T12:33:10Z</time>
      </trkpt>
      <trkpt lat="42.811070" lon="-0.450133">
        <ele>1999.058</ele>
        <time>2022-01-15T12:33:14Z</time>
      </trkpt>
      <trkpt lat="42.811093" lon="-0.450060">
        <ele>1998.632</ele>
        <time>2022-01-15T12:33:18Z</time>
      </trkpt>
      <trkpt lat="42.811115" lon="-0.449983">
        <ele>1998.650</ele>
        <time>2022-01-15T12:33:22Z</time>
      </trkpt>
      <trkpt lat="42.811138" lon="-0.449916">
        <ele>1998.395</ele>
        <time>2022-01-15T12:33:27Z</time>
      </trkpt>
      <trkpt lat="42.811141" lon="-0.449844">
        <ele>1996.799</ele>
        <time>2022-01-15T12:33:31Z</time>
      </trkpt>
      <trkpt lat="42.811133" lon="-0.449772">
        <ele>1994.807</ele>
        <time>2022-01-15T12:33:36Z</time>
      </trkpt>
      <trkpt lat="42.811168" lon="-0.449729">
        <ele>1995.227</ele>
        <time>2022-01-15T12:33:40Z</time>
      </trkpt>
      <trkpt lat="42.811193" lon="-0.449656">
        <ele>1995.908</ele>
        <time>2022-01-15T12:33:44Z</time>
      </trkpt>
      <trkpt lat="42.811233" lon="-0.449619">
        <ele>1997.098</ele>
        <time>2022-01-15T12:33:48Z</time>
      </trkpt>
      <trkpt lat="42.811248" lon="-0.449556">
        <ele>1996.391</ele>
        <time>2022-01-15T12:33:52Z</time>
      </trkpt>
      <trkpt lat="42.811263" lon="-0.449488">
        <ele>1994.627</ele>
        <time>2022-01-15T12:33:57Z</time>
      </trkpt>
      <trkpt lat="42.811286" lon="-0.449421">
        <ele>1993.999</ele>
        <time>2022-01-15T12:34:01Z</time>
      </trkpt>
      <trkpt lat="42.811306" lon="-0.449364">
        <ele>1993.150</ele>
        <time>2022-01-15T12:34:05Z</time>
      </trkpt>
      <trkpt lat="42.811329" lon="-0.449299">
        <ele>1992.634</ele>
        <time>2022-01-15T12:34:09Z</time>
      </trkpt>
      <trkpt lat="42.811352" lon="-0.449236">
        <ele>1992.812</ele>
        <time>2022-01-15T12:34:13Z</time>
      </trkpt>
      <trkpt lat="42.811379" lon="-0.449178">
        <ele>1992.917</ele>
        <time>2022-01-15T12:34:17Z</time>
      </trkpt>
      <trkpt lat="42.811404" lon="-0.449106">
        <ele>1993.825</ele>
        <time>2022-01-15T12:34:22Z</time>
      </trkpt>
      <trkpt lat="42.811441" lon="-0.449051">
        <ele>1994.026</ele>
        <time>2022-01-15T12:34:26Z</time>
      </trkpt>
      <trkpt lat="42.811454" lon="-0.448979">
        <ele>1991.808</ele>
        <time>2022-01-15T12:34:31Z</time>
      </trkpt>
      <trkpt lat="42.811476" lon="-0.448922">
        <ele>1990.608</ele>
        <time>2022-01-15T12:34:36Z</time>
      </trkpt>
      <trkpt lat="42.811499" lon="-0.448867">
        <ele>1989.591</ele>
        <time>2022-01-15T12:34:40Z</time>
      </trkpt>
      <trkpt lat="42.811532" lon="-0.448822">
        <ele>1988.654</ele>
        <time>2022-01-15T12:34:44Z</time>
      </trkpt>
      <trkpt lat="42.811549" lon="-0.448757">
        <ele>1987.710</ele>
        <time>2022-01-15T12:34:49Z</time>
      </trkpt>
      <trkpt lat="42.811566" lon="-0.448697">
        <ele>1986.772</ele>
        <time>2022-01-15T12:34:54Z</time>
      </trkpt>
      <trkpt lat="42.811593" lon="-0.448639">
        <ele>1984.873</ele>
        <time>2022-01-15T12:34:59Z</time>
      </trkpt>
      <trkpt lat="42.811625" lon="-0.448594">
        <ele>1984.347</ele>
        <time>2022-01-15T12:35:02Z</time>
      </trkpt>
      <trkpt lat="42.811637" lon="-0.448524">
        <ele>1983.035</ele>
        <time>2022-01-15T12:35:07Z</time>
      </trkpt>
      <trkpt lat="42.811667" lon="-0.448476">
        <ele>1981.680</ele>
        <time>2022-01-15T12:35:14Z</time>
      </trkpt>
      <trkpt lat="42.811697" lon="-0.448419">
        <ele>1984.643</ele>
        <time>2022-01-15T12:35:26Z</time>
      </trkpt>
      <trkpt lat="42.811722" lon="-0.448352">
        <ele>1984.864</ele>
        <time>2022-01-15T12:35:31Z</time>
      </trkpt>
      <trkpt lat="42.811734" lon="-0.448290">
        <ele>1985.210</ele>
        <time>2022-01-15T12:35:35Z</time>
      </trkpt>
      <trkpt lat="42.811744" lon="-0.448223">
        <ele>1981.508</ele>
        <time>2022-01-15T12:35:51Z</time>
      </trkpt>
      <trkpt lat="42.811766" lon="-0.448163">
        <ele>1979.983</ele>
        <time>2022-01-15T12:35:56Z</time>
      </trkpt>
      <trkpt lat="42.811778" lon="-0.448086">
        <ele>1979.636</ele>
        <time>2022-01-15T12:36:01Z</time>
      </trkpt>
      <trkpt lat="42.811795" lon="-0.448013">
        <ele>1979.152</ele>
        <time>2022-01-15T12:36:05Z</time>
      </trkpt>
      <trkpt lat="42.811808" lon="-0.447953">
        <ele>1978.534</ele>
        <time>2022-01-15T12:36:09Z</time>
      </trkpt>
      <trkpt lat="42.811826" lon="-0.447880">
        <ele>1977.355</ele>
        <time>2022-01-15T12:36:13Z</time>
      </trkpt>
      <trkpt lat="42.811856" lon="-0.447818">
        <ele>1976.189</ele>
        <time>2022-01-15T12:36:19Z</time>
      </trkpt>
      <trkpt lat="42.811868" lon="-0.447756">
        <ele>1975.537</ele>
        <time>2022-01-15T12:36:22Z</time>
      </trkpt>
      <trkpt lat="42.811901" lon="-0.447701">
        <ele>1974.662</ele>
        <time>2022-01-15T12:36:26Z</time>
      </trkpt>
      <trkpt lat="42.811928" lon="-0.447648">
        <ele>1973.675</ele>
        <time>2022-01-15T12:36:30Z</time>
      </trkpt>
      <trkpt lat="42.811951" lon="-0.447590">
        <ele>1972.628</ele>
        <time>2022-01-15T12:36:34Z</time>
      </trkpt>
      <trkpt lat="42.811976" lon="-0.447527">
        <ele>1971.420</ele>
        <time>2022-01-15T12:36:40Z</time>
      </trkpt>
      <trkpt lat="42.811991" lon="-0.447467">
        <ele>1969.608</ele>
        <time>2022-01-15T12:36:46Z</time>
      </trkpt>
      <trkpt lat="42.812033" lon="-0.447414">
        <ele>1968.146</ele>
        <time>2022-01-15T12:36:52Z</time>
      </trkpt>
      <trkpt lat="42.812073" lon="-0.447371">
        <ele>1967.899</ele>
        <time>2022-01-15T12:36:56Z</time>
      </trkpt>
      <trkpt lat="42.812091" lon="-0.447313">
        <ele>1966.975</ele>
        <time>2022-01-15T12:37:01Z</time>
      </trkpt>
      <trkpt lat="42.812131" lon="-0.447261">
        <ele>1965.217</ele>
        <time>2022-01-15T12:37:07Z</time>
      </trkpt>
      <trkpt lat="42.812166" lon="-0.447206">
        <ele>1964.898</ele>
        <time>2022-01-15T12:37:13Z</time>
      </trkpt>
      <trkpt lat="42.812183" lon="-0.447144">
        <ele>1964.492</ele>
        <time>2022-01-15T12:37:17Z</time>
      </trkpt>
      <trkpt lat="42.812216" lon="-0.447089">
        <ele>1963.140</ele>
        <time>2022-01-15T12:37:22Z</time>
      </trkpt>
      <trkpt lat="42.812258" lon="-0.447037">
        <ele>1962.685</ele>
        <time>2022-01-15T12:37:26Z</time>
      </trkpt>
      <trkpt lat="42.812291" lon="-0.446989">
        <ele>1961.765</ele>
        <time>2022-01-15T12:37:31Z</time>
      </trkpt>
      <trkpt lat="42.812329" lon="-0.446942">
        <ele>1961.168</ele>
        <time>2022-01-15T12:37:37Z</time>
      </trkpt>
      <trkpt lat="42.812342" lon="-0.446882">
        <ele>1960.614</ele>
        <time>2022-01-15T12:40:31Z</time>
      </trkpt>
      <trkpt lat="42.812354" lon="-0.446819">
        <ele>1961.308</ele>
        <time>2022-01-15T12:40:35Z</time>
      </trkpt>
      <trkpt lat="42.812362" lon="-0.446757">
        <ele>1961.565</ele>
        <time>2022-01-15T12:40:40Z</time>
      </trkpt>
      <trkpt lat="42.812390" lon="-0.446699">
        <ele>1961.228</ele>
        <time>2022-01-15T12:40:44Z</time>
      </trkpt>
      <trkpt lat="42.812393" lon="-0.446636">
        <ele>1960.474</ele>
        <time>2022-01-15T12:40:49Z</time>
      </trkpt>
      <trkpt lat="42.812400" lon="-0.446573">
        <ele>1958.966</ele>
        <time>2022-01-15T12:40:55Z</time>
      </trkpt>
      <trkpt lat="42.812435" lon="-0.446531">
        <ele>1959.527</ele>
        <time>2022-01-15T12:41:38Z</time>
      </trkpt>
      <trkpt lat="42.812452" lon="-0.446471">
        <ele>1959.531</ele>
        <time>2022-01-15T12:41:43Z</time>
      </trkpt>
      <trkpt lat="42.812472" lon="-0.446411">
        <ele>1959.369</ele>
        <time>2022-01-15T12:41:47Z</time>
      </trkpt>
      <trkpt lat="42.812490" lon="-0.446353">
        <ele>1959.374</ele>
        <time>2022-01-15T12:41:52Z</time>
      </trkpt>
      <trkpt lat="42.812503" lon="-0.446293">
        <ele>1958.415</ele>
        <time>2022-01-15T12:41:57Z</time>
      </trkpt>
      <trkpt lat="42.812521" lon="-0.446236">
        <ele>1958.365</ele>
        <time>2022-01-15T12:42:02Z</time>
      </trkpt>
      <trkpt lat="42.812523" lon="-0.446171">
        <ele>1957.611</ele>
        <time>2022-01-15T12:42:07Z</time>
      </trkpt>
      <trkpt lat="42.812531" lon="-0.446101">
        <ele>1957.608</ele>
        <time>2022-01-15T12:42:13Z</time>
      </trkpt>
      <trkpt lat="42.812544" lon="-0.446036">
        <ele>1957.120</ele>
        <time>2022-01-15T12:42:19Z</time>
      </trkpt>
      <trkpt lat="42.812567" lon="-0.445966">
        <ele>1956.933</ele>
        <time>2022-01-15T12:42:25Z</time>
      </trkpt>
      <trkpt lat="42.812597" lon="-0.445911">
        <ele>1956.429</ele>
        <time>2022-01-15T12:42:31Z</time>
      </trkpt>
      <trkpt lat="42.812620" lon="-0.445856">
        <ele>1955.161</ele>
        <time>2022-01-15T12:42:36Z</time>
      </trkpt>
      <trkpt lat="42.812625" lon="-0.445791">
        <ele>1954.232</ele>
        <time>2022-01-15T12:42:41Z</time>
      </trkpt>
      <trkpt lat="42.812650" lon="-0.445738">
        <ele>1952.026</ele>
        <time>2022-01-15T12:42:48Z</time>
      </trkpt>
      <trkpt lat="42.812662" lon="-0.445673">
        <ele>1949.654</ele>
        <time>2022-01-15T12:42:55Z</time>
      </trkpt>
      <trkpt lat="42.812675" lon="-0.445606">
        <ele>1948.269</ele>
        <time>2022-01-15T12:43:00Z</time>
      </trkpt>
      <trkpt lat="42.812685" lon="-0.445534">
        <ele>1948.066</ele>
        <time>2022-01-15T12:43:05Z</time>
      </trkpt>
      <trkpt lat="42.812682" lon="-0.445464">
        <ele>1947.129</ele>
        <time>2022-01-15T12:43:11Z</time>
      </trkpt>
      <trkpt lat="42.812702" lon="-0.445397">
        <ele>1944.921</ele>
        <time>2022-01-15T12:43:17Z</time>
      </trkpt>
      <trkpt lat="42.812700" lon="-0.445324">
        <ele>1943.808</ele>
        <time>2022-01-15T12:43:23Z</time>
      </trkpt>
      <trkpt lat="42.812705" lon="-0.445261">
        <ele>1943.245</ele>
        <time>2022-01-15T12:43:29Z</time>
      </trkpt>
      <trkpt lat="42.812720" lon="-0.445191">
        <ele>1943.398</ele>
        <time>2022-01-15T12:43:33Z</time>
      </trkpt>
      <trkpt lat="42.812735" lon="-0.445119">
        <ele>1943.494</ele>
        <time>2022-01-15T12:43:38Z</time>
      </trkpt>
      <trkpt lat="42.812743" lon="-0.445044">
        <ele>1942.076</ele>
        <time>2022-01-15T12:43:44Z</time>
      </trkpt>
      <trkpt lat="42.812735" lon="-0.444972">
        <ele>1939.957</ele>
        <time>2022-01-15T12:43:50Z</time>
      </trkpt>
      <trkpt lat="42.812730" lon="-0.444902">
        <ele>1938.651</ele>
        <time>2022-01-15T12:43:57Z</time>
      </trkpt>
      <trkpt lat="42.812730" lon="-0.444839">
        <ele>1937.949</ele>
        <time>2022-01-15T12:44:02Z</time>
      </trkpt>
      <trkpt lat="42.812730" lon="-0.444766">
        <ele>1937.094</ele>
        <time>2022-01-15T12:44:06Z</time>
      </trkpt>
      <trkpt lat="42.812742" lon="-0.444699">
        <ele>1935.567</ele>
        <time>2022-01-15T12:44:11Z</time>
      </trkpt>
      <trkpt lat="42.812742" lon="-0.444637">
        <ele>1933.881</ele>
        <time>2022-01-15T12:44:16Z</time>
      </trkpt>
      <trkpt lat="42.812745" lon="-0.444564">
        <ele>1933.419</ele>
        <time>2022-01-15T12:44:21Z</time>
      </trkpt>
      <trkpt lat="42.812750" lon="-0.444499">
        <ele>1933.908</ele>
        <time>2022-01-15T12:44:25Z</time>
      </trkpt>
      <trkpt lat="42.812758" lon="-0.444437">
        <ele>1934.195</ele>
        <time>2022-01-15T12:44:30Z</time>
      </trkpt>
      <trkpt lat="42.812763" lon="-0.444367">
        <ele>1934.868</ele>
        <time>2022-01-15T12:44:34Z</time>
      </trkpt>
      <trkpt lat="42.812750" lon="-0.444304">
        <ele>1934.944</ele>
        <time>2022-01-15T12:44:38Z</time>
      </trkpt>
      <trkpt lat="42.812757" lon="-0.444231">
        <ele>1933.536</ele>
        <time>2022-01-15T12:44:43Z</time>
      </trkpt>
      <trkpt lat="42.812764" lon="-0.444159">
        <ele>1933.227</ele>
        <time>2022-01-15T12:44:50Z</time>
      </trkpt>
      <trkpt lat="42.812771" lon="-0.444094">
        <ele>1932.161</ele>
        <time>2022-01-15T12:44:53Z</time>
      </trkpt>
      <trkpt lat="42.812788" lon="-0.444024">
        <ele>1930.849</ele>
        <time>2022-01-15T12:44:58Z</time>
      </trkpt>
      <trkpt lat="42.812776" lon="-0.443959">
        <ele>1930.214</ele>
        <time>2022-01-15T12:45:03Z</time>
      </trkpt>
      <trkpt lat="42.812779" lon="-0.443897">
        <ele>1929.754</ele>
        <time>2022-01-15T12:45:08Z</time>
      </trkpt>
      <trkpt lat="42.812787" lon="-0.443835">
        <ele>1929.156</ele>
        <time>2022-01-15T12:45:12Z</time>
      </trkpt>
      <trkpt lat="42.812784" lon="-0.443763">
        <ele>1929.511</ele>
        <time>2022-01-15T12:45:17Z</time>
      </trkpt>
      <trkpt lat="42.812771" lon="-0.443693">
        <ele>1928.008</ele>
        <time>2022-01-15T12:45:22Z</time>
      </trkpt>
      <trkpt lat="42.812786" lon="-0.443633">
        <ele>1926.894</ele>
        <time>2022-01-15T12:45:26Z</time>
      </trkpt>
      <trkpt lat="42.812793" lon="-0.443571">
        <ele>1926.267</ele>
        <time>2022-01-15T12:45:30Z</time>
      </trkpt>
      <trkpt lat="42.812783" lon="-0.443503">
        <ele>1927.843</ele>
        <time>2022-01-15T12:45:52Z</time>
      </trkpt>
      <trkpt lat="42.812793" lon="-0.443438">
        <ele>1927.095</ele>
        <time>2022-01-15T12:45:56Z</time>
      </trkpt>
      <trkpt lat="42.812808" lon="-0.443373">
        <ele>1925.746</ele>
        <time>2022-01-15T12:46:01Z</time>
      </trkpt>
      <trkpt lat="42.812810" lon="-0.443306">
        <ele>1924.220</ele>
        <time>2022-01-15T12:46:06Z</time>
      </trkpt>
      <trkpt lat="42.812823" lon="-0.443239">
        <ele>1922.798</ele>
        <time>2022-01-15T12:46:11Z</time>
      </trkpt>
      <trkpt lat="42.812826" lon="-0.443166">
        <ele>1921.093</ele>
        <time>2022-01-15T12:46:16Z</time>
      </trkpt>
      <trkpt lat="42.812834" lon="-0.443099">
        <ele>1920.855</ele>
        <time>2022-01-15T12:46:21Z</time>
      </trkpt>
      <trkpt lat="42.812831" lon="-0.443037">
        <ele>1921.607</ele>
        <time>2022-01-15T12:46:25Z</time>
      </trkpt>
      <trkpt lat="42.812826" lon="-0.442970">
        <ele>1921.917</ele>
        <time>2022-01-15T12:46:29Z</time>
      </trkpt>
      <trkpt lat="42.812818" lon="-0.442903">
        <ele>1921.708</ele>
        <time>2022-01-15T12:46:33Z</time>
      </trkpt>
      <trkpt lat="42.812821" lon="-0.442836">
        <ele>1922.384</ele>
        <time>2022-01-15T12:46:39Z</time>
      </trkpt>
      <trkpt lat="42.812819" lon="-0.442773">
        <ele>1921.777</ele>
        <time>2022-01-15T12:46:43Z</time>
      </trkpt>
      <trkpt lat="42.812831" lon="-0.442708">
        <ele>1921.963</ele>
        <time>2022-01-15T12:46:49Z</time>
      </trkpt>
      <trkpt lat="42.812838" lon="-0.442633">
        <ele>1921.015</ele>
        <time>2022-01-15T12:46:54Z</time>
      </trkpt>
      <trkpt lat="42.812845" lon="-0.442561">
        <ele>1920.096</ele>
        <time>2022-01-15T12:46:59Z</time>
      </trkpt>
      <trkpt lat="42.812833" lon="-0.442493">
        <ele>1919.020</ele>
        <time>2022-01-15T12:47:06Z</time>
      </trkpt>
      <trkpt lat="42.812863" lon="-0.442428">
        <ele>1919.688</ele>
        <time>2022-01-15T12:47:12Z</time>
      </trkpt>
      <trkpt lat="42.812876" lon="-0.442365">
        <ele>1919.183</ele>
        <time>2022-01-15T12:47:19Z</time>
      </trkpt>
      <trkpt lat="42.812901" lon="-0.442307">
        <ele>1919.561</ele>
        <time>2022-01-15T12:47:25Z</time>
      </trkpt>
      <trkpt lat="42.812923" lon="-0.442252">
        <ele>1918.421</ele>
        <time>2022-01-15T12:47:30Z</time>
      </trkpt>
      <trkpt lat="42.812935" lon="-0.442187">
        <ele>1916.813</ele>
        <time>2022-01-15T12:47:38Z</time>
      </trkpt>
      <trkpt lat="42.812937" lon="-0.442124">
        <ele>1915.208</ele>
        <time>2022-01-15T12:47:45Z</time>
      </trkpt>
      <trkpt lat="42.812942" lon="-0.442059">
        <ele>1912.985</ele>
        <time>2022-01-15T12:47:51Z</time>
      </trkpt>
      <trkpt lat="42.812945" lon="-0.441991">
        <ele>1911.998</ele>
        <time>2022-01-15T12:47:57Z</time>
      </trkpt>
      <trkpt lat="42.812942" lon="-0.441926">
        <ele>1910.644</ele>
        <time>2022-01-15T12:48:03Z</time>
      </trkpt>
      <trkpt lat="42.812935" lon="-0.441854">
        <ele>1909.486</ele>
        <time>2022-01-15T12:48:08Z</time>
      </trkpt>
      <trkpt lat="42.812942" lon="-0.441792">
        <ele>1908.677</ele>
        <time>2022-01-15T12:48:12Z</time>
      </trkpt>
      <trkpt lat="42.812919" lon="-0.441729">
        <ele>1907.531</ele>
        <time>2022-01-15T12:48:17Z</time>
      </trkpt>
      <trkpt lat="42.812921" lon="-0.441657">
        <ele>1903.729</ele>
        <time>2022-01-15T12:48:25Z</time>
      </trkpt>
      <trkpt lat="42.812913" lon="-0.441595">
        <ele>1902.554</ele>
        <time>2022-01-15T12:48:30Z</time>
      </trkpt>
      <trkpt lat="42.812906" lon="-0.441533">
        <ele>1901.341</ele>
        <time>2022-01-15T12:48:34Z</time>
      </trkpt>
      <trkpt lat="42.812911" lon="-0.441470">
        <ele>1899.981</ele>
        <time>2022-01-15T12:48:38Z</time>
      </trkpt>
      <trkpt lat="42.812918" lon="-0.441407">
        <ele>1899.009</ele>
        <time>2022-01-15T12:48:43Z</time>
      </trkpt>
      <trkpt lat="42.812915" lon="-0.441345">
        <ele>1898.108</ele>
        <time>2022-01-15T12:48:48Z</time>
      </trkpt>
      <trkpt lat="42.812903" lon="-0.441278">
        <ele>1896.553</ele>
        <time>2022-01-15T12:48:53Z</time>
      </trkpt>
      <trkpt lat="42.812906" lon="-0.441201">
        <ele>1896.136</ele>
        <time>2022-01-15T12:48:58Z</time>
      </trkpt>
      <trkpt lat="42.812886" lon="-0.441139">
        <ele>1894.252</ele>
        <time>2022-01-15T12:49:05Z</time>
      </trkpt>
      <trkpt lat="42.812908" lon="-0.441069">
        <ele>1892.624</ele>
        <time>2022-01-15T12:49:10Z</time>
      </trkpt>
      <trkpt lat="42.812918" lon="-0.441002">
        <ele>1891.835</ele>
        <time>2022-01-15T12:49:15Z</time>
      </trkpt>
      <trkpt lat="42.812911" lon="-0.440940">
        <ele>1889.289</ele>
        <time>2022-01-15T12:49:20Z</time>
      </trkpt>
      <trkpt lat="42.812879" lon="-0.440888">
        <ele>1887.327</ele>
        <time>2022-01-15T12:49:24Z</time>
      </trkpt>
      <trkpt lat="42.812869" lon="-0.440826">
        <ele>1885.592</ele>
        <time>2022-01-15T12:49:28Z</time>
      </trkpt>
      <trkpt lat="42.812874" lon="-0.440756">
        <ele>1885.393</ele>
        <time>2022-01-15T12:49:33Z</time>
      </trkpt>
      <trkpt lat="42.812871" lon="-0.440693">
        <ele>1885.565</ele>
        <time>2022-01-15T12:49:37Z</time>
      </trkpt>
      <trkpt lat="42.812869" lon="-0.440630">
        <ele>1886.021</ele>
        <time>2022-01-15T12:49:41Z</time>
      </trkpt>
      <trkpt lat="42.812872" lon="-0.440568">
        <ele>1885.308</ele>
        <time>2022-01-15T12:49:45Z</time>
      </trkpt>
      <trkpt lat="42.812865" lon="-0.440503">
        <ele>1884.768</ele>
        <time>2022-01-15T12:49:50Z</time>
      </trkpt>
      <trkpt lat="42.812877" lon="-0.440435">
        <ele>1883.951</ele>
        <time>2022-01-15T12:49:57Z</time>
      </trkpt>
      <trkpt lat="42.812880" lon="-0.440357">
        <ele>1882.757</ele>
        <time>2022-01-15T12:50:03Z</time>
      </trkpt>
      <trkpt lat="42.812890" lon="-0.440282">
        <ele>1881.849</ele>
        <time>2022-01-15T12:50:07Z</time>
      </trkpt>
      <trkpt lat="42.812892" lon="-0.440217">
        <ele>1880.730</ele>
        <time>2022-01-15T12:50:12Z</time>
      </trkpt>
      <trkpt lat="42.812892" lon="-0.440144">
        <ele>1877.864</ele>
        <time>2022-01-15T12:50:19Z</time>
      </trkpt>
      <trkpt lat="42.812907" lon="-0.440072">
        <ele>1876.752</ele>
        <time>2022-01-15T12:50:25Z</time>
      </trkpt>
      <trkpt lat="42.812909" lon="-0.439999">
        <ele>1876.277</ele>
        <time>2022-01-15T12:50:32Z</time>
      </trkpt>
      <trkpt lat="42.812899" lon="-0.439934">
        <ele>1876.076</ele>
        <time>2022-01-15T12:50:36Z</time>
      </trkpt>
      <trkpt lat="42.812896" lon="-0.439864">
        <ele>1874.390</ele>
        <time>2022-01-15T12:50:41Z</time>
      </trkpt>
      <trkpt lat="42.812914" lon="-0.439801">
        <ele>1871.519</ele>
        <time>2022-01-15T12:50:47Z</time>
      </trkpt>
      <trkpt lat="42.812926" lon="-0.439734">
        <ele>1870.208</ele>
        <time>2022-01-15T12:50:52Z</time>
      </trkpt>
      <trkpt lat="42.812928" lon="-0.439659">
        <ele>1869.736</ele>
        <time>2022-01-15T12:50:57Z</time>
      </trkpt>
      <trkpt lat="42.812931" lon="-0.439591">
        <ele>1868.849</ele>
        <time>2022-01-15T12:51:02Z</time>
      </trkpt>
      <trkpt lat="42.812949" lon="-0.439524">
        <ele>1869.135</ele>
        <time>2022-01-15T12:51:06Z</time>
      </trkpt>
      <trkpt lat="42.812966" lon="-0.439461">
        <ele>1869.717</ele>
        <time>2022-01-15T12:51:11Z</time>
      </trkpt>
      <trkpt lat="42.812979" lon="-0.439389">
        <ele>1868.788</ele>
        <time>2022-01-15T12:51:15Z</time>
      </trkpt>
      <trkpt lat="42.812991" lon="-0.439329">
        <ele>1868.072</ele>
        <time>2022-01-15T12:51:19Z</time>
      </trkpt>
      <trkpt lat="42.812988" lon="-0.439267">
        <ele>1867.850</ele>
        <time>2022-01-15T12:51:24Z</time>
      </trkpt>
      <trkpt lat="42.812988" lon="-0.439199">
        <ele>1867.945</ele>
        <time>2022-01-15T12:51:29Z</time>
      </trkpt>
      <trkpt lat="42.812985" lon="-0.439119">
        <ele>1867.554</ele>
        <time>2022-01-15T12:51:35Z</time>
      </trkpt>
      <trkpt lat="42.812990" lon="-0.439042">
        <ele>1867.056</ele>
        <time>2022-01-15T12:51:39Z</time>
      </trkpt>
      <trkpt lat="42.812983" lon="-0.438975">
        <ele>1866.811</ele>
        <time>2022-01-15T12:51:43Z</time>
      </trkpt>
      <trkpt lat="42.812986" lon="-0.438912">
        <ele>1867.008</ele>
        <time>2022-01-15T12:51:47Z</time>
      </trkpt>
      <trkpt lat="42.812999" lon="-0.438844">
        <ele>1867.444</ele>
        <time>2022-01-15T12:51:53Z</time>
      </trkpt>
      <trkpt lat="42.812999" lon="-0.438767">
        <ele>1866.777</ele>
        <time>2022-01-15T12:51:57Z</time>
      </trkpt>
      <trkpt lat="42.813009" lon="-0.438704">
        <ele>1866.363</ele>
        <time>2022-01-15T12:52:01Z</time>
      </trkpt>
      <trkpt lat="42.813011" lon="-0.438632">
        <ele>1866.055</ele>
        <time>2022-01-15T12:52:06Z</time>
      </trkpt>
      <trkpt lat="42.813019" lon="-0.438565">
        <ele>1866.536</ele>
        <time>2022-01-15T12:52:11Z</time>
      </trkpt>
      <trkpt lat="42.813021" lon="-0.438497">
        <ele>1868.340</ele>
        <time>2022-01-15T12:52:16Z</time>
      </trkpt>
      <trkpt lat="42.813021" lon="-0.438434">
        <ele>1868.658</ele>
        <time>2022-01-15T12:52:20Z</time>
      </trkpt>
      <trkpt lat="42.813018" lon="-0.438361">
        <ele>1867.513</ele>
        <time>2022-01-15T12:52:25Z</time>
      </trkpt>
      <trkpt lat="42.813008" lon="-0.438296">
        <ele>1866.532</ele>
        <time>2022-01-15T12:52:30Z</time>
      </trkpt>
      <trkpt lat="42.812986" lon="-0.438236">
        <ele>1865.792</ele>
        <time>2022-01-15T12:52:35Z</time>
      </trkpt>
      <trkpt lat="42.812979" lon="-0.438166">
        <ele>1864.011</ele>
        <time>2022-01-15T12:52:41Z</time>
      </trkpt>
      <trkpt lat="42.812982" lon="-0.438104">
        <ele>1862.708</ele>
        <time>2022-01-15T12:52:47Z</time>
      </trkpt>
      <trkpt lat="42.812980" lon="-0.438039">
        <ele>1861.552</ele>
        <time>2022-01-15T12:52:51Z</time>
      </trkpt>
      <trkpt lat="42.812985" lon="-0.437967">
        <ele>1860.975</ele>
        <time>2022-01-15T12:52:56Z</time>
      </trkpt>
      <trkpt lat="42.813007" lon="-0.437910">
        <ele>1860.211</ele>
        <time>2022-01-15T12:53:01Z</time>
      </trkpt>
      <trkpt lat="42.813032" lon="-0.437840">
        <ele>1858.643</ele>
        <time>2022-01-15T12:53:07Z</time>
      </trkpt>
      <trkpt lat="42.813062" lon="-0.437787">
        <ele>1857.574</ele>
        <time>2022-01-15T12:53:13Z</time>
      </trkpt>
      <trkpt lat="42.813079" lon="-0.437725">
        <ele>1857.698</ele>
        <time>2022-01-15T12:53:18Z</time>
      </trkpt>
      <trkpt lat="42.813082" lon="-0.437658">
        <ele>1856.526</ele>
        <time>2022-01-15T12:53:23Z</time>
      </trkpt>
      <trkpt lat="42.813087" lon="-0.437596">
        <ele>1854.491</ele>
        <time>2022-01-15T12:53:29Z</time>
      </trkpt>
      <trkpt lat="42.813092" lon="-0.437531">
        <ele>1852.868</ele>
        <time>2022-01-15T12:53:34Z</time>
      </trkpt>
      <trkpt lat="42.813087" lon="-0.437464">
        <ele>1851.642</ele>
        <time>2022-01-15T12:53:40Z</time>
      </trkpt>
      <trkpt lat="42.813072" lon="-0.437401">
        <ele>1851.026</ele>
        <time>2022-01-15T12:53:43Z</time>
      </trkpt>
      <trkpt lat="42.813077" lon="-0.437338">
        <ele>1851.008</ele>
        <time>2022-01-15T12:53:48Z</time>
      </trkpt>
      <trkpt lat="42.813059" lon="-0.437270">
        <ele>1851.275</ele>
        <time>2022-01-15T12:53:53Z</time>
      </trkpt>
      <trkpt lat="42.813067" lon="-0.437208">
        <ele>1850.318</ele>
        <time>2022-01-15T12:53:58Z</time>
      </trkpt>
      <trkpt lat="42.813084" lon="-0.437150">
        <ele>1850.034</ele>
        <time>2022-01-15T12:54:03Z</time>
      </trkpt>
      <trkpt lat="42.813089" lon="-0.437075">
        <ele>1850.246</ele>
        <time>2022-01-15T12:54:08Z</time>
      </trkpt>
      <trkpt lat="42.813071" lon="-0.437017">
        <ele>1850.027</ele>
        <time>2022-01-15T12:54:12Z</time>
      </trkpt>
      <trkpt lat="42.813086" lon="-0.436957">
        <ele>1849.571</ele>
        <time>2022-01-15T12:54:16Z</time>
      </trkpt>
      <trkpt lat="42.813088" lon="-0.436874">
        <ele>1848.679</ele>
        <time>2022-01-15T12:54:23Z</time>
      </trkpt>
      <trkpt lat="42.813081" lon="-0.436807">
        <ele>1846.814</ele>
        <time>2022-01-15T12:54:28Z</time>
      </trkpt>
      <trkpt lat="42.813059" lon="-0.436745">
        <ele>1846.069</ele>
        <time>2022-01-15T12:54:33Z</time>
      </trkpt>
      <trkpt lat="42.813032" lon="-0.436692">
        <ele>1845.404</ele>
        <time>2022-01-15T12:54:37Z</time>
      </trkpt>
      <trkpt lat="42.812994" lon="-0.436639">
        <ele>1845.624</ele>
        <time>2022-01-15T12:54:42Z</time>
      </trkpt>
      <trkpt lat="42.812967" lon="-0.436581">
        <ele>1844.308</ele>
        <time>2022-01-15T12:54:47Z</time>
      </trkpt>
      <trkpt lat="42.812942" lon="-0.436526">
        <ele>1844.455</ele>
        <time>2022-01-15T12:54:53Z</time>
      </trkpt>
      <trkpt lat="42.812949" lon="-0.436458">
        <ele>1844.048</ele>
        <time>2022-01-15T12:54:58Z</time>
      </trkpt>
      <trkpt lat="42.812954" lon="-0.436391">
        <ele>1843.524</ele>
        <time>2022-01-15T12:55:02Z</time>
      </trkpt>
      <trkpt lat="42.812949" lon="-0.436329">
        <ele>1842.696</ele>
        <time>2022-01-15T12:55:06Z</time>
      </trkpt>
      <trkpt lat="42.812946" lon="-0.436267">
        <ele>1842.187</ele>
        <time>2022-01-15T12:55:10Z</time>
      </trkpt>
      <trkpt lat="42.812941" lon="-0.436202">
        <ele>1841.091</ele>
        <time>2022-01-15T12:55:16Z</time>
      </trkpt>
      <trkpt lat="42.812931" lon="-0.436132">
        <ele>1840.759</ele>
        <time>2022-01-15T12:55:20Z</time>
      </trkpt>
      <trkpt lat="42.812929" lon="-0.436065">
        <ele>1840.274</ele>
        <time>2022-01-15T12:55:25Z</time>
      </trkpt>
      <trkpt lat="42.812907" lon="-0.435998">
        <ele>1840.949</ele>
        <time>2022-01-15T12:55:29Z</time>
      </trkpt>
      <trkpt lat="42.812900" lon="-0.435933">
        <ele>1840.702</ele>
        <time>2022-01-15T12:55:34Z</time>
      </trkpt>
      <trkpt lat="42.812882" lon="-0.435865">
        <ele>1840.322</ele>
        <time>2022-01-15T12:55:37Z</time>
      </trkpt>
      <trkpt lat="42.812877" lon="-0.435793">
        <ele>1839.408</ele>
        <time>2022-01-15T12:55:43Z</time>
      </trkpt>
      <trkpt lat="42.812849" lon="-0.435745">
        <ele>1838.333</ele>
        <time>2022-01-15T12:55:48Z</time>
      </trkpt>
      <trkpt lat="42.812824" lon="-0.435675">
        <ele>1836.686</ele>
        <time>2022-01-15T12:55:52Z</time>
      </trkpt>
      <trkpt lat="42.812822" lon="-0.435600">
        <ele>1835.512</ele>
        <time>2022-01-15T12:55:58Z</time>
      </trkpt>
      <trkpt lat="42.812822" lon="-0.435532">
        <ele>1834.064</ele>
        <time>2022-01-15T12:56:04Z</time>
      </trkpt>
      <trkpt lat="42.812799" lon="-0.435474">
        <ele>1831.625</ele>
        <time>2022-01-15T12:56:07Z</time>
      </trkpt>
      <trkpt lat="42.812776" lon="-0.435409">
        <ele>1830.479</ele>
        <time>2022-01-15T12:56:11Z</time>
      </trkpt>
      <trkpt lat="42.812746" lon="-0.435351">
        <ele>1828.597</ele>
        <time>2022-01-15T12:56:15Z</time>
      </trkpt>
      <trkpt lat="42.812734" lon="-0.435291">
        <ele>1827.492</ele>
        <time>2022-01-15T12:56:28Z</time>
      </trkpt>
      <trkpt lat="42.812731" lon="-0.435226">
        <ele>1825.933</ele>
        <time>2022-01-15T12:56:32Z</time>
      </trkpt>
      <trkpt lat="42.812718" lon="-0.435166">
        <ele>1825.723</ele>
        <time>2022-01-15T12:56:36Z</time>
      </trkpt>
      <trkpt lat="42.812701" lon="-0.435103">
        <ele>1825.515</ele>
        <time>2022-01-15T12:56:40Z</time>
      </trkpt>
      <trkpt lat="42.812699" lon="-0.435038">
        <ele>1824.508</ele>
        <time>2022-01-15T12:56:44Z</time>
      </trkpt>
      <trkpt lat="42.812694" lon="-0.434963">
        <ele>1822.912</ele>
        <time>2022-01-15T12:56:48Z</time>
      </trkpt>
      <trkpt lat="42.812696" lon="-0.434890">
        <ele>1822.795</ele>
        <time>2022-01-15T12:56:54Z</time>
      </trkpt>
      <trkpt lat="42.812691" lon="-0.434813">
        <ele>1821.511</ele>
        <time>2022-01-15T12:57:00Z</time>
      </trkpt>
      <trkpt lat="42.812678" lon="-0.434738">
        <ele>1821.363</ele>
        <time>2022-01-15T12:57:07Z</time>
      </trkpt>
      <trkpt lat="42.812641" lon="-0.434676">
        <ele>1821.564</ele>
        <time>2022-01-15T12:57:12Z</time>
      </trkpt>
      <trkpt lat="42.812614" lon="-0.434621">
        <ele>1821.498</ele>
        <time>2022-01-15T12:57:17Z</time>
      </trkpt>
      <trkpt lat="42.812587" lon="-0.434569">
        <ele>1818.976</ele>
        <time>2022-01-15T12:57:22Z</time>
      </trkpt>
      <trkpt lat="42.812574" lon="-0.434507">
        <ele>1817.171</ele>
        <time>2022-01-15T12:57:26Z</time>
      </trkpt>
      <trkpt lat="42.812557" lon="-0.434432">
        <ele>1815.576</ele>
        <time>2022-01-15T12:57:32Z</time>
      </trkpt>
      <trkpt lat="42.812572" lon="-0.434367">
        <ele>1815.690</ele>
        <time>2022-01-15T12:57:38Z</time>
      </trkpt>
      <trkpt lat="42.812567" lon="-0.434292">
        <ele>1814.719</ele>
        <time>2022-01-15T12:57:42Z</time>
      </trkpt>
      <trkpt lat="42.812555" lon="-0.434229">
        <ele>1814.508</ele>
        <time>2022-01-15T12:57:46Z</time>
      </trkpt>
      <trkpt lat="42.812533" lon="-0.434171">
        <ele>1811.256</ele>
        <time>2022-01-15T12:57:51Z</time>
      </trkpt>
      <trkpt lat="42.812528" lon="-0.434108">
        <ele>1808.639</ele>
        <time>2022-01-15T12:57:57Z</time>
      </trkpt>
      <trkpt lat="42.812513" lon="-0.434040">
        <ele>1809.385</ele>
        <time>2022-01-15T12:58:00Z</time>
      </trkpt>
      <trkpt lat="42.812506" lon="-0.433963">
        <ele>1811.527</ele>
        <time>2022-01-15T12:58:04Z</time>
      </trkpt>
      <trkpt lat="42.812498" lon="-0.433890">
        <ele>1813.528</ele>
        <time>2022-01-15T12:58:09Z</time>
      </trkpt>
      <trkpt lat="42.812493" lon="-0.433818">
        <ele>1814.462</ele>
        <time>2022-01-15T12:58:12Z</time>
      </trkpt>
      <trkpt lat="42.812473" lon="-0.433760">
        <ele>1814.240</ele>
        <time>2022-01-15T12:58:16Z</time>
      </trkpt>
      <trkpt lat="42.812460" lon="-0.433700">
        <ele>1813.645</ele>
        <time>2022-01-15T12:58:21Z</time>
      </trkpt>
      <trkpt lat="42.812438" lon="-0.433623">
        <ele>1813.851</ele>
        <time>2022-01-15T12:58:25Z</time>
      </trkpt>
      <trkpt lat="42.812433" lon="-0.433546">
        <ele>1813.501</ele>
        <time>2022-01-15T12:58:31Z</time>
      </trkpt>
      <trkpt lat="42.812415" lon="-0.433486">
        <ele>1811.711</ele>
        <time>2022-01-15T12:58:35Z</time>
      </trkpt>
      <trkpt lat="42.812403" lon="-0.433418">
        <ele>1810.608</ele>
        <time>2022-01-15T12:58:40Z</time>
      </trkpt>
      <trkpt lat="42.812403" lon="-0.433350">
        <ele>1809.684</ele>
        <time>2022-01-15T12:58:45Z</time>
      </trkpt>
      <trkpt lat="42.812381" lon="-0.433285">
        <ele>1808.997</ele>
        <time>2022-01-15T12:58:49Z</time>
      </trkpt>
      <trkpt lat="42.812371" lon="-0.433208">
        <ele>1808.383</ele>
        <time>2022-01-15T12:58:53Z</time>
      </trkpt>
      <trkpt lat="42.812364" lon="-0.433146">
        <ele>1808.195</ele>
        <time>2022-01-15T12:58:58Z</time>
      </trkpt>
      <trkpt lat="42.812339" lon="-0.433094">
        <ele>1807.876</ele>
        <time>2022-01-15T12:59:07Z</time>
      </trkpt>
      <trkpt lat="42.812311" lon="-0.433037">
        <ele>1802.650</ele>
        <time>2022-01-15T13:01:05Z</time>
      </trkpt>
      <trkpt lat="42.812323" lon="-0.432960">
        <ele>1804.068</ele>
        <time>2022-01-15T13:01:11Z</time>
      </trkpt>
      <trkpt lat="42.812310" lon="-0.432883">
        <ele>1803.583</ele>
        <time>2022-01-15T13:01:16Z</time>
      </trkpt>
      <trkpt lat="42.812305" lon="-0.432815">
        <ele>1802.663</ele>
        <time>2022-01-15T13:01:20Z</time>
      </trkpt>
      <trkpt lat="42.812282" lon="-0.432752">
        <ele>1801.844</ele>
        <time>2022-01-15T13:01:25Z</time>
      </trkpt>
      <trkpt lat="42.812272" lon="-0.432682">
        <ele>1800.318</ele>
        <time>2022-01-15T13:01:29Z</time>
      </trkpt>
      <trkpt lat="42.812249" lon="-0.432612">
        <ele>1799.008</ele>
        <time>2022-01-15T13:01:33Z</time>
      </trkpt>
      <trkpt lat="42.812231" lon="-0.432542">
        <ele>1798.915</ele>
        <time>2022-01-15T13:01:37Z</time>
      </trkpt>
      <trkpt lat="42.812218" lon="-0.432472">
        <ele>1798.278</ele>
        <time>2022-01-15T13:01:41Z</time>
      </trkpt>
      <trkpt lat="42.812205" lon="-0.432409">
        <ele>1797.424</ele>
        <time>2022-01-15T13:01:45Z</time>
      </trkpt>
      <trkpt lat="42.812202" lon="-0.432332">
        <ele>1796.546</ele>
        <time>2022-01-15T13:01:50Z</time>
      </trkpt>
      <trkpt lat="42.812182" lon="-0.432255">
        <ele>1795.537</ele>
        <time>2022-01-15T13:01:54Z</time>
      </trkpt>
      <trkpt lat="42.812182" lon="-0.432187">
        <ele>1795.541</ele>
        <time>2022-01-15T13:01:58Z</time>
      </trkpt>
      <trkpt lat="42.812182" lon="-0.432120">
        <ele>1795.199</ele>
        <time>2022-01-15T13:02:02Z</time>
      </trkpt>
      <trkpt lat="42.812185" lon="-0.432040">
        <ele>1794.744</ele>
        <time>2022-01-15T13:02:07Z</time>
      </trkpt>
      <trkpt lat="42.812172" lon="-0.431978">
        <ele>1793.317</ele>
        <time>2022-01-15T13:02:11Z</time>
      </trkpt>
      <trkpt lat="42.812154" lon="-0.431921">
        <ele>1791.587</ele>
        <time>2022-01-15T13:02:15Z</time>
      </trkpt>
      <trkpt lat="42.812141" lon="-0.431856">
        <ele>1787.715</ele>
        <time>2022-01-15T13:02:21Z</time>
      </trkpt>
      <trkpt lat="42.812131" lon="-0.431794">
        <ele>1786.008</ele>
        <time>2022-01-15T13:02:26Z</time>
      </trkpt>
      <trkpt lat="42.812114" lon="-0.431729">
        <ele>1785.170</ele>
        <time>2022-01-15T13:02:30Z</time>
      </trkpt>
      <trkpt lat="42.812086" lon="-0.431672">
        <ele>1783.323</ele>
        <time>2022-01-15T13:02:35Z</time>
      </trkpt>
      <trkpt lat="42.812061" lon="-0.431602">
        <ele>1781.619</ele>
        <time>2022-01-15T13:02:41Z</time>
      </trkpt>
      <trkpt lat="42.812048" lon="-0.431534">
        <ele>1780.581</ele>
        <time>2022-01-15T13:02:45Z</time>
      </trkpt>
      <trkpt lat="42.812048" lon="-0.431461">
        <ele>1779.692</ele>
        <time>2022-01-15T13:02:49Z</time>
      </trkpt>
      <trkpt lat="42.812046" lon="-0.431386">
        <ele>1779.316</ele>
        <time>2022-01-15T13:02:53Z</time>
      </trkpt>
      <trkpt lat="42.812049" lon="-0.431311">
        <ele>1778.644</ele>
        <time>2022-01-15T13:02:58Z</time>
      </trkpt>
      <trkpt lat="42.812049" lon="-0.431239">
        <ele>1778.599</ele>
        <time>2022-01-15T13:03:02Z</time>
      </trkpt>
      <trkpt lat="42.812046" lon="-0.431169">
        <ele>1777.961</ele>
        <time>2022-01-15T13:03:06Z</time>
      </trkpt>
      <trkpt lat="42.812043" lon="-0.431096">
        <ele>1776.121</ele>
        <time>2022-01-15T13:03:10Z</time>
      </trkpt>
      <trkpt lat="42.812056" lon="-0.431021">
        <ele>1774.413</ele>
        <time>2022-01-15T13:03:15Z</time>
      </trkpt>
      <trkpt lat="42.812076" lon="-0.430963">
        <ele>1772.908</ele>
        <time>2022-01-15T13:03:20Z</time>
      </trkpt>
      <trkpt lat="42.812089" lon="-0.430896">
        <ele>1772.275</ele>
        <time>2022-01-15T13:03:24Z</time>
      </trkpt>
      <trkpt lat="42.812109" lon="-0.430831">
        <ele>1772.088</ele>
        <time>2022-01-15T13:03:27Z</time>
      </trkpt>
      <trkpt lat="42.812127" lon="-0.430759">
        <ele>1772.144</ele>
        <time>2022-01-15T13:03:32Z</time>
      </trkpt>
      <trkpt lat="42.812134" lon="-0.430684">
        <ele>1771.696</ele>
        <time>2022-01-15T13:03:36Z</time>
      </trkpt>
      <trkpt lat="42.812141" lon="-0.430614">
        <ele>1771.187</ele>
        <time>2022-01-15T13:03:41Z</time>
      </trkpt>
      <trkpt lat="42.812163" lon="-0.430554">
        <ele>1769.281</ele>
        <time>2022-01-15T13:03:44Z</time>
      </trkpt>
      <trkpt lat="42.812180" lon="-0.430482">
        <ele>1769.199</ele>
        <time>2022-01-15T13:03:48Z</time>
      </trkpt>
      <trkpt lat="42.812175" lon="-0.430414">
        <ele>1769.354</ele>
        <time>2022-01-15T13:03:53Z</time>
      </trkpt>
      <trkpt lat="42.812183" lon="-0.430349">
        <ele>1769.534</ele>
        <time>2022-01-15T13:03:56Z</time>
      </trkpt>
      <trkpt lat="42.812198" lon="-0.430291">
        <ele>1769.055</ele>
        <time>2022-01-15T13:03:59Z</time>
      </trkpt>
      <trkpt lat="42.812208" lon="-0.430226">
        <ele>1768.510</ele>
        <time>2022-01-15T13:04:03Z</time>
      </trkpt>
      <trkpt lat="42.812216" lon="-0.430146">
        <ele>1768.908</ele>
        <time>2022-01-15T13:04:07Z</time>
      </trkpt>
      <trkpt lat="42.812219" lon="-0.430084">
        <ele>1768.022</ele>
        <time>2022-01-15T13:04:11Z</time>
      </trkpt>
      <trkpt lat="42.812232" lon="-0.430007">
        <ele>1768.025</ele>
        <time>2022-01-15T13:04:16Z</time>
      </trkpt>
      <trkpt lat="42.812260" lon="-0.429947">
        <ele>1770.111</ele>
        <time>2022-01-15T13:04:22Z</time>
      </trkpt>
      <trkpt lat="42.812275" lon="-0.429872">
        <ele>1769.233</ele>
        <time>2022-01-15T13:04:27Z</time>
      </trkpt>
      <trkpt lat="42.812273" lon="-0.429804">
        <ele>1768.844</ele>
        <time>2022-01-15T13:04:33Z</time>
      </trkpt>
      <trkpt lat="42.812268" lon="-0.429732">
        <ele>1766.928</ele>
        <time>2022-01-15T13:04:37Z</time>
      </trkpt>
      <trkpt lat="42.812278" lon="-0.429657">
        <ele>1765.126</ele>
        <time>2022-01-15T13:04:42Z</time>
      </trkpt>
      <trkpt lat="42.812278" lon="-0.429582">
        <ele>1764.961</ele>
        <time>2022-01-15T13:04:45Z</time>
      </trkpt>
      <trkpt lat="42.812280" lon="-0.429517">
        <ele>1766.154</ele>
        <time>2022-01-15T13:04:49Z</time>
      </trkpt>
      <trkpt lat="42.812288" lon="-0.429440">
        <ele>1767.356</ele>
        <time>2022-01-15T13:04:53Z</time>
      </trkpt>
      <trkpt lat="42.812296" lon="-0.429373">
        <ele>1767.411</ele>
        <time>2022-01-15T13:04:57Z</time>
      </trkpt>
      <trkpt lat="42.812311" lon="-0.429308">
        <ele>1766.808</ele>
        <time>2022-01-15T13:05:01Z</time>
      </trkpt>
      <trkpt lat="42.812319" lon="-0.429246">
        <ele>1767.274</ele>
        <time>2022-01-15T13:05:04Z</time>
      </trkpt>
      <trkpt lat="42.812324" lon="-0.429171">
        <ele>1768.277</ele>
        <time>2022-01-15T13:05:09Z</time>
      </trkpt>
      <trkpt lat="42.812342" lon="-0.429113">
        <ele>1768.473</ele>
        <time>2022-01-15T13:05:13Z</time>
      </trkpt>
      <trkpt lat="42.812335" lon="-0.429046">
        <ele>1769.265</ele>
        <time>2022-01-15T13:05:17Z</time>
      </trkpt>
      <trkpt lat="42.812333" lon="-0.428978">
        <ele>1769.146</ele>
        <time>2022-01-15T13:05:21Z</time>
      </trkpt>
      <trkpt lat="42.812338" lon="-0.428913">
        <ele>1770.270</ele>
        <time>2022-01-15T13:05:25Z</time>
      </trkpt>
      <trkpt lat="42.812343" lon="-0.428851">
        <ele>1771.118</ele>
        <time>2022-01-15T13:05:29Z</time>
      </trkpt>
      <trkpt lat="42.812341" lon="-0.428778">
        <ele>1772.593</ele>
        <time>2022-01-15T13:05:34Z</time>
      </trkpt>
      <trkpt lat="42.812354" lon="-0.428711">
        <ele>1773.034</ele>
        <time>2022-01-15T13:05:38Z</time>
      </trkpt>
      <trkpt lat="42.812371" lon="-0.428643">
        <ele>1774.255</ele>
        <time>2022-01-15T13:05:42Z</time>
      </trkpt>
      <trkpt lat="42.812371" lon="-0.428575">
        <ele>1774.210</ele>
        <time>2022-01-15T13:05:47Z</time>
      </trkpt>
      <trkpt lat="42.812368" lon="-0.428508">
        <ele>1773.808</ele>
        <time>2022-01-15T13:05:50Z</time>
      </trkpt>
      <trkpt lat="42.812386" lon="-0.428435">
        <ele>1773.942</ele>
        <time>2022-01-15T13:05:54Z</time>
      </trkpt>
      <trkpt lat="42.812393" lon="-0.428363">
        <ele>1774.345</ele>
        <time>2022-01-15T13:05:58Z</time>
      </trkpt>
      <trkpt lat="42.812400" lon="-0.428301">
        <ele>1773.621</ele>
        <time>2022-01-15T13:06:03Z</time>
      </trkpt>
      <trkpt lat="42.812392" lon="-0.428233">
        <ele>1772.383</ele>
        <time>2022-01-15T13:06:08Z</time>
      </trkpt>
      <trkpt lat="42.812402" lon="-0.428166">
        <ele>1771.054</ele>
        <time>2022-01-15T13:06:13Z</time>
      </trkpt>
      <trkpt lat="42.812392" lon="-0.428094">
        <ele>1770.548</ele>
        <time>2022-01-15T13:06:17Z</time>
      </trkpt>
      <trkpt lat="42.812390" lon="-0.428029">
        <ele>1769.396</ele>
        <time>2022-01-15T13:06:22Z</time>
      </trkpt>
      <trkpt lat="42.812390" lon="-0.427959">
        <ele>1767.511</ele>
        <time>2022-01-15T13:06:27Z</time>
      </trkpt>
      <trkpt lat="42.812427" lon="-0.427914">
        <ele>1765.253</ele>
        <time>2022-01-15T13:06:30Z</time>
      </trkpt>
      <trkpt lat="42.812447" lon="-0.427857">
        <ele>1764.904</ele>
        <time>2022-01-15T13:06:33Z</time>
      </trkpt>
      <trkpt lat="42.812447" lon="-0.427784">
        <ele>1764.314</ele>
        <time>2022-01-15T13:06:37Z</time>
      </trkpt>
      <trkpt lat="42.812465" lon="-0.427716">
        <ele>1762.708</ele>
        <time>2022-01-15T13:06:42Z</time>
      </trkpt>
      <trkpt lat="42.812485" lon="-0.427651">
        <ele>1762.774</ele>
        <time>2022-01-15T13:06:46Z</time>
      </trkpt>
      <trkpt lat="42.812510" lon="-0.427596">
        <ele>1762.557</ele>
        <time>2022-01-15T13:06:51Z</time>
      </trkpt>
      <trkpt lat="42.812522" lon="-0.427534">
        <ele>1761.553</ele>
        <time>2022-01-15T13:06:54Z</time>
      </trkpt>
      <trkpt lat="42.812557" lon="-0.427479">
        <ele>1759.755</ele>
        <time>2022-01-15T13:06:58Z</time>
      </trkpt>
      <trkpt lat="42.812587" lon="-0.427422">
        <ele>1758.566</ele>
        <time>2022-01-15T13:07:03Z</time>
      </trkpt>
      <trkpt lat="42.812620" lon="-0.427362">
        <ele>1757.450</ele>
        <time>2022-01-15T13:07:08Z</time>
      </trkpt>
      <trkpt lat="42.812650" lon="-0.427305">
        <ele>1757.618</ele>
        <time>2022-01-15T13:07:12Z</time>
      </trkpt>
      <trkpt lat="42.812657" lon="-0.427237">
        <ele>1757.693</ele>
        <time>2022-01-15T13:07:16Z</time>
      </trkpt>
      <trkpt lat="42.812690" lon="-0.427182">
        <ele>1757.673</ele>
        <time>2022-01-15T13:07:20Z</time>
      </trkpt>
      <trkpt lat="42.812713" lon="-0.427120">
        <ele>1757.285</ele>
        <time>2022-01-15T13:07:24Z</time>
      </trkpt>
      <trkpt lat="42.812738" lon="-0.427053">
        <ele>1756.713</ele>
        <time>2022-01-15T13:07:28Z</time>
      </trkpt>
      <trkpt lat="42.812736" lon="-0.426990">
        <ele>1758.308</ele>
        <time>2022-01-15T13:07:32Z</time>
      </trkpt>
      <trkpt lat="42.812741" lon="-0.426920">
        <ele>1759.156</ele>
        <time>2022-01-15T13:07:37Z</time>
      </trkpt>
      <trkpt lat="42.812749" lon="-0.426858">
        <ele>1759.539</ele>
        <time>2022-01-15T13:07:41Z</time>
      </trkpt>
      <trkpt lat="42.812754" lon="-0.426796">
        <ele>1758.825</ele>
        <time>2022-01-15T13:07:46Z</time>
      </trkpt>
      <trkpt lat="42.812761" lon="-0.426733">
        <ele>1758.137</ele>
        <time>2022-01-15T13:07:51Z</time>
      </trkpt>
      <trkpt lat="42.812786" lon="-0.426681">
        <ele>1757.928</ele>
        <time>2022-01-15T13:07:55Z</time>
      </trkpt>
      <trkpt lat="42.812799" lon="-0.426621">
        <ele>1758.112</ele>
        <time>2022-01-15T13:07:59Z</time>
      </trkpt>
      <trkpt lat="42.812807" lon="-0.426559">
        <ele>1757.420</ele>
        <time>2022-01-15T13:08:03Z</time>
      </trkpt>
      <trkpt lat="42.812827" lon="-0.426499">
        <ele>1756.155</ele>
        <time>2022-01-15T13:08:08Z</time>
      </trkpt>
      <trkpt lat="42.812839" lon="-0.426422">
        <ele>1755.453</ele>
        <time>2022-01-15T13:08:12Z</time>
      </trkpt>
      <trkpt lat="42.812854" lon="-0.426350">
        <ele>1753.804</ele>
        <time>2022-01-15T13:08:17Z</time>
      </trkpt>
      <trkpt lat="42.812851" lon="-0.426288">
        <ele>1752.414</ele>
        <time>2022-01-15T13:08:20Z</time>
      </trkpt>
      <trkpt lat="42.812834" lon="-0.426215">
        <ele>1751.508</ele>
        <time>2022-01-15T13:08:26Z</time>
      </trkpt>
      <trkpt lat="42.812854" lon="-0.426157">
        <ele>1751.074</ele>
        <time>2022-01-15T13:08:30Z</time>
      </trkpt>
      <trkpt lat="42.812876" lon="-0.426100">
        <ele>1751.067</ele>
        <time>2022-01-15T13:08:35Z</time>
      </trkpt>
      <trkpt lat="42.812914" lon="-0.426043">
        <ele>1752.313</ele>
        <time>2022-01-15T13:08:39Z</time>
      </trkpt>
      <trkpt lat="42.812946" lon="-0.425988">
        <ele>1751.995</ele>
        <time>2022-01-15T13:08:43Z</time>
      </trkpt>
      <trkpt lat="42.812991" lon="-0.425951">
        <ele>1751.496</ele>
        <time>2022-01-15T13:08:47Z</time>
      </trkpt>
      <trkpt lat="42.813029" lon="-0.425908">
        <ele>1751.150</ele>
        <time>2022-01-15T13:08:52Z</time>
      </trkpt>
      <trkpt lat="42.813066" lon="-0.425860">
        <ele>1750.538</ele>
        <time>2022-01-15T13:08:57Z</time>
      </trkpt>
      <trkpt lat="42.813094" lon="-0.425808">
        <ele>1750.353</ele>
        <time>2022-01-15T13:09:00Z</time>
      </trkpt>
      <trkpt lat="42.813111" lon="-0.425745">
        <ele>1749.532</ele>
        <time>2022-01-15T13:09:03Z</time>
      </trkpt>
      <trkpt lat="42.813129" lon="-0.425682">
        <ele>1749.092</ele>
        <time>2022-01-15T13:09:06Z</time>
      </trkpt>
      <trkpt lat="42.813164" lon="-0.425622">
        <ele>1747.411</ele>
        <time>2022-01-15T13:09:12Z</time>
      </trkpt>
      <trkpt lat="42.813184" lon="-0.425550">
        <ele>1746.208</ele>
        <time>2022-01-15T13:09:17Z</time>
      </trkpt>
      <trkpt lat="42.813199" lon="-0.425492">
        <ele>1744.982</ele>
        <time>2022-01-15T13:09:20Z</time>
      </trkpt>
      <trkpt lat="42.813232" lon="-0.425424">
        <ele>1742.735</ele>
        <time>2022-01-15T13:09:25Z</time>
      </trkpt>
      <trkpt lat="42.813240" lon="-0.425361">
        <ele>1741.741</ele>
        <time>2022-01-15T13:09:29Z</time>
      </trkpt>
      <trkpt lat="42.813258" lon="-0.425301">
        <ele>1740.013</ele>
        <time>2022-01-15T13:09:33Z</time>
      </trkpt>
      <trkpt lat="42.813275" lon="-0.425243">
        <ele>1739.454</ele>
        <time>2022-01-15T13:09:36Z</time>
      </trkpt>
      <trkpt lat="42.813298" lon="-0.425181">
        <ele>1739.388</ele>
        <time>2022-01-15T13:09:40Z</time>
      </trkpt>
      <trkpt lat="42.813311" lon="-0.425118">
        <ele>1738.856</ele>
        <time>2022-01-15T13:09:43Z</time>
      </trkpt>
      <trkpt lat="42.813309" lon="-0.425043">
        <ele>1738.721</ele>
        <time>2022-01-15T13:09:47Z</time>
      </trkpt>
      <trkpt lat="42.813339" lon="-0.424985">
        <ele>1738.968</ele>
        <time>2022-01-15T13:09:51Z</time>
      </trkpt>
      <trkpt lat="42.813349" lon="-0.424918">
        <ele>1738.942</ele>
        <time>2022-01-15T13:09:55Z</time>
      </trkpt>
      <trkpt lat="42.813371" lon="-0.424860">
        <ele>1739.326</ele>
        <time>2022-01-15T13:09:59Z</time>
      </trkpt>
      <trkpt lat="42.813393" lon="-0.424805">
        <ele>1740.008</ele>
        <time>2022-01-15T13:10:03Z</time>
      </trkpt>
      <trkpt lat="42.813415" lon="-0.424735">
        <ele>1740.795</ele>
        <time>2022-01-15T13:10:07Z</time>
      </trkpt>
      <trkpt lat="42.813420" lon="-0.424672">
        <ele>1740.918</ele>
        <time>2022-01-15T13:10:10Z</time>
      </trkpt>
      <trkpt lat="42.813432" lon="-0.424609">
        <ele>1740.294</ele>
        <time>2022-01-15T13:10:14Z</time>
      </trkpt>
      <trkpt lat="42.813449" lon="-0.424547">
        <ele>1740.046</ele>
        <time>2022-01-15T13:10:19Z</time>
      </trkpt>
      <trkpt lat="42.813461" lon="-0.424475">
        <ele>1739.977</ele>
        <time>2022-01-15T13:10:23Z</time>
      </trkpt>
      <trkpt lat="42.813479" lon="-0.424415">
        <ele>1739.691</ele>
        <time>2022-01-15T13:10:27Z</time>
      </trkpt>
      <trkpt lat="42.813496" lon="-0.424347">
        <ele>1739.299</ele>
        <time>2022-01-15T13:10:31Z</time>
      </trkpt>
      <trkpt lat="42.813504" lon="-0.424269">
        <ele>1738.844</ele>
        <time>2022-01-15T13:10:36Z</time>
      </trkpt>
      <trkpt lat="42.813527" lon="-0.424197">
        <ele>1739.111</ele>
        <time>2022-01-15T13:10:40Z</time>
      </trkpt>
      <trkpt lat="42.813529" lon="-0.424130">
        <ele>1738.321</ele>
        <time>2022-01-15T13:10:45Z</time>
      </trkpt>
      <trkpt lat="42.813534" lon="-0.424052">
        <ele>1738.103</ele>
        <time>2022-01-15T13:10:49Z</time>
      </trkpt>
      <trkpt lat="42.813541" lon="-0.423984">
        <ele>1737.608</ele>
        <time>2022-01-15T13:10:53Z</time>
      </trkpt>
      <trkpt lat="42.813561" lon="-0.423914">
        <ele>1735.940</ele>
        <time>2022-01-15T13:10:58Z</time>
      </trkpt>
      <trkpt lat="42.813574" lon="-0.423847">
        <ele>1733.973</ele>
        <time>2022-01-15T13:11:03Z</time>
      </trkpt>
      <trkpt lat="42.813577" lon="-0.423780">
        <ele>1733.999</ele>
        <time>2022-01-15T13:11:07Z</time>
      </trkpt>
      <trkpt lat="42.813585" lon="-0.423708">
        <ele>1735.371</ele>
        <time>2022-01-15T13:11:12Z</time>
      </trkpt>
      <trkpt lat="42.813597" lon="-0.423631">
        <ele>1735.662</ele>
        <time>2022-01-15T13:11:17Z</time>
      </trkpt>
      <trkpt lat="42.813600" lon="-0.423559">
        <ele>1736.066</ele>
        <time>2022-01-15T13:11:22Z</time>
      </trkpt>
      <trkpt lat="42.813612" lon="-0.423484">
        <ele>1736.354</ele>
        <time>2022-01-15T13:11:27Z</time>
      </trkpt>
      <trkpt lat="42.813609" lon="-0.423411">
        <ele>1735.749</ele>
        <time>2022-01-15T13:11:31Z</time>
      </trkpt>
      <trkpt lat="42.813619" lon="-0.423338">
        <ele>1735.593</ele>
        <time>2022-01-15T13:11:36Z</time>
      </trkpt>
      <trkpt lat="42.813616" lon="-0.423276">
        <ele>1734.665</ele>
        <time>2022-01-15T13:11:39Z</time>
      </trkpt>
      <trkpt lat="42.813611" lon="-0.423201">
        <ele>1734.021</ele>
        <time>2022-01-15T13:11:45Z</time>
      </trkpt>
      <trkpt lat="42.813598" lon="-0.423131">
        <ele>1733.108</ele>
        <time>2022-01-15T13:11:48Z</time>
      </trkpt>
      <trkpt lat="42.813601" lon="-0.423061">
        <ele>1731.998</ele>
        <time>2022-01-15T13:11:53Z</time>
      </trkpt>
      <trkpt lat="42.813611" lon="-0.422989">
        <ele>1731.321</ele>
        <time>2022-01-15T13:11:57Z</time>
      </trkpt>
      <trkpt lat="42.813628" lon="-0.422924">
        <ele>1731.067</ele>
        <time>2022-01-15T13:12:02Z</time>
      </trkpt>
      <trkpt lat="42.813621" lon="-0.422859">
        <ele>1730.639</ele>
        <time>2022-01-15T13:12:06Z</time>
      </trkpt>
      <trkpt lat="42.813619" lon="-0.422796">
        <ele>1730.490</ele>
        <time>2022-01-15T13:12:10Z</time>
      </trkpt>
      <trkpt lat="42.813612" lon="-0.422721">
        <ele>1729.734</ele>
        <time>2022-01-15T13:12:15Z</time>
      </trkpt>
      <trkpt lat="42.813620" lon="-0.422649">
        <ele>1728.782</ele>
        <time>2022-01-15T13:12:21Z</time>
      </trkpt>
      <trkpt lat="42.813615" lon="-0.422587">
        <ele>1727.947</ele>
        <time>2022-01-15T13:12:24Z</time>
      </trkpt>
      <trkpt lat="42.813615" lon="-0.422524">
        <ele>1726.843</ele>
        <time>2022-01-15T13:12:28Z</time>
      </trkpt>
      <trkpt lat="42.813598" lon="-0.422462">
        <ele>1726.064</ele>
        <time>2022-01-15T13:12:31Z</time>
      </trkpt>
      <trkpt lat="42.813578" lon="-0.422405">
        <ele>1726.410</ele>
        <time>2022-01-15T13:12:35Z</time>
      </trkpt>
      <trkpt lat="42.813571" lon="-0.422335">
        <ele>1726.308</ele>
        <time>2022-01-15T13:12:39Z</time>
      </trkpt>
      <trkpt lat="42.813574" lon="-0.422263">
        <ele>1726.143</ele>
        <time>2022-01-15T13:12:44Z</time>
      </trkpt>
      <trkpt lat="42.813582" lon="-0.422201">
        <ele>1726.966</ele>
        <time>2022-01-15T13:12:48Z</time>
      </trkpt>
      <trkpt lat="42.813597" lon="-0.422123">
        <ele>1727.692</ele>
        <time>2022-01-15T13:12:53Z</time>
      </trkpt>
      <trkpt lat="42.813614" lon="-0.422063">
        <ele>1727.744</ele>
        <time>2022-01-15T13:12:57Z</time>
      </trkpt>
      <trkpt lat="42.813614" lon="-0.421998">
        <ele>1728.025</ele>
        <time>2022-01-15T13:13:01Z</time>
      </trkpt>
      <trkpt lat="42.813612" lon="-0.421923">
        <ele>1728.079</ele>
        <time>2022-01-15T13:13:06Z</time>
      </trkpt>
      <trkpt lat="42.813629" lon="-0.421855">
        <ele>1727.657</ele>
        <time>2022-01-15T13:13:11Z</time>
      </trkpt>
      <trkpt lat="42.813631" lon="-0.421780">
        <ele>1726.042</ele>
        <time>2022-01-15T13:13:16Z</time>
      </trkpt>
      <trkpt lat="42.813656" lon="-0.421710">
        <ele>1727.733</ele>
        <time>2022-01-15T13:13:21Z</time>
      </trkpt>
      <trkpt lat="42.813668" lon="-0.421645">
        <ele>1728.623</ele>
        <time>2022-01-15T13:13:26Z</time>
      </trkpt>
      <trkpt lat="42.813666" lon="-0.421572">
        <ele>1728.515</ele>
        <time>2022-01-15T13:13:31Z</time>
      </trkpt>
      <trkpt lat="42.813673" lon="-0.421502">
        <ele>1727.008</ele>
        <time>2022-01-15T13:13:35Z</time>
      </trkpt>
      <trkpt lat="42.813671" lon="-0.421439">
        <ele>1725.582</ele>
        <time>2022-01-15T13:13:40Z</time>
      </trkpt>
      <trkpt lat="42.813686" lon="-0.421377">
        <ele>1724.175</ele>
        <time>2022-01-15T13:13:45Z</time>
      </trkpt>
      <trkpt lat="42.813744" lon="-0.421360">
        <ele>1723.461</ele>
        <time>2022-01-15T13:13:49Z</time>
      </trkpt>
      <trkpt lat="42.813802" lon="-0.421352">
        <ele>1722.493</ele>
        <time>2022-01-15T13:13:54Z</time>
      </trkpt>
      <trkpt lat="42.813850" lon="-0.421340">
        <ele>1722.144</ele>
        <time>2022-01-15T13:13:59Z</time>
      </trkpt>
      <trkpt lat="42.813895" lon="-0.421302">
        <ele>1720.848</ele>
        <time>2022-01-15T13:14:03Z</time>
      </trkpt>
      <trkpt lat="42.813912" lon="-0.421235">
        <ele>1720.316</ele>
        <time>2022-01-15T13:14:07Z</time>
      </trkpt>
      <trkpt lat="42.813909" lon="-0.421160">
        <ele>1718.651</ele>
        <time>2022-01-15T13:14:12Z</time>
      </trkpt>
      <trkpt lat="42.813887" lon="-0.421100">
        <ele>1719.582</ele>
        <time>2022-01-15T13:14:17Z</time>
      </trkpt>
      <trkpt lat="42.813859" lon="-0.421040">
        <ele>1721.343</ele>
        <time>2022-01-15T13:14:22Z</time>
      </trkpt>
      <trkpt lat="42.813817" lon="-0.421002">
        <ele>1720.917</ele>
        <time>2022-01-15T13:14:26Z</time>
      </trkpt>
      <trkpt lat="42.813780" lon="-0.420964">
        <ele>1721.008</ele>
        <time>2022-01-15T13:14:31Z</time>
      </trkpt>
      <trkpt lat="42.813735" lon="-0.420944">
        <ele>1720.387</ele>
        <time>2022-01-15T13:14:35Z</time>
      </trkpt>
      <trkpt lat="42.813698" lon="-0.420891">
        <ele>1719.890</ele>
        <time>2022-01-15T13:14:40Z</time>
      </trkpt>
      <trkpt lat="42.813666" lon="-0.420841">
        <ele>1720.596</ele>
        <time>2022-01-15T13:14:45Z</time>
      </trkpt>
      <trkpt lat="42.813626" lon="-0.420803">
        <ele>1721.978</ele>
        <time>2022-01-15T13:14:50Z</time>
      </trkpt>
      <trkpt lat="42.813594" lon="-0.420740">
        <ele>1722.299</ele>
        <time>2022-01-15T13:14:55Z</time>
      </trkpt>
      <trkpt lat="42.813592" lon="-0.420663">
        <ele>1721.693</ele>
        <time>2022-01-15T13:15:00Z</time>
      </trkpt>
      <trkpt lat="42.813602" lon="-0.420593">
        <ele>1720.921</ele>
        <time>2022-01-15T13:15:05Z</time>
      </trkpt>
      <trkpt lat="42.813632" lon="-0.420533">
        <ele>1719.566</ele>
        <time>2022-01-15T13:15:10Z</time>
      </trkpt>
      <trkpt lat="42.813674" lon="-0.420483">
        <ele>1718.057</ele>
        <time>2022-01-15T13:15:15Z</time>
      </trkpt>
      <trkpt lat="42.813719" lon="-0.420440">
        <ele>1717.300</ele>
        <time>2022-01-15T13:15:20Z</time>
      </trkpt>
      <trkpt lat="42.813754" lon="-0.420395">
        <ele>1716.620</ele>
        <time>2022-01-15T13:15:25Z</time>
      </trkpt>
      <trkpt lat="42.813787" lon="-0.420350">
        <ele>1716.308</ele>
        <time>2022-01-15T13:15:29Z</time>
      </trkpt>
      <trkpt lat="42.813832" lon="-0.420313">
        <ele>1715.364</ele>
        <time>2022-01-15T13:15:34Z</time>
      </trkpt>
      <trkpt lat="42.813870" lon="-0.420253">
        <ele>1716.677</ele>
        <time>2022-01-15T13:15:39Z</time>
      </trkpt>
      <trkpt lat="42.813897" lon="-0.420191">
        <ele>1717.323</ele>
        <time>2022-01-15T13:15:43Z</time>
      </trkpt>
      <trkpt lat="42.813932" lon="-0.420146">
        <ele>1717.575</ele>
        <time>2022-01-15T13:15:47Z</time>
      </trkpt>
      <trkpt lat="42.813974" lon="-0.420104">
        <ele>1716.876</ele>
        <time>2022-01-15T13:15:52Z</time>
      </trkpt>
      <trkpt lat="42.814001" lon="-0.420041">
        <ele>1716.110</ele>
        <time>2022-01-15T13:15:56Z</time>
      </trkpt>
      <trkpt lat="42.814026" lon="-0.419986">
        <ele>1715.898</ele>
        <time>2022-01-15T13:16:01Z</time>
      </trkpt>
      <trkpt lat="42.814059" lon="-0.419923">
        <ele>1714.683</ele>
        <time>2022-01-15T13:16:06Z</time>
      </trkpt>
      <trkpt lat="42.814082" lon="-0.419863">
        <ele>1713.856</ele>
        <time>2022-01-15T13:16:11Z</time>
      </trkpt>
      <trkpt lat="42.814105" lon="-0.419800">
        <ele>1714.359</ele>
        <time>2022-01-15T13:16:15Z</time>
      </trkpt>
      <trkpt lat="42.814138" lon="-0.419747">
        <ele>1714.314</ele>
        <time>2022-01-15T13:16:20Z</time>
      </trkpt>
      <trkpt lat="42.814170" lon="-0.419694">
        <ele>1714.908</ele>
        <time>2022-01-15T13:16:24Z</time>
      </trkpt>
      <trkpt lat="42.814198" lon="-0.419644">
        <ele>1714.674</ele>
        <time>2022-01-15T13:16:28Z</time>
      </trkpt>
      <trkpt lat="42.814221" lon="-0.419584">
        <ele>1714.027</ele>
        <time>2022-01-15T13:16:32Z</time>
      </trkpt>
      <trkpt lat="42.814239" lon="-0.419517">
        <ele>1714.343</ele>
        <time>2022-01-15T13:16:36Z</time>
      </trkpt>
      <trkpt lat="42.814256" lon="-0.419454">
        <ele>1715.855</ele>
        <time>2022-01-15T13:16:41Z</time>
      </trkpt>
      <trkpt lat="42.814254" lon="-0.419386">
        <ele>1716.596</ele>
        <time>2022-01-15T13:16:46Z</time>
      </trkpt>
      <trkpt lat="42.814262" lon="-0.419321">
        <ele>1717.930</ele>
        <time>2022-01-15T13:16:51Z</time>
      </trkpt>
      <trkpt lat="42.814272" lon="-0.419253">
        <ele>1718.548</ele>
        <time>2022-01-15T13:16:56Z</time>
      </trkpt>
      <trkpt lat="42.814304" lon="-0.419200">
        <ele>1718.213</ele>
        <time>2022-01-15T13:17:00Z</time>
      </trkpt>
      <trkpt lat="42.814324" lon="-0.419140">
        <ele>1717.912</ele>
        <time>2022-01-15T13:17:05Z</time>
      </trkpt>
      <trkpt lat="42.814317" lon="-0.419075">
        <ele>1716.832</ele>
        <time>2022-01-15T13:17:09Z</time>
      </trkpt>
      <trkpt lat="42.814330" lon="-0.419008">
        <ele>1715.705</ele>
        <time>2022-01-15T13:17:13Z</time>
      </trkpt>
      <trkpt lat="42.814318" lon="-0.418933">
        <ele>1715.108</ele>
        <time>2022-01-15T13:17:18Z</time>
      </trkpt>
      <trkpt lat="42.814328" lon="-0.418866">
        <ele>1714.680</ele>
        <time>2022-01-15T13:17:23Z</time>
      </trkpt>
      <trkpt lat="42.814335" lon="-0.418796">
        <ele>1716.243</ele>
        <time>2022-01-15T13:17:29Z</time>
      </trkpt>
      <trkpt lat="42.814335" lon="-0.418723">
        <ele>1717.319</ele>
        <time>2022-01-15T13:17:35Z</time>
      </trkpt>
      <trkpt lat="42.814360" lon="-0.418665">
        <ele>1718.051</ele>
        <time>2022-01-15T13:17:41Z</time>
      </trkpt>
      <trkpt lat="42.814380" lon="-0.418608">
        <ele>1717.722</ele>
        <time>2022-01-15T13:17:47Z</time>
      </trkpt>
      <trkpt lat="42.814422" lon="-0.418560">
        <ele>1717.426</ele>
        <time>2022-01-15T13:17:51Z</time>
      </trkpt>
      <trkpt lat="42.814464" lon="-0.418518">
        <ele>1718.424</ele>
        <time>2022-01-15T13:17:57Z</time>
      </trkpt>
      <trkpt lat="42.814497" lon="-0.418470">
        <ele>1718.899</ele>
        <time>2022-01-15T13:18:03Z</time>
      </trkpt>
      <trkpt lat="42.814512" lon="-0.418408">
        <ele>1719.853</ele>
        <time>2022-01-15T13:18:10Z</time>
      </trkpt>
      <trkpt lat="42.814530" lon="-0.418346">
        <ele>1720.204</ele>
        <time>2022-01-15T13:18:16Z</time>
      </trkpt>
      <trkpt lat="42.814568" lon="-0.418309">
        <ele>1722.014</ele>
        <time>2022-01-15T13:18:22Z</time>
      </trkpt>
      <trkpt lat="42.814610" lon="-0.418274">
        <ele>1723.708</ele>
        <time>2022-01-15T13:18:28Z</time>
      </trkpt>
      <trkpt lat="42.814640" lon="-0.418216">
        <ele>1738.214</ele>
        <time>2022-01-15T13:22:17Z</time>
      </trkpt>
      <trkpt lat="42.814652" lon="-0.418148">
        <ele>1737.817</ele>
        <time>2022-01-15T13:22:23Z</time>
      </trkpt>
      <trkpt lat="42.814609" lon="-0.418121">
        <ele>1737.313</ele>
        <time>2022-01-15T13:22:27Z</time>
      </trkpt>
      <trkpt lat="42.814564" lon="-0.418093">
        <ele>1738.395</ele>
        <time>2022-01-15T13:22:32Z</time>
      </trkpt>
      <trkpt lat="42.814516" lon="-0.418076">
        <ele>1739.176</ele>
        <time>2022-01-15T13:22:37Z</time>
      </trkpt>
      <trkpt lat="42.814471" lon="-0.418056">
        <ele>1738.930</ele>
        <time>2022-01-15T13:22:44Z</time>
      </trkpt>
    </trkseg>
  </trk></gpx>